time,seconds_elapsed,magneticBearing
1784719817924081408,0.3746151924133301,56.041805267333984
1784719817934001408,0.3845353126525879,56.073001861572266
1784719817943920384,0.3944542407989502,56.0691032409668
1784719817953840384,0.404374361038208,56.021488189697266
1784719817963760384,0.4142942428588867,55.935726165771484
1784719817973680384,0.42421436309814453,55.81418228149414
1784719817983599360,0.43413329124450684,55.63301467895508
1784719817993519616,0.44405341148376465,55.44888687133789
1784719818003439360,0.45397329330444336,55.309085845947266
1784719818013359360,0.46389317512512207,55.2542839050293
1784719818023278592,0.4738123416900635,55.34547805786133
1784719818033198336,0.4837322235107422,55.296146392822266
1784719818043118592,0.49365234375,55.195072174072266
1784719818053038336,0.5035722255706787,55.48904800415039
1784719818062957568,0.5134913921356201,55.50833511352539
1784719818072877312,0.5234112739562988,55.03665542602539
1784719818082797568,0.5333313941955566,54.42087936401367
1784719818092716544,0.543250322341919,53.8637809753418
1784719818102636288,0.5531702041625977,53.29873275756836
1784719818112556544,0.5630903244018555,52.666770935058594
1784719818122476288,0.5730102062225342,52.004737854003906
1784719818132395520,0.5829293727874756,51.336753845214844
1784719818142315264,0.5928492546081543,50.76249313354492
1784719818152235520,0.6027693748474121,50.30682373046875
1784719818162155264,0.6126892566680908,49.92310333251953
1784719818172074240,0.6226081848144531,49.62120056152344
1784719818181994496,0.6325283050537109,49.425010681152344
1784719818191914240,0.6424481868743896,49.29672622680664
1784719818201834496,0.6523683071136475,49.24698257446289
1784719818211753472,0.6622872352600098,49.324684143066406
1784719818221673472,0.6722073554992676,49.57271957397461
1784719818231593472,0.6821272373199463,49.95273971557617
1784719818241512448,0.6920464038848877,50.242576599121094
1784719818251432448,0.7019662857055664,50.90021514892578
1784719818261352448,0.7118864059448242,51.75896072387695
1784719818271272448,0.7218062877655029,52.73928451538086
1784719818281191424,0.7317252159118652,53.81542205810547
1784719818291111424,0.741645336151123,55.01774978637695
1784719818301031424,0.7515652179718018,56.383548736572266
1784719818310951424,0.7614853382110596,58.01205062866211
1784719818320870400,0.7714042663574219,59.891109466552734
1784719818330790400,0.7813243865966797,61.88737106323242
1784719818340710400,0.7912442684173584,64.1077880859375
1784719818350630400,0.8011643886566162,66.49243927001953
1784719818360549376,0.8110833168029785,69.0818099975586
1784719818370469376,0.8210031986236572,72.10034942626953
1784719818380389376,0.830923318862915,75.00718688964844
1784719818390309376,0.8408432006835938,77.94881439208984
1784719818400228608,0.8507623672485352,80.89115905761719
1784719818410148352,0.8606822490692139,83.80461883544922
1784719818420068608,0.8706023693084717,86.7037124633789
1784719818429987328,0.880521297454834,89.4908676147461
1784719818439907328,0.8904411792755127,92.11558532714844
1784719818449827328,0.9003612995147705,94.61589813232422
1784719818459747328,0.9102811813354492,97.08193969726562
1784719818469666560,0.9202003479003906,99.49539947509766
1784719818479586304,0.9301202297210693,101.88707733154297
1784719818489506560,0.9400403499603271,104.3426284790039
1784719818499426304,0.9499602317810059,106.7556381225586
1784719818509345536,0.9598793983459473,109.17264556884766
1784719818519265536,0.969799280166626,111.65266418457031
1784719818529185536,0.9797194004058838,114.1312255859375
1784719818539104512,0.9896383285522461,116.52214813232422
1784719818549024256,0.9995582103729248,118.83068084716797
1784719818558944512,1.0094783306121826,121.07820892333984
1784719818568864256,1.0193982124328613,123.33605194091797
1784719818578783488,1.0293173789978027,125.56275177001953
1784719818588703488,1.0392372608184814,127.63593292236328
1784719818598623488,1.0491573810577393,129.6005096435547
1784719818608543488,1.059077262878418,131.579345703125
1784719818618462208,1.0689961910247803,133.62059020996094
1784719818628382464,1.078916311264038,135.71629333496094
1784719818638302208,1.0888361930847168,137.88636779785156
1784719818648222464,1.0987563133239746,140.11538696289062
1784719818658141440,1.108675241470337,142.37181091308594
1784719818668061440,1.1185953617095947,144.66127014160156
1784719818677981440,1.1285152435302734,146.97195434570312
1784719818687900416,1.1384344100952148,149.35525512695312
1784719818697820416,1.1483542919158936,151.74151611328125
1784719818707740416,1.1582741737365723,154.08407592773438
1784719818717660416,1.16819429397583,156.48483276367188
1784719818727579392,1.1781132221221924,158.97052001953125
1784719818737499392,1.1880333423614502,161.5400390625
1784719818747419392,1.197953224182129,164.2019805908203
1784719818757339392,1.2078733444213867,166.92001342773438
1784719818767258368,1.217792272567749,169.6820068359375
1784719818777178624,1.2277123928070068,172.4404296875
1784719818787100160,1.2376339435577393,175.18569946289062
1784719818797020160,1.247554063796997,177.99024963378906
1784719818806939136,1.2574729919433594,180.86289978027344
1784719818816859136,1.2673931121826172,183.60275268554688
1784719818826779136,1.277312994003296,186.03811645507812
1784719818836698368,1.2872321605682373,188.0435333251953
1784719818846618112,1.297152042388916,189.512939453125
1784719818856538112,1.3070719242095947,190.53599548339844
1784719818866458112,1.3169920444488525,191.1595916748047
1784719818876377088,1.3269109725952148,191.5763702392578
1784719818886297344,1.3368310928344727,191.85023498535156
1784719818896217088,1.3467509746551514,191.93173217773438
1784719818906137344,1.3566710948944092,191.76235961914062
1784719818916056064,1.3665900230407715,191.12278747558594
1784719818925976320,1.3765101432800293,190.5508270263672
1784719818935896064,1.386430025100708,189.8641815185547
1784719818945816320,1.3963501453399658,189.14967346191406
1784719818955735296,1.4062690734863281,188.35145568847656
1784719818965655040,1.4161889553070068,187.45921325683594
1784719818975575296,1.4261090755462646,186.4711456298828
1784719818985494016,1.436028003692627,185.416259765625
1784719818995414272,1.4459481239318848,184.35914611816406
1784719819005334016,1.4558680057525635,183.2998809814453
1784719819015254272,1.4657881259918213,182.17132568359375
1784719819025173248,1.4757070541381836,180.98736572265625
1784719819035092992,1.4856269359588623,179.67872619628906
1784719819045013248,1.4955470561981201,178.2227325439453
1784719819054932992,1.5054669380187988,176.6024932861328
1784719819064852224,1.5153861045837402,174.7650909423828
1784719819074772224,1.525305986404419,172.67713928222656
1784719819084692224,1.5352261066436768,170.27879333496094
1784719819094611200,1.545145034790039,24.32546615600586
1784719819104531200,1.5550651550292969,26.418678283691406
1784719819114451200,1.5649850368499756,28.472537994384766
1784719819124371200,1.5749051570892334,30.482837677001953
1784719819134290176,1.5848240852355957,32.4791145324707
1784719819144210176,1.5947439670562744,34.45877456665039
1784719819154130176,1.6046640872955322,36.425601959228516
1784719819164050176,1.614583969116211,38.37303924560547
1784719819173969152,1.6245031356811523,40.311710357666016
1784719819183889152,1.634423017501831,42.2520866394043
1784719819193809152,1.6443431377410889,44.19103240966797
1784719819203729152,1.6542630195617676,46.078433990478516
1784719819213648128,1.6641819477081299,47.938175201416016
1784719819223568128,1.6741020679473877,49.71974182128906
1784719819233488128,1.6840219497680664,51.353118896484375
1784719819243407360,1.6939411163330078,52.91383743286133
1784719819253327104,1.7038609981536865,54.4106559753418
1784719819263247360,1.7137811183929443,55.8844108581543
1784719819273167104,1.723701000213623,57.266544342041016
1784719819283086080,1.7336199283599854,58.57695388793945
1784719819293006080,1.7435400485992432,59.73514175415039
1784719819302926080,1.7534599304199219,60.76839065551758
1784719819312846080,1.7633800506591797,61.75204086303711
1784719819322765056,1.773298978805542,62.70478439331055
1784719819332685312,1.7832190990447998,63.55147933959961
1784719819342605056,1.7931389808654785,64.3497543334961
1784719819352525312,1.8030591011047363,65.10914611816406
1784719819362444288,1.8129780292510986,65.81428527832031
1784719819372364288,1.8228981494903564,66.31180572509766
1784719819382284288,1.8328180313110352,66.5598373413086
1784719819392203008,1.8427369594573975,66.85208892822266
1784719819402123264,1.8526570796966553,67.09678649902344
1784719819412043008,1.862576961517334,67.33060455322266
1784719819421963264,1.8724970817565918,67.53102111816406
1784719819431882240,1.882416009902954,67.74122619628906
1784719819441802240,1.892336130142212,68.1233901977539
1784719819451722240,1.9022560119628906,68.53953552246094
1784719819461642240,1.9121761322021484,68.88941955566406
1784719819471561216,1.9220950603485107,69.41636657714844
1784719819481480960,1.9320149421691895,69.79205322265625
1784719819491401216,1.9419350624084473,70.29955291748047
1784719819501320960,1.951854944229126,70.80648803710938
1784719819511240192,1.9617741107940674,71.78973388671875
1784719819521160192,1.971693992614746,72.185791015625
1784719819531080192,1.981614112854004,72.55203247070312
1784719819540999168,1.9915330410003662,72.96000671386719
1784719819550919168,2.001453161239624,73.22028350830078
1784719819560839168,2.0113730430603027,73.47603607177734
1784719819570759168,2.0212929248809814,73.6934585571289
1784719819580678144,2.031212091445923,73.89198303222656
1784719819590598144,2.0411319732666016,73.73120880126953
1784719819600518144,2.0510520935058594,73.53404235839844
1784719819610438144,2.060971975326538,73.47376251220703
1784719819620357376,2.0708911418914795,73.40122985839844
1784719819630277120,2.080811023712158,73.38475036621094
1784719819640197376,2.090731143951416,73.22808074951172
1784719819650117120,2.1006510257720947,73.18563079833984
1784719819660036096,2.110569953918457,72.95747375488281
1784719819669956096,2.120490074157715,72.78417205810547
1784719819679876096,2.1304099559783936,72.57108306884766
1784719819689796096,2.1403300762176514,72.15553283691406
1784719819699715072,2.1502490043640137,71.64851379394531
1784719819709635328,2.1601691246032715,71.25682830810547
1784719819719555072,2.17008900642395,70.7941665649414
1784719819729474048,2.1800079345703125,70.3029556274414
1784719819739394304,2.1899280548095703,69.77215576171875
1784719819749314048,2.199847936630249,69.28856658935547
1784719819759234304,2.209768056869507,68.78876495361328
1784719819769153024,2.219686985015869,68.52008056640625
1784719819779073280,2.229607105255127,68.40043640136719
1784719819788993280,2.2395272254943848,68.3211669921875
1784719819798913536,2.2494473457336426,68.16667938232422
1784719819808832512,2.259366273880005,68.04208374023438
1784719819818752256,2.2692861557006836,67.93578338623047
1784719819828672512,2.2792062759399414,67.8609390258789
1784719819838592256,2.28912615776062,67.74536895751953
1784719819848511488,2.2990453243255615,67.5614242553711
1784719819858431232,2.3089652061462402,67.29161071777344
1784719819868351488,2.318885326385498,67.0643081665039
1784719819878270464,2.3288042545318604,66.86310577392578
1784719819888190208,2.338724136352539,66.64348602294922
1784719819898110464,2.348644256591797,66.49017333984375
1784719819908030208,2.3585641384124756,66.37741088867188
1784719819917949440,2.368483304977417,66.23736572265625
1784719819927869440,2.3784031867980957,66.10894012451172
1784719819937789440,2.3883233070373535,65.97417449951172
1784719819947709440,2.3982431888580322,65.84977722167969
1784719819957628416,2.4081623554229736,65.39068603515625
1784719819967548416,2.4180822372436523,65.23784637451172
1784719819977468416,2.42800235748291,65.13459777832031
1784719819987388416,2.437922239303589,65.04767608642578
1784719819997307392,2.447841167449951,64.92887115478516
1784719820007227392,2.457761287689209,64.81499481201172
1784719820017147392,2.4676811695098877,64.7420654296875
1784719820027067392,2.4776012897491455,64.66899108886719
1784719820036986368,2.487520217895508,64.60039520263672
1784719820046906368,2.4974403381347656,64.48889923095703
1784719820056826368,2.5073602199554443,64.39336395263672
1784719820066746368,2.517280340194702,64.20964050292969
1784719820076665344,2.5271992683410645,64.02371978759766
1784719820086585344,2.537119150161743,63.8734016418457
1784719820096505344,2.547039270401001,63.72117233276367
1784719820106424320,2.5569581985473633,63.65456008911133
1784719820116344576,2.566878318786621,63.72542953491211
1784719820126264320,2.5767982006073,63.86818313598633
1784719820136184576,2.5867183208465576,64.02743530273438
1784719820146103296,2.59663724899292,64.17224884033203
1784719820156023552,2.6065573692321777,64.24853515625
1784719820165943296,2.6164772510528564,64.03902435302734
1784719820175863296,2.626397132873535,64.14723205566406
1784719820185782528,2.6363162994384766,64.27444458007812
1784719820195702272,2.6462361812591553,64.43051147460938
1784719820205622528,2.656156301498413,79.26956176757812
1784719820215542272,2.666076183319092,85.28363037109375
1784719820225461504,2.675995349884033,88.5660171508789
1784719820235381248,2.685915231704712,90.7554931640625
1784719820245301504,2.6958353519439697,92.33773803710938
1784719820255221248,2.7057552337646484,93.7509765625
1784719820265140224,2.7156741619110107,94.80977630615234
1784719820275060480,2.7255942821502686,95.69140625
1784719820284980224,2.7355141639709473,96.39570617675781
1784719820294900480,2.745434284210205,97.00434112548828
1784719820304819456,2.7553532123565674,97.53209686279297
1784719820314739456,2.765273332595825,97.86153411865234
1784719820324659456,2.775193214416504,97.79235076904297
1784719820334578176,2.785112142562866,98.05795288085938
1784719820344498432,2.795032262802124,98.26580810546875
1784719820354418176,2.8049521446228027,98.49683380126953
1784719820364338432,2.8148722648620605,98.70894622802734
1784719820374257408,2.824791193008423,98.86695861816406
1784719820384177408,2.8347113132476807,99.04215240478516
1784719820394097408,2.8446311950683594,99.25006103515625
1784719820404017408,2.854551315307617,99.45379638671875
1784719820413936384,2.8644702434539795,99.65130615234375
1784719820423856384,2.8743903636932373,99.91114807128906
1784719820433776384,2.884310245513916,100.10707092285156
1784719820443696384,2.894230365753174,100.24066925048828
1784719820453615360,2.904149293899536,100.33279418945312
1784719820463535360,2.914069175720215,100.3065414428711
1784719820473455360,2.9239892959594727,100.35739135742188
1784719820483375360,2.9339091777801514,100.4427261352539
1784719820493294592,2.9438283443450928,100.52830505371094
1784719820503214336,2.9537482261657715,100.58358001708984
1784719820513134592,2.9636683464050293,100.68362426757812
1784719820523054336,2.973588228225708,100.90872955322266
1784719820532973312,2.9835071563720703,101.1694564819336
1784719820542893312,2.993427276611328,101.4615707397461
1784719820552813312,3.003347158432007,101.8003158569336
1784719820562733312,3.0132672786712646,102.11568450927734
1784719820572652288,3.023186206817627,102.45044708251953
1784719820582572544,3.0331063270568848,102.77689361572266
1784719820592492288,3.0430262088775635,103.10011291503906
1784719820602412544,3.0529463291168213,103.37777709960938
1784719820612331264,3.0628652572631836,103.61760711669922
1784719820622251264,3.0727851390838623,103.84264373779297
1784719820632171520,3.08270525932312,104.10377502441406
1784719820642091264,3.092625141143799,104.40528106689453
1784719820652010496,3.1025443077087402,104.7063217163086
1784719820661930240,3.112464189529419,105.03926086425781
1784719820671850496,3.1223843097686768,105.34188079833984
1784719820681770240,3.1323041915893555,105.61089324951172
1784719820691689472,3.142223358154297,105.87105560302734
1784719820701609472,3.1521432399749756,105.88813018798828
1784719820711529472,3.1620633602142334,106.09839630126953
1784719820721449472,3.171983242034912,106.26815032958984
1784719820731368192,3.1819021701812744,106.35749053955078
1784719820741288448,3.1918222904205322,106.43961334228516
1784719820751208192,3.201742172241211,106.52789306640625
1784719820761128448,3.2116622924804688,106.60919952392578
1784719820771047424,3.221581220626831,106.5854263305664
1784719820780967424,3.231501340866089,106.62458801269531
1784719820790884864,3.2414188385009766,106.63818359375
1784719820800804864,3.2513387203216553,106.65969848632812
1784719820810723840,3.2612576484680176,106.66771697998047
1784719820820643840,3.2711777687072754,106.68264770507812
1784719820830563840,3.281097650527954,106.72584533691406
1784719820840483840,3.291017770767212,106.79840850830078
1784719820850402816,3.300936698913574,106.89141845703125
1784719820860323072,3.310856819152832,106.96917724609375
1784719820870242816,3.3207767009735107,107.06013488769531
1784719820880162048,3.330695867538452,107.19776916503906
1784719820890081792,3.340615749359131,107.34408569335938
1784719820900002048,3.3505358695983887,107.48705291748047
1784719820909921792,3.3604557514190674,107.6431655883789
1784719820919841792,3.370375633239746,107.8182601928711
1784719820929761024,3.3802947998046875,107.9963150024414
1784719820939680768,3.390214681625366,108.16574096679688
1784719820949601024,3.400134801864624,108.3362808227539
1784719820959519744,3.4100537300109863,108.5154037475586
1784719820969440000,3.419973850250244,108.72781372070312
1784719820979359744,3.429893732070923,108.96159362792969
1784719820989280000,3.4398138523101807,109.18061065673828
1784719820999198976,3.449732780456543,109.37905883789062
1784719821009118720,3.4596526622772217,109.5653305053711
1784719821019038976,3.4695727825164795,109.78327941894531
1784719821028958720,3.479492664337158,110.06184387207031
1784719821038878976,3.489412784576416,109.97886657714844
1784719821048797952,3.4993317127227783,110.3267822265625
1784719821058717952,3.509251832962036,110.73332214355469
1784719821068637952,3.519171714782715,111.11210632324219
1784719821078557952,3.5290918350219727,111.44267272949219
1784719821088476928,3.539010763168335,111.69194793701172
1784719821098396672,3.5489306449890137,111.8077621459961
1784719821108316928,3.5588507652282715,111.85087585449219
1784719821118236672,3.56877064704895,111.90017700195312
1784719821128155904,3.5786898136138916,111.96154022216797
1784719821138075904,3.5886096954345703,112.05101013183594
1784719821147995904,3.598529815673828,112.19414520263672
1784719821157915904,3.608449697494507,112.35682678222656
1784719821167834880,3.6183688640594482,112.47608184814453
1784719821177754880,3.628288745880127,112.54135131835938
1784719821187674880,3.6382088661193848,112.51898956298828
1784719821197594880,3.6481287479400635,112.468994140625
1784719821207513856,3.658047676086426,112.43862915039062
1784719821217433856,3.6679677963256836,112.43258666992188
1784719821227353856,3.6778876781463623,112.53572082519531
1784719821237273856,3.68780779838562,112.69599914550781
1784719821247192832,3.6977267265319824,112.781982421875
1784719821257113088,3.7076468467712402,112.84386444091797
1784719821267032832,3.717566728591919,112.92548370361328
1784719821276953088,3.7274868488311768,112.91629028320312
1784719821286871808,3.737405776977539,112.89242553710938
1784719821296791808,3.7473256587982178,112.84174346923828
1784719821306711808,3.7572457790374756,112.81549072265625
1784719821316631808,3.7671656608581543,112.72694396972656
1784719821326551040,3.7770848274230957,112.65972900390625
1784719821336470784,3.7870047092437744,112.61612701416016
1784719821346391040,3.7969248294830322,112.55540466308594
1784719821356310784,3.806844711303711,112.50255584716797
1784719821366231040,3.8167648315429688,112.4381332397461
1784719821376150016,3.826683759689331,112.36949157714844
1784719821386069760,3.8366036415100098,112.31916809082031
1784719821395990016,3.8465237617492676,112.29100799560547
1784719821405909760,3.8564436435699463,112.25851440429688
1784719821415828992,3.8663628101348877,112.16687774658203
1784719821425748736,3.8762826919555664,112.16751861572266
1784719821435668992,3.886202812194824,112.15351867675781
1784719821445588736,3.896122694015503,112.13079071044922
1784719821455507968,3.9060418605804443,112.09305572509766
1784719821465427968,3.915961742401123,111.8171157836914
1784719821475347968,3.925881862640381,111.83565521240234
1784719821485267968,3.9358017444610596,111.86347961425781
1784719821495186688,3.945720672607422,111.89089965820312
1784719821505106944,3.9556407928466797,111.92810821533203
1784719821515026688,3.9655606746673584,111.96041870117188
1784719821524946944,3.975480794906616,111.98995208740234
1784719821534865920,3.9853997230529785,112.03137969970703
1784719821544785920,3.9953198432922363,112.04589080810547
1784719821554705920,4.005239725112915,112.06204986572266
1784719821564625920,4.015159845352173,112.08943939208984
1784719821574545920,4.025079727172852,112.12398529052734
1784719821584464896,4.034998655319214,112.13240051269531
1784719821594384896,4.044918775558472,112.13929748535156
1784719821604304896,4.05483865737915,112.14368438720703
1784719821614224896,4.064758777618408,112.17036437988281
1784719821624143872,4.0746777057647705,112.22105407714844
1784719821634063872,4.084597826004028,112.27964782714844
1784719821643983872,4.094517707824707,112.38362884521484
1784719821653903872,4.104437828063965,112.54464721679688
1784719821663822848,4.114356756210327,112.75554656982422
1784719821673742848,4.124276638031006,112.99363708496094
1784719821683662848,4.134196758270264,113.24021911621094
1784719821693582848,4.144116640090942,113.48416137695312
1784719821703501824,4.154035806655884,113.73212432861328
1784719821713421824,4.1639556884765625,113.97367095947266
1784719821723341824,4.17387580871582,114.24407958984375
1784719821733261824,4.183795690536499,114.50003051757812
1784719821743181824,4.193715810775757,114.76739501953125
1784719821753100800,4.203634738922119,115.0722885131836
1784719821763021056,4.213554859161377,115.43011474609375
1784719821772940800,4.223474740982056,115.79036712646484
1784719821782861056,4.2333948612213135,116.13883972167969
1784719821792781056,4.243314981460571,116.46409606933594
1784719821802701312,4.253235101699829,116.7787857055664
1784719821812621056,4.263154983520508,117.07896423339844
1784719821822541312,4.273075103759766,117.17024230957031
1784719821832460288,4.282994031906128,117.48848724365234
1784719821842380032,4.292913913726807,117.83818054199219
1784719821852300288,4.3028340339660645,118.20198822021484
1784719821862220032,4.312753915786743,118.54337310791016
1784719821872140288,4.322674036026001,118.84642791748047
1784719821882059008,4.332592964172363,119.1084213256836
1784719821891979264,4.342513084411621,119.31902313232422
1784719821901899008,4.3524329662323,119.4757308959961
1784719821911819264,4.362353086471558,119.57335662841797
1784719821921738240,4.37227201461792,119.62300872802734
1784719821931657984,4.382191896438599,119.6164779663086
1784719821941578240,4.3921120166778564,119.5664291381836
1784719821951497984,4.402031898498535,119.46276092529297
1784719821961418240,4.411952018737793,119.32003021240234
1784719821971336960,4.421870946884155,119.14347076416016
1784719821981257216,4.431791067123413,118.92996978759766
1784719821991176960,4.441710948944092,118.62557220458984
1784719822001097216,4.45163106918335,118.2787094116211
1784719822011016192,4.461549997329712,117.9479751586914
1784719822020936192,4.47147011756897,117.67443084716797
1784719822030856192,4.481389999389648,117.43370819091797
1784719822040776192,4.491310119628906,117.34571075439453
1784719822050695168,4.5012290477752686,117.23225402832031
1784719822060615168,4.511148929595947,117.3053970336914
1784719822070535168,4.521069049835205,117.38383483886719
1784719822080455168,4.530988931655884,117.40835571289062
1784719822090375168,4.540909051895142,117.45209503173828
1784719822100294144,4.550827980041504,117.52156066894531
1784719822110214144,4.560748100280762,117.56517791748047
1784719822120134144,4.57066798210144,117.64824676513672
1784719822130054144,4.580588102340698,117.69718933105469
1784719822139973120,4.5905070304870605,117.722900390625
1784719822149893120,4.600426912307739,117.7929916381836
1784719822159813120,4.610347032546997,117.85533905029297
1784719822169733120,4.620266914367676,117.8986587524414
1784719822179653120,4.630187034606934,117.93814849853516
1784719822189572096,4.640105962753296,117.9955062866211
1784719822199492096,4.650026082992554,118.06905364990234
1784719822209412096,4.659945964813232,118.20758819580078
1784719822219332096,4.66986608505249,118.3492660522461
1784719822229251072,4.6797850131988525,118.47118377685547
1784719822239171072,4.689704895019531,118.58264923095703
1784719822249091072,4.699625015258789,118.69852447509766
1784719822259011072,4.709544897079468,118.8268051147461
1784719822268931072,4.719465017318726,118.91693878173828
1784719822278850048,4.729383945465088,118.98741912841797
1784719822288770304,4.739304065704346,119.05303192138672
1784719822298690048,4.749223947525024,119.10088348388672
1784719822308610304,4.759144067764282,119.12444305419922
1784719822318529024,4.7690629959106445,119.15996551513672
1784719822328449280,4.778983116149902,119.1627426147461
1784719822338369024,4.788902997970581,119.1457290649414
1784719822348289280,4.798823118209839,118.72577667236328
1784719822358209024,4.808743000030518,118.67646026611328
1784719822368128000,4.81866192817688,118.59136199951172
1784719822378048256,4.828582048416138,118.50244903564453
1784719822387968000,4.838501930236816,118.41602325439453
1784719822397888256,4.848422050476074,118.34931182861328
1784719822407807232,4.8583409786224365,118.32379913330078
1784719822417727232,4.868261098861694,118.33548736572266
1784719822427647232,4.878180980682373,118.38048553466797
1784719822437567232,4.888101100921631,118.46515655517578
1784719822447487232,4.89802098274231,118.57062530517578
1784719822457405952,4.907939910888672,118.69593048095703
1784719822467326208,4.91786003112793,118.83649444580078
1784719822477245952,4.927779912948608,118.99677276611328
1784719822487166208,4.937700033187866,119.17737579345703
1784719822497085184,4.9476189613342285,119.42536163330078
1784719822507005184,4.957539081573486,119.73307037353516
1784719822516925184,4.967458963394165,120.06478118896484
1784719822526845184,4.977379083633423,120.40660858154297
1784719822536765184,4.987298965454102,120.7427749633789
1784719822546683904,4.997217893600464,121.4424819946289
1784719822556604160,5.007138013839722,121.78864288330078
1784719822566523904,5.0170578956604,122.12676239013672
1784719822576444160,5.026978015899658,122.4714584350586
1784719822586363136,5.0368969440460205,122.80648040771484
1784719822596283136,5.046817064285278,123.12354278564453
1784719822606203136,5.056736946105957,123.44397735595703
1784719822616123136,5.066657066345215,123.74982452392578
1784719822626043136,5.0765769481658936,124.04674530029297
1784719822635962368,5.086496114730835,124.3327407836914
1784719822645882112,5.096415996551514,124.59264373779297
1784719822655802368,5.1063361167907715,124.80843353271484
1784719822665722112,5.11625599861145,125.01497650146484
1784719822675641088,5.1261749267578125,125.1954574584961
1784719822685561088,5.13609504699707,125.30469512939453
1784719822695481088,5.146014928817749,125.4103775024414
1784719822705401088,5.155935049057007,125.52478790283203
1784719822715321088,5.1658549308776855,125.66429901123047
1784719822725240320,5.175774097442627,125.81722259521484
1784719822735160064,5.185693979263306,125.9586410522461
1784719822745080320,5.1956140995025635,126.05384063720703
1784719822755000064,5.205533981323242,126.0950698852539
1784719822764920320,5.2154541015625,126.1110610961914
1784719822774839040,5.225373029708862,126.06981658935547
1784719822784759040,5.235292911529541,125.97394561767578
1784719822794679040,5.245213031768799,125.8310775756836
1784719822804599040,5.2551329135894775,125.6874008178711
1784719822814518272,5.265052080154419,125.5246353149414
1784719822824438016,5.274971961975098,125.30074310302734
1784719822834358272,5.2848920822143555,125.11443328857422
1784719822844278016,5.294811964035034,124.9413070678711
1784719822854198272,5.304732084274292,124.8113021850586
1784719822864117248,5.314651012420654,124.71048736572266
1784719822874036992,5.324570894241333,124.65715789794922
1784719822883957248,5.334491014480591,124.61165618896484
1784719822893876992,5.3444108963012695,124.53592681884766
1784719822903797248,5.354331016540527,124.44538116455078
1784719822913715968,5.36424994468689,124.35958099365234
1784719822923636224,5.3741700649261475,124.2464828491211
1784719822933555968,5.384089946746826,124.1537094116211
1784719822943476224,5.394010066986084,124.06134796142578
1784719822953395200,5.403928995132446,123.96273040771484
1784719822963315200,5.413849115371704,123.89220428466797
1784719822973235200,5.423768997192383,123.8396224975586
1784719822983155200,5.433689117431641,123.7895736694336
1784719822993075200,5.443608999252319,123.72466278076172
1784719823002994176,5.453527927398682,123.64287567138672
1784719823012914176,5.4634480476379395,123.56269073486328
1784719823022834176,5.473367929458618,123.5083236694336
1784719823032754176,5.483288049697876,123.42839813232422
1784719823042674176,5.493207931518555,123.3238754272461
1784719823052593152,5.503127098083496,123.2057876586914
1784719823062513152,5.513046979904175,123.07892608642578
1784719823072433152,5.522967100143433,122.61736297607422
1784719823082353152,5.532886981964111,122.48719024658203
1784719823092272128,5.542805910110474,122.34976959228516
1784719823102192128,5.5527260303497314,122.23639678955078
1784719823112112128,5.56264591217041,122.1373062133789
1784719823122032128,5.572566032409668,122.0591812133789
1784719823131952128,5.582485914230347,122.01689910888672
1784719823141871104,5.592405080795288,122.02852630615234
1784719823151791104,5.602324962615967,122.0815658569336
1784719823161711104,5.612245082855225,122.1753921508789
1784719823171631104,5.622164964675903,122.31298065185547
1784719823181551104,5.632085084915161,122.48796844482422
1784719823191470080,5.642004013061523,122.65760040283203
1784719823201390080,5.651923894882202,122.8341293334961
1784719823211310080,5.66184401512146,122.9966049194336
1784719823221230080,5.671763896942139,123.14476776123047
1784719823231149312,5.68168306350708,123.24767303466797
1784719823241069056,5.691602945327759,123.28031158447266
1784719823250989312,5.701523065567017,123.27210235595703
1784719823260909056,5.711442947387695,123.28824615478516
1784719823270829312,5.721363067626953,123.36267852783203
1784719823280748032,5.731281995773315,123.93994903564453
1784719823290668288,5.741202116012573,124.10982513427734
1784719823300588032,5.751121997833252,124.31519317626953
1784719823310508288,5.76104211807251,124.49883270263672
1784719823320428032,5.7709619998931885,124.6532211303711
1784719823330347008,5.780880928039551,124.77606964111328
1784719823340267264,5.790801048278809,124.87744903564453
1784719823350187008,5.800720930099487,124.95348358154297
1784719823360107264,5.810641050338745,124.99738311767578
1784719823370027008,5.820560932159424,125.02017974853516
1784719823379946240,5.830480098724365,125.03511810302734
1784719823389866240,5.840399980545044,125.06671905517578
1784719823399786240,5.850320100784302,125.09481048583984
1784719823409706240,5.8602399826049805,125.1082992553711
1784719823419624960,5.870158910751343,125.11650848388672
1784719823429545216,5.880079030990601,125.10138702392578
1784719823439464960,5.889998912811279,125.06529998779297
1784719823449385216,5.899919033050537,124.95018768310547
1784719823459304960,5.909838914871216,124.74869537353516
1784719823469224192,5.919758081436157,124.44721221923828
1784719823479144192,5.929677963256836,124.18511199951172
1784719823489064192,5.939598083496094,123.94620513916016
1784719823498984192,5.9495179653167725,123.7052230834961
1784719823508904192,5.95943808555603,123.42809295654297
1784719823518823168,5.969357013702393,123.10184478759766
1784719823528742912,5.979276895523071,122.8288345336914
1784719823538663168,5.989197015762329,122.6302719116211
1784719823548582912,5.999116897583008,122.49230194091797
1784719823558503168,6.009037017822266,122.4655990600586
1784719823568422144,6.018955945968628,122.54253387451172
1784719823578342144,6.028876066207886,122.63605499267578
1784719823588262144,6.0387959480285645,122.74959564208984
1784719823598182144,6.048716068267822,122.84249114990234
1784719823608102144,6.058635950088501,122.83380889892578
1784719823618021376,6.068555116653442,122.8160629272461
1784719823627941120,6.078474998474121,122.8433609008789
1784719823637861376,6.088395118713379,122.88666534423828
1784719823647781120,6.098315000534058,122.9039535522461
1784719823657700096,6.10823392868042,122.88924407958984
1784719823667620096,6.118154048919678,122.87374114990234
1784719823677540096,6.1280739307403564,122.86736297607422
1784719823687460096,6.137994050979614,122.80803680419922
1784719823697380096,6.147913932800293,122.7428207397461
1784719823707299328,6.157833099365234,122.66805267333984
1784719823717219072,6.167752981185913,122.58509063720703
1784719823727139328,6.177673101425171,122.53131866455078
1784719823737059072,6.18759298324585,122.4164047241211
1784719823746979328,6.197513103485107,122.20389556884766
1784719823756898048,6.20743203163147,121.91027069091797
1784719823766818048,6.217351913452148,121.60376739501953
1784719823776738048,6.227272033691406,121.30814361572266
1784719823786658048,6.237191915512085,121.05513763427734
1784719823796579072,6.247112989425659,120.86925506591797
1784719823806498048,6.2570319175720215,120.7387466430664
1784719823816418048,6.266952037811279,120.6178207397461
1784719823826338048,6.276871919631958,120.49097442626953
1784719823836258048,6.286792039871216,120.3652572631836
1784719823846178048,6.2967119216918945,120.22101593017578
1784719823856097280,6.306631088256836,120.05138397216797
1784719823866017024,6.316550970077515,119.8991470336914
1784719823875937280,6.3264710903167725,119.78121185302734
1784719823885857024,6.336390972137451,119.65729522705078
1784719823895776000,6.3463099002838135,119.54524993896484
1784719823905696256,6.356230020523071,119.46627044677734
1784719823915616000,6.36614990234375,119.38292694091797
1784719823925536256,6.376070022583008,119.2812728881836
1784719823935456000,6.3859899044036865,119.1888198852539
1784719823945375232,6.395909070968628,119.0976791381836
1784719823955294976,6.405828952789307,118.99811553955078
1784719823965215232,6.4157490730285645,118.92748260498047
1784719823975134976,6.425668954849243,118.80054473876953
1784719823985055232,6.435589075088501,118.6426010131836
1784719823994974208,6.445508003234863,118.4405746459961
1784719824004893952,6.455427885055542,118.1792221069336
1784719824014814208,6.4653480052948,117.82099151611328
1784719824024733952,6.4752678871154785,117.36458587646484
1784719824034654208,6.485188007354736,116.81986236572266
1784719824044573184,6.495106935501099,116.203369140625
1784719824054493184,6.5050270557403564,115.5235366821289
1784719824064413184,6.514946937561035,114.7957534790039
1784719824074333184,6.524867057800293,114.09016418457031
1784719824084252160,6.534785985946655,113.42972564697266
1784719824094172160,6.544706106185913,112.8321304321289
1784719824104092160,6.554625988006592,112.2904281616211
1784719824114012160,6.56454610824585,111.785888671875
1784719824123932160,6.574465990066528,111.28974914550781
1784719824133851136,6.584384918212891,110.82859802246094
1784719824143771136,6.594305038452148,110.40467834472656
1784719824153691136,6.604224920272827,110.07159423828125
1784719824163611136,6.614145040512085,109.80437469482422
1784719824173531136,6.624064922332764,109.57941436767578
1784719824183450112,6.633984088897705,109.41525268554688
1784719824193370112,6.643903970718384,109.30957794189453
1784719824203290112,6.653824090957642,109.18926239013672
1784719824213210112,6.66374397277832,109.04405212402344
1784719824223130112,6.673664093017578,108.91621398925781
1784719824233049088,6.68358302116394,108.8609619140625
1784719824242969088,6.693502902984619,108.81581115722656
1784719824252889088,6.703423023223877,108.75629425048828
1784719824262809088,6.713342905044556,108.70118713378906
1784719824272728320,6.723262071609497,108.60313415527344
1784719824282648064,6.733181953430176,108.53202819824219
1784719824292568320,6.743102073669434,108.50300598144531
1784719824302488064,6.753021955490112,108.47636413574219
1784719824312408320,6.76294207572937,108.4504623413086
1784719824322327040,6.772861003875732,108.4172134399414
1784719824332247040,6.782780885696411,108.39765167236328
1784719824342167040,6.792701005935669,108.40538787841797
1784719824352087040,6.802620887756348,108.38623046875
1784719824362007040,6.8125410079956055,108.31399536132812
1784719824371926016,6.822459936141968,108.25491333007812
1784719824381846272,6.832380056381226,108.16850280761719
1784719824391766016,6.842299938201904,108.11273956298828
1784719824401686272,6.852220058441162,108.10674285888672
1784719824411606016,6.862139940261841,108.12385559082031
1784719824421525248,6.872059106826782,108.14820098876953
1784719824431445248,6.881978988647461,108.12570190429688
1784719824441365248,6.891899108886719,108.05533599853516
1784719824451285248,6.9018189907073975,107.91447448730469
1784719824461205248,6.911739110946655,107.73152923583984
1784719824471124224,6.921658039093018,241.50540161132812
1784719824481043968,6.931577920913696,243.8861083984375
1784719824490964224,6.941498041152954,245.92129516601562
1784719824500883968,6.951417922973633,247.69369506835938
1784719824510803200,6.961337089538574,249.05282592773438
1784719824520723200,6.971256971359253,250.00079345703125
1784719824530643200,6.981177091598511,250.77920532226562
1784719824540563200,6.9910969734191895,251.55520629882812
1784719824550483200,7.001017093658447,252.44882202148438
1784719824560402176,7.01093602180481,253.335693359375
1784719824570321920,7.020855903625488,254.17401123046875
1784719824580242176,7.030776023864746,254.86187744140625
1784719824590161920,7.040695905685425,255.4710693359375
1784719824600082176,7.050616025924683,256.15814208984375
1784719824610001152,7.060534954071045,256.8074645996094
1784719824619921152,7.070455074310303,257.46563720703125
1784719824629841152,7.0803749561309814,258.1264343261719
1784719824639761152,7.090295076370239,258.84368896484375
1784719824649681152,7.100214958190918,259.40313720703125
1784719824659600128,7.11013388633728,259.83782958984375
1784719824669520128,7.120054006576538,260.19091796875
1784719824679440128,7.129973888397217,260.4388122558594
1784719824689360128,7.139894008636475,260.5191345214844
1784719824699280128,7.149813890457153,260.3843994140625
1784719824709199104,7.159733057022095,260.02056884765625
1784719824719119104,7.169652938842773,259.3767395019531
1784719824729039104,7.179573059082031,258.4306335449219
1784719824738959104,7.18949294090271,257.27740478515625
1784719824748878336,7.199412107467651,256.0395812988281
1784719824758798080,7.20933198928833,254.60052490234375
1784719824768718336,7.219252109527588,253.03375244140625
1784719824778638080,7.229171991348267,251.38497924804688
1784719824788558336,7.239092111587524,249.64334106445312
1784719824798476032,7.249009847640991,247.91619873046875
1784719824808395776,7.25892972946167,246.1026611328125
1784719824818316032,7.268849849700928,244.15208435058594
1784719824828235776,7.2787697315216064,241.94984436035156
1784719824838156032,7.288689851760864,239.7435760498047
1784719824848075008,7.298608779907227,237.47515869140625
1784719824857994752,7.308528661727905,235.2378692626953
1784719824867915008,7.318448781967163,233.04086303710938
1784719824877834752,7.328368663787842,230.83547973632812
1784719824887755008,7.3382887840271,228.54673767089844
1784719824897673728,7.348207712173462,226.22128295898438
1784719824907593984,7.35812783241272,223.8875732421875
1784719824917513728,7.368047714233398,221.43609619140625
1784719824927433984,7.377967834472656,218.8953857421875
1784719824937352960,7.3878867626190186,216.2982940673828
1784719824947272704,7.397806644439697,213.65711975097656
1784719824957192960,7.407726764678955,210.95492553710938
1784719824967112704,7.417646646499634,208.16494750976562
1784719824977032960,7.427566766738892,205.2226104736328
1784719824986951936,7.437485694885254,202.20899963378906
1784719824996871936,7.447405815124512,199.23236083984375
1784719825006791936,7.45732569694519,196.26051330566406
1784719825016711936,7.467245817184448,193.20947265625
1784719825026631936,7.477165699005127,190.0688934326172
1784719825036550912,7.487084865570068,186.67779541015625
1784719825046470912,7.497004747390747,183.1916046142578
1784719825056390912,7.506924867630005,179.57522583007812
1784719825066310912,7.516844749450684,175.85060119628906
1784719825076229888,7.526763677597046,171.8416290283203
1784719825086149888,7.536683797836304,167.7547149658203
1784719825096069888,7.546603679656982,163.78460693359375
1784719825105989888,7.55652379989624,159.72157287597656
1784719825115909888,7.566443681716919,155.4584503173828
1784719825125828864,7.57636284828186,151.15911865234375
1784719825135748864,7.586282730102539,146.83367919921875
1784719825145668864,7.596202850341797,142.75750732421875
1784719825155588864,7.606122732162476,138.74053955078125
1784719825165508864,7.616042852401733,134.6810302734375
1784719825175427840,7.625961780548096,130.3914337158203
1784719825185347840,7.635881662368774,126.18648529052734
1784719825195267840,7.645801782608032,122.17652130126953
1784719825205187840,7.655721664428711,118.34648895263672
1784719825215107840,7.665641784667969,114.4809341430664
1784719825225026816,7.675560712814331,110.99163818359375
1784719825234947072,7.685480833053589,108.04570770263672
1784719825244866816,7.695400714874268,105.6710433959961
1784719825254787072,7.705320835113525,103.89219665527344
1784719825264705792,7.715239763259888,102.53456115722656
1784719825274625792,7.725159645080566,101.8878173828125
1784719825284545792,7.735079765319824,101.45462799072266
1784719825294465792,7.744999647140503,101.12764739990234
1784719825304385792,7.754919767379761,101.05265808105469
1784719825314304768,7.764838695526123,101.04193878173828
1784719825324225024,7.774758815765381,101.27523803710938
1784719825334144768,7.78467869758606,101.49455261230469
1784719825344065024,7.794598817825317,101.79851531982422
1784719825353984768,7.804518699645996,102.34719848632812
1784719825363904000,7.8144378662109375,102.93399810791016
1784719825373824000,7.824357748031616,103.39085388183594
1784719825383744000,7.834277868270874,103.74700927734375
1784719825393664000,7.844197750091553,104.19190979003906
1784719825403583744,7.8541176319122314,104.80027770996094
1784719825413502976,7.864036798477173,105.57855987548828
1784719825423422720,7.873956680297852,106.63448333740234
1784719825433342976,7.883876800537109,107.84770202636719
1784719825443262720,7.893796682357788,109.28475952148438
1784719825453182976,7.903716802597046,110.77752685546875
1784719825463101952,7.913635730743408,112.26632690429688
1784719825473021952,7.923555850982666,113.72193908691406
1784719825482941952,7.933475732803345,115.03955841064453
1784719825492861952,7.9433958530426025,116.16378021240234
1784719825502780928,7.953314781188965,116.95313262939453
1784719825512700672,7.9632346630096436,117.28395080566406
1784719825522620928,7.973154783248901,116.94597625732422
1784719825532540672,7.98307466506958,115.9916763305664
1784719825542460928,7.992994785308838,114.63610076904297
1784719825552379904,8.0029137134552,112.99493408203125
1784719825562299904,8.012833833694458,111.17129516601562
1784719825572219904,8.022753715515137,109.23390197753906
1784719825582139904,8.032673835754395,107.29602813720703
1784719825592059904,8.042593717575073,105.48289489746094
1784719825601978880,8.052512645721436,103.74173736572266
1784719825611898880,8.062432765960693,102.11276245117188
1784719825621818880,8.072352647781372,100.74982452392578
1784719825631738880,8.08227276802063,99.11046600341797
1784719825641658880,8.092192649841309,97.56993865966797
1784719825651577856,8.10211181640625,95.85662078857422
1784719825661497856,8.112031698226929,93.8938217163086
1784719825671417856,8.121951818466187,91.81587982177734
1784719825681337856,8.131871700286865,89.48602294921875
1784719825691257088,8.141790866851807,86.94210815429688
1784719825701176832,8.151710748672485,84.24718475341797
1784719825711097088,8.161630868911743,81.55350494384766
1784719825721016832,8.171550750732422,78.97863006591797
1784719825730936832,8.1814706325531,76.63088989257812
1784719825740855808,8.191389799118042,74.60211944580078
1784719825750775808,8.20130968093872,73.01618194580078
1784719825760695808,8.211229801177979,71.92855834960938
1784719825770615808,8.221149682998657,71.40009307861328
1784719825780536064,8.231069803237915,71.51565551757812
1784719825790454784,8.240988731384277,72.35614776611328
1784719825800375040,8.250908851623535,73.9028549194336
1784719825810295040,8.260828971862793,76.05996704101562
1784719825820215040,8.270748853683472,78.71121978759766
1784719825830135040,8.28066897392273,81.67858123779297
1784719825840054016,8.290587902069092,84.88417053222656
1784719825849974272,8.30050802230835,88.35289001464844
1784719825859894016,8.310427904129028,92.1925277709961
1784719825869814272,8.320348024368286,96.46744537353516
1784719825879732992,8.330266952514648,101.01107025146484
1784719825889652992,8.340186834335327,105.90039825439453
1784719825899572992,8.350106954574585,110.94790649414062
1784719825909492992,8.360026836395264,115.94306182861328
1784719825919412992,8.369946956634521,120.83638763427734
1784719825929331968,8.379865884780884,125.69988250732422
1784719825939252224,8.389786005020142,130.77613830566406
1784719825949171968,8.39970588684082,136.3589324951172
1784719825959092224,8.409626007080078,142.589599609375
1784719825969011968,8.419545888900757,149.4189453125
1784719825978930944,8.42946481704712,156.47482299804688
1784719825988850944,8.439384937286377,163.1581268310547
1784719825998770944,8.449304819107056,169.00115966796875
1784719826008691200,8.459224939346313,173.81321716308594
1784719826018610944,8.469144821166992,177.6788787841797
1784719826028530176,8.479063987731934,180.91452026367188
1784719826038449920,8.488983869552612,183.97767639160156
1784719826048370176,8.49890398979187,187.13507080078125
1784719826058289920,8.508823871612549,190.35394287109375
1784719826068208896,8.518742799758911,193.21424865722656
1784719826078129152,8.528662919998169,195.4862823486328
1784719826088048896,8.538582801818848,197.1385498046875
1784719826097969152,8.548502922058105,198.27394104003906
1784719826107888896,8.558422803878784,199.169677734375
1784719826117808128,8.568341970443726,200.21070861816406
1784719826127727872,8.578261852264404,201.71469116210938
1784719826137648128,8.588181972503662,203.8971405029297
1784719826147567872,8.59810185432434,206.69056701660156
1784719826157488128,8.608021974563599,209.7316131591797
1784719826167407104,8.617940902709961,212.53382873535156
1784719826177327104,8.627861022949219,114.52888488769531
1784719826187247104,8.637780904769897,113.12925720214844
1784719826197167104,8.647701025009155,111.85163879394531
1784719826207087104,8.657620906829834,110.73117065429688
1784719826217006080,8.667539834976196,109.73722076416016
1784719826226926080,8.677459955215454,108.85933685302734
1784719826236846080,8.687379837036133,108.14292907714844
1784719826246766080,8.69729995727539,107.58275604248047
1784719826256685056,8.707218885421753,107.11988830566406
1784719826266605056,8.71713900566101,106.78284454345703
1784719826276525056,8.72705888748169,106.47442626953125
1784719826286445056,8.736979007720947,106.17345428466797
1784719826296365056,8.746898889541626,105.91764068603516
1784719826306284032,8.756817817687988,105.6438980102539
1784719826316204032,8.766737937927246,105.2912826538086
1784719826326124032,8.776657819747925,241.60687255859375
1784719826336044032,8.786577939987183,243.3888702392578
1784719826345964032,8.796497821807861,244.75555419921875
1784719826355883008,8.806416988372803,245.51455688476562
1784719826365803008,8.816336870193481,245.7447509765625
1784719826375723008,8.82625699043274,245.68801879882812
1784719826385643008,8.836176872253418,245.6309356689453
1784719826395563008,8.846096992492676,245.7151336669922
1784719826405481984,8.856015920639038,245.81640625
1784719826415401984,8.865935802459717,246.0633544921875
1784719826425321984,8.875855922698975,246.501953125
1784719826435241984,8.885775804519653,246.95916748046875
1784719826445161216,8.895694971084595,247.58895874023438
1784719826455080960,8.905614852905273,248.4005126953125
1784719826465001216,8.915534973144531,249.27996826171875
1784719826474920960,8.92545485496521,250.1593017578125
1784719826484841216,8.935374975204468,250.92431640625
1784719826494759936,8.94529390335083,251.78567504882812
1784719826504680192,8.955214023590088,252.53277587890625
1784719826514599936,8.965133905410767,253.0458984375
1784719826524520192,8.975054025650024,253.50100708007812
1784719826534439936,8.984973907470703,253.89788818359375
1784719826544358912,8.994892835617065,254.11798095703125
1784719826554279168,9.004812955856323,254.185791015625
1784719826564198912,9.014732837677002,254.04476928710938
1784719826574119168,9.02465295791626,253.83453369140625
1784719826584038912,9.034572839736938,253.50726318359375
1784719826593958144,9.04449200630188,252.88436889648438
1784719826603878144,9.054411888122559,251.83514404296875
1784719826613798144,9.064332008361816,250.67584228515625
1784719826623718144,9.074251890182495,249.23928833007812
1784719826633636864,9.084170818328857,247.57403564453125
1784719826643557120,9.094090938568115,245.84022521972656
1784719826653476864,9.104010820388794,244.00076293945312
1784719826663397120,9.113930940628052,242.108154296875
1784719826673316864,9.12385082244873,240.18310546875
1784719826683236096,9.133769989013672,238.39385986328125
1784719826693156096,9.14368987083435,236.63653564453125
1784719826703076096,9.153609991073608,234.81826782226562
1784719826712996096,9.163529872894287,233.07701110839844
1784719826722916096,9.173449993133545,231.2937774658203
1784719826732835072,9.183368921279907,229.44435119628906
1784719826742754816,9.193288803100586,227.6666259765625
1784719826752675072,9.203208923339844,225.89501953125
1784719826762594816,9.213128805160522,223.98196411132812
1784719826772515072,9.22304892539978,221.90139770507812
1784719826782434048,9.232967853546143,219.760498046875
1784719826792354048,9.2428879737854,217.51571655273438
1784719826802274304,9.252808094024658,215.14952087402344
1784719826812194048,9.262727975845337,212.5716094970703
1784719826822113024,9.2726469039917,209.84210205078125
1784719826832033280,9.282567024230957,206.9937744140625
1784719826841953024,9.292486906051636,204.0922393798828
1784719826851873280,9.302407026290894,201.1753387451172
1784719826861793024,9.312326908111572,198.3302459716797
1784719826871712256,9.322246074676514,195.5045928955078
1784719826881632000,9.332165956497192,192.57606506347656
1784719826891552256,9.34208607673645,189.6315460205078
1784719826901472000,9.352005958557129,186.6535186767578
1784719826911392256,9.361926078796387,183.59469604492188
1784719826921311232,9.371845006942749,180.3809051513672
1784719826931230976,9.381764888763428,177.0784149169922
1784719826941151232,9.391685009002686,173.63394165039062
1784719826951070976,9.401604890823364,170.10606384277344
1784719826960991232,9.411525011062622,166.36814880371094
1784719826970909952,9.421443939208984,162.32675170898438
1784719826980830208,9.431364059448242,158.03530883789062
1784719826990749952,9.441283941268921,153.7738494873047
1784719827000670208,9.451204061508179,149.41598510742188
1784719827010589184,9.461122989654541,144.98313903808594
1784719827020509184,9.471043109893799,140.5338134765625
1784719827030429184,9.480962991714478,136.0727081298828
1784719827040349184,9.490883111953735,131.72293090820312
1784719827050269184,9.500802993774414,127.68843841552734
1784719827060188160,9.510721921920776,123.74677276611328
1784719827070108160,9.520642042160034,119.6639633178711
1784719827080028160,9.530561923980713,115.59342193603516
1784719827089948160,9.54048204421997,111.85338592529297
1784719827099868160,9.55040192604065,108.48502349853516
1784719827109787136,9.56032109260559,105.23863983154297
1784719827119707136,9.57024097442627,102.22113037109375
1784719827129627136,9.580161094665527,100.06075286865234
1784719827139547136,9.590080976486206,98.86997985839844
1784719827149466112,9.599999904632568,98.01895904541016
1784719827159386112,9.609920024871826,97.71769714355469
1784719827169306112,9.619839906692505,97.7981185913086
1784719827179226112,9.629760026931763,97.82066345214844
1784719827189146112,9.639679908752441,97.78155517578125
1784719827199065088,9.649599075317383,98.08861541748047
1784719827208985088,9.659518957138062,98.65055084228516
1784719827218905088,9.66943907737732,99.20550537109375
1784719827228825088,9.679358959197998,99.88570404052734
1784719827238745088,9.689279079437256,100.46392822265625
1784719827248664064,9.699198007583618,100.97858428955078
1784719827258584064,9.709117889404297,101.30621337890625
1784719827268504064,9.719038009643555,101.69776153564453
1784719827278424064,9.728957891464233,102.1805648803711
1784719827288344064,9.738878011703491,102.86034393310547
1784719827298263040,9.748796939849854,103.8095474243164
1784719827308183296,9.758717060089111,105.04644775390625
1784719827318103040,9.76863694190979,106.48249816894531
1784719827328023296,9.778557062149048,107.93768310546875
1784719827337943040,9.788476943969727,109.36872863769531
1784719827347862272,9.798396110534668,110.68605041503906
1784719827357782016,9.808315992355347,111.95632934570312
1784719827367702272,9.818236112594604,113.21549224853516
1784719827377622016,9.828155994415283,114.28994750976562
1784719827387540992,9.838074922561646,115.15557861328125
1784719827397461248,9.847995042800903,115.92851257324219
1784719827407380992,9.857914924621582,116.55656433105469
1784719827417301248,9.86783504486084,116.98120880126953
1784719827427220992,9.877754926681519,117.29204559326172
1784719827437140224,9.88767409324646,117.56637573242188
1784719827447060224,9.897593975067139,117.79759216308594
1784719827456980224,9.907514095306396,117.93042755126953
1784719827466900224,9.917433977127075,117.9523696899414
1784719827476820224,9.927354097366333,117.8046646118164
1784719827486739200,9.937273025512695,117.56839752197266
1784719827496658944,9.947192907333374,117.29452514648438
1784719827506579200,9.957113027572632,116.95359802246094
1784719827516498944,9.96703290939331,116.55743408203125
1784719827526419200,9.976953029632568,116.10449981689453
1784719827536338176,9.98687195777893,115.54344940185547
1784719827546258176,9.996792078018188,114.82572174072266
1784719827556178176,10.006711959838867,114.0047607421875
1784719827566098176,10.016632080078125,113.05982971191406
1784719827576017152,10.026551008224487,112.0256576538086
1784719827585936896,10.036470890045166,110.9232406616211
1784719827595857152,10.046391010284424,109.72647857666016
1784719827605777152,10.056310892105103,108.3235855102539
1784719827615697152,10.06623101234436,106.81649017333984
1784719827625616128,10.076149940490723,105.3313217163086
1784719827635536128,10.08607006072998,103.79393768310547
1784719827645456128,10.09598994255066,102.20244598388672
1784719827655376128,10.105910062789917,100.27244567871094
1784719827665296128,10.115829944610596,98.3012466430664
1784719827675215360,10.125749111175537,96.29387664794922
1784719827685135104,10.135668992996216,94.18417358398438
1784719827695055360,10.145589113235474,91.96926879882812
1784719827704975104,10.155508995056152,89.81195068359375
1784719827714894080,10.165427923202515,87.76750183105469
1784719827724814080,10.175348043441772,85.77428436279297
1784719827734734080,10.185267925262451,83.79686737060547
1784719827744654080,10.195188045501709,81.86595916748047
1784719827754574080,10.205107927322388,80.06597900390625
1784719827764493312,10.215027093887329,78.4065170288086
1784719827774413056,10.224946975708008,77.04936981201172
1784719827784333312,10.234867095947266,75.9856185913086
1784719827794253056,10.244786977767944,75.24679565429688
1784719827804173312,10.254707098007202,74.85598754882812
1784719827814092032,10.264626026153564,74.85862731933594
1784719827824012288,10.274546146392822,75.19824981689453
1784719827833932288,10.284466028213501,75.9178466796875
1784719827843852288,10.294386148452759,77.08302307128906
1784719827853772288,10.304306030273438,78.68843078613281
1784719827863691008,10.3142249584198,80.7197494506836
1784719827873611264,10.324145078659058,83.19007873535156
1784719827883531008,10.334064960479736,86.08788299560547
1784719827893451264,10.343985080718994,89.42069244384766
1784719827903370240,10.353904008865356,93.16962432861328
1784719827913290240,10.363824129104614,97.30459594726562
1784719827923210240,10.373744010925293,101.82133483886719
1784719827933130240,10.38366413116455,106.70967864990234
1784719827943050240,10.39358401298523,111.83961486816406
1784719827952968960,10.403502941131592,117.04920959472656
1784719827962889216,10.41342306137085,122.2376480102539
1784719827972808960,10.423342943191528,127.46996307373047
1784719827982729216,10.433263063430786,132.8616943359375
1784719827992648960,10.443182945251465,138.5758819580078
1784719828002568192,10.453102111816406,144.65658569335938
1784719828012488192,10.463021993637085,151.0037078857422
1784719828022408192,10.472942113876343,157.49208068847656
1784719828032328192,10.482861995697021,163.99984741210938
1784719828042248192,10.49278211593628,170.5002899169922
1784719828052167168,10.502701044082642,176.93698120117188
1784719828062087168,10.51262092590332,183.095458984375
1784719828072007168,10.522541046142578,188.69461059570312
1784719828081927168,10.532460927963257,193.45053100585938
1784719828091846144,10.542380094528198,197.29354858398438
1784719828101766144,10.552299976348877,200.34982299804688
1784719828111686144,10.562220096588135,202.76309204101562
1784719828121606144,10.572139978408813,204.6534423828125
1784719828131526144,10.582060098648071,205.95187377929688
1784719828141445120,10.591979026794434,206.70245361328125
1784719828151365376,10.601899147033691,207.2642059326172
1784719828161285120,10.61181902885437,208.0563507080078
1784719828171205376,10.621739149093628,209.49813842773438
1784719828181125120,10.631659030914307,211.61329650878906
1784719828191044096,10.641577959060669,214.27110290527344
1784719828200964096,10.651498079299927,121.11139678955078
1784719828210884096,10.661417961120605,119.82984161376953
1784719828220804096,10.671338081359863,118.46060943603516
1784719828230723072,10.681257009506226,117.0539321899414
1784719828240643328,10.691177129745483,115.71598052978516
1784719828250563072,10.701097011566162,114.44622039794922
1784719828260483328,10.71101713180542,113.25731658935547
1784719828270403072,10.720937013626099,112.11470031738281
1784719828280322048,10.730855941772461,110.93617248535156
1784719828290242304,10.740776062011719,109.78308868408203
1784719828300162048,10.750695943832397,108.70747375488281
1784719828310082304,10.760616064071655,107.59723663330078
1784719828320002048,10.770535945892334,106.34186553955078
1784719828329921280,10.780455112457275,105.47489166259766
1784719828339841024,10.790374994277954,104.64385986328125
1784719828349761280,10.800295114517212,103.76105499267578
1784719828359681024,10.81021499633789,102.99566650390625
1784719828369600000,10.820133924484253,245.73178100585938
1784719828379520256,10.83005404472351,247.28466796875
1784719828389440000,10.83997392654419,248.59600830078125
1784719828399360256,10.849894046783447,249.62847900390625
1784719828409280000,10.859813928604126,250.4449462890625
1784719828419199232,10.869733095169067,251.10391235351562
1784719828429119232,10.879652976989746,251.7186279296875
1784719828439039232,10.889573097229004,252.4720458984375
1784719828448959232,10.899492979049683,253.06613159179688
1784719828458878208,10.909412145614624,253.7269287109375
1784719828468798208,10.919332027435303,254.4013671875
1784719828478718208,10.92925214767456,255.09161376953125
1784719828488638208,10.93917202949524,255.59347534179688
1784719828498558208,10.949092149734497,255.98587036132812
1784719828508477184,10.95901107788086,256.7728576660156
1784719828518397184,10.968930959701538,257.20501708984375
1784719828528317184,10.978851079940796,257.5501708984375
1784719828538237184,10.988770961761475,257.78363037109375
1784719828548157184,10.998691082000732,257.94061279296875
1784719828558076160,11.008610010147095,257.9840087890625
1784719828567996160,11.018530130386353,257.96923828125
1784719828577916160,11.028450012207031,257.8154602050781
1784719828587836160,11.038370132446289,257.6138916015625
1784719828597756160,11.048290014266968,257.300048828125
1784719828607675136,11.05820894241333,256.8460693359375
1784719828617595136,11.068129062652588,256.295654296875
1784719828627515136,11.078048944473267,255.53713989257812
1784719828637435136,11.087969064712524,254.569580078125
1784719828647354112,11.097887992858887,253.40185546875
1784719828657274368,11.107808113098145,252.05606079101562
1784719828667194112,11.117727994918823,250.56381225585938
1784719828677114368,11.127648115158081,248.89114379882812
1784719828687034112,11.13756799697876,247.02865600585938
1784719828696953088,11.147486925125122,244.923828125
1784719828706873088,11.15740704536438,242.6322479248047
1784719828716793088,11.167326927185059,240.16268920898438
1784719828726713088,11.177247047424316,237.59133911132812
1784719828736633088,11.187166929244995,234.99826049804688
1784719828746552320,11.197086095809937,232.43865966796875
1784719828756472064,11.207005977630615,229.8517303466797
1784719828766392320,11.216926097869873,227.2055206298828
1784719828776312064,11.226845979690552,224.5360107421875
1784719828786231296,11.236765146255493,221.90386962890625
1784719828796151552,11.24668550491333,219.26107788085938
1784719828806071552,11.256605386734009,216.51954650878906
1784719828815991552,11.266525506973267,213.83518981933594
1784719828825911552,11.276445388793945,211.27415466308594
1784719828835830784,11.286364555358887,208.81643676757812
1784719828845750528,11.296284437179565,206.40904235839844
1784719828855670784,11.306204557418823,204.011474609375
1784719828865590528,11.316124439239502,201.5293731689453
1784719828875509760,11.326043605804443,198.97413635253906
1784719828885429504,11.335963487625122,196.3050537109375
1784719828895349760,11.34588360786438,193.56417846679688
1784719828905269504,11.355803489685059,190.78492736816406
1784719828915189760,11.365723609924316,187.95401000976562
1784719828925108736,11.375642538070679,185.11363220214844
1784719828935028480,11.385562419891357,182.28311157226562
1784719828944948736,11.395482540130615,179.338623046875
1784719828954868480,11.405402421951294,176.34469604492188
1784719828964788736,11.415322542190552,173.3979949951172
1784719828974707712,11.425241470336914,170.37026977539062
1784719828984627712,11.435161590576172,167.2321014404297
1784719828994547712,11.44508147239685,163.95729064941406
1784719829004467712,11.455001592636108,160.55227661132812
1784719829014386688,11.46492052078247,156.97129821777344
1784719829024306432,11.47484040260315,153.2256622314453
1784719829034226688,11.484760522842407,149.4419403076172
1784719829044146432,11.494680404663086,145.49993896484375
1784719829054066688,11.504600524902344,141.40902709960938
1784719829063985664,11.514519453048706,137.0357208251953
1784719829073905664,11.524439573287964,132.61093139648438
1784719829083825664,11.534359455108643,128.0373992919922
1784719829093745664,11.5442795753479,123.36666107177734
1784719829103664640,11.554198503494263,118.90522003173828
1784719829113584640,11.564118385314941,114.49895477294922
1784719829123504640,11.5740385055542,110.23318481445312
1784719829133424640,11.583958387374878,106.05896759033203
1784719829143344640,11.593878507614136,102.05888366699219
1784719829153263616,11.603797435760498,98.23858642578125
1784719829163183616,11.613717555999756,94.93577575683594
1784719829173103616,11.623637437820435,92.02711486816406
1784719829183023616,11.633557558059692,89.85477447509766
1784719829192942592,11.643476486206055,88.6533203125
1784719829202862848,11.653396606445312,87.73929595947266
1784719829212782592,11.663316488265991,86.89179229736328
1784719829222702848,11.673236608505249,86.0293197631836
1784719829232622592,11.683156490325928,85.18136596679688
1784719829242541568,11.69307541847229,84.47357177734375
1784719829252461568,11.702995538711548,84.13182830810547
1784719829262381568,11.712915420532227,83.88237762451172
1784719829272301568,11.722835540771484,83.5447769165039
1784719829282221568,11.732755422592163,83.35157012939453
1784719829292140800,11.742674589157104,83.47896575927734
1784719829302060544,11.752594470977783,83.9869155883789
1784719829311980800,11.762514591217041,84.62841796875
1784719829321900544,11.77243447303772,85.38337707519531
1784719829331819520,11.782353401184082,86.26385498046875
1784719829341739776,11.79227352142334,87.12890625
1784719829351659520,11.802193403244019,87.9065170288086
1784719829361579776,11.812113523483276,88.71569061279297
1784719829371499520,11.822033405303955,89.63230895996094
1784719829381418752,11.831952571868896,90.51871490478516
1784719829391338496,11.841872453689575,91.25741577148438
1784719829401258752,11.851792573928833,92.02500915527344
1784719829411178496,11.861712455749512,92.97639465332031
1784719829421098752,11.87163257598877,93.91201782226562
1784719829431017728,11.881551504135132,94.96006774902344
1784719829440937472,11.89147138595581,95.87065887451172
1784719829450857728,11.901391506195068,96.69680786132812
1784719829460777472,11.911311388015747,97.39102935791016
1784719829470696704,11.921230554580688,97.84246826171875
1784719829480616448,11.931150436401367,98.17578125
1784719829490536704,11.941070556640625,98.51136779785156
1784719829500456448,11.950990438461304,98.73484802246094
1784719829510376704,11.960910558700562,98.75074768066406
1784719829520295680,11.970829486846924,98.58659362792969
1784719829530215680,11.980749607086182,98.30302429199219
1784719829540135680,11.99066948890686,97.9775390625
1784719829550055680,12.000589609146118,97.63416290283203
1784719829559974656,12.01050853729248,97.21625518798828
1784719829569894656,12.02042841911316,96.6739730834961
1784719829579814656,12.030348539352417,95.99406433105469
1784719829589734656,12.040268421173096,95.2055435180664
1784719829599654656,12.050188541412354,94.3395767211914
1784719829609573632,12.060107469558716,93.4434814453125
1784719829619493632,12.070027589797974,92.47611999511719
1784719829629413632,12.079947471618652,91.46723175048828
1784719829639333632,12.08986759185791,90.38322448730469
1784719829649252608,12.099786520004272,89.17666625976562
1784719829659172608,12.109706401824951,87.92701721191406
1784719829669092608,12.119626522064209,86.46102905273438
1784719829679012608,12.129546403884888,84.86766052246094
1784719829688932608,12.139466524124146,83.10889434814453
1784719829698851584,12.149385452270508,81.26173400878906
1784719829708771584,12.159305572509766,79.34169006347656
1784719829718691584,12.169225454330444,77.33076477050781
1784719829728611584,12.179145574569702,75.20381927490234
1784719829738530560,12.189064502716064,72.78885650634766
1784719829748450560,12.198984384536743,70.33635711669922
1784719829758370560,12.208904504776001,67.953369140625
1784719829768290560,12.21882438659668,65.63455963134766
1784719829778210560,12.228744506835938,63.4702033996582
1784719829788129536,12.2386634349823,61.58076095581055
1784719829798050048,12.248583793640137,60.039669036865234
1784719829807969792,12.258503675460815,58.92164993286133
1784719829817890048,12.268423795700073,58.2676887512207
1784719829827808768,12.278342723846436,58.1400032043457
1784719829837729024,12.288262844085693,58.65604782104492
1784719829847648768,12.298182725906372,59.96030807495117
1784719829857569024,12.30810284614563,62.05263900756836
1784719829867488768,12.318022727966309,64.89755249023438
1784719829877408000,12.32794189453125,68.3935775756836
1784719829887328000,12.337861776351929,72.42265319824219
1784719829897248000,12.347781896591187,76.82533264160156
1784719829907168000,12.357701778411865,81.63863372802734
1784719829917086720,12.367620706558228,86.91412353515625
1784719829927006976,12.377540826797485,92.58645629882812
1784719829936926720,12.387460708618164,98.39163208007812
1784719829946846976,12.397380828857422,104.08924865722656
1784719829956766720,12.4073007106781,109.56908416748047
1784719829966685952,12.417219877243042,114.78901672363281
1784719829976605952,12.42713975906372,119.9489974975586
1784719829986525952,12.437059879302979,125.29979705810547
1784719829996445952,12.446979761123657,130.93606567382812
1784719830006364928,12.45689868927002,136.75869750976562
1784719830016284928,12.466818809509277,142.52056884765625
1784719830026204928,12.476738691329956,148.05984497070312
1784719830036124928,12.486658811569214,153.25128173828125
1784719830046044928,12.496578693389893,158.13771057128906
1784719830055963904,12.506497859954834,162.83544921875
1784719830065883904,12.516417741775513,167.33297729492188
1784719830075803904,12.52633786201477,171.4375
1784719830085723904,12.53625774383545,174.80360412597656
1784719830095643136,12.54617691040039,177.22593688964844
1784719830105562880,12.55609679222107,178.84759521484375
1784719830115482880,12.566016674041748,180.03517150878906
1784719830125402880,12.575936794281006,181.10572814941406
1784719830135322880,12.585856676101685,182.30958557128906
1784719830145241856,12.595775842666626,183.8311309814453
1784719830155161856,12.605695724487305,185.81298828125
1784719830165081856,12.615615844726562,188.15248107910156
1784719830175001856,12.625535726547241,105.50617218017578
1784719830184921088,12.635454893112183,103.90839385986328
1784719830194840832,12.645374774932861,102.47431182861328
1784719830204761088,12.65529489517212,101.24440002441406
1784719830214680832,12.665214776992798,100.23897552490234
1784719830224601088,12.675134897232056,99.3763427734375
1784719830234520064,12.685053825378418,98.55538177490234
1784719830244439808,12.694973707199097,97.71502685546875
1784719830254360064,12.704893827438354,96.8241195678711
1784719830264279808,12.714813709259033,95.93440246582031
1784719830274199040,12.724732875823975,95.08332061767578
1784719830284118784,12.734652757644653,94.27193450927734
1784719830294039040,12.744572877883911,93.47579193115234
1784719830303958784,12.75449275970459,92.65431213378906
1784719830313877760,12.764411687850952,92.01315307617188
1784719830323798016,12.77433180809021,91.5244140625
1784719830333717760,12.784251689910889,90.7060317993164
1784719830343638016,12.794171810150146,89.96089935302734
1784719830353557760,12.804091691970825,89.52472686767578
1784719830363476992,12.814010858535767,88.85016632080078
1784719830373396992,12.823930740356445,88.03421783447266
1784719830383316992,12.833850860595703,87.12834167480469
1784719830393236992,12.843770742416382,234.97352600097656
1784719830403155968,12.853689908981323,235.31353759765625
1784719830413075968,12.863609790802002,235.58505249023438
1784719830422995968,12.87352991104126,235.78988647460938
1784719830432915968,12.883449792861938,235.8853302001953
1784719830442835712,12.893369674682617,235.88385009765625
1784719830452754944,12.903288841247559,235.89682006835938
1784719830462674944,12.913208723068237,235.95126342773438
1784719830472594944,12.923128843307495,236.0765380859375
1784719830482514944,12.933048725128174,236.099365234375
1784719830492433920,12.942967891693115,236.599365234375
1784719830502353920,12.952887773513794,237.23797607421875
1784719830512273920,12.962807893753052,237.87908935546875
1784719830522193920,12.97272777557373,238.51315307617188
1784719830532112896,12.982646703720093,239.084716796875
1784719830542032896,12.99256682395935,239.5659942626953
1784719830551952896,13.00248670578003,239.94308471679688
1784719830561872896,13.012406826019287,240.176513671875
1784719830571792896,13.022326707839966,240.28085327148438
1784719830581712128,13.032245874404907,240.234619140625
1784719830591631872,13.042165756225586,240.13589477539062
1784719830601552128,13.052085876464844,239.80299377441406
1784719830611471872,13.062005758285522,239.36285400390625
1784719830621390848,13.071924686431885,238.81944274902344
1784719830631310848,13.081844806671143,238.0762176513672
1784719830641230848,13.091764688491821,237.08956909179688
1784719830651150848,13.101684808731079,235.85617065429688
1784719830661070848,13.111604690551758,234.37693786621094
1784719830670990080,13.1215238571167,232.56979370117188
1784719830680909824,13.131443738937378,230.52117919921875
1784719830690830080,13.141363859176636,228.3857421875
1784719830700749824,13.151283740997314,226.2340087890625
1784719830710669056,13.161202907562256,224.0386962890625
1784719830720588800,13.171122789382935,221.75747680664062
1784719830730509056,13.181042909622192,219.35171508789062
1784719830740428800,13.190962791442871,216.79086303710938
1784719830750347776,13.200881719589233,214.14930725097656
1784719830760268032,13.210801839828491,211.494140625
1784719830770187776,13.22072172164917,208.88748168945312
1784719830780108032,13.230641841888428,206.2946014404297
1784719830790027776,13.240561723709106,203.77230834960938
1784719830799945984,13.250479936599731,201.24343872070312
1784719830809866240,13.26040005683899,198.76010131835938
1784719830819785984,13.270319938659668,196.31552124023438
1784719830829706240,13.280240058898926,193.8662872314453
1784719830839625216,13.290158987045288,191.4612274169922
1784719830849545216,13.300079107284546,189.08323669433594
1784719830859465216,13.309998989105225,186.73309326171875
1784719830869385216,13.319919109344482,184.41665649414062
1784719830879304192,13.329838037490845,182.02394104003906
1784719830889223936,13.339757919311523,179.5174560546875
1784719830899144192,13.349678039550781,176.95870971679688
1784719830909063936,13.35959792137146,174.32032775878906
1784719830918984192,13.369518041610718,171.52093505859375
1784719830928903168,13.37943696975708,168.59918212890625
1784719830938823168,13.389357089996338,165.5697021484375
1784719830948743168,13.399276971817017,162.4732208251953
1784719830958663168,13.409197092056274,159.27845764160156
1784719830968582144,13.419116020202637,155.95806884765625
1784719830978502144,13.429035902023315,152.57057189941406
1784719830988422144,13.438956022262573,149.04273986816406
1784719830998342144,13.448875904083252,145.41818237304688
1784719831008261120,13.458795070648193,141.42999267578125
1784719831018181120,13.468714952468872,137.30517578125
1784719831028101120,13.47863507270813,133.17001342773438
1784719831038021120,13.488554954528809,128.9497528076172
1784719831047940096,13.498473882675171,124.4868392944336
1784719831057860096,13.508394002914429,119.71038055419922
1784719831067780096,13.518313884735107,114.85347747802734
1784719831077700096,13.528234004974365,109.98584747314453
1784719831087620096,13.538153886795044,105.04570007324219
1784719831097539072,13.548073053359985,100.1851806640625
1784719831107459072,13.557992935180664,95.47383117675781
1784719831117379072,13.567913055419922,91.0778579711914
1784719831127299072,13.5778329372406,87.06271362304688
1784719831137218304,13.587752103805542,83.16351318359375
1784719831147138048,13.59767198562622,79.39563751220703
1784719831157058304,13.607592105865479,75.69049072265625
1784719831166978048,13.617511987686157,72.23657989501953
1784719831176897024,13.62743091583252,68.9620361328125
1784719831186817280,13.637351036071777,66.4678955078125
1784719831196737024,13.647270917892456,64.85721588134766
1784719831206657280,13.657191038131714,63.73685073852539
1784719831216577024,13.667110919952393,62.9585075378418
1784719831226496256,13.677030086517334,62.489986419677734
1784719831236416000,13.686949968338013,62.65427017211914
1784719831246336256,13.69687008857727,63.11924362182617
1784719831256256000,13.70678997039795,63.324337005615234
1784719831266174976,13.716708898544312,63.25003433227539
1784719831276095232,13.72662901878357,63.26778793334961
1784719831286014976,13.736548900604248,63.41962814331055
1784719831295935232,13.746469020843506,63.70045852661133
1784719831305854208,13.756387948989868,64.06898498535156
1784719831315774208,13.766308069229126,64.56343841552734
1784719831325694208,13.776227951049805,65.00812530517578
1784719831335614208,13.786148071289062,65.59999084472656
1784719831345533184,13.796066999435425,66.31396484375
1784719831355453184,13.805987119674683,67.05577087402344
1784719831365373184,13.815907001495361,67.91497039794922
1784719831375292928,13.82582688331604,68.85746002197266
1784719831385213184,13.835747003555298,69.82763671875
1784719831395132160,13.84566593170166,70.85449981689453
1784719831405052160,13.855586051940918,71.88617706298828
1784719831414972160,13.865505933761597,72.89522552490234
1784719831424892160,13.875426054000854,73.95955657958984
1784719831434811136,13.885344982147217,75.12886047363281
1784719831444731136,13.895265102386475,76.43545532226562
1784719831454651136,13.905184984207153,77.85800170898438
1784719831464571136,13.915105104446411,79.29681396484375
1784719831474490112,13.925024032592773,80.57746124267578
1784719831484410112,13.934943914413452,81.7063217163086
1784719831494330112,13.94486403465271,82.6917953491211
1784719831504250112,13.954783916473389,83.46980285644531
1784719831514169344,13.96470308303833,84.0855712890625
1784719831524089088,13.974622964859009,84.55203247070312
1784719831534009344,13.984543085098267,84.74549102783203
1784719831543929088,13.994462966918945,84.6024169921875
1784719831553849344,14.004383087158203,84.10588073730469
1784719831563768064,14.014302015304565,83.26394653320312
1784719831573688064,14.024221897125244,82.1365737915039
1784719831583608064,14.034142017364502,80.81287384033203
1784719831593528064,14.04406189918518,79.32877349853516
1784719831603447296,14.053981065750122,77.74728393554688
1784719831613367040,14.0639009475708,76.19125366210938
1784719831623287296,14.073821067810059,74.656005859375
1784719831633207040,14.083740949630737,73.087890625
1784719831643126272,14.093660116195679,71.58055114746094
1784719831653046016,14.103579998016357,70.07630920410156
1784719831662966272,14.113500118255615,68.66412353515625
1784719831672886016,14.123420000076294,67.39996337890625
1784719831682804992,14.133338928222656,66.18521118164062
1784719831692725248,14.143259048461914,64.92436981201172
1784719831702644992,14.153178930282593,63.64346694946289
1784719831712565248,14.16309905052185,62.17631149291992
1784719831722484224,14.173017978668213,60.418575286865234
1784719831732404224,14.18293809890747,58.601932525634766
1784719831742324224,14.19285798072815,56.293704986572266
1784719831752244224,14.202778100967407,53.8776741027832
1784719831762164224,14.212697982788086,51.290771484375
1784719831772082944,14.222616910934448,48.558807373046875
1784719831782003200,14.232537031173706,45.796504974365234
1784719831791922944,14.242456912994385,43.0681037902832
1784719831801844224,14.252377986907959,40.39575958251953
1784719831811762944,14.262296915054321,37.87905502319336
1784719831821683200,14.272217035293579,35.552894592285156
1784719831831602944,14.282136917114258,33.53285598754883
1784719831841523200,14.292057037353516,31.955089569091797
1784719831851442176,14.301975965499878,31.039188385009766
1784719831861362176,14.311896085739136,30.837383270263672
1784719831871282176,14.321815967559814,31.391254425048828
1784719831881202176,14.331736087799072,32.67787551879883
1784719831891121152,14.341655015945435,34.631858825683594
1784719831901041152,14.351574897766113,37.255760192871094
1784719831910961152,14.361495018005371,40.4716682434082
1784719831920881152,14.37141489982605,44.244224548339844
1784719831930800128,14.381334066390991,48.47045135498047
1784719831940720128,14.39125394821167,52.98747253417969
1784719831950640128,14.401174068450928,57.586727142333984
1784719831960560128,14.411093950271606,62.023441314697266
1784719831970480128,14.421014070510864,66.05984497070312
1784719831980399104,14.430932998657227,69.63394927978516
1784719831990319360,14.440853118896484,72.83715057373047
1784719832000239104,14.450773000717163,75.96807861328125
1784719832010159104,14.460692882537842,79.41630554199219
1784719832020078080,14.470612049102783,83.44628143310547
1784719832029998080,14.480531930923462,88.22508239746094
1784719832039918080,14.49045205116272,93.7300796508789
1784719832049838080,14.500371932983398,99.62647247314453
1784719832059757312,14.51029109954834,105.49539947509766
1784719832069677056,14.520210981369019,111.14955139160156
1784719832079597312,14.530131101608276,116.47745513916016
1784719832089517056,14.540050983428955,121.58415985107422
1784719832099436032,14.549969911575317,126.51660919189453
1784719832109356288,14.559890031814575,131.4882354736328
1784719832119276032,14.569809913635254,136.3244171142578
1784719832129196288,14.579730033874512,140.5897979736328
1784719832139115008,14.589648962020874,143.77587890625
1784719832149035264,14.599569082260132,145.543212890625
1784719832158955008,14.60948896408081,145.9395294189453
1784719832168875264,14.619409084320068,145.31088256835938
1784719832178794240,14.62932801246643,144.3701171875
1784719832188713984,14.63924789428711,87.83767700195312
1784719832198634240,14.649168014526367,86.73634338378906
1784719832208553984,14.659087896347046,85.87813568115234
1784719832218473216,14.669007062911987,85.16057586669922
1784719832228392960,14.678926944732666,84.47208404541016
1784719832238313216,14.688847064971924,83.69210815429688
1784719832248232960,14.698766946792603,82.81114959716797
1784719832258152192,14.708686113357544,81.8941650390625
1784719832268072192,14.718605995178223,81.02435302734375
1784719832277992192,14.72852611541748,80.27254486083984
1784719832287912192,14.73844599723816,79.67515563964844
1784719832297832192,14.748366117477417,79.0815200805664
1784719832307751168,14.75828504562378,78.49388122558594
1784719832317671168,14.768204927444458,77.89093780517578
1784719832327591168,14.778125047683716,77.22577667236328
1784719832337511168,14.788044929504395,76.49320983886719
1784719832347430144,14.797964096069336,75.73321533203125
1784719832357350144,14.807883977890015,75.148193359375
1784719832367270144,14.817804098129272,74.83528900146484
1784719832377190144,14.827723979949951,74.58770751953125
1784719832387109120,14.837642908096313,74.03612518310547
1784719832397029120,14.847563028335571,73.47330474853516
1784719832406949120,14.85748291015625,72.86016845703125
1784719832416869120,14.867403030395508,72.14031982421875
1784719832426788096,14.87732195854187,71.30925750732422
1784719832436708096,14.887242078781128,70.42952728271484
1784719832446628096,14.897161960601807,69.55136108398438
1784719832456548096,14.907082080841064,68.6420669555664
1784719832466467072,14.917001008987427,67.72605895996094
1784719832476387072,14.926920890808105,213.10635375976562
1784719832486307072,14.936841011047363,214.4490203857422
1784719832496227072,14.946760892868042,215.70213317871094
1784719832506146304,14.956680059432983,216.70957946777344
1784719832516066048,14.966599941253662,217.5405731201172
1784719832525986304,14.97652006149292,218.35641479492188
1784719832535906048,14.986439943313599,219.18492126464844
1784719832545825280,14.99635910987854,219.94662475585938
1784719832555745024,15.006278991699219,220.62998962402344
1784719832565665280,15.016199111938477,221.3410186767578
1784719832575585024,15.026118993759155,222.03726196289062
1784719832585504000,15.036037921905518,222.66390991210938
1784719832595424256,15.045958042144775,223.24258422851562
1784719832605344000,15.055877923965454,223.8148193359375
1784719832615264256,15.065798044204712,224.30615234375
1784719832625184000,15.07571792602539,224.71530151367188
1784719832635103232,15.085637092590332,225.06777954101562
1784719832645023232,15.09555697441101,225.23809814453125
1784719832654943232,15.105477094650269,225.1995849609375
1784719832664863232,15.115396976470947,225.02383422851562
1784719832674781952,15.12531590461731,224.75103759765625
1784719832684702208,15.135236024856567,224.26710510253906
1784719832694621952,15.145155906677246,223.5551300048828
1784719832704542208,15.155076026916504,222.70166015625
1784719832714461184,15.164994955062866,221.7050323486328
1784719832724381184,15.174915075302124,220.5360565185547
1784719832734301184,15.184834957122803,219.2384490966797
1784719832744221184,15.19475507736206,217.75340270996094
1784719832754140160,15.204674005508423,216.17160034179688
1784719832764059904,15.214593887329102,214.51365661621094
1784719832773980160,15.22451400756836,212.700927734375
1784719832783899904,15.234433889389038,210.7880096435547
1784719832793819136,15.24435305595398,208.76693725585938
1784719832803739392,15.254273176193237,206.6978302001953
1784719832813659136,15.264193058013916,204.59764099121094
1784719832823579392,15.274113178253174,202.49586486816406
1784719832833498112,15.284032106399536,200.31906127929688
1784719832843418368,15.293952226638794,198.08135986328125
1784719832853338368,15.303872108459473,195.8822021484375
1784719832863258368,15.31379222869873,193.63406372070312
1784719832873177344,15.323711156845093,191.44448852539062
1784719832883097088,15.333631038665771,189.3845672607422
1784719832893017344,15.34355115890503,187.39938354492188
1784719832902937088,15.353471040725708,185.44021606445312
1784719832912856320,15.36339020729065,183.42385864257812
1784719832922776320,15.373310089111328,181.3448944091797
1784719832932696320,15.383230209350586,179.20018005371094
1784719832942616320,15.393150091171265,176.90261840820312
1784719832952536320,15.403070211410522,174.57435607910156
1784719832962455296,15.412989139556885,172.1853485107422
1784719832972375040,15.422909021377563,169.73207092285156
1784719832982295296,15.432829141616821,167.30384826660156
1784719832992215040,15.4427490234375,164.8282470703125
1784719833002134272,15.452668190002441,162.3112335205078
1784719833012054272,15.46258807182312,159.72105407714844
1784719833021974272,15.472508192062378,157.06802368164062
1784719833031894272,15.482428073883057,154.30703735351562
1784719833041813248,15.492347240447998,151.4765625
1784719833051733248,15.502267122268677,148.55567932128906
1784719833061653248,15.512187242507935,145.44432067871094
1784719833071573248,15.522107124328613,142.17617797851562
1784719833081492224,15.532026052474976,138.7351837158203
1784719833091412224,15.541946172714233,135.02317810058594
1784719833101332224,15.551866054534912,131.00296020507812
1784719833111252224,15.56178617477417,126.81354522705078
1784719833121171200,15.571705102920532,122.56311798095703
1784719833131091456,15.58162522315979,118.26778411865234
1784719833141011200,15.591545104980469,113.94180297851562
1784719833150931456,15.601465225219727,109.3645248413086
1784719833160850176,15.611384153366089,104.79903411865234
1784719833170770176,15.621304035186768,100.21212005615234
1784719833180690176,15.631224155426025,95.76115417480469
1784719833190610176,15.641144037246704,91.62492370605469
1784719833200529408,15.651063203811646,87.88327026367188
1784719833210449152,15.660983085632324,84.32710266113281
1784719833220369408,15.670903205871582,80.99881744384766
1784719833230289152,15.68082308769226,77.89119720458984
1784719833240208128,15.690742015838623,74.871826171875
1784719833250128384,15.70066213607788,72.16899108886719
1784719833260048128,15.71058201789856,70.02776336669922
1784719833269968384,15.720502138137817,68.2351303100586
1784719833279887104,15.73042106628418,66.91615295410156
1784719833289807360,15.740341186523438,65.94446563720703
1784719833299727104,15.750261068344116,64.89794921875
1784719833309647360,15.760181188583374,63.80427169799805
1784719833319566336,15.770100116729736,62.82724380493164
1784719833329486336,15.780020236968994,62.22349166870117
1784719833339406336,15.789940118789673,61.9583625793457
1784719833349326336,15.79986023902893,61.75094223022461
1784719833359245312,15.809779167175293,61.816654205322266
1784719833369165056,15.819699048995972,61.95466995239258
1784719833379085312,15.82961916923523,62.23566818237305
1784719833389005312,15.839539051055908,62.70637893676758
1784719833398924288,15.84945821762085,63.34477615356445
1784719833408844288,15.859378099441528,63.96355056762695
1784719833418764288,15.869298219680786,64.55872344970703
1784719833428684288,15.879218101501465,65.2200698852539
1784719833438603264,15.889137029647827,65.93379211425781
1784719833448523264,15.899057149887085,66.78520202636719
1784719833458443264,15.908977031707764,67.54181671142578
1784719833468363264,15.918897151947021,68.34528350830078
1784719833478283264,15.9288170337677,69.21736907958984
1784719833488202240,15.938736200332642,69.96830749511719
1784719833498122240,15.94865608215332,70.74396514892578
1784719833508042240,15.958576202392578,71.37564849853516
1784719833517962240,15.968496084213257,71.96019744873047
1784719833527881216,15.97841501235962,72.67743682861328
1784719833537801216,15.988335132598877,73.49948120117188
1784719833547721216,15.998255014419556,74.38549041748047
1784719833557641216,16.008175134658813,75.34125518798828
1784719833567560192,16.018094062805176,76.26348876953125
1784719833577480192,16.028014183044434,77.0361328125
1784719833587400192,16.037934064865112,77.59208679199219
1784719833597320192,16.04785418510437,77.98336029052734
1784719833607239168,16.057773113250732,78.25859069824219
1784719833617159424,16.06769323348999,78.38421630859375
1784719833627079168,16.07761311531067,78.37882995605469
1784719833636999424,16.087533235549927,78.2886962890625
1784719833646918400,16.09745216369629,78.09475708007812
1784719833656838144,16.107372045516968,77.83830261230469
1784719833666758400,16.117292165756226,77.4595947265625
1784719833676678144,16.127212047576904,76.88737487792969
1784719833686597376,16.137131214141846,76.1237564086914
1784719833696517120,16.147051095962524,75.19015502929688
1784719833706437376,16.156971216201782,74.1190185546875
1784719833716357120,16.16689109802246,72.92993927001953
1784719833726276096,16.176810026168823,71.78052520751953
1784719833736196352,16.18673014640808,70.65032958984375
1784719833746116096,16.19665002822876,69.42315673828125
1784719833756036352,16.206570148468018,68.08672332763672
1784719833765955328,16.21648907661438,66.59273529052734
1784719833775875328,16.226409196853638,64.96598052978516
1784719833785795328,16.236329078674316,63.09049606323242
1784719833795715328,16.246249198913574,60.954776763916016
1784719833805633792,16.25616765022278,58.53852462768555
1784719833815553792,16.266087532043457,56.07822036743164
1784719833825473792,16.276007652282715,53.5307731628418
1784719833835393792,16.285927534103394,50.84379196166992
1784719833845312512,16.295846462249756,48.205780029296875
1784719833855232768,16.305766582489014,45.61463928222656
1784719833865152512,16.315686464309692,43.15730285644531
1784719833875072768,16.32560658454895,40.69704818725586
1784719833884991744,16.335525512695312,38.44296646118164
1784719833894911744,16.34544563293457,36.536468505859375
1784719833904831744,16.35536551475525,35.08127975463867
1784719833914751744,16.365285634994507,34.21562957763672
1784719833924670720,16.37520456314087,34.11948013305664
1784719833934590464,16.385124444961548,34.874229431152344
1784719833944510720,16.395044565200806,36.49078369140625
1784719833954430464,16.404964447021484,38.95536804199219
1784719833964349696,16.414883613586426,42.20123291015625
1784719833974269696,16.424803495407104,46.115089416503906
1784719833984189696,16.434723615646362,50.40812301635742
1784719833994109696,16.44464349746704,54.82563400268555
1784719834004029696,16.4545636177063,59.225215911865234
1784719834013948672,16.46448254585266,63.62654495239258
1784719834023868672,16.47440242767334,68.16011810302734
1784719834033788672,16.484322547912598,72.9386215209961
1784719834043708672,16.494242429733276,77.96248626708984
1784719834053627648,16.504161596298218,83.02852630615234
1784719834063547648,16.514081478118896,87.9440689086914
1784719834073467648,16.524001598358154,92.64105224609375
1784719834083387648,16.533921480178833,97.37157440185547
1784719834093306880,16.543840646743774,102.55491638183594
1784719834103226624,16.553760528564453,108.33045959472656
1784719834113146880,16.56368064880371,114.62823486328125
1784719834123066624,16.57360053062439,120.98491668701172
1784719834132985600,16.583519458770752,127.17583465576172
1784719834142905600,16.59343957901001,133.02682495117188
1784719834152825600,16.60335946083069,138.51087951660156
1784719834162745600,16.613279581069946,143.83975219726562
1784719834172664576,16.62319850921631,149.0961456298828
1784719834182584832,16.633118629455566,154.42782592773438
1784719834192504576,16.643038511276245,159.49205017089844
1784719834202424832,16.652958631515503,163.9882049560547
1784719834212343808,16.662877559661865,167.56776428222656
1784719834222263552,16.672797441482544,170.27676391601562
1784719834232183808,16.6827175617218,172.3344268798828
1784719834242103552,16.69263744354248,174.01795959472656
1784719834252022784,16.702556610107422,175.58709716796875
1784719834261942528,16.7124764919281,177.25643920898438
1784719834271862784,16.72239661216736,179.12603759765625
1784719834281782528,16.732316493988037,181.0523223876953
1784719834291701760,16.74223566055298,182.8966522216797
1784719834301621760,16.752155542373657,184.53631591796875
1784719834311541504,16.762075424194336,185.91024780273438
1784719834321461760,16.771995544433594,186.9867401123047
1784719834331380480,16.781914472579956,187.826416015625
1784719834341300736,16.791834592819214,77.43912506103516
1784719834351220480,16.801754474639893,76.32868194580078
1784719834361140736,16.81167459487915,75.47978973388672
1784719834371059712,16.821593523025513,74.82080841064453
1784719834380979712,16.83151364326477,74.23831939697266
1784719834390899712,16.84143352508545,73.65159606933594
1784719834400819712,16.851353645324707,72.99777221679688
1784719834410738688,16.86127257347107,72.34677124023438
1784719834420658688,16.871192455291748,71.746826171875
1784719834430578688,16.881112575531006,71.2238540649414
1784719834440498688,16.891032457351685,70.5932388305664
1784719834450417664,16.900951623916626,70.22582244873047
1784719834460337664,16.910871505737305,69.71485137939453
1784719834470257664,16.920791625976562,68.87909698486328
1784719834480177664,16.93071150779724,68.04158020019531
1784719834490096640,16.940630435943604,67.26353454589844
1784719834500016640,16.95055055618286,217.3585662841797
1784719834509936640,16.96047043800354,218.79510498046875
1784719834519856640,16.970390558242798,219.75315856933594
1784719834529775616,16.98030948638916,220.3227081298828
1784719834539695616,16.990229606628418,220.6212158203125
1784719834549615616,17.000149488449097,220.70558166503906
1784719834559535616,17.010069608688354,220.7179718017578
1784719834569454592,17.019988536834717,220.81777954101562
1784719834579374848,17.029908657073975,221.1320343017578
1784719834589294592,17.039828538894653,221.5467071533203
1784719834599214848,17.04974865913391,222.0123291015625
1784719834609133824,17.059667587280273,222.27682495117188
1784719834619053568,17.069587469100952,222.77606201171875
1784719834628973824,17.07950758934021,223.52166748046875
1784719834638893568,17.08942747116089,224.04010009765625
1784719834648812800,17.09934663772583,224.399658203125
1784719834658732544,17.10926651954651,224.8099822998047
1784719834668652800,17.119186639785767,225.1363525390625
1784719834678572544,17.129106521606445,225.23822021484375
1784719834688491520,17.139025449752808,225.23544311523438
1784719834698411776,17.148945569992065,225.1116180419922
1784719834708331520,17.158865451812744,224.8504638671875
1784719834718251776,17.168785572052002,224.39100646972656
1784719834728170752,17.178704500198364,223.8211212158203
1784719834738090752,17.188624620437622,223.08444213867188
1784719834748010752,17.1985445022583,222.25750732421875
1784719834757930752,17.20846462249756,221.30718994140625
1784719834767849728,17.21838355064392,220.2830810546875
1784719834777769472,17.2283034324646,219.13522338867188
1784719834787689728,17.238223552703857,217.83279418945312
1784719834797609472,17.248143434524536,216.31524658203125
1784719834807529216,17.258063077926636,214.6541748046875
1784719834817449216,17.267983198165894,212.7918243408203
1784719834827369216,17.277903079986572,210.8419952392578
1784719834837289216,17.28782320022583,208.85655212402344
1784719834847208192,17.297742128372192,206.88214111328125
1784719834857128192,17.30766201019287,204.8652801513672
1784719834867048192,17.31758213043213,202.79379272460938
1784719834876968192,17.327502012252808,200.69073486328125
1784719834886887424,17.33742117881775,198.67250061035156
1784719834896807168,17.347341060638428,196.69931030273438
1784719834906727424,17.357261180877686,194.62120056152344
1784719834916647168,17.367181062698364,192.46701049804688
1784719834926566400,17.377100229263306,190.2956085205078
1784719834936486144,17.387020111083984,188.1433563232422
1784719834946406400,17.396940231323242,186.01687622070312
1784719834956325376,17.406859159469604,183.87747192382812
1784719834966245120,17.416779041290283,181.69091796875
1784719834976165376,17.42669916152954,179.43634033203125
1784719834986085120,17.43661904335022,177.1556854248047
1784719834996004352,17.44653820991516,174.8365478515625
1784719835005924352,17.45645809173584,172.4611358642578
1784719835015844352,17.466378211975098,170.05050659179688
1784719835025764352,17.476298093795776,167.56031799316406
1784719835035683072,17.48621702194214,165.04624938964844
1784719835045603328,17.496137142181396,162.47056579589844
1784719835055523072,17.506057024002075,159.81265258789062
1784719835065443328,17.515977144241333,157.1276397705078
1784719835075362304,17.525896072387695,154.30313110351562
1784719835085282304,17.535816192626953,151.30435180664062
1784719835095202304,17.545736074447632,148.256103515625
1784719835105122304,17.55565619468689,145.14967346191406
1784719835115041280,17.565575122833252,141.92652893066406
1784719835124961280,17.57549524307251,138.6591033935547
1784719835134881280,17.58541512489319,135.45169067382812
1784719835144801024,17.595335006713867,132.20286560058594
1784719835154720256,17.60525417327881,128.7650604248047
1784719835164640256,17.615174055099487,125.12238311767578
1784719835174560256,17.625094175338745,121.37110137939453
1784719835184480256,17.635014057159424,117.37499237060547
1784719835194399232,17.644933223724365,113.2444076538086
1784719835204319232,17.654853105545044,109.2509765625
1784719835214239232,17.6647732257843,105.28585052490234
1784719835224159232,17.67469310760498,101.23194122314453
1784719835234078208,17.684612035751343,97.19110870361328
1784719835243998208,17.6945321559906,93.05034637451172
1784719835253918208,17.70445203781128,89.04875946044922
1784719835263838208,17.714372158050537,85.61969757080078
1784719835273757184,17.7242910861969,82.1036148071289
1784719835283677440,17.734211206436157,78.4845199584961
1784719835293597184,17.744131088256836,75.08222961425781
1784719835303517440,17.754051208496094,71.86428833007812
1784719835313436160,17.763970136642456,69.14971160888672
1784719835323356160,17.773890018463135,66.85729217529297
1784719835333276160,17.783810138702393,65.10842895507812
1784719835343196160,17.79373002052307,63.85023880004883
1784719835353115392,17.803649187088013,63.11819839477539
1784719835363035136,17.81356906890869,62.71757125854492
1784719835372955392,17.82348918914795,62.106082916259766
1784719835382875136,17.833409070968628,61.52092361450195
1784719835392794368,17.84332823753357,61.19185256958008
1784719835402714368,17.853248119354248,61.12356948852539
1784719835412634368,17.863168239593506,61.23823928833008
1784719835422553344,17.873087167739868,61.7963752746582
1784719835432473088,17.883007049560547,62.4122428894043
1784719835442393344,17.892927169799805,63.14730453491211
1784719835452313088,17.902847051620483,64.07996368408203
1784719835462232320,17.912766218185425,64.93889617919922
1784719835472152320,17.922686100006104,65.85257720947266
1784719835482072320,17.93260622024536,66.75543975830078
1784719835491992320,17.94252610206604,67.5785903930664
1784719835501911040,17.952445030212402,68.37760925292969
1784719835511831296,17.96236515045166,69.11441040039062
1784719835521751040,17.97228503227234,69.90606689453125
1784719835531671296,17.982205152511597,70.71910095214844
1784719835541590272,17.99212408065796,71.41777038574219
1784719835551510272,18.002044200897217,72.15679168701172
1784719835561430272,18.011964082717896,72.92461395263672
1784719835571350272,18.021884202957153,73.69610595703125
1784719835581269248,18.031803131103516,74.508056640625
1784719835591189248,18.041723012924194,75.38296508789062
1784719835601109248,18.051643133163452,76.20858001708984
1784719835611029248,18.06156301498413,76.93212890625
1784719835620948224,18.071482181549072,77.5572738647461
1784719835630868224,18.08140206336975,78.0763931274414
1784719835640788224,18.09132218360901,78.4844970703125
1784719835650708224,18.101242065429688,78.80767059326172
1784719835660627456,18.11116123199463,79.06101989746094
1784719835670547200,18.121081113815308,79.24760437011719
1784719835680467456,18.131001234054565,79.30286407470703
1784719835690387200,18.140921115875244,79.13612365722656
1784719835700306176,18.150840044021606,78.7844467163086
1784719835710226176,18.160760164260864,78.31393432617188
1784719835720146176,18.170680046081543,77.7316665649414
1784719835730065408,18.180599212646484,77.00724792480469
1784719835739985152,18.190519094467163,76.2801742553711
1784719835749905408,18.20043921470642,75.44000244140625
1784719835759825152,18.2103590965271,74.32852935791016
1784719835769744128,18.220278024673462,73.11304473876953
1784719835779664384,18.23019814491272,71.90367126464844
1784719835789584128,18.2401180267334,70.6363525390625
1784719835799504384,18.250038146972656,69.42667388916016
1784719835809422592,18.25995635986328,68.21757507324219
1784719835819342592,18.26987648010254,66.91621398925781
1784719835829262592,18.279796361923218,65.60472869873047
1784719835839182592,18.289716482162476,64.15914916992188
1784719835849101568,18.299635410308838,62.27167892456055
1784719835859021568,18.309555530548096,60.1856803894043
1784719835868941568,18.319475412368774,58.1945915222168
1784719835878861568,18.329395532608032,55.88533401489258
1784719835888780544,18.339314460754395,53.489295959472656
1784719835898700544,18.349234342575073,51.09459686279297
1784719835908620544,18.35915446281433,48.80185317993164
1784719835918540544,18.36907434463501,46.55036926269531
1784719835928459520,18.37899351119995,44.34415054321289
1784719835938379520,18.38891339302063,42.27668380737305
1784719835948299520,18.398833513259888,40.46904373168945
1784719835958219520,18.408753395080566,38.965736389160156
1784719835968138496,18.41867232322693,37.882266998291016
1784719835978058496,18.428592443466187,37.29751968383789
1784719835987978496,18.438512325286865,37.33806610107422
1784719835997898496,18.448432445526123,38.04189682006836
1784719836007817472,18.458351373672485,39.430294036865234
1784719836017737728,18.468271493911743,41.44420623779297
1784719836027657472,18.478191375732422,44.05900573730469
1784719836037576448,18.488110303878784,47.151432037353516
1784719836047496448,18.498030424118042,50.60280990600586
1784719836057416448,18.50795030593872,54.25495529174805
1784719836067336448,18.51787042617798,58.022151947021484
1784719836077255424,18.52778935432434,61.87772750854492
1784719836087175680,18.5377094745636,65.89873504638672
1784719836097095424,18.547629356384277,70.21797180175781
1784719836107015680,18.557549476623535,74.82473754882812
1784719836116934656,18.567468404769897,80.14041137695312
1784719836126854656,18.577388525009155,85.97633361816406
1784719836136774656,18.587308406829834,92.24211120605469
1784719836146694656,18.597228527069092,98.71217346191406
1784719836156613632,18.607147455215454,105.30934143066406
1784719836166533376,18.617067337036133,111.95841217041016
1784719836176453632,18.62698745727539,118.5758285522461
1784719836186373376,18.63690733909607,125.0743179321289
1784719836196292608,18.64682650566101,131.3339385986328
1784719836206212608,18.65674638748169,137.2681884765625
1784719836216132608,18.666666507720947,142.80433654785156
1784719836226052608,18.676586389541626,147.9568634033203
1784719836235971328,18.68650531768799,152.66844177246094
1784719836245891584,18.696425437927246,156.91665649414062
1784719836255811328,18.706345319747925,160.8171844482422
1784719836265731584,18.716265439987183,164.54302978515625
1784719836275650560,18.726184368133545,168.10723876953125
1784719836285570560,18.736104488372803,171.35989379882812
1784719836295490560,18.74602437019348,174.02137756347656
1784719836305409536,18.755943298339844,175.87428283691406
1784719836315329536,18.7658634185791,177.0130615234375
1784719836325249536,18.77578330039978,177.78219604492188
1784719836335169536,18.785703420639038,178.47662353515625
1784719836345088512,18.7956223487854,179.3737335205078
1784719836355008512,18.805542469024658,180.6327362060547
1784719836364928512,18.815462350845337,182.14573669433594
1784719836374848512,18.825382471084595,92.75345611572266
1784719836384767488,18.835301399230957,91.68888854980469
1784719836394687744,18.845221519470215,90.75692749023438
1784719836404607488,18.855141401290894,90.00846099853516
1784719836414527744,18.86506152153015,89.4471435546875
1784719836424446464,18.874980449676514,88.9969482421875
1784719836434366464,18.884900331497192,88.56229400634766
1784719836444286464,18.89482045173645,88.08638000488281
1784719836454206464,18.90474033355713,87.57777404785156
1784719836464125696,18.91465950012207,87.07650756835938
1784719836474045440,18.92457938194275,86.64594268798828
1784719836483965696,18.934499502182007,86.33647155761719
1784719836493884672,18.94441843032837,86.02981567382812
1784719836503804416,18.954338312149048,85.80240631103516
1784719836513724672,18.964258432388306,85.8010482788086
1784719836523644416,18.974178314208984,85.74827575683594
1784719836533563648,18.984097480773926,85.52400207519531
1784719836543483392,18.994017362594604,85.36613464355469
1784719836553403648,19.003937482833862,85.17523193359375
1784719836563323392,19.01385736465454,85.07901763916016
1784719836573242624,19.023776531219482,231.00247192382812
1784719836583162624,19.03369641304016,231.95123291015625
1784719836593082624,19.04361653327942,232.8273162841797
1784719836603002624,19.053536415100098,233.581787109375
1784719836612921600,19.06345534324646,234.22515869140625
1784719836622841600,19.073375463485718,234.85899353027344
1784719836632761600,19.083295345306396,235.55221557617188
1784719836642681600,19.093215465545654,236.16522216796875
1784719836652600576,19.103134393692017,236.83839416503906
1784719836662520576,19.113054513931274,237.59066772460938
1784719836672440576,19.122974395751953,238.39736938476562
1784719836682360576,19.13289451599121,239.23793029785156
1784719836692279552,19.142813444137573,240.03399658203125
1784719836702199552,19.152733325958252,240.54751586914062
1784719836712119552,19.16265344619751,241.0452880859375
1784719836722039552,19.17257332801819,241.94029235839844
1784719836731958528,19.18249249458313,242.54751586914062
1784719836741878528,19.19241237640381,243.24337768554688
1784719836751798528,19.202332496643066,243.8280029296875
1784719836761717504,19.21225142478943,244.31185913085938
1784719836771637504,19.222171306610107,244.73812866210938
1784719836781557504,19.232091426849365,245.06744384765625
1784719836791477504,19.242011308670044,245.2400360107422
1784719836801396736,19.251930475234985,245.300537109375
1784719836811315968,19.261849880218506,245.22402954101562
1784719836821235968,19.271769762039185,244.88551330566406
1784719836831155968,19.281689882278442,244.29928588867188
1784719836841074944,19.291608810424805,243.57254028320312
1784719836850994944,19.301528930664062,242.63778686523438
1784719836860914944,19.31144881248474,241.4998779296875
1784719836870834944,19.321368932724,240.17770385742188
1784719836880753920,19.33128786087036,238.66061401367188
1784719836890674176,19.34120798110962,237.09530639648438
1784719836900593920,19.351127862930298,235.38970947265625
1784719836910514176,19.361047983169556,233.60684204101562
1784719836920433152,19.370966911315918,231.6640625
1784719836930352896,19.380886793136597,229.71441650390625
1784719836940273152,19.390806913375854,227.6719970703125
1784719836950192896,19.400726795196533,225.50030517578125
1784719836960112128,19.410645961761475,223.3087615966797
1784719836970031872,19.420565843582153,221.1012420654297
1784719836979952128,19.43048596382141,218.9185791015625
1784719836989871104,19.440404891967773,216.68563842773438
1784719836999790848,19.450324773788452,214.50291442871094
1784719837009711104,19.46024489402771,212.33587646484375
1784719837019630848,19.47016477584839,210.28521728515625
1784719837029550080,19.48008394241333,208.22738647460938
1784719837039470080,19.49000382423401,206.17660522460938
1784719837049390080,19.499923944473267,204.11302185058594
1784719837059310080,19.509843826293945,202.03717041015625
1784719837069229056,19.519762992858887,199.95480346679688
1784719837079149056,19.529682874679565,197.81802368164062
1784719837089068800,19.539602756500244,195.6282501220703
1784719837098989056,19.549522876739502,193.4159393310547
1784719837108908032,19.559441804885864,191.13108825683594
1784719837118828032,19.569361925125122,188.77732849121094
1784719837128748032,19.5792818069458,186.3717803955078
1784719837138668032,19.58920192718506,183.90057373046875
1784719837148587008,19.59912085533142,181.33389282226562
1784719837158507008,19.60904097557068,178.71031188964844
1784719837168427008,19.618960857391357,176.03244018554688
1784719837178347008,19.628880977630615,173.3214569091797
1784719837188265984,19.638799905776978,170.57720947265625
1784719837198185984,19.648719787597656,167.7628936767578
1784719837208105984,19.658639907836914,164.91848754882812
1784719837218024960,19.668558835983276,161.93313598632812
1784719837227945216,19.678478956222534,158.7354736328125
1784719837237864960,19.688398838043213,155.280029296875
1784719837247785216,19.69831895828247,151.6219940185547
1784719837257703936,19.708237886428833,147.6969757080078
1784719837267623936,19.71815776824951,143.5330047607422
1784719837277543936,19.72807788848877,139.26487731933594
1784719837287463936,19.73799777030945,134.84149169921875
1784719837297383168,19.74791693687439,130.23995971679688
1784719837307302912,19.75783681869507,125.6951675415039
1784719837317223168,19.767756938934326,121.25589752197266
1784719837327142912,19.777676820755005,116.9399642944336
1784719837337062144,19.787595987319946,112.53543853759766
1784719837346981888,19.797515869140625,108.14127349853516
1784719837356902144,19.807435989379883,104.01136016845703
1784719837366821888,19.81735587120056,99.96350860595703
1784719837376740864,19.827274799346924,95.88836669921875
1784719837386661120,19.83719491958618,91.7712631225586
1784719837396580864,19.84711480140686,87.77861785888672
1784719837406500096,19.8570339679718,83.99188995361328
1784719837416420096,19.86695384979248,80.6772232055664
1784719837426340096,19.87687397003174,78.08585357666016
1784719837436260096,19.886793851852417,76.0808334350586
1784719837446178816,19.89671277999878,74.83784484863281
1784719837456099072,19.906632900238037,74.06974029541016
1784719837466018816,19.916552782058716,73.37982940673828
1784719837475939072,19.926472902297974,73.11827087402344
1784719837485858048,19.936391830444336,73.20219421386719
1784719837495778048,19.946311950683594,73.68289947509766
1784719837505698048,19.956231832504272,74.2802963256836
1784719837515618048,19.96615195274353,74.85641479492188
1784719837525537024,19.976070880889893,75.36563110351562
1784719837535456768,19.98599076271057,75.83756256103516
1784719837545377024,19.99591088294983,76.564453125
1784719837555297024,20.005830764770508,77.52835083007812
1784719837565216000,20.01574993133545,78.44632720947266
1784719837575136000,20.025669813156128,79.27324676513672
1784719837585056000,20.035589933395386,80.09866333007812
1784719837594976000,20.045509815216064,81.02092742919922
1784719837604895232,20.055428981781006,82.07867431640625
1784719837614814976,20.065348863601685,83.33305358886719
1784719837624735232,20.075268983840942,84.62940216064453
1784719837634653952,20.085187911987305,85.84387969970703
1784719837644573952,20.095107793807983,86.98860168457031
1784719837654493952,20.10502791404724,88.0197525024414
1784719837664413952,20.11494779586792,88.9194107055664
1784719837674333184,20.12486696243286,89.81742095947266
1784719837684252928,20.13478684425354,90.6559829711914
1784719837694173184,20.144706964492798,91.43963623046875
1784719837704092928,20.154626846313477,92.13345336914062
1784719837714011904,20.16454577445984,92.60737609863281
1784719837723931904,20.174465894699097,92.88969421386719
1784719837733851904,20.184385776519775,92.9904556274414
1784719837743771904,20.194305896759033,92.96713256835938
1784719837753690880,20.204224824905396,92.84793090820312
1784719837763611136,20.214144945144653,92.55484008789062
1784719837773530880,20.224064826965332,92.17810821533203
1784719837783451136,20.23398494720459,91.7616195678711
1784719837793370112,20.243903875350952,91.31275177001953
1784719837803289856,20.25382375717163,90.84849548339844
1784719837813210368,20.263744115829468,90.37725067138672
1784719837823130368,20.273664236068726,89.9094009399414
1784719837833049344,20.283583164215088,89.48607635498047
1784719837842969088,20.293503046035767,89.0380630493164
1784719837852889344,20.303423166275024,88.57911682128906
1784719837862808320,20.313342094421387,88.0340347290039
1784719837872728320,20.323262214660645,87.42339324951172
1784719837882648320,20.333182096481323,86.65364837646484
1784719837892568320,20.34310221672058,85.69129180908203
1784719837902487296,20.353021144866943,84.6944808959961
1784719837912407040,20.362941026687622,83.7580337524414
1784719837922327296,20.37286114692688,82.85787200927734
1784719837932247040,20.38278102874756,81.91072082519531
1784719837942166272,20.3927001953125,80.86445617675781
1784719837952086272,20.40262007713318,79.78495025634766
1784719837962006272,20.412540197372437,78.64469146728516
1784719837971926272,20.422460079193115,77.48173522949219
1784719837981845248,20.432379007339478,76.30978393554688
1784719837991765248,20.442299127578735,75.04133605957031
1784719838001685248,20.452219009399414,73.58069610595703
1784719838011604224,20.462138175964355,71.99126434326172
1784719838021524224,20.472058057785034,70.22833251953125
1784719838031444224,20.481978178024292,68.19313049316406
1784719838041364224,20.49189805984497,65.96943664550781
1784719838051283456,20.501817226409912,63.66537094116211
1784719838061203200,20.51173710823059,61.34201431274414
1784719838071123456,20.52165722846985,58.92306900024414
1784719838081043200,20.531577110290527,56.38518142700195
1784719838090962176,20.54149603843689,53.73107147216797
1784719838100882176,20.551416158676147,50.91255187988281
1784719838110802176,20.561336040496826,48.041404724121094
1784719838120722176,20.571256160736084,45.108543395996094
1784719838130641152,20.581175088882446,42.16617202758789
1784719838140561408,20.591095209121704,39.08577346801758
1784719838150481152,20.601015090942383,35.810855865478516
1784719838160401408,20.61093521118164,32.36406707763672
1784719838170320384,20.620854139328003,28.75082778930664
1784719838180240128,20.63077402114868,24.985244750976562
1784719838190160384,20.64069414138794,21.039066314697266
1784719838200079104,20.6506130695343,16.885101318359375
1784719838209999360,20.66053318977356,12.54576587677002
1784719838219919104,20.67045307159424,8.027724266052246
1784719838229839360,20.680373191833496,3.378769874572754
1784719838239758336,20.69029211997986,358.71368408203125
1784719838249678336,20.700212240219116,354.1650085449219
1784719838259598336,20.710132122039795,349.785888671875
1784719838269518336,20.720052242279053,345.49591064453125
1784719838279437312,20.729971170425415,341.1629333496094
1784719838289357312,20.739891052246094,336.6622619628906
1784719838299277312,20.74981117248535,331.995361328125
1784719838309196288,20.759730100631714,327.1643371582031
1784719838319116288,20.76965022087097,322.1708679199219
1784719838329036288,20.77957010269165,317.0436096191406
1784719838338956288,20.789490222930908,311.8626403808594
1784719838348875264,20.79940915107727,306.7364196777344
1784719838358795264,20.80932903289795,301.7173156738281
1784719838368715264,20.819249153137207,296.7761535644531
1784719838378635264,20.829169034957886,291.8322448730469
1784719838388554240,20.839088201522827,286.8688659667969
1784719838398474240,20.849008083343506,281.91131591796875
1784719838408394240,20.858928203582764,276.9632873535156
1784719838418314240,20.868848085403442,272.0035400390625
1784719838428233216,20.878767013549805,267.0020446777344
1784719838438153216,20.888687133789062,261.9378662109375
1784719838448073216,20.89860701560974,256.8307189941406
1784719838457992192,20.908526182174683,251.81854248046875
1784719838467912192,20.91844606399536,246.97650146484375
1784719838477832192,20.92836618423462,242.31387329101562
1784719838487752192,20.938286066055298,237.90447998046875
1784719838497671424,20.94820523262024,233.84564208984375
1784719838507591168,20.958125114440918,230.0349578857422
1784719838517511424,20.968045234680176,226.33079528808594
1784719838527431168,20.977965116500854,222.66592407226562
1784719838537350144,20.987884044647217,219.0657501220703
1784719838547270400,20.997804164886475,215.66769409179688
1784719838557190144,21.007724046707153,212.87681579589844
1784719838567110400,21.01764416694641,209.78228759765625
1784719838577029120,21.027563095092773,207.08859252929688
1784719838586949376,21.03748321533203,205.69569396972656
1784719838596869120,21.04740309715271,204.8475341796875
1784719838606788096,21.057322025299072,204.8421173095703
1784719838616708352,21.06724214553833,205.2478790283203
1784719838626628096,21.07716202735901,205.72628784179688
1784719838636548352,21.087082147598267,206.4519500732422
1784719838646467328,21.09700107574463,207.54771423339844
1784719838656387328,21.106921195983887,208.7513885498047
1784719838666307328,21.116841077804565,209.6248321533203
1784719838676227328,21.126761198043823,211.140625
1784719838686146304,21.136680126190186,213.27130126953125
1784719838696066048,21.146600008010864,215.57872009277344
1784719838705986304,21.156520128250122,217.6569366455078
1784719838715906048,21.1664400100708,219.60928344726562
1784719838725825280,21.176359176635742,221.33175659179688
1784719838735745280,21.18627905845642,222.81967163085938
1784719838745665280,21.19619917869568,224.19363403320312
1784719838755584256,21.20611810684204,225.46917724609375
1784719838765504256,21.2160382270813,226.69107055664062
1784719838775424256,21.225958108901978,227.79022216796875
1784719838785344256,21.235878229141235,228.69448852539062
1784719838795263232,21.245797157287598,229.4323272705078
1784719838805183232,21.255717039108276,230.0581512451172
1784719838815104256,21.26563811302185,230.57667541503906
1784719838825024000,21.27555799484253,230.9215087890625
1784719838834942976,21.28547692298889,231.1757049560547
1784719838844863232,21.29539704322815,231.2714385986328
1784719838854782976,21.305316925048828,231.2582550048828
1784719838864702208,21.31523609161377,231.095703125
1784719838874622208,21.32515597343445,230.81390380859375
1784719838884542208,21.335076093673706,230.446533203125
1784719838894462208,21.344995975494385,230.06942749023438
1784719838904380928,21.354914903640747,229.66189575195312
1784719838914301184,21.364835023880005,229.24502563476562
1784719838924220928,21.374754905700684,228.82322692871094
1784719838934141184,21.38467502593994,228.37820434570312
1784719838944060160,21.394593954086304,227.9232177734375
1784719838953980160,21.40451407432556,227.39108276367188
1784719838963900160,21.41443395614624,226.80563354492188
1784719838973819136,21.424352884292603,226.1913604736328
1784719838983739136,21.43427300453186,225.57330322265625
1784719838993659136,21.44419288635254,224.93678283691406
1784719839003579136,21.454113006591797,224.33334350585938
1784719839013498112,21.46403193473816,223.85183715820312
1784719839023418112,21.473952054977417,223.4814453125
1784719839033338112,21.483871936798096,223.17758178710938
1784719839043258112,21.493792057037354,222.88351440429688
1784719839053177088,21.503710985183716,222.6056365966797
1784719839063097344,21.513631105422974,222.38711547851562
1784719839073017088,21.523550987243652,222.20657348632812
1784719839082936064,21.533469915390015,222.08554077148438
1784719839092856064,21.543390035629272,222.0135498046875
1784719839102776064,21.55330991744995,221.91212463378906
1784719839112696064,21.56323003768921,221.68707275390625
1784719839122615040,21.57314896583557,221.29505920410156
1784719839132535296,21.58306908607483,220.70057678222656
1784719839142455040,21.592988967895508,220.03355407714844
1784719839152375296,21.602909088134766,219.4427032470703
1784719839162294272,21.612828016281128,218.9701385498047
1784719839172214016,21.622747898101807,218.3711700439453
1784719839182134272,21.632668018341064,217.4541473388672
1784719839192052992,21.642586946487427,216.45179748535156
1784719839201973248,21.652507066726685,215.31268310546875
1784719839211892992,21.662426948547363,214.37855529785156
1784719839221813248,21.67234706878662,213.53961181640625
1784719839231732224,21.682265996932983,213.00070190429688
1784719839241652224,21.69218611717224,213.05047607421875
1784719839251572224,21.70210599899292,213.34506225585938
1784719839261492224,21.712026119232178,213.5614471435547
1784719839271411200,21.72194504737854,213.6053924560547
1784719839281330944,21.73186492919922,213.34228515625
1784719839291251200,21.741785049438477,213.4103240966797
1784719839301170176,21.75170397758484,213.5690460205078
1784719839311090176,21.761624097824097,213.48045349121094
1784719839321010176,21.771543979644775,213.84544372558594
1784719839330930176,21.781464099884033,213.73167419433594
1784719839340849152,21.791383028030396,212.7744140625
1784719839350769152,21.801302909851074,211.25994873046875
1784719839360689152,21.811223030090332,208.8201141357422
1784719839370609152,21.82114291191101,206.49411010742188
1784719839380528128,21.831062078475952,205.10580444335938
1784719839390448128,21.84098196029663,202.8097381591797
1784719839400368128,21.85090208053589,200.11236572265625
1784719839410287104,21.86082100868225,198.05435180664062
1784719839420207104,21.87074089050293,197.2414093017578
1784719839430127104,21.880661010742188,197.43234252929688
1784719839440047104,21.890580892562866,197.36976623535156
1784719839449966080,21.900500059127808,260.922607421875
1784719839459886080,21.910419940948486,259.2760314941406
1784719839469806080,21.920340061187744,257.75836181640625
1784719839479726080,21.930259943008423,256.1295166015625
1784719839489645312,21.940179109573364,254.43817138671875
1784719839499565056,21.950098991394043,252.64157104492188
1784719839509485312,21.9600191116333,250.95068359375
1784719839519404288,21.969938039779663,249.33120727539062
1784719839529324032,21.979857921600342,247.61605834960938
1784719839539244288,21.9897780418396,245.94781494140625
1784719839549164032,21.99969792366028,244.41921997070312
1784719839559083264,22.00961709022522,243.13394165039062
1784719839569003008,22.0195369720459,242.06097412109375
1784719839578923264,22.029457092285156,241.28146362304688
1784719839588842240,22.03937602043152,240.7618408203125
1784719839598761984,22.049295902252197,240.354248046875
1784719839608682240,22.059216022491455,240.02197265625
1784719839618601984,22.069135904312134,239.71205139160156
1784719839628521216,22.079055070877075,239.17071533203125
1784719839638440960,22.088974952697754,239.218017578125
1784719839648361216,22.09889507293701,239.44088745117188
1784719839658280960,22.10881495475769,239.26507568359375
1784719839668199936,22.118733882904053,239.34378051757812
1784719839678120192,22.12865400314331,239.4049835205078
1784719839688039936,22.13857388496399,239.45480346679688
1784719839697959168,22.14849305152893,239.5410614013672
1784719839707879168,22.15841293334961,239.70777893066406
1784719839717799168,22.168333053588867,239.94744873046875
1784719839727719168,22.178252935409546,240.22079467773438
1784719839737638144,22.188172101974487,240.50747680664062
1784719839747558144,22.198091983795166,240.80638122558594
1784719839757478144,22.208012104034424,241.12576293945312
1784719839767397120,22.217931032180786,241.44207763671875
1784719839777317120,22.227850914001465,241.76303100585938
1784719839787237120,22.237771034240723,242.147705078125
1784719839797157120,22.2476909160614,242.58543395996094
1784719839807076096,22.257610082626343,243.01043701171875
1784719839816996352,22.2675302028656,243.413818359375
1784719839826916352,22.27745032310486,243.8162384033203
1784719839836835328,22.28736925125122,244.2388916015625
1784719839846755328,22.2972891330719,244.7022247314453
1784719839856675328,22.307209253311157,245.24749755859375
1784719839866595328,22.317129135131836,245.80908203125
1784719839876514560,22.327048301696777,246.30111694335938
1784719839886434304,22.336968183517456,246.61578369140625
1784719839896354560,22.346888303756714,246.73944091796875
1784719839906274304,22.356808185577393,246.72845458984375
1784719839916193536,22.366727352142334,41.573280334472656
1784719839926113280,22.376647233963013,42.04348373413086
1784719839936033536,22.38656735420227,42.44917678833008
1784719839945952512,22.396486282348633,42.838565826416016
1784719839955872256,22.40640616416931,43.17794418334961
1784719839965792512,22.41632628440857,43.49299621582031
1784719839975712256,22.426246166229248,43.73922348022461
1784719839985631488,22.43616533279419,43.926780700683594
1784719839995551232,22.446085214614868,44.100582122802734
1784719840005471488,22.456005334854126,44.29743957519531
1784719840015390464,22.46592426300049,44.56983947753906
1784719840025310208,22.475844144821167,44.919620513916016
1784719840035230464,22.485764265060425,45.24641418457031
1784719840045150208,22.495684146881104,45.56543731689453
1784719840055069440,22.505603313446045,45.89802932739258
1784719840064989440,22.515523195266724,46.29902648925781
1784719840074909440,22.52544331550598,46.81718826293945
1784719840084828416,22.535362243652344,47.429359436035156
1784719840094748416,22.5452823638916,48.0757942199707
1784719840104668416,22.55520224571228,48.69125747680664
1784719840114588416,22.565122365951538,49.24769973754883
1784719840124507392,22.5750412940979,49.7659797668457
1784719840134427392,22.58496117591858,50.278076171875
1784719840144347392,22.594881296157837,50.753395080566406
1784719840154267392,22.604801177978516,51.20259475708008
1784719840164186368,22.614720344543457,51.656700134277344
1784719840174106368,22.624640226364136,52.07950210571289
1784719840184026368,22.634560346603394,52.383480072021484
1784719840193945344,22.644479274749756,52.537574768066406
1784719840203865344,22.654399156570435,52.57917785644531
1784719840213785344,22.664319276809692,52.584800720214844
1784719840223705344,22.67423915863037,52.593544006347656
1784719840233624576,22.684158325195312,52.627037048339844
1784719840243544320,22.69407820701599,52.67420196533203
1784719840253464576,22.70399832725525,52.6573486328125
1784719840263383296,22.71391725540161,52.543006896972656
1784719840273303296,22.72383713722229,52.39543151855469
1784719840283223296,22.733757257461548,52.285274505615234
1784719840293143296,22.743677139282227,52.30018615722656
1784719840303062528,22.753596305847168,52.470298767089844
1784719840312982272,22.763516187667847,52.73134231567383
1784719840322902528,22.773436307907104,53.039649963378906
1784719840332821248,22.783355236053467,53.35342788696289
1784719840342741504,22.793275356292725,53.66939926147461
1784719840352661248,22.803195238113403,53.98988723754883
1784719840362581504,22.81311535835266,54.24342727661133
1784719840372500480,22.823034286499023,54.45632553100586
1784719840382420224,22.832954168319702,54.6646842956543
1784719840392340480,22.84287428855896,54.92397689819336
1784719840402259456,22.852793216705322,55.21889114379883
1784719840412179456,22.86271333694458,55.45595932006836
1784719840422099456,22.87263321876526,55.63857650756836
1784719840432019456,22.882553339004517,55.82313919067383
1784719840441938432,22.89247226715088,56.0605583190918
1784719840451858176,22.902392148971558,56.39627456665039
1784719840461778432,22.912312269210815,56.84233474731445
1784719840471697408,22.922231197357178,57.42428207397461
1784719840481617408,22.932151317596436,58.11928176879883
1784719840491537408,22.942071199417114,58.8670768737793
1784719840501457408,22.951991319656372,59.643924713134766
1784719840511376384,22.961910247802734,60.4779167175293
1784719840521296384,22.971830368041992,61.38008499145508
1784719840531216384,22.98175024986267,62.298770904541016
1784719840541135360,22.991669178009033,63.1821174621582
1784719840551055360,23.00158929824829,64.0404052734375
1784719840560975360,23.01150918006897,64.91966247558594
1784719840570895360,23.021429300308228,65.84142303466797
1784719840580814336,23.03134822845459,66.7776107788086
1784719840590734592,23.041268348693848,67.7440414428711
1784719840600654336,23.051188230514526,68.76310729980469
1784719840610574592,23.061108350753784,69.81585693359375
1784719840620493312,23.071027278900146,70.84130096435547
1784719840630413312,23.080947160720825,71.8730239868164
1784719840640333312,23.090867280960083,72.96697998046875
1784719840650252288,23.100786209106445,74.17678833007812
1784719840660172544,23.110706329345703,75.54182434082031
1784719840670092288,23.120626211166382,77.02310180664062
1784719840680011264,23.130545139312744,78.60813903808594
1784719840689931520,23.140465259552002,80.25603485107422
1784719840699851264,23.15038514137268,81.97346496582031
1784719840709771520,23.16030526161194,83.72935485839844
1784719840719690240,23.1702241897583,85.60160827636719
1784719840729610496,23.18014430999756,87.64216613769531
1784719840739530240,23.190064191818237,89.86797332763672
1784719840749450496,23.199984312057495,92.2702407836914
1784719840759369472,23.209903240203857,94.99261474609375
1784719840769289472,23.219823360443115,98.08573150634766
1784719840779209472,23.229743242263794,101.40604400634766
1784719840789128192,23.239662170410156,104.94901275634766
1784719840799048448,23.249582290649414,108.81220245361328
1784719840808966912,23.259500741958618,112.90435028076172
1784719840818885888,23.26941967010498,116.92810821533203
1784719840828805632,23.27933955192566,120.63216400146484
1784719840838725888,23.289259672164917,123.90007781982422
1784719840848645632,23.299179553985596,126.53800201416016
1784719840858564864,23.309098720550537,128.70472717285156
1784719840868484608,23.319018602371216,130.6101837158203
1784719840878404864,23.328938722610474,132.15615844726562
1784719840888323840,23.338857650756836,133.3028106689453
1784719840898243584,23.348777532577515,134.1273956298828
1784719840908163840,23.358697652816772,134.73416137695312
1784719840918083584,23.36861753463745,135.17205810546875
1784719840928002816,23.378536701202393,135.39111328125
1784719840937922816,23.38845658302307,135.3223419189453
1784719840947842816,23.39837670326233,135.03240966796875
1784719840957761792,23.40829563140869,134.73158264160156
1784719840967681536,23.41821551322937,134.30325317382812
1784719840977601792,23.428135633468628,133.66986083984375
1784719840987521536,23.438055515289307,132.98606872558594
1784719840997440768,23.447974681854248,132.49034118652344
1784719841007360768,23.457894563674927,132.15496826171875
1784719841017280768,23.467814683914185,131.8951416015625
1784719841027199744,23.477733612060547,131.62588500976562
1784719841037119744,23.487653732299805,131.1574249267578
1784719841047039744,23.497573614120483,130.48403930664062
1784719841056959744,23.50749373435974,129.76271057128906
1784719841066878720,23.517412662506104,129.12051391601562
1784719841076798720,23.527332544326782,128.82498168945312
1784719841086718720,23.53725266456604,129.16151428222656
1784719841096637696,23.547171592712402,291.3447570800781
1784719841106557952,23.55709171295166,290.2781677246094
1784719841116477696,23.56701159477234,289.33935546875
1784719841126396672,23.5769305229187,288.45098876953125
1784719841136316672,23.58685064315796,287.5673828125
1784719841146236672,23.596770524978638,286.6987609863281
1784719841156156672,23.606690645217896,285.9371337890625
1784719841166075648,23.616609573364258,285.14239501953125
1784719841175995904,23.626529693603516,284.18060302734375
1784719841185915648,23.636449575424194,283.23712158203125
1784719841195834880,23.646368741989136,282.3492431640625
1784719841205754880,23.656288623809814,281.3902893066406
1784719841215674880,23.666208744049072,280.3524475097656
1784719841225594880,23.67612862586975,279.2648010253906
1784719841235513600,23.686047554016113,278.10498046875
1784719841245433856,23.69596767425537,276.8435363769531
1784719841255353600,23.70588755607605,275.6520690917969
1784719841265272832,23.71580672264099,274.569580078125
1784719841275192832,23.72572660446167,273.63775634765625
1784719841285112832,23.735646724700928,272.92742919921875
1784719841295031808,23.74556565284729,272.332763671875
1784719841304951552,23.75548553466797,271.78179931640625
1784719841314871808,23.765405654907227,271.19940185546875
1784719841324791552,23.775325536727905,270.7380065917969
1784719841334710784,23.785244703292847,270.53155517578125
1784719841344630784,23.795164585113525,270.172607421875
1784719841354550784,23.805084705352783,269.9742431640625
1784719841364469760,23.815003633499146,269.76385498046875
1784719841374389760,23.824923515319824,269.6075134277344
1784719841384309760,23.834843635559082,269.64898681640625
1784719841394229760,23.84476351737976,269.34185791015625
1784719841404148736,23.854682683944702,269.08990478515625
1784719841414068736,23.86460256576538,268.792724609375
1784719841423988736,23.87452268600464,268.2839050292969
1784719841433907712,23.884441614151,267.8826599121094
1784719841443827968,23.89436173439026,267.7071533203125
1784719841453747712,23.904281616210938,267.57440185546875
1784719841463666688,23.9142005443573,267.4618835449219
1784719841473586688,23.924120664596558,267.27813720703125
1784719841483506688,23.934040546417236,267.144775390625
1784719841493426688,23.943960666656494,266.8773498535156
1784719841503345664,23.953879594802856,266.6314392089844
1784719841513265920,23.963799715042114,266.33416748046875
1784719841523185664,23.973719596862793,266.1199951171875
1784719841533104640,23.983638525009155,265.935546875
1784719841543024896,23.993558645248413,265.73541259765625
1784719841552944640,24.003478527069092,265.46124267578125
1784719841562864896,24.01339864730835,265.2628173828125
1784719841572783616,24.023317575454712,265.04437255859375
1784719841582703872,24.03323769569397,264.8113098144531
1784719841592623616,24.04315757751465,264.52423095703125
1784719841602542848,24.05307674407959,264.2528076171875
1784719841612462848,24.06299662590027,263.92767333984375
1784719841622382592,24.072916507720947,263.62652587890625
1784719841632302848,24.082836627960205,263.46588134765625
1784719841642221568,24.092755556106567,263.2267150878906
1784719841652141824,24.102675676345825,263.0233154296875
1784719841662061568,24.112595558166504,262.8628845214844
1784719841671980800,24.122514724731445,262.6650695800781
1784719841681900800,24.132434606552124,262.545166015625
1784719841691820800,24.142354726791382,262.432861328125
1784719841701739776,24.152273654937744,262.28955078125
1784719841711659776,24.162193536758423,262.1874694824219
1784719841721579776,24.17211365699768,262.0697937011719
1784719841731499776,24.18203353881836,261.9272155761719
1784719841741418752,24.1919527053833,261.8428039550781
1784719841751338752,24.20187258720398,261.7437744140625
1784719841761258752,24.211792707443237,261.68743896484375
1784719841771177728,24.2217116355896,261.67529296875
1784719841781097728,24.23163151741028,261.680419921875
1784719841791017728,24.241551637649536,261.68804931640625
1784719841800936704,24.2514705657959,261.663330078125
1784719841810857472,24.261391401290894,261.6962890625
1784719841820777728,24.27131152153015,261.6718444824219
1784719841830697472,24.28123140335083,261.704345703125
1784719841840616704,24.29115056991577,261.7348937988281
1784719841850536704,24.30107045173645,261.6977844238281
1784719841860456704,24.310990571975708,261.7532043457031
1784719841870375680,24.32090950012207,261.79241943359375
1784719841880295424,24.33082938194275,261.8423767089844
1784719841890215680,24.340749502182007,261.9659118652344
1784719841900135424,24.350669384002686,262.074951171875
1784719841910054656,24.360588550567627,262.2127685546875
1784719841919974656,24.370508432388306,262.3831787109375
1784719841929894656,24.380428552627563,262.51300048828125
1784719841939813632,24.390347480773926,262.65557861328125
1784719841949733632,24.400267601013184,262.78790283203125
1784719841959653632,24.410187482833862,262.92425537109375
1784719841969573632,24.42010760307312,263.066650390625
1784719841979492608,24.430026531219482,263.17620849609375
1784719841989412608,24.43994641304016,263.32391357421875
1784719841999332608,24.44986653327942,263.5055847167969
1784719842009251584,24.45978546142578,263.7184143066406
1784719842019171840,24.46970558166504,263.8526611328125
1784719842029091584,24.479625463485718,263.99664306640625
1784719842039010560,24.48954439163208,264.15985107421875
1784719842048930560,24.499464511871338,264.3001708984375
1784719842058850560,24.509384393692017,264.47015380859375
1784719842068770560,24.519304513931274,264.5664978027344
1784719842078689536,24.529223442077637,264.6423645019531
1784719842088609792,24.539143562316895,264.6864318847656
1784719842098529536,24.549063444137573,264.7052307128906
1784719842108448768,24.558982610702515,264.73895263671875
1784719842118368512,24.568902492523193,264.72821044921875
1784719842128288768,24.57882261276245,264.6725769042969
1784719842138207744,24.588741540908813,264.6488037109375
1784719842148127488,24.598661422729492,264.6132507324219
1784719842158047744,24.60858154296875,264.5414123535156
1784719842167967488,24.61850142478943,264.4078369140625
1784719842177886720,24.62842059135437,264.2752380371094
1784719842187806720,24.63834047317505,264.1973876953125
1784719842197726720,24.648260593414307,264.1361999511719
1784719842207645696,24.65817952156067,264.0417785644531
1784719842217565440,24.668099403381348,263.8574523925781
1784719842227485696,24.678019523620605,263.755859375
1784719842237405440,24.687939405441284,263.6196594238281
1784719842247324672,24.697858572006226,263.4608154296875
1784719842257244672,24.707778453826904,263.3682556152344
1784719842267164672,24.717698574066162,263.2349853515625
1784719842277083648,24.727617502212524,263.0804138183594
1784719842287003392,24.737537384033203,263.0129699707031
1784719842296923648,24.74745750427246,262.9863586425781
1784719842306842624,24.757376432418823,263.0024108886719
1784719842316762624,24.76729655265808,263.06719970703125
1784719842326682624,24.77721643447876,263.1475524902344
1784719842336602624,24.787136554718018,263.2003173828125
1784719842346521600,24.79705548286438,263.32098388671875
1784719842356441856,24.806975603103638,263.8314208984375
1784719842366361600,24.816895484924316,263.9256286621094
1784719842376280576,24.82681441307068,264.02227783203125
1784719842386200576,24.836734533309937,264.1793212890625
1784719842396120576,24.846654415130615,264.3519287109375
1784719842406040576,24.856574535369873,264.499267578125
1784719842415959552,24.866493463516235,264.65228271484375
1784719842425879808,24.876413583755493,264.8536376953125
1784719842435799552,24.886333465576172,265.0227355957031
1784719842445718528,24.896252393722534,265.18902587890625
1784719842455638528,24.906172513961792,265.8880615234375
1784719842465558528,24.91609239578247,266.1839599609375
1784719842475477760,24.926011562347412,266.4914245605469
1784719842485397504,24.93593144416809,266.75103759765625
1784719842495317760,24.94585156440735,266.9430847167969
1784719842505237504,24.955771446228027,267.0389404296875
1784719842515156736,24.96569061279297,267.15081787109375
1784719842525076736,24.975610494613647,267.3365783691406
1784719842534996736,24.985530614852905,267.44769287109375
1784719842544915712,24.995449542999268,267.4889831542969
1784719842554835456,25.005369424819946,267.5671081542969
1784719842564755712,25.015289545059204,267.6530456542969
1784719842574675456,25.025209426879883,267.7021179199219
1784719842584594688,25.035128593444824,267.6736755371094
1784719842594514688,25.045048475265503,267.65234375
1784719842604434688,25.05496859550476,267.610107421875
1784719842614353664,25.064887523651123,267.574462890625
1784719842624273664,25.0748074054718,267.5750427246094
1784719842634193664,25.08472752571106,267.6390380859375
1784719842644112640,25.094646453857422,267.76043701171875
1784719842654032640,25.10456657409668,267.9403991699219
1784719842663952640,25.11448645591736,268.1737060546875
1784719842673872640,25.124406576156616,268.43499755859375
1784719842683791616,25.13432550430298,268.6172180175781
1784719842693711616,25.144245386123657,268.80712890625
1784719842703631616,25.154165506362915,269.05126953125
1784719842713550592,25.164084434509277,269.32550048828125
1784719842723470592,25.174004554748535,269.54559326171875
1784719842733390592,25.183924436569214,269.763427734375
1784719842743309824,25.193843603134155,269.97882080078125
1784719842753229568,25.203763484954834,270.13336181640625
1784719842763149824,25.213683605194092,270.2396545410156
1784719842773069568,25.22360348701477,270.3001403808594
1784719842782988544,25.233522415161133,270.3531494140625
1784719842792908544,25.24344253540039,270.42724609375
1784719842802828544,25.25336241722107,270.53192138671875
1784719842812747520,25.26328134536743,270.64569091796875
1784719842822667264,25.27320122718811,270.7503356933594
1784719842832587520,25.283121347427368,270.82574462890625
1784719842842507264,25.293041229248047,270.8966979980469
1784719842852426240,25.30296015739441,270.92303466796875
1784719842862346496,25.312880277633667,270.95245361328125
1784719842872266240,25.322800159454346,270.9647216796875
1784719842882185472,25.332719326019287,270.9787292480469
1784719842892105216,25.342639207839966,270.990478515625
1784719842902025472,25.352559328079224,270.9873352050781
1784719842911945216,25.362479209899902,270.99530029296875
1784719842921864192,25.372398138046265,270.97613525390625
1784719842931784448,25.382318258285522,270.924072265625
1784719842941704192,25.3922381401062,270.8807373046875
1784719842951623424,25.402157306671143,270.4783935546875
1784719842961543424,25.41207718849182,270.4801330566406
1784719842971463424,25.42199730873108,270.4570007324219
1784719842981382400,25.43191623687744,270.4185791015625
1784719842991302400,25.4418363571167,270.3416748046875
1784719843001222400,25.451756238937378,270.2383728027344
1784719843011142400,25.461676359176636,270.1548767089844
1784719843021061376,25.471595287322998,270.09552001953125
1784719843030981376,25.481515169143677,270.0260009765625
1784719843040901376,25.491435289382935,269.9737548828125
1784719843050820352,25.501354217529297,269.94439697265625
1784719843060740352,25.511274337768555,269.92779541015625
1784719843070660352,25.521194219589233,269.9089050292969
1784719843080580352,25.53111433982849,269.9091491699219
1784719843090499328,25.541033267974854,269.9261474609375
1784719843100419328,25.550953149795532,269.96539306640625
1784719843110339328,25.56087327003479,270.0432434082031
1784719843120258304,25.570792198181152,270.1256103515625
1784719843130178560,25.58071231842041,270.1805114746094
1784719843140098304,25.59063220024109,270.22210693359375
1784719843150017536,25.60055136680603,270.2784729003906
1784719843159937280,25.61047124862671,270.36895751953125
1784719843169857536,25.620391368865967,270.47991943359375
1784719843179777280,25.630311250686646,270.6323547363281
1784719843189696256,25.640230178833008,270.86962890625
1784719843199616512,25.650150299072266,271.1925964355469
1784719843209536256,25.660070180892944,271.53778076171875
1784719843219455488,25.669989347457886,272.01446533203125
1784719843229375488,25.679909229278564,272.2790222167969
1784719843239295488,25.689829349517822,272.520263671875
1784719843249214464,25.699748277664185,272.75726318359375
1784719843259134208,25.709668159484863,272.9860534667969
1784719843269054464,25.71958827972412,273.21368408203125
1784719843278974208,25.7295081615448,273.4353942871094
1784719843288893440,25.73942732810974,273.6414794921875
1784719843298813440,25.74934720993042,273.8208312988281
1784719843308733440,25.759267330169678,273.9613952636719
1784719843318652416,25.76918625831604,274.0750427246094
1784719843328572160,25.77910614013672,274.1624755859375
1784719843338492416,25.789026260375977,274.2076416015625
1784719843348411392,25.79894518852234,274.20587158203125
1784719843358331392,25.808865308761597,274.1903991699219
1784719843368251392,25.818785190582275,274.169677734375
1784719843378171392,25.828705310821533,274.1492919921875
1784719843388090368,25.838624238967896,274.15228271484375
1784719843398010368,25.848544359207153,274.1600341796875
1784719843407930368,25.858464241027832,274.08612060546875
1784719843417849344,25.868383169174194,274.0376892089844
1784719843427769344,25.878303289413452,273.9044189453125
1784719843437689344,25.88822317123413,273.84765625
1784719843447609344,25.89814329147339,273.8736877441406
1784719843457528320,25.90806221961975,273.897705078125
1784719843467448576,25.91798233985901,273.9361572265625
1784719843477368320,25.927902221679688,273.9296875
1784719843487287296,25.93782114982605,273.8707275390625
1784719843497207296,25.947741270065308,273.7809143066406
1784719843507127296,25.957661151885986,273.686767578125
1784719843517046528,25.967580318450928,273.5288391113281
1784719843526966272,25.977500200271606,273.36151123046875
1784719843536886528,25.987420320510864,273.21905517578125
1784719843546806272,25.997340202331543,273.07415771484375
1784719843556725504,26.007259368896484,272.928466796875
1784719843566645504,26.017179250717163,272.7236022949219
1784719843576565248,26.027099132537842,272.4105224609375
1784719843586484480,26.037018299102783,272.10491943359375
1784719843596404224,26.046938180923462,271.86163330078125
1784719843606324480,26.05685830116272,271.6829833984375
1784719843616243456,26.066777229309082,271.5476989746094
1784719843626163456,26.07669734954834,271.4430236816406
1784719843636083456,26.08661723136902,271.3432922363281
1784719843646003456,26.096537351608276,271.2507019042969
1784719843655922432,26.10645627975464,271.14654541015625
1784719843665842176,26.116376161575317,271.03253173828125
1784719843675762432,26.126296281814575,270.9048767089844
1784719843685681408,26.136215209960938,270.76458740234375
1784719843695601408,26.146135330200195,270.579833984375
1784719843705521408,26.156055212020874,270.3769226074219
1784719843715440384,26.165974140167236,270.1388854980469
1784719843725360384,26.175894260406494,269.8780517578125
1784719843735280384,26.185814142227173,269.61065673828125
1784719843745200384,26.19573426246643,269.029296875
1784719843755119360,26.205653190612793,268.8416442871094
1784719843765039360,26.21557331085205,268.64715576171875
1784719843774959360,26.22549319267273,268.45697021484375
1784719843784878592,26.23541235923767,268.3467712402344
1784719843794798336,26.24533224105835,268.1273193359375
1784719843804718592,26.255252361297607,267.89971923828125
1784719843814639104,26.265172958374023,267.6723327636719
1784719843824558080,26.275091886520386,267.4441833496094
1784719843834478080,26.285012006759644,267.2276916503906
1784719843844398080,26.294931888580322,267.0038146972656
1784719843854317312,26.304851055145264,266.78546142578125
1784719843864237056,26.314770936965942,266.5792541503906
1784719843874157312,26.3246910572052,266.3935852050781
1784719843884076032,26.334609985351562,266.2348937988281
1784719843893996288,26.34453010559082,266.1039733886719
1784719843903916032,26.3544499874115,266.0099792480469
1784719843913836288,26.364370107650757,265.9363708496094
1784719843923755264,26.37428903579712,265.85675048828125
1784719843933675008,26.384208917617798,265.769287109375
1784719843943595264,26.394129037857056,265.6781921386719
1784719843953513984,26.404047966003418,265.5814208984375
1784719843963434240,26.413968086242676,265.49444580078125
1784719843973353984,26.423887968063354,265.41802978515625
1784719843983272960,26.433806896209717,265.33477783203125
1784719843993193216,26.443727016448975,265.25799560546875
1784719844003112960,26.453646898269653,265.1889953613281
1784719844013033216,26.46356701850891,265.1639709472656
1784719844022952192,26.473485946655273,265.1917724609375
1784719844032872192,26.48340606689453,265.2693176269531
1784719844042792192,26.49332594871521,265.400634765625
1784719844052711168,26.50324511528015,265.52459716796875
1784719844062631168,26.51316499710083,265.59661865234375
1784719844072551168,26.523085117340088,265.6545104980469
1784719844082470144,26.53300404548645,265.6605529785156
1784719844092390144,26.54292392730713,265.97637939453125
1784719844102310144,26.552844047546387,266.02996826171875
1784719844112230144,26.562763929367065,266.0634765625
1784719844122149120,26.572683095932007,266.09234619140625
1784719844132069120,26.582602977752686,266.1141357421875
1784719844141989120,26.592523097991943,266.09246826171875
1784719844151908096,26.602442026138306,266.0250244140625
1784719844161828096,26.612361907958984,265.93511962890625
1784719844171748096,26.622282028198242,265.9170837402344
1784719844181667072,26.632200956344604,265.9044189453125
1784719844191587328,26.642121076583862,265.8745422363281
1784719844201507072,26.65204095840454,265.833251953125
1784719844211427328,26.6619610786438,265.7467956542969
1784719844221346048,26.67188000679016,265.5743713378906
1784719844231266048,26.68179988861084,265.3651123046875
1784719844241186048,26.691720008850098,265.1812744140625
1784719844251105024,26.70163893699646,265.0787658691406
1784719844261025280,26.711559057235718,264.96160888671875
1784719844270945024,26.721478939056396,264.8823547363281
1784719844280864256,26.731398105621338,264.80975341796875
1784719844290784000,26.741317987442017,264.6485595703125
1784719844300704256,26.751238107681274,264.48968505859375
1784719844310623232,26.761157035827637,264.3443908691406
1784719844320542976,26.771076917648315,264.1883544921875
1784719844330463232,26.780997037887573,264.01739501953125
1784719844340382976,26.790916919708252,263.875732421875
1784719844350302208,26.800836086273193,263.8045654296875
1784719844360222208,26.810755968093872,263.7577209472656
1784719844370142208,26.82067608833313,263.74053955078125
1784719844380061184,26.830595016479492,263.68511962890625
1784719844389980928,26.84051489830017,263.63623046875
1784719844399901184,26.85043501853943,263.56585693359375
1784719844409820160,26.86035394668579,263.4922790527344
1784719844419740160,26.87027406692505,263.42193603515625
1784719844429660160,26.880193948745728,263.3748779296875
1784719844439580160,26.890114068984985,263.2924499511719
1784719844449499136,26.900032997131348,263.2422180175781
1784719844459419136,26.909953117370605,263.2420959472656
1784719844469339136,26.919872999191284,263.23907470703125
1784719844479258112,26.929791927337646,263.2384033203125
1784719844489178112,26.939712047576904,263.2319030761719
1784719844499098112,26.949631929397583,263.2248840332031
1784719844509017344,26.959551095962524,263.20123291015625
1784719844518937088,26.969470977783203,263.1553955078125
1784719844528857344,26.97939109802246,263.13720703125
1784719844538777088,26.98931097984314,263.11431884765625
1784719844548696064,26.999229907989502,263.09234619140625
1784719844558616064,27.00915002822876,263.0814208984375
1784719844568536064,27.01906991004944,263.05450439453125
1784719844578455296,27.02898907661438,263.0177001953125
1784719844588375040,27.03890895843506,262.96771240234375
1784719844598295296,27.048829078674316,262.92236328125
1784719844608214016,27.05874800682068,262.86126708984375
1784719844618134016,27.068667888641357,262.81146240234375
1784719844628054016,27.078588008880615,262.7515563964844
1784719844637974016,27.088507890701294,262.6878662109375
1784719844647893248,27.098427057266235,262.20599365234375
1784719844657812992,27.108346939086914,262.1741027832031
1784719844667733248,27.118267059326172,262.1693115234375
1784719844677652224,27.128185987472534,262.1688537597656
1784719844687572224,27.138106107711792,262.1741027832031
1784719844697492224,27.14802598953247,262.1893310546875
1784719844707410944,27.157944917678833,262.22149658203125
1784719844717331200,27.16786503791809,262.2701110839844
1784719844727250944,27.17778491973877,262.3545227050781
1784719844737171200,27.187705039978027,262.48468017578125
1784719844747090176,27.19762396812439,262.65460205078125
1784719844757010176,27.207544088363647,262.8634033203125
1784719844766930176,27.217463970184326,263.10028076171875
1784719844776849152,27.22738289833069,263.3407287597656
1784719844786769152,27.237303018569946,263.58612060546875
1784719844796689152,27.247222900390625,263.8435974121094
1784719844806608128,27.257142066955566,264.090087890625
1784719844816528128,27.267061948776245,264.45489501953125
1784719844826447872,27.276981830596924,264.7017517089844
1784719844836366848,27.286900758743286,264.94122314453125
1784719844846287104,27.296820878982544,265.1547546386719
1784719844856206848,27.306740760803223,265.3382568359375
1784719844866127104,27.31666088104248,265.48846435546875
1784719844876045824,27.326579809188843,265.622802734375
1784719844885966080,27.3364999294281,265.75732421875
1784719844895885824,27.34641981124878,265.8857727050781
1784719844905805056,27.35633897781372,265.9931945800781
1784719844915725056,27.3662588596344,266.08349609375
1784719844925645056,27.376178979873657,266.1505126953125
1784719844935564032,27.38609790802002,266.193115234375
1784719844945484032,27.3960177898407,266.21685791015625
1784719844955404032,27.405937910079956,266.2393798828125
1784719844965323008,27.41585683822632,266.2378234863281
1784719844975243008,27.425776958465576,266.21319580078125
1784719844985163008,27.435696840286255,266.2083740234375
1784719844995083008,27.445616960525513,266.26348876953125
1784719845005001984,27.455535888671875,266.330810546875
1784719845014921984,27.465455770492554,266.37701416015625
1784719845024841984,27.47537589073181,266.33551025390625
1784719845034760960,27.485294818878174,266.1390380859375
1784719845044680960,27.49521493911743,265.783447265625
1784719845054600960,27.50513482093811,265.2890625
1784719845064520192,27.51505398750305,264.80364990234375
1784719845074439936,27.52497386932373,264.31646728515625
1784719845084360192,27.53489398956299,263.90313720703125
1784719845094279168,27.54481291770935,263.4834289550781
1784719845104198912,27.55473279953003,263.1452331542969
1784719845114119168,27.564652919769287,262.94677734375
1784719845124038912,27.574572801589966,262.83770751953125
1784719845133958144,27.584491968154907,262.7987060546875
1784719845143877888,27.594411849975586,262.84228515625
1784719845153798144,27.604331970214844,262.94775390625
1784719845163717120,27.614250898361206,263.1690673828125
1784719845173636864,27.624170780181885,263.5075988769531
1784719845183557120,27.634090900421143,263.9531555175781
1784719845193475840,27.644009828567505,264.5111389160156
1784719845203396096,27.653929948806763,265.1170654296875
1784719845213315840,27.66384983062744,265.7336730957031
1784719845223234816,27.673768758773804,266.33367919921875
1784719845233155072,27.68368887901306,266.77880859375
1784719845243074816,27.69360876083374,267.0791015625
1784719845252995072,27.703528881072998,267.2626647949219
1784719845262914048,27.71344780921936,267.4145812988281
1784719845272834048,27.723367929458618,267.5285949707031
1784719845282754048,27.733287811279297,267.5943603515625
1784719845292673024,27.74320697784424,267.63623046875
1784719845302593024,27.753126859664917,267.67498779296875
1784719845312513024,27.763046979904175,267.6777038574219
1784719845322432000,27.772965908050537,267.6679992675781
1784719845332352000,27.782885789871216,267.5677490234375
1784719845342272000,27.792805910110474,267.43756103515625
1784719845352190976,27.802724838256836,267.3811340332031
1784719845362110976,27.812644958496094,267.30682373046875
1784719845372030976,27.822564840316772,267.2586669921875
1784719845381950976,27.83248496055603,267.22320556640625
1784719845391869952,27.842403888702393,267.19732666015625
1784719845401789952,27.85232377052307,267.14251708984375
1784719845411709952,27.86224389076233,267.06591796875
1784719845421628928,27.87216281890869,266.873291015625
1784719845431549184,27.88208293914795,266.62738037109375
1784719845441468928,27.892002820968628,266.4015197753906
1784719845451388160,27.90192198753357,266.17816162109375
1784719845461307904,27.911841869354248,265.9347839355469
1784719845471228160,27.921761989593506,265.7529296875
1784719845481147136,27.931680917739868,265.52557373046875
1784719845491066880,27.941600799560547,265.28216552734375
1784719845500987136,27.951520919799805,265.0160827636719
1784719845510905856,27.961439847946167,264.716552734375
1784719845520826112,27.971359968185425,264.3699951171875
1784719845530745856,27.981279850006104,263.9794006347656
1784719845540666112,27.99119997024536,263.5596923828125
1784719845550585088,28.001118898391724,263.0899353027344
1784719845560504832,28.011038780212402,262.61871337890625
1784719845570425088,28.02095890045166,262.1534423828125
1784719845580344064,28.030877828598022,261.6790771484375
1784719845590264064,28.04079794883728,261.2650451660156
1784719845600184064,28.05071783065796,260.87432861328125
1784719845610102784,28.06063675880432,260.49224853515625
1784719845620023040,28.07055687904358,260.1221618652344
1784719845629942784,28.080476760864258,259.7507629394531
1784719845639862016,28.0903959274292,259.38800048828125
1784719845649782016,28.100315809249878,259.040771484375
1784719845659702016,28.110235929489136,258.7410583496094
1784719845669620992,28.120154857635498,258.503662109375
1784719845679540992,28.130074977874756,258.3580322265625
1784719845689460992,28.139994859695435,258.2318420410156
1784719845699380992,28.149914979934692,258.14251708984375
1784719845709299968,28.159833908081055,258.0440368652344
1784719845719219968,28.169753789901733,257.87237548828125
1784719845729139968,28.17967391014099,257.67987060546875
1784719845739058944,28.189592838287354,257.46966552734375
1784719845748979200,28.19951295852661,257.2484436035156
1784719845758898944,28.20943284034729,257.07696533203125
1784719845768817920,28.219351768493652,256.9433898925781
1784719845778737920,28.22927188873291,256.79693603515625
1784719845788657920,28.23919177055359,256.6640625
1784719845798577152,28.24911093711853,256.52178955078125
1784719845808496896,28.25903081893921,256.328125
1784719845818417152,28.268950939178467,256.0830078125
1784719845828336128,28.278870105743408,255.86114501953125
1784719845838256128,28.288789987564087,255.6201171875
1784719845848176128,28.298710107803345,255.39736938476562
1784719845858095104,28.308629035949707,255.20010375976562
1784719845868015104,28.318548917770386,254.988037109375
1784719845877935104,28.328469038009644,254.78665161132812
1784719845887855104,28.338388919830322,254.585205078125
1784719845897774336,28.348308086395264,254.43106079101562
1784719845907694080,28.358227968215942,254.30535888671875
1784719845917614336,28.3681480884552,254.23202514648438
1784719845927533056,28.378067016601562,23.761093139648438
1784719845937453056,28.38798689842224,25.81784439086914
1784719845947373056,28.3979070186615,27.568695068359375
1784719845957292032,28.40782594680786,29.198463439941406
1784719845967212288,28.41774606704712,30.788188934326172
1784719845977132032,28.427665948867798,32.39021301269531
1784719845987051264,28.43758511543274,33.958892822265625
1784719845996971008,28.447504997253418,35.4541015625
1784719846006891264,28.457425117492676,36.89171600341797
1784719846016811008,28.467344999313354,38.199127197265625
1784719846026729984,28.477263927459717,39.603782653808594
1784719846036650240,28.487184047698975,40.93498611450195
1784719846046569984,28.497103929519653,42.30387878417969
1784719846056489216,28.507023096084595,43.675357818603516
1784719846066409216,28.516942977905273,45.025569915771484
1784719846076329216,28.52686309814453,46.34808349609375
1784719846086248192,28.536782026290894,47.489036560058594
1784719846096167936,28.546701908111572,48.46875762939453
1784719846106088192,28.55662202835083,49.344703674316406
1784719846116007168,28.566540956497192,50.105712890625
1784719846125927168,28.57646107673645,50.74818801879883
1784719846135847168,28.58638095855713,51.30345153808594
1784719846145766144,28.59629988670349,51.820892333984375
1784719846155686144,28.60622000694275,52.30863571166992
1784719846165606144,28.616139888763428,52.68698501586914
1784719846175525120,28.62605905532837,52.920894622802734
1784719846185445120,28.635978937149048,53.02487564086914
1784719846195365120,28.645899057388306,53.050071716308594
1784719846205284096,28.655817985534668,52.91680908203125
1784719846215204352,28.665738105773926,52.59590530395508
1784719846225124096,28.675657987594604,52.053226470947266
1784719846235044352,28.685578107833862,51.32695770263672
1784719846244963072,28.695497035980225,50.4573860168457
1784719846254883072,28.705416917800903,49.43180847167969
1784719846264803072,28.71533703804016,48.28642654418945
1784719846274722048,28.725255966186523,47.062530517578125
1784719846284642304,28.73517608642578,45.86769104003906
1784719846294562048,28.74509596824646,44.64313888549805
1784719846304481024,28.755014896392822,43.29044723510742
1784719846314401024,28.76493501663208,41.77871322631836
1784719846324321024,28.77485489845276,40.1873664855957
1784719846334240256,28.7847740650177,38.531497955322266
1784719846344160000,28.79469394683838,36.905235290527344
1784719846354080256,28.804614067077637,35.10238265991211
1784719846363999232,28.814532995224,33.15285873413086
1784719846373919232,28.824453115463257,31.189414978027344
1784719846383839232,28.834372997283936,29.163883209228516
1784719846393757952,28.844291925430298,26.99304962158203
1784719846403678208,28.854212045669556,24.844249725341797
1784719846413597952,28.864131927490234,22.666645050048828
1784719846423518208,28.874052047729492,20.399456024169922
1784719846433437184,28.883970975875854,18.14391326904297
1784719846443357184,28.893891096115112,15.85126781463623
1784719846453277184,28.90381097793579,13.558358192443848
1784719846463196160,28.913729906082153,11.300246238708496
1784719846473116160,28.92365002632141,8.959492683410645
1784719846483036160,28.93356990814209,6.5932722091674805
1784719846492955136,28.94348907470703,4.297394752502441
1784719846502875136,28.95340895652771,1.9225826263427734
1784719846512795136,28.963329076766968,359.5424499511719
1784719846522714112,28.97324800491333,357.1104431152344
1784719846532634112,28.98316788673401,354.4588317871094
1784719846542554112,28.993088006973267,351.71673583984375
1784719846552473088,29.00300693511963,348.9601135253906
1784719846562393088,29.012927055358887,346.095458984375
1784719846572313088,29.022846937179565,343.0358581542969
1784719846582232320,29.032766103744507,339.8739013671875
1784719846592152064,29.042685985565186,336.7431335449219
1784719846602072320,29.052606105804443,333.35089111328125
1784719846611991040,29.062525033950806,329.738037109375
1784719846621911040,29.072444915771484,325.8949890136719
1784719846631831296,29.082365036010742,321.787841796875
1784719846641750016,29.092283964157104,317.610595703125
1784719846651670272,29.102204084396362,313.3892822265625
1784719846661590016,29.11212396621704,309.01873779296875
1784719846671508992,29.122042894363403,304.5705871582031
1784719846681429248,29.13196301460266,300.2220458984375
1784719846691348992,29.14188289642334,296.0645751953125
1784719846701268224,29.15180206298828,291.9454345703125
1784719846711187968,29.16172194480896,287.9298400878906
1784719846721108224,29.171642065048218,283.800048828125
1784719846731027968,29.181561946868896,279.6862487792969
1784719846740947200,29.191481113433838,275.7591857910156
1784719846750867200,29.201400995254517,271.9372253417969
1784719846760787200,29.211321115493774,268.344970703125
1784719846770706176,29.221240043640137,264.75213623046875
1784719846780626176,29.231159925460815,262.0848388671875
1784719846790546176,29.241080045700073,260.269287109375
1784719846800465152,29.250998973846436,258.81085205078125
1784719846810385152,29.260919094085693,257.90655517578125
1784719846820303360,29.27083730697632,257.7243347167969
1784719846830222592,29.28075647354126,257.731201171875
1784719846840142592,29.29067635536194,257.9442138671875
1784719846850062592,29.300596475601196,258.6527404785156
1784719846859981568,29.31051540374756,259.30572509765625
1784719846869901568,29.320435523986816,259.48101806640625
1784719846879821568,29.330355405807495,259.68701171875
1784719846889740544,29.340274333953857,259.84832763671875
1784719846899660544,29.350194454193115,259.95458984375
1784719846909580544,29.360114336013794,260.2623291015625
1784719846919499520,29.370033502578735,260.7203063964844
1784719846929419520,29.379953384399414,261.322021484375
1784719846939339520,29.389873504638672,261.9906921386719
1784719846949258496,29.399792432785034,262.7004699707031
1784719846959178496,29.409712314605713,263.3177490234375
1784719846969098496,29.41963243484497,263.84527587890625
1784719846979017472,29.429551362991333,264.3382873535156
1784719846988937728,29.43947148323059,264.84100341796875
1784719846998857472,29.44939136505127,265.44390869140625
1784719847008776704,29.45931053161621,266.1515808105469
1784719847018696448,29.46923041343689,266.92657470703125
1784719847028616704,29.479150533676147,267.7419128417969
1784719847038536448,29.489070415496826,268.6105651855469
1784719847048455424,29.49898934364319,269.5469970703125
1784719847058375680,29.508909463882446,270.5100402832031
1784719847068295424,29.518829345703125,271.4378356933594
1784719847078214656,29.528748512268066,272.3096923828125
1784719847088134400,29.538668394088745,273.09405517578125
1784719847098054656,29.548588514328003,273.7525329589844
1784719847107973632,29.558507442474365,274.190673828125
1784719847117893376,29.568427324295044,274.43389892578125
1784719847127813632,29.5783474445343,274.57049560546875
1784719847137732608,29.588266372680664,274.5765075683594
1784719847147652608,29.598186492919922,274.45904541015625
1784719847157572608,29.6081063747406,274.1997985839844
1784719847167491328,29.618025302886963,273.7834167480469
1784719847177411584,29.62794542312622,273.1282958984375
1784719847187331328,29.6378653049469,272.3082580566406
1784719847197250560,29.64778447151184,271.35992431640625
1784719847207170560,29.65770435333252,270.1964111328125
1784719847217090560,29.667624473571777,268.8215026855469
1784719847227009536,29.67754340171814,267.31793212890625
1784719847236929536,29.687463521957397,265.6409912109375
1784719847246849536,29.697383403778076,263.9335021972656
1784719847256768512,29.70730233192444,262.2294006347656
1784719847266688512,29.717222452163696,260.44427490234375
1784719847276608512,29.727142333984375,258.7469482421875
1784719847286527744,29.737061500549316,257.04974365234375
1784719847296447488,29.746981382369995,255.13348388671875
1784719847306367744,29.756901502609253,253.18429565429688
1784719847316286464,29.766820430755615,250.821044921875
1784719847326206464,29.776740312576294,248.2152099609375
1784719847336126464,29.78666043281555,245.54244995117188
1784719847346045440,29.796579360961914,242.902099609375
1784719847355965696,29.806499481201172,240.30099487304688
1784719847365885440,29.81641936302185,237.73410034179688
1784719847375804672,29.826338529586792,235.32781982421875
1784719847385724672,29.83625841140747,233.08831787109375
1784719847395644672,29.84617853164673,231.0187225341797
1784719847405563648,29.85609745979309,229.13250732421875
1784719847415483392,29.86601734161377,227.4171142578125
1784719847425403648,29.875937461853027,225.9845428466797
1784719847435322624,29.88585638999939,224.9703369140625
1784719847445242624,29.895776510238647,224.56201171875
1784719847455162624,29.905696392059326,224.98394775390625
1784719847465082624,29.915616512298584,226.3588104248047
1784719847475001600,29.925535440444946,228.70773315429688
1784719847484921344,29.935455322265625,231.97195434570312
1784719847494840576,29.945374488830566,236.05223083496094
1784719847504760576,29.955294370651245,240.72396850585938
1784719847514680576,29.965214490890503,245.81381225585938
1784719847524600576,29.97513437271118,251.1888427734375
1784719847534519552,29.985053300857544,256.7697448730469
1784719847544439552,29.9949734210968,262.5958251953125
1784719847554359552,30.00489330291748,268.6684875488281
1784719847564278528,30.014812469482422,274.83331298828125
1784719847574198528,30.0247323513031,280.91339111328125
1784719847584118528,30.03465247154236,286.86920166015625
1784719847594037504,30.04457139968872,292.7904052734375
1784719847603957760,30.05449151992798,298.7547607421875
1784719847613877504,30.064411401748657,304.7350769042969
1784719847623796480,30.07433032989502,310.6139831542969
1784719847633716480,30.084250450134277,316.203125
1784719847643636480,30.094170331954956,321.3204345703125
1784719847653555712,30.104089498519897,325.83465576171875
1784719847663475456,30.114009380340576,329.7039794921875
1784719847673395712,30.123929500579834,333.0909118652344
1784719847683314688,30.133848428726196,336.2764587402344
1784719847693234432,30.143768310546875,339.4849853515625
1784719847703154688,30.153688430786133,342.82159423828125
1784719847713073408,30.163607358932495,346.2105407714844
1784719847722993664,30.173527479171753,349.3429260253906
1784719847732913408,30.18344736099243,351.88507080078125
1784719847742832640,30.193366527557373,353.6787414550781
1784719847752752640,30.20328640937805,354.8018798828125
1784719847762672640,30.21320652961731,355.6639404296875
1784719847772591616,30.223125457763672,356.6636047363281
1784719847782511360,30.23304533958435,358.04864501953125
1784719847792431616,30.24296545982361,359.82403564453125
1784719847802350592,30.25288438796997,1.7413349151611328
1784719847812270592,30.26280450820923,3.291012763977051
1784719847822191360,30.272725343704224,3.9777135848999023
1784719847832110592,30.282644510269165,3.8252344131469727
1784719847842030592,30.292564392089844,3.3074684143066406
1784719847851950592,30.3024845123291,262.8230895996094
1784719847861869568,30.312403440475464,261.9182434082031
1784719847871789568,30.322323322296143,261.2834777832031
1784719847881709568,30.3322434425354,260.8745422363281
1784719847891628544,30.342162370681763,260.5150146484375
1784719847901548544,30.35208249092102,260.1937255859375
1784719847911468544,30.3620023727417,23.518436431884766
1784719847921387520,30.37192130088806,25.769813537597656
1784719847931307520,30.38184142112732,27.26174545288086
1784719847941227520,30.391761302947998,27.796451568603516
1784719847951146496,30.40168046951294,29.04421615600586
1784719847961066496,30.411600351333618,29.54167938232422
1784719847970986496,30.421520471572876,29.849021911621094
1784719847980905472,30.43143939971924,30.752471923828125
1784719847990825728,30.441359519958496,31.99886703491211
1784719848000745472,30.451279401779175,33.35446548461914
1784719848010664448,30.461198329925537,34.7916374206543
1784719848020584704,30.471118450164795,36.286590576171875
1784719848030504448,30.481038331985474,37.8289794921875
1784719848040423680,30.490957498550415,39.48320388793945
1784719848050343424,30.500877380371094,41.16044235229492
1784719848060263680,30.51079750061035,42.743499755859375
1784719848070182656,30.520716428756714,44.233463287353516
1784719848080102400,30.530636310577393,45.59719467163086
1784719848090022656,30.54055643081665,46.74321746826172
1784719848099941376,30.550475358963013,47.667911529541016
1784719848109861632,30.56039547920227,48.47581481933594
1784719848119781376,30.57031536102295,48.67026138305664
1784719848129700608,30.58023452758789,49.1178092956543
1784719848139620608,30.59015440940857,49.69816970825195
1784719848149540608,30.600074529647827,50.01921081542969
1784719848159459584,30.60999345779419,50.31681442260742
1784719848169379584,30.619913339614868,50.6918830871582
1784719848179299584,30.629833459854126,50.981971740722656
1784719848189218560,30.63975238800049,51.16532897949219
1784719848199138560,30.649672508239746,51.29247283935547
1784719848209058560,30.659592390060425,51.29917526245117
1784719848218977536,30.669511318206787,51.22856903076172
1784719848228897536,30.679431438446045,50.988441467285156
1784719848238817536,30.689351320266724,50.53937530517578
1784719848248737536,30.69927144050598,49.89794158935547
1784719848258656512,30.709190368652344,48.888675689697266
1784719848268576512,30.7191104888916,47.75131607055664
1784719848278496512,30.72903037071228,46.50566101074219
1784719848288415488,30.738949298858643,44.983577728271484
1784719848298335488,30.7488694190979,43.38671112060547
1784719848308255488,30.75878930091858,41.658470153808594
1784719848318174720,30.76870846748352,39.902381896972656
1784719848328094464,30.7786283493042,38.06447219848633
1784719848338014720,30.788548469543457,36.303428649902344
1784719848347933440,30.79846739768982,34.536277770996094
1784719848357853696,30.808387517929077,32.58246612548828
1784719848367773440,30.818307399749756,30.530799865722656
1784719848377692416,30.828226327896118,28.465869903564453
1784719848387612672,30.838146448135376,26.33770751953125
1784719848397532416,30.848066329956055,24.203960418701172
1784719848407451648,30.857985496520996,22.125858306884766
1784719848417371392,30.867905378341675,20.074832916259766
1784719848427291648,30.877825498580933,17.985427856445312
1784719848437210624,30.887744426727295,15.819937705993652
1784719848447130368,30.897664308547974,13.591526985168457
1784719848457050624,30.90758442878723,11.267666816711426
1784719848466969600,30.917503356933594,8.914738655090332
1784719848476889600,30.92742347717285,6.60422420501709
1784719848486809600,30.93734335899353,4.286520957946777
1784719848496728576,30.94726252555847,1.9416179656982422
1784719848506648576,30.95718240737915,359.5511779785156
1784719848516568576,30.967102527618408,357.15460205078125
1784719848526487552,30.97702145576477,354.7735290527344
1784719848536407552,30.98694133758545,352.3652648925781
1784719848546327552,30.996861457824707,349.9201965332031
1784719848556246528,31.00678038597107,347.4292907714844
1784719848566166528,31.016700506210327,344.88623046875
1784719848576086528,31.026620388031006,342.2629089355469
1784719848586005504,31.036539316177368,339.6397399902344
1784719848595925504,31.046459436416626,336.9534912109375
1784719848605845504,31.056379318237305,334.1533508300781
1784719848615764736,31.066298484802246,331.1094665527344
1784719848625684480,31.076218366622925,327.9638977050781
1784719848635604736,31.086138486862183,324.62213134765625
1784719848645523456,31.096057415008545,320.84906005859375
1784719848655443712,31.105977535247803,316.9290771484375
1784719848665363456,31.11589741706848,312.7757568359375
1784719848675282432,31.125816345214844,308.63018798828125
1784719848685202688,31.1357364654541,304.5238037109375
1784719848695122432,31.14565634727478,300.3895263671875
1784719848705041664,31.15557551383972,296.2185974121094
1784719848714961408,31.1654953956604,292.0061340332031
1784719848724881664,31.175415515899658,287.9277648925781
1784719848734800640,31.18533444404602,284.0809020996094
1784719848744720384,31.1952543258667,280.29034423828125
1784719848754640640,31.205174446105957,276.5994873046875
1784719848764559616,31.21509337425232,273.19879150390625
1784719848774479616,31.225013494491577,270.291748046875
1784719848784399616,31.234933376312256,267.62689208984375
1784719848794318336,31.244852304458618,265.4154052734375
1784719848804238592,31.254772424697876,263.2503662109375
1784719848814158336,31.264692306518555,261.3937072753906
1784719848824077312,31.274611234664917,259.9706726074219
1784719848833997312,31.284531116485596,258.3798522949219
1784719848843917312,31.294451236724854,256.94561767578125
1784719848853836288,31.304370164871216,255.67575073242188
1784719848863756544,31.314290285110474,254.7066650390625
1784719848873676288,31.324210166931152,254.21774291992188
1784719848883595264,31.334129095077515,254.06744384765625
1784719848893515264,31.344049215316772,254.04815673828125
1784719848903435264,31.35396909713745,254.10821533203125
1784719848913354496,31.363888263702393,254.35311889648438
1784719848923274240,31.37380814552307,254.67596435546875
1784719848933194496,31.38372826576233,254.90325927734375
1784719848943113216,31.39364719390869,255.15835571289062
1784719848953033216,31.40356707572937,255.4290771484375
1784719848962953216,31.413487195968628,255.7906494140625
1784719848972872192,31.42340612411499,256.2853088378906
1784719848982792448,31.433326244354248,256.9819030761719
1784719848992712192,31.443246126174927,257.7989807128906
1784719849002631168,31.45316505432129,258.6746826171875
1784719849012551424,31.463085174560547,259.6200866699219
1784719849022471168,31.473005056381226,260.5718688964844
1784719849032390400,31.482924222946167,261.47515869140625
1784719849042310144,31.492844104766846,262.3894348144531
1784719849052230400,31.502764225006104,263.2781982421875
1784719849062149376,31.512683153152466,264.1712646484375
1784719849072069376,31.522603273391724,264.7834167480469
1784719849081989376,31.532523155212402,265.1673889160156
1784719849091908096,31.542442083358765,265.35858154296875
1784719849101828352,31.552362203598022,265.2943115234375
1784719849111748096,31.5622820854187,265.05572509765625
1784719849121667328,31.572201251983643,264.623291015625
1784719849131587328,31.58212113380432,264.0226135253906
1784719849141507328,31.59204125404358,263.2179870605469
1784719849151426304,31.60196018218994,262.26629638671875
1784719849161346304,31.61188006401062,261.2475891113281
1784719849171266304,31.621800184249878,260.22637939453125
1784719849181185280,31.63171911239624,259.25018310546875
1784719849191105280,31.641639232635498,258.3427734375
1784719849201025280,31.651559114456177,257.512939453125
1784719849210944512,31.661478281021118,256.7250671386719
1784719849220864256,31.671398162841797,255.90093994140625
1784719849230784512,31.681318283081055,255.11102294921875
1784719849240703232,31.691237211227417,254.34234619140625
1784719849250623232,31.701157093048096,253.54415893554688
1784719849260543232,31.711077213287354,252.79116821289062
1784719849270462208,31.720996141433716,251.78143310546875
1784719849280382464,31.730916261672974,250.49618530273438
1784719849290302208,31.740836143493652,248.886474609375
1784719849300221184,31.750755071640015,247.05038452148438
1784719849310141440,31.760675191879272,245.09011840820312
1784719849320061184,31.77059507369995,242.941650390625
1784719849329980416,31.780514240264893,240.6907196044922
1784719849339900160,31.79043412208557,238.26980590820312
1784719849349820416,31.80035424232483,235.79595947265625
1784719849359739392,31.81027317047119,233.19711303710938
1784719849369659136,31.82019305229187,230.49954223632812
1784719849379579392,31.830113172531128,227.7432403564453
1784719849389498112,31.84003210067749,224.93621826171875
1784719849399418368,31.849952220916748,222.24163818359375
1784719849409338112,31.859872102737427,219.58363342285156
1784719849419257344,31.869791269302368,217.11512756347656
1784719849429177344,31.879711151123047,215.05165100097656
1784719849439097344,31.889631271362305,213.38653564453125
1784719849449016320,31.899550199508667,212.2239227294922
1784719849458936320,31.909470081329346,211.69029235839844
1784719849468856320,31.919390201568604,211.8589630126953
1784719849478775296,31.929309129714966,212.64988708496094
1784719849488695296,31.939229249954224,213.99755859375
1784719849498615296,31.949149131774902,215.8636474609375
1784719849508534272,31.959068059921265,218.20399475097656
1784719849518454272,31.968988180160522,220.92510986328125
1784719849528374272,31.9789080619812,223.95440673828125
1784719849538293248,31.988827228546143,227.3154296875
1784719849548213248,31.99874711036682,231.06674194335938
1784719849558133248,32.00866723060608,235.27670288085938
1784719849568052224,32.01858615875244,239.934814453125
1784719849577972480,32.0285062789917,244.99185180664062
1784719849587892224,32.03842616081238,250.3330078125
1784719849597811200,32.04834508895874,255.81011962890625
1784719849607731456,32.058265209198,261.3704528808594
1784719849617651200,32.06818509101868,267.0668640136719
1784719849627570432,32.07810425758362,272.9462585449219
1784719849637490176,32.0880241394043,278.9690246582031
1784719849647410432,32.097944259643555,285.077880859375
1784719849657329408,32.10786318778992,291.185791015625
1784719849667249152,32.117783069610596,297.1355895996094
1784719849677169408,32.12770318984985,302.6556396484375
1784719849687088128,32.137622117996216,307.473876953125
1784719849697008384,32.147542238235474,311.4421081542969
1784719849706928128,32.15746212005615,314.65509033203125
1784719849716847104,32.167381048202515,317.57049560546875
1784719849726767360,32.17730116844177,320.7284240722656
1784719849736687104,32.18722105026245,324.32781982421875
1784719849746606336,32.19714021682739,328.2916564941406
1784719849756526336,32.20706009864807,332.30230712890625
1784719849766446336,32.21698021888733,335.92767333984375
1784719849776365312,32.22689914703369,338.8366394042969
1784719849786285312,32.23681926727295,340.93194580078125
1784719849796205312,32.24673914909363,342.3393859863281
1784719849806124288,32.25665807723999,343.3748474121094
1784719849816044288,32.26657819747925,344.4861145019531
1784719849825964800,32.276498556137085,346.0287170410156
1784719849835883776,32.286417722702026,348.1273193359375
1784719849845803776,32.296337604522705,350.7831115722656
1784719849855723776,32.30625772476196,353.22900390625
1784719849865642752,32.316176652908325,355.1161193847656
1784719849875562752,32.326096534729004,356.419677734375
1784719849885482752,32.33601665496826,357.5832824707031
1784719849895401728,32.345935583114624,261.258056640625
1784719849905321728,32.35585570335388,259.92364501953125
1784719849915241728,32.36577558517456,258.85498046875
1784719849925160704,32.37569451332092,257.9722900390625
1784719849935080704,32.38561463356018,257.26068115234375
1784719849945000704,32.39553451538086,256.6587829589844
1784719849954919936,32.4054536819458,256.1549072265625
1784719849964839680,32.41537356376648,255.43991088867188
1784719849974759936,32.42529368400574,254.692138671875
1784719849984678656,32.4352126121521,254.04238891601562
1784719849994598912,32.44513273239136,253.57998657226562
1784719850004518656,32.455052614212036,253.02838134765625
1784719850014437632,32.4649715423584,27.53420639038086
1784719850024357888,32.474891662597656,29.351608276367188
1784719850034277632,32.484811544418335,31.401412963867188
1784719850044196864,32.494730710983276,33.182865142822266
1784719850054116608,32.504650592803955,34.726505279541016
1784719850064036864,32.51457071304321,36.19111251831055
1784719850073955840,32.524489641189575,37.46650314331055
1784719850083875584,32.534409523010254,38.65916061401367
1784719850093795840,32.54432964324951,39.780216217041016
1784719850103714816,32.554248571395874,40.84423828125
1784719850113634816,32.56416869163513,41.91392517089844
1784719850123554816,32.57408857345581,42.95824432373047
1784719850133473792,32.58400774002075,43.891639709472656
1784719850143393792,32.59392762184143,44.754886627197266
1784719850153313792,32.60384774208069,45.51737976074219
1784719850163232768,32.61376667022705,46.22959899902344
1784719850173152768,32.62368655204773,46.57719802856445
1784719850183072768,32.63360667228699,46.98340606689453
1784719850192991744,32.64352560043335,47.5633544921875
1784719850202911744,32.65344572067261,47.88691329956055
1784719850212831744,32.663365602493286,48.18278503417969
1784719850222750720,32.67328453063965,48.4688720703125
1784719850232670720,32.683204650878906,48.657073974609375
1784719850242590720,32.693124532699585,48.70795822143555
1784719850252509952,32.703043699264526,48.631378173828125
1784719850262429696,32.712963581085205,48.423492431640625
1784719850272349952,32.72288370132446,48.13490295410156
1784719850282268672,32.732802629470825,47.675785064697266
1784719850292188672,32.742722511291504,47.12099838256836
1784719850302107904,32.752641677856445,46.31203079223633
1784719850312027648,32.762561559677124,45.20748519897461
1784719850321947904,32.77248167991638,43.868751525878906
1784719850331867648,32.78240156173706,42.29664993286133
1784719850341786880,32.792320728302,40.65058135986328
1784719850351706624,32.80224061012268,38.860816955566406
1784719850361625600,32.81215953826904,37.05785369873047
1784719850371545856,32.8220796585083,35.29720687866211
1784719850381465600,32.83199954032898,33.42401885986328
1784719850391384832,32.84191870689392,31.49974822998047
1784719850401304832,32.8518385887146,29.51641845703125
1784719850411224832,32.86175870895386,27.51992416381836
1784719850421143808,32.87167763710022,25.520545959472656
1784719850431063552,32.8815975189209,23.513248443603516
1784719850440983808,32.891517639160156,21.460670471191406
1784719850450902784,32.90143656730652,19.368473052978516
1784719850460822784,32.911356687545776,17.22842788696289
1784719850470742784,32.921276569366455,15.038361549377441
1784719850480661760,32.9311957359314,12.8128023147583
1784719850490581760,32.941115617752075,10.482483863830566
1784719850500501760,32.95103573799133,8.099453926086426
1784719850510420736,32.960954666137695,5.668222427368164
1784719850520340736,32.970874547958374,3.1391448974609375
1784719850530260736,32.98079466819763,0.5938377380371094
1784719850540179712,32.990713596343994,357.99432373046875
1784719850550099968,33.00063371658325,355.4373474121094
1784719850560019712,33.01055359840393,352.9009094238281
1784719850569938688,33.02047252655029,350.3927001953125
1784719850579858688,33.03039264678955,347.89764404296875
1784719850589778688,33.04031252861023,345.410400390625
1784719850599697920,33.05023169517517,342.8007507324219
1784719850609617664,33.06015157699585,340.0520324707031
1784719850619537920,33.07007169723511,337.2610168457031
1784719850629456640,33.07999062538147,334.3585205078125
1784719850639376640,33.08991050720215,331.3016662597656
1784719850649296640,33.099830627441406,328.0777893066406
1784719850659215616,33.10974955558777,324.71044921875
1784719850669135872,33.119669675827026,321.1614685058594
1784719850679055616,33.129589557647705,317.34130859375
1784719850688974848,33.13950872421265,313.369140625
1784719850698894848,33.149428606033325,309.3200988769531
1784719850708814848,33.15934872627258,305.1777648925781
1784719850718733824,33.169267654418945,300.9797058105469
1784719850728653568,33.179187536239624,296.6305236816406
1784719850738573824,33.18910765647888,292.27520751953125
1784719850748492800,33.199026584625244,288.0148010253906
1784719850758412800,33.2089467048645,283.7295227050781
1784719850768332800,33.21886658668518,279.57440185546875
1784719850778251520,33.22878551483154,275.84515380859375
1784719850788171776,33.2387056350708,272.47943115234375
1784719850798091776,33.24862551689148,269.0655517578125
1784719850808010752,33.25854468345642,265.73858642578125
1784719850817928960,33.268462896347046,262.63580322265625
1784719850827847936,33.27838182449341,259.8887939453125
1784719850837768192,33.288301944732666,257.7452392578125
1784719850847687936,33.298221826553345,255.66925048828125
1784719850857607168,33.308140993118286,253.82803344726562
1784719850867526912,33.318060874938965,252.13018798828125
1784719850877447168,33.32798099517822,251.0367431640625
1784719850887366144,33.337899923324585,250.55368041992188
1784719850897285888,33.347819805145264,250.36239624023438
1784719850907206144,33.35773992538452,250.5396728515625
1784719850917124864,33.367658853530884,251.2689208984375
1784719850927045120,33.37757897377014,252.3359375
1784719850936964864,33.38749885559082,253.20977783203125
1784719850946884096,33.39741802215576,254.1219482421875
1784719850956804096,33.40733790397644,254.8673095703125
1784719850966724096,33.4172580242157,255.43447875976562
1784719850976643072,33.42717695236206,255.89547729492188
1784719850986563072,33.43709683418274,256.39215087890625
1784719850996483072,33.447016954422,256.87469482421875
1784719851006402048,33.45693588256836,257.30694580078125
1784719851016322048,33.46685600280762,257.8848876953125
1784719851026242048,33.476775884628296,258.7461853027344
1784719851036161024,33.48669481277466,259.7377624511719
1784719851046081024,33.496614933013916,260.68975830078125
1784719851056001024,33.506534814834595,261.4850158691406
1784719851065920000,33.516453981399536,262.14593505859375
1784719851075840000,33.526373863220215,262.76531982421875
1784719851085760000,33.53629398345947,263.47222900390625
1784719851095678976,33.546212911605835,264.0904846191406
1784719851105599232,33.55613303184509,264.5604553222656
1784719851115518976,33.56605291366577,264.9837951660156
1784719851125437952,33.575971841812134,265.33819580078125
1784719851135358208,33.58589196205139,265.6522521972656
1784719851145276928,33.595810890197754,265.8652648925781
1784719851155197184,33.60573101043701,265.9971923828125
1784719851165116928,33.61565089225769,266.01629638671875
1784719851175037184,33.62557101249695,265.8579406738281
1784719851184956160,33.63548994064331,265.5053405761719
1784719851194875904,33.64540982246399,264.98931884765625
1784719851204795136,33.65532898902893,264.35205078125
1784719851214714880,33.66524887084961,263.62310791015625
1784719851224635136,33.67516899108887,262.8774719238281
1784719851234554112,33.68508791923523,262.1384582519531
1784719851244473856,33.69500780105591,261.352294921875
1784719851254394112,33.704927921295166,260.4621276855469
1784719851264313088,33.71484684944153,259.4612731933594
1784719851274233088,33.724766969680786,258.45806884765625
1784719851284153088,33.734686851501465,257.3811340332031
1784719851294072064,33.744606018066406,256.36767578125
1784719851303992064,33.754525899887085,255.14068603515625
1784719851313912064,33.76444602012634,253.76797485351562
1784719851323831040,33.774364948272705,252.05621337890625
1784719851333751040,33.784284830093384,250.18463134765625
1784719851343671040,33.79420495033264,248.17449951171875
1784719851353590016,33.804123878479004,246.18572998046875
1784719851363510016,33.81404399871826,244.09295654296875
1784719851373430016,33.82396388053894,241.8218536376953
1784719851383348992,33.8338828086853,239.4098358154297
1784719851393268992,33.84380292892456,236.82479858398438
1784719851403188992,33.85372281074524,234.10055541992188
1784719851413108224,33.86364197731018,231.46493530273438
1784719851423027968,33.87356185913086,229.1661376953125
1784719851432948224,33.88348197937012,227.43923950195312
1784719851442866944,33.89340090751648,226.10287475585938
1784719851452787200,33.90332102775574,225.6312255859375
1784719851462706944,33.913240909576416,225.9038848876953
1784719851472625920,33.92315983772278,227.02450561523438
1784719851482546176,33.933079957962036,229.003662109375
1784719851492465920,33.942999839782715,231.79330444335938
1784719851502385152,33.952919006347656,235.25433349609375
1784719851512304896,33.962838888168335,239.2207489013672
1784719851522223872,33.9727578163147,243.61398315429688
1784719851532144128,33.982677936553955,248.39511108398438
1784719851542063872,33.992597818374634,253.52911376953125
1784719851551983104,34.002516984939575,258.948486328125
1784719851561903104,34.012436866760254,264.65350341796875
1784719851571823104,34.02235698699951,270.7525634765625
1784719851581742080,34.032275915145874,277.154541015625
1784719851591662080,34.04219603538513,284.02294921875
1784719851601582080,34.05211591720581,291.1588439941406
1784719851611501056,34.06203484535217,298.27899169921875
1784719851621421056,34.07195496559143,305.1234130859375
1784719851631341056,34.08187484741211,311.54034423828125
1784719851641260032,34.09179401397705,317.6207275390625
1784719851651180032,34.10171389579773,323.4737854003906
1784719851661100032,34.11163401603699,329.10699462890625
1784719851671019008,34.12155294418335,334.43719482421875
1784719851680939008,34.13147282600403,339.2967834472656
1784719851690859008,34.141392946243286,343.4980773925781
1784719851700777984,34.15131187438965,347.07684326171875
1784719851710698240,34.161231994628906,350.30413818359375
1784719851720617984,34.171151876449585,353.4122009277344
1784719851730536960,34.18107080459595,356.53643798828125
1784719851740456960,34.190990924835205,359.68829345703125
1784719851750376960,34.200910806655884,2.6996870040893555
1784719851760296192,34.210829973220825,5.383881568908691
1784719851770215936,34.220749855041504,7.514592170715332
1784719851780136192,34.23066997528076,9.00919246673584
1784719851790054912,34.240588903427124,10.151305198669434
1784719851799975168,34.25050902366638,11.23621654510498
1784719851809894912,34.26042890548706,12.448113441467285
1784719851819814400,34.27034831047058,13.934094429016113
1784719851829734656,34.28026843070984,15.750144004821777
1784719851839653376,34.2901873588562,18.179431915283203
1784719851849573632,34.30010747909546,20.700469970703125
1784719851859493376,34.31002736091614,23.136375427246094
1784719851869412352,34.3199462890625,25.18840789794922
1784719851879332608,34.32986640930176,269.3921813964844
1784719851889252352,34.33978629112244,268.60546875
1784719851899171584,34.34970545768738,267.9393615722656
1784719851909091584,34.35962533950806,267.4345397949219
1784719851919011584,34.369545459747314,267.0587158203125
1784719851928930560,34.37946438789368,266.724853515625
1784719851938850304,34.389384269714355,266.5030822753906
1784719851948770560,34.39930438995361,266.3827819824219
1784719851958689536,34.409223318099976,43.19966506958008
1784719851968609536,34.41914343833923,44.8733024597168
1784719851978529536,34.42906332015991,46.23257827758789
1784719851988448512,34.43898248672485,47.08868408203125
1784719851998368512,34.44890236854553,47.95967483520508
1784719852008288512,34.45882248878479,48.87245559692383
1784719852018207488,34.46874141693115,49.716461181640625
1784719852028127488,34.47866129875183,50.652278900146484
1784719852038047488,34.48858141899109,51.64067840576172
1784719852047966464,34.49850034713745,52.27336502075195
1784719852057886720,34.50842046737671,52.89377212524414
1784719852067806464,34.51834034919739,53.5651969909668
1784719852077725440,34.52825927734375,54.27213668823242
1784719852087645440,34.53817939758301,55.394100189208984
1784719852097565440,34.54809927940369,56.592403411865234
1784719852107484672,34.55801844596863,57.74746322631836
1784719852117404416,34.56793832778931,58.8708381652832
1784719852127324672,34.577858448028564,60.00355911254883
1784719852137243392,34.58777737617493,61.107669830322266
1784719852147163392,34.597697257995605,62.078556060791016
1784719852157083392,34.60761737823486,62.80503463745117
1784719852167002368,34.617536306381226,63.655399322509766
1784719852176922624,34.62745642662048,64.33665466308594
1784719852186841600,34.637375354766846,64.96661376953125
1784719852196761600,34.6472954750061,65.66580963134766
1784719852206681600,34.65721535682678,66.18292236328125
1784719852216600320,34.667134284973145,66.54167938232422
1784719852226520576,34.6770544052124,66.85664367675781
1784719852236440320,34.68697428703308,67.13848876953125
1784719852246359552,34.69689345359802,67.25312042236328
1784719852256279552,34.7068133354187,67.16766357421875
1784719852266199552,34.71673345565796,66.97502899169922
1784719852276118528,34.72665238380432,66.69136810302734
1784719852286038272,34.736572265625,66.19464874267578
1784719852295958528,34.74649238586426,65.49541473388672
1784719852305877504,34.75641131401062,64.67440795898438
1784719852315797504,34.76633143424988,63.61457443237305
1784719852325717504,34.77625131607056,62.31148910522461
1784719852335636736,34.7861704826355,60.89145278930664
1784719852345556480,34.79609036445618,59.35197067260742
1784719852355476736,34.806010484695435,57.76194381713867
1784719852365395456,34.8159294128418,56.17399215698242
1784719852375315456,34.825849294662476,54.63364791870117
1784719852385235456,34.83576941490173,52.89006805419922
1784719852395154432,34.845688343048096,51.07448196411133
1784719852405074688,34.85560846328735,49.269535064697266
1784719852414994432,34.86552834510803,47.37269592285156
1784719852424913408,34.875447273254395,45.41341781616211
1784719852434833408,34.88536739349365,43.42406463623047
1784719852444753408,34.89528727531433,41.394737243652344
1784719852454672640,34.90520644187927,39.216426849365234
1784719852464592384,34.91512632369995,36.964393615722656
1784719852474512640,34.92504644393921,34.735313415527344
1784719852484431616,34.93496537208557,32.424991607666016
1784719852494351616,34.94488549232483,30.042957305908203
1784719852504271616,34.95480537414551,27.634967803955078
1784719852514190336,34.96472430229187,25.155895233154297
1784719852524110592,34.97464442253113,22.657291412353516
1784719852534030336,34.98456430435181,20.149978637695312
1784719852543949568,34.99448347091675,17.587833404541016
1784719852553869568,35.00440335273743,14.868651390075684
1784719852563789568,35.014323472976685,12.031447410583496
1784719852573708544,35.02424240112305,9.052506446838379
1784719852583628544,35.034162282943726,5.9769182205200195
1784719852593547520,35.04408144950867,2.8490142822265625
1784719852603467520,35.054001331329346,359.6419677734375
1784719852613387520,35.0639214515686,356.380615234375
1784719852623307520,35.07384133338928,352.8036193847656
1784719852633226496,35.083760261535645,348.9794616699219
1784719852643146496,35.0936803817749,345.1505432128906
1784719852653065472,35.103599309921265,341.2271423339844
1784719852662985472,35.11351943016052,337.1841125488281
1784719852672905472,35.1234393119812,332.98431396484375
1784719852682824704,35.13335847854614,328.5732421875
1784719852692744448,35.14327836036682,324.36151123046875
1784719852702664704,35.15319848060608,320.2110290527344
1784719852712583424,35.16311740875244,316.12908935546875
1784719852722503424,35.17303729057312,311.91949462890625
1784719852732423424,35.18295741081238,307.7961120605469
1784719852742342400,35.19287633895874,303.80023193359375
1784719852752262656,35.202796459198,300.0511779785156
1784719852762182400,35.21271634101868,296.60076904296875
1784719852772101376,35.22263526916504,293.75506591796875
1784719852782021632,35.2325553894043,291.3934326171875
1784719852791941376,35.242475271224976,289.7235107421875
1784719852801860608,35.25239443778992,288.8951416015625
1784719852811780352,35.262314319610596,288.27020263671875
1784719852821700608,35.27223443984985,287.44232177734375
1784719852831619840,35.282153606414795,286.7847900390625
1784719852841539584,35.292073488235474,286.3388366699219
1784719852851459840,35.30199360847473,285.9501037597656
1784719852861378560,35.311912536621094,285.5594787597656
1784719852871298816,35.32183265686035,285.25189208984375
1784719852881218560,35.33175253868103,285.35467529296875
1784719852891137536,35.34167146682739,285.73211669921875
1784719852901057792,35.35159158706665,286.1827697753906
1784719852910977536,35.36151146888733,286.5413818359375
1784719852920896768,35.37143063545227,286.7987365722656
1784719852930816768,35.38135051727295,287.0555725097656
1784719852940736768,35.39127063751221,287.5819091796875
1784719852950655744,35.40118956565857,288.2657470703125
1784719852960575488,35.41110944747925,289.21014404296875
1784719852970495744,35.421029567718506,290.4588623046875
1784719852980414720,35.43094849586487,291.7307434082031
1784719852990334720,35.440868616104126,293.0732727050781
1784719853000254720,35.450788497924805,294.4455871582031
1784719853010173440,35.46070742607117,295.8652038574219
1784719853020093696,35.470627546310425,297.2609558105469
1784719853030013440,35.4805474281311,298.54022216796875
1784719853039932672,35.490466594696045,299.4743957519531
1784719853049852672,35.500386476516724,300.1038818359375
1784719853059772672,35.51030659675598,300.66314697265625
1784719853069691648,35.520225524902344,301.2160339355469
1784719853079611904,35.5301456451416,301.7411193847656
1784719853089531648,35.54006552696228,302.19012451171875
1784719853099450624,35.54998445510864,302.5801086425781
1784719853109370624,35.5599045753479,302.8984069824219
1784719853119290624,35.56982445716858,303.0689697265625
1784719853129209856,35.57974362373352,303.0482482910156
1784719853139129600,35.5896635055542,302.8514709472656
1784719853149049856,35.59958362579346,302.451171875
1784719853158968576,35.60950255393982,301.7511901855469
1784719853168888576,35.6194224357605,300.7740478515625
1784719853178808576,35.629342555999756,299.5717468261719
1784719853188727552,35.63926148414612,298.1529541015625
1784719853198647808,35.649181604385376,296.5968322753906
1784719853208567552,35.659101486206055,294.9791564941406
1784719853218486784,35.669020652770996,293.3472900390625
1784719853228406784,35.678940534591675,291.7423095703125
1784719853238326784,35.68886065483093,290.311279296875
1784719853248245760,35.698779582977295,288.71820068359375
1784719853258165504,35.708699464797974,287.09185791015625
1784719853268085760,35.71861958503723,285.44549560546875
1784719853278004736,35.728538513183594,283.74664306640625
1784719853287924736,35.73845863342285,281.90216064453125
1784719853297844736,35.74837851524353,280.00457763671875
1784719853307763456,35.75829744338989,278.04766845703125
1784719853317683712,35.76821756362915,275.775390625
1784719853327603456,35.77813744544983,273.4750061035156
1784719853337522688,35.78805661201477,271.2220458984375
1784719853347442688,35.79797649383545,269.065185546875
1784719853357362688,35.80789661407471,266.7472229003906
1784719853367281664,35.81781554222107,264.4354248046875
1784719853377201664,35.82773542404175,262.1435241699219
1784719853387121664,35.837655544281006,259.9468994140625
1784719853397040640,35.84757447242737,258.0146484375
1784719853406960640,35.857494592666626,256.49090576171875
1784719853416880640,35.867414474487305,255.40316772460938
1784719853426799872,35.877333641052246,254.970947265625
1784719853436719616,35.887253522872925,255.30438232421875
1784719853446639872,35.89717364311218,256.4394836425781
1784719853456558592,35.907092571258545,258.34527587890625
1784719853466478592,35.917012453079224,260.9689025878906
1784719853476398592,35.92693257331848,264.2602233886719
1784719853486317568,35.936851501464844,268.0516662597656
1784719853496237824,35.9467716217041,272.0866394042969
1784719853506157568,35.95669150352478,276.1866455078125
1784719853516076544,35.96661043167114,280.3882141113281
1784719853525996800,35.9765305519104,284.83447265625
1784719853535916544,35.98645043373108,289.56658935546875
1784719853545835776,35.99636960029602,294.4886474609375
1784719853555755520,36.0062894821167,299.5488586425781
1784719853565675776,36.01620960235596,304.6979064941406
1784719853575594752,36.02612853050232,309.9815979003906
1784719853585514752,36.03604865074158,315.58087158203125
1784719853595434752,36.045968532562256,321.7398986816406
1784719853605353472,36.05588746070862,328.64678955078125
1784719853615273728,36.065807580947876,336.2278747558594
1784719853625193472,36.075727462768555,344.14404296875
1784719853635112704,36.085646629333496,351.8440246582031
1784719853645032704,36.095566511154175,359.00054931640625
1784719853654952704,36.10548663139343,5.506802558898926
1784719853664871680,36.115405559539795,11.253535270690918
1784719853674791680,36.125325441360474,16.144039154052734
1784719853684711680,36.13524556159973,20.209331512451172
1784719853694630656,36.145164489746094,23.389873504638672
1784719853704550656,36.15508460998535,25.703125
1784719853714470656,36.16500449180603,27.42694091796875
1784719853724390656,36.17492461204529,28.81716537475586
1784719853734309632,36.18484354019165,30.101715087890625
1784719853744229888,36.19476366043091,31.48426055908203
1784719853754149632,36.20468354225159,32.92385482788086
1784719853764068608,36.21460247039795,34.2142219543457
1784719853773988608,36.22452259063721,34.985748291015625
1784719853783908608,36.234442472457886,35.10899353027344
1784719853793827840,36.24436163902283,300.8070068359375
1784719853803747584,36.254281520843506,298.9242248535156
1784719853813667840,36.264201641082764,297.3877258300781
1784719853823586816,36.274120807647705,296.14862060546875
1784719853833507072,36.28404092788696,295.1022644042969
1784719853843426816,36.29396080970764,294.14996337890625
1784719853853346048,36.30387997627258,293.1835021972656
1784719853863266048,36.31379985809326,292.2762451171875
1784719853873186048,36.32371997833252,291.5947265625
1784719853883105024,36.33363890647888,290.9136962890625
1784719853893025024,36.34355878829956,290.28277587890625
1784719853902945024,36.35347890853882,289.79486083984375
1784719853912864000,36.36339783668518,289.38873291015625
1784719853922784000,36.37331795692444,289.1251525878906
1784719853932704000,36.38323783874512,288.46234130859375
1784719853942622976,36.39315676689148,287.84954833984375
1784719853952542976,36.40307688713074,287.3384704589844
1784719853962462976,36.412996768951416,71.71406555175781
1784719853972381952,36.42291593551636,73.809326171875
1784719853982301952,36.432835817337036,75.48433685302734
1784719853992221952,36.442755937576294,76.83773040771484
1784719854002140928,36.452674865722656,77.8914794921875
1784719854012061184,36.462594985961914,78.6951675415039
1784719854021980928,36.47251486778259,79.35458374023438
1784719854031899904,36.482433795928955,79.91730499267578
1784719854041820160,36.49235391616821,80.40399932861328
1784719854051739904,36.50227379798889,80.81654357910156
1784719854061660160,36.51219391822815,81.2204818725586
1784719854071578880,36.52211284637451,81.33084106445312
1784719854081499136,36.53203296661377,81.73175811767578
1784719854091418880,36.54195284843445,82.37345123291016
1784719854101337856,36.55187177658081,82.82666778564453
1784719854111258112,36.56179189682007,83.24169158935547
1784719854121177856,36.57171177864075,83.67713928222656
1784719854131097088,36.58163094520569,84.06710052490234
1784719854141017088,36.59155082702637,84.38262939453125
1784719854150937088,36.601470947265625,84.61866760253906
1784719854160856064,36.61138987541199,84.68916320800781
1784719854170775808,36.621309757232666,84.58584594726562
1784719854180696064,36.631229877471924,84.39869689941406
1784719854190615040,36.641148805618286,84.07319641113281
1784719854200535040,36.651068925857544,83.49433135986328
1784719854210455040,36.66098880767822,82.73941802978516
1784719854220374016,36.670907974243164,81.77618408203125
1784719854230294016,36.68082785606384,80.58042907714844
1784719854240214016,36.6907479763031,79.24254608154297
1784719854250132992,36.70066690444946,77.75590515136719
1784719854260052992,36.71058678627014,76.16511535644531
1784719854269972992,36.7205069065094,74.58830261230469
1784719854279891968,36.73042583465576,72.85504913330078
1784719854289811968,36.74034595489502,71.00410461425781
1784719854299731968,36.7502658367157,69.11801147460938
1784719854309651968,36.760185956954956,67.16227722167969
1784719854319570944,36.77010488510132,65.09362030029297
1784719854329490944,36.780024766922,62.97500228881836
1784719854339410944,36.789944887161255,60.7982292175293
1784719854349329920,36.79986381530762,58.46940231323242
1784719854359250176,36.809783935546875,56.159122467041016
1784719854369169920,36.819703817367554,53.890865325927734
1784719854379089152,36.829622983932495,51.605472564697266
1784719854389008896,36.839542865753174,49.273860931396484
1784719854398929152,36.84946298599243,46.92878341674805
1784719854408848128,36.859381914138794,44.51570510864258
1784719854418767872,36.86930179595947,42.06842041015625
1784719854428688128,36.87922191619873,39.53458786010742
1784719854438607104,36.88914084434509,37.020870208740234
1784719854448527104,36.89906096458435,34.52164077758789
1784719854458447104,36.90898084640503,32.01980209350586
1784719854468367104,36.91890096664429,29.529651641845703
1784719854478286080,36.92881989479065,27.029373168945312
1784719854488205824,36.93873977661133,24.476619720458984
1784719854498126080,36.948659896850586,21.872539520263672
1784719854508045056,36.95857882499695,19.14727783203125
1784719854517965056,36.968498945236206,16.312870025634766
1784719854527885056,36.978418827056885,13.41667652130127
1784719854537804032,36.988337993621826,10.528454780578613
1784719854547724032,36.998257875442505,7.644282341003418
1784719854557643776,37.008177757263184,4.690916061401367
1784719854567563008,37.018096923828125,1.5182380676269531
1784719854577483008,37.028016805648804,358.3294372558594
1784719854587403008,37.03793692588806,355.14508056640625
1784719854597323008,37.04785680770874,351.7664794921875
1784719854607241984,37.05777597427368,348.19921875
1784719854617161984,37.06769585609436,344.5344543457031
1784719854627081984,37.07761597633362,340.8419189453125
1784719854637000960,37.08753490447998,336.9457092285156
1784719854646920960,37.09745478630066,332.8314208984375
1784719854656840960,37.10737490653992,328.58685302734375
1784719854666759936,37.11729383468628,324.1856994628906
1784719854676680192,37.12721395492554,319.9387512207031
1784719854686599936,37.137133836746216,315.86968994140625
1784719854696518912,37.14705276489258,311.92950439453125
1784719854706438912,37.156972885131836,307.8946533203125
1784719854716358912,37.166892766952515,304.0154724121094
1784719854726278912,37.17681288719177,300.3243713378906
1784719854736197888,37.186731815338135,296.752197265625
1784719854746118144,37.19665193557739,293.3011169433594
1784719854756037888,37.20657181739807,290.32257080078125
1784719854765957120,37.21649098396301,288.0579833984375
1784719854775877120,37.22641086578369,286.39227294921875
1784719854785797120,37.23633098602295,285.5440979003906
1784719854795716096,37.24624991416931,285.54791259765625
1784719854805635840,37.25616979598999,285.535888671875
1784719854815556096,37.26608991622925,285.8966369628906
1784719854825476608,37.276010513305664,286.62969970703125
1784719854835395840,37.285929679870605,287.25927734375
1784719854845315584,37.295849561691284,287.5012512207031
1784719854855235840,37.30576968193054,287.6294860839844
1784719854865154816,37.315688610076904,287.7402648925781
1784719854875074816,37.32560873031616,287.7685241699219
1784719854884994816,37.33552861213684,287.52490234375
1784719854894913792,37.3454475402832,287.3992004394531
1784719854904833792,37.35536766052246,287.68280029296875
1784719854914753792,37.36528754234314,288.22552490234375
1784719854924673792,37.3752076625824,288.8315734863281
1784719854934592768,37.38512659072876,289.7815246582031
1784719854944512768,37.39504671096802,291.0530090332031
1784719854954432768,37.404966592788696,292.3221435546875
1784719854964351744,37.41488552093506,293.4507141113281
1784719854974271744,37.424805641174316,294.4710388183594
1784719854984191744,37.434725522994995,295.3554992675781
1784719854994110720,37.44464468955994,296.1429748535156
1784719855004030720,37.454564571380615,296.83978271484375
1784719855013950720,37.46448469161987,297.54083251953125
1784719855023870720,37.47440457344055,298.2948913574219
1784719855033789952,37.48432374000549,299.112060546875
1784719855043709696,37.49424362182617,299.9416198730469
1784719855053629952,37.50416374206543,300.6898498535156
1784719855063548928,37.51408267021179,301.30126953125
1784719855073468672,37.52400255203247,301.7122497558594
1784719855083388928,37.53392267227173,301.9179992675781
1784719855093308672,37.54384255409241,301.8902587890625
1784719855103227904,37.55376172065735,301.65350341796875
1784719855113147648,37.56368160247803,301.22412109375
1784719855123067904,37.573601722717285,300.61614990234375
1784719855132986880,37.58352065086365,299.8399353027344
1784719855142906624,37.593440532684326,298.8826599121094
1784719855152826880,37.603360652923584,297.8077087402344
1784719855162745600,37.613279581069946,296.6297607421875
1784719855172665856,37.623199701309204,295.300537109375
1784719855182585600,37.63311958312988,293.84967041015625
1784719855192505856,37.64303970336914,292.33331298828125
1784719855202424832,37.6529586315155,290.7763977050781
1784719855212344576,37.66287851333618,289.2008972167969
1784719855222264832,37.67279863357544,287.5542907714844
1784719855232183808,37.6827175617218,285.78204345703125
1784719855242103808,37.69263768196106,283.7683410644531
1784719855252023808,37.70255756378174,281.724853515625
1784719855261943808,37.712477684020996,279.7542724609375
1784719855271862784,37.72239661216736,277.55419921875
1784719855281782784,37.732316732406616,275.0364990234375
1784719855291702784,37.742236614227295,272.50408935546875
1784719855301621760,37.75215554237366,269.86126708984375
1784719855311541760,37.762075662612915,267.1986999511719
1784719855321461760,37.771995544433594,264.578125
1784719855331381760,37.78191566467285,261.9869384765625
1784719855341300736,37.791834592819214,259.4208679199219
1784719855351220736,37.80175471305847,256.9156494140625
1784719855361140736,37.81167459487915,254.63677978515625
1784719855371059712,37.82159352302551,252.67056274414062
1784719855380979712,37.83151364326477,251.04254150390625
1784719855390899712,37.84143352508545,249.9334716796875
1784719855400819712,37.85135364532471,249.45913696289062
1784719855410738688,37.86127257347107,249.72091674804688
1784719855420658944,37.87119269371033,250.74578857421875
1784719855430578688,37.881112575531006,252.522216796875
1784719855440497920,37.89103174209595,255.01882934570312
1784719855450417664,37.900951623916626,258.27294921875
1784719855460337920,37.910871744155884,262.2680969238281
1784719855470257664,37.92079162597656,266.94488525390625
1784719855480176640,37.930710554122925,272.2485046386719
1784719855490096896,37.94063067436218,278.1436767578125
1784719855500016640,37.95055055618286,284.55023193359375
1784719855509935872,37.9604697227478,291.2720031738281
1784719855519855616,37.97038960456848,298.077392578125
1784719855529775872,37.98030972480774,304.7686462402344
1784719855539695616,37.99022960662842,311.285400390625
1784719855549614592,38.00014853477478,317.6868896484375
1784719855559534848,38.01006865501404,324.0766296386719
1784719855569454592,38.01998853683472,330.4657287597656
1784719855579373824,38.02990770339966,336.59228515625
1784719855589293824,38.03982758522034,342.22930908203125
1784719855599213824,38.049747705459595,347.12457275390625
1784719855609133824,38.05966758728027,351.5433654785156
1784719855619052544,38.069586515426636,355.98919677734375
1784719855628972800,38.079506635665894,0.7208995819091797
1784719855638892544,38.08942651748657,5.693789482116699
1784719855648811776,38.099345684051514,10.737662315368652
1784719855658731776,38.10926556587219,15.567044258117676
1784719855668651776,38.11918568611145,19.873584747314453
1784719855678571776,38.12910556793213,23.52634048461914
1784719855688490752,38.13902473449707,26.760623931884766
1784719855698410752,38.14894461631775,29.71377182006836
1784719855708330752,38.15886473655701,32.652381896972656
1784719855718250752,38.168784618377686,35.52708053588867
1784719855728169728,38.17870354652405,38.20649719238281
1784719855738089728,38.188623666763306,40.35738754272461
1784719855748009728,38.198543548583984,41.69449234008789
1784719855757928960,38.208462715148926,42.33491897583008
1784719855767848704,38.218382596969604,42.80628967285156
1784719855777768960,38.22830271720886,43.42451095581055
1784719855787688704,38.23822259902954,44.33174133300781
1784719855797607680,38.2481415271759,45.54487609863281
1784719855807527680,38.25806164741516,295.93060302734375
1784719855817447680,38.26798152923584,294.9337158203125
1784719855827364864,38.27789878845215,294.1693115234375
1784719855837284864,38.28781867027283,293.56317138671875
1784719855847204864,38.297738790512085,293.0801696777344
1784719855857124864,38.307658672332764,292.6994323730469
1784719855867044096,38.317577838897705,292.35430908203125
1784719855876963840,38.327497720718384,292.03216552734375
1784719855886884096,38.33741784095764,291.7373046875
1784719855896802816,38.347336769104004,291.45355224609375
1784719855906722816,38.35725665092468,291.17303466796875
1784719855916642816,38.36717677116394,290.79022216796875
1784719855926562816,38.37709665298462,290.3973388671875
1784719855936482048,38.38701581954956,289.95587158203125
1784719855946401792,38.39693570137024,66.87149810791016
1784719855956322048,38.4068558216095,67.67544555664062
1784719855966241792,38.416775703430176,68.8597412109375
1784719855976160768,38.42669463157654,70.25702667236328
1784719855986080768,38.436614751815796,71.68509674072266
1784719855996000768,38.446534633636475,73.0343246459961
1784719856005920000,38.456453800201416,74.21746826171875
1784719856015839744,38.466373682022095,75.13890838623047
1784719856025760000,38.47629380226135,75.84146118164062
1784719856035679744,38.48621368408203,76.5185317993164
1784719856045598976,38.49613285064697,77.22114562988281
1784719856055518976,38.50605273246765,77.91307830810547
1784719856065438976,38.51597285270691,78.55913543701172
1784719856075358976,38.52589273452759,79.15777587890625
1784719856085277696,38.53581166267395,79.80313110351562
1784719856095197952,38.54573178291321,80.44163513183594
1784719856105117696,38.55565166473389,80.97248077392578
1784719856115036928,38.56557083129883,81.56444549560547
1784719856124956928,38.57549071311951,82.18376159667969
1784719856134876928,38.585410833358765,82.71822357177734
1784719856144796928,38.59533071517944,83.1850814819336
1784719856154715904,38.605249643325806,83.53580474853516
1784719856164635904,38.61516976356506,83.70420837402344
1784719856174555904,38.62508964538574,83.73420715332031
1784719856184474880,38.635008811950684,83.66788482666016
1784719856194394880,38.64492869377136,83.56413269042969
1784719856204314880,38.65484881401062,83.21913146972656
1784719856214234880,38.6647686958313,82.70339965820312
1784719856224154112,38.67468786239624,81.96504211425781
1784719856234073856,38.68460774421692,80.98551177978516
1784719856243994112,38.69452786445618,79.71797943115234
1784719856253913856,38.704447746276855,78.22953033447266
1784719856263832832,38.71436667442322,76.61878967285156
1784719856273752832,38.724286794662476,74.80321502685547
1784719856283672832,38.734206676483154,72.81719207763672
1784719856293592832,38.74412679672241,70.78939819335938
1784719856303511808,38.754045724868774,68.79508209228516
1784719856313432064,38.76396584510803,66.72559356689453
1784719856323351808,38.77388572692871,64.41584014892578
1784719856333270784,38.78380465507507,62.03773880004883
1784719856343190784,38.79372477531433,59.65163040161133
1784719856353110784,38.80364465713501,57.296024322509766
1784719856363030784,38.81356477737427,54.96585464477539
1784719856372949760,38.82348370552063,52.902931213378906
1784719856382870016,38.83340382575989,50.8231315612793
1784719856392789760,38.843323707580566,48.78158187866211
1784719856402708736,38.85324263572693,46.738067626953125
1784719856412628992,38.86316275596619,44.66810607910156
1784719856422548736,38.873082637786865,42.60948181152344
1784719856432468992,38.88300275802612,40.531280517578125
1784719856442387712,38.892921686172485,38.48516845703125
1784719856452307968,38.90284180641174,36.45737075805664
1784719856462227712,38.91276168823242,34.362632751464844
1784719856472147968,38.92268180847168,32.201942443847656
1784719856482066944,38.93260073661804,29.99359893798828
1784719856491986944,38.9425208568573,27.70830535888672
1784719856501906944,38.95244073867798,25.31365203857422
1784719856511825920,38.96235966682434,22.865680694580078
1784719856521745920,38.9722797870636,20.39059066772461
1784719856531665920,38.98219966888428,17.718936920166016
1784719856541585920,38.992119789123535,15.150286674499512
1784719856551504896,39.0020387172699,12.4854097366333
1784719856561424896,39.011958837509155,9.6600980758667
1784719856571344896,39.021878719329834,6.658219337463379
1784719856581264896,39.03179883956909,3.5515518188476562
1784719856591183872,39.041717767715454,0.189208984375
1784719856601103872,39.05163764953613,356.5224914550781
1784719856611023872,39.06155776977539,352.6205139160156
1784719856620942848,39.07147669792175,348.48028564453125
1784719856630862848,39.08139681816101,344.2540283203125
1784719856640782848,39.09131669998169,340.0317687988281
1784719856650702848,39.10123682022095,335.718994140625
1784719856660621824,39.11115574836731,331.39593505859375
1784719856670542080,39.12107586860657,327.1628112792969
1784719856680461824,39.130995750427246,322.789306640625
1784719856690381824,39.140915632247925,318.6402893066406
1784719856700301056,39.150834798812866,314.6737060546875
1784719856710220800,39.160754680633545,310.7108154296875
1784719856720141056,39.1706748008728,306.6505432128906
1784719856730060800,39.18059468269348,302.4943542480469
1784719856739980032,39.19051384925842,298.1809997558594
1784719856749899776,39.2004337310791,294.2297058105469
1784719856759820032,39.21035385131836,290.71478271484375
1784719856769739008,39.22027277946472,288.052978515625
1784719856779658752,39.2301926612854,286.1570129394531
1784719856789579008,39.24011278152466,284.6563720703125
1784719856799498752,39.25003266334534,283.5003356933594
1784719856809417984,39.25995182991028,282.7130126953125
1784719856819337728,39.26987171173096,281.98504638671875
1784719856829260288,39.279794216156006,281.29913330078125
1784719856839180544,39.289714336395264,280.783935546875
1784719856849099520,39.299633264541626,280.5758056640625
1784719856859019264,39.309553146362305,280.6233825683594
1784719856868939520,39.31947326660156,280.7965087890625
1784719856878858240,39.329392194747925,281.0069580078125
1784719856888778496,39.33931231498718,281.55145263671875
1784719856898698240,39.34923219680786,282.2091064453125
1784719856908618496,39.35915231704712,283.0191650390625
1784719856918537472,39.36907124519348,283.8982238769531
1784719856928457472,39.37899136543274,284.71612548828125
1784719856938377472,39.38891124725342,285.4423828125
1784719856948297472,39.398831367492676,286.1834716796875
1784719856958216448,39.40875029563904,286.9166564941406
1784719856968136192,39.41867017745972,287.65704345703125
1784719856978056448,39.428590297698975,288.6034240722656
1784719856987976192,39.43851017951965,289.6708679199219
1784719856997895424,39.448429346084595,290.7991638183594
1784719857007815424,39.45834922790527,291.9376525878906
1784719857017735424,39.46826934814453,292.99017333984375
1784719857027654400,39.478188276290894,293.89154052734375
1784719857037574400,39.48810815811157,294.6899108886719
1784719857047494400,39.49802827835083,295.4080505371094
1784719857057414400,39.50794816017151,296.1181945800781
1784719857067333376,39.51786732673645,296.6720886230469
1784719857077253376,39.52778720855713,297.08953857421875
1784719857087173376,39.53770732879639,297.41790771484375
1784719857097093376,39.547627210617065,297.67669677734375
1784719857107012352,39.55754613876343,297.8902587890625
1784719857116932352,39.567466259002686,298.09173583984375
1784719857126852352,39.577386140823364,298.2186584472656
1784719857136772352,39.58730626106262,298.25213623046875
1784719857146691328,39.597225189208984,298.28265380859375
1784719857156611328,39.60714530944824,298.24432373046875
1784719857166531328,39.61706519126892,298.05670166015625
1784719857176450560,39.62698435783386,297.7720947265625
1784719857186370304,39.63690423965454,297.38592529296875
1784719857196290560,39.6468243598938,296.89141845703125
1784719857206210304,39.65674424171448,296.3623352050781
1784719857216129280,39.66666316986084,295.64459228515625
1784719857226049536,39.6765832901001,294.7646789550781
1784719857235969280,39.686503171920776,293.63330078125
1784719857245889536,39.696423292160034,292.35980224609375
1784719857255808256,39.7063422203064,290.93145751953125
1784719857265728512,39.716262340545654,289.3329162597656
1784719857275648256,39.72618222236633,287.73681640625
1784719857285568512,39.73610234260559,285.9216613769531
1784719857295487488,39.74602127075195,284.01177978515625
1784719857305407232,39.75594115257263,281.9092102050781
1784719857315327488,39.76586127281189,279.47576904296875
1784719857325246208,39.77578020095825,276.9347229003906
1784719857335166464,39.78570032119751,274.4151611328125
1784719857345086464,39.79562020301819,271.8993835449219
1784719857355006464,39.805540323257446,269.3381042480469
1784719857364925440,39.81545925140381,266.89453125
1784719857374845184,39.82537913322449,264.52783203125
1784719857384765440,39.835299253463745,262.2830505371094
1784719857394685184,39.845219135284424,260.1225280761719
1784719857404604416,39.855138301849365,258.2132568359375
1784719857414524416,39.865058183670044,256.76275634765625
1784719857424444416,39.8749783039093,255.8843994140625
1784719857434364416,39.88489818572998,255.67007446289062
1784719857444283392,39.89481735229492,256.197021484375
1784719857454203392,39.9047372341156,257.45745849609375
1784719857464123392,39.91465735435486,259.4542541503906
1784719857474043392,39.92457723617554,262.1192321777344
1784719857483962368,39.9344961643219,265.2986145019531
1784719857493882368,39.94441628456116,268.83221435546875
1784719857503802368,39.954336166381836,272.5385437011719
1784719857513721344,39.96425533294678,276.404296875
1784719857523641344,39.974175214767456,280.4887390136719
1784719857533561344,39.984095335006714,284.77008056640625
1784719857543481344,39.99401521682739,289.044189453125
1784719857553400320,40.003934144973755,293.31585693359375
1784719857563320320,40.01385426521301,297.76513671875
1784719857573240320,40.02377414703369,302.56036376953125
1784719857583160320,40.03369426727295,307.7603759765625
1784719857593079296,40.04361319541931,313.3153076171875
1784719857602999552,40.05353331565857,319.0993347167969
1784719857612919296,40.06345319747925,324.8055419921875
1784719857622839552,40.073373317718506,330.212646484375
1784719857632758272,40.08329224586487,335.3460388183594
1784719857642678528,40.093212366104126,340.36663818359375
1784719857652598272,40.103132247924805,345.582275390625
1784719857662518528,40.11305236816406,351.18646240234375
1784719857672437504,40.122971296310425,357.10931396484375
1784719857682357248,40.1328911781311,3.0111045837402344
1784719857692277504,40.14281129837036,8.444928169250488
1784719857702196480,40.152730226516724,13.152117729187012
1784719857712116480,40.16265034675598,17.140605926513672
1784719857722036480,40.17257022857666,20.571510314941406
1784719857731956480,40.18249034881592,23.664810180664062
1784719857741875456,40.19240927696228,26.468002319335938
1784719857751795200,40.20232915878296,28.864212036132812
1784719857761715456,40.21224927902222,30.75060272216797
1784719857771635200,40.222169160842896,32.16074752807617
1784719857781554432,40.23208832740784,33.22177505493164
1784719857791474432,40.242008209228516,34.16047668457031
1784719857801394432,40.25192832946777,35.2821159362793
1784719857811314432,40.26184821128845,36.82170867919922
1784719857821233152,40.271767139434814,38.9171028137207
1784719857831150848,40.2816846370697,41.61421585083008
1784719857841070848,40.29160475730896,303.9249267578125
1784719857850990848,40.30152463912964,302.87335205078125
1784719857860909824,40.31144380569458,301.86175537109375
1784719857870829824,40.32136368751526,300.8945617675781
1784719857880749824,40.33128380775452,299.94549560546875
1784719857890669824,40.341203689575195,299.0315246582031
1784719857900589056,40.35112285614014,298.1888122558594
1784719857910508800,40.361042737960815,297.4207763671875
1784719857920429056,40.37096285820007,296.7049560546875
1784719857930348032,40.380881786346436,295.9775695800781
1784719857940267776,40.390801668167114,295.2282409667969
1784719857950188032,40.40072178840637,294.54913330078125
1784719857960107776,40.41064167022705,293.8836975097656
1784719857970027008,40.42056083679199,293.3097229003906
1784719857979946752,40.43048071861267,292.6302490234375
1784719857989867008,40.44040083885193,291.9681701660156
1784719857999786752,40.45032072067261,78.90167999267578
1784719858009705728,40.46023964881897,79.98932647705078
1784719858019625984,40.47015976905823,81.02208709716797
1784719858029545728,40.480079650878906,81.96614074707031
1784719858039465984,40.489999771118164,82.84713745117188
1784719858049384960,40.499918699264526,83.66409301757812
1784719858059304960,40.509838819503784,84.38836669921875
1784719858069224960,40.51975870132446,85.05297088623047
1784719858079144960,40.52967882156372,85.63549041748047
1784719858089063936,40.53959774971008,86.13412475585938
1784719858098983680,40.54951763153076,86.52711486816406
1784719858108903936,40.55943775177002,86.94256591796875
1784719858118823680,40.5693576335907,87.33537292480469
1784719858128742912,40.57927680015564,87.74606323242188
1784719858138662912,40.58919668197632,88.19844055175781
1784719858148582912,40.599116802215576,88.55940246582031
1784719858158501888,40.60903573036194,88.86758422851562
1784719858168421888,40.618955850601196,89.15107727050781
1784719858178341888,40.628875732421875,89.6655044555664
1784719858188261888,40.63879585266113,90.17377471923828
1784719858198181888,40.64871573448181,90.69495391845703
1784719858208100864,40.658634662628174,91.10623168945312
1784719858218020864,40.66855478286743,91.46234893798828
1784719858227940864,40.67847466468811,91.7499008178711
1784719858237859840,40.68839383125305,91.93938446044922
1784719858247779840,40.69831371307373,91.968994140625
1784719858257699840,40.70823383331299,91.84442138671875
1784719858267619840,40.71815371513367,91.54674530029297
1784719858277538816,40.72807264328003,90.99488067626953
1784719858287458816,40.73799276351929,90.21383666992188
1784719858297378816,40.747912645339966,89.20463562011719
1784719858307298816,40.757832765579224,87.92494201660156
1784719858317217792,40.767751693725586,86.42552185058594
1784719858327138048,40.777671813964844,84.77362823486328
1784719858337057792,40.78759169578552,82.93659973144531
1784719858346978048,40.79751181602478,80.9969253540039
1784719858356896768,40.80743074417114,79.03035736083984
1784719858366817024,40.8173508644104,76.95320129394531
1784719858376736768,40.82727074623108,74.75495910644531
1784719858386657024,40.83719086647034,72.47737884521484
1784719858396576000,40.8471097946167,70.16402435302734
1784719858406495744,40.85702967643738,67.83915710449219
1784719858416416000,40.866949796676636,65.56350708007812
1784719858426335744,40.876869678497314,63.305484771728516
1784719858436254976,40.886788845062256,61.06950759887695
1784719858446174976,40.896708726882935,58.84757614135742
1784719858456094976,40.90662884712219,56.602474212646484
1784719858466014976,40.91654872894287,54.35818099975586
1784719858475933696,40.92646765708923,52.10146713256836
1784719858485853952,40.93638777732849,49.72325134277344
1784719858495773696,40.94630765914917,47.30718231201172
1784719858505693952,40.95622777938843,44.92329788208008
1784719858515612928,40.96614670753479,42.44585037231445
1784719858525532928,40.97606682777405,39.89789962768555
1784719858535452928,40.98598670959473,37.347537994384766
1784719858545372928,40.995906829833984,34.77031707763672
1784719858555291904,41.00582575798035,32.14482116699219
1784719858565211648,41.015745639801025,29.481975555419922
1784719858575131904,41.02566576004028,26.68878936767578
1784719858585050880,41.035584688186646,23.791667938232422
1784719858594970880,41.0455048084259,20.854137420654297
1784719858604890880,41.05542469024658,17.789981842041016
1784719858614810880,41.06534481048584,14.552790641784668
1784719858624729856,41.0752637386322,11.1737642288208
1784719858634650112,41.08518385887146,7.60836124420166
1784719858644569856,41.09510374069214,3.8182525634765625
1784719858654490112,41.1050238609314,359.87554931640625
1784719858664408832,41.11494278907776,355.8350830078125
1784719858674328832,41.12486267089844,351.60589599609375
1784719858684248832,41.134782791137695,347.2720642089844
1784719858694168832,41.144702672958374,342.7051086425781
1784719858704088064,41.154621839523315,338.1893310546875
1784719858714007808,41.164541721343994,333.6617126464844
1784719858723928064,41.17446184158325,329.2870178222656
1784719858733847808,41.18438172340393,324.8177490234375
1784719858743766784,41.19430065155029,320.5947570800781
1784719858753686784,41.20422077178955,316.6932067871094
1784719858763606784,41.21414065361023,313.04736328125
1784719858773526784,41.22406077384949,309.69525146484375
1784719858783445760,41.23397970199585,306.5906066894531
1784719858793366016,41.24389982223511,303.7528076171875
1784719858803285760,41.253819704055786,301.03424072265625
1784719858813206016,41.263739824295044,298.60052490234375
1784719858823124992,41.273658752441406,296.6532287597656
1784719858833046784,41.28358054161072,295.1476135253906
1784719858842966528,41.2935004234314,293.93896484375
1784719858852886784,41.303420543670654,293.076904296875
1784719858862805504,41.31333947181702,292.46575927734375
1784719858872725760,41.323259592056274,292.0032653808594
1784719858882645504,41.33317947387695,291.7864074707031
1784719858892565760,41.34309959411621,291.42889404296875
1784719858902484736,41.35301852226257,291.0899658203125
1784719858912404736,41.36293864250183,290.771484375
1784719858922324736,41.37285852432251,290.39129638671875
1784719858932244736,41.38277864456177,290.1815185546875
1784719858942163712,41.39269757270813,290.0083312988281
1784719858952083712,41.40261745452881,289.97296142578125
1784719858962003712,41.412537574768066,290.10943603515625
1784719858971923712,41.422457456588745,290.38702392578125
1784719858981842688,41.43237662315369,290.8713073730469
1784719858991762688,41.442296504974365,291.4267578125
1784719859001682688,41.45221662521362,292.00347900390625
1784719859011602688,41.4621365070343,292.5534973144531
1784719859021521664,41.472055435180664,293.08447265625
1784719859031441664,41.48197555541992,293.63397216796875
1784719859041361664,41.4918954372406,294.20458984375
1784719859051281664,41.50181555747986,294.74224853515625
1784719859061200640,41.51173448562622,295.2333679199219
1784719859071120640,41.52165460586548,295.67486572265625
1784719859081040640,41.53157448768616,296.069580078125
1784719859090960640,41.541494607925415,296.4371337890625
1784719859100879616,41.55141353607178,296.75799560546875
1784719859110799872,41.561333656311035,297.0740051269531
1784719859120719616,41.571253538131714,297.2960205078125
1784719859130639872,41.58117365837097,297.4230041503906
1784719859140558592,41.591092586517334,297.4041442871094
1784719859150478592,41.60101246833801,297.29595947265625
1784719859160398848,41.61093258857727,297.1515808105469
1784719859170318592,41.62085247039795,296.8959655761719
1784719859180237824,41.63077163696289,296.5546569824219
1784719859190157568,41.64069151878357,296.1136169433594
1784719859200077824,41.65061163902283,295.5426025390625
1784719859209997568,41.660531520843506,294.8229064941406
1784719859219916544,41.67045044898987,294.0003662109375
1784719859229836800,41.680370569229126,293.09735107421875
1784719859239756544,41.690290451049805,292.1047058105469
1784719859249676800,41.70021057128906,290.9881591796875
1784719859259596544,41.71013045310974,289.8069763183594
1784719859269515776,41.72004961967468,288.486083984375
1784719859279435520,41.72996950149536,287.17694091796875
1784719859289355776,41.73988962173462,285.8153076171875
1784719859299275520,41.7498095035553,284.34442138671875
1784719859309194496,41.75972843170166,282.7369384765625
1784719859319114752,41.76964855194092,280.9781494140625
1784719859329034496,41.7795684337616,278.92645263671875
1784719859338954752,41.789488554000854,276.7875671386719
1784719859348873728,41.79940748214722,274.45941162109375
1784719859358793728,41.809327602386475,271.9490661621094
1784719859368713728,41.81924748420715,269.40545654296875
1784719859378633728,41.82916760444641,266.6251525878906
1784719859388552704,41.83908653259277,263.78045654296875
1784719859398472704,41.84900665283203,260.9850158691406
1784719859408392704,41.85892653465271,258.35791015625
1784719859418312704,41.86884665489197,255.96017456054688
1784719859428231680,41.87876558303833,253.858154296875
1784719859438151680,41.88868546485901,252.20364379882812
1784719859448071680,41.89860558509827,251.17306518554688
1784719859457991680,41.908525466918945,250.84918212890625
1784719859467910656,41.91844463348389,251.27413940429688
1784719859477830656,41.928364515304565,252.47769165039062
1784719859487750656,41.93828463554382,254.44900512695312
1784719859497670656,41.9482045173645,257.1963806152344
1784719859507589632,41.958123445510864,260.6407165527344
1784719859517509632,41.96804356575012,264.7216796875
1784719859527429632,41.9779634475708,269.36322021484375
1784719859537349632,41.98788356781006,274.5012512207031
1784719859547268608,41.99780249595642,280.11468505859375
1784719859557188864,42.00772261619568,286.1112060546875
1784719859567108608,42.01764249801636,292.3431091308594
1784719859577028864,42.027562618255615,298.708984375
1784719859586947584,42.03748154640198,305.0457763671875
1784719859596867584,42.047401428222656,311.27783203125
1784719859606787584,42.057321548461914,317.3671875
1784719859616707584,42.06724143028259,323.47882080078125
1784719859626627584,42.07716155052185,329.8663024902344
1784719859636546560,42.08708047866821,336.61865234375
1784719859646466816,42.09700059890747,343.4740295410156
1784719859656386560,42.10692048072815,349.9958190917969
1784719859666306816,42.11684060096741,355.7713317871094
1784719859676225536,42.12675952911377,0.7009716033935547
1784719859686145792,42.13667964935303,5.012131690979004
1784719859696065792,42.146599531173706,9.060286521911621
1784719859705985792,42.156519651412964,13.053025245666504
1784719859715904768,42.166438579559326,16.961959838867188
1784719859725824512,42.176358461380005,20.58922576904297
1784719859735744768,42.18627858161926,23.60326385498047
1784719859745664512,42.19619846343994,25.90627670288086
1784719859755583744,42.20611763000488,27.650615692138672
1784719859765503744,42.21603751182556,28.882755279541016
1784719859775423744,42.22595763206482,29.650524139404297
1784719859785343744,42.2358775138855,30.084640502929688
1784719859795262464,42.24579644203186,30.420059204101562
1784719859805182720,42.25571656227112,30.641830444335938
1784719859815102464,42.2656364440918,30.718563079833984
1784719859825022720,42.275556564331055,30.760780334472656
1784719859834940416,42.28547430038452,295.9309997558594
1784719859844860672,42.29539442062378,294.568115234375
1784719859854780416,42.30531430244446,293.5354309082031
1784719859864700672,42.315234422683716,292.7103271484375
1784719859874620416,42.325154304504395,292.0514831542969
1784719859884539648,42.335073471069336,291.5606384277344
1784719859894459392,42.344993352890015,291.1339111328125
1784719859904379648,42.35491347312927,290.7359619140625
1784719859914299392,42.36483335494995,290.3953552246094
1784719859924218624,42.37475252151489,290.0611877441406
1784719859934138624,42.38467240333557,289.8028564453125
1784719859944058624,42.39459252357483,289.5295715332031
1784719859953978624,42.40451240539551,289.264892578125
1784719859963897344,42.41443133354187,289.01165771484375
1784719859973817600,42.42435145378113,288.65167236328125
1784719859983737344,42.43427133560181,288.3158874511719
1784719859993657600,42.444191455841064,287.879638671875
1784719860003576576,42.45411038398743,70.77357482910156
1784719860013496576,42.464030504226685,71.55027770996094
1784719860023416576,42.47395038604736,72.14733123779297
1784719860033336576,42.48387050628662,72.72372436523438
1784719860043255552,42.49378943443298,73.26332092285156
1784719860053175552,42.50370931625366,73.77493286132812
1784719860063095552,42.51362943649292,74.2618637084961
1784719860073015552,42.5235493183136,74.7102279663086
1784719860082935552,42.533469438552856,75.13762664794922
1784719860092854528,42.54338836669922,75.58772277832031
1784719860102774528,42.55330848693848,76.08421325683594
1784719860112694528,42.563228368759155,76.64895629882812
1784719860122614528,42.57314848899841,77.23548889160156
1784719860132533504,42.583067417144775,77.78636932373047
1784719860142453504,42.592987298965454,78.40623474121094
1784719860152373504,42.60290741920471,78.86581420898438
1784719860162293504,42.61282730102539,79.32356262207031
1784719860172212480,42.62274646759033,79.66834259033203
1784719860182132480,42.63266634941101,80.0962142944336
1784719860192052480,42.64258646965027,80.6995620727539
1784719860201972480,42.65250635147095,81.26066589355469
1784719860211892480,42.662426471710205,81.86934661865234
1784719860221811456,42.67234539985657,82.43978118896484
1784719860231731712,42.682265520095825,82.9310302734375
1784719860241651456,42.692185401916504,83.29090118408203
1784719860251571712,42.70210552215576,83.43392944335938
1784719860261490688,42.712024450302124,83.45865631103516
1784719860271410432,42.7219443321228,83.21752166748047
1784719860281330688,42.73186445236206,82.82528686523438
1784719860291250432,42.74178433418274,82.25880432128906
1784719860301169664,42.75170350074768,81.48622131347656
1784719860311089408,42.76162338256836,80.46969604492188
1784719860321009664,42.77154350280762,79.20008087158203
1784719860330929408,42.781463384628296,77.67229461669922
1784719860340848384,42.79138231277466,76.09144592285156
1784719860350768640,42.801302433013916,74.34738159179688
1784719860360688384,42.811222314834595,72.46993255615234
1784719860370608640,42.82114243507385,70.50489807128906
1784719860380528384,42.83106231689453,68.43627166748047
1784719860390447616,42.84098148345947,66.19800567626953
1784719860400367616,42.85090136528015,63.8751335144043
1784719860410287616,42.86082148551941,61.55148696899414
1784719860420207616,42.87074136734009,59.2555046081543
1784719860430126592,42.88066053390503,56.95877456665039
1784719860440046592,42.89058041572571,54.71125411987305
1784719860449966592,42.900500535964966,52.53213882446289
1784719860459886592,42.910420417785645,50.37680435180664
1784719860469806336,42.92034029960632,48.21683120727539
1784719860479725568,42.930259466171265,46.022674560546875
1784719860489645568,42.94017934799194,43.80084228515625
1784719860499565568,42.9500994682312,41.660377502441406
1784719860509485568,42.96001935005188,39.46068572998047
1784719860519404544,42.96993851661682,37.259117126464844
1784719860529324544,42.9798583984375,35.02731704711914
1784719860539244544,42.98977851867676,32.773006439208984
1784719860549164544,42.99969840049744,30.518043518066406
1784719860559083520,43.0096173286438,28.218955993652344
1784719860569003520,43.01953744888306,25.893497467041016
1784719860578923520,43.029457330703735,23.536109924316406
1784719860588843520,43.03937745094299,21.12096405029297
1784719860598763520,43.04929733276367,18.602859497070312
1784719860608682752,43.05921649932861,15.960280418395996
1784719860618602496,43.06913638114929,13.162493705749512
1784719860628522752,43.07905650138855,10.253800392150879
1784719860638442496,43.08897638320923,7.162201881408691
1784719860648361472,43.09889531135559,3.976594924926758
1784719860658281472,43.10881543159485,0.6168060302734375
1784719860668201472,43.11873531341553,357.0560607910156
1784719860678121472,43.128655433654785,353.208740234375
1784719860688041472,43.138575315475464,349.38006591796875
1784719860697960704,43.148494482040405,345.3375244140625
1784719860707880448,43.158414363861084,341.071533203125
1784719860717800704,43.16833448410034,336.8436279296875
1784719860727720448,43.17825436592102,332.4828796386719
1784719860737639680,43.18817353248596,328.2349548339844
1784719860747559424,43.19809341430664,323.8022766113281
1784719860757479680,43.2080135345459,319.5876159667969
1784719860767399424,43.21793341636658,315.6157531738281
1784719860777318400,43.22785234451294,311.6919860839844
1784719860787238656,43.2377724647522,307.9286804199219
1784719860797158400,43.247692346572876,304.0341796875
1784719860807078656,43.257612466812134,300.2250671386719
1784719860816998400,43.26753234863281,296.6717834472656
1784719860826917632,43.277451515197754,293.61712646484375
1784719860836838144,43.28737211227417,291.04681396484375
1784719860846758400,43.29729223251343,288.8788757324219
1784719860856678144,43.307212114334106,287.1222839355469
1784719860866597376,43.31713128089905,285.568115234375
1784719860876517376,43.32705116271973,284.4826354980469
1784719860886437376,43.336971282958984,283.4346923828125
1784719860896357376,43.34689116477966,282.739990234375
1784719860906277376,43.35681128501892,282.24517822265625
1784719860916196352,43.36673021316528,281.96875
1784719860926116352,43.37665009498596,281.923095703125
1784719860936036352,43.38657021522522,282.0354919433594
1784719860945956352,43.3964900970459,282.14666748046875
1784719860955875328,43.40640926361084,282.0919189453125
1784719860965795328,43.41632914543152,282.03851318359375
1784719860975715328,43.426249265670776,281.8135986328125
1784719860985635328,43.436169147491455,281.61114501953125
1784719860995555328,43.44608926773071,281.41357421875
1784719861005474304,43.456008195877075,281.29644775390625
1784719861015394304,43.465928077697754,281.4615478515625
1784719861025314304,43.47584819793701,281.7789306640625
1784719861035234304,43.48576807975769,282.2688293457031
1784719861045153280,43.49568724632263,282.92498779296875
1784719861055073280,43.50560712814331,283.59918212890625
1784719861064993280,43.51552724838257,284.2209167480469
1784719861074913280,43.52544713020325,284.5181884765625
1784719861084833280,43.535367250442505,284.5332946777344
1784719861094752256,43.54528617858887,284.37152099609375
1784719861104672256,43.555206060409546,284.2620849609375
1784719861114592256,43.565126180648804,284.2219543457031
1784719861124512256,43.57504606246948,284.19158935546875
1784719861134431488,43.584965229034424,284.22259521484375
1784719861144351232,43.5948851108551,284.37115478515625
1784719861154271488,43.60480523109436,284.51165771484375
1784719861164191232,43.61472511291504,284.58758544921875
1784719861174110464,43.62464427947998,284.64739990234375
1784719861184030208,43.63456416130066,284.68023681640625
1784719861193950464,43.64448428153992,284.6746520996094
1784719861203870208,43.654404163360596,284.64447021484375
1784719861213790464,43.66432428359985,284.57122802734375
1784719861223709440,43.674243211746216,284.43359375
1784719861233629184,43.684163093566895,284.2219543457031
1784719861243549440,43.69408321380615,283.91058349609375
1784719861253469184,43.70400309562683,283.55694580078125
1784719861263389440,43.71392321586609,283.19439697265625
1784719861273308160,43.72384214401245,282.81292724609375
1784719861283228416,43.73376226425171,282.4336242675781
1784719861293148160,43.74368214607239,282.07373046875
1784719861303068416,43.753602266311646,281.6570739746094
1784719861312987392,43.76352119445801,281.11273193359375
1784719861322907136,43.77344107627869,280.4858703613281
1784719861332827392,43.783361196517944,279.7984619140625
1784719861342747136,43.79328107833862,278.94488525390625
1784719861352666368,43.803200244903564,278.07818603515625
1784719861362586368,43.81312012672424,277.1994323730469
1784719861372506368,43.8230402469635,276.17901611328125
1784719861382426368,43.83296012878418,274.9779052734375
1784719861392346368,43.84288024902344,273.72186279296875
1784719861402265344,43.8527991771698,272.162841796875
1784719861412185088,43.86271905899048,270.4414978027344
1784719861422105344,43.872639179229736,268.7799987792969
1784719861432025088,43.882559061050415,267.1168212890625
1784719861441944320,43.892478227615356,265.4970397949219
1784719861451864320,43.902398109436035,263.9720764160156
1784719861461784320,43.91231822967529,262.4378662109375
1784719861471704320,43.92223811149597,260.86199951171875
1784719861481624320,43.93215823173523,259.15252685546875
1784719861491543296,43.94207715988159,257.3228759765625
1784719861501463296,43.95199728012085,255.43099975585938
1784719861511383296,43.96191716194153,253.54269409179688
1784719861521303296,43.971837282180786,251.71844482421875
1784719861531223296,43.981757164001465,249.99948120117188
1784719861541142272,43.99167609214783,248.40567016601562
1784719861551062272,44.001596212387085,247.03231811523438
1784719861560982272,44.011516094207764,245.986083984375
1784719861570902272,44.02143621444702,245.27545166015625
1784719861580821248,44.031355142593384,244.93048095703125
1784719861590741504,44.04127526283264,244.95770263671875
1784719861600661248,44.05119514465332,245.3689727783203
1784719861610581504,44.06111526489258,246.16015625
1784719861620501248,44.07103514671326,247.3157958984375
1784719861630420224,44.08095407485962,248.73416137695312
1784719861640340224,44.09087419509888,250.27374267578125
1784719861650260224,44.100794076919556,251.78683471679688
1784719861660180224,44.11071419715881,253.12261962890625
1784719861670099200,44.120633125305176,254.2362060546875
1784719861680019456,44.130553245544434,255.19729614257812
1784719861689939200,44.14047312736511,256.04742431640625
1784719861699859456,44.15039324760437,256.86358642578125
1784719861709779200,44.16031312942505,257.66412353515625
1784719861719698176,44.17023205757141,258.3285827636719
1784719861729618432,44.18015217781067,258.764892578125
1784719861739538176,44.19007205963135,258.95416259765625
1784719861749458432,44.199992179870605,258.85595703125
1784719861759377152,44.20991110801697,258.372802734375
1784719861769297408,44.219831228256226,257.5048522949219
1784719861779217152,44.229751110076904,256.5505065917969
1784719861789137408,44.23967123031616,255.69537353515625
1784719861799057152,44.24959111213684,254.84304809570312
1784719861808976384,44.25951027870178,253.80755615234375
1784719861818896384,44.26943016052246,252.4439697265625
1784719861828816128,44.27935004234314,250.6378173828125
1784719861838736384,44.2892701625824,248.295166015625
1784719861848656128,44.299190044403076,245.35333251953125
1784719861858575360,44.30910921096802,271.9647216796875
1784719861868495104,44.319029092788696,271.55645751953125
1784719861878415360,44.328949213027954,271.25244140625
1784719861888335104,44.33886909484863,271.0058898925781
1784719861898254080,44.348788022994995,270.7840270996094
1784719861908174336,44.35870814323425,270.621826171875
1784719861918094080,44.36862802505493,270.591552734375
1784719861928014336,44.37854814529419,270.6007385253906
1784719861937934080,44.38846802711487,270.48321533203125
1784719861947853312,44.39838719367981,270.00909423828125
1784719861957773312,44.40830707550049,270.012451171875
1784719861967693312,44.418227195739746,270.2689208984375
1784719861977613312,44.428147077560425,271.4815368652344
1784719861987532288,44.438066244125366,272.32501220703125
1784719861997452288,44.447986125946045,272.15850830078125
1784719862007372032,44.457906007766724,272.03240966796875
1784719862017292288,44.46782612800598,271.78515625
1784719862027212032,44.47774600982666,271.6043701171875
1784719862037131264,44.4876651763916,271.60357666015625
1784719862047051264,44.49758505821228,271.9203186035156
1784719862056971264,44.50750517845154,272.0397644042969
1784719862066891264,44.51742506027222,272.2474365234375
1784719862076810240,44.52734422683716,272.09600830078125
1784719862086730240,44.53726410865784,272.16094970703125
1784719862096650240,44.547184228897095,272.1436767578125
1784719862106570240,44.55710411071777,272.11602783203125
1784719862116490240,44.56702423095703,272.1270751953125
1784719862126409216,44.576943159103394,272.1757507324219
1784719862136329216,44.58686304092407,272.22723388671875
1784719862146249216,44.59678316116333,272.3041687011719
1784719862156169216,44.60670304298401,272.456298828125
1784719862166089216,44.61662316322327,272.62017822265625
1784719862176008192,44.62654209136963,272.751953125
1784719862185928448,44.63646221160889,272.85479736328125
1784719862195848192,44.646382093429565,272.9433898925781
1784719862205768448,44.65630221366882,272.9955139160156
1784719862215687168,44.666221141815186,273.0419921875
1784719862225607168,44.676141023635864,273.09674072265625
1784719862235527168,44.68606114387512,273.14727783203125
1784719862245447168,44.6959810256958,273.20245361328125
1784719862255367168,44.70590114593506,273.2610168457031
1784719862265286144,44.71582007408142,273.3058166503906
1784719862275206400,44.72574019432068,273.32958984375
1784719862285126144,44.73566007614136,273.33758544921875
1784719862295046400,44.745580196380615,273.3352966308594
1784719862304966144,44.755500078201294,273.3117980957031
1784719862314885376,44.765419244766235,273.26605224609375
1784719862324805376,44.775339126586914,273.19866943359375
1784719862334725120,44.78525900840759,273.0881042480469
1784719862344645376,44.79517912864685,272.94036865234375
1784719862354564096,44.80509805679321,272.7680969238281
1784719862364484352,44.81501817703247,272.57269287109375
1784719862374404096,44.82493805885315,272.3234558105469
1784719862384324352,44.83485817909241,272.04595947265625
1784719862394244096,44.844778060913086,271.711669921875
1784719862404163328,44.85469722747803,271.3365173339844
1784719862414083328,44.864617109298706,270.9404296875
1784719862424003328,44.874537229537964,270.5649108886719
1784719862433923328,44.88445711135864,270.2013854980469
1784719862443842048,44.894376039505005,269.81890869140625
1784719862453762304,44.90429615974426,269.38421630859375
1784719862463682048,44.91421604156494,268.9202880859375
1784719862473602304,44.9241361618042,268.42681884765625
1784719862483522304,44.93405604362488,267.9038391113281
1784719862493441280,44.94397521018982,267.58843994140625
1784719862503361280,44.9538950920105,266.99090576171875
1784719862513281280,44.963815212249756,266.378662109375
1784719862523201280,44.973735094070435,265.7400207519531
1784719862533121280,44.98365521430969,265.0812683105469
1784719862543040256,44.993574142456055,264.0498962402344
1784719862552960256,45.00349402427673,263.30767822265625
1784719862562880256,45.01341414451599,262.5775451660156
1784719862572800256,45.02333402633667,261.8345947265625
1784719862582719232,45.03325319290161,261.0672607421875
1784719862592639232,45.04317307472229,260.28082275390625
1784719862602559232,45.05309319496155,259.4776306152344
1784719862612479232,45.06301307678223,258.66070556640625
1784719862622399232,45.072933197021484,257.82232666015625
1784719862632318208,45.08285212516785,256.971923828125
1784719862642238208,45.092772006988525,256.12384033203125
1784719862652158208,45.10269212722778,255.28128051757812
1784719862662078208,45.11261200904846,254.45321655273438
1784719862671997184,45.1225311756134,55.939510345458984
1784719862681917184,45.13245105743408,55.928531646728516
1784719862691837184,45.14237117767334,55.671878814697266
1784719862701757184,45.15229105949402,55.32053756713867
1784719862711677440,45.162211179733276,54.833927154541016
1784719862721596160,45.17213010787964,54.24836349487305
1784719862731516416,45.1820502281189,53.67205047607422
1784719862741436160,45.191970109939575,53.20435333251953
1784719862751356416,45.20189023017883,52.833213806152344
1784719862761276160,45.21181011199951,52.53409957885742
1784719862771195136,45.221729040145874,52.26095962524414
1784719862781115392,45.23164916038513,51.974029541015625
1784719862791035136,45.24156904220581,51.63793182373047
1784719862800955392,45.25148916244507,51.260677337646484
1784719862810874112,45.26140809059143,50.888816833496094
1784719862820794368,45.27132821083069,50.55356216430664
1784719862830714368,45.281248331069946,50.258060455322266
1784719862840634368,45.291168212890625,49.95017623901367
1784719862850554368,45.30108833312988,49.569427490234375
1784719862860473344,45.311007261276245,49.1104621887207
1784719862870393344,45.320927143096924,48.59829330444336
1784719862880313344,45.33084726333618,48.039344787597656
1784719862890233344,45.34076714515686,47.459930419921875
1784719862900152320,45.3506863117218,46.87875747680664
1784719862910072320,45.36060619354248,46.29185104370117
1784719862919992320,45.37052631378174,45.709842681884766
1784719862929912320,45.38044619560242,45.135440826416016
1784719862939832576,45.390366315841675,44.56327819824219
1784719862949751296,45.40028524398804,43.98973083496094
1784719862959671552,45.410205364227295,43.44871520996094
1784719862969591296,45.420125246047974,42.970191955566406
1784719862979511552,45.43004536628723,42.55633544921875
1784719862989431296,45.43996524810791,42.217628479003906
1784719862999350272,45.44988417625427,41.95392990112305
1784719863009270528,45.45980429649353,41.73497772216797
1784719863019190272,45.46972417831421,41.52960205078125
1784719863029110528,45.47964429855347,41.31487274169922
1784719863039029248,45.48956322669983,41.100032806396484
1784719863048949504,45.49948334693909,40.89453887939453
1784719863058869248,45.509403228759766,40.69650650024414
1784719863068789504,45.51932334899902,40.497657775878906
1784719863078709248,45.5292432308197,40.304176330566406
1784719863088628224,45.539162158966064,40.10188674926758
1784719863098548480,45.54908227920532,39.90047073364258
1784719863108468224,45.559002161026,39.709999084472656
1784719863118388480,45.56892228126526,39.53422927856445
1784719863128308224,45.57884216308594,39.37720489501953
1784719863138227456,45.58876132965088,39.245269775390625
1784719863148147456,45.59868121147156,39.14043426513672
1784719863158067456,45.608601331710815,39.06747817993164
1784719863167987456,45.618521213531494,39.03985595703125
1784719863177906176,45.628440141677856,39.0700569152832
1784719863187826432,45.638360261917114,39.15065002441406
1784719863197746176,45.64828014373779,39.2391242980957
1784719863207666432,45.65820026397705,39.29606246948242
1784719863217586176,45.66812014579773,39.313045501708984
1784719863227505408,45.67803931236267,39.17807388305664
1784719863237425408,45.68795919418335,39.033321380615234
1784719863247345408,45.69787931442261,38.86220932006836
1784719863257265408,45.707799196243286,38.59419631958008
1784719863267185408,45.717719316482544,38.25153732299805
1784719863277104384,45.727638244628906,37.925045013427734
1784719863287024384,45.737558364868164,37.6943473815918
1784719863296944384,45.74747824668884,37.50577163696289
1784719863306864384,45.7573983669281,37.330596923828125
1784719863316783360,45.76731729507446,37.185123443603516
1784719863326703360,45.77723717689514,37.074825286865234
1784719863336623360,45.7871572971344,37.00487518310547
1784719863346543360,45.79707717895508,37.007755279541016
1784719863356463360,45.806997299194336,37.074180603027344
1784719863366382336,45.8169162273407,37.18272018432617
1784719863376302592,45.826836347579956,37.362606048583984
1784719863386222336,45.836756229400635,37.59693908691406
1784719863396142592,45.84667634963989,37.88766860961914
1784719863406062336,45.85659623146057,38.419517517089844
1784719863415981312,45.866515159606934,38.718448638916016
1784719863425901312,45.87643527984619,38.97044372558594
1784719863435821312,45.88635516166687,39.20091247558594
1784719863445741312,45.89627528190613,39.48802185058594
1784719863455660288,45.90619421005249,39.784576416015625
1784719863465580544,45.91611433029175,40.05483627319336
1784719863475500288,45.92603421211243,40.330387115478516
1784719863485420544,45.935954332351685,40.593868255615234
1784719863495340288,45.94587421417236,41.233924865722656
1784719863505259264,45.955793142318726,41.5374641418457
1784719863515179520,45.96571326255798,41.80445861816406
1784719863525099264,45.97563314437866,42.00575637817383
1784719863535019520,45.98555326461792,42.15803527832031
1784719863544938240,45.99547219276428,42.276485443115234
1784719863554858496,46.00539231300354,42.40273666381836
1784719863564778240,46.01531219482422,42.49916076660156
1784719863574698496,46.02523231506348,42.58658981323242
1784719863584618240,46.035152196884155,42.64789581298828
1784719863594537472,46.0450713634491,42.60396194458008
1784719863604457472,46.054991245269775,42.47209167480469
1784719863614377472,46.06491136550903,42.26759338378906
1784719863624297472,46.07483124732971,41.942440032958984
1784719863634217472,46.08475136756897,41.44374465942383
1784719863644136448,46.09467029571533,40.78977966308594
1784719863654056192,46.10459017753601,39.9349250793457
1784719863663976448,46.11451029777527,38.90431594848633
1784719863673896192,46.12443017959595,37.78232192993164
1784719863683815424,46.13434934616089,36.44347381591797
1784719863693735424,46.14426922798157,34.88137435913086
1784719863703655424,46.154189348220825,33.111698150634766
1784719863713575424,46.164109230041504,31.196033477783203
1784719863723495424,46.17402935028076,29.146011352539062
1784719863733414400,46.183948278427124,26.864482879638672
1784719863743334400,46.1938681602478,24.344802856445312
1784719863753254400,46.20378828048706,21.58753204345703
1784719863763174400,46.21370816230774,18.620445251464844
1784719863773093376,46.22362732887268,15.620076179504395
1784719863783013376,46.23354721069336,12.507208824157715
1784719863792933376,46.24346733093262,9.409886360168457
1784719863802853376,46.253387212753296,6.386801719665527
1784719863812773376,46.263307332992554,3.394397735595703
1784719863822692352,46.273226261138916,0.3923349380493164
1784719863832613120,46.28314709663391,357.35748291015625
1784719863842533120,46.29306697845459,354.20709228515625
1784719863852453120,46.30298709869385,351.06195068359375
1784719863862373120,46.312906980514526,347.7905578613281
1784719863872292352,46.32282614707947,344.5664367675781
1784719863882212096,46.33274602890015,341.43255615234375
1784719863892132352,46.342666149139404,338.347900390625
1784719863902052096,46.35258603096008,335.3226623535156
1784719863911971072,46.362504959106445,332.1069030761719
1784719863921891328,46.3724250793457,328.7681579589844
1784719863931811072,46.38234496116638,325.50933837890625
1784719863941731328,46.39226508140564,322.4306945800781
1784719863951651072,46.40218496322632,319.4952697753906
1784719863961570304,46.41210412979126,316.41998291015625
1784719863971490048,46.42202401161194,313.09149169921875
1784719863981410304,46.431944131851196,309.7105712890625
1784719863991330048,46.441864013671875,306.413330078125
1784719864001249024,46.45178294181824,303.079833984375
1784719864011169280,46.461703062057495,299.7231140136719
1784719864021089024,46.471622943878174,296.37750244140625
1784719864031009280,46.48154306411743,293.0331115722656
1784719864040929024,46.49146294593811,289.7032775878906
1784719864050848256,46.50138211250305,286.2601013183594
1784719864060768000,46.51130199432373,282.7247314453125
1784719864070688256,46.52122211456299,279.18701171875
1784719864080608256,46.53114199638367,275.5928039550781
1784719864090528256,46.541062116622925,272.0242919921875
1784719864100447232,46.55098104476929,268.58843994140625
1784719864110366976,46.560900926589966,265.1744384765625
1784719864120287232,46.570821046829224,261.7328796386719
1784719864130206976,46.5807409286499,258.3016662597656
1784719864140127232,46.59066104888916,254.88064575195312
1784719864150046208,46.60057997703552,251.48187255859375
1784719864159966208,46.61050009727478,248.13949584960938
1784719864169886208,46.62041997909546,244.84335327148438
1784719864179806208,46.63034009933472,241.6156463623047
1784719864189725184,46.64025902748108,238.43214416503906
1784719864199645184,46.65017914772034,235.3015594482422
1784719864209565184,46.660099029541016,232.3020477294922
1784719864219485184,46.67001914978027,229.40211486816406
1784719864229405184,46.67993903160095,226.56179809570312
1784719864239324160,46.689857959747314,223.8259735107422
1784719864249244160,46.69977807998657,221.23423767089844
1784719864259164160,46.70969796180725,218.73867797851562
1784719864269084160,46.71961808204651,216.3437957763672
1784719864279003136,46.72953701019287,214.0447235107422
1784719864288923136,46.73945713043213,211.86676025390625
1784719864298843136,46.74937701225281,209.861572265625
1784719864308763392,46.759297132492065,208.0272674560547
1784719864318683136,46.769217014312744,206.35572814941406
1784719864328602112,46.779135942459106,204.83447265625
1784719864338522112,46.789056062698364,203.4537811279297
1784719864348442112,46.79897594451904,202.1965789794922
1784719864358362112,46.8088960647583,201.01963806152344
1784719864368282112,46.81881594657898,199.906494140625
1784719864378201344,46.82873511314392,198.8403778076172
1784719864388121088,46.8386549949646,197.83624267578125
1784719864398041344,46.84857511520386,196.93307495117188
1784719864407961088,46.858494997024536,196.0839385986328
1784719864417880064,46.8684139251709,195.32168579101562
1784719864427800064,46.878334045410156,194.60140991210938
1784719864437720064,46.888253927230835,193.86741638183594
1784719864447640064,46.89817404747009,193.09413146972656
1784719864457560064,46.90809392929077,192.3098907470703
1784719864467479296,46.91801309585571,191.6025848388672
1784719864477399040,46.92793297767639,191.0247039794922
1784719864487319296,46.93785309791565,190.61343383789062
1784719864497239040,46.94777297973633,190.3939666748047
1784719864507158272,46.95769214630127,190.2765655517578
1784719864517078272,46.96761202812195,190.1614990234375
1784719864526998272,46.977532148361206,190.0843048095703
1784719864536918272,46.987452030181885,190.0806884765625
1784719864546838272,46.99737215042114,190.13829040527344
1784719864556757248,47.007291078567505,190.26109313964844
1784719864566676992,47.017210960388184,190.4086151123047
1784719864576597248,47.02713108062744,190.54400634765625
1784719864586516992,47.03705096244812,190.69105529785156
1784719864596437248,47.04697108268738,190.91087341308594
1784719864606356224,47.05689001083374,191.2520294189453
1784719864616276224,47.066810131073,191.69482421875
1784719864626196224,47.07673001289368,192.129638671875
1784719864636116224,47.086650133132935,192.59332275390625
1784719864646035200,47.0965690612793,193.02859497070312
1784719864655955200,47.106488943099976,193.35595703125
1784719864665875200,47.11640906333923,193.60829162597656
1784719864675795200,47.12632894515991,193.93048095703125
1784719864685715200,47.13624906539917,194.3623504638672
1784719864695634176,47.14616799354553,194.77655029296875
1784719864705554176,47.15608811378479,195.1820526123047
1784719864715474176,47.16600799560547,195.60093688964844
1784719864725394176,47.17592811584473,195.95773315429688
1784719864735313152,47.18584704399109,196.22193908691406
1784719864745233152,47.19576692581177,196.36053466796875
1784719864755153152,47.205687046051025,196.41355895996094
1784719864765073152,47.215606927871704,196.41490173339844
1784719864774993152,47.22552704811096,196.19595336914062
1784719864784912128,47.235445976257324,195.9600372314453
1784719864794832128,47.24536609649658,195.73097229003906
1784719864804752128,47.25528597831726,195.6303253173828
1784719864814672128,47.26520609855652,195.70022583007812
1784719864824591104,47.27512502670288,195.84811401367188
1784719864834510080,47.28504395484924,196.0888214111328
1784719864844430336,47.2949640750885,196.4119415283203
1784719864854350080,47.30488395690918,196.77972412109375
1784719864864270336,47.31480407714844,197.1521759033203
1784719864874189056,47.3247230052948,197.48683166503906
1784719864884109056,47.33464288711548,197.6062469482422
1784719864894029056,47.344563007354736,197.44586181640625
1784719864903949056,47.354482889175415,197.19235229492188
1784719864913869056,47.36440300941467,196.95677185058594
1784719864923788032,47.374321937561035,196.7358856201172
1784719864933708288,47.38424205780029,196.5355224609375
1784719864943628032,47.39416193962097,196.33338928222656
1784719864953548288,47.40408205986023,196.1110382080078
1784719864963467008,47.41400098800659,195.84938049316406
1784719864973387264,47.42392110824585,195.5583953857422
1784719864983307008,47.43384099006653,195.25286865234375
1784719864993227264,47.443761110305786,194.98313903808594
1784719865003147008,47.453680992126465,194.83380126953125
1784719865013065984,47.46359992027283,194.7762451171875
1784719865022986240,47.473520040512085,194.62008666992188
1784719865032905984,47.483439922332764,194.28968811035156
1784719865042826240,47.49336004257202,193.9044647216797
1784719865052745216,47.503278970718384,193.5088348388672
1784719865062665216,47.51319909095764,193.1207733154297
1784719865072585216,47.52311897277832,192.7730255126953
1784719865082505216,47.53303909301758,192.4385528564453
1784719865092425216,47.54295897483826,192.10809326171875
1784719865102343936,47.55287790298462,191.8088836669922
1784719865112264192,47.56279802322388,191.55380249023438
1784719865122183936,47.572717905044556,191.34072875976562
1784719865132104192,47.58263802528381,191.16102600097656
1784719865142023936,47.59255790710449,191.01307678222656
1784719865151943168,47.602477073669434,190.906982421875
1784719865161863168,47.61239695549011,190.8245849609375
1784719865171783168,47.62231707572937,190.7425994873047
1784719865181703168,47.63223695755005,190.69456481933594
1784719865191622144,47.64215588569641,190.6980743408203
1784719865201542144,47.65207600593567,190.73143005371094
1784719865211462144,47.66199588775635,190.73886108398438
1784719865221382144,47.671916007995605,190.67727661132812
1784719865231302144,47.681835889816284,190.5412139892578
1784719865241221120,47.691755056381226,190.39503479003906
1784719865251141120,47.701674938201904,190.23155212402344
1784719865261061120,47.71159505844116,189.9985809326172
1784719865270981120,47.72151494026184,189.76376342773438
1784719865280900352,47.73143410682678,189.50267028808594
1784719865290820096,47.74135398864746,189.21470642089844
1784719865300740352,47.75127410888672,188.93798828125
1784719865310660096,47.7611939907074,188.68125915527344
1784719865320580352,47.771114110946655,188.44119262695312
1784719865330499072,47.78103303909302,188.20230102539062
1784719865340419072,47.790952920913696,187.93572998046875
1784719865350339072,47.800873041152954,187.68980407714844
1784719865360259072,47.81079292297363,187.48001098632812
1784719865370178304,47.820712089538574,187.26878356933594
1784719865380098048,47.83063197135925,187.0612030029297
1784719865390018304,47.84055209159851,186.8619384765625
1784719865399938048,47.85047197341919,186.6627655029297
1784719865409858304,47.86039209365845,186.4644012451172
1784719865419777280,47.87031102180481,186.3129119873047
1784719865429697024,47.88023090362549,186.20407104492188
1784719865439617280,47.890151023864746,186.1269073486328
1784719865449537024,47.900070905685425,186.06326293945312
1784719865459456256,47.909990072250366,186.01699829101562
1784719865469376000,47.919909954071045,185.98899841308594
1784719865479296256,47.9298300743103,185.97732543945312
1784719865489216000,47.93974995613098,185.99453735351562
1784719865499136256,47.94967007637024,186.01409912109375
1784719865509055232,47.9595890045166,186.00271606445312
1784719865518974976,47.96950888633728,185.9814453125
1784719865528895232,47.97942900657654,185.9654083251953
1784719865538814976,47.98934888839722,185.9480438232422
1784719865548734208,47.99926805496216,185.9540252685547
1784719865558653952,48.00918793678284,185.9693603515625
1784719865568574208,48.019108057022095,185.9959716796875
1784719865578493952,48.02902793884277,186.04226684570312
1784719865588414208,48.03894805908203,186.09927368164062
1784719865598333184,48.048866987228394,186.15731811523438
1784719865608253184,48.05878710746765,186.22837829589844
1784719865618173184,48.06870698928833,186.30137634277344
1784719865628093184,48.07862710952759,186.36404418945312
1784719865638012160,48.08854603767395,186.43736267089844
1784719865647932160,48.09846591949463,186.5002899169922
1784719865657852160,48.10838603973389,186.5700225830078
1784719865667772160,48.118305921554565,186.63113403320312
1784719865677692160,48.12822604179382,186.69615173339844
1784719865687611136,48.138144969940186,186.7725830078125
1784719865697531136,48.14806509017944,186.86061096191406
1784719865707451136,48.15798497200012,186.92454528808594
1784719865717371136,48.16790509223938,186.9490966796875
1784719865727290112,48.17782402038574,186.95713806152344
1784719865737210112,48.18774390220642,186.95309448242188
1784719865747130112,48.19766402244568,186.93328857421875
1784719865757050112,48.20758390426636,186.90618896484375
1784719865766970112,48.217504024505615,186.9140167236328
1784719865776889088,48.22742295265198,186.96661376953125
1784719865786809088,48.237343072891235,187.01145935058594
1784719865796729088,48.247262954711914,187.0093994140625
1784719865806649088,48.25718307495117,187.00125122070312
1784719865816568064,48.267102003097534,187.01370239257812
1784719865826488064,48.27702188491821,187.04234313964844
1784719865836409088,48.28694295883179,187.05776977539062
1784719865846329088,48.296862840652466,187.06105041503906
1784719865856249088,48.306782960891724,187.07188415527344
1784719865866168064,48.316701889038086,187.08750915527344
1784719865876087808,48.326621770858765,187.09877014160156
1784719865886008064,48.33654189109802,187.0788116455078
1784719865895927808,48.3464617729187,187.01870727539062
1784719865905848064,48.35638189315796,186.92625427246094
1784719865915767040,48.36630082130432,186.80357360839844
1784719865925687040,48.37622094154358,186.63490295410156
1784719865935607040,48.38614082336426,186.43191528320312
1784719865945527040,48.396060943603516,186.22947692871094
1784719865955446016,48.40597987174988,186.02755737304688
1784719865965366016,48.415899991989136,185.8399658203125
1784719865975286016,48.425819873809814,185.70217895507812
1784719865985206016,48.43573999404907,185.60757446289062
1784719865995126016,48.44565987586975,185.54290771484375
1784719866005044992,48.45557880401611,185.48086547851562
1784719866014964992,48.46549892425537,185.42030334472656
1784719866024884992,48.47541880607605,185.3695526123047
1784719866034804992,48.48533892631531,185.33216857910156
1784719866044723968,48.49525785446167,185.3033447265625
1784719866054644224,48.50517797470093,185.26058959960938
1784719866064563968,48.515097856521606,185.18212890625
1784719866074484224,48.525017976760864,185.0928497314453
1784719866084402944,48.53493690490723,185.01454162597656
1784719866094322944,48.544856786727905,184.94984436035156
1784719866104242944,48.55477690696716,184.8983612060547
1784719866114162944,48.56469678878784,184.84564208984375
1784719866124082944,48.5746169090271,184.79168701171875
1784719866134001920,48.58453583717346,184.76246643066406
1784719866143922176,48.59445595741272,184.76536560058594
1784719866153841920,48.6043758392334,184.7705841064453
1784719866163762176,48.614295959472656,184.79273986816406
1784719866173680896,48.62421488761902,184.83157348632812
1784719866183600896,48.6341347694397,184.87738037109375
1784719866193520896,48.644054889678955,184.92723083496094
1784719866203440896,48.653974771499634,184.98736572265625
1784719866213361152,48.66389489173889,185.04319763183594
1784719866223279872,48.673813819885254,185.06671142578125
1784719866233200128,48.68373394012451,185.06114196777344
1784719866243119872,48.69365382194519,185.0397186279297
1784719866253040128,48.70357394218445,185.01559448242188
1784719866262959104,48.71349287033081,184.9762725830078
1784719866272879104,48.72341299057007,184.91258239746094
1784719866282799104,48.73333287239075,184.82882690429688
1784719866292719104,48.743252992630005,184.73558044433594
1784719866302639104,48.753172874450684,184.6371307373047
1784719866312557824,48.763091802597046,184.55967712402344
1784719866322478080,48.773011922836304,184.49749755859375
1784719866332397824,48.78293180465698,184.40948486328125
1784719866342318080,48.79285192489624,184.2896728515625
1784719866352237056,48.8027708530426,184.16201782226562
1784719866362157056,48.81269097328186,184.03855895996094
1784719866372077056,48.82261085510254,183.93418884277344
1784719866381997056,48.8325309753418,183.8365936279297
1784719866391917056,48.842450857162476,183.73973083496094
1784719866401836032,48.85236978530884,183.6579132080078
1784719866411756032,48.862289905548096,183.5847625732422
1784719866421676032,48.872209787368774,183.50033569335938
1784719866431596032,48.88212990760803,183.40867614746094
1784719866441515008,48.892048835754395,183.32147216796875
1784719866451435008,48.90196895599365,183.25448608398438
1784719866461355008,48.91188883781433,183.19790649414062
1784719866471275008,48.92180895805359,183.14083862304688
1784719866481195008,48.93172883987427,183.1053924560547
1784719866491113984,48.94164776802063,183.09664916992188
1784719866501033984,48.95156788825989,183.11203002929688
1784719866510953984,48.961487770080566,183.13113403320312
1784719866520873984,48.971407890319824,183.1445770263672
1784719866530792960,48.98132681846619,183.14492797851562
1784719866540712960,48.991246938705444,183.1348114013672
1784719866550632960,49.00116682052612,183.14537048339844
1784719866560552960,49.01108694076538,183.17405700683594
1784719866570472960,49.02100682258606,183.2253875732422
1784719866580392192,49.030925989151,183.3033905029297
1784719866590311936,49.04084587097168,183.3979034423828
1784719866600232192,49.05076599121094,183.49411010742188
1784719866610151936,49.060685873031616,183.57119750976562
1784719866620070912,49.07060480117798,183.6007843017578
1784719866629991168,49.080524921417236,183.55821228027344
1784719866639910912,49.090444803237915,183.45059204101562
1784719866649831168,49.10036492347717,183.2966766357422
1784719866659750912,49.11028480529785,183.126220703125
1784719866669670144,49.12020397186279,182.96376037597656
1784719866679589888,49.13012385368347,182.81906127929688
1784719866689510144,49.14004397392273,182.70985412597656
1784719866699429888,49.14996385574341,182.64697265625
1784719866709348864,49.15988278388977,182.57266235351562
1784719866719269120,49.16980290412903,182.50885009765625
1784719866729188864,49.17972278594971,182.46372985839844
1784719866739109120,49.189642906188965,182.4215850830078
1784719866749028864,49.199562788009644,182.3634033203125
1784719866758948096,49.209481954574585,182.28012084960938
1784719866768868096,49.219401836395264,182.17250061035156
1784719866778788096,49.22932195663452,182.04888916015625
1784719866788708096,49.2392418384552,181.8997344970703
1784719866798626816,49.24916076660156,181.70408630371094
1784719866808547072,49.25908088684082,181.4488067626953
1784719866818466816,49.2690007686615,181.1573486328125
1784719866828387072,49.27892088890076,180.81130981445312
1784719866838305280,49.28883910179138,180.41368103027344
1784719866848224256,49.298758029937744,180.02053833007812
1784719866858144256,49.308678150177,179.66769409179688
1784719866868064256,49.31859803199768,179.35879516601562
1784719866877984256,49.32851815223694,179.05189514160156
1784719866887903232,49.3384370803833,178.7509307861328
1784719866897823232,49.34835720062256,178.4462432861328
1784719866907743232,49.35827708244324,178.14454650878906
1784719866917663232,49.368197202682495,177.84671020507812
1784719866927582208,49.37811613082886,177.59393310546875
1784719866937502208,49.388036012649536,177.38919067382812
1784719866947422208,49.397956132888794,177.22068786621094
1784719866957342208,49.40787601470947,177.09315490722656
1784719866967262208,49.41779613494873,177.01223754882812
1784719866977181184,49.42771506309509,176.96353149414062
1784719866987101440,49.43763518333435,176.91717529296875
1784719866997021184,49.44755506515503,176.82830810546875
1784719867006941440,49.45747518539429,176.6876983642578
1784719867016860160,49.46739411354065,176.4995880126953
1784719867026780416,49.47731423377991,176.26158142089844
1784719867036700160,49.487234115600586,175.9859619140625
1784719867046620416,49.497154235839844,175.70452880859375
1784719867056540160,49.50707411766052,175.43331909179688
1784719867066459136,49.516993045806885,175.19093322753906
1784719867076379392,49.52691316604614,174.99440002441406
1784719867086299136,49.53683304786682,174.83526611328125
1784719867096219392,49.54675316810608,174.68588256835938
1784719867106138112,49.55667209625244,174.51158142089844
1784719867116058368,49.5665922164917,174.30015563964844
1784719867125978112,49.57651209831238,174.0453338623047
1784719867135898368,49.586432218551636,173.756103515625
1784719867145818112,49.596352100372314,173.43585205078125
1784719867155737088,49.60627102851868,173.11465454101562
1784719867165657344,49.616191148757935,172.82725524902344
1784719867175577088,49.62611103057861,172.58074951171875
1784719867185497344,49.63603115081787,172.3929443359375
1784719867195416320,49.64595007896423,172.27581787109375
1784719867205336320,49.65587019920349,172.21783447265625
1784719867215256320,49.66579008102417,172.19271850585938
1784719867225176320,49.67571020126343,172.1727294921875
1784719867235095296,49.68562912940979,172.14407348632812
1784719867245015040,49.69554901123047,172.09750366210938
1784719867254935296,49.70546913146973,172.0093994140625
1784719867264855040,49.715389013290405,171.8757781982422
1784719867274775296,49.72530913352966,171.6960906982422
1784719867284694272,49.735228061676025,171.4873504638672
1784719867294614272,49.74514818191528,171.2399444580078
1784719867304534272,49.75506806373596,170.9581298828125
1784719867314454272,49.76498818397522,170.6600799560547
1784719867324373248,49.77490711212158,170.34519958496094
1784719867334293248,49.78482723236084,170.01437377929688
1784719867344213248,49.79474711418152,169.67599487304688
1784719867354133248,49.804667234420776,169.33291625976562
1784719867364052224,49.81458616256714,168.98814392089844
1784719867373972224,49.82450604438782,168.66586303710938
1784719867383892224,49.834426164627075,168.39146423339844
1784719867393812224,49.844346046447754,168.1597442626953
1784719867403732224,49.85426616668701,167.9634552001953
1784719867413651200,49.864185094833374,167.81687927246094
1784719867423571456,49.87410521507263,167.7164764404297
1784719867433491200,49.88402509689331,167.67555236816406
1784719867443411456,49.89394521713257,167.67018127441406
1784719867453330176,49.90386414527893,167.67074584960938
1784719867463250176,49.91378402709961,167.66554260253906
1784719867473170176,49.92370414733887,167.6436767578125
1784719867483090176,49.933624029159546,167.6142120361328
1784719867493010176,49.943544149398804,167.5845489501953
1784719867502929152,49.953463077545166,167.54527282714844
1784719867512849408,49.963383197784424,167.50025939941406
1784719867522769152,49.9733030796051,167.45384216308594
1784719867532689408,49.98322319984436,167.41683959960938
1784719867542608384,49.99314212799072,167.38307189941406
1784719867552528128,50.0030620098114,167.3467559814453
1784719867562448384,50.01298213005066,167.31398010253906
1784719867572368128,50.02290201187134,167.2866973876953
1784719867582287360,50.03282117843628,167.31028747558594
1784719867592207104,50.04274106025696,167.35935974121094
1784719867602127360,50.052661180496216,167.41213989257812
1784719867612047104,50.062581062316895,167.46824645996094
1784719867621967360,50.07250118255615,167.5054168701172
1784719867631886336,50.082420110702515,167.552734375
1784719867641806336,50.09234023094177,167.60313415527344
1784719867651726336,50.10226011276245,167.6457977294922
1784719867661646336,50.11218023300171,167.71414184570312
1784719867671565312,50.12209916114807,167.80201721191406
1784719867681485056,50.13201904296875,167.8905029296875
1784719867691405312,50.14193916320801,167.95938110351562
1784719867701325056,50.15185904502869,168.01966857910156
1784719867711244288,50.16177821159363,168.03013610839844
1784719867721164288,50.17169809341431,167.9847869873047
1784719867731084288,50.181618213653564,167.90626525878906
1784719867741004288,50.19153809547424,167.7733612060547
1784719867750924288,50.2014582157135,167.55775451660156
1784719867760843264,50.21137714385986,167.31527709960938
1784719867770763264,50.22129702568054,167.140625
1784719867780683264,50.2312171459198,166.95213317871094
1784719867790603264,50.24113702774048,166.73944091796875
1784719867800522240,50.25105619430542,166.52423095703125
1784719867810442240,50.2609760761261,166.2817840576172
1784719867820362240,50.270896196365356,166.0011749267578
1784719867830282240,50.280816078186035,165.69570922851562
1784719867840201728,50.290735721588135,165.42127990722656
1784719867850121728,50.30065560340881,165.18276977539062
1784719867860041984,50.31057572364807,164.95059204101562
1784719867869961728,50.32049560546875,164.7081298828125
1784719867879881984,50.33041572570801,164.47801208496094
1784719867889800704,50.34033465385437,164.28526306152344
1784719867899720960,50.35025477409363,164.16592407226562
1784719867909640704,50.36017465591431,164.1192169189453
1784719867919560960,50.370094776153564,164.12100219726562
1784719867929479936,50.38001370429993,164.1674041748047
1784719867939399680,50.389933586120605,164.23492431640625
1784719867949319936,50.39985370635986,164.29498291015625
1784719867959239680,50.40977358818054,164.34152221679688
1784719867969159936,50.4196937084198,164.364990234375
1784719867979078656,50.42961263656616,164.35366821289062
1784719867988998912,50.43953275680542,164.3033447265625
1784719867998918656,50.4494526386261,164.20416259765625
1784719868008838912,50.459372758865356,164.0449676513672
1784719868018757888,50.46929168701172,163.82272338867188
1784719868028677632,50.4792115688324,163.52615356445312
1784719868038597888,50.489131689071655,163.1483917236328
1784719868048517632,50.499051570892334,162.74732971191406
1784719868058436864,50.508970737457275,162.41525268554688
1784719868068356864,50.518890619277954,162.15823364257812
1784719868078276864,50.52881073951721,161.95993041992188
1784719868088196864,50.53873062133789,161.81008911132812
1784719868098116864,50.54865074157715,161.70713806152344
1784719868108035840,50.55856966972351,161.64244079589844
1784719868117955584,50.56848955154419,161.63052368164062
1784719868127875840,50.57840967178345,161.70433044433594
1784719868137795584,50.588329553604126,161.82809448242188
1784719868147714816,50.59824872016907,161.9617462158203
1784719868157634816,50.608168601989746,162.104736328125
1784719868167554816,50.618088722229004,162.23681640625
1784719868177474816,50.62800860404968,162.2906951904297
1784719868187393792,50.637927770614624,162.32769775390625
1784719868197313792,50.6478476524353,162.35287475585938
1784719868207233792,50.65776777267456,162.3587188720703
1784719868217153792,50.66768765449524,162.33856201171875
1784719868227073792,50.6776077747345,162.29177856445312
1784719868236992768,50.68752670288086,162.22789001464844
1784719868246912768,50.69744658470154,162.1516876220703
1784719868256832768,50.707366704940796,162.0675811767578
1784719868266752768,50.717286586761475,161.9673614501953
1784719868276672000,50.727205753326416,161.8502960205078
1784719868286591744,50.737125635147095,161.7056427001953
1784719868296512000,50.74704575538635,161.5723876953125
1784719868306431744,50.75696563720703,161.51065063476562
1784719868316350720,50.766884565353394,161.50018310546875
1784719868326270720,50.77680468559265,161.49777221679688
