time,seconds_elapsed,x,y,z
1784804897511027456,0.16152071952819824,0.0560760498046875,0.5397796630859375,-0.8234405517578125
1784804897520946688,0.17143988609313965,0.05755615234375,0.541595458984375,-0.8200531005859375
1784804897530865664,0.18135881423950195,0.0660858154296875,0.548828125,-0.8306732177734375
1784804897540785664,0.19127893447875977,0.070098876953125,0.5626373291015625,-0.8470001220703125
1784804897550704640,0.20119786262512207,0.08062744140625,0.5406646728515625,-0.83612060546875
1784804897560623616,0.21111679077148438,0.0874176025390625,0.5274505615234375,-0.810699462890625
1784804897570543872,0.2210369110107422,0.066192626953125,0.5310821533203125,-0.8208160400390625
1784804897580462592,0.2309558391571045,0.0564422607421875,0.523590087890625,-0.82476806640625
1784804897590381568,0.2408747673034668,0.0322265625,0.5325927734375,-0.8369598388671875
1784804897600301824,0.2507948875427246,0.0273284912109375,0.5384063720703125,-0.8494873046875
1784804897610220544,0.2607138156890869,0.033721923828125,0.57861328125,-0.8599853515625
1784804897620140800,0.2706339359283447,0.056976318359375,0.623687744140625,-0.860748291015625
1784804897630059776,0.28055286407470703,0.0735931396484375,0.5851287841796875,-0.8676910400390625
1784804897639978752,0.29047179222106934,0.0641632080078125,0.56103515625,-0.8411407470703125
1784804897649898752,0.30039191246032715,0.0212249755859375,0.51739501953125,-0.8265380859375
1784804897659817728,0.31031084060668945,0.003509521484375,0.4233856201171875,-0.795501708984375
1784804897669736704,0.32022976875305176,0.0038299560546875,0.345794677734375,-0.81781005859375
1784804897679656704,0.33014988899230957,0.010955810546875,0.3974456787109375,-0.8166046142578125
1784804897689575680,0.3400688171386719,0.022735595703125,0.505157470703125,-0.8429107666015625
1784804897699494656,0.3499877452850342,0.0710906982421875,0.5619354248046875,-0.865142822265625
1784804897709414656,0.359907865524292,0.0726165771484375,0.5862884521484375,-0.861724853515625
1784804897719333632,0.3698267936706543,0.0577850341796875,0.6238250732421875,-0.820831298828125
1784804897729252608,0.3797457218170166,0.0508270263671875,0.6100311279296875,-0.8033294677734375
1784804897739172608,0.3896658420562744,0.013824462890625,0.5666046142578125,-0.810791015625
1784804897749091584,0.3995847702026367,-0.01141357421875,0.53253173828125,-0.8435211181640625
1784804897759011840,0.40950489044189453,0.0070648193359375,0.5155029296875,-0.8672637939453125
1784804897768930560,0.41942381858825684,0.027252197265625,0.4646148681640625,-0.884124755859375
1784804897778849536,0.42934274673461914,0.0515594482421875,0.4312896728515625,-0.8270111083984375
1784804897788769792,0.43926286697387695,0.044891357421875,0.526397705078125,-0.737213134765625
1784804897798688768,0.44918179512023926,0.035308837890625,0.611785888671875,-0.7772064208984375
1784804897808607488,0.45910072326660156,0.0915374755859375,0.5993194580078125,-0.8599700927734375
1784804897818527744,0.4690208435058594,0.1392669677734375,0.5726165771484375,-0.8406829833984375
1784804897828446720,0.4789397716522217,0.174957275390625,0.54241943359375,-0.8107757568359375
1784804897838365696,0.4888589382171631,0.1244049072265625,0.49859619140625,-0.8294677734375
1784804897848285696,0.4987788200378418,-0.0480194091796875,0.481536865234375,-0.9009857177734375
1784804897858204672,0.5086977481842041,-0.0229949951171875,0.47686767578125,-0.9109954833984375
1784804897868123648,0.5186169147491455,0.0755615234375,0.4267730712890625,-0.865997314453125
1784804897878043648,0.5285367965698242,0.0620880126953125,0.4738616943359375,-0.851348876953125
1784804897887962624,0.5384557247161865,0.057220458984375,0.5662078857421875,-0.8156890869140625
1784804897897882624,0.5483758449554443,0.0990753173828125,0.591552734375,-0.763336181640625
1784804897907801600,0.5582947731018066,0.10772705078125,0.5816192626953125,-0.786834716796875
1784804897917720832,0.568213939666748,0.121124267578125,0.5311737060546875,-0.8359832763671875
1784804897927640576,0.5781338214874268,0.1759033203125,0.4823760986328125,-0.8745880126953125
1784804897937559552,0.5880527496337891,0.343353271484375,0.554931640625,-0.94268798828125
1784804897947478784,0.5979719161987305,0.154541015625,0.458648681640625,-0.8032684326171875
1784804897957398528,0.6078917980194092,-0.063140869140625,0.4305877685546875,-0.6280517578125
1784804897967317504,0.6178107261657715,-0.0020599365234375,0.5697174072265625,-0.6459503173828125
1784804897977235200,0.6277282238006592,-0.134521484375,0.6011199951171875,-0.8619842529296875
1784804897987154944,0.6376481056213379,-0.1268157958984375,0.43780517578125,-1.205474853515625
1784804897997074176,0.6475672721862793,0.1158905029296875,0.3870086669921875,-1.117523193359375
1784804898006993152,0.6574862003326416,0.28167724609375,0.5590057373046875,-0.96221923828125
1784804898016912896,0.6674060821533203,0.3639068603515625,0.481414794921875,-0.6317138671875
1784804898026832128,0.6773252487182617,0.4118194580078125,0.096160888671875,-0.4836578369140625
1784804898036751104,0.687244176864624,0.4319000244140625,0.0236053466796875,-0.6433563232421875
1784804898046671104,0.6971642971038818,-0.0383758544921875,0.2962493896484375,-0.8460540771484375
1784804898056590080,0.7070832252502441,-0.427001953125,0.9159393310546875,-1.031646728515625
1784804898066510080,0.7170031070709229,-0.4646759033203125,1.359832763671875,-1.2239532470703125
1784804898076429056,0.7269222736358643,-0.031951904296875,1.122161865234375,-1.186065673828125
1784804898086348032,0.7368412017822266,0.1399688720703125,0.2097015380859375,-0.90008544921875
1784804898096268032,0.7467610836029053,0.15460205078125,-0.2247467041015625,-0.811553955078125
1784804898106187008,0.7566802501678467,0.16534423828125,0.121246337890625,-0.83477783203125
1784804898116105984,0.766599178314209,0.144256591796875,0.329803466796875,-0.907318115234375
1784804898126026240,0.7765192985534668,0.13824462890625,0.441802978515625,-0.909088134765625
1784804898135944960,0.7864382266998291,0.159912109375,0.511016845703125,-0.87799072265625
1784804898145863936,0.7963571548461914,0.0956268310546875,0.232208251953125,-0.8774871826171875
1784804898155784192,0.8062772750854492,0.0181732177734375,0.1845550537109375,-0.9580841064453125
1784804898165703168,0.8161962032318115,0.0174713134765625,0.260711669921875,-0.9804534912109375
1784804898175621888,0.8261151313781738,0.0474090576171875,0.3581085205078125,-0.9605712890625
1784804898185542144,0.8360352516174316,0.1422576904296875,0.5316925048828125,-0.99365234375
1784804898195461120,0.845954179763794,0.151885986328125,0.5303955078125,-0.9378509521484375
1784804898205381120,0.8558743000030518,0.149078369140625,0.372955322265625,-0.96636962890625
1784804898215300096,0.8657932281494141,0.247711181640625,0.3283233642578125,-0.911865234375
1784804898225219072,0.8757121562957764,0.34136962890625,0.5876922607421875,-0.907958984375
1784804898235139072,0.8856322765350342,0.028961181640625,0.5121612548828125,-0.9875946044921875
1784804898245058048,0.8955512046813965,-0.2732391357421875,0.3309173583984375,-0.889129638671875
1784804898254977024,0.9054701328277588,-0.362579345703125,0.119140625,-0.969696044921875
1784804898264897024,0.9153902530670166,-0.1618499755859375,0.0289459228515625,-0.9033355712890625
1784804898274816000,0.9253091812133789,0.0420074462890625,0.1746673583984375,-0.9476776123046875
1784804898284734976,0.9352281093597412,0.057037353515625,0.1856842041015625,-0.9442596435546875
1784804898294654976,0.945148229598999,0.0183563232421875,0.2236480712890625,-1.0162353515625
1784804898304573952,0.9550671577453613,-0.057525634765625,0.3953704833984375,-1.013031005859375
1784804898314492928,0.9649860858917236,-0.046783447265625,0.4318084716796875,-1.0226593017578125
1784804898324413184,0.9749062061309814,-0.102203369140625,0.6583709716796875,-1.1129913330078125
1784804898334331904,0.9848251342773438,-0.115753173828125,0.8537139892578125,-1.080474853515625
1784804898344252160,0.9947452545166016,-0.056121826171875,0.38531494140625,-1.02044677734375
1784804898354171136,1.0046641826629639,0.0363311767578125,-0.353424072265625,-0.7620849609375
1784804898364089856,1.0145831108093262,0.018890380859375,-1.2871551513671875,-0.6009521484375
1784804898374010112,1.024503231048584,0.0478668212890625,-1.769073486328125,-0.6920013427734375
1784804898383929088,1.0344221591949463,0.171478271484375,-0.8850555419921875,-0.7337493896484375
1784804898393848064,1.0443410873413086,0.2423248291015625,0.2637176513671875,-0.9444732666015625
1784804898403768064,1.0542612075805664,0.092620849609375,0.9267730712890625,-1.1046600341796875
1784804898413687040,1.0641801357269287,-0.069183349609375,0.854034423828125,-1.186553955078125
1784804898423606272,1.0740993022918701,-0.0270538330078125,0.40728759765625,-1.0901031494140625
1784804898433526016,1.0840191841125488,-0.027374267578125,-0.0052490234375,-0.991668701171875
1784804898443444992,1.0939381122589111,-0.095489501953125,-0.1868896484375,-0.88232421875
1784804898453364224,1.1038572788238525,-0.0366668701171875,-0.08770751953125,-0.9650726318359375
1784804898463283968,1.1137771606445312,0.0688323974609375,0.2442779541015625,-1.0724029541015625
1784804898473202944,1.1236960887908936,0.2484588623046875,0.6531829833984375,-1.046600341796875
1784804898483122944,1.1336162090301514,0.4228057861328125,0.8504791259765625,-1.1826324462890625
1784804898493041920,1.1435351371765137,0.170257568359375,0.837310791015625,-1.1735382080078125
1784804898502961152,1.153454303741455,-0.163055419921875,0.540496826171875,-1.0487823486328125
1784804898512881152,1.1633741855621338,0.0021209716796875,0.0677947998046875,-0.8422393798828125
1784804898522799872,1.173293113708496,0.2355499267578125,-0.3349609375,-0.852447509765625
1784804898532719104,1.1832122802734375,0.291778564453125,-0.526824951171875,-0.872283935546875
1784804898542639104,1.1931321620941162,0.2055816650390625,-0.5067596435546875,-0.917755126953125
1784804898552557824,1.2030510902404785,0.132171630859375,-0.2548675537109375,-0.903717041015625
1784804898562477056,1.21297025680542,0.184356689453125,0.0495758056640625,-0.9366302490234375
1784804898572397056,1.2228901386260986,0.2979736328125,0.3162994384765625,-0.8778076171875
1784804898582316288,1.23280930519104,0.3325958251953125,0.363861083984375,-1.1032562255859375
1784804898592235008,1.2427282333374023,0.3398590087890625,0.388427734375,-1.0464019775390625
1784804898602155008,1.252648115158081,0.501007080078125,0.59210205078125,-1.17034912109375
1784804898612074240,1.2625672817230225,0.716339111328125,0.808685302734375,-1.5757598876953125
1784804898621993984,1.2724871635437012,1.0677032470703125,0.7130889892578125,-2.3324737548828125
1784804898631912960,1.2824060916900635,1.3931427001953125,0.4198150634765625,-2.93096923828125
1784804898641832192,1.2923252582550049,1.7409210205078125,0.2612457275390625,-2.636016845703125
1784804898651751936,1.3022451400756836,2.10443115234375,-0.0225830078125,-2.51531982421875
1784804898661671168,1.312164306640625,1.9472503662109375,-0.5160675048828125,-1.4629364013671875
1784804898671590144,1.3220832347869873,1.87628173828125,-0.9624786376953125,-1.28948974609375
1784804898681509888,1.332003116607666,1.818572998046875,-0.7520904541015625,-1.2579498291015625
1784804898691429120,1.3419222831726074,1.788299560546875,-0.5326995849609375,-1.1794891357421875
1784804898701348096,1.3518412113189697,1.3411865234375,-0.7162933349609375,-0.90557861328125
1784804898711267840,1.3617610931396484,0.9127044677734375,-0.7565155029296875,-1.0001220703125
1784804898721187072,1.3716802597045898,1.00390625,-0.9155120849609375,-1.01812744140625
1784804898731107072,1.3816001415252686,1.1295318603515625,-1.0048828125,-1.01312255859375
1784804898741026048,1.39151930809021,1.174346923828125,-0.7833404541015625,-0.8687896728515625
1784804898750945024,1.4014382362365723,1.3206024169921875,-0.7435455322265625,-1.09326171875
1784804898760865024,1.411358118057251,1.2800750732421875,-0.842803955078125,-1.2371063232421875
1784804898770784256,1.4212772846221924,1.270721435546875,-1.1588287353515625,-1.56072998046875
1784804898780702976,1.4311962127685547,1.407684326171875,-1.3636474609375,-1.85955810546875
1784804898790622976,1.4411160945892334,1.555694580078125,-1.32012939453125,-1.7951202392578125
1784804898800542208,1.4510352611541748,1.677978515625,-1.0263519287109375,-1.3148040771484375
1784804898810460928,1.460954189300537,1.6935577392578125,-0.828399658203125,-0.7537841796875
1784804898820381184,1.470874309539795,1.567596435546875,-0.93505859375,-0.5216064453125
1784804898830300160,1.4807932376861572,1.4088134765625,-1.155609130859375,-0.433380126953125
1784804898840219904,1.490713119506836,1.3099365234375,-1.3652496337890625,-0.50177001953125
1784804898850139136,1.5006322860717773,1.2759552001953125,-1.4302215576171875,-0.6323394775390625
1784804898860058112,1.5105512142181396,1.289642333984375,-1.4383697509765625,-0.6621246337890625
1784804898869977856,1.5204710960388184,1.245269775390625,-1.39556884765625,-0.4102630615234375
1784804898879897088,1.5303902626037598,1.072540283203125,-1.262725830078125,-0.0678558349609375
1784804898889816064,1.540309190750122,0.9116363525390625,-1.14813232421875,0.23388671875
1784804898899736064,1.5502293109893799,0.843780517578125,-1.0843963623046875,0.4991607666015625
1784804898909655040,1.5601482391357422,0.7847747802734375,-0.9984893798828125,0.75634765625
1784804898919574016,1.5700671672821045,0.7334747314453125,-1.0849151611328125,0.8284149169921875
1784804898929494016,1.5799872875213623,0.738525390625,-1.3676910400390625,0.7088165283203125
1784804898939412992,1.5899062156677246,0.680084228515625,-1.682891845703125,0.830047607421875
1784804898949332992,1.5998260974884033,0.55816650390625,-1.912078857421875,1.15216064453125
1784804898959252224,1.6097452640533447,0.445098876953125,-1.87713623046875,1.5664215087890625
1784804898969170944,1.619664192199707,0.469329833984375,-1.6818695068359375,1.727386474609375
1784804898979091968,1.6295850276947021,0.61248779296875,-1.6043548583984375,1.7666473388671875
1784804898989010688,1.6395039558410645,0.73260498046875,-1.86077880859375,1.5899810791015625
1784804898998929664,1.6494228839874268,0.8073883056640625,-2.234466552734375,1.391937255859375
1784804899008849920,1.6593430042266846,0.8797149658203125,-2.333740234375,1.4980926513671875
1784804899018768896,1.6692619323730469,0.9483642578125,-1.951416015625,1.814208984375
1784804899028687872,1.6791810989379883,0.8414154052734375,-1.355255126953125,2.3766021728515625
1784804899038607872,1.689100980758667,2.236785888671875,-0.0945587158203125,2.277679443359375
1784804899048526848,1.6990199089050293,8.11676025390625,3.827850341796875,5.1300506591796875
1784804899058446848,1.708940029144287,-0.5135040283203125,2.7173614501953125,3.4913177490234375
1784804899068365824,1.7188589572906494,-4.7312164306640625,3.778778076171875,6.7569122314453125
1784804899078284800,1.7287778854370117,-0.123077392578125,0.2705078125,5.9738922119140625
1784804899088204800,1.7386980056762695,2.6663665771484375,-0.1638336181640625,1.7502288818359375
1784804899098123776,1.7486169338226318,3.8629608154296875,0.6818695068359375,1.9670562744140625
1784804899108043008,1.7585361003875732,4.3480377197265625,1.456634521484375,1.9795684814453125
1784804899117962752,1.768455982208252,4.385467529296875,1.8453521728515625,1.7099761962890625
1784804899127881728,1.7783749103546143,4.234710693359375,1.6561126708984375,1.5962677001953125
1784804899137801984,1.788295030593872,2.225494384765625,1.8248748779296875,1.4811248779296875
1784804899147720704,1.7982139587402344,-0.4511871337890625,2.686553955078125,0.079864501953125
1784804899157639680,1.8081328868865967,-0.3967437744140625,2.306854248046875,0.5628814697265625
1784804899167559936,1.8180530071258545,-0.2682342529296875,2.0552520751953125,1.06402587890625
1784804899177478912,1.8279719352722168,0.4933319091796875,1.4470062255859375,0.84002685546875
1784804899187397888,1.8378911018371582,1.6587982177734375,0.745880126953125,0.6898040771484375
1784804899197317888,1.847810983657837,0.7727203369140625,1.5372772216796875,1.07720947265625
1784804899207236864,1.8577299118041992,0.904541015625,1.760833740234375,0.8839263916015625
1784804899217155840,1.8676490783691406,1.789703369140625,1.7667999267578125,0.8640594482421875
1784804899227075840,1.8775689601898193,1.32879638671875,2.0726470947265625,1.12908935546875
1784804899236994816,1.8874878883361816,0.738677978515625,1.662109375,0.82086181640625
1784804899246914816,1.8974080085754395,0.222442626953125,0.7283935546875,0.6579437255859375
1784804899256833792,1.9073269367218018,0.4116973876953125,-0.1186065673828125,0.4794464111328125
1784804899266753024,1.9172461032867432,0.395538330078125,0.0787200927734375,0.69580078125
1784804899276672768,1.9271659851074219,0.258697509765625,0.6292724609375,0.62066650390625
1784804899286591744,1.9370849132537842,0.17730712890625,0.79339599609375,0.4468231201171875
1784804899296510976,1.9470040798187256,0.116607666015625,1.064849853515625,0.8064727783203125
1784804899306430720,1.9569239616394043,-0.26226806640625,1.1341400146484375,0.712371826171875
1784804899316349696,1.9668428897857666,-0.729400634765625,1.3163299560546875,1.00396728515625
1784804899326268928,1.976762056350708,-0.066497802734375,-0.447662353515625,0.762420654296875
1784804899336188672,1.9866819381713867,-0.3751068115234375,0.1378326416015625,1.582855224609375
1784804899346107904,1.9966011047363281,-0.141265869140625,0.1953887939453125,1.670745849609375
1784804899356027904,2.006520986557007,-0.511322021484375,0.6288909912109375,1.7207794189453125
1784804899365946880,2.016439914703369,0.5123138427734375,0.2783966064453125,1.099822998046875
1784804899375865856,2.0263590812683105,1.3328399658203125,-0.4780731201171875,1.883148193359375
1784804899385785856,2.0362789630889893,1.25115966796875,-0.1017303466796875,1.5539093017578125
1784804899395704832,2.0461978912353516,0.4855194091796875,0.819976806640625,1.935394287109375
1784804899405623808,2.056117057800293,1.15179443359375,0.6761322021484375,0.9381103515625
1784804899415543808,2.0660369396209717,2.0732574462890625,0.1269378662109375,0.9482269287109375
1784804899425463040,2.075956106185913,1.6474151611328125,0.1797637939453125,1.314208984375
1784804899435382784,2.085875988006592,1.435791015625,0.5262603759765625,0.9669189453125
1784804899445301760,2.095794916152954,1.16253662109375,0.6797332763671875,0.7935028076171875
1784804899455220992,2.1057140827178955,0.7209930419921875,0.2931060791015625,0.3717041015625
1784804899465140736,2.115633964538574,0.4932098388671875,0.536651611328125,0.090576171875
1784804899475059712,2.1255528926849365,0.1110382080078125,0.7024078369140625,0.6433563232421875
1784804899484978944,2.135472059249878,0.229766845703125,0.4371490478515625,0.94140625
1784804899494898688,2.1453919410705566,0.5286865234375,0.454437255859375,0.990234375
1784804899504817920,2.155311107635498,0.168975830078125,0.4264678955078125,0.7758636474609375
1784804899514737920,2.1652309894561768,0.5245208740234375,-0.00494384765625,0.8901824951171875
1784804899524656896,2.175149917602539,0.6324310302734375,-0.007904052734375,0.7315216064453125
1784804899534575872,2.1850690841674805,0.205230712890625,0.579681396484375,0.948883056640625
1784804899544495872,2.194988965988159,0.699554443359375,0.52813720703125,0.4320220947265625
1784804899554414848,2.2049078941345215,0.5702056884765625,0.6668548583984375,0.62408447265625
1784804899564333824,2.214827060699463,0.3725738525390625,0.8831329345703125,0.61492919921875
1784804899574253824,2.2247469425201416,0.3368682861328125,0.6815032958984375,0.5414276123046875
1784804899584173056,2.234666109085083,0.4145660400390625,0.4874420166015625,0.591949462890625
1784804899594091776,2.2445850372314453,0.3319549560546875,0.256195068359375,0.7582855224609375
1784804899604011776,2.254504919052124,0.4899139404296875,0.1727447509765625,0.7463531494140625
1784804899613931008,2.2644240856170654,0.4647064208984375,0.432373046875,0.795654296875
1784804899623850752,2.274343967437744,0.454345703125,0.778656005859375,0.9357147216796875
1784804899633769728,2.2842628955841064,0.4981536865234375,0.5656890869140625,0.697509765625
1784804899643688960,2.294182062149048,0.4468231201171875,0.463165283203125,0.7942657470703125
1784804899653608704,2.3041019439697266,0.461090087890625,0.33905029296875,0.6701507568359375
1784804899663527680,2.314020872116089,0.413665771484375,0.3361053466796875,0.6563568115234375
1784804899673446912,2.3239400386810303,0.260223388671875,0.3205718994140625,0.5518951416015625
1784804899683366656,2.333859920501709,0.5558013916015625,0.5539398193359375,0.6163177490234375
1784804899693285888,2.3437790870666504,0.441131591796875,0.5091400146484375,0.658966064453125
1784804899703205888,2.353698968887329,0.428680419921875,0.409454345703125,0.64312744140625
1784804899713124864,2.3636178970336914,0.3088836669921875,0.0477752685546875,0.796112060546875
1784804899723043840,2.373537063598633,0.36614990234375,0.1183624267578125,0.8748016357421875
1784804899732963840,2.3834569454193115,0.5780029296875,0.2133941650390625,0.801788330078125
1784804899742882816,2.393375873565674,0.5547637939453125,0.1701202392578125,0.6601104736328125
1784804899752801792,2.4032950401306152,0.4147491455078125,0.3031005859375,0.7843780517578125
1784804899762721792,2.413214921951294,0.4804534912109375,0.399932861328125,0.7997894287109375
1784804899772641024,2.4231340885162354,0.4971160888671875,0.4095458984375,0.718719482421875
1784804899782560768,2.433053970336914,0.509765625,0.3570098876953125,0.7577362060546875
1784804899792479744,2.4429728984832764,0.5109100341796875,0.240997314453125,0.804412841796875
1784804899802398976,2.4528920650482178,0.4416046142578125,0.2386016845703125,0.867645263671875
1784804899812318720,2.4628119468688965,0.3919830322265625,0.2475128173828125,0.899017333984375
1784804899822237696,2.472730875015259,0.3446197509765625,0.232177734375,0.90771484375
1784804899832156928,2.4826500415802,0.4676971435546875,0.2386627197265625,0.921966552734375
1784804899842076672,2.492569923400879,0.45001220703125,0.2649688720703125,0.9480133056640625
1784804899851995904,2.5024890899658203,0.406768798828125,0.265533447265625,0.9196014404296875
1784804899861915904,2.512408971786499,0.4925994873046875,0.18292236328125,0.9087066650390625
1784804899871834880,2.5223278999328613,0.4805755615234375,0.111572265625,0.8835601806640625
1784804899881753856,2.5322470664978027,0.5040435791015625,0.157684326171875,0.9236297607421875
1784804899891673856,2.5421669483184814,0.485260009765625,0.201812744140625,0.8701629638671875
1784804899901592832,2.5520858764648438,0.4908599853515625,0.09674072265625,0.8066253662109375
1784804899911512832,2.5620059967041016,0.524139404296875,0.1129608154296875,0.9520263671875
1784804899921431808,2.571924924850464,0.624267578125,0.1482086181640625,1.0066986083984375
1784804899931351040,2.5818440914154053,0.5830230712890625,0.165130615234375,1.1476898193359375
1784804899941270784,2.591763973236084,0.6634063720703125,0.02569580078125,1.2413177490234375
1784804899951189760,2.6016829013824463,0.6576385498046875,-0.1583099365234375,1.4051971435546875
1784804899961108992,2.6116020679473877,0.6484222412109375,-0.17901611328125,1.4974212646484375
1784804899971028736,2.6215219497680664,0.6806793212890625,-0.2986297607421875,1.44903564453125
1784804899980947456,2.6314406394958496,0.6580657958984375,-0.3886260986328125,1.475433349609375
1784804899990867712,2.6413607597351074,0.659271240234375,-0.2878875732421875,1.5076446533203125
1784804900000786432,2.6512796878814697,0.6903228759765625,-0.0357666015625,1.5591583251953125
1784804900010705664,2.661198854446411,0.7563018798828125,0.2737884521484375,1.67462158203125
1784804900020625664,2.67111873626709,0.7281341552734375,0.368499755859375,1.8983917236328125
1784804900030544640,2.681037664413452,0.531646728515625,-0.113067626953125,1.92132568359375
1784804900040463616,2.6909568309783936,0.3846435546875,-0.6156768798828125,1.8428497314453125
1784804900050383616,2.7008767127990723,0.4043426513671875,-0.656005859375,1.844879150390625
1784804900060302592,2.7107956409454346,0.5902252197265625,-0.409423828125,1.6649932861328125
1784804900070222592,2.7207157611846924,0.603179931640625,-0.0339813232421875,1.5828857421875
1784804900080141568,2.7306346893310547,0.6968841552734375,0.3794403076171875,1.51837158203125
1784804900090060800,2.740553855895996,0.6198883056640625,0.49053955078125,1.6754608154296875
1784804900099980544,2.750473737716675,0.448455810546875,0.214599609375,1.7237701416015625
1784804900109899520,2.760392665863037,0.35333251953125,-0.0152587890625,1.788970947265625
1784804900119819520,2.770312786102295,0.4335174560546875,-0.2042388916015625,1.663299560546875
1784804900129738496,2.7802317142486572,0.6348876953125,-0.3289337158203125,1.3569488525390625
1784804900139657472,2.7901506423950195,0.5653533935546875,-0.0708465576171875,1.0562744140625
1784804900149577728,2.8000707626342773,0.293426513671875,0.24664306640625,0.688751220703125
1784804900159496448,2.8099896907806396,0.0196990966796875,0.598480224609375,0.5058441162109375
1784804900169415680,2.819908857345581,-0.179443359375,0.5620574951171875,0.3823089599609375
1784804900179335680,2.8298287391662598,-0.2582855224609375,0.1545257568359375,0.43951416015625
1784804900189254400,2.839747667312622,-0.1746673583984375,-0.14093017578125,0.6531829833984375
1784804900199174656,2.84966778755188,-0.2582855224609375,-0.13299560546875,0.6661376953125
1784804900209093632,2.859586715698242,-0.197967529296875,-0.2728424072265625,0.321563720703125
1784804900219012608,2.8695056438446045,-0.511993408203125,0.2345428466796875,0.442962646484375
1784804900228932608,2.8794257640838623,-0.389862060546875,0.3798370361328125,0.151275634765625
1784804900238851584,2.8893446922302246,-0.489501953125,0.6089019775390625,0.0433197021484375
1784804900248770816,2.899263858795166,-0.4360809326171875,0.446441650390625,-0.042083740234375
1784804900258690560,2.9091837406158447,-0.4416656494140625,0.2146148681640625,0.0339508056640625
1784804900268609536,2.919102668762207,-0.217132568359375,-0.079620361328125,-0.1619720458984375
1784804900278529536,2.929022789001465,-0.2702484130859375,0.01483154296875,-0.0226287841796875
1784804900288448512,2.938941717147827,-0.0790252685546875,-0.023162841796875,0.048736572265625
1784804900298367488,2.9488606452941895,-0.2563018798828125,0.00640869140625,0.3183746337890625
1784804900308287744,2.9587807655334473,-0.0646209716796875,-0.05621337890625,0.231842041015625
1784804900318206464,2.9686996936798096,0.2043304443359375,-0.16156005859375,0.3685760498046875
1784804900328126720,2.9786198139190674,0.2177276611328125,-0.166778564453125,0.3601531982421875
1784804900338045696,2.9885387420654297,0.4882049560546875,-0.0615081787109375,0.2511444091796875
1784804900347964416,2.998457670211792,0.56475830078125,-0.0841827392578125,0.2079315185546875
1784804900357884672,3.00837779045105,0.6718292236328125,-0.1027984619140625,0.2737884521484375
1784804900367803648,3.018296718597412,0.6013946533203125,-0.0019683837890625,0.4480438232421875
1784804900377722624,3.0282156467437744,0.34991455078125,0.1360931396484375,0.65191650390625
1784804900387642624,3.0381357669830322,0.1716766357421875,0.232574462890625,0.8151092529296875
1784804900397561600,3.0480546951293945,0.14739990234375,0.175933837890625,0.959381103515625
1784804900407481600,3.0579748153686523,0.2010955810546875,0.17523193359375,1.11041259765625
1784804900417400576,3.0678937435150146,0.2086181640625,0.2171783447265625,1.2155914306640625
1784804900427319552,3.077812671661377,0.15728759765625,0.173431396484375,1.28948974609375
1784804900437239552,3.0877327919006348,0.1995697021484375,-0.0662994384765625,1.38323974609375
1784804900447158528,3.097651720046997,0.2478179931640625,-0.2880859375,1.4236297607421875
1784804900457078784,3.107571840286255,0.26202392578125,-0.402252197265625,1.4322662353515625
1784804900466997504,3.117490768432617,0.23028564453125,-0.369964599609375,1.4486846923828125
1784804900476916480,3.1274096965789795,0.18829345703125,-0.32611083984375,1.4425201416015625
1784804900486836736,3.1373298168182373,0.1993865966796875,-0.42010498046875,1.4980621337890625
1784804900496755712,3.1472487449645996,0.2613372802734375,-0.4363861083984375,1.4872283935546875
1784804900506674432,3.157167673110962,0.318939208984375,-0.388275146484375,1.3508148193359375
1784804900516594688,3.1670877933502197,0.31341552734375,-0.23529052734375,1.26959228515625
1784804900526513664,3.177006721496582,0.2554473876953125,0.0487823486328125,1.2563934326171875
1784804900536433664,3.18692684173584,0.2784271240234375,0.3265380859375,1.7649078369140625
1784804900546352640,3.196845769882202,0.2385101318359375,0.10784912109375,2.1969757080078125
1784804900556271616,3.2067646980285645,0.3881378173828125,-0.600494384765625,2.1864471435546875
1784804900566191616,3.2166848182678223,0.4647674560546875,-1.18743896484375,2.1544342041015625
1784804900576110592,3.2266037464141846,0.5765533447265625,-1.1934814453125,2.01458740234375
1784804900586030592,3.2365236282348633,0.7143096923828125,-0.6443328857421875,1.78033447265625
1784804900595949568,3.2464427947998047,0.6443939208984375,-0.2273406982421875,1.6754913330078125
1784804900605868544,3.256361722946167,0.44964599609375,-0.2106475830078125,1.709686279296875
1784804900615788800,3.266281843185425,0.3389434814453125,-0.356170654296875,1.786529541015625
1784804900625707520,3.276200771331787,0.3209228515625,-0.4472503662109375,1.758544921875
1784804900635627520,3.286120653152466,0.277374267578125,-0.36614990234375,1.6690673828125
1784804900645546752,3.2960398197174072,0.22735595703125,-0.2760467529296875,1.503173828125
1784804900655465728,3.3059587478637695,0.2003631591796875,-0.1097564697265625,1.3207550048828125
1784804900665385472,3.3158786296844482,0.16937255859375,0.06451416015625,1.100372314453125
1784804900675304704,3.3257977962493896,0.0459442138671875,0.0133514404296875,0.8497772216796875
1784804900685223680,3.335716724395752,-0.108856201171875,-0.163238525390625,0.617950439453125
1784804900695143680,3.3456368446350098,-0.169403076171875,-0.2713623046875,0.554840087890625
1784804900705062656,3.355555772781372,-0.2765350341796875,-0.2095489501953125,0.455718994140625
1784804900714982400,3.365475654602051,-0.430267333984375,0.054595947265625,0.280303955078125
1784804900724901632,3.375394821166992,-0.637969970703125,0.337554931640625,0.13006591796875
1784804900734820608,3.3853137493133545,-0.791656494140625,0.4730987548828125,0.0087432861328125
1784804900744740608,3.395233631134033,-0.8644256591796875,0.47796630859375,0.0565338134765625
1784804900754659584,3.4051527976989746,-0.8252410888671875,0.3338775634765625,0.1703338623046875
1784804900764579584,3.4150726795196533,-0.7544403076171875,0.2554779052734375,0.2751007080078125
1784804900774498816,3.4249918460845947,-0.682464599609375,0.29541015625,0.333953857421875
1784804900784417536,3.434910774230957,-0.58648681640625,0.4518890380859375,0.3269500732421875
1784804900794337536,3.4448306560516357,-0.5961151123046875,0.550537109375,0.2788543701171875
1784804900804256768,3.454749822616577,-0.5209503173828125,0.6186981201171875,0.243804931640625
1784804900814176512,3.464669704437256,-0.487548828125,0.515899658203125,0.1619415283203125
1784804900824095488,3.474588632583618,-0.5813751220703125,0.411712646484375,0.1990966796875
1784804900834014720,3.4845077991485596,-0.39453125,0.2720184326171875,0.3741607666015625
1784804900843934464,3.4944276809692383,-0.032440185546875,-0.0673980712890625,0.4602203369140625
1784804900853853696,3.5043468475341797,0.05078125,-0.101654052734375,0.599700927734375
1784804900863772672,3.514265775680542,0.0652618408203125,-0.0078277587890625,0.644256591796875
1784804900873692416,3.5241856575012207,0.1508331298828125,-0.01422119140625,0.7282867431640625
1784804900883611648,3.534104824066162,0.2593994140625,0.0907745361328125,0.758453369140625
1784804900893531648,3.544024705886841,0.4130401611328125,0.2901763916015625,0.7465972900390625
1784804900903450368,3.553943634033203,0.52764892578125,0.4040374755859375,0.675933837890625
1784804900913369600,3.5638628005981445,0.4592742919921875,0.4720611572265625,0.66021728515625
1784804900923289600,3.5737826824188232,0.39947509765625,0.1573486328125,0.49920654296875
1784804900933208576,3.5837018489837646,0.213104248046875,-0.4017791748046875,0.61822509765625
1784804900943128576,3.5936217308044434,0.1015472412109375,-0.8128662109375,0.841217041015625
1784804900953047552,3.6035406589508057,0.0844573974609375,-0.6407928466796875,0.9657440185546875
1784804900962966784,3.613459825515747,0.07086181640625,-0.1978607177734375,0.930908203125
1784804900972886528,3.623379707336426,-0.020172119140625,0.1492919921875,0.9150390625
1784804900982806784,3.6332998275756836,0.0537261962890625,0.056640625,0.807159423828125
1784804900992726528,3.6432197093963623,0.240203857421875,-0.2136383056640625,0.91900634765625
1784804901002645760,3.6531388759613037,0.32427978515625,-0.33984375,1.1455078125
1784804901012564736,3.663057804107666,0.217376708984375,-0.320037841796875,1.2973480224609375
1784804901022484736,3.672977924346924,0.0954437255859375,-0.3795318603515625,1.4701080322265625
1784804901032403712,3.682896852493286,0.0380096435546875,-0.5528717041015625,1.5508575439453125
1784804901042323712,3.692816734313965,0.0129547119140625,-0.61297607421875,1.637908935546875
1784804901052242688,3.7027359008789062,0.0645751953125,-0.5548248291015625,1.64501953125
1784804901062161664,3.7126548290252686,0.1046600341796875,-0.4835205078125,1.678497314453125
1784804901072081664,3.7225747108459473,0.0389862060546875,-0.42193603515625,1.74200439453125
1784804901082000640,3.7324938774108887,0.020751953125,-0.3587188720703125,1.7318267822265625
1784804901091919616,3.742412805557251,0.043426513671875,-0.244415283203125,1.6384429931640625
1784804901101839872,3.752332925796509,0.099395751953125,-0.0849456787109375,1.5183868408203125
1784804901111758592,3.762251853942871,0.2553558349609375,0.036163330078125,1.657012939453125
1784804901121678592,3.77217173576355,0.407623291015625,-0.2031402587890625,1.8042144775390625
1784804901131597824,3.782090902328491,0.461181640625,-0.7177734375,1.7370758056640625
1784804901141516800,3.7920098304748535,0.4933929443359375,-1.0707244873046875,1.6939544677734375
1784804901151436544,3.8019297122955322,0.5052032470703125,-1.041656494140625,1.73321533203125
1784804901161355776,3.8118488788604736,0.5095367431640625,-0.722564697265625,1.6002655029296875
1784804901171275520,3.8217687606811523,0.38348388671875,-0.3295745849609375,1.4423828125
1784804901181194752,3.8316879272460938,0.2340545654296875,-0.0543212890625,1.3382110595703125
1784804901191113728,3.841606855392456,0.1444244384765625,-0.0244598388671875,1.306060791015625
1784804901201033472,3.8515267372131348,0.115875244140625,-0.1808929443359375,1.2960662841796875
1784804901210952704,3.861445903778076,0.0653228759765625,-0.23870849609375,1.2640380859375
1784804901220872704,3.871365785598755,0.045074462890625,-0.137542724609375,1.0877532958984375
1784804901230791680,3.881284713745117,-0.0577850341796875,-0.0435791015625,0.9054718017578125
1784804901240710656,3.8912038803100586,-0.2208099365234375,-0.0207366943359375,0.813140869140625
1784804901250630656,3.9011237621307373,-0.322601318359375,-0.1098785400390625,0.716796875
1784804901260549888,3.9110429286956787,-0.4346466064453125,-0.1185455322265625,0.7773284912109375
1784804901270469632,3.9209628105163574,-0.54437255859375,0.0324859619140625,0.7870330810546875
1784804901280388608,3.9308817386627197,-0.5686187744140625,0.1494140625,0.70343017578125
1784804901290307840,3.940800905227661,-0.69256591796875,0.2974395751953125,0.67706298828125
1784804901300227584,3.95072078704834,-0.683746337890625,0.407501220703125,0.6390228271484375
1784804901310146560,3.960639715194702,-0.7296295166015625,0.3855133056640625,0.422607421875
1784804901320066816,3.97055983543396,-0.7667236328125,0.3972015380859375,0.3510284423828125
1784804901329985536,3.9804787635803223,-0.7578125,0.3011932373046875,0.319183349609375
1784804901339904768,3.9903979301452637,-0.7187042236328125,0.2237091064453125,0.341552734375
1784804901349824768,4.000317811965942,-0.6874847412109375,0.3894500732421875,0.3733367919921875
1784804901359743488,4.010236740112305,-0.555450439453125,0.6027374267578125,0.491485595703125
1784804901369663744,4.0201568603515625,-0.3101959228515625,0.4972076416015625,0.481292724609375
1784804901379582720,4.030075788497925,-0.274505615234375,0.273406982421875,0.5371856689453125
1784804901389501696,4.039994716644287,-0.30999755859375,0.0278778076171875,0.57843017578125
1784804901399421696,4.049914836883545,-0.275360107421875,-0.1191558837890625,0.53466796875
1784804901409340672,4.059833765029907,-0.1443023681640625,-0.1840362548828125,0.4888153076171875
1784804901419259904,4.069752931594849,-0.238525390625,0.03875732421875,0.5774383544921875
1784804901429179648,4.079672813415527,-0.1602935791015625,0.193603515625,0.5983123779296875
1784804901439098624,4.08959174156189,0.0068511962890625,0.2820892333984375,0.5503997802734375
1784804901449018624,4.0995118618011475,0.0994873046875,0.30322265625,0.5521240234375
1784804901458937600,4.10943078994751,0.121063232421875,0.152008056640625,0.56768798828125
1784804901468856576,4.119349718093872,0.1407470703125,-0.0828857421875,0.62554931640625
1784804901478776576,4.12926983833313,0.18328857421875,-0.1941070556640625,0.6585693359375
1784804901488695552,4.139188766479492,0.188446044921875,-0.2010345458984375,0.5940093994140625
1784804901498615808,4.14910888671875,0.1101531982421875,-0.061614990234375,0.553192138671875
1784804901508534784,4.159027814865112,0.113800048828125,0.007568359375,0.540313720703125
1784804901518453504,4.168946743011475,0.0435638427734375,0.008880615234375,0.6211090087890625
1784804901528373760,4.178866863250732,0.0747833251953125,0.091064453125,0.740570068359375
1784804901538292736,4.188785791397095,0.0561981201171875,0.179718017578125,0.8283233642578125
1784804901548212736,4.1987059116363525,0.066192626953125,0.1342010498046875,1.0335845947265625
1784804901558131712,4.208624839782715,0.039154052734375,-0.0567779541015625,1.242340087890625
1784804901568050688,4.218543767929077,0.0518341064453125,-0.209228515625,1.3393096923828125
1784804901577970688,4.228463888168335,0.0998687744140625,-0.24395751953125,1.32489013671875
1784804901587889664,4.238382816314697,0.0924072265625,-0.2010040283203125,1.240692138671875
1784804901597809664,4.248302936553955,0.1348114013671875,-0.09075927734375,1.1831512451171875
1784804901607728640,4.258221864700317,0.09100341796875,-0.035858154296875,1.14251708984375
1784804901617647616,4.26814079284668,0.0285491943359375,-0.0573272705078125,1.17718505859375
1784804901627567872,4.2780609130859375,0.0318756103515625,-0.0919647216796875,1.2286834716796875
1784804901637486592,4.2879798412323,0.0569305419921875,-0.164031982421875,1.2112884521484375
1784804901647406592,4.2978997230529785,0.076446533203125,-0.1310882568359375,1.1982421875
1784804901657325824,4.30781888961792,0.027923583984375,-0.0127105712890625,1.3214874267578125
1784804901667244800,4.317737817764282,-0.0236358642578125,-0.126190185546875,1.6639251708984375
1784804901677164800,4.32765793800354,-0.040618896484375,-0.469482421875,1.916259765625
1784804901687083776,4.337576866149902,-0.00262451171875,-0.658782958984375,1.971435546875
1784804901697003520,4.347496747970581,0.0925750732421875,-0.5968170166015625,1.9037628173828125
1784804901706922752,4.3574159145355225,0.269805908203125,-0.503082275390625,1.6933135986328125
1784804901716841728,4.367334842681885,0.348297119140625,-0.4601287841796875,1.548980712890625
1784804901726761472,4.3772547245025635,0.35699462890625,-0.400634765625,1.541473388671875
1784804901736680704,4.387173891067505,0.4025115966796875,-0.3392791748046875,1.5782623291015625
1784804901746600704,4.397093772888184,0.2750701904296875,-0.339691162109375,1.62225341796875
1784804901756519680,4.407012939453125,0.115142822265625,-0.3854827880859375,1.6231231689453125
1784804901766438656,4.416931867599487,-0.050872802734375,-0.411407470703125,1.5538482666015625
1784804901776358656,4.426851749420166,-0.0676422119140625,-0.397491455078125,1.5018157958984375
1784804901786277888,4.436770915985107,0.067779541015625,-0.36138916015625,1.37139892578125
1784804901796197632,4.446690797805786,0.1359710693359375,-0.2921142578125,1.265289306640625
1784804901806116608,4.456609725952148,0.2010650634765625,-0.2073516845703125,1.1015167236328125
1784804901816035840,4.46652889251709,0.1414947509765625,-0.090850830078125,0.9798736572265625
1784804901825955584,4.4764487743377686,-0.038787841796875,0.040740966796875,0.9198455810546875
1784804901835874816,4.48636794090271,-0.17724609375,0.1265106201171875,0.911041259765625
1784804901845794560,4.496287822723389,-0.2571258544921875,0.183013916015625,0.9185333251953125
1784804901855713536,4.506206750869751,-0.3277740478515625,0.21490478515625,0.9686126708984375
1784804901865632768,4.516125917434692,-0.3408660888671875,0.1000213623046875,0.9533843994140625
1784804901875552768,4.526045799255371,-0.40484619140625,0.04150390625,0.97198486328125
1784804901885471488,4.535964727401733,-0.407196044921875,0.0521087646484375,0.93206787109375
1784804901895391744,4.545884847640991,-0.3087005615234375,0.0145111083984375,0.800506591796875
1784804901905310720,4.5558037757873535,-0.351776123046875,0.063232421875,0.7440948486328125
1784804901915229696,4.565722942352295,-0.5517730712890625,0.1507415771484375,0.688232421875
1784804901925149696,4.575642824172974,-0.605377197265625,0.231170654296875,0.51800537109375
1784804901935068672,4.585561752319336,-0.7894287109375,0.4456329345703125,0.48297119140625
1784804901944988672,4.595481872558594,-0.9229888916015625,0.5819549560546875,0.3883819580078125
1784804901954907648,4.605400800704956,-0.8329010009765625,0.5061492919921875,0.32586669921875
1784804901964826624,4.615319728851318,-0.8407135009765625,0.38214111328125,0.32806396484375
1784804901974746624,4.625239849090576,-0.5953369140625,0.3376007080078125,0.40814208984375
1784804901984663808,4.635156869888306,-0.54449462890625,0.2573699951171875,0.476165771484375
1784804901994583808,4.6450769901275635,-0.3541412353515625,0.130126953125,0.4985809326171875
1784804902004502784,4.654995918273926,-0.3930511474609375,0.2167205810546875,0.60174560546875
1784804902014421760,4.664914846420288,-0.2933807373046875,0.2780609130859375,0.64044189453125
1784804902024341760,4.674834966659546,-0.2465667724609375,0.17132568359375,0.66650390625
1784804902034260736,4.684753894805908,-0.1388397216796875,0.1732025146484375,0.7187957763671875
1784804902044180992,4.694674015045166,-0.0203094482421875,0.2089691162109375,0.7464599609375
1784804902054099712,4.704592943191528,0.0742340087890625,0.03631591796875,0.5659332275390625
1784804902064018688,4.714511871337891,0.1437530517578125,-0.12579345703125,0.605712890625
1784804902073938944,4.724431991577148,0.1618804931640625,-0.2760009765625,0.6618194580078125
1784804902083857664,4.734350919723511,0.1429290771484375,-0.323211669921875,0.6149139404296875
1784804902093777920,4.7442710399627686,-0.0240631103515625,-0.04388427734375,0.640228271484375
1784804902103696896,4.754189968109131,-0.143096923828125,0.2750091552734375,0.5384674072265625
1784804902113615872,4.764108896255493,-0.1948394775390625,0.3651580810546875,0.5450897216796875
1784804902123535872,4.774029016494751,-0.1114501953125,0.2049102783203125,0.6458740234375
1784804902133454848,4.783947944641113,-0.0438385009765625,-0.007659912109375,0.7638092041015625
1784804902143373824,4.793866872787476,0.04168701171875,-0.1399993896484375,0.8156890869140625
1784804902153293824,4.803786993026733,0.0546417236328125,-0.12042236328125,0.9139251708984375
1784804902163212800,4.813705921173096,0.04547119140625,-0.1504669189453125,0.942626953125
1784804902173132800,4.8236260414123535,0.1107940673828125,-0.1924285888671875,1.0149078369140625
1784804902183051776,4.833544969558716,0.1184844970703125,-0.2148895263671875,1.059173583984375
1784804902192971776,4.8434648513793945,0.0653076171875,-0.1842193603515625,1.0834808349609375
1784804902202890752,4.853384017944336,0.0505523681640625,-0.1203765869140625,1.12054443359375
1784804902212809728,4.863302946090698,0.0319061279296875,-0.153656005859375,1.084503173828125
1784804902222729984,4.873223066329956,-0.0219879150390625,-0.1790771484375,1.1461944580078125
1784804902232648960,4.883141994476318,-0.1060638427734375,-0.1677093505859375,1.2579498291015625
1784804902242567680,4.893060922622681,-0.1347808837890625,-0.209625244140625,1.3127899169921875
1784804902252487936,4.9029810428619385,-0.1090240478515625,-0.287109375,1.384063720703125
1784804902262406912,4.912899971008301,-0.07476806640625,-0.39129638671875,1.430572509765625
1784804902272326656,4.9228198528289795,-0.0511016845703125,-0.5042724609375,1.486083984375
1784804902282245888,4.932739019393921,0.02325439453125,-0.5788726806640625,1.4925537109375
1784804902292165632,4.9426589012146,0.0898590087890625,-0.48748779296875,1.537872314453125
1784804902302084864,4.952578067779541,0.1590728759765625,-0.187896728515625,1.479095458984375
1784804902312003840,4.962496995925903,0.191802978515625,0.143341064453125,1.4130706787109375
1784804902321923840,4.972416877746582,0.15478515625,0.3110504150390625,1.4329071044921875
1784804902331842816,4.982336044311523,0.15216064453125,0.186187744140625,1.50262451171875
1784804902341762816,4.992255926132202,0.1495513916015625,-0.157928466796875,1.6499176025390625
1784804902351681792,5.0021748542785645,0.1231536865234375,-0.4929351806640625,1.73809814453125
1784804902361600768,5.012094020843506,0.0771484375,-0.71099853515625,1.6863861083984375
1784804902371520768,5.022013902664185,0.0351104736328125,-0.691162109375,1.6403350830078125
1784804902381439744,5.031932830810547,-0.008819580078125,-0.45257568359375,1.5176849365234375
1784804902391359744,5.041852951049805,-0.0174560546875,-0.1566314697265625,1.3834228515625
1784804902401278720,5.051771879196167,0.0009307861328125,-0.0349884033203125,1.2537689208984375
1784804902411197952,5.061691045761108,-0.0433349609375,-0.0151519775390625,1.19921875
1784804902421117696,5.071610927581787,-0.0420989990234375,-0.0080718994140625,1.1483306884765625
1784804902431036672,5.081529855728149,-0.0964508056640625,-0.017120361328125,1.0646514892578125
1784804902440956928,5.091449975967407,-0.208099365234375,0.008697509765625,0.979522705078125
1784804902450875648,5.1013689041137695,-0.238189697265625,-0.00897216796875,0.8526611328125
1784804902460794624,5.111287832260132,-0.3522186279296875,-0.0103607177734375,0.7849273681640625
1784804902470714880,5.12120795249939,-0.3965301513671875,-0.0446929931640625,0.6772918701171875
1784804902480633856,5.131126880645752,-0.4892425537109375,-0.0027313232421875,0.6446990966796875
1784804902490553856,5.14104700088501,-0.5752105712890625,0.1111602783203125,0.643035888671875
1784804902500472832,5.150965929031372,-0.6488494873046875,0.2266387939453125,0.5943145751953125
1784804902510391808,5.160884857177734,-0.7035980224609375,0.3384246826171875,0.5493011474609375
1784804902520311808,5.170804977416992,-0.66754150390625,0.3612060546875,0.5270538330078125
1784804902530230784,5.1807239055633545,-0.7410888671875,0.4042816162109375,0.498291015625
1784804902540150784,5.190644025802612,-0.757720947265625,0.462890625,0.410308837890625
1784804902550069760,5.200562953948975,-0.7927093505859375,0.527801513671875,0.3222503662109375
1784804902559988736,5.210481882095337,-0.6655426025390625,0.6063690185546875,0.3056640625
1784804902569908736,5.220402002334595,-0.5839080810546875,0.5977630615234375,0.3487396240234375
1784804902579827712,5.230320930480957,-0.650634765625,0.588897705078125,0.4498291015625
1784804902589747968,5.240241050720215,-0.558013916015625,0.4803619384765625,0.4913482666015625
1784804902599666944,5.250159978866577,-0.45068359375,0.3109130859375,0.5233001708984375
1784804902609585664,5.2600789070129395,-0.4501190185546875,0.28985595703125,0.6424102783203125
1784804902619505920,5.269999027252197,-0.3302001953125,0.189117431640625,0.6714935302734375
1784804902629424896,5.27991795539856,-0.2251739501953125,0.05633544921875,0.66290283203125
1784804902639344640,5.289837837219238,-0.1068115234375,-0.0672454833984375,0.65789794921875
1784804902649263872,5.29975700378418,-0.035430908203125,-0.1710968017578125,0.6119232177734375
1784804902659182848,5.309675931930542,0.072723388671875,-0.1502838134765625,0.5908355712890625
1784804902669102848,5.3195960521698,0.1507415771484375,-0.0552978515625,0.5637054443359375
1784804902679021824,5.329514980316162,0.2917327880859375,0.1154632568359375,0.4981231689453125
1784804902688941824,5.339434862136841,0.4095611572265625,0.1312255859375,0.4059295654296875
1784804902698860800,5.349354028701782,0.3553466796875,0.1335906982421875,0.4223785400390625
1784804902708779776,5.3592729568481445,0.26446533203125,0.1191558837890625,0.50787353515625
1784804902718699776,5.369192838668823,0.082550048828125,0.107086181640625,0.582366943359375
1784804902728618752,5.379112005233765,-0.041656494140625,0.0619964599609375,0.6833953857421875
1784804902738538752,5.389031887054443,-0.0565032958984375,0.0020751953125,0.7596588134765625
1784804902748457984,5.398951053619385,0.013458251953125,0.00469970703125,0.873138427734375
1784804902758376960,5.408869981765747,0.111236572265625,0.0102081298828125,0.971771240234375
1784804902768296704,5.418789863586426,0.1522979736328125,-0.031707763671875,1.0363922119140625
1784804902778215936,5.428709030151367,0.0973358154296875,-0.097747802734375,1.128173828125
1784804902788135680,5.438628911972046,0.104766845703125,-0.184539794921875,1.1761474609375
1784804902798054656,5.448547840118408,0.1248321533203125,-0.2137603759765625,1.1824493408203125
1784804902807974912,5.458467960357666,0.1200714111328125,-0.2059478759765625,1.1817169189453125
1784804902817893632,5.468386888504028,0.1053009033203125,-0.173309326171875,1.227447509765625
1784804902827812864,5.47830605506897,0.064361572265625,-0.1571807861328125,1.2415924072265625
1784804902837732864,5.488225936889648,0.046478271484375,-0.1645355224609375,1.2935791015625
1784804902847651840,5.498144865036011,0.073516845703125,-0.174285888671875,1.3350677490234375
1784804902857570816,5.508064031600952,0.0803375244140625,-0.1905059814453125,1.4256591796875
1784804902867490816,5.517983913421631,0.096954345703125,-0.2039642333984375,1.4972381591796875
1784804902877409792,5.527902841567993,0.1246185302734375,-0.1837921142578125,1.524658203125
1784804902887329792,5.537822961807251,0.1846771240234375,-0.188873291015625,1.59185791015625
1784804902897248768,5.547741889953613,0.28240966796875,-0.207122802734375,1.70452880859375
1784804902907168768,5.557662010192871,0.329071044921875,-0.3033905029296875,1.686859130859375
1784804902917087744,5.567580938339233,0.321807861328125,-0.37384033203125,1.649749755859375
1784804902927006720,5.577499866485596,0.3017578125,-0.2688751220703125,1.60467529296875
1784804902936926720,5.5874199867248535,0.257293701171875,-0.0467987060546875,1.57415771484375
1784804902946845696,5.597338914871216,0.1660614013671875,0.084320068359375,1.52044677734375
1784804902956765952,5.607259035110474,0.1362457275390625,0.045318603515625,1.6636810302734375
1784804902966684928,5.617177963256836,0.1339263916015625,-0.25537109375,1.7647857666015625
1784804902976605184,5.627098321914673,0.088958740234375,-0.582855224609375,1.7648773193359375
1784804902986525184,5.637018203735352,0.1090240478515625,-0.6728973388671875,1.6708984375
1784804902996443904,5.646937131881714,0.12847900390625,-0.422882080078125,1.5480804443359375
1784804903006364160,5.656857252120972,0.0555267333984375,-0.0276031494140625,1.35052490234375
1784804903016283136,5.666776180267334,-0.0527191162109375,0.202545166015625,1.1549530029296875
1784804903026202112,5.676695346832275,-0.168121337890625,0.217498779296875,1.0807342529296875
1784804903036122112,5.686615228652954,-0.15997314453125,0.119873046875,1.0623931884765625
1784804903046041088,5.696534156799316,-0.1639404296875,-0.00531005859375,1.125091552734375
1784804903055961088,5.706454277038574,-0.1830291748046875,-0.0987548828125,1.1751708984375
1784804903065880064,5.7163732051849365,-0.19293212890625,-0.18023681640625,1.0816497802734375
1784804903075799040,5.726292133331299,-0.32177734375,-0.1635894775390625,1.0267333984375
1784804903085719040,5.736212253570557,-0.4088287353515625,-0.0512847900390625,0.878143310546875
1784804903095638016,5.746131181716919,-0.5248565673828125,0.194091796875,0.7371673583984375
1784804903105558272,5.756051301956177,-0.6403961181640625,0.466064453125,0.6450653076171875
1784804903115476992,5.765970230102539,-0.6476287841796875,0.6093292236328125,0.576416015625
1784804903125397248,5.775890350341797,-0.71234130859375,0.561309814453125,0.4505767822265625
1784804903135316224,5.785809278488159,-0.77679443359375,0.5187835693359375,0.4649505615234375
1784804903145234944,5.7957282066345215,-0.7837066650390625,0.4662933349609375,0.4477996826171875
1784804903155155200,5.805648326873779,-0.6103973388671875,0.3622283935546875,0.4795989990234375
1784804903165074176,5.815567255020142,-0.5909271240234375,0.3647613525390625,0.522857666015625
1784804903174993920,5.82548713684082,-0.4524993896484375,0.447906494140625,0.5388336181640625
1784804903184913152,5.835406303405762,-0.4638214111328125,0.2952880859375,0.48724365234375
1784804903194832128,5.845325231552124,-0.347930908203125,0.1667327880859375,0.4271392822265625
1784804903204752128,5.855245351791382,-0.3719940185546875,0.0933837890625,0.5045928955078125
1784804903214671104,5.865164279937744,-0.55609130859375,0.066650390625,0.5674591064453125
1784804903224591104,5.875084161758423,-0.4377288818359375,0.08966064453125,0.5357666015625
1784804903234510080,5.885003328323364,-0.1905670166015625,0.0891571044921875,0.460296630859375
1784804903244429056,5.894922256469727,0.0557403564453125,0.0294952392578125,0.5055694580078125
1784804903254349056,5.904842138290405,0.0513916015625,0.0319366455078125,0.5421600341796875
1784804903264268032,5.914761304855347,0.1395111083984375,0.1065521240234375,0.54229736328125
1784804903274188032,5.924681186676025,0.2113800048828125,0.1536407470703125,0.4913787841796875
1784804903284107264,5.934600353240967,0.1508026123046875,0.1904144287109375,0.49176025390625
1784804903294026240,5.944519281387329,0.20281982421875,0.249847412109375,0.4824981689453125
1784804903303945984,5.954439163208008,0.2388458251953125,0.228424072265625,0.4175262451171875
1784804903313865216,5.964358329772949,0.1844024658203125,0.1435546875,0.5206451416015625
1784804903323784960,5.974278211593628,0.0743408203125,0.0317230224609375,0.615753173828125
1784804903333703936,5.98419713973999,-0.097015380859375,0.0024261474609375,0.7684783935546875
1784804903343623168,5.994116306304932,-0.1260833740234375,0.005584716796875,0.81134033203125
1784804903353543168,6.00403618812561,-0.048553466796875,0.0450439453125,0.8542327880859375
1784804903363462144,6.013955354690552,0.0335235595703125,0.0712738037109375,0.950958251953125
1784804903373382144,6.0238752365112305,0.0662078857421875,0.08758544921875,0.981414794921875
1784804903383301120,6.033794164657593,0.0630340576171875,0.02838134765625,1.065826416015625
1784804903393220096,6.043713331222534,0.085357666015625,-0.0390625,1.156890869140625
1784804903403140096,6.053633213043213,0.0901031494140625,-0.1129302978515625,1.1528472900390625
1784804903413059072,6.063552141189575,0.0569610595703125,-0.092193603515625,1.2008514404296875
1784804903422979072,6.073472261428833,0.0635833740234375,-0.07427978515625,1.1990814208984375
1784804903432898048,6.083391189575195,0.02618408203125,-0.084991455078125,1.243560791015625
1784804903442818048,6.093311309814453,-0.015380859375,-0.1221160888671875,1.3000640869140625
1784804903452737024,6.103230237960815,-0.0615692138671875,-0.1424560546875,1.383056640625
1784804903462656000,6.113149166107178,0.01287841796875,-0.140533447265625,1.4731903076171875
1784804903472576256,6.1230692863464355,0.1369171142578125,-0.126129150390625,1.4971771240234375
1784804903482494976,6.132988214492798,0.225921630859375,-0.0237274169921875,1.5537261962890625
1784804903492415232,6.142908334732056,0.242645263671875,-0.0158843994140625,1.6136627197265625
1784804903502334208,6.152827262878418,0.1357421875,-0.2172393798828125,1.6919097900390625
1784804903512252928,6.16274619102478,0.09735107421875,-0.3641510009765625,1.75433349609375
1784804903522173184,6.172666311264038,0.1696624755859375,-0.330291748046875,1.7223663330078125
1784804903532092160,6.1825852394104,0.246002197265625,-0.2263946533203125,1.603271484375
1784804903542012160,6.192505359649658,0.2571563720703125,-0.0984649658203125,1.526702880859375
1784804903551931136,6.2024242877960205,0.1512908935546875,-0.054840087890625,1.5257110595703125
1784804903561850112,6.212343215942383,0.033203125,-0.166168212890625,1.5113372802734375
1784804903571770112,6.222263336181641,-0.1292266845703125,-0.384185791015625,1.472930908203125
1784804903581689088,6.232182264328003,-0.2012176513671875,-0.432891845703125,1.5346832275390625
1784804903591609088,6.242102146148682,-0.170928955078125,-0.327423095703125,1.4664764404296875
1784804903601528064,6.252021312713623,-0.0458526611328125,-0.13616943359375,1.2828216552734375
1784804903611447040,6.261940240859985,-0.00054931640625,0.0180511474609375,1.167755126953125
1784804903621367040,6.271860122680664,-0.0462646484375,0.06195068359375,1.0654144287109375
1784804903631286272,6.2817792892456055,-0.1338043212890625,-0.045654296875,0.9857177734375
1784804903641206016,6.291699171066284,-0.2471771240234375,-0.089752197265625,0.99725341796875
1784804903651125248,6.301618337631226,-0.335968017578125,-0.066741943359375,0.9990081787109375
1784804903661044992,6.311538219451904,-0.436859130859375,-0.0024566650390625,1.000732421875
1784804903670963968,6.321457147598267,-0.43133544921875,0.0879058837890625,1.0043792724609375
1784804903680883200,6.331376314163208,-0.3965911865234375,0.07489013671875,0.971038818359375
1784804903690802944,6.341296195983887,-0.4209136962890625,0.058502197265625,0.9143829345703125
1784804903700721920,6.351215124130249,-0.43896484375,0.053314208984375,0.7902069091796875
1784804903710642176,6.361135244369507,-0.4224853515625,0.11260986328125,0.6642303466796875
1784804903720561152,6.371054172515869,-0.434814453125,0.227508544921875,0.5731048583984375
1784804903730480128,6.3809733390808105,-0.5052032470703125,0.361846923828125,0.501129150390625
1784804903740400128,6.390893220901489,-0.6940460205078125,0.5917205810546875,0.5265960693359375
1784804903750319104,6.400812149047852,-0.829681396484375,0.7962493896484375,0.446044921875
1784804903760239104,6.410732269287109,-0.9102783203125,0.888702392578125,0.37451171875
1784804903770158080,6.420651197433472,-0.85211181640625,0.7460784912109375,0.3151702880859375
1784804903780077056,6.430570125579834,-0.7557373046875,0.4837799072265625,0.3430328369140625
1784804903789997056,6.440490245819092,-0.6713104248046875,0.418060302734375,0.5295257568359375
1784804903799916032,6.450409173965454,-0.5054473876953125,0.217681884765625,0.47723388671875
1784804903809836032,6.460329294204712,-0.45513916015625,0.212432861328125,0.5875091552734375
1784804903819755008,6.470248222351074,-0.39703369140625,0.2939453125,0.6111297607421875
1784804903829675264,6.480168342590332,-0.3660125732421875,0.10321044921875,0.5057373046875
1784804903839594240,6.490087270736694,-0.32012939453125,0.014068603515625,0.652984619140625
1784804903849512960,6.500006198883057,-0.10955810546875,-0.11395263671875,0.570068359375
1784804903859433216,6.5099263191223145,-0.072967529296875,-0.0155029296875,0.667388916015625
1784804903869352192,6.519845247268677,0.053802490234375,-0.0799560546875,0.525115966796875
1784804903879271936,6.5297651290893555,0.1000823974609375,-0.012359619140625,0.5889434814453125
1784804903889191168,6.539684295654297,0.05133056640625,-0.0057830810546875,0.6463165283203125
1784804903899110144,6.549603223800659,0.13177490234375,0.0241546630859375,0.6624298095703125
1784804903909030144,6.559523344039917,0.073272705078125,-0.03631591796875,0.6136627197265625
1784804903918949120,6.569442272186279,0.015533447265625,-0.0571136474609375,0.678558349609375
1784804903928869120,6.579362154006958,-0.1346435546875,-0.0716552734375,0.742523193359375
1784804903938788096,6.589281320571899,-0.1601104736328125,-0.1186370849609375,0.747161865234375
1784804903948707072,6.599200248718262,-0.0706939697265625,-0.165557861328125,0.782867431640625
1784804903958627072,6.60912013053894,-0.041748046875,-0.17974853515625,0.9495849609375
1784804903968546048,6.619039297103882,-0.0244140625,-0.20050048828125,1.101165771484375
1784804903978466048,6.6289591789245605,-0.008056640625,-0.233489990234375,1.1808319091796875
1784804903988385024,6.638878107070923,0.0423583984375,-0.2410736083984375,1.208282470703125
1784804903998305024,6.648798227310181,0.04437255859375,-0.1710968017578125,1.207794189453125
1784804904008224000,6.658717155456543,0.0087890625,-0.090484619140625,1.189239501953125
1784804904018142976,6.668636083602905,-0.05615234375,-0.169342041015625,1.1623077392578125
1784804904028062976,6.678556203842163,-0.096038818359375,-0.2644500732421875,1.1890411376953125
1784804904037981952,6.688475131988525,-0.139739990234375,-0.315643310546875,1.2454376220703125
1784804904047902208,6.698395252227783,-0.10552978515625,-0.4047698974609375,1.2653350830078125
1784804904057820928,6.7083141803741455,-0.06365966796875,-0.4271697998046875,1.34576416015625
1784804904067739904,6.718233108520508,-0.0490264892578125,-0.3863372802734375,1.367431640625
1784804904077660160,6.728153228759766,0.005340576171875,-0.36749267578125,1.3153228759765625
1784804904087579136,6.738072156906128,0.0392608642578125,-0.316375732421875,1.304656982421875
1784804904097499136,6.747992277145386,0.0705413818359375,-0.2575531005859375,1.2885589599609375
1784804904107418112,6.757911205291748,0.133087158203125,-0.290557861328125,1.2318572998046875
1784804904117337088,6.76783013343811,0.1778564453125,-0.31005859375,1.2196197509765625
1784804904127257088,6.777750253677368,0.17108154296875,-0.3303680419921875,1.213836669921875
1784804904137176064,6.7876691818237305,0.090789794921875,-0.3881072998046875,1.2242279052734375
1784804904147096064,6.797589302062988,0.000762939453125,-0.4362640380859375,1.267333984375
1784804904157015040,6.807508230209351,-0.0505828857421875,-0.40887451171875,1.2837371826171875
1784804904166934016,6.817427158355713,-0.10260009765625,-0.3733367919921875,1.28131103515625
1784804904176854016,6.827347278594971,-0.1808319091796875,-0.309600830078125,1.2584381103515625
1784804904186772992,6.837266206741333,-0.2109375,-0.21588134765625,1.1985626220703125
1784804904196692992,6.847186088562012,-0.181182861328125,-0.160308837890625,1.1363983154296875
1784804904206612224,6.857105255126953,-0.1219940185546875,-0.156402587890625,1.089202880859375
1784804904216531968,6.867025136947632,-0.10980224609375,-0.187469482421875,1.0192718505859375
1784804904226451200,6.876944303512573,-0.1221466064453125,-0.1873779296875,0.9521026611328125
1784804904236370176,6.8868632316589355,-0.2037200927734375,-0.108123779296875,0.9691925048828125
1784804904246289920,6.896783113479614,-0.32733154296875,0.0272216796875,0.93389892578125
1784804904256209152,6.906702280044556,-0.45159912109375,0.1160430908203125,0.89422607421875
1784804904266128896,6.916622161865234,-0.5475311279296875,0.1384429931640625,0.8650360107421875
1784804904276047872,6.926541090011597,-0.6260528564453125,0.18377685546875,0.8000335693359375
1784804904285967104,6.936460256576538,-0.664886474609375,0.24835205078125,0.7307281494140625
1784804904295887104,6.946380138397217,-0.674163818359375,0.29119873046875,0.690521240234375
1784804904305806080,6.956299304962158,-0.648529052734375,0.3767852783203125,0.6215362548828125
1784804904315726080,6.966219186782837,-0.64178466796875,0.533447265625,0.5987091064453125
1784804904325645056,6.976138114929199,-0.60491943359375,0.6431884765625,0.5453643798828125
1784804904335564032,6.986057281494141,-0.6662445068359375,0.733917236328125,0.511871337890625
1784804904345484032,6.995977163314819,-0.651214599609375,0.74017333984375,0.404876708984375
1784804904355403008,7.005896091461182,-0.736572265625,0.9039764404296875,0.4483489990234375
1784804904365323008,7.0158162117004395,-0.5518341064453125,0.9429931640625,0.5257568359375
1784804904375241984,7.025735139846802,-0.257171630859375,0.6701507568359375,0.705078125
1784804904385162240,7.03565526008606,0.3811187744140625,0.122100830078125,1.0759429931640625
1784804904395080960,7.045574188232422,0.4841461181640625,0.1500244140625,1.2025146484375
1784804904404999936,7.055493116378784,-0.04052734375,0.375640869140625,1.028167724609375
1784804904414920192,7.065413236618042,-0.48944091796875,0.4355316162109375,1.0673370361328125
1784804904424838912,7.075332164764404,-0.582977294921875,0.251495361328125,1.143524169921875
1784804904434759168,7.085252285003662,-0.334869384765625,-0.050323486328125,1.1347198486328125
1784804904444678144,7.095171213150024,0.199462890625,-0.5123291015625,1.19415283203125
1784804904454597120,7.105090141296387,0.51995849609375,-0.8082427978515625,1.1508026123046875
1784804904464517120,7.1150102615356445,0.5226287841796875,-0.3148956298828125,1.222412109375
1784804904474436096,7.124929189682007,0.3282318115234375,0.3410797119140625,1.350677490234375
1784804904484356096,7.134849309921265,0.111419677734375,0.6671142578125,1.1732330322265625
1784804904494275072,7.144768238067627,0.0064239501953125,0.6270294189453125,0.94403076171875
1784804904504195072,7.154688119888306,0.0812835693359375,0.5109405517578125,1.147308349609375
1784804904514114048,7.164607286453247,0.069976806640625,0.36285400390625,1.263824462890625
1784804904524033024,7.174526214599609,0.020050048828125,0.1436767578125,1.232208251953125
1784804904533953024,7.184446096420288,-0.09234619140625,0.0982513427734375,1.2174224853515625
1784804904543872000,7.1943652629852295,-0.203338623046875,0.2576751708984375,1.371673583984375
1784804904553792000,7.204285144805908,-0.2426910400390625,0.54132080078125,1.134796142578125
1784804904563711232,7.21420431137085,-0.1965179443359375,0.7946624755859375,0.89215087890625
1784804904573630208,7.224123239517212,-0.032623291015625,0.7239227294921875,0.6530303955078125
1784804904583549952,7.234043121337891,0.1708221435546875,0.4014129638671875,0.7175445556640625
1784804904593469184,7.243962287902832,0.2262725830078125,0.0727386474609375,0.93341064453125
1784804904603388928,7.253882169723511,0.1415252685546875,-0.074798583984375,1.1397857666015625
1784804904613307904,7.263801097869873,0.019073486328125,-0.0225067138671875,1.208587646484375
1784804904623227136,7.2737202644348145,-0.07843017578125,0.227447509765625,1.1430511474609375
1784804904633146880,7.283640146255493,-0.1012115478515625,0.4451446533203125,1.0075531005859375
1784804904643066112,7.293559312820435,-0.135284423828125,0.491058349609375,0.9260711669921875
1784804904652986112,7.303479194641113,-0.19073486328125,0.4154510498046875,0.8703460693359375
1784804904662905088,7.313398122787476,-0.1390838623046875,0.278900146484375,0.9221038818359375
1784804904672825088,7.323318243026733,-0.1187591552734375,0.104644775390625,1.0573272705078125
1784804904682744064,7.333237171173096,-0.1191864013671875,-0.04266357421875,1.1923980712890625
1784804904692663040,7.343156099319458,-0.12200927734375,-0.1224212646484375,1.22796630859375
1784804904702583040,7.353076219558716,-0.0974273681640625,-0.0489044189453125,1.32537841796875
1784804904712502016,7.362995147705078,-0.100799560546875,0.0260009765625,1.274261474609375
1784804904722422016,7.372915267944336,-0.1529541015625,0.042236328125,1.1494140625
1784804904732340992,7.382834196090698,-0.244964599609375,0.0626068115234375,1.1487884521484375
1784804904742259968,7.3927531242370605,-0.276824951171875,0.0495758056640625,1.1427154541015625
1784804904752180224,7.402673244476318,-0.307220458984375,0.076812744140625,1.115570068359375
1784804904762098944,7.412592172622681,-0.3236236572265625,0.1067657470703125,1.03741455078125
1784804904772019200,7.4225122928619385,-0.4143829345703125,0.174224853515625,0.942535400390625
1784804904781938176,7.432431221008301,-0.4281158447265625,0.198944091796875,0.986083984375
1784804904791857920,7.4423511028289795,-0.350006103515625,0.0994873046875,1.05853271484375
1784804904801777152,7.452270269393921,-0.32061767578125,-0.0720062255859375,1.160369873046875
1784804904811696128,7.462189197540283,-0.350372314453125,-0.205413818359375,1.1068267822265625
1784804904821616128,7.472109317779541,-0.2866973876953125,-0.1835479736328125,1.0375213623046875
1784804904831535104,7.482028245925903,-0.2830047607421875,-0.1096649169921875,0.9254608154296875
1784804904841455104,7.491948127746582,-0.32354736328125,-0.04974365234375,0.7979583740234375
1784804904851374080,7.501867294311523,-0.2887115478515625,-0.0259857177734375,0.69036865234375
1784804904861293056,7.511786222457886,-0.3848876953125,-0.0646209716796875,0.6727142333984375
1784804904871213056,7.5217061042785645,-0.29150390625,-0.079315185546875,0.56304931640625
1784804904881132032,7.531625270843506,-0.2142333984375,-0.0716400146484375,0.5204620361328125
1784804904891052032,7.541545152664185,-0.1694488525390625,-0.1029205322265625,0.4731597900390625
1784804904900971008,7.551464080810547,-0.1627349853515625,-0.12713623046875,0.4293365478515625
1784804904910891008,7.561384201049805,-0.2267913818359375,-0.095458984375,0.444122314453125
1784804904920809984,7.571303129196167,-0.2517852783203125,-0.0653076171875,0.4584808349609375
1784804904930729216,7.581222295761108,-0.2466278076171875,-0.150909423828125,0.45404052734375
1784804904940648960,7.591142177581787,-0.2237701416015625,-0.231353759765625,0.444183349609375
1784804904950567936,7.601061105728149,-0.21807861328125,-0.1918182373046875,0.452545166015625
1784804904960488192,7.610981225967407,-0.2797698974609375,-0.196929931640625,0.5023345947265625
1784804904970406912,7.6209001541137695,-0.3506317138671875,-0.249542236328125,0.493896484375
1784804904980325632,7.630818843841553,-0.3900299072265625,-0.2291107177734375,0.4734344482421875
1784804904990245632,7.6407387256622314,-0.389801025390625,-0.1742095947265625,0.396270751953125
1784804905000164864,7.650657892227173,-0.3403778076171875,-0.1052093505859375,0.3267974853515625
1784804905010084608,7.660577774047852,-0.2589569091796875,-0.0770111083984375,0.2577667236328125
1784804905020003840,7.670496940612793,-0.183837890625,-0.15997314453125,0.2615203857421875
1784804905029922816,7.680415868759155,-0.1082916259765625,-0.2737884521484375,0.353973388671875
1784804905039842560,7.690335750579834,-0.03582763671875,-0.29248046875,0.4461517333984375
1784804905049761792,7.700254917144775,-0.0589599609375,-0.1841583251953125,0.525909423828125
1784804905059681536,7.710174798965454,-0.1115570068359375,-0.0428924560546875,0.599334716796875
1784804905069600512,7.720093727111816,-0.1168670654296875,0.084442138671875,0.77276611328125
1784804905079520768,7.730013847351074,-0.064666748046875,0.1276702880859375,0.9066162109375
1784804905089439744,7.7399327754974365,-0.0095062255859375,-0.0112762451171875,1.1638336181640625
1784804905099358720,7.749851942062378,-0.008453369140625,-0.3881072998046875,1.383514404296875
1784804905109278720,7.759771823883057,-0.059906005859375,-0.43951416015625,1.696197509765625
1784804905119197696,7.769690752029419,0.352508544921875,0.259796142578125,0.6733245849609375
1784804905129117696,7.779610872268677,0.2491302490234375,-0.0877685546875,1.1328277587890625
1784804905139036672,7.789529800415039,0.3316802978515625,-0.2241363525390625,1.169647216796875
1784804905148955648,7.799448728561401,-0.2465667724609375,-0.238006591796875,0.9513702392578125
1784804905158875648,7.809368848800659,-0.251190185546875,-0.5808868408203125,1.0515289306640625
1784804905168794624,7.8192877769470215,0.1966400146484375,-0.75311279296875,0.92626953125
1784804905178714880,7.829207897186279,0.135467529296875,-0.6746826171875,0.799102783203125
1784804905188633600,7.839126825332642,0.0362091064453125,-0.7483673095703125,0.6551055908203125
1784804905198552576,7.849045753479004,0.0334930419921875,-0.8729095458984375,0.621551513671875
1784804905208472832,7.858965873718262,-0.0531768798828125,-0.8031768798828125,0.5104827880859375
1784804905218391552,7.868884801864624,-0.248626708984375,-0.625335693359375,0.322967529296875
1784804905228311808,7.878804922103882,-0.308868408203125,-0.58245849609375,0.1736907958984375
1784804905238230784,7.888723850250244,-0.0804443359375,-0.785888671875,-0.0796051025390625
1784804905248150528,7.898643732070923,0.1018524169921875,-0.8523101806640625,0.063812255859375
1784804905258069760,7.908562898635864,0.2120361328125,-0.8878326416015625,0.209014892578125
1784804905267988736,7.918481826782227,-0.1612091064453125,-0.587127685546875,0.3542022705078125
1784804905277908480,7.928401708602905,0.0908660888671875,-0.6549530029296875,0.6871337890625
1784804905287827712,7.938320875167847,-0.1300048828125,-0.56256103515625,0.429931640625
1784804905297747712,7.948240756988525,0.2197113037109375,-0.63909912109375,0.34002685546875
1784804905307666688,7.958159923553467,0.2499542236328125,-0.90478515625,0.2432098388671875
1784804905317585664,7.968078851699829,0.386077880859375,-1.159149169921875,0.289520263671875
1784804905327505664,7.977998733520508,0.5223236083984375,-1.4736480712890625,0.2524566650390625
1784804905337424640,7.987917900085449,0.79144287109375,-1.4432830810546875,0.228424072265625
1784804905347344640,7.997837781906128,0.9969329833984375,-1.333221435546875,0.2513275146484375
1784804905357263616,8.00775671005249,1.0867462158203125,-1.465667724609375,0.077667236328125
1784804905367183616,8.017676830291748,1.1401519775390625,-1.334014892578125,0.042266845703125
1784804905377102592,8.02759575843811,1.137420654296875,-1.069183349609375,0.105621337890625
1784804905387021824,8.037514925003052,0.8139495849609375,-0.9041900634765625,-0.1819610595703125
1784804905396941568,8.04743480682373,0.7805633544921875,-0.603118896484375,-0.131683349609375
1784804905406860544,8.057353734970093,0.7525634765625,-0.6587677001953125,-0.3279266357421875
1784804905416780800,8.06727385520935,0.4276885986328125,-0.6966552734375,-0.3245086669921875
1784804905426699520,8.077192783355713,0.1653594970703125,-0.7003021240234375,-0.4864501953125
1784804905436618496,8.087111711502075,-0.0699615478515625,-0.7347869873046875,-0.795623779296875
1784804905446538752,8.097031831741333,-0.13177490234375,-0.9841766357421875,-1.194091796875
1784804905456457728,8.106950759887695,-0.0869598388671875,-1.561248779296875,-1.4522857666015625
1784804905466377728,8.116870880126953,0.2117462158203125,-2.0929718017578125,-1.6863555908203125
1784804905476296704,8.126789808273315,0.2993011474609375,-2.49139404296875,-1.865264892578125
1784804905486215680,8.136708736419678,0.4746246337890625,-2.3332672119140625,-1.7200775146484375
1784804905496135680,8.146628856658936,0.441650390625,-1.8902435302734375,-1.6654205322265625
1784804905506054656,8.156547784805298,0.3817596435546875,-1.440673828125,-1.5196380615234375
1784804905515974656,8.166467905044556,0.2722320556640625,-1.1009063720703125,-1.4125518798828125
1784804905525893632,8.176386833190918,0.0998382568359375,-1.0051116943359375,-1.2899322509765625
1784804905535813632,8.186306715011597,0.1013641357421875,-1.143524169921875,-0.99920654296875
1784804905545732864,8.196225881576538,0.1902313232421875,-1.4343719482421875,-0.96453857421875
1784804905555651584,8.2061448097229,0.04534912109375,-1.5113372802734375,-0.80010986328125
1784804905565571840,8.216064929962158,0.0832061767578125,-1.32745361328125,-0.57110595703125
1784804905575490816,8.22598385810852,0.098114013671875,-1.33056640625,-0.3520660400390625
1784804905585410560,8.2359037399292,0.17266845703125,-1.5987548828125,-0.194061279296875
1784804905595329792,8.24582290649414,0.311614990234375,-2.009307861328125,-0.1154632568359375
1784804905605248768,8.255741834640503,0.3834991455078125,-2.216766357421875,-0.1817474365234375
1784804905615168512,8.265661716461182,0.3507232666015625,-2.1281280517578125,-0.271148681640625
1784804905625087744,8.275580883026123,0.4102020263671875,-2.2375640869140625,-0.1124420166015625
1784804905635007744,8.285500764846802,0.5208282470703125,-2.648223876953125,-0.18414306640625
1784804905644926720,8.295419931411743,0.6015472412109375,-2.7280120849609375,-0.2012786865234375
1784804905654846720,8.305339813232422,0.670379638671875,-2.6951141357421875,-0.2971649169921875
1784804905664765696,8.315258741378784,0.8239898681640625,-2.48773193359375,-0.2352294921875
1784804905674684672,8.325177907943726,0.976715087890625,-2.2922515869140625,-0.293212890625
1784804905684604672,8.335097789764404,0.91986083984375,-2.3394012451171875,-0.493682861328125
1784804905694523648,8.345016717910767,0.6041107177734375,-2.2986297607421875,-0.7240142822265625
1784804905704443648,8.354936838150024,0.3691558837890625,-1.93701171875,-0.6390228271484375
1784804905714362624,8.364855766296387,0.4783935546875,-1.53192138671875,-0.4638519287109375
1784804905724281856,8.374774932861328,0.76312255859375,-1.2042694091796875,-0.450347900390625
1784804905734201600,8.384694814682007,0.4133453369140625,-0.5894927978515625,-0.3269500732421875
1784804905744120576,8.39461374282837,-0.004241943359375,-0.0944061279296875,-0.13519287109375
1784804905754040832,8.404533863067627,-0.2628936767578125,0.415191650390625,0.1937408447265625
1784804905763959552,8.41445279121399,-0.3000030517578125,0.5425872802734375,-0.1468353271484375
1784804905773879808,8.424372911453247,-0.0738677978515625,1.09722900390625,-0.063079833984375
1784804905783798784,8.43429183959961,0.066925048828125,1.4121856689453125,0.4042816162109375
1784804905793717504,8.444210767745972,-0.2435150146484375,0.493560791015625,0.2179107666015625
1784804905803637760,8.45413088798523,0.089447021484375,0.6720428466796875,0.8966064453125
1784804905813556736,8.464049816131592,0.2650299072265625,0.6458282470703125,1.2825469970703125
1784804905823476736,8.47396993637085,0.8238677978515625,1.2235260009765625,0.807708740234375
1784804905833395712,8.483888864517212,1.3155670166015625,1.265594482421875,-0.22637939453125
1784804905843314688,8.493807792663574,1.4078369140625,0.892364501953125,-1.333251953125
1784804905853234688,8.503727912902832,1.8492279052734375,0.49761962890625,-1.2190093994140625
1784804905863153664,8.513646841049194,2.1821746826171875,0.3258819580078125,-1.59716796875
1784804905873073664,8.523566722869873,1.864654541015625,0.188629150390625,-1.7528228759765625
1784804905882992640,8.533485889434814,1.67913818359375,0.1759185791015625,-2.2315673828125
1784804905892912640,8.543405771255493,1.5782928466796875,0.4304046630859375,-2.685394287109375
1784804905902831872,8.553324937820435,1.8803863525390625,0.041778564453125,-2.827789306640625
1784804905912750848,8.563243865966797,2.0550537109375,-0.8459625244140625,-3.251678466796875
1784804905922670592,8.573163747787476,1.83026123046875,-0.9737548828125,-3.3594512939453125
1784804905932589824,8.583082914352417,2.1688690185546875,-0.8717041015625,-2.640777587890625
1784804905942509568,8.593002796173096,1.60662841796875,-1.1277008056640625,-3.010101318359375
1784804905952428544,8.602921724319458,1.099700927734375,-1.0988006591796875,-2.7706298828125
1784804905962348800,8.612841844558716,1.4881591796875,-1.070037841796875,-2.281890869140625
1784804905972267520,8.622760772705078,1.672698974609375,-1.25970458984375,-1.9242401123046875
1784804905982186752,8.63267993927002,1.497467041015625,-1.6344146728515625,-1.7819061279296875
1784804905992107008,8.642600059509277,1.269287109375,-1.8285980224609375,-1.6304779052734375
1784804906002025728,8.65251898765564,1.036224365234375,-1.9438629150390625,-1.5836944580078125
1784804906011945728,8.662438869476318,1.0581207275390625,-2.005889892578125,-1.384307861328125
1784804906021864960,8.67235803604126,0.763397216796875,-2.1196136474609375,-1.336181640625
1784804906031783936,8.682276964187622,0.8481903076171875,-2.09442138671875,-1.0868377685546875
1784804906041703680,8.6921968460083,0.6000213623046875,-1.88812255859375,-0.690155029296875
1784804906051622912,8.702116012573242,0.5224609375,-2.0763092041015625,-0.3867950439453125
1784804906061542656,8.712035894393921,0.9430694580078125,-1.9744720458984375,-0.1549224853515625
1784804906071461888,8.721955060958862,1.001800537109375,-1.8829498291015625,-0.13116455078125
1784804906081380864,8.731873989105225,0.85235595703125,-1.739227294921875,0.039886474609375
1784804906091300608,8.741793870925903,0.90435791015625,-1.56903076171875,-0.2828369140625
1784804906101219840,8.751713037490845,1.032012939453125,-1.2582855224609375,-0.5025634765625
1784804906111139840,8.761632919311523,1.2577362060546875,-1.168975830078125,-0.663330078125
1784804906121058816,8.771551847457886,1.4292144775390625,-1.0146484375,-0.7412872314453125
1784804906130978816,8.781471967697144,1.59027099609375,-0.8228759765625,-0.7725830078125
1784804906140897792,8.791390895843506,1.4578857421875,-0.8899383544921875,-0.5695037841796875
1784804906150817024,8.801310062408447,1.320587158203125,-0.8160247802734375,-0.3935394287109375
1784804906160736768,8.811229944229126,1.303131103515625,-1.2621612548828125,-1.0207061767578125
1784804906170655744,8.821148872375488,1.4481658935546875,-1.733245849609375,-1.041717529296875
1784804906180575744,8.831068992614746,1.3928985595703125,-1.7568511962890625,-2.023223876953125
1784804906190494720,8.840987920761108,1.8243865966796875,-1.3225250244140625,-1.8917388916015625
1784804906200413696,8.85090684890747,1.68023681640625,-1.188934326171875,-1.429840087890625
1784804906210333952,8.860826969146729,1.7639617919921875,-1.2899322509765625,-1.48272705078125
1784804906220252672,8.87074589729309,1.8864593505859375,-1.7167816162109375,-1.37921142578125
1784804906230172928,8.880666017532349,2.10528564453125,-1.9974212646484375,-1.408111572265625
1784804906240091904,8.890584945678711,2.30841064453125,-1.957977294921875,-1.345001220703125
1784804906250011904,8.900505065917969,2.367950439453125,-1.8068084716796875,-1.18463134765625
1784804906259930880,8.910423994064331,2.314453125,-1.735198974609375,-0.9871368408203125
1784804906269849856,8.920342922210693,2.2591552734375,-1.5779266357421875,-0.7237091064453125
1784804906279769856,8.930263042449951,2.2442626953125,-1.1591949462890625,-0.3020782470703125
1784804906289688832,8.940181970596313,2.260528564453125,-0.4771575927734375,0.0838775634765625
1784804906299608832,8.950101852416992,2.151336669921875,0.2628631591796875,0.4426727294921875
1784804906309527808,8.960021018981934,1.8370208740234375,0.87713623046875,0.5785064697265625
1784804906319447808,8.969940900802612,1.62738037109375,1.4171600341796875,0.7502899169921875
1784804906329367040,8.979860067367554,1.308868408203125,1.6690521240234375,0.737579345703125
1784804906339285760,8.989778995513916,1.011444091796875,1.6936798095703125,0.6584930419921875
1784804906349205760,8.999698877334595,0.82330322265625,1.5118560791015625,0.530548095703125
1784804906359124992,9.009618043899536,0.721832275390625,1.1235504150390625,0.3096771240234375
1784804906369044736,9.019537925720215,0.7087860107421875,0.816162109375,0.1494293212890625
1784804906378963712,9.029456853866577,0.798065185546875,0.6739501953125,-0.0383453369140625
1784804906388882944,9.039376020431519,0.945098876953125,0.5140838623046875,-0.244964599609375
1784804906398802688,9.049295902252197,1.160491943359375,0.2444610595703125,-0.2894134521484375
1784804906408721664,9.05921483039856,1.3159027099609375,-0.0995330810546875,-0.1884307861328125
1784804906418641920,9.069134950637817,1.3930816650390625,-0.3477630615234375,0.0275115966796875
1784804906428560640,9.07905387878418,1.43096923828125,-0.4612579345703125,0.2282257080078125
1784804906438479872,9.088973045349121,1.452423095703125,-0.5402069091796875,0.267059326171875
1784804906448399872,9.0988929271698,1.466827392578125,-0.6851806640625,0.246063232421875
1784804906458318592,9.108811855316162,1.3615264892578125,-0.8553314208984375,0.1205291748046875
1784804906468238848,9.11873197555542,1.265167236328125,-0.8738861083984375,-0.1128387451171875
1784804906478157824,9.128650903701782,1.280853271484375,-0.76947021484375,-0.27447509765625
1784804906488077824,9.13857102394104,1.4211273193359375,-0.6877288818359375,-0.3071441650390625
1784804906497996800,9.148489952087402,1.637176513671875,-0.6449432373046875,-0.2380523681640625
1784804906507915776,9.158408880233765,1.7370452880859375,-0.7745513916015625,0.009307861328125
1784804906517835776,9.168329000473022,1.732208251953125,-1.0926971435546875,0.183135986328125
1784804906527754752,9.178247928619385,1.72698974609375,-1.387786865234375,0.3428497314453125
1784804906537675008,9.188168048858643,1.71771240234375,-1.5141448974609375,0.581787109375
1784804906547593728,9.198086977005005,1.6652069091796875,-1.38702392578125,0.94793701171875
1784804906557512704,9.208005905151367,1.5023651123046875,-1.281158447265625,1.4324188232421875
1784804906567432960,9.217926025390625,1.2800445556640625,-1.3175201416015625,1.9124755859375
1784804906577351936,9.227844953536987,1.0884552001953125,-1.25970458984375,2.501739501953125
1784804906587271680,9.237764835357666,0.7760162353515625,-1.2230072021484375,2.9491729736328125
1784804906597190912,9.247684001922607,0.3357391357421875,-1.4207916259765625,3.1012725830078125
1784804906607110656,9.257603883743286,0.0801544189453125,-1.8696441650390625,2.94940185546875
1784804906617029888,9.267523050308228,0.117889404296875,-2.1199951171875,2.9293365478515625
1784804906626948864,9.27744197845459,0.4347991943359375,-2.160552978515625,2.9948883056640625
1784804906636868608,9.287361860275269,-0.2053375244140625,-3.782562255859375,2.9480133056640625
1784804906646787840,9.29728102684021,0.9347991943359375,-2.3542327880859375,3.079986572265625
1784804906656707840,9.307200908660889,0.1614532470703125,0.37701416015625,0.883453369140625
1784804906666626816,9.317119836807251,-0.099334716796875,0.320037841796875,1.189544677734375
1784804906676545792,9.327039003372192,-0.11279296875,-0.7569732666015625,0.92828369140625
1784804906686465792,9.336958885192871,0.481597900390625,-1.475311279296875,0.8646392822265625
1784804906696385024,9.346878051757812,0.394622802734375,-1.843658447265625,1.29205322265625
1784804906706304768,9.356797933578491,0.1895599365234375,-1.675689697265625,1.392486572265625
1784804906716223744,9.366716861724854,0.0789947509765625,-1.2344818115234375,1.209625244140625
1784804906726142976,9.376636028289795,0.003173828125,-0.87762451171875,0.8572845458984375
1784804906736062720,9.386555910110474,-0.0522613525390625,-0.5378570556640625,0.853668212890625
1784804906745981696,9.396474838256836,-0.153656005859375,-0.4046478271484375,0.707183837890625
1784804906755901696,9.406394958496094,-0.2183380126953125,-0.614227294921875,0.3831939697265625
1784804906765820672,9.416313886642456,-0.0753173828125,-1.17864990234375,0.089691162109375
1784804906775740928,9.426234006881714,-0.1147613525390625,-1.2953338623046875,0.26739501953125
1784804906785659904,9.436152935028076,-0.1572113037109375,-1.3423309326171875,0.291839599609375
1784804906795578624,9.446071863174438,-0.1657562255859375,-1.267730712890625,0.5144500732421875
1784804906805498880,9.455991983413696,-0.0047454833984375,-0.9596099853515625,0.6560821533203125
1784804906815417856,9.465910911560059,0.2386016845703125,-0.8931121826171875,0.745208740234375
1784804906825337856,9.475831031799316,0.2828216552734375,-0.8406524658203125,0.4273681640625
1784804906835256832,9.485749959945679,0.53228759765625,-0.9166412353515625,0.40728759765625
1784804906845175808,9.495668888092041,0.795135498046875,-1.18475341796875,0.213897705078125
1784804906855095808,9.505589008331299,0.9496917724609375,-1.174652099609375,0.3480987548828125
1784804906865014784,9.515507936477661,0.9210205078125,-1.19268798828125,0.2427520751953125
1784804906874934784,9.525428056716919,0.927215576171875,-1.2172393798828125,0.2056121826171875
1784804906884853760,9.535346984863281,0.8481597900390625,-1.076019287109375,0.0615081787109375
1784804906894773760,9.54526686668396,0.759429931640625,-1.188018798828125,-0.1180267333984375
1784804906904692992,9.555186033248901,0.6667633056640625,-1.5634613037109375,-0.1970672607421875
1784804906914611712,9.565104961395264,0.8168792724609375,-1.60443115234375,-0.24481201171875
1784804906924531712,9.575024843215942,0.810943603515625,-1.510223388671875,-0.1785736083984375
1784804906934450944,9.584944009780884,0.75213623046875,-1.17254638671875,-0.2423553466796875
1784804906944370688,9.594863891601562,0.541107177734375,-0.6561279296875,-0.357574462890625
1784804906954289920,9.604783058166504,0.1647491455078125,-0.129058837890625,-0.4529571533203125
1784804906964208896,9.614701986312866,0.1352691650390625,0.1738128662109375,-0.8576507568359375
1784804906974128640,9.624621868133545,0.042572021484375,-0.0712890625,-1.1804351806640625
1784804906984047360,9.634540557861328,0.0612640380859375,-0.8093719482421875,-1.252960205078125
1784804906993967616,9.644460678100586,-0.049591064453125,-1.439453125,-1.14190673828125
1784804907003886336,9.654379606246948,-0.04864501953125,-1.720550537109375,-1.1846923828125
1784804907013806336,9.664299488067627,-0.157012939453125,-1.7181243896484375,-1.26629638671875
1784804907023725568,9.674218654632568,-0.0745086669921875,-1.475830078125,-1.2900848388671875
1784804907033644544,9.68413758277893,-0.068389892578125,-1.61041259765625,-1.165618896484375
1784804907043564288,9.69405746459961,0.0475006103515625,-1.590545654296875,-0.9118804931640625
1784804907053483520,9.70397663116455,0.362640380859375,-1.984466552734375,-0.8589630126953125
1784804907063403264,9.71389651298523,0.4097900390625,-2.2800140380859375,-0.8468475341796875
1784804907073322496,9.723815679550171,0.4322052001953125,-2.3326263427734375,-0.671112060546875
1784804907083241472,9.733734607696533,0.3445892333984375,-2.1639556884765625,-0.6811065673828125
1784804907093161472,9.743654489517212,0.352142333984375,-1.872711181640625,-0.6991729736328125
1784804907103080448,9.753573656082153,0.4987335205078125,-1.6997222900390625,-0.76702880859375
1784804907113000448,9.763493537902832,0.7488861083984375,-1.7389678955078125,-0.7050933837890625
1784804907122919424,9.773412466049194,0.8097381591796875,-2.0424652099609375,-0.6096954345703125
1784804907132839424,9.783332586288452,0.6830902099609375,-2.53070068359375,-0.6424560546875
1784804907142758400,9.793251514434814,0.527069091796875,-2.6240234375,-0.554473876953125
1784804907152677632,9.803170680999756,0.55206298828125,-2.5340728759765625,-0.4722137451171875
1784804907162597376,9.813090562820435,0.82708740234375,-2.699951171875,-0.81561279296875
1784804907172516352,9.823009490966797,1.086669921875,-2.5850677490234375,-0.9933319091796875
1784804907182436352,9.832929611206055,1.1664886474609375,-2.195068359375,-0.9573974609375
1784804907192355328,9.842848539352417,0.8188629150390625,-1.7795257568359375,-1.2321929931640625
1784804907202274304,9.85276746749878,0.367706298828125,-1.30145263671875,-1.406005859375
1784804907212194560,9.862687587738037,0.245086669921875,-0.8042449951171875,-1.0159759521484375
1784804907222113280,9.8726065158844,-0.229736328125,-0.373687744140625,-0.6578369140625
1784804907232033536,9.882526636123657,-0.4398193359375,-0.034393310546875,-0.4693450927734375
1784804907241952512,9.89244556427002,-0.218780517578125,0.148284912109375,-0.2814483642578125
1784804907251871232,9.902364492416382,-0.219451904296875,0.390655517578125,0.4388580322265625
1784804907261791488,9.91228461265564,-0.5633697509765625,0.470672607421875,0.5748138427734375
1784804907271710464,9.922203540802002,-0.293853759765625,0.4221038818359375,0.3810272216796875
1784804907281630464,9.93212366104126,0.0903167724609375,0.8272857666015625,0.7031707763671875
1784804907291549440,9.942042589187622,-0.208465576171875,0.4981536865234375,0.46990966796875
1784804907301469440,9.9519624710083,0.2814788818359375,-0.21954345703125,0.3092803955078125
1784804907311388416,9.961881637573242,1.19500732421875,0.3981170654296875,0.6549224853515625
1784804907321307392,9.971800565719604,1.358734130859375,1.406036376953125,0.4029541015625
1784804907331227648,9.981720685958862,0.4937744140625,1.3081512451171875,-0.675018310546875
1784804907341146368,9.991639614105225,0.9178466796875,1.3450164794921875,-1.12249755859375
1784804907351066368,10.001559495925903,1.38409423828125,0.8068389892578125,-1.5694580078125
1784804907360985600,10.011478662490845,1.4741058349609375,0.186981201171875,-1.327392578125
1784804907370904320,10.021397590637207,1.5275421142578125,-0.6946258544921875,-1.6668853759765625
1784804907380824320,10.031317472457886,1.19244384765625,-0.377899169921875,-1.859161376953125
1784804907390743552,10.041236639022827,1.32098388671875,0.474945068359375,-2.578765869140625
1784804907400663296,10.051156520843506,1.70068359375,0.63092041015625,-2.73077392578125
1784804907410582528,10.061075687408447,2.1616058349609375,-0.1613922119140625,-2.8980560302734375
1784804907420502528,10.070995569229126,2.3058013916015625,-0.8330535888671875,-3.0773162841796875
1784804907430421248,10.080914497375488,1.7525482177734375,-1.4520263671875,-3.1811676025390625
1784804907440340480,10.09083366394043,1.3702545166015625,-1.312042236328125,-2.683197021484375
1784804907450260480,10.100753545761108,1.243988037109375,-1.52447509765625,-2.364105224609375
1784804907460179456,10.11067247390747,1.1696624755859375,-1.718780517578125,-2.1878509521484375
1784804907470099456,10.120592594146729,1.0037689208984375,-1.591796875,-2.02069091796875
1784804907480018432,10.13051152229309,1.16845703125,-1.4981842041015625,-1.81402587890625
1784804907489937664,10.140430688858032,1.0899505615234375,-1.4746246337890625,-1.7537994384765625
1784804907499857408,10.150350570678711,1.1226654052734375,-1.5822906494140625,-1.77471923828125
1784804907509776384,10.160269498825073,1.2762603759765625,-1.55615234375,-1.4139251708984375
1784804907519696384,10.170189619064331,0.9136505126953125,-1.7320556640625,-1.2360382080078125
1784804907529615360,10.180108547210693,1.1834564208984375,-1.8368988037109375,-0.7339630126953125
1784804907539535616,10.190028667449951,1.20306396484375,-2.1168212890625,-0.661102294921875
1784804907549454336,10.199947595596313,1.079620361328125,-2.0730438232421875,-0.3301239013671875
1784804907559373312,10.209866523742676,1.0971221923828125,-1.9654693603515625,0.013580322265625
1784804907569293568,10.219786643981934,0.9462432861328125,-2.06805419921875,0.0719146728515625
1784804907579212544,10.229705572128296,0.788330078125,-1.9284210205078125,0.0733184814453125
1784804907589132544,10.239625692367554,0.763671875,-1.696746826171875,-0.0577239990234375
1784804907599051520,10.249544620513916,0.83514404296875,-1.5625457763671875,-0.1691436767578125
1784804907608970496,10.259463548660278,1.0148468017578125,-1.1007843017578125,-0.4670257568359375
1784804907618890496,10.269383668899536,1.168731689453125,-0.6093902587890625,-0.7913665771484375
1784804907628809472,10.279302597045898,1.37701416015625,-0.494293212890625,-1.0630645751953125
1784804907638729216,10.289222478866577,1.514068603515625,-0.32635498046875,-1.134063720703125
1784804907648648448,10.299141645431519,1.634674072265625,-0.1959991455078125,-1.4992218017578125
1784804907658567424,10.30906057357788,1.453399658203125,-0.298553466796875,-1.579803466796875
1784804907668487424,10.31898045539856,1.0741119384765625,-0.8415374755859375,-1.3290863037109375
1784804907678406400,10.328899621963501,0.8952789306640625,-1.2854461669921875,-0.836273193359375
1784804907688326400,10.33881950378418,1.0922088623046875,-1.9590911865234375,-0.7322235107421875
1784804907698245632,10.348738670349121,1.26220703125,-2.341094970703125,-0.99957275390625
1784804907708165376,10.3586585521698,1.44378662109375,-1.3583221435546875,-1.2821807861328125
1784804907718084352,10.368577480316162,1.45404052734375,-1.16705322265625,-1.433563232421875
1784804907728003584,10.378496646881104,1.4443359375,-1.5277099609375,-1.51458740234375
1784804907737923328,10.388416528701782,1.848419189453125,-1.946929931640625,-1.211181640625
1784804907747842304,10.398335456848145,2.0738372802734375,-2.2909393310546875,-1.13916015625
1784804907757762560,10.408255577087402,1.801300048828125,-2.438018798828125,-1.2327728271484375
1784804907767681280,10.418174505233765,2.0576934814453125,-2.1223602294921875,-1.075958251953125
1784804907777601536,10.428094625473022,2.029327392578125,-1.8871002197265625,-0.8599090576171875
1784804907787520512,10.438013553619385,2.0326690673828125,-1.900360107421875,-0.6331787109375
1784804907797439232,10.447932481765747,2.0213470458984375,-1.7632904052734375,-0.35357666015625
1784804907807359488,10.457852602005005,2.072784423828125,-1.419158935546875,-0.0922698974609375
1784804907817278464,10.467771530151367,2.1314697265625,-0.805938720703125,0.1475372314453125
1784804907827198464,10.477691650390625,2.07733154296875,-0.0995330810546875,0.31640625
1784804907837117440,10.487610578536987,1.957366943359375,0.612518310546875,0.50909423828125
1784804907847036416,10.49752950668335,1.7286834716796875,1.1690826416015625,0.7230072021484375
1784804907856956416,10.507449626922607,1.3209228515625,1.5411529541015625,0.8035888671875
1784804907866875392,10.51736855506897,1.1042633056640625,1.6337738037109375,0.723663330078125
1784804907876795648,10.527288675308228,0.884613037109375,1.3254547119140625,0.5261383056640625
1784804907886714368,10.53720760345459,0.8675537109375,0.9384002685546875,0.454010009765625
1784804907896633344,10.547126531600952,0.94464111328125,0.5586395263671875,0.3064117431640625
1784804907906553600,10.55704665184021,1.0215606689453125,0.2523651123046875,0.234466552734375
1784804907916472320,10.566965579986572,1.0631866455078125,0.0723114013671875,0.2042999267578125
1784804907926392320,10.576885461807251,1.0647430419921875,-0.0444183349609375,0.2057952880859375
1784804907936311552,10.586804628372192,1.0341033935546875,-0.16925048828125,0.311553955078125
1784804907946231296,10.596724510192871,1.0847930908203125,-0.2873382568359375,0.310760498046875
1784804907956150528,10.606643676757812,1.191741943359375,-0.2804412841796875,0.2321319580078125
1784804907966069504,10.616562604904175,1.251953125,-0.1016693115234375,0.0922393798828125
1784804907975989248,10.626482486724854,1.308746337890625,0.0184478759765625,-0.1408538818359375
1784804907985909248,10.636402368545532,1.4194488525390625,-0.0775146484375,-0.14605712890625
1784804907995828992,10.646322250366211,1.4896697998046875,-0.443359375,-0.07147216796875
1784804908005748224,10.656241416931152,1.521728515625,-0.8842620849609375,0.0475006103515625
1784804908015667200,10.666160345077515,1.3761138916015625,-1.21051025390625,0.0969390869140625
1784804908025587200,10.676080465316772,1.237945556640625,-1.2571258544921875,0.2203521728515625
1784804908035506176,10.685999393463135,1.3544921875,-1.212860107421875,0.4223785400390625
1784804908045426176,10.695919275283813,1.6012725830078125,-1.20440673828125,0.5556182861328125
1784804908055345408,10.705838441848755,1.83172607421875,-1.14349365234375,0.6883087158203125
1784804908065265152,10.715758323669434,1.8271942138671875,-1.1809539794921875,0.8176422119140625
1784804908075184128,10.725677251815796,1.50152587890625,-1.2423553466796875,0.9588623046875
1784804908085103360,10.735596418380737,1.1990814208984375,-1.3412017822265625,1.2474517822265625
1784804908095023104,10.745516300201416,0.990753173828125,-1.4434661865234375,1.7569580078125
1784804908104942336,10.755435466766357,0.6271820068359375,-1.48431396484375,2.6309967041015625
1784804908114862080,10.765355348587036,0.196075439453125,-1.5715484619140625,3.358306884765625
1784804908124781056,10.775274276733398,0.167633056640625,-1.556549072265625,3.42779541015625
1784804908134700288,10.78519344329834,0.402435302734375,-1.4214935302734375,3.2589874267578125
1784804908144620288,10.795113325119019,0.347259521484375,-1.54766845703125,3.131500244140625
1784804908154539008,10.80503225326538,0.23236083984375,-1.8489990234375,3.059478759765625
1784804908164459264,10.814952373504639,0.12042236328125,-1.7765960693359375,2.7661285400390625
1784804908174378240,10.824871301651001,-0.0508880615234375,-2.5639495849609375,2.07073974609375
1784804908184298240,10.834791421890259,0.74859619140625,-1.4969940185546875,2.6308746337890625
1784804908194217216,10.844710350036621,0.255340576171875,-0.086669921875,0.9407501220703125
1784804908204136192,10.854629278182983,0.2369384765625,-0.463134765625,0.601226806640625
1784804908214056192,10.864549398422241,-0.348358154296875,-1.0657501220703125,0.311279296875
1784804908223975168,10.874468326568604,0.0880889892578125,-1.1678924560546875,0.6007080078125
1784804908233895424,10.884388446807861,0.276123046875,-1.1997222900390625,0.5323028564453125
1784804908243814144,10.894307374954224,0.2432708740234375,-1.0619354248046875,0.43988037109375
1784804908253733120,10.904226303100586,0.060089111328125,-0.772674560546875,0.4747161865234375
1784804908263653376,10.914146423339844,-0.201171875,-0.4984588623046875,0.4775543212890625
1784804908273572096,10.924065351486206,-0.326812744140625,-0.493316650390625,0.2736968994140625
1784804908283492352,10.933985471725464,-0.2168731689453125,-0.87615966796875,-0.11126708984375
1784804908293411328,10.943904399871826,-0.0681304931640625,-1.078338623046875,-0.0664825439453125
1784804908303330304,10.953823328018188,-0.0645904541015625,-1.0245361328125,0.07257080078125
1784804908313250304,10.963743448257446,-0.053436279296875,-1.0302276611328125,0.0069732666015625
1784804908323169280,10.973662376403809,0.03033447265625,-0.77008056640625,0.202423095703125
1784804908333089024,10.983582258224487,0.138702392578125,-0.66888427734375,0.2772674560546875
1784804908343008256,10.993501424789429,0.2205810546875,-0.850738525390625,0.33807373046875
1784804908352928256,11.003421306610107,0.1046295166015625,-1.127349853515625,0.5797119140625
1784804908362847232,11.013340473175049,0.38739013671875,-1.7147369384765625,0.4321746826171875
1784804908372766208,11.023259401321411,0.619171142578125,-2.1148834228515625,0.3381500244140625
1784804908382686208,11.03317928314209,0.7456512451171875,-1.95635986328125,0.5921783447265625
1784804908392605184,11.043098449707031,0.882598876953125,-1.656890869140625,0.461090087890625
1784804908402525184,11.05301833152771,0.96636962890625,-1.1538848876953125,0.422454833984375
1784804908412444160,11.062937259674072,0.9417724609375,-0.9846649169921875,0.1490936279296875
1784804908422363392,11.072856426239014,0.8961944580078125,-1.097137451171875,0.058929443359375
1784804908432283136,11.082776308059692,0.8608245849609375,-1.14361572265625,-0.0445709228515625
1784804908442202368,11.092695474624634,0.916473388671875,-1.20928955078125,-0.0494384765625
1784804908452122112,11.102615356445312,0.8434295654296875,-1.0071258544921875,-0.1706695556640625
1784804908462041088,11.112534284591675,0.762451171875,-0.6592559814453125,-0.2620849609375
1784804908471961344,11.122454404830933,0.409088134765625,-0.4511871337890625,-0.559906005859375
1784804908481880064,11.132373332977295,0.099456787109375,-0.1663360595703125,-0.8408050537109375
1784804908491799040,11.142292261123657,0.1359100341796875,-0.2212982177734375,-1.118316650390625
1784804908501719296,11.152212381362915,0.07421875,-0.5429229736328125,-1.26007080078125
1784804908511638272,11.162131309509277,-0.0313568115234375,-0.954620361328125,-1.2524261474609375
1784804908521558272,11.172051429748535,-0.143035888671875,-1.5146484375,-1.17840576171875
1784804908531477248,11.181970357894897,-0.2278289794921875,-1.793609619140625,-1.0750274658203125
1784804908541396224,11.19188928604126,-0.016815185546875,-1.445037841796875,-1.130950927734375
1784804908551316224,11.201809406280518,0.1604766845703125,-1.1594696044921875,-1.167022705078125
1784804908561235200,11.21172833442688,0.0859832763671875,-1.22418212890625,-1.0013427734375
1784804908571155200,11.221648454666138,-0.119842529296875,-1.5325927734375,-0.8897857666015625
1784804908581074176,11.2315673828125,-0.13555908203125,-1.8118896484375,-0.9666595458984375
1784804908590993152,11.241486310958862,-0.024993896484375,-2.000823974609375,-0.8215789794921875
1784804908600913408,11.25140643119812,0.2200775146484375,-2.0155487060546875,-0.6609344482421875
1784804908610832128,11.261325359344482,0.2156829833984375,-1.93328857421875,-0.4658355712890625
1784804908620752384,11.27124547958374,0.15802001953125,-1.787506103515625,-0.3391265869140625
1784804908630671360,11.281164407730103,0.138702392578125,-1.7180023193359375,-0.1423797607421875
1784804908640591104,11.291084289550781,0.1082611083984375,-1.748077392578125,-0.35235595703125
1784804908650510336,11.301003456115723,0.6551361083984375,-2.1574859619140625,-0.2124176025390625
1784804908660429312,11.310922384262085,0.4323577880859375,-2.1632843017578125,-0.726318359375
1784804908670349056,11.320842266082764,0.649261474609375,-2.2129364013671875,-0.3091278076171875
1784804908680268288,11.330761432647705,0.570037841796875,-2.4586944580078125,-0.505279541015625
1784804908690188288,11.340681314468384,0.590545654296875,-2.7304840087890625,-0.8182830810546875
1784804908700107264,11.350600481033325,0.70550537109375,-2.5427398681640625,-0.8734130859375
1784804908710026240,11.360519409179688,0.8575592041015625,-2.117401123046875,-0.828033447265625
1784804908719946240,11.370439291000366,0.6154937744140625,-1.6707916259765625,-0.8070220947265625
1784804908729865216,11.380358457565308,0.5572052001953125,-1.6945343017578125,-0.8668365478515625
1784804908739785216,11.390278339385986,0.7336273193359375,-1.920867919921875,-0.7700347900390625
1784804908749704192,11.400197267532349,0.8662109375,-1.9327392578125,-0.39923095703125
1784804908759623168,11.41011643409729,0.9122772216796875,-1.7779693603515625,-0.0235137939453125
1784804908769543168,11.420036315917969,0.59222412109375,-1.469390869140625,-0.2328643798828125
1784804908779462400,11.42995548248291,0.388580322265625,-0.588104248046875,0.0554962158203125
1784804908789382144,11.439875364303589,0.168731689453125,-0.0262908935546875,0.25177001953125
1784804908799301120,11.449794292449951,0.2799224853515625,0.6196746826171875,0.397857666015625
1784804908809221376,11.459714412689209,-0.0258331298828125,1.4424896240234375,0.113922119140625
1784804908819140096,11.469633340835571,-0.8045806884765625,1.546966552734375,0.037933349609375
1784804908829059072,11.479552268981934,-0.88238525390625,1.3541412353515625,0.1154937744140625
1784804908838979328,11.489472389221191,0.11798095703125,0.8036346435546875,0.2768402099609375
1784804908848898048,11.499391317367554,0.296417236328125,-0.1348724365234375,0.223876953125
1784804908858818304,11.509311437606812,0.7322540283203125,0.189361572265625,0.68963623046875
1784804908868737280,11.519230365753174,1.0655975341796875,0.6984710693359375,0.1480560302734375
1784804908878656256,11.529149293899536,0.6126556396484375,1.1762237548828125,-0.795928955078125
1784804908888576256,11.539069414138794,1.0609588623046875,1.5301055908203125,-1.27471923828125
1784804908898495232,11.548988342285156,1.9550933837890625,0.9935760498046875,-1.78411865234375
1784804908908415232,11.558908462524414,2.4032135009765625,-0.079803466796875,-2.2757415771484375
1784804908918334208,11.568827390670776,2.4723358154296875,-0.6359100341796875,-2.4183807373046875
1784804908928254208,11.578747272491455,2.66943359375,-1.0937652587890625,-2.6535186767578125
1784804908938173184,11.588666439056396,2.46429443359375,-1.0977325439453125,-2.788604736328125
1784804908948092160,11.598585367202759,2.3834381103515625,-1.0118865966796875,-2.659454345703125
1784804908958012160,11.608505249023438,2.0343475341796875,-1.25189208984375,-2.578399658203125
1784804908967931392,11.618424415588379,1.7570953369140625,-1.8340606689453125,-2.359161376953125
1784804908977851136,11.628344297409058,1.575775146484375,-1.8708648681640625,-1.966644287109375
1784804908987769344,11.638262510299683,1.2235565185546875,-1.5522308349609375,-2.1137237548828125
1784804908997688576,11.648181676864624,1.160400390625,-1.1675872802734375,-2.3176116943359375
1784804909007608320,11.658101558685303,1.1147613525390625,-0.8897705078125,-2.596954345703125
1784804909017527296,11.668020486831665,1.13812255859375,-0.7970123291015625,-2.6067657470703125
1784804909027447552,11.677940607070923,1.0962371826171875,-0.824066162109375,-2.367279052734375
1784804909037366272,11.687859535217285,1.1002655029296875,-0.9569854736328125,-1.790283203125
1784804909047286528,11.697779655456543,0.952301025390625,-1.3130950927734375,-1.4046173095703125
1784804909057205504,11.707698583602905,0.893707275390625,-1.449249267578125,-1.2130126953125
1784804909067124480,11.717617511749268,0.924346923828125,-1.3290863037109375,-0.8486328125
1784804909077044480,11.727537631988525,0.73583984375,-1.5296173095703125,-0.8078155517578125
1784804909086963456,11.737456560134888,0.5321044921875,-1.619110107421875,-0.7190399169921875
1784804909096883456,11.747376680374146,0.552703857421875,-1.57098388671875,-0.8446502685546875
1784804909106802432,11.757295608520508,0.9233551025390625,-1.5283660888671875,-0.9414215087890625
1784804909116721408,11.76721453666687,1.283843994140625,-1.309783935546875,-0.8815460205078125
1784804909126641408,11.777134656906128,1.462127685546875,-0.94036865234375,-0.91107177734375
1784804909136560384,11.78705358505249,1.433258056640625,-0.749237060546875,-0.8612518310546875
1784804909146480384,11.796973466873169,1.5540618896484375,-0.5135345458984375,-0.7474822998046875
1784804909156399616,11.80689263343811,1.56573486328125,-0.44891357421875,-1.091064453125
1784804909166318336,11.816811561584473,1.564910888671875,-0.65362548828125,-1.147125244140625
1784804909176238592,11.82673168182373,1.6997833251953125,-0.7044219970703125,-0.9835052490234375
1784804909186157568,11.836650609970093,1.56475830078125,-0.75537109375,-0.3631134033203125
1784804909196077312,11.846570491790771,1.025634765625,-1.571685791015625,-0.12738037109375
1784804909205996544,11.856489658355713,0.624420166015625,-2.3302459716796875,0.01971435546875
1784804909215916288,11.866409540176392,1.29449462890625,-1.921539306640625,-1.0257720947265625
1784804909225835264,11.876328468322754,2.0781097412109375,-1.2796173095703125,-1.540985107421875
1784804909235754496,11.886247634887695,1.6603240966796875,-1.070831298828125,-1.7759552001953125
1784804909245674496,11.896167516708374,2.006134033203125,-1.2073211669921875,-1.8990325927734375
1784804909255593472,11.906086683273315,2.2955780029296875,-1.386871337890625,-1.8599090576171875
1784804909265513472,11.916006565093994,2.2891998291015625,-1.4531402587890625,-1.73028564453125
1784804909275432448,11.925925493240356,2.454864501953125,-1.4844970703125,-1.69598388671875
1784804909285351424,11.935844659805298,2.2766265869140625,-1.5664825439453125,-1.38433837890625
1784804909295271424,11.945764541625977,2.4618072509765625,-1.42529296875,-0.9405059814453125
1784804909305190400,11.955683469772339,2.0496063232421875,-1.4254608154296875,-0.7476959228515625
1784804909315110400,11.965603590011597,1.9580841064453125,-1.1175994873046875,-0.5277252197265625
1784804909325029376,11.975522518157959,1.889068603515625,-0.6689605712890625,-0.306793212890625
1784804909334948608,11.9854416847229,1.83740234375,-0.2061309814453125,-0.0115509033203125
1784804909344868352,11.995361566543579,1.760162353515625,0.2675323486328125,0.2095947265625
1784804909354787328,12.005280494689941,1.6900787353515625,0.72998046875,0.4384307861328125
1784804909364707584,12.0152006149292,1.5386810302734375,1.084930419921875,0.5648956298828125
1784804909374626304,12.025119543075562,1.337249755859375,1.1321563720703125,0.4893035888671875
1784804909384546560,12.03503966331482,1.1614532470703125,0.9092559814453125,0.380340576171875
1784804909394465536,12.044958591461182,1.1185760498046875,0.6573333740234375,0.4190673828125
1784804909404384256,12.054877519607544,1.1746978759765625,0.40850830078125,0.3475494384765625
1784804909414304512,12.064797639846802,1.20751953125,0.1618804931640625,0.3027191162109375
1784804909424223488,12.074716567993164,1.1607666015625,-0.00592041015625,0.31787109375
1784804909434143488,12.084636688232422,1.1747589111328125,-0.067047119140625,0.371734619140625
1784804909444062464,12.094555616378784,1.2728424072265625,-0.0964508056640625,0.319732666015625
1784804909453981440,12.104474544525146,1.3696441650390625,-0.176971435546875,0.3528594970703125
1784804909463901440,12.114394664764404,1.472625732421875,-0.3906097412109375,0.402008056640625
1784804909473820416,12.124313592910767,1.4496917724609375,-0.6534576416015625,0.411468505859375
1784804909483740416,12.134233474731445,1.2998504638671875,-0.6891021728515625,0.30224609375
1784804909493659392,12.144152641296387,1.119842529296875,-0.524505615234375,0.096466064453125
1784804909503579392,12.154072523117065,1.1097259521484375,-0.39508056640625,-0.140655517578125
1784804909513498624,12.163991689682007,1.298980712890625,-0.4418792724609375,-0.17510986328125
1784804909523417600,12.17391061782837,1.4523773193359375,-0.6553955078125,-0.0145263671875
1784804909533337344,12.183830499649048,1.4668121337890625,-0.8352203369140625,0.1122589111328125
1784804909543256576,12.19374966621399,1.4643707275390625,-0.8796844482421875,0.1790313720703125
1784804909553176320,12.203669548034668,1.4121856689453125,-0.8935394287109375,0.212921142578125
1784804909563095296,12.21358847618103,1.467254638671875,-0.977752685546875,0.462493896484375
1784804909573014528,12.223507642745972,1.6318511962890625,-1.3636627197265625,0.931182861328125
1784804909582934272,12.23342752456665,1.584869384765625,-1.94818115234375,1.5238037109375
1784804909592853504,12.243346691131592,1.291778564453125,-2.3954925537109375,1.98431396484375
1784804909602773504,12.25326657295227,1.08026123046875,-2.40875244140625,2.0505218505859375
1784804909612692480,12.263185501098633,0.995269775390625,-1.986663818359375,1.8871307373046875
1784804909622611456,12.273104667663574,0.8919830322265625,-1.6083984375,1.854827880859375
1784804909632531456,12.283024549484253,0.799652099609375,-1.5722808837890625,1.8933563232421875
1784804909642450432,12.292943477630615,0.6007537841796875,-1.7942962646484375,2.0473785400390625
1784804909652370432,12.302863597869873,0.423004150390625,-2.29498291015625,2.1290130615234375
1784804909662289408,12.312782526016235,0.5063629150390625,-3.88653564453125,2.5126953125
1784804909672209408,12.322702646255493,0.1681671142578125,-4.2006683349609375,3.9735870361328125
1784804909682128384,12.332621574401855,0.3694000244140625,-0.936370849609375,1.8093414306640625
1784804909692047360,12.342540502548218,-0.183868408203125,-0.1660919189453125,1.7537841796875
1784804909701967360,12.352460622787476,-0.3897705078125,-0.5858306884765625,1.3340606689453125
1784804909711886336,12.362379550933838,0.028839111328125,-1.0679473876953125,0.918304443359375
1784804909721806592,12.372299671173096,0.3016357421875,-1.538909912109375,0.936798095703125
1784804909731725568,12.382218599319458,0.179351806640625,-1.6617279052734375,1.2706298828125
1784804909741644288,12.39213752746582,0.1942291259765625,-1.566192626953125,1.050445556640625
1784804909751564544,12.402057647705078,0.2079010009765625,-1.2168121337890625,0.9550933837890625
1784804909761483520,12.41197657585144,0.1736297607421875,-0.8190765380859375,0.875946044921875
1784804909771403264,12.42189645767212,-0.016754150390625,-0.5121307373046875,0.65350341796875
1784804909781322496,12.43181562423706,-0.27752685546875,-0.27044677734375,0.4333038330078125
1784804909791241472,12.441734552383423,-0.280120849609375,-0.395172119140625,0.282745361328125
1784804909801161472,12.45165467262268,-0.023193359375,-0.7828216552734375,0.185791015625
1784804909811080448,12.461573600769043,0.050201416015625,-0.94598388671875,0.4270477294921875
1784804909821000448,12.471493482589722,-0.21038818359375,-0.9164581298828125,0.5583953857421875
1784804909830919424,12.481412649154663,0.199127197265625,-0.8762054443359375,0.7933197021484375
1784804909840839424,12.491332530975342,0.0324249267578125,-1.1515350341796875,0.4602203369140625
1784804909850758400,12.501251459121704,0.0699462890625,-1.06103515625,0.631011962890625
1784804909860677376,12.511170625686646,0.1628875732421875,-1.1692047119140625,0.447662353515625
1784804909870597376,12.521090507507324,0.2532196044921875,-1.20849609375,0.4530487060546875
1784804909880516608,12.531009674072266,0.408050537109375,-1.3185577392578125,0.256744384765625
1784804909890436352,12.540929555892944,0.6068115234375,-1.191162109375,0.3673248291015625
1784804909900355328,12.550848484039307,0.8196868896484375,-1.04473876953125,0.2345123291015625
1784804909910274560,12.560767650604248,0.8334808349609375,-0.805145263671875,0.2731475830078125
1784804909920194304,12.570687532424927,0.754791259765625,-0.8110809326171875,0.0037689208984375
1784804909930113280,12.580606460571289,0.7410736083984375,-1.0186767578125,-0.1706085205078125
1784804909940033536,12.590526580810547,0.7422637939453125,-1.1486358642578125,-0.1195068359375
1784804909949952256,12.60044550895691,0.577728271484375,-1.146942138671875,-0.1114044189453125
1784804909959871488,12.61036467552185,0.4310302734375,-1.13232421875,-0.2138824462890625
1784804909969791488,12.62028455734253,0.4399871826171875,-1.03619384765625,-0.4603271484375
1784804909979710464,12.630203485488892,0.3804473876953125,-1.0181427001953125,-0.4897613525390625
1784804909989630720,12.640123844146729,0.33349609375,-0.845245361328125,-0.580963134765625
1784804909999549696,12.65004277229309,0.3521728515625,-0.6901092529296875,-0.714752197265625
1784804910009468672,12.659961938858032,0.2694091796875,-0.63311767578125,-0.8775787353515625
1784804910019388672,12.669881820678711,0.2436676025390625,-0.7146759033203125,-0.99383544921875
1784804910029307648,12.679800748825073,0.0598297119140625,-1.041595458984375,-1.094482421875
1784804910039227648,12.689720869064331,0.00225830078125,-1.2617340087890625,-1.19976806640625
1784804910049146624,12.699639797210693,0.0493621826171875,-1.4410858154296875,-1.13763427734375
1784804910059066880,12.709559917449951,0.0167999267578125,-1.5935211181640625,-1.1012115478515625
1784804910068985600,12.719478845596313,-0.0206756591796875,-1.5187835693359375,-0.957672119140625
1784804910078904576,12.729397773742676,0.082366943359375,-1.728851318359375,-1.2360687255859375
1784804910088824832,12.739317893981934,-0.1000213623046875,-1.81951904296875,-0.957000732421875
1784804910098743552,12.749236822128296,0.0582275390625,-1.6632537841796875,-0.9176483154296875
1784804910108663808,12.759156942367554,0.1167755126953125,-1.913848876953125,-0.8192291259765625
1784804910118582784,12.769075870513916,0.262939453125,-1.632843017578125,-0.58123779296875
1784804910128501760,12.778994798660278,0.23406982421875,-1.6773681640625,-0.6551055908203125
1784804910138421760,12.788914918899536,0.150909423828125,-1.6680755615234375,-0.5538787841796875
1784804910148340736,12.798833847045898,0.1048583984375,-1.78228759765625,-0.511322021484375
1784804910158260736,12.808753967285156,0.09417724609375,-2.099395751953125,-0.3456573486328125
1784804910168179712,12.818672895431519,0.1095123291015625,-2.72412109375,-0.5030517578125
1784804910178098688,12.82859182357788,0.31536865234375,-2.7313995361328125,-0.3909149169921875
1784804910188018688,12.838511943817139,0.5953369140625,-2.6594390869140625,-0.450164794921875
1784804910197937664,12.848430871963501,0.8983612060546875,-2.522064208984375,-0.3671112060546875
1784804910207857664,12.85835075378418,1.049041748046875,-2.3030853271484375,-0.3337554931640625
1784804910217776896,12.868269920349121,0.792144775390625,-2.250579833984375,-0.425506591796875
1784804910227696640,12.8781898021698,0.5305023193359375,-1.87908935546875,-0.6035003662109375
1784804910237615872,12.888108968734741,0.52197265625,-1.8764801025390625,-0.4526519775390625
1784804910247534848,12.898027896881104,0.65191650390625,-2.2482452392578125,-0.324462890625
1784804910257454592,12.907947778701782,0.5962677001953125,-2.1042938232421875,-0.6475982666015625
1784804910267373824,12.917866945266724,0.547882080078125,-1.412353515625,-0.6078643798828125
1784804910277293568,12.927786827087402,0.61279296875,-0.4227142333984375,-0.0405120849609375
1784804910287212544,12.937705755233765,0.5889434814453125,0.1552276611328125,-0.0760345458984375
1784804910297131776,12.947624921798706,-0.0176239013671875,0.3368682861328125,-0.4537200927734375
1784804910307051776,12.957544803619385,-0.28704833984375,0.922088623046875,-0.220977783203125
1784804910316970752,12.967463970184326,-0.48431396484375,1.0587921142578125,-0.042449951171875
1784804910326890752,12.977383852005005,-0.38153076171875,0.5768890380859375,0.179412841796875
1784804910336809728,12.987302780151367,-0.436126708984375,0.3221435546875,0.437042236328125
1784804910346728704,12.997221946716309,-0.3436126708984375,0.334075927734375,0.6233978271484375
1784804910356648704,13.007141828536987,0.236907958984375,0.066864013671875,0.63629150390625
1784804910366567680,13.01706075668335,0.9545440673828125,0.9212493896484375,0.873016357421875
1784804910376487680,13.026980876922607,0.9022369384765625,1.4457244873046875,0.0276031494140625
1784804910386406656,13.03689980506897,1.235595703125,0.7675323486328125,-1.3004913330078125
1784804910396325888,13.046818971633911,1.6643524169921875,-0.119293212890625,-1.3429107666015625
1784804910406245632,13.05673885345459,1.875396728515625,-0.651336669921875,-1.61871337890625
1784804910416164608,13.066657781600952,1.6095123291015625,0.3759613037109375,-1.9017791748046875
1784804910426084864,13.07657790184021,1.696380615234375,0.3687591552734375,-2.3004150390625
1784804910436003584,13.086496829986572,1.519775390625,-0.014404296875,-2.5216522216796875
1784804910445923840,13.09641695022583,1.4031219482421875,-0.5457000732421875,-2.58831787109375
1784804910455842816,13.106335878372192,1.2502593994140625,-0.8318939208984375,-2.6672515869140625
1784804910465761536,13.116254806518555,2.072235107421875,-0.914825439453125,-2.3981475830078125
1784804910475681792,13.126174926757812,2.264923095703125,-0.9763031005859375,-2.0662689208984375
1784804910485600768,13.136093854904175,1.9119720458984375,-1.3197174072265625,-2.303375244140625
1784804910495520768,13.146013975143433,1.778228759765625,-1.23114013671875,-2.0725860595703125
1784804910505439744,13.155932903289795,1.5715179443359375,-1.51361083984375,-1.94903564453125
1784804910515358720,13.165851831436157,1.4199066162109375,-1.7157745361328125,-1.8797454833984375
1784804910525278720,13.175771951675415,1.552978515625,-1.71075439453125,-1.7667388916015625
1784804910535197696,13.185690879821777,1.4039154052734375,-1.6596221923828125,-1.9763641357421875
1784804910545117696,13.195610761642456,1.295257568359375,-1.719024658203125,-2.3637542724609375
1784804910555036672,13.205529928207397,1.160858154296875,-1.666961669921875,-2.3023681640625
1784804910564956672,13.215449810028076,1.1755218505859375,-1.478424072265625,-1.9612579345703125
1784804910574875904,13.225368976593018,1.0601959228515625,-1.474700927734375,-1.507781982421875
1784804910584794880,13.23528790473938,1.06292724609375,-1.664398193359375,-0.74932861328125
1784804910594714624,13.245207786560059,0.9222412109375,-2.238128662109375,-0.1858978271484375
1784804910604633856,13.255126953125,0.8178253173828125,-2.419525146484375,-0.1364898681640625
1784804910614553600,13.265046834945679,0.9390869140625,-1.82421875,-0.09356689453125
1784804910624472576,13.274965763092041,0.9775238037109375,-1.4619293212890625,-0.14862060546875
1784804910634391808,13.284884929656982,1.0759429931640625,-1.286529541015625,-0.400848388671875
1784804910644311552,13.294804811477661,1.3973388671875,-0.926422119140625,-0.7393035888671875
1784804910654230784,13.304723978042603,1.4898223876953125,-0.694793701171875,-0.9385223388671875
1784804910664150784,13.314643859863281,1.6452484130859375,-0.674774169921875,-1.04376220703125
1784804910674069760,13.324562788009644,1.6994171142578125,-0.60040283203125,-1.08282470703125
1784804910683988736,13.334481954574585,1.691680908203125,-0.4857025146484375,-0.789886474609375
1784804910693908736,13.344401836395264,1.32586669921875,-0.7514495849609375,-0.5643463134765625
1784804910703827712,13.354320764541626,0.730255126953125,-2.2748870849609375,-0.8153533935546875
1784804910713747712,13.364240884780884,0.6210784912109375,-2.4505767822265625,-0.7635650634765625
1784804910723666688,13.374159812927246,1.5358123779296875,-1.8471832275390625,-1.240020751953125
1784804910733585920,13.384078979492188,1.96466064453125,-1.33819580078125,-1.234832763671875
1784804910743505664,13.393998861312866,2.4546966552734375,-1.1241302490234375,-1.5426788330078125
1784804910753424640,13.403917789459229,2.4024658203125,-1.472991943359375,-1.6975860595703125
1784804910763344640,13.413837909698486,2.1048736572265625,-1.881988525390625,-1.432281494140625
1784804910773263616,13.423756837844849,2.587371826171875,-2.198974609375,-0.9076995849609375
1784804910783183872,13.433676958084106,2.2223968505859375,-2.3474578857421875,-0.847564697265625
1784804910793102848,13.443595886230469,2.0984039306640625,-2.3522186279296875,-0.45379638671875
1784804910803021568,13.453514814376831,2.03839111328125,-2.2432708740234375,-0.2052764892578125
1784804910812941824,13.463434934616089,2.3541412353515625,-1.751373291015625,0.1942596435546875
1784804910822860800,13.473353862762451,2.0908355712890625,-1.327423095703125,0.3011016845703125
1784804910832780800,13.483273983001709,2.108795166015625,-0.5180816650390625,0.614532470703125
1784804910842699776,13.493192911148071,2.083160400390625,0.3400115966796875,0.7647552490234375
1784804910852618752,13.503111839294434,2.01678466796875,1.0960693359375,0.7415618896484375
1784804910862538752,13.513031959533691,1.77935791015625,1.7498321533203125,0.7461700439453125
1784804910872457728,13.522950887680054,1.4371795654296875,2.0472564697265625,0.6226959228515625
1784804910882377728,13.532870769500732,1.1114959716796875,1.839874267578125,0.543060302734375
1784804910892296704,13.542789936065674,0.9393310546875,1.3795013427734375,0.5441436767578125
1784804910902215680,13.552708864212036,0.9596099853515625,0.904571533203125,0.40313720703125
1784804910912135936,13.562628984451294,1.0050048828125,0.5465850830078125,0.1443023681640625
1784804910922054656,13.572547912597656,1.0537567138671875,0.3887481689453125,-0.0337066650390625
1784804910931974656,13.582467794418335,1.0751800537109375,0.30322265625,-0.083038330078125
1784804910941893888,13.592386960983276,1.1711273193359375,0.1757049560546875,-0.00103759765625
1784804910951812864,13.602305889129639,1.35406494140625,-0.0121002197265625,0.1432952880859375
1784804910961732608,13.612225770950317,1.50244140625,-0.319000244140625,0.3248748779296875
1784804910971651840,13.622144937515259,1.595733642578125,-0.6750030517578125,0.5245819091796875
1784804910981571584,13.632064819335938,1.551727294921875,-0.8297576904296875,0.523834228515625
1784804910991491072,13.641984224319458,1.400604248046875,-0.6152801513671875,0.306976318359375
1784804911001411072,13.651904344558716,1.3076019287109375,-0.3428955078125,-0.05181884765625
1784804911011330048,13.661823272705078,1.3412322998046875,-0.3071136474609375,-0.204681396484375
1784804911021249280,13.67174243927002,1.4955596923828125,-0.5041961669921875,-0.0966339111328125
1784804911031169280,13.681662321090698,1.691497802734375,-0.82220458984375,0.3687286376953125
1784804911041088000,13.69158124923706,1.791656494140625,-1.297943115234375,0.641845703125
1784804911051008256,13.701501369476318,1.744781494140625,-1.603424072265625,0.7240142822265625
1784804911060927232,13.71142029762268,1.5850830078125,-1.4909515380859375,0.640625
1784804911070846208,13.721339225769043,1.324005126953125,-1.1467132568359375,0.5811614990234375
1784804911080766208,13.7312593460083,1.0555877685546875,-1.071319580078125,0.7126617431640625
1784804911090685184,13.741178274154663,1.2335968017578125,-1.2505340576171875,0.8718719482421875
1784804911100605184,13.751098394393921,1.6090850830078125,-1.43292236328125,1.176300048828125
1784804911110524160,13.761017322540283,1.3144073486328125,-1.540557861328125,1.90643310546875
1784804911120444416,13.770937442779541,0.930267333984375,-1.8593902587890625,2.777801513671875
1784804911130363136,13.780856370925903,0.825714111328125,-2.1096649169921875,3.2613525390625
1784804911140282112,13.790775299072266,0.6979217529296875,-2.1917572021484375,3.58587646484375
1784804911150202368,13.800695419311523,0.3925933837890625,-2.3946990966796875,3.9257354736328125
1784804911160121088,13.810614347457886,0.2335052490234375,-3.0549163818359375,3.566497802734375
1784804911170041088,13.820534229278564,0.3820343017578125,-4.355621337890625,2.6828765869140625
1784804911179960320,13.830453395843506,0.9169769287109375,-1.3150787353515625,2.484710693359375
1784804911189879296,13.840372323989868,-0.060150146484375,0.1753387451171875,0.375
1784804911199799040,13.850292205810547,-0.2234954833984375,-0.844146728515625,0.1634521484375
1784804911209718272,13.860211372375488,-0.4804534912109375,-1.51422119140625,0.51068115234375
1784804911219638016,13.870131254196167,-0.0469970703125,-1.8852386474609375,0.8774566650390625
1784804911229557248,13.880050420761108,-0.1709747314453125,-1.923797607421875,0.982757568359375
1784804911239476224,13.88996934890747,-0.284332275390625,-1.16864013671875,1.2379913330078125
1784804911249395968,13.89988923072815,-0.2859649658203125,-0.4376220703125,1.1605224609375
1784804911259315200,13.90980839729309,-0.2008056640625,-0.1738739013671875,0.7857208251953125
1784804911269235200,13.91972827911377,-0.0534210205078125,-0.036407470703125,0.3620147705078125
1784804911279154176,13.929647207260132,0.054046630859375,-0.0336456298828125,0.2469940185546875
1784804911289073152,13.939566373825073,0.1470489501953125,-0.4432220458984375,0.225128173828125
1784804911298993152,13.949486255645752,0.162841796875,-0.9929962158203125,0.2286224365234375
1784804911308912384,13.959405422210693,0.1456146240234375,-1.3930206298828125,0.23101806640625
1784804911318832128,13.969325304031372,0.131317138671875,-1.50909423828125,0.1811981201171875
1784804911328751104,13.979244232177734,-0.032318115234375,-1.1882476806640625,0.3355255126953125
1784804911338670336,13.989163398742676,-0.1872406005859375,-0.8798065185546875,0.4805755615234375
1784804911348590080,13.999083280563354,0.0760345458984375,-0.8238372802734375,0.34332275390625
1784804911358509056,14.009002208709717,0.214080810546875,-0.9486541748046875,0.28558349609375
1784804911368429056,14.018922328948975,0.354949951171875,-1.103118896484375,0.5369720458984375
1784804911378348032,14.028841257095337,0.53704833984375,-1.1259765625,0.6754150390625
1784804911388268288,14.038761377334595,0.741973876953125,-0.8791656494140625,0.74554443359375
1784804911398187264,14.048680305480957,0.8132476806640625,-0.9006195068359375,0.5014190673828125
1784804911408105984,14.05859923362732,0.769317626953125,-1.149017333984375,0.3069000244140625
1784804911418026240,14.068519353866577,0.9222259521484375,-1.4380645751953125,0.183990478515625
1784804911427945216,14.07843828201294,0.885833740234375,-1.76422119140625,-0.0113067626953125
1784804911437865216,14.088358402252197,0.8161468505859375,-1.5667724609375,-0.0480804443359375
1784804911447784192,14.09827733039856,0.794677734375,-1.0233306884765625,-0.1298828125
1784804911457703168,14.108196258544922,0.6036224365234375,-0.7978515625,-0.21490478515625
1784804911467623168,14.11811637878418,0.4851837158203125,-0.72802734375,-0.4997100830078125
1784804911477542144,14.128035306930542,0.204925537109375,-0.6941680908203125,-0.7033233642578125
1784804911487462400,14.1379554271698,0.1837921142578125,-0.8501434326171875,-0.8733673095703125
1784804911497381120,14.147874355316162,0.3463134765625,-0.983123779296875,-1.0909271240234375
1784804911507300096,14.157793283462524,0.2455902099609375,-1.005126953125,-1.32354736328125
1784804911517220352,14.167713403701782,0.1775054931640625,-0.9841766357421875,-1.4024505615234375
1784804911527139072,14.177632331848145,0.157470703125,-1.246490478515625,-1.0224609375
1784804911537059072,14.187552213668823,0.104156494140625,-1.483428955078125,-0.6184539794921875
1784804911546978304,14.197471380233765,0.0756683349609375,-1.615509033203125,-0.39398193359375
1784804911556897280,14.207390308380127,0.157318115234375,-2.0082550048828125,-0.5235137939453125
1784804911566817280,14.217310428619385,-0.019927978515625,-1.97198486328125,-0.5522003173828125
1784804911576736256,14.227229356765747,0.2997283935546875,-1.7892608642578125,-0.6016998291015625
1784804911586656000,14.237149238586426,0.6190643310546875,-2.0031890869140625,-0.807525634765625
1784804911596575232,14.247068405151367,0.8299560546875,-1.6717987060546875,-0.512420654296875
1784804911606494208,14.25698733329773,0.7999114990234375,-2.0159759521484375,-0.4632568359375
1784804911616413952,14.266907215118408,0.61785888671875,-2.3758544921875,-0.4468994140625
1784804911626333184,14.27682638168335,0.3856964111328125,-2.6399993896484375,-0.3625030517578125
1784804911636253184,14.286746263504028,0.3035125732421875,-2.497039794921875,-0.38165283203125
1784804911646172160,14.29666543006897,0.5056915283203125,-2.063751220703125,-0.5460205078125
1784804911656092160,14.306585311889648,0.7278900146484375,-1.8206329345703125,-0.848785400390625
1784804911666011136,14.31650424003601,0.999725341796875,-1.730072021484375,-0.95867919921875
1784804911675930368,14.326423406600952,1.378265380859375,-1.6873626708984375,-1.255645751953125
1784804911685850112,14.33634328842163,1.3256072998046875,-1.87933349609375,-1.460052490234375
1784804911695769088,14.346262216567993,0.849853515625,-2.0585479736328125,-1.572113037109375
1784804911705689088,14.356182336807251,0.7068328857421875,-2.2591094970703125,-1.59295654296875
1784804911715608064,14.366101264953613,0.5702362060546875,-1.867706298828125,-1.4719390869140625
1784804911725527296,14.376020431518555,0.5039520263671875,-1.441009521484375,-1.2410125732421875
1784804911735447296,14.385940313339233,0.387115478515625,-1.383880615234375,-1.0610504150390625
1784804911745366016,14.395859241485596,0.580230712890625,-0.9733123779296875,-0.82318115234375
1784804911755286272,14.405779361724854,0.322601318359375,-0.6127471923828125,-0.5098114013671875
1784804911765205248,14.415698289871216,0.1903228759765625,-0.7185516357421875,-0.355377197265625
1784804911775123968,14.425617218017578,0.2409210205078125,-0.48602294921875,-0.297760009765625
1784804911785044224,14.435537338256836,0.1919097900390625,0.309356689453125,-0.238861083984375
1784804911794963200,14.445456266403198,0.18426513671875,0.9025726318359375,-0.05950927734375
1784804911804883200,14.455376386642456,0.1166839599609375,0.7645263671875,0.2406005859375
1784804911814802176,14.465295314788818,-0.202728271484375,0.7935638427734375,0.59271240234375
1784804911824721152,14.47521424293518,-0.2946929931640625,1.177398681640625,0.48162841796875
1784804911834641152,14.485134363174438,0.2299652099609375,0.4247589111328125,-0.2576751708984375
1784804911844560128,14.4950532913208,0.1649932861328125,0.0855255126953125,-0.2724151611328125
1784804911854480384,14.504973411560059,0.6389312744140625,0.16937255859375,-0.138031005859375
1784804911864399104,14.514892339706421,0.5891265869140625,0.774078369140625,-0.4269866943359375
1784804911874319104,14.5248122215271,0.9632110595703125,0.873291015625,-0.7285614013671875
1784804911884238336,14.534731388092041,1.2615509033203125,0.5430145263671875,-1.1589508056640625
1784804911894157056,14.544650316238403,1.8224029541015625,0.273101806640625,-1.6632843017578125
1784804911904077312,14.554570436477661,2.2508544921875,-0.163848876953125,-1.9644317626953125
1784804911913996288,14.564489364624023,2.1177978515625,-0.768402099609375,-2.2384185791015625
1784804911923916032,14.574409246444702,1.987823486328125,-1.145233154296875,-2.4160308837890625
1784804911933835264,14.584328413009644,1.952911376953125,-1.372589111328125,-2.5110321044921875
1784804911943754240,14.594247341156006,1.7308349609375,-1.282135009765625,-2.672149658203125
1784804911953673984,14.604167222976685,1.528961181640625,-1.0814208984375,-2.8018951416015625
1784804911963593216,14.614086389541626,1.358642578125,-1.1157989501953125,-2.5281524658203125
1784804911973513216,14.624006271362305,1.3186798095703125,-1.2073974609375,-2.2448272705078125
1784804911983432192,14.633925437927246,1.15252685546875,-1.3514251708984375,-2.1372222900390625
1784804911993351168,14.643844366073608,1.0099639892578125,-1.4088287353515625,-2.1240081787109375
1784804912003271424,14.653764486312866,1.0867767333984375,-1.43902587890625,-2.200042724609375
1784804912013190144,14.663683414459229,1.1962127685546875,-1.5519866943359375,-1.9369354248046875
1784804912023110400,14.673603534698486,0.9129638671875,-1.88885498046875,-1.432098388671875
1784804912033029376,14.683522462844849,0.98919677734375,-2.1389923095703125,-0.779693603515625
1784804912042949120,14.693442344665527,1.00494384765625,-2.444000244140625,-0.4090118408203125
1784804912052868352,14.703361511230469,1.0164794921875,-2.5309295654296875,-0.3651885986328125
1784804912062787328,14.713280439376831,1.1369171142578125,-2.1403045654296875,-0.3030548095703125
1784804912072707328,14.723200559616089,1.09136962890625,-1.93463134765625,-0.3249359130859375
1784804912082626304,14.733119487762451,0.8219451904296875,-1.80169677734375,-0.531494140625
1784804912092546304,14.74303936958313,0.829010009765625,-1.39947509765625,-0.743194580078125
1784804912102465280,14.752958536148071,1.038665771484375,-0.930908203125,-1.0606689453125
1784804912112384256,14.762877464294434,1.325927734375,-0.55206298828125,-1.2550506591796875
1784804912122304256,14.772797346115112,1.4648590087890625,-0.6256866455078125,-1.1744842529296875
1784804912132223488,14.782716512680054,1.6633758544921875,-0.9919891357421875,-0.9985504150390625
1784804912142143232,14.792636394500732,1.70916748046875,-0.962493896484375,-0.91851806640625
1784804912152062464,14.802555561065674,1.6461334228515625,-0.7957763671875,-0.962005615234375
1784804912161981440,14.812474489212036,1.458953857421875,-0.92279052734375,-0.8762359619140625
1784804912171901184,14.822394371032715,1.41473388671875,-0.5951690673828125,-0.408355712890625
1784804912181820416,14.832313537597656,0.990447998046875,-1.5464019775390625,-1.0108642578125
1784804912191740160,14.842233419418335,1.090728759765625,-1.93292236328125,-1.9556732177734375
1784804912201659136,14.852152347564697,1.54791259765625,-1.2938385009765625,-1.5591888427734375
1784804912211578368,14.862071514129639,1.872406005859375,-1.04730224609375,-1.712646484375
1784804912221498368,14.871991395950317,1.9456634521484375,-1.02947998046875,-1.331390380859375
1784804912231417344,14.881910562515259,2.0579071044921875,-1.3835601806640625,-1.0208587646484375
1784804912241337344,14.891830444335938,1.9882049560546875,-1.939117431640625,-1.1061248779296875
1784804912251256320,14.9017493724823,1.9857330322265625,-2.06243896484375,-1.162567138671875
1784804912261175296,14.911668539047241,2.260223388671875,-2.0005645751953125,-1.1693572998046875
1784804912271095296,14.92158842086792,2.3421173095703125,-1.869293212890625,-1.020599365234375
1784804912281014272,14.931507349014282,2.2119598388671875,-1.72784423828125,-0.7308502197265625
1784804912290934272,14.94142746925354,2.1202850341796875,-1.5531158447265625,-0.38018798828125
1784804912300853248,14.951346397399902,2.082061767578125,-1.2364501953125,0.0064849853515625
1784804912310773248,14.96126651763916,2.0773773193359375,-0.7451934814453125,0.3606109619140625
1784804912320692224,14.971185445785522,1.987945556640625,-0.19384765625,0.5927581787109375
1784804912330611200,14.981104373931885,1.8628387451171875,0.3940277099609375,0.748931884765625
1784804912340531456,14.991024494171143,1.637969970703125,0.9666748046875,0.8693084716796875
1784804912350450176,15.000943422317505,1.4405364990234375,1.3684539794921875,0.94378662109375
1784804912360370432,15.010863542556763,1.1586761474609375,1.5293121337890625,0.9436492919921875
1784804912370289408,15.020782470703125,0.9809112548828125,1.4507598876953125,0.7564239501953125
1784804912380208128,15.030701398849487,0.8788604736328125,1.190948486328125,0.50091552734375
1784804912390128384,15.040621519088745,0.85308837890625,0.7861480712890625,0.2986297607421875
1784804912400047360,15.050540447235107,0.87750244140625,0.3729248046875,0.1432952880859375
1784804912409967360,15.060460567474365,0.9461212158203125,0.115966796875,0.1003875732421875
1784804912419886336,15.070379495620728,1.00360107421875,0.0001068115234375,0.1272735595703125
1784804912429805312,15.08029842376709,1.114349365234375,-0.1230010986328125,0.1853179931640625
1784804912439725312,15.090218544006348,1.25701904296875,-0.3842926025390625,0.29730224609375
1784804912449644288,15.10013747215271,1.3573150634765625,-0.53515625,0.3413238525390625
1784804912459564288,15.110057353973389,1.3256988525390625,-0.40570068359375,0.365325927734375
1784804912469483264,15.11997652053833,1.2834320068359375,-0.168487548828125,0.264312744140625
1784804912479403264,15.129896402359009,1.340240478515625,-0.1100006103515625,0.07373046875
1784804912489322240,15.139815330505371,1.470855712890625,-0.20562744140625,-0.003448486328125
1784804912499241472,15.149734497070312,1.6090240478515625,-0.367828369140625,0.0069122314453125
1784804912509161216,15.159654378890991,1.6419830322265625,-0.6528167724609375,0.1276092529296875
1784804912519080448,15.169573545455933,1.5728607177734375,-0.94207763671875,0.4134521484375
1784804912529000192,15.179493427276611,1.5740509033203125,-1.222503662109375,0.5851287841796875
1784804912538919168,15.189412355422974,1.6556396484375,-1.36993408203125,0.7017669677734375
1784804912548838400,15.199331521987915,1.6149139404296875,-1.3215789794921875,0.91278076171875
1784804912558758144,15.209251403808594,1.4116973876953125,-1.3245697021484375,1.0712432861328125
1784804912568677120,15.219170331954956,1.3526611328125,-1.3797760009765625,1.330169677734375
1784804912578597376,15.229090452194214,1.4302978515625,-1.3733978271484375,1.7016143798828125
1784804912588516352,15.239009380340576,1.16900634765625,-1.3042449951171875,2.21673583984375
1784804912598435328,15.248928546905518,0.905059814453125,-1.32293701171875,2.7514190673828125
1784804912608355328,15.258848428726196,0.7498016357421875,-1.5646514892578125,3.309539794921875
1784804912618274304,15.268767356872559,0.6580810546875,-1.81378173828125,3.741729736328125
1784804912628194304,15.278687477111816,0.475067138671875,-2.005523681640625,4.01849365234375
1784804912638113280,15.288606405258179,-0.2940826416015625,-2.3180084228515625,3.9498443603515625
1784804912648032256,15.298525333404541,-0.43719482421875,-3.668243408203125,3.1371612548828125
1784804912657952256,15.308445453643799,1.5048370361328125,-1.6124267578125,3.2075958251953125
1784804912667871232,15.318364381790161,0.0753936767578125,0.3975067138671875,1.2757415771484375
1784804912677791232,15.328284502029419,-0.1174163818359375,-0.2102203369140625,0.8894805908203125
1784804912687710208,15.338203430175781,-0.5587158203125,-0.992706298828125,0.4747467041015625
1784804912697629184,15.348122358322144,0.1650238037109375,-1.344085693359375,0.8345184326171875
1784804912707549440,15.358042478561401,0.3554534912109375,-1.6043548583984375,0.9171905517578125
1784804912717468160,15.367961406707764,0.285736083984375,-1.539306640625,0.9008941650390625
1784804912727388416,15.377881526947021,0.2803955078125,-1.05950927734375,0.732940673828125
1784804912737307392,15.387800455093384,0.0644989013671875,-0.4171905517578125,0.5234832763671875
1784804912747226112,15.397719383239746,-0.2847442626953125,0.056976318359375,0.1913909912109375
1784804912757146368,15.407639503479004,-0.3974761962890625,0.130126953125,-0.238616943359375
1784804912767065344,15.417558431625366,-0.13726806640625,-0.483001708984375,-0.3660736083984375
1784804912776985344,15.427478551864624,-0.027313232421875,-1.0756072998046875,-0.077423095703125
1784804912786904320,15.437397480010986,-0.09100341796875,-1.2106781005859375,0.1586456298828125
1784804912796824320,15.447317361831665,-0.2149200439453125,-0.9279937744140625,0.305999755859375
1784804912806743296,15.457236528396606,-0.181610107421875,-0.798828125,0.2647247314453125
1784804912816662272,15.467155456542969,0.041107177734375,-0.877655029296875,0.2266845703125
1784804912826582272,15.477075338363647,0.01287841796875,-1.2036285400390625,0.317718505859375
1784804912836501248,15.486994504928589,0.4276123046875,-1.401153564453125,0.2547607421875
1784804912846421248,15.496914386749268,0.7246551513671875,-1.7284393310546875,0.2675018310546875
1784804912856340480,15.506833553314209,0.861663818359375,-1.957672119140625,0.5124664306640625
1784804912866259456,15.516752481460571,1.1620635986328125,-1.8885040283203125,0.4105987548828125
1784804912876179200,15.52667236328125,1.1288604736328125,-1.517913818359375,0.267669677734375
1784804912886098432,15.536591529846191,1.0801544189453125,-1.0349884033203125,0.1664581298828125
1784804912896018176,15.54651141166687,0.88299560546875,-0.9565277099609375,-0.1937713623046875
1784804912905937152,15.556430339813232,0.71282958984375,-0.617401123046875,-0.189788818359375
1784804912915856384,15.566349506378174,0.7506866455078125,-0.67510986328125,-0.4010009765625
1784804912925776128,15.576269388198853,0.72198486328125,-0.6511993408203125,-0.4325714111328125
1784804912935695360,15.586188554763794,0.429351806640625,-0.5098114013671875,-0.401336669921875
1784804912945615360,15.596108436584473,0.1964569091796875,-0.70941162109375,-0.572906494140625
1784804912955534336,15.606027364730835,0.2228240966796875,-0.5872802734375,-0.6167449951171875
1784804912965453312,15.615946531295776,0.05426025390625,-0.585906982421875,-0.716705322265625
1784804912975373312,15.625866413116455,-0.0640106201171875,-0.74871826171875,-0.8347625732421875
1784804912985292288,15.635785341262817,-0.18560791015625,-0.9400634765625,-1.0656280517578125
1784804912995211264,15.645704507827759,-0.130584716796875,-1.28033447265625,-1.1960296630859375
1784804913005130240,15.655623435974121,-0.059783935546875,-1.3134307861328125,-1.379913330078125
1784804913015050496,15.665543556213379,0.020263671875,-1.4489593505859375,-1.3875885009765625
1784804913024969216,15.675462484359741,-0.044097900390625,-1.4527740478515625,-1.2181396484375
1784804913034888192,15.685381412506104,-0.0546875,-1.37158203125,-1.1550445556640625
1784804913044808448,15.695301532745361,0.0831756591796875,-1.6564788818359375,-1.23260498046875
1784804913054727424,15.705220460891724,0.2336273193359375,-1.96588134765625,-1.133392333984375
1784804913064647424,15.715140581130981,0.3928375244140625,-2.0949249267578125,-1.0711669921875
1784804913074566400,15.725059509277344,0.47271728515625,-2.2146453857421875,-0.9973602294921875
1784804913084485376,15.734978437423706,0.422943115234375,-2.115936279296875,-0.7525787353515625
1784804913094405376,15.744898557662964,0.30322265625,-2.129791259765625,-0.745086669921875
1784804913104324352,15.754817485809326,0.19805908203125,-1.991302490234375,-0.6577911376953125
1784804913114244352,15.764737606048584,0.3156890869140625,-1.846099853515625,-0.652801513671875
1784804913124163328,15.774656534194946,0.4414215087890625,-1.6936798095703125,-0.5909271240234375
1784804913134082304,15.784575462341309,0.5656890869140625,-1.6247406005859375,-0.4988250732421875
1784804913144002560,15.794495582580566,0.6721343994140625,-2.0500946044921875,-0.5587158203125
1784804913153921280,15.804414510726929,0.641693115234375,-2.4738922119140625,-0.488525390625
1784804913163841280,15.814334392547607,0.6486053466796875,-2.5782623291015625,-0.50396728515625
1784804913173760512,15.824253559112549,0.897735595703125,-2.4360809326171875,-0.7961578369140625
1784804913183680256,15.834173440933228,1.074066162109375,-1.87451171875,-0.9479522705078125
1784804913193599488,15.844092607498169,1.0175018310546875,-1.431060791015625,-1.029266357421875
1784804913203518464,15.854011535644531,0.884124755859375,-1.1930694580078125,-1.2935638427734375
1784804913213438208,15.86393141746521,0.7104949951171875,-1.182403564453125,-1.3018798828125
1784804913223357440,15.873850584030151,0.53802490234375,-0.970306396484375,-1.3063507080078125
1784804913233277440,15.88377046585083,0.2055206298828125,-0.8471527099609375,-1.0626678466796875
1784804913243196160,15.893689393997192,0.1586456298828125,-0.63433837890625,-0.3610076904296875
1784804913253115392,15.903608560562134,-0.157867431640625,-0.666595458984375,-0.096435546875
1784804913263035392,15.913528442382812,-0.258697509765625,-0.378875732421875,0.211212158203125
1784804913272954368,15.923447608947754,-0.134674072265625,0.1566314697265625,0.3957061767578125
1784804913282874368,15.933367490768433,-0.24517822265625,0.6848907470703125,0.803985595703125
1784804913292793344,15.943286418914795,-0.3649139404296875,0.57440185546875,0.5968170166015625
1784804913302712320,15.953205585479736,0.15570068359375,0.0517120361328125,-0.115264892578125
1784804913312632320,15.963125467300415,0.4888458251953125,0.07586669921875,-0.0070953369140625
1784804913322551296,15.973044395446777,0.6988372802734375,0.259185791015625,0.0103302001953125
1784804913332471296,15.982964515686035,0.8909149169921875,0.544708251953125,-0.3464508056640625
1784804913342390272,15.992883443832397,0.3677978515625,0.868988037109375,-0.450775146484375
1784804913352310528,16.002803564071655,0.311798095703125,1.2275390625,-0.437286376953125
1784804913362229248,16.012722492218018,0.680999755859375,1.394622802734375,-0.539276123046875
1784804913372148224,16.02264142036438,0.763336181640625,0.8056488037109375,-1.1953277587890625
1784804913382068480,16.032561540603638,1.426971435546875,0.43597412109375,-2.1232757568359375
1784804913391987200,16.04248046875,1.8375091552734375,-0.3488006591796875,-2.255340576171875
1784804913401907456,16.052400588989258,2.283233642578125,-0.7801055908203125,-2.32611083984375
1784804913411826432,16.06231951713562,2.2501373291015625,-0.825653076171875,-2.570404052734375
1784804913421745408,16.072238445281982,2.1106719970703125,-1.0341796875,-2.3577423095703125
1784804913431665408,16.08215856552124,2.130523681640625,-1.17529296875,-2.214813232421875
1784804913441584384,16.092077493667603,1.9731903076171875,-1.1896209716796875,-2.1453704833984375
1784804913451504128,16.10199737548828,1.3804473876953125,-1.3131866455078125,-2.21112060546875
1784804913461423360,16.111916542053223,1.30609130859375,-1.59716796875,-1.7379913330078125
1784804913471342336,16.121835470199585,1.3511810302734375,-1.8250579833984375,-1.7731475830078125
1784804913481262336,16.131755590438843,1.296173095703125,-1.69012451171875,-1.6518402099609375
1784804913491181312,16.141674518585205,1.1755523681640625,-1.7362213134765625,-1.6655426025390625
1784804913501101312,16.151594400405884,1.15283203125,-1.5705108642578125,-1.5868072509765625
1784804913511020544,16.161513566970825,1.18487548828125,-1.5004119873046875,-1.507293701171875
1784804913520940288,16.171433448791504,1.14251708984375,-1.577301025390625,-1.6424407958984375
1784804913530859264,16.181352376937866,1.1678466796875,-1.561920166015625,-1.5223541259765625
1784804913540778496,16.191271543502808,1.1548309326171875,-1.633056640625,-1.3531951904296875
1784804913550698240,16.201191425323486,1.21331787109375,-1.69256591796875,-0.943603515625
1784804913560617472,16.211110591888428,1.1651611328125,-1.8369598388671875,-0.6574859619140625
1784804913570537216,16.221030473709106,1.0760345458984375,-1.9231719970703125,-0.543212890625
1784804913580456192,16.23094940185547,0.8831939697265625,-1.7425537109375,-0.504547119140625
1784804913590375424,16.24086856842041,0.7075653076171875,-1.50299072265625,-0.54022216796875
1784804913600295424,16.25078845024109,0.714111328125,-1.3501434326171875,-0.6175994873046875
1784804913610214144,16.26070737838745,0.7196044921875,-1.3917999267578125,-0.8822174072265625
1784804913620134400,16.27062749862671,0.9195709228515625,-1.1505889892578125,-1.1283721923828125
1784804913630053376,16.28054642677307,1.587371826171875,-0.9641265869140625,-1.1483612060546875
1784804913639973376,16.29046654701233,1.6762542724609375,-1.1974334716796875,-1.1136016845703125
1784804913649892352,16.30038547515869,1.54132080078125,-0.930450439453125,-0.81536865234375
1784804913659811328,16.310304403305054,1.5055389404296875,-0.752532958984375,-1.0039520263671875
1784804913669731328,16.32022452354431,1.49114990234375,-0.616241455078125,-0.6680145263671875
1784804913679650304,16.330143451690674,1.1098480224609375,-1.203369140625,-0.201751708984375
1784804913689570304,16.34006357192993,0.8884735107421875,-2.213043212890625,-0.45758056640625
1784804913699489280,16.349982500076294,1.1903228759765625,-2.1774444580078125,-1.58734130859375
1784804913709408256,16.359901428222656,1.8849945068359375,-1.3686370849609375,-1.4536895751953125
1784804913719328512,16.369821548461914,1.8260040283203125,-0.70184326171875,-1.27593994140625
1784804913729247232,16.379740476608276,1.9146881103515625,-0.99749755859375,-1.3796234130859375
1784804913739167488,16.389660596847534,1.9737548828125,-1.387939453125,-1.031646728515625
1784804913749086464,16.399579524993896,2.1083526611328125,-1.9113922119140625,-1.1216583251953125
1784804913759005184,16.40949845314026,2.286529541015625,-1.905792236328125,-1.0901641845703125
1784804913768925440,16.419418573379517,2.3512420654296875,-1.719940185546875,-0.9257049560546875
1784804913778844416,16.42933750152588,2.1225738525390625,-1.681396484375,-0.9140472412109375
1784804913788764160,16.439257383346558,2.0689544677734375,-1.633880615234375,-0.745208740234375
1784804913798683392,16.4491765499115,2.083343505859375,-1.5341796875,-0.4928741455078125
1784804913808603392,16.459096431732178,2.0574798583984375,-1.2171173095703125,-0.0615081787109375
1784804913818522368,16.46901559829712,2.0370025634765625,-0.591705322265625,0.2977142333984375
1784804913828441344,16.47893452644348,1.8261871337890625,0.1441802978515625,0.470794677734375
1784804913838361344,16.48885440826416,1.619171142578125,0.7715911865234375,0.6337890625
1784804913848280320,16.4987735748291,1.367828369140625,1.35455322265625,0.6512451171875
1784804913858200320,16.50869345664978,1.13433837890625,1.583892822265625,0.62091064453125
1784804913868119296,16.518612384796143,0.8799896240234375,1.487274169921875,0.67279052734375
1784804913878038528,16.528531551361084,0.731719970703125,1.2691802978515625,0.7122802734375
1784804913887958272,16.538451433181763,0.6609649658203125,0.8794708251953125,0.5908355712890625
1784804913897877504,16.548370599746704,0.630523681640625,0.48150634765625,0.3625030517578125
1784804913907797248,16.558290481567383,0.6764373779296875,0.2945556640625,0.050750732421875
1784804913917716224,16.568209409713745,0.8752593994140625,0.5042572021484375,-0.1170806884765625
1784804913927636480,16.578129529953003,1.1104278564453125,0.664520263671875,-0.097137451171875
1784804913937555200,16.588048458099365,1.2890777587890625,0.392730712890625,0.047210693359375
1784804913947474176,16.597967386245728,1.3348388671875,-0.070892333984375,0.1963348388671875
1784804913957394432,16.607887506484985,1.304595947265625,-0.38604736328125,0.194305419921875
1784804913967313408,16.617806434631348,1.30450439453125,-0.301239013671875,0.1360321044921875
1784804913977233408,16.627726554870605,1.3505096435546875,-0.0557403564453125,0.005615234375
1784804913987152384,16.637645483016968,1.512359619140625,-0.141265869140625,-0.1876373291015625
1784804913997071360,16.64756441116333,1.7077789306640625,-0.597930908203125,-0.1942291259765625
1784804914006991360,16.657484531402588,1.808807373046875,-1.0329437255859375,0.0496826171875
1784804914016910336,16.66740345954895,1.7118072509765625,-1.0798797607421875,0.160491943359375
1784804914026830080,16.67732334136963,1.5256805419921875,-0.765045166015625,0.17218017578125
1784804914036749312,16.68724250793457,1.44769287109375,-0.706024169921875,0.3752593994140625
1784804914046668288,16.697161436080933,1.505035400390625,-0.9956207275390625,0.726806640625
1784804914056588288,16.70708155632019,1.582916259765625,-1.3937530517578125,0.966156005859375
1784804914066507264,16.717000484466553,1.591278076171875,-1.7523193359375,1.02471923828125
1784804914076427264,16.72692036628723,1.589508056640625,-1.919464111328125,1.276336669921875
1784804914086346496,16.736839532852173,1.4167633056640625,-1.7851104736328125,1.6126861572265625
1784804914096266240,16.74675941467285,1.060394287109375,-1.6185455322265625,1.880950927734375
1784804914106185216,16.756678342819214,0.86395263671875,-1.659515380859375,2.0687103271484375
1784804914116104448,16.766597509384155,0.7716522216796875,-1.5280914306640625,2.23773193359375
1784804914126024192,16.776517391204834,0.7669830322265625,-1.50299072265625,2.3914337158203125
1784804914135943424,16.786436557769775,0.436737060546875,-1.6751861572265625,2.7780914306640625
1784804914145863168,16.796356439590454,-0.01043701171875,-2.047027587890625,3.12713623046875
1784804914155782144,16.806275367736816,-0.1062164306640625,-2.300323486328125,3.3716583251953125
1784804914165701376,16.816194534301758,-0.1003265380859375,-3.4287109375,3.0762939453125
1784804914175621376,16.826114416122437,1.0553131103515625,-1.954864501953125,3.483673095703125
1784804914185540096,16.8360333442688,-0.02484130859375,0.0917816162109375,1.5259552001953125
1784804914195460352,16.845953464508057,-0.0416107177734375,-0.1580963134765625,1.4053955078125
1784804914205379328,16.85587239265442,-0.422943115234375,-0.9124603271484375,1.0149688720703125
1784804914215299328,16.865792512893677,-0.01922607421875,-1.2733001708984375,1.147003173828125
1784804914225218304,16.87571144104004,0.076507568359375,-1.384002685546875,1.0720977783203125
1784804914235137280,16.8856303691864,0.096649169921875,-1.1190185546875,0.9815216064453125
1784804914245057280,16.89555048942566,0.1223602294921875,-0.749237060546875,0.9701995849609375
1784804914254976256,16.90546941757202,0.1387939453125,-0.67999267578125,0.660400390625
1784804914264896512,16.91538953781128,0.0714569091796875,-0.5720672607421875,0.174072265625
1784804914274815232,16.92530846595764,-0.068206787109375,-0.2452239990234375,-0.1680908203125
1784804914284734208,16.935227394104004,-0.163787841796875,0.0458526611328125,-0.2080078125
1784804914294654464,16.94514751434326,-0.1818695068359375,-0.3171234130859375,-0.460479736328125
1784804914304573184,16.955066442489624,-0.0101165771484375,-0.955596923828125,-0.554443359375
1784804914314493440,16.964986562728882,0.007049560546875,-1.3027496337890625,-0.383636474609375
1784804914324412416,16.974905490875244,-0.1207733154296875,-1.24456787109375,-0.1048431396484375
1784804914334331392,16.984824419021606,-0.2761383056640625,-1.0745086669921875,0.0576171875
1784804914344251392,16.994744539260864,-0.3783111572265625,-0.88653564453125,0.55181884765625
1784804914354170368,17.004663467407227,0.2916259765625,-0.768585205078125,0.1949310302734375
1784804914364090112,17.014583349227905,0.22076416015625,-1.1062469482421875,0.25225830078125
1784804914374009344,17.024502515792847,0.371856689453125,-1.225799560546875,0.5110931396484375
1784804914383929344,17.034422397613525,0.4810943603515625,-1.287994384765625,0.661590576171875
1784804914393848320,17.044341564178467,0.4645233154296875,-1.618133544921875,0.5081787109375
1784804914403767296,17.05426049232483,0.5806427001953125,-1.9630584716796875,0.4657440185546875
1784804914413687296,17.064180374145508,0.7946319580078125,-1.612274169921875,0.4605712890625
1784804914423606272,17.07409954071045,1.009307861328125,-1.61383056640625,0.097015380859375
1784804914433526272,17.084019422531128,0.76263427734375,-1.3756866455078125,0.103790283203125
1784804914443445248,17.09393835067749,0.9090118408203125,-1.0976409912109375,-0.0335845947265625
1784804914453364480,17.10385751724243,0.9327392578125,-0.7491302490234375,-0.0567474365234375
1784804914463284224,17.11377739906311,0.843994140625,-0.5847625732421875,-0.1499481201171875
1784804914473203456,17.12369656562805,0.6064453125,-0.5880126953125,-0.42169189453125
1784804914483123200,17.13361644744873,0.5733489990234375,-0.7255096435546875,-0.5552825927734375
1784804914493042176,17.143535375595093,0.2724609375,-0.8032073974609375,-0.9275054931640625
1784804914502961408,17.153454542160034,0.2269744873046875,-0.815521240234375,-0.9832000732421875
1784804914512881152,17.163374423980713,0.27069091796875,-1.02392578125,-1.0373382568359375
1784804914522800128,17.173293352127075,0.0498046875,-1.073455810546875,-0.98675537109375
1784804914532720384,17.183213472366333,0.2442169189453125,-1.2814178466796875,-1.0359954833984375
1784804914542639360,17.193132400512695,0.1098785400390625,-1.361175537109375,-0.99053955078125
1784804914552559360,17.203052520751953,0.1150665283203125,-1.2410125732421875,-1.1811981201171875
1784804914562478336,17.212971448898315,-0.001983642578125,-1.3459930419921875,-1.2522125244140625
1784804914572397312,17.222890377044678,0.1641998291015625,-1.5908966064453125,-1.345611572265625
1784804914582317312,17.232810497283936,0.3971710205078125,-1.580657958984375,-1.248321533203125
1784804914592236288,17.242729425430298,0.511322021484375,-1.4871673583984375,-1.11529541015625
1784804914602156288,17.252649545669556,0.4550933837890625,-1.3689422607421875,-0.9538421630859375
1784804914612075264,17.262568473815918,0.2368316650390625,-1.4610443115234375,-0.79351806640625
1784804914621995264,17.272488355636597,0.010650634765625,-1.6940765380859375,-0.7554168701171875
1784804914631914496,17.282407522201538,-0.11614990234375,-1.835693359375,-0.462890625
1784804914641833216,17.2923264503479,0.0068511962890625,-2.07366943359375,-0.3264312744140625
1784804914651753216,17.30224633216858,0.2762908935546875,-2.116729736328125,-0.4312896728515625
1784804914661672448,17.31216549873352,0.549835205078125,-1.7546539306640625,-0.3086090087890625
1784804914671592192,17.3220853805542,0.487030029296875,-1.6230316162109375,-0.4384613037109375
1784804914681511424,17.33200454711914,0.3615264892578125,-1.9077606201171875,-0.3487396240234375
1784804914691430400,17.341923475265503,0.317596435546875,-2.3619842529296875,-0.411102294921875
1784804914701350144,17.35184335708618,0.3280181884765625,-2.307220458984375,-0.661529541015625
1784804914711269376,17.361762523651123,0.4666900634765625,-2.216583251953125,-0.8672027587890625
1784804914721189376,17.3716824054718,0.6182098388671875,-2.417877197265625,-0.8292083740234375
1784804914731108096,17.381601333618164,0.8217620849609375,-2.548309326171875,-0.944183349609375
1784804914741027328,17.391520500183105,0.8691253662109375,-2.563720703125,-0.981292724609375
1784804914750947328,17.401440382003784,0.614227294921875,-2.2048492431640625,-1.071746826171875
1784804914760866304,17.411359548568726,0.47265625,-1.4231109619140625,-0.809356689453125
1784804914770786304,17.421279430389404,0.1857147216796875,-0.96405029296875,-0.7065582275390625
1784804914780705280,17.431198358535767,0.0824432373046875,-0.9844207763671875,-0.5927734375
1784804914790625280,17.441118478775024,0.019500732421875,-0.9438629150390625,-0.4625244140625
1784804914800544256,17.451037406921387,-0.0050506591796875,-0.4568939208984375,-0.35809326171875
1784804914810463232,17.46095633506775,-0.2253265380859375,0.1131744384765625,0.048187255859375
1784804914820383232,17.470876455307007,-0.5719146728515625,0.5849609375,0.2777099609375
1784804914830302208,17.48079538345337,-0.767364501953125,1.193756103515625,0.4775390625
1784804914840222464,17.490715503692627,-1.01123046875,1.444580078125,0.6295318603515625
1784804914850141184,17.50063443183899,-0.6112518310546875,1.110260009765625,0.678680419921875
1784804914860060160,17.51055335998535,0.472503662109375,0.5061798095703125,0.4259185791015625
1784804914869980416,17.52047348022461,1.4257354736328125,-0.3990325927734375,0.4994659423828125
1784804914879899136,17.53039240837097,1.04180908203125,-0.88616943359375,-0.013824462890625
1784804914889819392,17.54031252861023,0.8607940673828125,0.198822021484375,-0.024749755859375
1784804914899738368,17.550231456756592,1.02569580078125,0.940673828125,-0.5566253662109375
1784804914909658112,17.56015133857727,0.8314208984375,1.4290008544921875,-0.8347320556640625
1784804914919577344,17.570070505142212,1.04150390625,1.0162506103515625,-1.188690185546875
1784804914929496320,17.579989433288574,1.51953125,0.30841064453125,-1.348663330078125
1784804914939416320,17.589909553527832,1.8908538818359375,-0.183990478515625,-1.695556640625
1784804914949335296,17.599828481674194,1.7422943115234375,-0.10748291015625,-2.2290191650390625
1784804914959255296,17.609748363494873,1.4702606201171875,0.110687255859375,-2.4300384521484375
1784804914969174272,17.619667530059814,1.5952301025390625,-0.0729827880859375,-2.5653533935546875
1784804914979093248,17.629586458206177,1.338043212890625,-0.5677490234375,-2.729736328125
1784804914989013248,17.639506340026855,1.9136810302734375,-0.6675567626953125,-2.5949859619140625
1784804914998932736,17.649425983428955,2.0526885986328125,-0.89373779296875,-2.6062469482421875
1784804915008852992,17.659346103668213,1.846160888671875,-1.110076904296875,-2.632293701171875
1784804915018771968,17.669265031814575,1.6970367431640625,-1.2220001220703125,-2.3010406494140625
1784804915028690688,17.679183959960938,1.3212432861328125,-1.3447418212890625,-2.149444580078125
1784804915038610944,17.689104080200195,1.0748443603515625,-1.44903564453125,-1.8329620361328125
1784804915048529920,17.699023008346558,0.9723663330078125,-1.4127044677734375,-1.6380615234375
1784804915058449664,17.708942890167236,0.943328857421875,-1.2064971923828125,-1.5432586669921875
1784804915068368896,17.718862056732178,1.1401519775390625,-1.0366668701171875,-1.2747039794921875
1784804915078288896,17.728781938552856,0.9680328369140625,-1.245330810546875,-1.2803955078125
1784804915088207872,17.738701105117798,0.8887939453125,-1.373931884765625,-1.2655029296875
1784804915098126848,17.74862003326416,0.9356689453125,-1.4039154052734375,-0.9821014404296875
1784804915108046848,17.75853991508484,0.92510986328125,-1.5897064208984375,-0.8580169677734375
1784804915117965824,17.76845908164978,0.9195098876953125,-1.687530517578125,-0.6173858642578125
1784804915127885824,17.77837896347046,0.914764404296875,-1.67138671875,-0.3861846923828125
1784804915137804800,17.78829789161682,0.8704071044921875,-1.65631103515625,-0.18194580078125
1784804915147724032,17.798217058181763,0.8118438720703125,-1.76849365234375,-0.02276611328125
1784804915157643776,17.80813694000244,0.525238037109375,-1.83367919921875,-0.0526580810546875
1784804915167563008,17.818056106567383,0.6617431640625,-1.7373809814453125,0.1533355712890625
1784804915177482752,17.82797598838806,0.6827850341796875,-1.7960662841796875,0.1223297119140625
1784804915187401728,17.837894916534424,0.68255615234375,-1.5207061767578125,0.2435150146484375
1784804915197321984,17.84781503677368,0.7879791259765625,-1.019866943359375,-0.051177978515625
1784804915207240704,17.857733964920044,0.9256744384765625,-0.284881591796875,-0.0904541015625
1784804915217159680,17.867652893066406,1.05706787109375,0.13812255859375,-0.2076873779296875
1784804915227079936,17.877573013305664,0.9734039306640625,0.1380157470703125,-0.150360107421875
1784804915236998912,17.887491941452026,0.697021484375,-0.21240234375,-0.4435577392578125
1784804915246918912,17.897412061691284,1.010009765625,-0.1913604736328125,-0.3377532958984375
1784804915256837888,17.907330989837646,1.1939849853515625,-0.478973388671875,-0.519744873046875
1784804915266756864,17.91724991798401,1.0586395263671875,-0.4188995361328125,-0.56451416015625
1784804915276676864,17.927170038223267,0.902374267578125,-0.235076904296875,-0.681976318359375
1784804915286595840,17.93708896636963,0.4426727294921875,-0.4564971923828125,-0.8249053955078125
1784804915296515840,17.947009086608887,0.272430419921875,-1.0319671630859375,-0.7015380859375
1784804915306434816,17.95692801475525,0.6081695556640625,-0.9053192138671875,-0.7364349365234375
1784804915316354816,17.966847896575928,0.925567626953125,-1.053802490234375,-0.75372314453125
1784804915326273792,17.97676706314087,0.88763427734375,-1.3051605224609375,-1.10565185546875
1784804915336192768,17.98668599128723,1.2530364990234375,-1.5467681884765625,-1.4908294677734375
1784804915346112768,17.99660587310791,1.39251708984375,-1.675506591796875,-1.292633056640625
1784804915356032000,18.00652503967285,1.487335205078125,-1.783935546875,-1.3347015380859375
1784804915365951744,18.01644492149353,1.48583984375,-1.9637603759765625,-1.448150634765625
1784804915375870976,18.02636408805847,1.6981201171875,-1.8942413330078125,-1.27337646484375
1784804915385789952,18.036283016204834,1.9258575439453125,-1.8792572021484375,-1.295440673828125
1784804915395709696,18.046202898025513,2.0699462890625,-1.82159423828125,-1.5607452392578125
1784804915405628928,18.056122064590454,2.367950439453125,-1.5799407958984375,-1.574188232421875
1784804915415548928,18.066041946411133,2.39208984375,-1.568603515625,-1.6756439208984375
1784804915425467648,18.075960874557495,2.4310760498046875,-1.6435699462890625,-1.6394195556640625
1784804915435387904,18.085880994796753,2.4063568115234375,-1.7339935302734375,-1.4734344482421875
1784804915445306880,18.095799922943115,2.5318603515625,-1.72381591796875,-1.1761932373046875
1784804915455225856,18.105719089508057,2.5674591064453125,-1.6798553466796875,-0.8714599609375
1784804915465145856,18.115638971328735,2.5969696044921875,-1.5336151123046875,-0.855072021484375
1784804915475064832,18.125557899475098,2.6249542236328125,-1.2479400634765625,-0.832000732421875
1784804915484984832,18.135478019714355,2.60955810546875,-0.882354736328125,-0.770233154296875
1784804915494903808,18.145396947860718,2.5615081787109375,-0.57977294921875,-0.64483642578125
1784804915504822784,18.15531587600708,2.52587890625,-0.39959716796875,-0.4409942626953125
1784804915514742784,18.165235996246338,2.5074615478515625,-0.359405517578125,-0.1847991943359375
1784804915524661760,18.1751549243927,2.549224853515625,-0.3088836669921875,0.0525665283203125
1784804915534582016,18.185075044631958,2.5817413330078125,-0.2612152099609375,0.242279052734375
1784804915544500736,18.19499397277832,2.587860107421875,-0.093109130859375,0.4178009033203125
1784804915554420992,18.204914093017578,2.532745361328125,0.0672454833984375,0.5128631591796875
1784804915564339968,18.21483302116394,2.4157867431640625,0.148834228515625,0.477264404296875
1784804915574258688,18.224751949310303,2.4162750244140625,0.0762786865234375,0.317230224609375
1784804915584178944,18.23467206954956,2.498748779296875,-0.159332275390625,0.2509613037109375
1784804915594097920,18.244590997695923,2.5457916259765625,-0.3394012451171875,0.2266693115234375
1784804915604017664,18.2545108795166,2.6408843994140625,-0.346160888671875,0.1882476806640625
1784804915613936896,18.264430046081543,2.7781982421875,-0.2472686767578125,0.171234130859375
1784804915623855872,18.274348974227905,2.9089813232421875,-0.0547332763671875,0.1193084716796875
1784804915633775872,18.284269094467163,3.053985595703125,0.27130126953125,0.0567626953125
1784804915643694848,18.294188022613525,3.1874542236328125,0.73028564453125,0.12518310546875
1784804915653614848,18.304107904434204,3.1610107421875,1.02154541015625,0.152435302734375
1784804915663533824,18.314027070999146,3.04888916015625,1.0981292724609375,0.1388397216796875
1784804915673453824,18.323946952819824,3.13580322265625,1.20098876953125,0.4023590087890625
1784804915683372800,18.333865880966187,3.231719970703125,1.361114501953125,0.9004058837890625
1784804915693291776,18.343785047531128,3.1587982177734375,1.5518646240234375,1.235443115234375
1784804915703211776,18.353704929351807,2.9492340087890625,1.7182769775390625,1.4281463623046875
1784804915713131008,18.363624095916748,2.59478759765625,1.833282470703125,1.621978759765625
1784804915723050752,18.373543977737427,2.229278564453125,1.69976806640625,1.4035797119140625
1784804915732969728,18.38346290588379,1.835845947265625,1.4854736328125,1.311492919921875
1784804915742888960,18.39338207244873,1.33831787109375,1.2589569091796875,1.1676788330078125
1784804915752808704,18.40330195426941,0.9798126220703125,1.3248138427734375,0.9362335205078125
1784804915762727680,18.41322088241577,1.0062408447265625,2.1418914794921875,1.1036224365234375
1784804915772647936,18.42314100265503,3.5460968017578125,4.69317626953125,1.26934814453125
1784804915782566912,18.43305993080139,0.06634521484375,3.465789794921875,0.404052734375
1784804915792486912,18.44298005104065,0.22735595703125,4.504150390625,0.203643798828125
1784804915802405888,18.45289897918701,0.46063232421875,5.126068115234375,-0.89642333984375
1784804915812324864,18.462817907333374,1.179931640625,2.9356689453125,-0.9419403076171875
1784804915822244864,18.472738027572632,0.9435882568359375,1.7716217041015625,-0.2650146484375
1784804915832163840,18.482656955718994,0.8803863525390625,1.27886962890625,-0.160003662109375
1784804915842083840,18.492577075958252,0.719329833984375,1.2469482421875,-0.16796875
1784804915852002816,18.502496004104614,0.5030670166015625,1.6585845947265625,-0.7129974365234375
1784804915861921792,18.512414932250977,0.4532318115234375,1.9400177001953125,-0.9919281005859375
1784804915871841792,18.522335052490234,0.8250274658203125,1.63787841796875,-0.821533203125
1784804915881760768,18.532253980636597,0.8804779052734375,1.0857391357421875,-0.529388427734375
1784804915891681024,18.542174100875854,0.4027557373046875,0.7853240966796875,-0.6822052001953125
1784804915901600000,18.552093029022217,0.2911376953125,0.885955810546875,-0.3145904541015625
1784804915911518720,18.56201195716858,0.728240966796875,0.7823333740234375,-0.4741058349609375
1784804915921438976,18.571932077407837,0.86395263671875,0.7054901123046875,-0.44586181640625
1784804915931357952,18.5818510055542,0.890533447265625,0.634796142578125,-0.5447540283203125
1784804915941277696,18.591770887374878,0.6573944091796875,0.8299560546875,-0.474151611328125
1784804915951196928,18.60169005393982,0.480255126953125,0.8175201416015625,-0.2349700927734375
1784804915961116672,18.611609935760498,0.618560791015625,0.67169189453125,0.1877899169921875
1784804915971035904,18.62152910232544,0.830596923828125,0.2023468017578125,0.2957305908203125
1784804915980954880,18.6314480304718,0.933868408203125,-0.309967041015625,0.489990234375
1784804915990874368,18.641367435455322,0.8242340087890625,-0.57269287109375,0.5705413818359375
1784804916000793344,18.651286602020264,0.65167236328125,-0.4095306396484375,0.5356903076171875
1784804916010713344,18.661206483840942,0.7512359619140625,0.0956878662109375,0.3226318359375
1784804916020632320,18.671125411987305,0.797698974609375,0.5609588623046875,0.4043731689453125
1784804916030552320,18.681045532226562,1.127044677734375,0.2474517822265625,0.4558868408203125
1784804916040471296,18.690964460372925,1.3277435302734375,-0.5115203857421875,0.461761474609375
1784804916050390272,18.700883388519287,1.4931793212890625,-0.7087249755859375,0.4091644287109375
1784804916060310272,18.710803508758545,1.6690826416015625,-0.8950958251953125,0.1596527099609375
1784804916070229248,18.720722436904907,1.5037384033203125,-0.7749481201171875,0.1906585693359375
1784804916080149504,18.730642557144165,1.43194580078125,-0.4455718994140625,0.0220489501953125
1784804916090068224,18.740561485290527,1.673004150390625,-0.36676025390625,0.06158447265625
1784804916099987200,18.75048041343689,1.7005462646484375,-0.573638916015625,-0.0796966552734375
1784804916109907456,18.760400533676147,1.588836669921875,-0.579681396484375,-0.2205352783203125
1784804916119826432,18.77031946182251,1.5460968017578125,-0.4648590087890625,-0.20562744140625
1784804916129746432,18.780239582061768,1.4826507568359375,-0.593109130859375,-0.273529052734375
1784804916139665408,18.79015851020813,1.6568603515625,-0.92059326171875,-0.1543121337890625
1784804916149584384,18.800077438354492,1.8364715576171875,-1.3337554931640625,-0.178924560546875
1784804916159504384,18.80999755859375,2.1292266845703125,-1.6350860595703125,0.057464599609375
1784804916169423360,18.819916486740112,2.2557220458984375,-1.8226318359375,0.2343292236328125
1784804916179343360,18.82983660697937,2.0349273681640625,-2.0889129638671875,0.2242584228515625
1784804916189262336,18.839755535125732,2.0222015380859375,-2.370452880859375,0.2126007080078125
1784804916199182336,18.84967541694641,1.898345947265625,-2.9018707275390625,-0.0077056884765625
1784804916209101312,18.859594583511353,1.6703033447265625,-3.2606201171875,-0.45001220703125
1784804916219020288,18.869513511657715,1.5896453857421875,-3.4883575439453125,-1.0405731201171875
1784804916228940288,18.879433393478394,1.7697296142578125,-3.3621368408203125,-1.522186279296875
1784804916238859520,18.889352560043335,1.8190460205078125,-2.907928466796875,-1.8766021728515625
1784804916248779264,18.899272441864014,1.72015380859375,-2.9659881591796875,-1.7391815185546875
1784804916258698496,18.909191608428955,1.5500335693359375,-2.4344024658203125,-1.4477996826171875
1784804916268618240,18.919111490249634,1.6726226806640625,-1.6575775146484375,-1.06134033203125
1784804916278537216,18.929030418395996,1.3344573974609375,-0.70770263671875,-0.859527587890625
1784804916288456448,18.938949584960938,0.960784912109375,0.039642333984375,-0.33807373046875
1784804916298376448,18.948869466781616,0.2802734375,0.61639404296875,0.28607177734375
1784804916308295168,18.95878839492798,-0.1618194580078125,0.6985321044921875,0.5005645751953125
1784804916318215424,18.968708515167236,0.1664886474609375,0.5773773193359375,0.7990264892578125
1784804916328134400,18.9786274433136,1.2588958740234375,0.6366119384765625,0.7715301513671875
1784804916338053120,18.98854637145996,1.499603271484375,0.5398712158203125,0.6907501220703125
1784804916347973376,18.99846649169922,1.443145751953125,0.3722076416015625,0.5594940185546875
1784804916357892352,19.00838541984558,0.8940887451171875,0.2251129150390625,0.2812042236328125
1784804916367812352,19.01830554008484,1.19195556640625,-0.2729034423828125,-0.2411346435546875
1784804916377731328,19.0282244682312,1.9769287109375,-0.9256744384765625,0.269683837890625
1784804916387651328,19.03814458847046,3.238922119140625,-1.28167724609375,0.38897705078125
1784804916397570304,19.04806351661682,3.33056640625,-1.0500946044921875,0.1448822021484375
1784804916407489280,19.057982444763184,2.9494171142578125,0.016143798828125,-0.4765167236328125
1784804916417409536,19.06790256500244,1.8428955078125,-0.131103515625,-1.14251708984375
1784804916427328256,19.077821493148804,1.658966064453125,0.0155792236328125,-0.685089111328125
1784804916437248256,19.087741374969482,1.6003265380859375,0.0016021728515625,-0.462432861328125
1784804916447167488,19.097660541534424,1.227142333984375,-0.6456451416015625,-0.2110137939453125
1784804916457086208,19.107579469680786,1.7259674072265625,-0.867584228515625,-0.2359771728515625
1784804916467006464,19.117499589920044,2.496185302734375,-0.458282470703125,-0.1791839599609375
1784804916476925440,19.127418518066406,1.901336669921875,-0.2823944091796875,-0.6239471435546875
1784804916486845184,19.137338399887085,1.4163818359375,-0.2224273681640625,-0.7184600830078125
1784804916496764416,19.147257566452026,1.37335205078125,-0.3158721923828125,-0.6003875732421875
1784804916506684416,19.157177448272705,1.889892578125,-0.4547576904296875,-0.4825592041015625
1784804916516603136,19.167096376419067,1.347930908203125,-0.394439697265625,-0.4237823486328125
1784804916526522368,19.17701554298401,0.9348907470703125,-0.0970458984375,-0.3197784423828125
1784804916536442368,19.186935424804688,0.8269195556640625,0.1325531005859375,-0.514923095703125
1784804916546361344,19.19685459136963,0.9675140380859375,-0.235198974609375,-0.6809844970703125
1784804916556281344,19.206774473190308,1.01239013671875,-0.2431182861328125,-0.0621490478515625
1784804916566200320,19.21669340133667,1.12158203125,-0.2754974365234375,0.3421173095703125
1784804916576120320,19.226613521575928,0.9983978271484375,-0.552520751953125,0.53070068359375
1784804916586039296,19.23653244972229,0.908447265625,-0.497467041015625,0.8628387451171875
1784804916595958272,19.246451377868652,0.839691162109375,-0.309814453125,0.9567413330078125
1784804916605878272,19.25637149810791,0.7638397216796875,-0.402679443359375,0.9675750732421875
1784804916615797248,19.266290426254272,0.6281280517578125,-0.3612060546875,0.9494476318359375
1784804916625717504,19.27621054649353,0.4938507080078125,-0.089569091796875,0.91815185546875
1784804916635636224,19.286129474639893,0.3665313720703125,0.2135009765625,0.76092529296875
1784804916645555200,19.296048402786255,0.2537078857421875,0.387359619140625,0.789398193359375
1784804916655475456,19.305968523025513,0.209747314453125,0.506011962890625,1.013336181640625
1784804916665394432,19.315887451171875,0.230804443359375,0.41815185546875,1.097930908203125
1784804916675314432,19.325807571411133,0.2186279296875,0.3467864990234375,1.294921875
1784804916685233408,19.335726499557495,0.2259979248046875,0.3019866943359375,1.4191131591796875
1784804916695153152,19.345646381378174,0.2400970458984375,0.23260498046875,1.2741241455078125
1784804916705072384,19.355565547943115,0.2262420654296875,0.3160552978515625,1.147918701171875
1784804916714991360,19.365484476089478,0.14410400390625,0.4634857177734375,1.0377655029296875
1784804916724911360,19.375404596328735,0.064483642578125,0.5556640625,0.9279327392578125
1784804916734830336,19.385323524475098,0.038055419921875,0.5276947021484375,0.7907867431640625
1784804916744750336,19.395243406295776,0.0207061767578125,0.4626922607421875,0.7953033447265625
1784804916754669312,19.405162572860718,0.04046630859375,0.3990936279296875,0.8035736083984375
1784804916764588288,19.41508150100708,0.0919952392578125,0.432769775390625,0.745147705078125
1784804916774508288,19.42500138282776,0.1343994140625,0.521392822265625,0.7142486572265625
1784804916784427520,19.4349205493927,0.1031951904296875,0.6538238525390625,0.6611328125
1784804916794347264,19.44484043121338,0.0731658935546875,0.7284088134765625,0.5867919921875
1784804916804266496,19.45475959777832,0.0249481201171875,0.724609375,0.513336181640625
1784804916814186240,19.464679479599,-0.0551605224609375,0.599334716796875,0.4442596435546875
1784804916824105216,19.47459840774536,-0.04608154296875,0.55450439453125,0.4241180419921875
1784804916834024448,19.484517574310303,-0.05853271484375,0.658172607421875,0.4132232666015625
1784804916843944192,19.49443745613098,-0.118682861328125,0.7569732666015625,0.4369659423828125
1784804916853863168,19.504356384277344,-0.08453369140625,0.813323974609375,0.5242767333984375
1784804916863783424,19.5142765045166,-0.0763702392578125,0.7934722900390625,0.60638427734375
1784804916873702400,19.524195432662964,-0.1777191162109375,0.75543212890625,0.5351715087890625
1784804916883621376,19.534114599227905,-0.298919677734375,0.7748260498046875,0.3503570556640625
1784804916893541376,19.544034481048584,-0.3635101318359375,0.845794677734375,0.1522064208984375
1784804916903460352,19.553953409194946,-0.3354949951171875,0.98455810546875,0.0897216796875
1784804916913380352,19.563873529434204,-0.388427734375,1.1916961669921875,0.0849456787109375
1784804916923299328,19.573792457580566,-0.500030517578125,1.4184722900390625,0.1748809814453125
1784804916933219328,19.583712577819824,-0.6808013916015625,1.5306549072265625,0.3116607666015625
1784804916943138304,19.593631505966187,-0.9806365966796875,1.4443511962890625,0.6744384765625
1784804916953057280,19.60355043411255,-1.2945709228515625,1.2166595458984375,0.8556365966796875
1784804916962977536,19.613470554351807,-1.425567626953125,0.9029388427734375,0.6003570556640625
1784804916972896256,19.62338948249817,-1.3273162841796875,0.61639404296875,0.126220703125
1784804916982816512,19.633309602737427,-1.0361480712890625,0.411102294921875,-0.1407623291015625
1784804916992736000,19.643229246139526,-0.7791748046875,0.2753143310546875,-0.1415252685546875
1784804917002656000,19.653149127960205,-0.838348388671875,0.005523681640625,0.0659942626953125
1784804917012575232,19.663068294525146,-0.9466705322265625,-0.20831298828125,0.097259521484375
1784804917022493952,19.67298722267151,-1.192169189453125,-0.0548095703125,0.091796875
1784804917032414208,19.682907342910767,-1.0224151611328125,0.2363128662109375,0.145965576171875
1784804917042333184,19.69282627105713,-0.8108062744140625,0.33148193359375,-0.0717620849609375
1784804917052252928,19.702746152877808,-0.73712158203125,0.553680419921875,-0.2286376953125
1784804917062172160,19.71266531944275,-0.7281646728515625,0.7274017333984375,-0.1984710693359375
1784804917072091136,19.72258424758911,-0.740692138671875,0.622222900390625,-0.1685638427734375
1784804917082010880,19.73250412940979,-0.6380157470703125,0.282989501953125,-0.158447265625
1784804917091930112,19.74242329597473,-0.5427093505859375,0.0018768310546875,-0.2454681396484375
1784804917101850112,19.75234317779541,-0.4794921875,-0.0381317138671875,-0.305084228515625
1784804917111769088,19.76226234436035,-0.2091217041015625,0.179168701171875,-0.33056640625
1784804917121689088,19.77218222618103,-0.2942047119140625,0.539703369140625,-0.291046142578125
1784804917131608064,19.782101154327393,0.0139923095703125,0.5548858642578125,-0.3535003662109375
1784804917141527296,19.792020320892334,0.038421630859375,0.4809722900390625,-0.5228424072265625
1784804917151447040,19.801940202713013,0.26007080078125,0.2343902587890625,-0.6818084716796875
1784804917161366016,19.811859130859375,0.3840484619140625,0.396697998046875,-0.629150390625
1784804917171286016,19.821779251098633,0.2324066162109375,0.5638275146484375,-0.726470947265625
1784804917181204992,19.831698179244995,0.537445068359375,0.694732666015625,-0.7745513916015625
1784804917191125248,19.841618299484253,0.87493896484375,0.81927490234375,-0.644561767578125
1784804917201043968,19.851537227630615,1.0060272216796875,1.034820556640625,-0.5715789794921875
1784804917210962944,19.861456155776978,1.112396240234375,1.141387939453125,-0.486846923828125
1784804917220883200,19.871376276016235,1.213775634765625,1.1468505859375,-0.3827362060546875
1784804917230802176,19.881295204162598,1.40924072265625,1.2681732177734375,-0.3460540771484375
1784804917240722176,19.891215324401855,1.5882415771484375,1.576568603515625,-0.334014892578125
1784804917250641152,19.901134252548218,1.872589111328125,1.79083251953125,-0.40118408203125
1784804917260560896,19.911054134368896,2.067169189453125,1.7075042724609375,-0.4540252685546875
1784804917270480128,19.920973300933838,2.1456146240234375,1.6208648681640625,-0.5508880615234375
1784804917280399104,19.9308922290802,2.1150360107421875,1.7567291259765625,-0.6998291015625
1784804917290319104,19.940812349319458,1.9937286376953125,1.8615264892578125,-0.64410400390625
1784804917300238080,19.95073127746582,2.01080322265625,1.791259765625,-0.6981048583984375
1784804917310158080,19.9606511592865,1.7870330810546875,1.3712005615234375,-0.7742919921875
1784804917320077056,19.97057032585144,1.9895172119140625,1.398101806640625,-0.597320556640625
1784804917329997056,19.98049020767212,1.8370819091796875,1.482208251953125,-0.7642822265625
1784804917339916032,19.99040913581848,1.22369384765625,1.4402923583984375,-0.6738433837890625
1784804917349835264,20.000328302383423,0.8696136474609375,1.4785003662109375,-0.547454833984375
1784804917359755008,20.0102481842041,0.6779327392578125,1.238861083984375,-0.451141357421875
1784804917369674240,20.020167350769043,0.431182861328125,1.2493743896484375,-0.3884429931640625
1784804917379593984,20.03008723258972,0.2130279541015625,1.562347412109375,-0.338958740234375
1784804917389512960,20.040006160736084,-0.0327606201171875,2.0546722412109375,-0.555633544921875
1784804917399432192,20.049925327301025,-0.1930694580078125,2.69293212890625,-0.90045166015625
1784804917409352192,20.059845209121704,-0.9055328369140625,2.26959228515625,-1.155029296875
1784804917419270912,20.069764137268066,-1.049407958984375,1.2958984375,-1.4701080322265625
1784804917429191168,20.079684257507324,-0.7598724365234375,1.0762481689453125,-1.3819427490234375
1784804917439110144,20.089603185653687,-0.786712646484375,0.7162628173828125,-1.6013031005859375
1784804917449030144,20.099523305892944,-0.9522247314453125,0.29412841796875,-1.7866058349609375
1784804917458949120,20.109442234039307,-0.912628173828125,0.2136688232421875,-1.7636566162109375
1784804917468868096,20.11936116218567,-0.9019317626953125,0.0442962646484375,-1.7193756103515625
1784804917478788096,20.129281282424927,-1.076507568359375,0.0128021240234375,-1.53814697265625
1784804917488707072,20.13920021057129,-1.2417755126953125,-0.09100341796875,-1.203826904296875
1784804917498627072,20.149120330810547,-1.1690521240234375,-0.0084381103515625,-0.9035491943359375
1784804917508546048,20.15903925895691,-0.9039154052734375,0.4176177978515625,-0.5741729736328125
1784804917518466048,20.168959140777588,-0.8273468017578125,0.3077392578125,-0.3541107177734375
1784804917528385280,20.17887830734253,-0.840972900390625,0.045745849609375,0.0210418701171875
1784804917538304000,20.18879723548889,-0.518096923828125,-0.2307586669921875,-0.0660552978515625
1784804917548224256,20.19871735572815,-0.329193115234375,0.0869293212890625,0.6608428955078125
1784804917558143232,20.20863628387451,-0.281524658203125,-0.09844970703125,0.674713134765625
1784804917568062976,20.21855616569519,-0.4966888427734375,-0.1335601806640625,0.848602294921875
1784804917577982208,20.228475332260132,-0.2809295654296875,0.752349853515625,1.0753631591796875
1784804917587901952,20.23839521408081,-0.2940673828125,1.039703369140625,0.8257293701171875
1784804917597820928,20.248314142227173,0.1734619140625,1.05145263671875,0.8582000732421875
1784804917607740160,20.258233308792114,0.4412384033203125,1.1762237548828125,0.93585205078125
1784804917617660160,20.268153190612793,0.316131591796875,0.858154296875,0.982635498046875
1784804917627579136,20.278072357177734,0.6101837158203125,0.7967681884765625,1.0192718505859375
1784804917637499136,20.287992238998413,0.4795684814453125,1.0344696044921875,0.9757843017578125
1784804917647418112,20.297911167144775,0.3774566650390625,1.1563262939453125,1.20611572265625
1784804917657337088,20.307830333709717,0.211334228515625,1.174713134765625,1.3495330810546875
1784804917667257088,20.317750215530396,0.159027099609375,1.3782806396484375,1.7474365234375
1784804917677176064,20.327669143676758,0.039825439453125,1.6810455322265625,1.910247802734375
1784804917687096064,20.337589263916016,-0.0365753173828125,1.6749114990234375,1.6725006103515625
1784804917697015040,20.347508192062378,-0.098541259765625,1.066070556640625,0.8409576416015625
1784804917706935040,20.357428312301636,0.0727996826171875,0.495208740234375,0.7749786376953125
1784804917716854016,20.367347240447998,-0.0341796875,0.66412353515625,0.705352783203125
1784804917726772992,20.37726616859436,-0.4758148193359375,1.245758056640625,0.861236572265625
1784804917736693248,20.387186288833618,-0.9009857177734375,1.335845947265625,1.0606842041015625
1784804917746611968,20.39710521697998,-0.8943939208984375,0.8716888427734375,1.28216552734375
1784804917756532224,20.40702533721924,-0.5471954345703125,0.3449859619140625,1.363128662109375
1784804917766451200,20.4169442653656,-0.3184356689453125,0.1938018798828125,1.3774261474609375
1784804917776370944,20.42686414718628,-0.11407470703125,0.5130615234375,1.1385650634765625
1784804917786290176,20.43678331375122,-0.220367431640625,0.6498870849609375,0.8852081298828125
1784804917796209152,20.446702241897583,-0.6105804443359375,0.5714263916015625,0.96380615234375
1784804917806128896,20.45662212371826,-1.2288970947265625,0.4001312255859375,0.83941650390625
1784804917816048128,20.466541290283203,-0.9612579345703125,0.145294189453125,1.0949554443359375
1784804917825968128,20.476461172103882,-0.37091064453125,-0.25958251953125,1.4095458984375
1784804917835887104,20.486380338668823,-0.651458740234375,-0.3504791259765625,1.5168914794921875
1784804917845807104,20.496300220489502,-0.5018463134765625,-0.0355377197265625,1.518524169921875
1784804917855726080,20.506219148635864,-0.126251220703125,-0.4694366455078125,0.81414794921875
1784804917865645056,20.516138315200806,-0.1213226318359375,-0.1897430419921875,0.5631256103515625
1784804917875565056,20.526058197021484,-1.1105804443359375,0.52740478515625,1.042449951171875
1784804917885484032,20.535977125167847,-0.711090087890625,0.79522705078125,1.044158935546875
1784804917895404032,20.545897245407104,-0.381744384765625,0.8073272705078125,0.93798828125
1784804917905323008,20.555816173553467,-0.05059814453125,-0.3842315673828125,1.1980438232421875
1784804917915242240,20.565735340118408,0.3960418701171875,-0.0468597412109375,0.81201171875
1784804917925161984,20.575655221939087,1.0286865234375,0.5394439697265625,0.929840087890625
1784804917935080960,20.58557415008545,1.2563018798828125,0.2746124267578125,0.54144287109375
1784804917945001216,20.595494270324707,1.5689697265625,-0.5211944580078125,0.73785400390625
1784804917954919936,20.60541319847107,0.011199951171875,-0.4877777099609375,0.8162078857421875
1784804917964840192,20.615333318710327,0.037506103515625,0.605499267578125,0.95166015625
1784804917974759168,20.62525224685669,0.8594512939453125,0.355987548828125,1.3540191650390625
1784804917984678144,20.63517117500305,0.056243896484375,0.1284637451171875,0.9679718017578125
1784804917994598144,20.64509129524231,0.542938232421875,0.3597412109375,1.379364013671875
1784804918004517376,20.65501046180725,0.525848388671875,0.172210693359375,1.025360107421875
1784804918014437120,20.66493034362793,-0.0238037109375,-0.0976409912109375,1.246124267578125
1784804918024356096,20.674849271774292,0.0235595703125,0.073272705078125,0.9713287353515625
1784804918034276352,20.68476939201355,0.2032470703125,0.0309600830078125,1.0557403564453125
1784804918044195072,20.694688320159912,0.292083740234375,-0.2280426025390625,0.104522705078125
1784804918054114048,20.704607248306274,0.7015533447265625,0.6251678466796875,0.4266357421875
1784804918064034304,20.714527368545532,0.2823944091796875,-0.0022735595703125,0.534423828125
1784804918073953024,20.724446296691895,0.406707763671875,-0.02301025390625,0.547943115234375
1784804918083873280,20.734366416931152,0.3088531494140625,0.0750885009765625,1.08740234375
1784804918093792256,20.744285345077515,0.248565673828125,-0.0103302001953125,0.927093505859375
1784804918103712256,20.754205465316772,0.320526123046875,-0.121063232421875,1.1621856689453125
1784804918113631232,20.764124393463135,0.1338348388671875,-0.0648956298828125,1.254791259765625
1784804918123550208,20.774043321609497,0.0755462646484375,-0.071044921875,1.17388916015625
1784804918133470208,20.783963441848755,0.235137939453125,0.2422637939453125,1.1622314453125
1784804918143389184,20.793882369995117,0.294189453125,0.3451080322265625,1.0120849609375
1784804918153309184,20.803802251815796,0.1851654052734375,0.321746826171875,1.0161590576171875
1784804918163228160,20.813721418380737,0.3181610107421875,0.0664520263671875,1.0105438232421875
1784804918173148160,20.823641300201416,0.217376708984375,0.0271148681640625,1.1252899169921875
1784804918183067392,20.833560466766357,0.2940826416015625,0.1338348388671875,1.127716064453125
1784804918192986368,20.84347939491272,0.2442779541015625,0.33935546875,0.970458984375
1784804918202906112,20.8533992767334,0.330230712890625,0.5982513427734375,0.9276123046875
1784804918212825344,20.86331844329834,0.4069671630859375,0.4088897705078125,0.9942626953125
1784804918222745088,20.87323832511902,0.4185333251953125,0.2853851318359375,0.8990631103515625
1784804918232664064,20.88315725326538,0.3467559814453125,0.4313507080078125,0.9710693359375
1784804918242584320,20.89307737350464,0.370025634765625,0.2427978515625,0.9830474853515625
1784804918252503040,20.902996301651,0.45111083984375,0.2300872802734375,0.9298095703125
1784804918262422272,20.912915468215942,0.3430328369140625,0.1861572265625,0.9989166259765625
1784804918272342272,20.92283535003662,0.3766937255859375,0.0046234130859375,0.886383056640625
1784804918282261248,20.932754278182983,0.2286834716796875,0.0449981689453125,1.05517578125
1784804918292181248,20.94267439842224,0.2952728271484375,0.0668182373046875,1.096405029296875
1784804918302100224,20.952593326568604,0.3678131103515625,0.252716064453125,0.971221923828125
1784804918312019200,20.962512254714966,0.190399169921875,0.365875244140625,1.1660614013671875
1784804918321939200,20.972432374954224,0.253997802734375,0.222015380859375,1.1125335693359375
1784804918331858176,20.982351303100586,0.2315826416015625,0.218414306640625,1.09686279296875
1784804918341778176,20.992271423339844,0.400665283203125,-0.0474853515625,1.188934326171875
1784804918351697152,21.002190351486206,0.3628082275390625,-0.23626708984375,1.1907806396484375
1784804918361617408,21.012110471725464,0.413421630859375,-0.30657958984375,1.2566070556640625
1784804918371536128,21.022029399871826,0.3630828857421875,-0.1027984619140625,1.4221954345703125
1784804918381455104,21.03194832801819,0.50482177734375,-0.0660400390625,1.3032379150390625
1784804918391375360,21.041868448257446,0.4770355224609375,0.011932373046875,1.473846435546875
1784804918401294336,21.05178737640381,0.4054718017578125,-0.0140380859375,1.3495635986328125
1784804918411214080,21.061707258224487,0.3741607666015625,-0.0634002685546875,1.4324951171875
1784804918421133312,21.07162642478943,0.3681182861328125,-0.1648406982421875,1.413360595703125
1784804918431053056,21.081546306610107,0.3797454833984375,-0.1864013671875,1.5195770263671875
1784804918440972288,21.09146547317505,0.51776123046875,-0.300628662109375,1.6079559326171875
1784804918450891264,21.10138440132141,0.436279296875,-0.4700469970703125,1.6457672119140625
1784804918460811264,21.11130428314209,0.41455078125,-0.4609375,1.7718505859375
1784804918470730240,21.12122344970703,0.4336395263671875,-0.546112060546875,1.7985382080078125
1784804918480650240,21.13114333152771,0.4258575439453125,-0.600067138671875,1.7042236328125
1784804918490569216,21.141062259674072,0.423309326171875,-0.4842681884765625,1.5974578857421875
1784804918500489216,21.15098237991333,0.2770843505859375,-0.2832183837890625,1.5150299072265625
1784804918510408192,21.160901308059692,0.158447265625,-0.2097625732421875,1.3816070556640625
1784804918520327424,21.170820474624634,0.1902923583984375,-0.3500518798828125,1.3025665283203125
1784804918530247168,21.180740356445312,0.1752471923828125,-0.4549713134765625,1.4332733154296875
1784804918540166144,21.190659284591675,0.3448028564453125,-0.6556549072265625,1.246978759765625
1784804918550086144,21.200579404830933,0.26715087890625,-0.389862060546875,1.3466339111328125
1784804918560005120,21.210498332977295,0.3740997314453125,-0.2049560546875,1.1128082275390625
1784804918569925376,21.220418453216553,0.326385498046875,-0.1162872314453125,1.012847900390625
1784804918579844352,21.230337381362915,0.0603790283203125,-0.04522705078125,1.048736572265625
1784804918589763072,21.240256309509277,0.045989990234375,0.0447845458984375,1.070281982421875
1784804918599683328,21.250176429748535,0.0614471435546875,0.0840301513671875,1.08355712890625
1784804918609602304,21.260095357894897,0.012603759765625,0.097137451171875,0.9385528564453125
1784804918619522304,21.270015478134155,-0.1275177001953125,0.1094970703125,0.84600830078125
1784804918629441280,21.279934406280518,-0.2956085205078125,0.187530517578125,0.8254241943359375
1784804918639361024,21.289854288101196,-0.25384521484375,0.1128387451171875,0.73602294921875
1784804918649280256,21.299773454666138,-0.3032379150390625,-0.1190948486328125,0.4953155517578125
1784804918659199232,21.3096923828125,-0.4067535400390625,-0.0786590576171875,0.6959686279296875
1784804918669119232,21.31961226463318,-0.607391357421875,0.037841796875,0.492218017578125
1784804918679038208,21.32953143119812,-0.5694122314453125,0.231781005859375,0.401153564453125
1784804918688958208,21.3394513130188,-0.57147216796875,0.2154083251953125,0.2598114013671875
1784804918698877440,21.34937047958374,-0.629425048828125,0.3697357177734375,0.3838043212890625
1784804918708797184,21.35929036140442,-0.74462890625,0.438140869140625,0.339019775390625
1784804918718716160,21.36920928955078,-0.514739990234375,0.331298828125,0.206451416015625
1784804918728635392,21.379128456115723,-0.46661376953125,0.0798492431640625,0.273834228515625
1784804918738555136,21.3890483379364,-0.34185791015625,-0.2212066650390625,0.3168182373046875
1784804918748474112,21.398967266082764,-0.2213134765625,0.019622802734375,0.434417724609375
1784804918758394368,21.40888738632202,0.018280029296875,-0.185638427734375,0.3431854248046875
1784804918768313088,21.418806314468384,0.03253173828125,-0.00213623046875,0.429290771484375
1784804918778233344,21.42872643470764,0.07080078125,0.1177825927734375,0.617767333984375
1784804918788152320,21.438645362854004,0.1906585693359375,0.080657958984375,0.53076171875
1784804918798071040,21.448564291000366,0.232391357421875,0.172332763671875,0.55780029296875
1784804918807991296,21.458484411239624,0.4711456298828125,-0.0415496826171875,0.428558349609375
1784804918817910272,21.468403339385986,0.3138275146484375,-0.2895965576171875,0.440521240234375
1784804918827830272,21.478323459625244,0.34552001953125,-0.3369140625,0.5282440185546875
1784804918837749248,21.488242387771606,0.2997283935546875,-0.311737060546875,0.6264801025390625
1784804918847669248,21.498162269592285,0.1470794677734375,-0.0023040771484375,0.4491424560546875
1784804918857588224,21.508081436157227,-0.0444183349609375,0.3732147216796875,0.485321044921875
1784804918867507200,21.51800036430359,-0.0390777587890625,0.2858428955078125,0.57940673828125
1784804918877427456,21.527920484542847,0.1031036376953125,0.0393829345703125,0.6421966552734375
1784804918887346176,21.53783941268921,0.0869140625,-0.02838134765625,0.751678466796875
1784804918897266176,21.547759294509888,0.0370025634765625,-0.0185699462890625,0.888824462890625
1784804918907185408,21.55767846107483,0.1226043701171875,-0.1643829345703125,1.0050811767578125
1784804918917105152,21.567598342895508,0.0742950439453125,-0.18499755859375,0.95001220703125
1784804918927024128,21.57751727104187,0.132293701171875,-0.14434814453125,1.0198211669921875
1784804918936943360,21.58743643760681,0.0212554931640625,-0.224517822265625,0.9768218994140625
1784804918946863104,21.59735631942749,0.04742431640625,-0.1765289306640625,1.0858001708984375
1784804918956782080,21.607275247573853,0.0869903564453125,-0.1423187255859375,1.0841522216796875
1784804918966702336,21.61719536781311,0.14093017578125,-0.0828399658203125,1.1589202880859375
1784804918976621056,21.627114295959473,0.1461029052734375,-0.1752166748046875,1.21978759765625
1784804918986541312,21.63703441619873,0.05999755859375,-0.190155029296875,1.382843017578125
1784804918996460544,21.646953582763672,0.1715850830078125,-0.21832275390625,1.3944091796875
1784804919006379264,21.656872510910034,0.207244873046875,-0.3118896484375,1.5637969970703125
1784804919016299520,21.666792631149292,0.3115386962890625,-0.4042510986328125,1.648651123046875
1784804919026218496,21.676711559295654,0.2379150390625,-0.4685821533203125,1.7162933349609375
1784804919036138496,21.686631679534912,0.169647216796875,-0.4647216796875,1.7902374267578125
1784804919046057472,21.696550607681274,0.217498779296875,-0.38330078125,1.7667694091796875
1784804919055977472,21.706470489501953,0.16448974609375,-0.2624053955078125,1.71820068359375
1784804919065896448,21.716389656066895,0.2184600830078125,-0.215972900390625,1.72479248046875
1784804919075815424,21.726308584213257,0.1739349365234375,-0.190704345703125,1.7842254638671875
1784804919085735424,21.736228466033936,0.144012451171875,-0.348541259765625,1.7749481201171875
1784804919095654400,21.746147632598877,0.1855926513671875,-0.4806365966796875,1.7344970703125
1784804919105574400,21.756067514419556,0.1369171142578125,-0.3997802734375,1.6996307373046875
1784804919115493632,21.765986680984497,0.142333984375,-0.308013916015625,1.6208648681640625
1784804919125413376,21.775906562805176,0.21636962890625,-0.29815673828125,1.552947998046875
1784804919135332352,21.785825490951538,0.284027099609375,-0.2630767822265625,1.4030303955078125
1784804919145252352,21.795745611190796,0.350494384765625,-0.125518798828125,1.3941192626953125
1784804919155171328,21.805664539337158,0.29119873046875,-0.026947021484375,1.4085845947265625
1784804919165090304,21.81558346748352,0.1011199951171875,-0.140655517578125,1.3453216552734375
1784804919175010560,21.82550358772278,-0.0266876220703125,-0.173004150390625,1.337890625
1784804919184929280,21.83542251586914,-0.0302581787109375,-0.2300262451171875,1.255767822265625
1784804919194849536,21.8453426361084,-0.1220245361328125,-0.2099456787109375,1.28466796875
1784804919204768512,21.85526156425476,-0.1262359619140625,-0.1815948486328125,1.1417694091796875
1784804919214688512,21.86518168449402,-0.214508056640625,0.0133209228515625,1.130950927734375
1784804919224607488,21.87510061264038,-0.39532470703125,0.1506805419921875,0.977386474609375
1784804919234526464,21.885019540786743,-0.4559478759765625,0.24481201171875,0.9704437255859375
1784804919244446464,21.894939661026,-0.4080352783203125,0.0761260986328125,0.8060150146484375
1784804919254365440,21.904858589172363,-0.4854736328125,0.051300048828125,0.67657470703125
1784804919264285440,21.914778470993042,-0.4488067626953125,0.15643310546875,0.4654083251953125
1784804919274204416,21.924697637557983,-0.579376220703125,0.4004364013671875,0.4101715087890625
1784804919284124416,21.934617519378662,-0.6526947021484375,0.5487823486328125,0.29290771484375
1784804919294043648,21.944536685943604,-0.64581298828125,0.6575164794921875,0.3036346435546875
1784804919303962368,21.954455614089966,-0.675048828125,0.5383453369140625,0.2274017333984375
1784804919313882368,21.964375495910645,-0.6462249755859375,0.38775634765625,0.2378082275390625
1784804919323801600,21.974294662475586,-0.4463653564453125,0.4848480224609375,0.445037841796875
1784804919333721344,21.984214544296265,-0.36407470703125,0.2979888916015625,0.4022064208984375
1784804919343640320,21.994133472442627,-0.501251220703125,0.1018218994140625,0.519744873046875
1784804919353560320,22.004053592681885,-0.56292724609375,-0.0216217041015625,0.515533447265625
1784804919363479296,22.013972520828247,-0.4832305908203125,-0.1150970458984375,0.4897003173828125
1784804919373398528,22.02389168739319,-0.4001312255859375,-0.0611724853515625,0.498809814453125
1784804919383318528,22.033811569213867,-0.3258514404296875,-0.005859375,0.50250244140625
1784804919393237248,22.04373049736023,-0.161376953125,0.0726470947265625,0.34014892578125
1784804919403157504,22.053650617599487,-0.0481719970703125,0.1849365234375,0.4293670654296875
1784804919413076480,22.06356954574585,0.0264434814453125,0.1646270751953125,0.44464111328125
1784804919422996480,22.073489665985107,0.1463470458984375,0.2130584716796875,0.4163055419921875
1784804919432915456,22.08340859413147,0.1788177490234375,0.2093963623046875,0.408905029296875
1784804919442835456,22.09332847595215,0.16522216796875,0.0421295166015625,0.3394775390625
1784804919452754432,22.10324764251709,0.032623291015625,-0.099884033203125,0.329315185546875
1784804919462673408,22.113166570663452,0.0339813232421875,-0.0618743896484375,0.360595703125
1784804919472593664,22.12308669090271,0.040679931640625,0.0467987060546875,0.4044342041015625
1784804919482512384,22.133005619049072,0.022857666015625,0.19110107421875,0.47039794921875
1784804919492432384,22.14292550086975,0.0593414306640625,0.2202911376953125,0.4928436279296875
1784804919502351616,22.152844667434692,0.1102447509765625,0.09869384765625,0.666046142578125
1784804919512271360,22.16276454925537,0.075103759765625,-0.0635528564453125,0.8874053955078125
1784804919522190336,22.172683477401733,0.1612548828125,-0.223297119140625,0.992462158203125
1784804919532109568,22.182602643966675,0.1381683349609375,-0.299163818359375,1.0794219970703125
1784804919542029312,22.192522525787354,0.1922760009765625,-0.296112060546875,1.0626068115234375
1784804919551948544,22.202441692352295,0.112884521484375,-0.3070831298828125,1.0555572509765625
1784804919561868544,22.212361574172974,-0.0157318115234375,-0.117645263671875,1.091339111328125
1784804919571787264,22.222280502319336,-0.036956787109375,-0.00390625,1.1143341064453125
1784804919581707520,22.232200622558594,-0.1343841552734375,-0.036773681640625,1.222564697265625
1784804919591626496,22.242119550704956,-0.0822296142578125,-0.15234375,1.312835693359375
1784804919601545216,22.25203847885132,-0.0066070556640625,-0.283905029296875,1.4832916259765625
1784804919611465472,22.261958599090576,0.0186004638671875,-0.437408447265625,1.5999298095703125
1784804919621384448,22.27187752723694,0.04241943359375,-0.4909820556640625,1.7204742431640625
1784804919631304448,22.281797647476196,0.1096038818359375,-0.4834747314453125,1.6284027099609375
1784804919641223424,22.29171657562256,0.138427734375,-0.2999725341796875,1.464080810546875
1784804919651143424,22.301636457443237,0.11737060546875,-0.0803680419921875,1.3861846923828125
1784804919661062400,22.31155562400818,0.129669189453125,0.0699462890625,1.3531036376953125
1784804919670982400,22.321475505828857,0.092864990234375,0.0260009765625,1.496612548828125
1784804919680901632,22.3313946723938,0.0935516357421875,-0.121490478515625,1.8132476806640625
1784804919690820352,22.34131360054016,0.178466796875,-0.407318115234375,1.9405059814453125
1784804919700740352,22.35123348236084,0.2088775634765625,-0.63421630859375,1.8759918212890625
1784804919710659584,22.36115264892578,0.3103179931640625,-0.749267578125,1.752593994140625
1784804919720579328,22.37107253074646,0.3091583251953125,-0.643646240234375,1.6619873046875
1784804919730498304,22.380991458892822,0.264892578125,-0.4738311767578125,1.5366363525390625
1784804919740418560,22.39091157913208,0.21337890625,-0.3449249267578125,1.428619384765625
1784804919750337280,22.400830507278442,0.1876068115234375,-0.2319793701171875,1.409637451171875
1784804919760256512,22.410749673843384,0.175384521484375,-0.2205657958984375,1.38275146484375
1784804919770176512,22.420669555664062,0.15692138671875,-0.240203857421875,1.37701416015625
1784804919780095232,22.430588483810425,0.089874267578125,-0.2314605712890625,1.3551483154296875
1784804919790015488,22.440508604049683,-0.00775146484375,-0.1750640869140625,1.2874755859375
1784804919799934464,22.450427532196045,-0.1076812744140625,-0.049957275390625,1.3038177490234375
1784804919809854464,22.460347652435303,-0.1223602294921875,-0.01422119140625,1.2368927001953125
1784804919819773440,22.470266580581665,-0.1799774169921875,-0.0371551513671875,1.153350830078125
1784804919829693440,22.480186462402344,-0.1855621337890625,-0.0497894287109375,1.0219573974609375
1784804919839612416,22.490105628967285,-0.2469940185546875,0.0102996826171875,0.8506927490234375
1784804919849531392,22.500024557113647,-0.452484130859375,0.077545166015625,0.7367095947265625
1784804919859451648,22.509944677352905,-0.4528656005859375,0.14093017578125,0.667999267578125
1784804919869370368,22.519863605499268,-0.4866485595703125,0.209320068359375,0.615386962890625
1784804919879290368,22.529783487319946,-0.6476287841796875,0.29888916015625,0.5893096923828125
1784804919889209600,22.539702653884888,-0.657379150390625,0.3614349365234375,0.540924072265625
1784804919899129344,22.549622535705566,-0.72381591796875,0.3024139404296875,0.4040374755859375
1784804919909048320,22.55954146385193,-0.8174896240234375,0.5401153564453125,0.4525909423828125
1784804919918967552,22.56946063041687,-0.7442474365234375,0.565765380859375,0.446197509765625
1784804919928887296,22.57938051223755,-0.518402099609375,0.51068115234375,0.3558349609375
1784804919938806528,22.58929967880249,-0.60552978515625,0.4872894287109375,0.3792266845703125
1784804919948726528,22.59921956062317,-0.467926025390625,0.2368927001953125,0.339263916015625
1784804919958645248,22.60913848876953,-0.5486297607421875,0.1570587158203125,0.4010009765625
1784804919968565504,22.61905860900879,-0.4557647705078125,0.2779388427734375,0.4317169189453125
1784804919978484480,22.62897753715515,-0.4477081298828125,0.29443359375,0.353790283203125
1784804919988404480,22.63889765739441,-0.4444427490234375,0.3051300048828125,0.47900390625
1784804919998323968,22.64881706237793,-0.415802001953125,0.087249755859375,0.5128326416015625
1784804920008242944,22.658735990524292,-0.2980804443359375,-0.0854339599609375,0.4916534423828125
1784804920018162688,22.66865587234497,-0.2331695556640625,-0.0581207275390625,0.670318603515625
1784804920028081920,22.678575038909912,-0.192901611328125,-0.0529327392578125,0.6966094970703125
1784804920038001664,22.68849492073059,-0.0600738525390625,-0.009307861328125,0.7063751220703125
1784804920047920640,22.698413848876953,0.138336181640625,0.032958984375,0.646148681640625
1784804920057840896,22.70833396911621,0.1085052490234375,0.0635528564453125,0.618438720703125
1784804920067759872,22.718252897262573,0.22625732421875,0.07354736328125,0.5272369384765625
1784804920077679872,22.72817301750183,0.3124237060546875,0.091888427734375,0.45941162109375
1784804920087598848,22.738091945648193,0.30401611328125,0.0500335693359375,0.4641265869140625
1784804920097517824,22.748010873794556,0.2623291015625,-0.115386962890625,0.5815582275390625
1784804920107437824,22.757930994033813,0.2229461669921875,-0.106048583984375,0.584197998046875
1784804920117356800,22.767849922180176,0.0617523193359375,0.0629730224609375,0.67730712890625
1784804920127276800,22.777770042419434,0.059722900390625,0.1287384033203125,0.708251953125
1784804920137195776,22.787688970565796,0.0859375,0.054412841796875,0.7799072265625
1784804920147115776,22.797608852386475,0.16162109375,-0.0319061279296875,0.8824615478515625
1784804920157034752,22.807528018951416,0.1562957763671875,-0.04266357421875,1.023834228515625
1784804920166953728,22.81744694709778,0.150146484375,-0.13336181640625,1.0305938720703125
1784804920176873984,22.827367067337036,0.091156005859375,-0.214263916015625,1.12548828125
1784804920186792960,22.8372859954834,0.111785888671875,-0.3114776611328125,1.159332275390625
1784804920196712704,22.847205877304077,0.0919952392578125,-0.3196563720703125,1.2032470703125
1784804920206631936,22.85712504386902,0.0796966552734375,-0.1984405517578125,1.1607666015625
1784804920216551680,22.867044925689697,0.034393310546875,-0.1067657470703125,1.1256103515625
1784804920226470656,22.87696385383606,-0.0362396240234375,-0.1247711181640625,1.1571197509765625
1784804920236390912,22.886883974075317,-0.011199951171875,-0.1638031005859375,1.228057861328125
1784804920246309632,22.89680290222168,0.0405426025390625,-0.23748779296875,1.2009429931640625
1784804920256228608,22.906721830368042,0.116729736328125,-0.17913818359375,1.2344512939453125
1784804920266148864,22.9166419506073,0.18548583984375,-0.1415557861328125,1.408416748046875
1784804920276067840,22.926560878753662,0.2552032470703125,-0.21502685546875,1.4906463623046875
1784804920285987840,22.93648099899292,0.1545562744140625,-0.3171539306640625,1.573211669921875
1784804920295906816,22.946399927139282,0.0986785888671875,-0.3936309814453125,1.6032867431640625
1784804920305826816,22.95632004737854,0.130889892578125,-0.3260955810546875,1.6501617431640625
1784804920315745792,22.966238975524902,0.20556640625,-0.118133544921875,1.608489990234375
1784804920325665792,22.97615885734558,0.3273468017578125,0.0265045166015625,1.5521392822265625
1784804920335584768,22.986078023910522,0.38702392578125,-0.0306396484375,1.7534637451171875
1784804920345503744,22.995996952056885,0.318145751953125,-0.311614990234375,1.8870697021484375
1784804920355423744,23.005916833877563,0.199249267578125,-0.469512939453125,1.849365234375
1784804920365342976,23.015836000442505,0.166168212890625,-0.3872833251953125,1.7333221435546875
1784804920375262720,23.025755882263184,0.17083740234375,-0.062103271484375,1.6344757080078125
1784804920385181952,23.035675048828125,0.2697906494140625,0.2399139404296875,1.46917724609375
1784804920395101696,23.045594930648804,0.25445556640625,0.2933502197265625,1.4299774169921875
1784804920405020672,23.055513858795166,0.1568145751953125,0.154205322265625,1.5375823974609375
1784804920414939904,23.065433025360107,0.07037353515625,-0.101806640625,1.6623992919921875
1784804920424859648,23.075352907180786,0.0450286865234375,-0.2994537353515625,1.709930419921875
1784804920434778624,23.08527183532715,0.005279541015625,-0.3420257568359375,1.6531524658203125
1784804920444698880,23.095191955566406,-0.078704833984375,-0.2574615478515625,1.4705657958984375
1784804920454617856,23.10511088371277,-0.068603515625,-0.059783935546875,1.3397979736328125
1784804920464537856,23.115031003952026,-0.0932159423828125,0.0675048828125,1.2298736572265625
1784804920474456832,23.12494993209839,-0.2067108154296875,0.179962158203125,1.11273193359375
1784804920484376832,23.134870052337646,-0.27178955078125,0.239654541015625,1.1196136474609375
1784804920494295808,23.14478898048401,-0.3210296630859375,0.1751708984375,1.0211944580078125
1784804920504214784,23.15470790863037,-0.344940185546875,0.0497283935546875,0.9468231201171875
1784804920514134784,23.16462802886963,-0.35113525390625,0.034332275390625,0.79827880859375
1784804920524053760,23.17454695701599,-0.2882537841796875,0.1353607177734375,0.6063232421875
1784804920533973760,23.18446683883667,-0.428955078125,0.2354736328125,0.3770751953125
1784804920543892736,23.19438600540161,-0.7049407958984375,0.5201416015625,0.37188720703125
1784804920553812736,23.20430588722229,-0.716827392578125,0.55450439453125,0.2811431884765625
1784804920563731968,23.21422505378723,-0.725555419921875,0.460693359375,0.276397705078125
1784804920573650944,23.224143981933594,-0.6383514404296875,0.3414306640625,0.3952178955078125
1784804920583570688,23.234063863754272,-0.5815277099609375,0.29925537109375,0.513580322265625
1784804920593489920,23.243983030319214,-0.6008148193359375,0.309539794921875,0.67022705078125
1784804920603409664,23.253902912139893,-0.561187744140625,0.409759521484375,0.60455322265625
1784804920613328640,23.263821840286255,-0.520111083984375,0.3987884521484375,0.4649810791015625
1784804920623248896,23.273741960525513,-0.4567718505859375,0.2231597900390625,0.3314971923828125
1784804920633167616,23.283660888671875,-0.3597869873046875,0.087615966796875,0.356231689453125
1784804920643087872,23.293581008911133,-0.4019012451171875,0.179412841796875,0.37371826171875
1784804920653006848,23.303499937057495,-0.5561370849609375,0.422027587890625,0.5472564697265625
1784804920662926848,23.313420057296753,-0.0408172607421875,0.221405029296875,0.323944091796875
1784804920672845824,23.323338985443115,0.0197906494140625,0.2134857177734375,0.380859375
1784804920682764800,23.333257913589478,0.0704345703125,0.2065277099609375,0.3695068359375
1784804920692684800,23.343178033828735,-0.0972900390625,0.2080078125,0.3696746826171875
1784804920702603776,23.353096961975098,-0.00848388671875,0.25030517578125,0.386810302734375
1784804920712523776,23.363016843795776,0.0854644775390625,0.3418731689453125,0.3286590576171875
1784804920722442752,23.372936010360718,0.0899658203125,0.29840087890625,0.3899078369140625
1784804920732362752,23.382855892181396,0.0969390869140625,0.123138427734375,0.4759368896484375
1784804920742281984,23.392775058746338,0.0103759765625,0.0150146484375,0.5745849609375
1784804920752200960,23.4026939868927,-0.071075439453125,0.1056976318359375,0.7044830322265625
1784804920762120704,23.41261386871338,-0.0407867431640625,0.18426513671875,0.727935791015625
1784804920772039936,23.42253303527832,-0.0183563232421875,0.174346923828125,0.744354248046875
1784804920781959680,23.432452917099,0.01263427734375,0.143341064453125,0.738311767578125
1784804920791878656,23.44237184524536,0.01531982421875,0.062957763671875,0.780609130859375
1784804920801798912,23.45229196548462,0.024078369140625,-0.021209716796875,0.860076904296875
1784804920811717632,23.46221089363098,0.0221405029296875,-0.0267791748046875,0.948089599609375
1784804920821637888,23.47213101387024,0.0087432861328125,0.0910491943359375,0.9783172607421875
1784804920831556864,23.4820499420166,0.0291595458984375,0.0577239990234375,0.9998779296875
1784804920841475840,23.491968870162964,0.061920166015625,0.03070068359375,1.03875732421875
1784804920851395840,23.50188899040222,0.0527191162109375,0.03533935546875,1.0972900390625
1784804920861314816,23.511807918548584,0.0476531982421875,-0.0656890869140625,1.055419921875
1784804920871234816,23.521728038787842,-0.0236968994140625,-0.087646484375,1.1442718505859375
1784804920881153792,23.531646966934204,-0.0653533935546875,-0.132080078125,1.17205810546875
1784804920891073792,23.541566848754883,-0.05645751953125,-0.061737060546875,1.2247772216796875
1784804920900992768,23.551486015319824,-0.07037353515625,-0.0377044677734375,1.290985107421875
1784804920910912768,23.561405897140503,-0.0165863037109375,-0.167236328125,1.3913421630859375
1784804920920832000,23.571325063705444,0.006072998046875,-0.3578643798828125,1.564453125
1784804920930750720,23.581243991851807,0.1219940185546875,-0.368927001953125,1.641937255859375
1784804920940670720,23.591163873672485,0.2135772705078125,-0.262786865234375,1.603607177734375
1784804920950589952,23.601083040237427,0.1964263916015625,-0.1117706298828125,1.57427978515625
1784804920960509696,23.611002922058105,0.201934814453125,-0.153839111328125,1.4945831298828125
1784804920970428672,23.620921850204468,0.21514892578125,-0.2247772216796875,1.43218994140625
1784804920980348928,23.630841970443726,0.294281005859375,-0.13360595703125,1.4912261962890625
1784804920990267648,23.640760898590088,0.2571868896484375,-0.165679931640625,1.6239776611328125
1784804921000185600,23.650678634643555,0.220550537109375,-0.377410888671875,1.6714324951171875
1784804921010104576,23.660597801208496,0.174285888671875,-0.481475830078125,1.6403350830078125
1784804921020023552,23.67051672935486,0.10760498046875,-0.40338134765625,1.6007232666015625
1784804921029943552,23.680436611175537,0.0336151123046875,-0.249908447265625,1.534393310546875
1784804921039862528,23.69035577774048,0.0665130615234375,-0.128570556640625,1.36688232421875
1784804921049782528,23.700275659561157,0.0625457763671875,0.0035247802734375,1.2656707763671875
1784804921059701504,23.71019458770752,0.0435943603515625,0.049224853515625,1.2159576416015625
1784804921069621504,23.720114707946777,-0.0030059814453125,-0.01025390625,1.184112548828125
1784804921079540480,23.73003363609314,-0.0705413818359375,-0.0859222412109375,1.2330780029296875
1784804921089460736,23.739953756332397,-0.1139373779296875,-0.12506103515625,1.2322845458984375
1784804921099379456,23.74987268447876,-0.1809539794921875,-0.0264129638671875,1.175445556640625
1784804921109298432,23.759791612625122,-0.2329864501953125,0.07049560546875,1.0643768310546875
1784804921119218688,23.76971173286438,-0.3044281005859375,0.1678009033203125,0.9647216796875
1784804921129137408,23.779630661010742,-0.351226806640625,0.1966094970703125,0.8826904296875
1784804921139057664,23.78955078125,-0.3732452392578125,0.143707275390625,0.779144287109375
1784804921148976640,23.799469709396362,-0.3887176513671875,0.072418212890625,0.72332763671875
1784804921158896384,23.80938959121704,-0.4920501708984375,0.0507354736328125,0.7373809814453125
1784804921168815616,23.819308757781982,-0.5436859130859375,0.0261077880859375,0.7557830810546875
1784804921178735616,23.82922863960266,-0.621002197265625,0.090423583984375,0.7808837890625
1784804921188654592,23.839147806167603,-0.6109466552734375,0.24066162109375,0.7094268798828125
1784804921198573568,23.849066734313965,-0.6453704833984375,0.40155029296875,0.572418212890625
1784804921208493568,23.858986616134644,-0.8497467041015625,0.469970703125,0.3982086181640625
1784804921218412544,23.868905782699585,-1.0252838134765625,0.7178192138671875,0.48565673828125
1784804921228332544,23.878825664520264,-0.644805908203125,0.6854248046875,0.311614990234375
1784804921238251520,23.888744592666626,-0.5871429443359375,0.530059814453125,0.336639404296875
1784804921248171520,23.898664712905884,-0.51617431640625,0.280487060546875,0.42437744140625
1784804921258090496,23.908583641052246,-0.324462890625,0.2035369873046875,0.4765472412109375
1784804921268010496,23.918503761291504,-0.3201904296875,0.16448974609375,0.5123748779296875
1784804921277929472,23.928422689437866,-0.0662384033203125,0.2254486083984375,0.4947967529296875
1784804921287848448,23.93834161758423,-0.29638671875,0.512939453125,0.4866790771484375
1784804921297768704,23.948261737823486,-0.4308013916015625,0.41900634765625,0.4937286376953125
1784804921307687424,23.95818066596985,-0.3032073974609375,0.1423797607421875,0.5458984375
1784804921317607680,23.968100786209106,-0.247344970703125,-0.061187744140625,0.7185211181640625
1784804921327526656,23.97801971435547,-0.0687713623046875,-0.1869049072265625,0.7513580322265625
1784804921337446400,23.987939596176147,-0.01324462890625,-0.1887359619140625,0.7976837158203125
1784804921347365632,23.99785876274109,0.13665771484375,-0.0245513916015625,0.841156005859375
1784804921357285376,24.007778644561768,0.16241455078125,0.123016357421875,0.783477783203125
1784804921367204608,24.01769781112671,0.1778106689453125,0.177734375,0.606048583984375
1784804921377123584,24.02761673927307,0.1241302490234375,0.15423583984375,0.583709716796875
1784804921387043584,24.03753662109375,0.112701416015625,0.0688018798828125,0.545074462890625
1784804921396962560,24.04745578765869,0.07110595703125,-0.0122833251953125,0.6578826904296875
1784804921406882560,24.05737566947937,0.071075439453125,-0.020294189453125,0.8162078857421875
1784804921416801536,24.067294597625732,-7.62939453125e-05,0.0199432373046875,0.9212493896484375
1784804921426721536,24.07721471786499,0.0167083740234375,0.0305328369140625,0.947906494140625
1784804921436640512,24.087133646011353,0.0141448974609375,0.0465545654296875,0.933502197265625
1784804921446560512,24.09705376625061,0.0996856689453125,0.09844970703125,0.8734588623046875
1784804921456479488,24.106972694396973,0.1460723876953125,0.161590576171875,0.8580169677734375
1784804921466398464,24.116891622543335,0.1160888671875,0.2272186279296875,0.9384002685546875
1784804921476318720,24.126811742782593,0.0063934326171875,0.2593841552734375,1.0312042236328125
1784804921486237440,24.136730670928955,-0.03887939453125,0.2121734619140625,1.0991363525390625
1784804921496157696,24.146650791168213,-0.0236663818359375,0.054901123046875,1.1592864990234375
1784804921506076672,24.156569719314575,-0.0698394775390625,-0.083343505859375,1.2391357421875
1784804921515996416,24.166489601135254,-0.0164947509765625,-0.2012786865234375,1.2917938232421875
1784804921525915648,24.176408767700195,-0.0363006591796875,-0.238677978515625,1.364715576171875
1784804921535835392,24.186328649520874,0.0325164794921875,-0.2174530029296875,1.4676513671875
1784804921545754624,24.196247816085815,0.124267578125,-0.2539215087890625,1.5278167724609375
1784804921555673600,24.206166744232178,0.107818603515625,-0.215087890625,1.623931884765625
1784804921565593600,24.216086626052856,0.14935302734375,-0.2472076416015625,1.6508941650390625
1784804921575512576,24.226005792617798,0.1198883056640625,-0.291229248046875,1.6521759033203125
1784804921585432576,24.235925674438477,0.0751800537109375,-0.290252685546875,1.6701202392578125
1784804921595351552,24.24584460258484,0.10107421875,-0.1990203857421875,1.63494873046875
1784804921605271552,24.255764722824097,0.112945556640625,-0.0919647216796875,1.5549774169921875
1784804921615190528,24.26568365097046,0.21014404296875,-0.0184783935546875,1.4509124755859375
1784804921625110528,24.275603771209717,0.1983795166015625,0.05523681640625,1.4694061279296875
1784804921635029504,24.28552269935608,0.25323486328125,-0.079437255859375,1.538238525390625
1784804921644948480,24.29544162750244,0.2689056396484375,-0.36907958984375,1.5510101318359375
1784804921654868480,24.3053617477417,0.1844482421875,-0.4427337646484375,1.5397796630859375
1784804921664787456,24.31528067588806,0.158905029296875,-0.363677978515625,1.435821533203125
1784804921674707712,24.32520079612732,0.1650390625,-0.186309814453125,1.3184356689453125
1784804921684626688,24.33511972427368,0.1016693115234375,-0.006622314453125,1.246551513671875
1784804921694546432,24.34503960609436,0.0163726806640625,0.09100341796875,1.211151123046875
1784804921704465664,24.3549587726593,-0.047027587890625,0.0755157470703125,1.142486572265625
1784804921714385408,24.36487865447998,-0.063018798828125,-0.01324462890625,1.09197998046875
1784804921724304384,24.374797582626343,-0.1089630126953125,-0.0898590087890625,1.006439208984375
1784804921734223616,24.384716749191284,-0.1527557373046875,-0.0865631103515625,0.8973388671875
1784804921744143360,24.394636631011963,-0.2263946533203125,0.004150390625,0.8603973388671875
1784804921754062592,24.404555797576904,-0.3163909912109375,0.0720977783203125,0.813385009765625
1784804921763982592,24.414475679397583,-0.424468994140625,0.064910888671875,0.82275390625
1784804921773901568,24.424394607543945,-0.46075439453125,0.04144287109375,0.7895965576171875
1784804921783821568,24.434314727783203,-0.4413909912109375,0.1202392578125,0.760345458984375
1784804921793740544,24.444233655929565,-0.505523681640625,0.222900390625,0.721954345703125
1784804921803660544,24.454153776168823,-0.6052703857421875,0.3175201416015625,0.648529052734375
1784804921813579520,24.464072704315186,-0.5533447265625,0.432098388671875,0.56402587890625
1784804921823498496,24.473991632461548,-0.5650634765625,0.5008087158203125,0.415618896484375
1784804921833418496,24.483911752700806,-0.592193603515625,0.4072418212890625,0.2823944091796875
1784804921843337472,24.493830680847168,-0.5363006591796875,0.3998260498046875,0.33929443359375
1784804921853257728,24.503750801086426,-0.5814666748046875,0.4871978759765625,0.4323577880859375
1784804921863176704,24.513669729232788,-0.51910400390625,0.5682525634765625,0.3974456787109375
1784804921873096448,24.523589611053467,-0.5138397216796875,0.550323486328125,0.4189300537109375
1784804921883015680,24.533508777618408,-0.47607421875,0.5474853515625,0.4436187744140625
1784804921892935424,24.543428659439087,-0.4536895751953125,0.6240081787109375,0.50982666015625
1784804921902854400,24.55334758758545,-0.387115478515625,0.609161376953125,0.57989501953125
1784804921912773632,24.56326675415039,-0.19110107421875,0.5058441162109375,0.7340240478515625
1784804921922693376,24.57318663597107,-0.25775146484375,0.6063232421875,0.8516387939453125
1784804921932612608,24.58310580253601,-0.3707122802734375,0.6143951416015625,0.817474365234375
1784804921942532608,24.59302568435669,-0.3719940185546875,0.5401611328125,0.9228973388671875
1784804921952451584,24.60294461250305,0.0458831787109375,0.0608062744140625,1.0536651611328125
1784804921962371584,24.61286473274231,0.3392333984375,-0.1434783935546875,1.2325592041015625
1784804921972290560,24.622783660888672,0.5465087890625,0.0921630859375,1.45343017578125
1784804921982209536,24.632702589035034,0.1682586669921875,0.2963104248046875,1.032958984375
1784804921992129536,24.642622709274292,-0.302764892578125,0.4258575439453125,0.9069366455078125
1784804922002049792,24.65254282951355,0.0561981201171875,0.364959716796875,1.0516204833984375
1784804922011969536,24.66246271133423,0.31597900390625,0.1117095947265625,0.905914306640625
1784804922021888512,24.67238163948059,0.304473876953125,0.047698974609375,1.20269775390625
1784804922031808512,24.68230175971985,0.2109375,-0.10198974609375,1.19635009765625
1784804922041727488,24.69222068786621,0.0534515380859375,-0.19000244140625,1.1557769775390625
1784804922051647744,24.70214080810547,-0.05023193359375,-0.076080322265625,1.17364501953125
1784804922061566464,24.71205973625183,-0.142913818359375,0.063446044921875,1.058349609375
1784804922071485440,24.721978664398193,0.028472900390625,0.267303466796875,0.88348388671875
1784804922081405696,24.73189878463745,0.0631866455078125,0.196044921875,1.22265625
1784804922091324672,24.741817712783813,0.009552001953125,0.0438232421875,1.294677734375
1784804922101244672,24.75173783302307,-0.0411224365234375,0.06610107421875,1.322174072265625
1784804922111163648,24.761656761169434,-0.0685577392578125,0.268310546875,1.28973388671875
1784804922121083392,24.771576642990112,-0.072357177734375,0.5005035400390625,1.1178131103515625
1784804922131002624,24.781495809555054,-0.043853759765625,0.5229034423828125,1.088409423828125
1784804922140922624,24.791415691375732,0.0388031005859375,0.3813018798828125,1.105010986328125
1784804922150841600,24.801334857940674,0.0547943115234375,0.2064361572265625,1.2270965576171875
1784804922160760576,24.811253786087036,0.0471038818359375,0.024871826171875,1.186004638671875
1784804922170680576,24.821173667907715,0.0121612548828125,-0.0441741943359375,1.1390533447265625
1784804922180599808,24.831092834472656,-0.0124053955078125,0.0131378173828125,1.103729248046875
1784804922190519552,24.841012716293335,-0.0859375,0.1859130859375,1.1760711669921875
1784804922200438528,24.850931644439697,-0.210174560546875,0.394134521484375,1.20086669921875
1784804922210358528,24.860851764678955,-0.279388427734375,0.56494140625,1.1524505615234375
1784804922220277504,24.870770692825317,-0.2955780029296875,0.591461181640625,1.13165283203125
1784804922230197760,24.880690813064575,-0.2337799072265625,0.55572509765625,1.1831512451171875
1784804922240116480,24.890609741210938,-0.0765533447265625,0.420440673828125,1.271759033203125
1784804922250035456,24.9005286693573,-0.048675537109375,0.2043609619140625,1.321441650390625
1784804922259955712,24.910448789596558,-0.0897369384765625,-0.0291290283203125,1.388763427734375
1784804922269874688,24.92036771774292,-0.2016754150390625,-0.28399658203125,1.5125885009765625
1784804922279794688,24.930287837982178,-0.355865478515625,-0.48052978515625,1.5536956787109375
1784804922289713664,24.94020676612854,-0.365997314453125,-0.4618682861328125,1.4370880126953125
1784804922299633408,24.95012664794922,-0.282073974609375,-0.2315826416015625,1.301666259765625
1784804922309552640,24.96004581451416,-0.288482666015625,0.0825958251953125,1.19921875
1784804922319472640,24.96996569633484,-0.233001708984375,0.237152099609375,1.01873779296875
1784804922329391360,24.9798846244812,-0.1254119873046875,0.2823944091796875,0.61004638671875
1784804922339310592,24.989803791046143,-0.1184844970703125,0.1261444091796875,0.4267730712890625
1784804922349230592,24.99972367286682,-0.162261962890625,-0.072296142578125,0.5609283447265625
1784804922359149568,25.009642839431763,-0.2411651611328125,-0.154693603515625,0.6744842529296875
1784804922369069568,25.01956272125244,-0.3021392822265625,-0.2031402587890625,0.6080169677734375
1784804922378988544,25.029481649398804,-0.3393707275390625,-0.1410369873046875,0.5224151611328125
1784804922388908544,25.03940176963806,-0.24853515625,-0.0221710205078125,0.406951904296875
1784804922398827520,25.049320697784424,-0.2374420166015625,0.00347900390625,0.3505096435546875
1784804922408747776,25.05924081802368,-0.2984771728515625,-0.0530242919921875,0.3808746337890625
1784804922418666496,25.069159746170044,-0.4274444580078125,-0.140655517578125,0.4492340087890625
1784804922428585472,25.079078674316406,-0.472930908203125,-0.18896484375,0.56463623046875
1784804922438505728,25.088998794555664,-0.430999755859375,-0.2223358154296875,0.6126861572265625
1784804922448424704,25.098917722702026,-0.3680877685546875,-0.216583251953125,0.5088958740234375
1784804922458344704,25.108837842941284,-0.3979034423828125,-0.162506103515625,0.36688232421875
1784804922468263680,25.118756771087646,-0.43060302734375,-0.0982666015625,0.2722625732421875
1784804922478183424,25.128676652908325,-0.4869842529296875,-0.051483154296875,0.2350921630859375
1784804922488102656,25.138595819473267,-0.47943115234375,-0.0228424072265625,0.2454071044921875
1784804922498021632,25.14851474761963,-0.4355010986328125,0.0507659912109375,0.27703857421875
1784804922507941376,25.158434629440308,-0.398040771484375,0.10577392578125,0.254425048828125
1784804922517860608,25.16835379600525,-0.3917694091796875,0.08245849609375,0.22076416015625
1784804922527780608,25.178273677825928,-0.430267333984375,-0.01153564453125,0.179046630859375
1784804922537699584,25.18819284439087,-0.4565277099609375,-0.1425323486328125,0.1751861572265625
1784804922547619584,25.198112726211548,-0.4233551025390625,-0.2005157470703125,0.180877685546875
1784804922557538560,25.20803165435791,-0.367034912109375,-0.127471923828125,0.19281005859375
1784804922567458560,25.217951774597168,-0.2949981689453125,-0.0004425048828125,0.2509307861328125
1784804922577377536,25.22787070274353,-0.187530517578125,0.12945556640625,0.4024810791015625
1784804922587296512,25.237789630889893,-0.0876312255859375,0.167022705078125,0.568634033203125
1784804922597216512,25.24770975112915,-0.098297119140625,0.0409698486328125,0.7902374267578125
1784804922607135488,25.257628679275513,-0.071746826171875,-0.1295928955078125,0.991729736328125
1784804922617055744,25.26754879951477,-0.0887451171875,-0.1900634765625,1.0565643310546875
1784804922626974464,25.277467727661133,-0.1517486572265625,-0.14422607421875,0.9983062744140625
1784804922636894720,25.28738784790039,-0.1333770751953125,-0.160247802734375,0.91162109375
1784804922646813696,25.297306776046753,-0.1151885986328125,-0.1761322021484375,0.8862457275390625
1784804922656733440,25.30722665786743,-0.27056884765625,-0.2177276611328125,1.57208251953125
1784804922666652672,25.317145824432373,0.0335693359375,-0.3521881103515625,1.407623291015625
1784804922676571648,25.327064752578735,1.26336669921875,-0.178741455078125,1.6770172119140625
1784804922686491392,25.336984634399414,-0.8961639404296875,0.1441650390625,0.887664794921875
1784804922696410624,25.346903800964355,-0.4613189697265625,0.0142974853515625,1.2008209228515625
1784804922706330624,25.356823682785034,0.403228759765625,-0.34576416015625,0.904541015625
1784804922716249600,25.366742849349976,0.472198486328125,-0.60711669921875,0.973175048828125
1784804922726169600,25.376662731170654,0.083404541015625,-0.6595458984375,1.108642578125
1784804922736088576,25.386581659317017,0.0148162841796875,-0.6822967529296875,0.988922119140625
1784804922746008576,25.396501779556274,0.0525360107421875,-0.58343505859375,0.9727935791015625
1784804922755927552,25.406420707702637,0.180145263671875,-0.5785675048828125,0.98626708984375
1784804922765846528,25.416339635849,0.1964111328125,-0.733642578125,0.9366455078125
1784804922775766528,25.426259756088257,0.1726531982421875,-0.862152099609375,0.92669677734375
1784804922785685504,25.43617868423462,-0.01861572265625,-0.7483062744140625,0.7910614013671875
1784804922795605760,25.446098804473877,-0.2330474853515625,-0.4962158203125,0.4482879638671875
1784804922805524480,25.45601773262024,-0.30120849609375,-0.2007293701171875,0.1125640869140625
1784804922815444736,25.465937852859497,-0.1216583251953125,-0.350189208984375,-0.141510009765625
1784804922825363712,25.47585678100586,0.0653839111328125,-0.729095458984375,-0.0240631103515625
1784804922835282688,25.48577570915222,-0.14300537109375,-0.8387298583984375,0.4555816650390625
1784804922845202688,25.49569582939148,0.0670166015625,-0.962615966796875,0.838592529296875
1784804922855121664,25.505614757537842,-0.1280517578125,-0.6554718017578125,0.7082061767578125
1784804922865041408,25.51553463935852,0.12994384765625,-0.5284881591796875,0.55645751953125
1784804922874960640,25.525453805923462,0.2962493896484375,-0.6594696044921875,0.325775146484375
1784804922884880640,25.53537368774414,0.412811279296875,-0.7176361083984375,0.32867431640625
1784804922894799616,25.545292854309082,0.5391082763671875,-0.9408111572265625,0.2586212158203125
1784804922904719616,25.55521273612976,0.51580810546875,-1.337127685546875,0.2533111572265625
1784804922914638592,25.565131664276123,0.4222869873046875,-1.6283416748046875,0.2768707275390625
1784804922924557568,25.575050830841064,0.381988525390625,-1.754913330078125,0.4219818115234375
1784804922934477568,25.584970712661743,0.6897735595703125,-1.7805938720703125,0.2394866943359375
1784804922944396544,25.594889640808105,0.884429931640625,-1.542755126953125,0.1314239501953125
1784804922954316544,25.604809761047363,1.1962127685546875,-1.229156494140625,0.0444488525390625
1784804922964235520,25.614728689193726,0.966339111328125,-0.8070831298828125,0.05731201171875
1784804922974155776,25.624648809432983,0.9106292724609375,-0.7938690185546875,-0.2736663818359375
1784804922984074496,25.634567737579346,0.6277618408203125,-0.791839599609375,-0.361572265625
1784804922993993472,25.644486665725708,0.3603057861328125,-0.76983642578125,-0.4730072021484375
1784804923003913216,25.654406309127808,0.32513427734375,-0.8523712158203125,-0.7860870361328125
1784804923013832192,25.66432523727417,0.4251861572265625,-0.9781646728515625,-0.9569549560546875
1784804923023752192,25.674245357513428,0.3888092041015625,-1.1697540283203125,-1.096710205078125
1784804923033671168,25.68416428565979,0.21697998046875,-1.3043365478515625,-1.141021728515625
1784804923043591168,25.694084405899048,0.2935028076171875,-1.7712554931640625,-1.4601593017578125
1784804923053510144,25.70400333404541,0.2176361083984375,-1.92987060546875,-1.4192352294921875
1784804923063430144,25.71392321586609,0.0569915771484375,-1.6371612548828125,-1.5145721435546875
1784804923073349120,25.72384238243103,0.156036376953125,-1.116912841796875,-1.5830841064453125
1784804923083268096,25.733761310577393,0.2753143310546875,-0.974395751953125,-1.5898284912109375
1784804923093188352,25.74368143081665,0.4093170166015625,-1.136016845703125,-1.4613494873046875
1784804923103107328,25.753600358963013,0.34765625,-1.2751617431640625,-1.2724761962890625
1784804923113027072,25.76352024078369,0.2262725830078125,-1.17584228515625,-1.062530517578125
1784804923122946304,25.773439407348633,0.1065216064453125,-1.23663330078125,-0.823699951171875
1784804923132866048,25.78335928916931,0.0519256591796875,-1.7337799072265625,-0.810089111328125
1784804923142785024,25.793278217315674,0.1354522705078125,-2.11669921875,-0.8425750732421875
1784804923152704256,25.803197383880615,0.2296905517578125,-2.0571136474609375,-0.7725830078125
1784804923162624000,25.813117265701294,0.390350341796875,-1.9472503662109375,-0.759552001953125
1784804923172543232,25.823036432266235,0.5613250732421875,-1.89599609375,-0.517852783203125
1784804923182463232,25.832956314086914,0.5261993408203125,-1.9614410400390625,-0.5151824951171875
1784804923192382208,25.842875242233276,0.447174072265625,-2.1683197021484375,-0.4383392333984375
1784804923202302208,25.852795362472534,0.3118896484375,-2.17578125,-0.397430419921875
1784804923212221184,25.862714290618896,0.2626953125,-2.2243804931640625,-0.3257598876953125
1784804923222141184,25.872634410858154,0.50640869140625,-2.4387054443359375,-0.4226531982421875
1784804923232060160,25.882553339004517,0.6241912841796875,-2.4212493896484375,-0.5660552978515625
1784804923241979136,25.89247226715088,0.843719482421875,-2.243194580078125,-0.51275634765625
1784804923251899136,25.902392387390137,0.707977294921875,-2.16754150390625,-0.614990234375
1784804923261818112,25.9123113155365,0.4666748046875,-2.0330963134765625,-0.7370147705078125
1784804923271738368,25.922231435775757,0.2608795166015625,-1.948394775390625,-0.442138671875
1784804923281657344,25.93215036392212,0.0277862548828125,-1.5329437255859375,-0.3711090087890625
1784804923291577088,25.942070245742798,-0.1586151123046875,-1.0612640380859375,-0.5103912353515625
1784804923301496320,25.95198941230774,-0.208892822265625,-0.468963623046875,-0.174407958984375
1784804923311416064,25.961909294128418,-0.4006500244140625,0.2996826171875,0.2531585693359375
1784804923321335040,25.97182822227478,-0.5020904541015625,0.8496856689453125,0.6112823486328125
1784804923331254272,25.98174738883972,-0.6104888916015625,0.685638427734375,0.6289215087890625
1784804923341174016,25.9916672706604,-0.7718505859375,0.7320098876953125,0.7216339111328125
1784804923351093248,26.001586437225342,-0.798553466796875,0.4645843505859375,0.9933624267578125
1784804923361013248,26.01150631904602,-0.5132598876953125,-0.420562744140625,1.0222015380859375
1784804923370932224,26.021425247192383,0.1988372802734375,-0.65625,1.102325439453125
1784804923380852224,26.03134536743164,0.5512237548828125,0.0315704345703125,0.84417724609375
1784804923390771200,26.041264295578003,1.160003662109375,0.9792327880859375,0.6671295166015625
1784804923400690176,26.051183223724365,1.4041290283203125,1.788726806640625,0.028900146484375
1784804923410610176,26.061103343963623,1.6391754150390625,0.9915008544921875,-1.1934661865234375
1784804923420529152,26.071022272109985,2.0780029296875,-0.080291748046875,-1.261322021484375
1784804923430449152,26.080942392349243,2.8394775390625,-0.125,-0.8758087158203125
1784804923440368128,26.090861320495605,2.816680908203125,-0.2804107666015625,-1.58990478515625
1784804923450288384,26.100781440734863,2.223541259765625,-0.1588134765625,-2.0777130126953125
1784804923460207104,26.110700368881226,2.384735107421875,0.013671875,-2.622711181640625
1784804923470127104,26.120620250701904,2.54705810546875,-0.5706787109375,-2.834136962890625
1784804923480046336,26.130539417266846,2.1605682373046875,-1.2040557861328125,-2.8462066650390625
1784804923489965312,26.140458345413208,2.464569091796875,-1.2972412109375,-2.6236114501953125
1784804923499885056,26.150378227233887,2.6010894775390625,-1.224365234375,-2.898895263671875
1784804923509804288,26.160297393798828,2.328704833984375,-1.06964111328125,-3.202728271484375
1784804923519724032,26.170217275619507,2.185882568359375,-0.9567413330078125,-3.2523956298828125
1784804923529643264,26.18013644218445,2.012176513671875,-1.01129150390625,-2.720489501953125
1784804923539563264,26.190056324005127,1.8126373291015625,-1.518951416015625,-2.406768798828125
1784804923549481984,26.19997525215149,1.676788330078125,-1.97796630859375,-1.9731903076171875
1784804923559401216,26.20989441871643,1.4372100830078125,-2.27838134765625,-1.194854736328125
1784804923569321216,26.21981430053711,0.9197540283203125,-2.6404266357421875,-0.811676025390625
1784804923579240192,26.22973322868347,0.748443603515625,-2.540496826171875,-0.413238525390625
1784804923589160192,26.23965334892273,0.62591552734375,-2.5010223388671875,-0.171356201171875
1784804923599079168,26.249572277069092,0.8414459228515625,-1.8726043701171875,-0.310272216796875
1784804923608999168,26.25949239730835,1.118560791015625,-1.27886962890625,-0.5973052978515625
1784804923618918144,26.269411325454712,1.537811279296875,-1.385345458984375,-0.6608123779296875
1784804923628838144,26.27933120727539,1.5959930419921875,-1.489501953125,-0.7177581787109375
1784804923638757120,26.289250373840332,1.5442047119140625,-1.1773223876953125,-0.822662353515625
1784804923648676096,26.299169301986694,1.157470703125,-1.1542816162109375,-1.1724395751953125
1784804923658596352,26.309089422225952,1.766571044921875,-1.19036865234375,-1.047210693359375
1784804923668515328,26.319008350372314,2.23260498046875,-0.905426025390625,-1.0723419189453125
1784804923678435072,26.328928232192993,1.257232666015625,-1.3959808349609375,-1.4798126220703125
1784804923688354304,26.338847398757935,1.6892547607421875,-1.731781005859375,-2.071044921875
1784804923698274048,26.348767280578613,2.2710418701171875,-1.481689453125,-1.700775146484375
1784804923708193024,26.358686208724976,2.284210205078125,-0.9356842041015625,-1.57135009765625
1784804923718113280,26.368606328964233,2.28118896484375,-1.100494384765625,-1.6526031494140625
1784804923728032000,26.378525257110596,2.3695831298828125,-1.47698974609375,-1.5363616943359375
1784804923737951232,26.388444423675537,2.4162750244140625,-1.9056854248046875,-1.1520843505859375
1784804923747871232,26.398364305496216,2.345703125,-2.2321319580078125,-1.1816558837890625
1784804923757790208,26.408283233642578,2.447540283203125,-2.14154052734375,-1.180084228515625
1784804923767710208,26.418203353881836,2.58221435546875,-2.0006561279296875,-1.001190185546875
1784804923777629184,26.4281222820282,2.5559844970703125,-1.81976318359375,-0.7678985595703125
1784804923787549184,26.438042402267456,2.579071044921875,-1.3207855224609375,-0.3633880615234375
1784804923797468160,26.44796133041382,2.5574951171875,-0.5478363037109375,0.049530029296875
1784804923807388160,26.457881212234497,2.480499267578125,0.2224273681640625,0.3600311279296875
1784804923817307136,26.46780037879944,2.27752685546875,0.856201171875,0.5994110107421875
1784804923827226112,26.4777193069458,2.1243743896484375,1.357330322265625,0.7792816162109375
1784804923837146368,26.48763942718506,1.882415771484375,1.621246337890625,0.725341796875
1784804923847065088,26.49755835533142,1.617645263671875,1.62939453125,0.6527862548828125
1784804923856985088,26.5074782371521,1.414825439453125,1.4359283447265625,0.6222686767578125
1784804923866904320,26.51739740371704,1.2977447509765625,1.0391082763671875,0.5408477783203125
1784804923876824064,26.52731728553772,1.227935791015625,0.5446319580078125,0.5265960693359375
1784804923886743040,26.537236213684082,1.152618408203125,0.123687744140625,0.4074554443359375
1784804923896662272,26.547155380249023,1.15655517578125,-0.1222991943359375,0.3508453369140625
1784804923906582016,26.557075262069702,1.2763671875,-0.1536712646484375,0.4759521484375
1784804923916501248,26.566994428634644,1.412261962890625,-0.11798095703125,0.579010009765625
1784804923926421248,26.576914310455322,1.538482666015625,-0.1341400146484375,0.630035400390625
1784804923936339968,26.586833238601685,1.641571044921875,-0.1786956787109375,0.45550537109375
1784804923946260224,26.596753358840942,1.6596832275390625,-0.0924835205078125,0.148406982421875
1784804923956179200,26.606672286987305,1.7463226318359375,0.0367279052734375,-0.2279205322265625
1784804923966099200,26.616592407226562,1.8718109130859375,-0.05352783203125,-0.5352630615234375
1784804923976018176,26.626511335372925,2.0084991455078125,-0.400909423828125,-0.556793212890625
1784804923985937152,26.636430263519287,2.0521392822265625,-0.750701904296875,-0.2345123291015625
1784804923995857152,26.646350383758545,1.985076904296875,-1.038177490234375,0.2022552490234375
1784804924005777664,26.656270742416382,2.005584716796875,-1.207855224609375,0.5592803955078125
1784804924015697408,26.66619062423706,2.1861724853515625,-1.1690826416015625,0.8820648193359375
1784804924025616640,26.676109790802002,2.3014678955078125,-1.27178955078125,0.999786376953125
1784804924035536640,26.68602967262268,2.1450653076171875,-1.718658447265625,1.061553955078125
1784804924045455360,26.695948600769043,1.81390380859375,-2.28973388671875,1.445343017578125
1784804924055374592,26.705867767333984,1.2893218994140625,-2.481231689453125,1.7813720703125
1784804924065294592,26.715787649154663,0.8793487548828125,-2.282958984375,1.975189208984375
1784804924075213568,26.725706815719604,0.76434326171875,-2.00872802734375,2.1999664306640625
1784804924085133568,26.735626697540283,0.715728759765625,-1.9917144775390625,2.2996368408203125
1784804924095052544,26.745545625686646,0.4927520751953125,-2.210845947265625,2.7794036865234375
1784804924104972544,26.755465745925903,0.41925048828125,-2.99591064453125,3.008941650390625
1784804924114891520,26.765384674072266,0.3603973388671875,-5.375762939453125,3.311553955078125
1784804924124811776,26.775304794311523,0.701568603515625,-3.1941375732421875,3.5734100341796875
1784804924134730496,26.785223722457886,0.32183837890625,-0.173492431640625,1.5076141357421875
1784804924144649472,26.795142650604248,-0.099609375,-0.2173004150390625,1.396484375
1784804924154569728,26.805062770843506,-0.016937255859375,-1.218780517578125,0.856903076171875
1784804924164488448,26.814981698989868,0.5743560791015625,-1.7211151123046875,0.898895263671875
1784804924174408448,26.824901580810547,0.4998779296875,-2.1095428466796875,1.0686187744140625
1784804924184327680,26.83482074737549,0.2140045166015625,-1.7907867431640625,0.9672088623046875
1784804924194247424,26.844740629196167,0.1815338134765625,-1.1483612060546875,0.8276824951171875
1784804924204166656,26.85465979576111,0.0574493408203125,-0.581024169921875,0.5613250732421875
1784804924214085632,26.86457872390747,-0.1549530029296875,-0.0404510498046875,0.559356689453125
1784804924224005376,26.87449860572815,-0.3559722900390625,0.225921630859375,0.5878753662109375
1784804924233924608,26.88441777229309,-0.2724761962890625,-0.33282470703125,0.573455810546875
1784804924243844608,26.89433765411377,-0.1892547607421875,-1.206695556640625,0.71343994140625
1784804924253763328,26.904256582260132,0.078521728515625,-1.3968048095703125,1.0355377197265625
1784804924263683584,26.91417670249939,-0.34503173828125,-1.7528839111328125,1.1677093505859375
1784804924273602560,26.924095630645752,0.127227783203125,-1.6841583251953125,1.1514434814453125
1784804924283522560,26.93401575088501,0.451171875,-1.463775634765625,1.1126556396484375
1784804924293441536,26.943934679031372,0.51715087890625,-1.5183868408203125,0.8179931640625
1784804924303360512,26.953853607177734,0.5023651123046875,-1.49249267578125,0.91827392578125
1784804924313280512,26.963773727416992,0.6687774658203125,-1.6035308837890625,0.8760223388671875
1784804924323199488,26.973692655563354,0.941650390625,-1.44000244140625,0.81884765625
1784804924333119744,26.983612775802612,1.111907958984375,-1.12603759765625,0.8162994384765625
1784804924343038464,26.993531703948975,1.434906005859375,-0.8218536376953125,0.5290679931640625
1784804924352958464,27.003451585769653,1.2798919677734375,-0.5022430419921875,0.289520263671875
1784804924362877696,27.013370752334595,1.2953643798828125,-0.5832672119140625,-0.1171417236328125
1784804924372796416,27.023289680480957,1.1080474853515625,-0.7120361328125,-0.4210052490234375
1784804924382716672,27.033209800720215,0.7870635986328125,-0.7900543212890625,-0.485870361328125
1784804924392635648,27.043128728866577,0.51849365234375,-0.6912384033203125,-0.6595001220703125
1784804924402555392,27.053048610687256,0.3260650634765625,-0.2955169677734375,-0.621337890625
1784804924412474624,27.062967777252197,0.05548095703125,0.0014495849609375,-0.89019775390625
1784804924422394624,27.072887659072876,-0.1468963623046875,-0.15234375,-1.205474853515625
1784804924432313344,27.08280658721924,0.03912353515625,-0.4827117919921875,-1.393035888671875
1784804924442233600,27.092726707458496,-0.061676025390625,-1.23516845703125,-1.4415740966796875
1784804924452152576,27.10264563560486,-0.1291961669921875,-1.81744384765625,-1.1331329345703125
1784804924462071552,27.1125648021698,-0.164764404296875,-2.278656005859375,-0.887664794921875
1784804924471991552,27.12248468399048,-0.2676239013671875,-2.1121368408203125,-0.7518310546875
1784804924481910528,27.13240361213684,-0.0614776611328125,-1.9194488525390625,-0.6686248779296875
1784804924491830528,27.1423237323761,0.17596435546875,-1.63702392578125,-0.8322296142578125
1784804924501749504,27.15224266052246,0.2113037109375,-1.2489776611328125,-1.1140594482421875
1784804924511669760,27.16216278076172,0.3359527587890625,-1.344818115234375,-1.2303009033203125
1784804924521588480,27.17208170890808,0.4068145751953125,-1.3603363037109375,-1.0535430908203125
1784804924531508480,27.18200159072876,0.3419342041015625,-1.6235504150390625,-0.749603271484375
1784804924541427712,27.1919207572937,0.2762603759765625,-1.7467803955078125,-0.6825408935546875
1784804924551346432,27.201839685440063,0.3319244384765625,-1.8019256591796875,-0.400787353515625
1784804924561266688,27.21175980567932,0.5341644287109375,-1.9163665771484375,-0.27227783203125
1784804924571185664,27.221678733825684,0.6623077392578125,-2.2081451416015625,-0.306243896484375
1784804924581105408,27.231598615646362,0.6635894775390625,-2.1130828857421875,-0.1588897705078125
1784804924591024640,27.241517782211304,0.63751220703125,-2.18853759765625,-0.2046966552734375
1784804924600944640,27.251437664031982,0.6369781494140625,-2.69317626953125,-0.39495849609375
1784804924610863360,27.261356592178345,0.7024078369140625,-2.959869384765625,-0.6164703369140625
1784804924620783616,27.271276712417603,0.92919921875,-2.7643890380859375,-0.7420501708984375
1784804924630702592,27.281195640563965,1.21661376953125,-2.1270294189453125,-1.0444183349609375
1784804924640621568,27.291114807128906,1.0823211669921875,-1.66082763671875,-1.196929931640625
1784804924650541568,27.301034688949585,0.6396026611328125,-1.85028076171875,-1.0904693603515625
1784804924660460544,27.310953617095947,0.4979705810546875,-1.8563690185546875,-0.781890869140625
1784804924670380544,27.320873737335205,0.3151702880859375,-1.497650146484375,-0.74169921875
1784804924680299520,27.330792665481567,0.5178375244140625,-0.8902587890625,-0.559814453125
1784804924690219520,27.340712785720825,0.267852783203125,-0.27947998046875,-0.364044189453125
1784804924700138496,27.350631713867188,-0.1557769775390625,-0.0152740478515625,-0.2603302001953125
1784804924710057472,27.36055064201355,-0.5087890625,0.2370758056640625,-0.081573486328125
1784804924719977728,27.370470762252808,-0.4901580810546875,0.7247772216796875,0.233795166015625
1784804924729896448,27.38038969039917,-0.6683197021484375,1.26739501953125,0.5466766357421875
1784804924739816704,27.390309810638428,-0.8237457275390625,1.4129180908203125,0.8541259765625
1784804924749735680,27.40022873878479,-0.828369140625,0.9678192138671875,0.607086181640625
1784804924759655424,27.41014862060547,-0.5085601806640625,0.6557464599609375,0.7190399169921875
1784804924769574656,27.42006778717041,0.1757049560546875,0.273681640625,1.199554443359375
1784804924779494400,27.42998766899109,1.6026763916015625,0.199310302734375,0.587249755859375
1784804924789413376,27.43990659713745,2.0131378173828125,0.7170562744140625,-0.4622650146484375
1784804924799332608,27.449825763702393,2.0126953125,1.0475616455078125,-1.244049072265625
1784804924809252608,27.45974564552307,2.1824951171875,1.142059326171875,-1.4905242919921875
1784804924819171584,27.469664812088013,1.861358642578125,0.5357208251953125,-2.2790679931640625
1784804924829091584,27.47958469390869,2.4963531494140625,-0.4830474853515625,-2.3537139892578125
1784804924839010560,27.489503622055054,3.235687255859375,-0.9376983642578125,-2.603546142578125
1784804924848930560,27.49942374229431,2.548553466796875,-0.700103759765625,-2.705718994140625
1784804924858849536,27.509342670440674,2.00054931640625,-0.746612548828125,-2.710418701171875
1784804924868769536,27.51926279067993,1.888031005859375,-0.966339111328125,-2.720062255859375
1784804924878688512,27.529181718826294,2.1400909423828125,-0.9291534423828125,-2.8824615478515625
1784804924888608512,27.539101600646973,2.666900634765625,-1.067840576171875,-2.68389892578125
1784804924898527744,27.549020767211914,2.5257720947265625,-1.688079833984375,-2.7819976806640625
1784804924908446464,27.558939695358276,2.1544189453125,-2.1562652587890625,-2.4943084716796875
1784804924918366720,27.568859815597534,1.4295654296875,-2.62786865234375,-2.3173828125
1784804924928285696,27.578778743743896,1.2506561279296875,-2.6976776123046875,-1.49798583984375
1784804924938205440,27.588698625564575,0.9223175048828125,-2.890380859375,-1.1563873291015625
1784804924948124672,27.598617792129517,0.7233428955078125,-2.8093109130859375,-0.617431640625
1784804924958044416,27.608537673950195,0.746978759765625,-2.5889129638671875,-0.183380126953125
1784804924967963392,27.618456602096558,0.6818084716796875,-2.16876220703125,-0.1080474853515625
1784804924977883648,27.628376722335815,0.8694000244140625,-1.7873077392578125,-0.3433380126953125
1784804924987802624,27.638295650482178,1.0236968994140625,-1.4589080810546875,-0.392120361328125
1784804924997721600,27.64821481704712,1.0817718505859375,-1.3673248291015625,-0.615631103515625
1784804925007640320,27.658133506774902,1.1971588134765625,-1.321990966796875,-0.9812774658203125
1784804925017559296,27.668052434921265,1.426971435546875,-1.265167236328125,-1.143280029296875
1784804925027479296,27.677972555160522,1.784027099609375,-1.1640625,-1.1483001708984375
1784804925037398272,27.687891483306885,2.10003662109375,-1.0702972412109375,-1.0008392333984375
1784804925047318528,27.697811603546143,2.2624359130859375,-0.6436004638671875,-0.5267486572265625
1784804925057237504,27.707730531692505,1.1934661865234375,-1.1268463134765625,-0.54571533203125
1784804925067157248,27.717650413513184,0.683135986328125,-2.8430938720703125,-0.661529541015625
1784804925077076480,27.727569580078125,1.0158843994140625,-2.651702880859375,-0.6641998291015625
1784804925086995456,27.737488508224487,2.132232666015625,-1.8001556396484375,-1.580596923828125
1784804925096915200,27.747408390045166,2.5684356689453125,-1.35137939453125,-1.4687957763671875
1784804925106834432,27.757327556610107,2.81671142578125,-0.86871337890625,-1.6210479736328125
1784804925116754176,27.767247438430786,2.456787109375,-0.4801177978515625,-1.647552490234375
1784804925126673408,27.777166604995728,2.4987335205078125,-0.9534454345703125,-1.56390380859375
1784804925136593408,27.787086486816406,2.5992279052734375,-1.632598876953125,-1.7581787109375
1784804925146512384,27.79700541496277,2.6262359619140625,-1.550811767578125,-1.6929473876953125
1784804925156432384,27.806925535202026,2.85205078125,-1.1408233642578125,-1.5002899169921875
1784804925166351360,27.81684446334839,2.6258544921875,-1.1254730224609375,-1.3691864013671875
1784804925176270336,27.82676339149475,2.5103607177734375,-1.11407470703125,-1.0941619873046875
1784804925186190336,27.83668351173401,2.3870849609375,-0.98663330078125,-0.636199951171875
1784804925196109312,27.84660243988037,2.2554473876953125,-0.7135772705078125,-0.2315826416015625
1784804925206029312,27.85652256011963,2.10791015625,-0.2322845458984375,0.0751953125
1784804925215948288,27.86644148826599,1.949127197265625,0.493743896484375,0.51007080078125
1784804925225868544,27.87636160850525,1.7764434814453125,1.1728668212890625,0.7132415771484375
1784804925235787264,27.88628053665161,1.6186981201171875,1.62725830078125,0.833404541015625
1784804925245707264,27.89620041847229,1.370391845703125,1.8355560302734375,0.7709503173828125
1784804925255626496,27.90611958503723,1.1976470947265625,1.7431793212890625,0.610076904296875
1784804925265546240,27.91603946685791,1.18408203125,1.346649169921875,0.4236297607421875
1784804925275465216,27.925958395004272,1.3194732666015625,0.8159942626953125,0.241607666015625
1784804925285384448,27.935877561569214,1.451141357421875,0.3007354736328125,0.0758056640625
1784804925295304192,27.945797443389893,1.478668212890625,-0.0709228515625,0.005218505859375
1784804925305223168,27.955716371536255,1.4621429443359375,-0.1676177978515625,0.0803070068359375
1784804925315143424,27.965636491775513,1.526214599609375,-0.12274169921875,0.235107421875
1784804925325062400,27.975555419921875,1.6133575439453125,-0.1933441162109375,0.12451171875
1784804925334982400,27.985475540161133,1.755096435546875,-0.2487945556640625,0.142913818359375
1784804925344901376,27.995394468307495,1.86328125,-0.2940673828125,0.05975341796875
1784804925354821376,28.005314588546753,1.9576263427734375,-0.3624114990234375,-0.1581573486328125
1784804925364740352,28.015233516693115,1.9425201416015625,-0.360809326171875,-0.2021331787109375
1784804925374659328,28.025152444839478,1.897918701171875,-0.4951934814453125,-0.210906982421875
1784804925384579328,28.035072565078735,1.9416656494140625,-0.7334136962890625,-0.1455535888671875
1784804925394498304,28.044991493225098,1.9459075927734375,-0.928680419921875,0.065277099609375
1784804925404418304,28.054911375045776,1.9667205810546875,-1.0985870361328125,0.3079681396484375
1784804925414337280,28.064830541610718,1.986968994140625,-1.3107147216796875,0.4386749267578125
1784804925424257280,28.074750423431396,1.963287353515625,-1.4369964599609375,0.75006103515625
1784804925434176512,28.084669589996338,1.8113555908203125,-1.6759033203125,1.16094970703125
1784804925444096256,28.094589471817017,1.429718017578125,-1.849273681640625,1.5255126953125
1784804925454015232,28.10450839996338,1.2527008056640625,-1.99176025390625,1.8918304443359375
1784804925463934464,28.11442756652832,1.253265380859375,-2.246856689453125,2.2435455322265625
1784804925473854208,28.124347448349,1.3018035888671875,-2.2341461181640625,2.0261688232421875
1784804925483773184,28.13426637649536,1.2510528564453125,-1.8978271484375,1.989288330078125
1784804925493693440,28.14418649673462,0.7859954833984375,-2.037811279296875,2.62548828125
1784804925503612160,28.15410542488098,0.36114501953125,-4.146331787109375,3.2332763671875
1784804925513532416,28.16402554512024,0.6626739501953125,-6.41156005859375,4.8973236083984375
1784804925523451392,28.1739444732666,0.67578125,-2.011016845703125,1.6470184326171875
1784804925533371392,28.18386459350586,0.450958251953125,-0.22467041015625,1.9581451416015625
1784804925543290368,28.19378352165222,-0.1327362060546875,-0.49761962890625,1.336944580078125
1784804925553209344,28.203702449798584,0.1183929443359375,-0.98529052734375,1.279632568359375
1784804925563129344,28.213622570037842,0.488677978515625,-1.726409912109375,1.2088470458984375
1784804925573048320,28.223541498184204,0.26019287109375,-2.02557373046875,1.2015228271484375
1784804925582968320,28.233461380004883,0.2949371337890625,-1.6078643798828125,1.413421630859375
1784804925592887296,28.243380546569824,0.0915679931640625,-0.892913818359375,1.5267486572265625
1784804925602807296,28.253300428390503,-0.160491943359375,-0.29498291015625,1.3572845458984375
1784804925612726528,28.263219594955444,-0.1635589599609375,-0.27313232421875,0.6137542724609375
1784804925622646272,28.273139476776123,-0.18896484375,-0.58306884765625,0.31475830078125
1784804925632565248,28.283058404922485,-0.0017547607421875,-0.8371429443359375,0.43231201171875
1784804925642485504,28.292978525161743,0.077911376953125,-1.025146484375,0.672882080078125
1784804925652404224,28.302897453308105,0.083770751953125,-1.356231689453125,0.441070556640625
1784804925662323200,28.312816381454468,0.1714019775390625,-1.2635650634765625,0.506195068359375
1784804925672243456,28.322736501693726,0.0439910888671875,-1.1759033203125,0.49383544921875
1784804925682162176,28.332655429840088,0.5560760498046875,-1.1121063232421875,0.41802978515625
1784804925692082432,28.342575550079346,0.7362213134765625,-1.2501373291015625,0.2801513671875
1784804925702001408,28.352494478225708,0.7754058837890625,-1.46875,0.11346435546875
1784804925711921408,28.362414598464966,1.0949249267578125,-1.570709228515625,0.330841064453125
1784804925721840384,28.372333526611328,1.280029296875,-1.578125,0.307525634765625
1784804925731760384,28.382253408432007,1.16021728515625,-1.38580322265625,0.345001220703125
1784804925741679360,28.39217257499695,1.13946533203125,-0.8061676025390625,0.2800445556640625
1784804925751598336,28.40209150314331,0.7518310546875,-0.849609375,-0.2520599365234375
1784804925761518336,28.41201138496399,0.650970458984375,-0.408203125,-0.1457672119140625
1784804925771437312,28.42193055152893,0.4839019775390625,-0.30853271484375,-0.4617767333984375
1784804925781357312,28.43185043334961,0.510162353515625,-0.0574798583984375,-0.49530029296875
1784804925791276544,28.44176959991455,0.4248504638671875,-0.101470947265625,-0.6689300537109375
1784804925801196288,28.45168948173523,0.1574249267578125,-0.240875244140625,-0.8027496337890625
1784804925811115264,28.461608409881592,0.017730712890625,-0.5255279541015625,-1.0753021240234375
1784804925821035264,28.47152853012085,-0.149505615234375,-0.7859039306640625,-1.3637847900390625
1784804925830954240,28.481447458267212,-0.1427764892578125,-0.999267578125,-1.347198486328125
1784804925840874496,28.49136757850647,-0.05413818359375,-1.2532958984375,-1.496246337890625
1784804925850793472,28.501286506652832,-0.0476837158203125,-1.3845367431640625,-1.580108642578125
1784804925860712192,28.511205434799194,0.0255889892578125,-1.75933837890625,-1.374542236328125
1784804925870632448,28.521125555038452,-0.1338043212890625,-2.1153564453125,-1.0638427734375
1784804925880551424,28.531044483184814,-0.0748748779296875,-2.175018310546875,-0.872344970703125
1784804925890471424,28.540964603424072,0.07183837890625,-2.220062255859375,-0.925048828125
1784804925900390400,28.550883531570435,0.271087646484375,-2.13336181640625,-0.855438232421875
1784804925910310144,28.560803413391113,0.416015625,-1.8029632568359375,-0.9758758544921875
1784804925920229376,28.570722579956055,0.6230621337890625,-1.356231689453125,-0.962493896484375
1784804925930149376,28.580642461776733,0.71160888671875,-1.2099609375,-0.8360443115234375
1784804925940068352,28.590561389923096,0.560150146484375,-1.767059326171875,-1.01556396484375
1784804925949987328,28.600480556488037,0.3562774658203125,-2.0731658935546875,-0.8506622314453125
1784804925959907328,28.610400438308716,0.394287109375,-2.229705810546875,-0.7187957763671875
1784804925969826560,28.620319604873657,0.699798583984375,-2.1348114013671875,-0.7104034423828125
1784804925979746304,28.630239486694336,0.8890228271484375,-1.951446533203125,-0.6276702880859375
1784804925989665280,28.6401584148407,0.9337005615234375,-1.8972930908203125,-0.579315185546875
1784804925999585280,28.650078535079956,0.8320465087890625,-1.9199066162109375,-0.452423095703125
1784804926009505280,28.659998416900635,0.9118804931640625,-2.1632080078125,-0.5428314208984375
1784804926019425280,28.669918537139893,0.81427001953125,-2.4578857421875,-0.5865325927734375
1784804926029344256,28.679837465286255,0.6531982421875,-2.3712921142578125,-0.487823486328125
1784804926039264256,28.689757347106934,0.537139892578125,-1.94610595703125,-0.6887054443359375
1784804926049183488,28.699676513671875,0.40069580078125,-1.2981414794921875,-0.6175384521484375
1784804926059102208,28.709595441818237,0.4884033203125,-1.100799560546875,-0.41680908203125
1784804926069022464,28.719515562057495,0.1036834716796875,-1.0216064453125,-0.45465087890625
1784804926078941440,28.729434490203857,-0.07293701171875,-0.6330413818359375,-0.126251220703125
1784804926088861184,28.739354372024536,-0.120391845703125,0.0453338623046875,0.326080322265625
1784804926098780416,28.749273538589478,-0.5950927734375,0.4559326171875,0.4406280517578125
1784804926108700160,28.759193420410156,-0.5517425537109375,1.349945068359375,0.555084228515625
1784804926118619136,28.76911234855652,-0.7007904052734375,1.4838409423828125,0.4241790771484375
1784804926128539392,28.779032468795776,-0.84027099609375,1.2515106201171875,0.3989105224609375
1784804926138458368,28.78895139694214,-0.0971832275390625,0.752410888671875,0.2161407470703125
1784804926148378368,28.798871517181396,0.858673095703125,0.685089111328125,0.1374664306640625
1784804926158297344,28.80879044532776,1.0931243896484375,0.7609405517578125,0.264190673828125
1784804926168216320,28.81870937347412,0.701934814453125,1.131317138671875,0.0111083984375
1784804926178136320,28.82862949371338,0.812652587890625,1.3496246337890625,-0.4504852294921875
1784804926188055296,28.83854842185974,1.0807037353515625,0.9589996337890625,-1.5166168212890625
1784804926197975296,28.848468542099,1.9293670654296875,0.0351715087890625,-2.1072998046875
1784804926207894272,28.85838747024536,3.082977294921875,-0.16925048828125,-2.2211456298828125
1784804926217814272,28.86830735206604,3.3186492919921875,-0.5888214111328125,-2.4454345703125
1784804926227733248,28.87822651863098,2.5220184326171875,-0.7455596923828125,-2.960784912109375
1784804926237653248,28.88814640045166,1.9947357177734375,-0.97113037109375,-2.9171905517578125
1784804926247572480,28.8980655670166,2.0025787353515625,-1.1558074951171875,-2.7501678466796875
1784804926257492224,28.90798544883728,2.0608673095703125,-1.3126983642578125,-2.60797119140625
1784804926267411200,28.917904376983643,1.6319427490234375,-1.4239654541015625,-2.4175262451171875
1784804926277330432,28.927823543548584,1.34942626953125,-1.566864013671875,-2.2740936279296875
1784804926287250176,28.937743425369263,1.08453369140625,-1.6900177001953125,-2.1737213134765625
1784804926297169152,28.947662353515625,1.18511962890625,-1.863311767578125,-2.0475311279296875
1784804926307089408,28.957582473754883,1.1771240234375,-2.030975341796875,-1.9245147705078125
1784804926317008384,28.967501401901245,1.2175750732421875,-1.99969482421875,-1.773681640625
1784804926326928384,28.977421522140503,1.2962493896484375,-2.0601043701171875,-1.65289306640625
1784804926336847360,28.987340450286865,1.4538116455078125,-2.0228729248046875,-1.3946380615234375
1784804926346767104,28.997260332107544,1.3737640380859375,-1.8486328125,-1.036895751953125
1784804926356686336,29.007179498672485,1.146392822265625,-1.84271240234375,-0.7652435302734375
1784804926366606336,29.017099380493164,0.9170684814453125,-1.8623809814453125,-0.4864044189453125
1784804926376525312,29.027018547058105,0.9336090087890625,-1.708343505859375,-0.18011474609375
1784804926386444288,29.036937475204468,1.006378173828125,-1.5078582763671875,-0.296417236328125
1784804926396364288,29.046857357025146,1.0253753662109375,-1.202178955078125,-0.613983154296875
1784804926406283264,29.056776523590088,1.0932769775390625,-0.786468505859375,-0.7801666259765625
1784804926416203264,29.066696405410767,1.3027191162109375,-0.7115325927734375,-1.03826904296875
1784804926426122240,29.07661533355713,1.5666961669921875,-0.6518096923828125,-1.1400604248046875
1784804926436042240,29.086535453796387,1.65966796875,-0.761566162109375,-1.19622802734375
1784804926445961216,29.09645438194275,1.7847747802734375,-0.7078399658203125,-0.9396209716796875
1784804926455881472,29.106374502182007,1.6717071533203125,-0.6786956787109375,-0.3323516845703125
1784804926465800192,29.11629343032837,1.5095672607421875,-1.000030517578125,0.1759033203125
1784804926475720448,29.126213550567627,0.5819244384765625,-2.0186920166015625,-0.5653533935546875
1784804926485639424,29.13613247871399,0.840362548828125,-1.91766357421875,-0.62286376953125
1784804926495558144,29.14605140686035,1.2744598388671875,-1.41387939453125,-0.8959503173828125
1784804926505478400,29.15597152709961,1.4678802490234375,-0.872406005859375,-1.32073974609375
1784804926515397376,29.16589045524597,2.1473846435546875,-0.885284423828125,-1.5377655029296875
1784804926525317120,29.17581033706665,2.4662017822265625,-1.1413116455078125,-1.6512603759765625
1784804926535236352,29.185729503631592,2.316436767578125,-1.6144561767578125,-1.4339141845703125
1784804926545156352,29.19564938545227,2.01568603515625,-2.0816650390625,-1.5736541748046875
1784804926555075328,29.205568552017212,2.5313568115234375,-2.087921142578125,-1.494720458984375
1784804926564995328,29.21548843383789,2.3047027587890625,-1.8703460693359375,-1.3395843505859375
1784804926574914304,29.225407361984253,2.36016845703125,-1.755340576171875,-1.23809814453125
1784804926584834304,29.23532748222351,2.2224578857421875,-1.5092926025390625,-0.9841461181640625
1784804926594753280,29.245246410369873,2.116058349609375,-1.261871337890625,-0.6634979248046875
1784804926604672256,29.255165338516235,2.01898193359375,-0.83880615234375,-0.2970733642578125
1784804926614592256,29.265085458755493,1.9159088134765625,-0.276397705078125,0.097259521484375
1784804926624511232,29.275004386901855,1.748321533203125,0.294097900390625,0.3492889404296875
1784804926634431488,29.284924507141113,1.4972381591796875,0.78790283203125,0.5670166015625
1784804926644350208,29.294843435287476,1.361236572265625,1.107086181640625,0.6632232666015625
1784804926654270464,29.304763555526733,1.151123046875,1.2509918212890625,0.6875
1784804926664189440,29.314682483673096,0.9304351806640625,1.2402191162109375,0.657318115234375
1784804926674109184,29.324602365493774,0.841339111328125,1.1430511474609375,0.6241302490234375
1784804926684028416,29.334521532058716,0.8214111328125,0.9343719482421875,0.53753662109375
1784804926693948160,29.344441413879395,0.885772705078125,0.7299041748046875,0.4484710693359375
1784804926703867136,29.354360342025757,0.9912261962890625,0.5254058837890625,0.2608184814453125
1784804926713787392,29.364280462265015,1.115081787109375,0.341583251953125,0.078521728515625
1784804926723706368,29.374199390411377,1.243804931640625,0.217315673828125,0.0951385498046875
1784804926733625344,29.38411855697632,1.328857421875,0.045013427734375,0.0719451904296875
1784804926743545344,29.394038438796997,1.4076080322265625,-0.142547607421875,-0.035003662109375
1784804926753464320,29.40395736694336,1.508758544921875,-0.2407073974609375,-0.0393218994140625
1784804926763384320,29.413877487182617,1.5867767333984375,-0.2298431396484375,-0.1034088134765625
1784804926773303296,29.42379641532898,1.7396087646484375,-0.1534271240234375,-0.1638641357421875
1784804926783223296,29.433716535568237,1.8900299072265625,-0.1325836181640625,-0.18341064453125
1784804926793142272,29.4436354637146,1.9870758056640625,-0.25537109375,-0.154510498046875
1784804926803062272,29.45355534553528,2.1188507080078125,-0.4109954833984375,-0.0297088623046875
1784804926812981248,29.46347451210022,2.2021331787109375,-0.718719482421875,0.1865692138671875
1784804926822900224,29.473393440246582,2.14556884765625,-1.1963958740234375,0.3004150390625
1784804926832820480,29.48331356048584,2.0055084228515625,-1.43597412109375,0.5162506103515625
1784804926842739456,29.493232488632202,1.7781219482421875,-1.4254302978515625,0.6654510498046875
1784804926852659200,29.50315237045288,1.4874420166015625,-1.2210235595703125,0.95086669921875
1784804926862578432,29.513071537017822,1.4228668212890625,-1.0939788818359375,1.3416900634765625
1784804926872498176,29.5229914188385,1.445892333984375,-1.152587890625,1.81280517578125
1784804926882417152,29.532910346984863,1.1827545166015625,-1.1966094970703125,2.4171905517578125
1784804926892337408,29.54283046722412,0.927001953125,-1.453369140625,2.938018798828125
1784804926902256128,29.552749395370483,0.9000244140625,-1.9616546630859375,3.364990234375
1784804926912176384,29.56266951560974,0.61529541015625,-2.4886322021484375,3.8562164306640625
1784804926922095360,29.572588443756104,0.5862884521484375,-2.9864349365234375,4.079742431640625
1784804926932014336,29.582507371902466,-0.0537567138671875,-5.503631591796875,4.2179412841796875
1784804926941934336,29.592427492141724,1.508636474609375,-2.8324127197265625,3.7624969482421875
1784804926951853312,29.602346420288086,0.6541900634765625,0.8795928955078125,1.348785400390625
1784804926961773312,29.612266540527344,-0.1635284423828125,0.157806396484375,0.80889892578125
1784804926971692288,29.622185468673706,-0.1536865234375,-1.300018310546875,0.152923583984375
1784804926981612288,29.632105350494385,0.4205169677734375,-1.8846588134765625,0.885498046875
1784804926991531264,29.642024517059326,0.3163909912109375,-2.3646240234375,0.9685821533203125
1784804927001451264,29.651944398880005,0.2922515869140625,-2.072235107421875,1.1617889404296875
1784804927011369216,29.66186237335205,0.2335662841796875,-1.319061279296875,1.178131103515625
1784804927021289472,29.67178249359131,-0.0003662109375,-0.6065521240234375,1.167724609375
1784804927031208192,29.68170142173767,-0.356170654296875,0.046112060546875,1.05401611328125
1784804927041127168,29.691620349884033,-0.24163818359375,0.0985107421875,0.46893310546875
1784804927051047424,29.70154047012329,-0.0218353271484375,-0.344024658203125,0.2130584716796875
1784804927060966144,29.711459398269653,0.10113525390625,-0.9432525634765625,0.4333038330078125
1784804927070886400,29.72137951850891,0.01641845703125,-1.4905853271484375,0.6254730224609375
1784804927080805376,29.731298446655273,0.0687103271484375,-1.739166259765625,0.689422607421875
1784804927090725376,29.74121856689453,0.15997314453125,-1.6700286865234375,0.830902099609375
1784804927100644352,29.751137495040894,0.38409423828125,-1.474273681640625,0.6120758056640625
1784804927110564352,29.761057376861572,0.4712371826171875,-1.132110595703125,0.46417236328125
1784804927120483328,29.770976543426514,0.65289306640625,-1.105072021484375,0.406402587890625
1784804927130403328,29.780896425247192,0.83953857421875,-1.292572021484375,0.3040313720703125
1784804927140322304,29.790815353393555,1.034881591796875,-1.387847900390625,0.2389984130859375
1784804927150241280,29.800734519958496,1.2626953125,-1.3461456298828125,0.6232452392578125
1784804927160161280,29.810654401779175,1.1502685546875,-1.31939697265625,0.0220947265625
1784804927170080256,29.820573329925537,1.25390625,-1.0655670166015625,0.0471343994140625
1784804927180000256,29.830493450164795,1.02166748046875,-1.0639190673828125,-0.4009552001953125
1784804927189919232,29.840412378311157,0.8029632568359375,-0.7600250244140625,-0.4226837158203125
1784804927199839232,29.850332498550415,0.6733551025390625,-0.540496826171875,-0.4998016357421875
1784804927209758208,29.860251426696777,0.2423248291015625,-0.2853546142578125,-0.648223876953125
1784804927219678464,29.870171546936035,-0.0092620849609375,-0.2374267578125,-0.7398223876953125
1784804927229597440,29.880090475082397,0.064056396484375,-0.83526611328125,-0.98077392578125
1784804927239517184,29.890010356903076,0.194915771484375,-1.2776336669921875,-1.107696533203125
1784804927249436416,29.899929523468018,-0.1391754150390625,-1.3853912353515625,-1.0885009765625
1784804927259355392,29.90984845161438,-0.055877685546875,-1.352874755859375,-1.183624267578125
1784804927269275136,29.91976833343506,0.030059814453125,-1.115386962890625,-1.0264129638671875
1784804927279194368,29.9296875,0.07635498046875,-1.035308837890625,-0.8443603515625
1784804927289114112,29.93960738182068,0.0540771484375,-1.3908843994140625,-0.8829803466796875
1784804927299033344,29.94952654838562,0.1038970947265625,-2.0415496826171875,-1.033599853515625
1784804927308953344,29.9594464302063,0.20928955078125,-2.0857086181640625,-1.305572509765625
1784804927318872320,29.96936535835266,0.476776123046875,-1.7912750244140625,-1.4564208984375
1784804927328792320,29.97928547859192,0.8204345703125,-1.634246826171875,-1.383453369140625
1784804927338711296,29.98920440673828,0.976470947265625,-1.5540771484375,-1.14630126953125
1784804927348631296,29.99912452697754,0.9246978759765625,-1.287994384765625,-0.835479736328125
1784804927358550272,30.0090434551239,0.6006011962890625,-1.258056640625,-0.900909423828125
1784804927368470272,30.01896333694458,0.3808441162109375,-1.4787445068359375,-0.94342041015625
1784804927378389248,30.02888250350952,0.4473876953125,-1.8912506103515625,-1.08367919921875
1784804927388308224,30.038801431655884,0.85528564453125,-1.786651611328125,-0.9638519287109375
1784804927398228480,30.04872155189514,0.925445556640625,-1.5777740478515625,-0.802947998046875
1784804927408147456,30.058640480041504,0.8353118896484375,-1.5460968017578125,-0.7578582763671875
1784804927418067200,30.068560361862183,0.8252105712890625,-1.94525146484375,-0.8314208984375
1784804927427986432,30.078479528427124,0.75634765625,-2.450958251953125,-0.9384765625
1784804927437906176,30.088399410247803,0.4292755126953125,-2.4666748046875,-0.9188079833984375
1784804927447825152,30.098318338394165,0.4498443603515625,-2.2770538330078125,-0.902252197265625
1784804927457745408,30.108238458633423,0.427642822265625,-2.0074310302734375,-0.9478302001953125
1784804927467664128,30.118157386779785,0.176055908203125,-1.6244964599609375,-0.8958892822265625
1784804927477584384,30.128077507019043,-0.111602783203125,-1.40557861328125,-0.641693115234375
1784804927487503360,30.137996435165405,-0.2481231689453125,-1.0583343505859375,-0.2169952392578125
1784804927497422336,30.147915363311768,-0.171356201171875,-0.8230743408203125,-0.0517578125
1784804927507342336,30.157835483551025,-0.530914306640625,-0.260528564453125,0.1319427490234375
1784804927517261312,30.167754411697388,-0.793609619140625,0.5640869140625,0.2747955322265625
1784804927527181312,30.177674531936646,-0.586944580078125,1.1284637451171875,0.39691162109375
1784804927537100288,30.187593460083008,-0.4842376708984375,1.6177520751953125,0.4065093994140625
1784804927547020288,30.197513341903687,-0.0338592529296875,1.413299560546875,0.061004638671875
1784804927556939264,30.207432508468628,0.3168792724609375,0.8697357177734375,0.0822296142578125
1784804927566859264,30.217352390289307,0.2863311767578125,0.4303131103515625,0.2711181640625
1784804927576778496,30.227271556854248,0.667724609375,-0.2997894287109375,0.0642547607421875
1784804927586698240,30.237191438674927,1.1346282958984375,0.088104248046875,0.15435791015625
1784804927596617216,30.24711036682129,0.956573486328125,1.283966064453125,-0.4071197509765625
1784804927606536448,30.25702953338623,0.788787841796875,1.6314239501953125,-0.9744873046875
1784804927616456192,30.26694941520691,1.2246856689453125,1.11419677734375,-1.7279510498046875
1784804927626375168,30.27686834335327,1.794158935546875,0.21099853515625,-2.2610015869140625
1784804927636295424,30.28678846359253,1.9362945556640625,-0.0594024658203125,-2.015899658203125
1784804927646214144,30.29670739173889,2.0189971923828125,-0.5140228271484375,-2.2807159423828125
1784804927656134400,30.30662751197815,1.6922149658203125,-0.853302001953125,-2.5154266357421875
1784804927666053376,30.31654644012451,1.87298583984375,-0.87164306640625,-2.51702880859375
1784804927675973376,30.32646656036377,1.8069000244140625,-0.8831024169921875,-2.4779815673828125
1784804927685892352,30.336385488510132,1.8940887451171875,-1.007659912109375,-2.4739532470703125
1784804927695812352,30.34630537033081,1.569732666015625,-1.1005859375,-2.2685394287109375
1784804927705731328,30.356224536895752,1.3365631103515625,-1.1927337646484375,-2.037445068359375
1784804927715651328,30.36614441871643,1.4754180908203125,-1.4130859375,-2.1112213134765625
1784804927725570304,30.376063346862793,1.1843719482421875,-1.564483642578125,-2.1591033935546875
1784804927735489280,30.385982513427734,1.0608673095703125,-1.71856689453125,-1.86761474609375
1784804927745409280,30.395902395248413,1.1249237060546875,-1.8347320556640625,-1.7999267578125
1784804927755328512,30.405821561813354,0.996307373046875,-1.9449310302734375,-1.9179840087890625
1784804927765248256,30.415741443634033,1.1099395751953125,-2.1318359375,-1.7562103271484375
1784804927775167232,30.425660371780396,1.45745849609375,-2.1583709716796875,-1.56787109375
1784804927785087232,30.435580492019653,1.17626953125,-1.9316253662109375,-1.2092437744140625
1784804927795006208,30.445499420166016,1.26043701171875,-1.836517333984375,-0.4554901123046875
1784804927804926464,30.455419540405273,1.0629425048828125,-1.9398040771484375,-0.5047607421875
1784804927814845440,30.465338468551636,0.9913482666015625,-1.7565765380859375,-0.1788177490234375
1784804927824765184,30.475258350372314,0.890045166015625,-1.9484405517578125,-0.1371002197265625
1784804927834684416,30.485177516937256,0.917724609375,-2.028289794921875,-0.1669158935546875
1784804927844603392,30.495096445083618,1.206817626953125,-1.7921905517578125,-0.311859130859375
1784804927854523392,30.505016565322876,1.500732421875,-1.26385498046875,-0.75787353515625
1784804927864442368,30.51493549346924,1.6733856201171875,-0.6879425048828125,-1.138671875
1784804927874362112,30.524855375289917,1.7164459228515625,-0.4503936767578125,-1.4733123779296875
1784804927884281344,30.53477454185486,1.733184814453125,-0.72418212890625,-1.35064697265625
1784804927894201344,30.544694423675537,1.9019317626953125,-0.9472198486328125,-0.9368133544921875
1784804927904120320,30.5546133518219,1.798492431640625,-1.0442047119140625,-0.6654510498046875
1784804927914040320,30.564533472061157,1.2714385986328125,-1.619354248046875,-0.4145660400390625
1784804927923959296,30.57445240020752,1.2239837646484375,-2.4535675048828125,-0.9052886962890625
1784804927933879296,30.584372520446777,1.267913818359375,-2.1777191162109375,-0.9831085205078125
1784804927943798272,30.59429144859314,1.9608612060546875,-1.495391845703125,-1.1828155517578125
1784804927953718272,30.60421133041382,2.4095916748046875,-1.2649383544921875,-1.43255615234375
1784804927963637248,30.61413049697876,2.94915771484375,-0.7945098876953125,-1.23468017578125
1784804927973556224,30.624049425125122,2.589813232421875,-1.0653076171875,-1.041717529296875
1784804927983476480,30.63396954536438,2.3604888916015625,-1.667266845703125,-0.977783203125
1784804927993395456,30.643888473510742,2.1129913330078125,-1.864044189453125,-1.0333709716796875
1784804928003316224,30.653809309005737,2.1664886474609375,-1.7790679931640625,-0.8821868896484375
1784804928013235456,30.66372847557068,2.4891204833984375,-1.4338226318359375,-0.6824798583984375
1784804928023155200,30.673648357391357,2.4970703125,-1.0792236328125,-0.412689208984375
1784804928033074176,30.68356728553772,2.1109771728515625,-0.7790374755859375,-0.1463775634765625
1784804928042994176,30.693487405776978,1.99444580078125,-0.2510223388671875,0.18768310546875
1784804928052913152,30.70340633392334,1.8487701416015625,0.2356719970703125,0.5307769775390625
1784804928062833408,30.713326454162598,1.6220855712890625,0.733062744140625,0.7617950439453125
1784804928072752128,30.72324538230896,1.4837188720703125,1.07293701171875,0.911376953125
1784804928082672128,30.73316526412964,1.2220306396484375,1.277984619140625,0.8995513916015625
1784804928092591360,30.74308443069458,1.015899658203125,1.5070037841796875,0.8954925537109375
1784804928102510336,30.753003358840942,0.8529510498046875,1.6476287841796875,0.750457763671875
1784804928112430336,30.7629234790802,0.7873992919921875,1.5676422119140625,0.4967041015625
1784804928122349312,30.772842407226562,0.8672943115234375,1.3146820068359375,0.349334716796875
1784804928132269056,30.78276228904724,1.0547943115234375,0.890167236328125,0.175506591796875
1784804928142188288,30.792681455612183,1.2100830078125,0.355804443359375,0.01611328125
1784804928152108288,30.80260133743286,1.3607177734375,-0.08770751953125,-0.188751220703125
1784804928162027008,30.812520265579224,1.4508819580078125,-0.264373779296875,-0.2114105224609375
1784804928171947264,30.82244038581848,1.4586639404296875,-0.2516937255859375,-0.226806640625
1784804928181866240,30.832359313964844,1.4277191162109375,-0.246978759765625,-0.17205810546875
1784804928191786240,30.8422794342041,1.442626953125,-0.2333221435546875,-0.047882080078125
1784804928201705216,30.852198362350464,1.6244354248046875,-0.25921630859375,0.0361328125
1784804928211625216,30.86211848258972,1.8731536865234375,-0.279571533203125,0.006927490234375
1784804928221544192,30.872037410736084,2.00811767578125,-0.308746337890625,-0.0230560302734375
1784804928231463168,30.881956338882446,1.9809112548828125,-0.5892333984375,0.06707763671875
1784804928241383424,30.891876459121704,1.84814453125,-1.0919189453125,0.151397705078125
1784804928251302144,30.901795387268066,1.7891693115234375,-1.430938720703125,0.34527587890625
1784804928261222144,30.911715269088745,1.794921875,-1.422088623046875,0.5219268798828125
1784804928271141376,30.921634435653687,1.8912506103515625,-1.258819580078125,0.7279510498046875
1784804928281061120,30.931554317474365,1.7584686279296875,-1.316497802734375,1.011260986328125
1784804928290980352,30.941473484039307,1.65081787109375,-1.5840301513671875,1.37322998046875
1784804928300900096,30.951393365859985,1.4586334228515625,-1.8108978271484375,1.7603759765625
1784804928310819072,30.961312294006348,1.3054351806640625,-1.9878387451171875,2.283477783203125
1784804928320739328,30.971232414245605,1.14678955078125,-2.227874755859375,2.4311065673828125
1784804928330658304,30.981151342391968,0.5992889404296875,-2.3085784912109375,2.7587890625
1784804928340577024,30.99107027053833,0.2019195556640625,-2.2001495361328125,3.120513916015625
1784804928350497280,31.000990390777588,0.104736328125,-2.402557373046875,3.0464324951171875
1784804928360416256,31.01090931892395,-0.2100677490234375,-5.493621826171875,2.8226776123046875
1784804928370336256,31.020829439163208,1.398651123046875,-2.203125,3.2501983642578125
1784804928380255232,31.03074836730957,0.8631591796875,0.448486328125,0.7967987060546875
1784804928390175232,31.04066824913025,-0.310089111328125,-0.3917999267578125,0.973480224609375
1784804928400094208,31.05058741569519,0.0028228759765625,-1.4900665283203125,0.9209136962890625
1784804928410014208,31.06050729751587,0.41729736328125,-1.7128448486328125,1.4261627197265625
1784804928419933440,31.07042646408081,0.1994476318359375,-1.9502105712890625,1.48370361328125
1784804928429853184,31.08034634590149,0.059326171875,-1.812408447265625,1.3364410400390625
1784804928439772160,31.09026527404785,0.0772705078125,-1.1548309326171875,1.381500244140625
1784804928449691392,31.100184440612793,-0.07037353515625,-0.4840545654296875,1.2250518798828125
1784804928459611136,31.11010432243347,-0.22955322265625,-0.2248382568359375,0.733428955078125
1784804928469530112,31.120023250579834,-0.190338134765625,-0.5410003662109375,0.0706329345703125
1784804928479450112,31.129943370819092,-0.027496337890625,-1.0035552978515625,0.33929443359375
1784804928489369088,31.139862298965454,-0.1112213134765625,-1.2994842529296875,0.61163330078125
1784804928499289344,31.149782419204712,-0.1407928466796875,-1.59716796875,0.608001708984375
1784804928509208320,31.159701347351074,0.058349609375,-1.384765625,0.836883544921875
1784804928519128320,31.169621467590332,0.3640594482421875,-1.1303558349609375,0.7373046875
1784804928529047296,31.179540395736694,0.457733154296875,-1.0102691650390625,0.6120147705078125
1784804928538967040,31.189460277557373,0.4745025634765625,-0.981048583984375,0.6297149658203125
1784804928548886272,31.199379444122314,0.6912841796875,-1.195159912109375,0.4322509765625
1784804928558805248,31.209298372268677,0.8647918701171875,-1.4072265625,0.397735595703125
1784804928568724992,31.219218254089355,1.2156219482421875,-1.3079071044921875,0.648284912109375
1784804928578644224,31.229137420654297,1.1611175537109375,-1.5066375732421875,0.4708404541015625
1784804928588564224,31.239057302474976,1.18670654296875,-1.123321533203125,0.2893829345703125
1784804928598483200,31.248976469039917,1.0147247314453125,-0.9186248779296875,-0.0090484619140625
1784804928608403200,31.258896350860596,0.7549591064453125,-0.720428466796875,-0.3227691650390625
1784804928618322176,31.268815279006958,0.679779052734375,-0.1868438720703125,-0.2671661376953125
1784804928628242176,31.278735399246216,0.6337432861328125,-0.055419921875,-0.584869384765625
1784804928638161152,31.288654327392578,0.36370849609375,-0.034423828125,-1.0871734619140625
1784804928648081408,31.298574447631836,0.310791015625,-0.535064697265625,-1.3429412841796875
1784804928658000128,31.3084933757782,0.2296600341796875,-0.983062744140625,-1.3710174560546875
1784804928667920128,31.318413257598877,0.1551513671875,-1.0501861572265625,-1.5408172607421875
1784804928677839360,31.32833242416382,0.1480255126953125,-0.959136962890625,-1.662750244140625
1784804928687758080,31.33825135231018,0.0752105712890625,-1.0268707275390625,-1.516510009765625
1784804928697678336,31.34817147254944,-6.103515625e-05,-1.17529296875,-1.6063385009765625
1784804928707597312,31.3580904006958,0.1030731201171875,-1.31634521484375,-1.4365692138671875
1784804928717517056,31.36801028251648,0.1129302978515625,-1.5411224365234375,-1.2958221435546875
1784804928727436288,31.37792944908142,0.1231689453125,-1.6420745849609375,-0.921783447265625
1784804928737356288,31.3878493309021,0.0841064453125,-1.9351043701171875,-0.656463623046875
1784804928747275008,31.397768259048462,0.0216522216796875,-2.0091400146484375,-0.568450927734375
1784804928757195264,31.40768837928772,0.0679168701171875,-1.7125091552734375,-0.562713623046875
1784804928767114240,31.417607307434082,0.16693115234375,-1.4395904541015625,-0.4877166748046875
1784804928777034240,31.42752742767334,0.2297515869140625,-1.4520111083984375,-0.52581787109375
1784804928786953216,31.437446355819702,0.3798980712890625,-1.5585479736328125,-0.463226318359375
1784804928796872192,31.447365283966064,0.319976806640625,-1.74920654296875,-0.3294219970703125
1784804928806792192,31.457285404205322,0.3578643798828125,-1.8772735595703125,-0.302703857421875
1784804928816711168,31.467204332351685,0.4405975341796875,-2.0604705810546875,-0.28076171875
1784804928826631424,31.477124452590942,0.4362640380859375,-2.228607177734375,-0.1951904296875
1784804928836550144,31.487043380737305,0.5593109130859375,-2.268035888671875,-0.486236572265625
1784804928846470144,31.496963262557983,0.4912261962890625,-2.1484832763671875,-0.579620361328125
1784804928856389376,31.506882429122925,0.463409423828125,-2.1911163330078125,-0.4389495849609375
1784804928866309120,31.516802310943604,0.639739990234375,-2.4586181640625,-0.54217529296875
1784804928876228352,31.526721477508545,0.8524627685546875,-2.3194580078125,-0.539215087890625
1784804928886148096,31.536641359329224,0.7057037353515625,-2.0814208984375,-0.4972686767578125
1784804928896067072,31.546560287475586,0.3417510986328125,-2.095947265625,-0.8187713623046875
1784804928905987328,31.556480407714844,0.2712249755859375,-1.69000244140625,-0.70294189453125
1784804928915906304,31.566399335861206,0.3569488525390625,-0.9785003662109375,-0.3134918212890625
1784804928925825024,31.57631826400757,0.4145050048828125,-0.6112823486328125,-0.3760528564453125
1784804928935745280,31.586238384246826,-0.0168914794921875,-0.3282318115234375,-0.2927703857421875
1784804928945664256,31.59615731239319,-0.473876953125,0.076873779296875,0.1381072998046875
1784804928955584256,31.606077432632446,-0.6596221923828125,0.2769012451171875,0.318572998046875
1784804928965503232,31.61599636077881,-0.487945556640625,0.3194122314453125,0.6474456787109375
1784804928975423232,31.625916481018066,-0.2044219970703125,0.665496826171875,0.7718963623046875
1784804928985342208,31.63583540916443,0.1782073974609375,0.7359161376953125,0.570465087890625
1784804928995262208,31.645755290985107,0.452789306640625,0.39508056640625,-0.01678466796875
1784804929005179904,31.655673027038574,0.5443115234375,0.5939483642578125,-0.03497314453125
1784804929015099904,31.665593147277832,0.6363067626953125,0.1925506591796875,-0.3515472412109375
1784804929025018880,31.675512075424194,0.4071044921875,0.5515899658203125,-0.2574920654296875
1784804929034937856,31.685431003570557,0.4472503662109375,0.866607666015625,-0.468505859375
1784804929044857856,31.695351123809814,0.781707763671875,0.9890899658203125,-0.44256591796875
1784804929054776832,31.705270051956177,1.0920867919921875,0.8374176025390625,-0.8582611083984375
1784804929064697088,31.715190172195435,1.7058868408203125,0.878997802734375,-1.557098388671875
1784804929074616064,31.725109100341797,2.04461669921875,0.0436553955078125,-2.2869873046875
1784804929084535808,31.735028982162476,2.183349609375,-0.6385650634765625,-2.4145660400390625
1784804929094455040,31.744948148727417,2.4287872314453125,-1.079620361328125,-2.721466064453125
1784804929104374784,31.754868030548096,2.085052490234375,-1.0278167724609375,-2.814483642578125
1784804929114293760,31.764786958694458,1.7514801025390625,-1.0748443603515625,-2.55462646484375
1784804929124214016,31.774707078933716,1.4363250732421875,-1.37896728515625,-2.4048309326171875
1784804929134132736,31.784626007080078,1.650054931640625,-1.524017333984375,-2.409759521484375
1784804929144052992,31.794546127319336,1.688873291015625,-1.701080322265625,-2.556884765625
1784804929153971968,31.8044650554657,1.5994873046875,-1.7969207763671875,-2.3133087158203125
1784804929163891968,31.814385175704956,1.2921905517578125,-1.8007049560546875,-2.420501708984375
1784804929173810944,31.82430410385132,1.0860137939453125,-1.65277099609375,-2.17791748046875
1784804929183729920,31.83422303199768,0.8844146728515625,-1.8600311279296875,-2.0655975341796875
1784804929193649920,31.84414315223694,1.01373291015625,-1.9410400390625,-1.747406005859375
1784804929203568896,31.8540620803833,1.062652587890625,-1.91357421875,-1.7559967041015625
1784804929213488896,31.86398196220398,1.188812255859375,-1.680419921875,-1.318511962890625
1784804929223407872,31.87390112876892,1.117919921875,-1.57012939453125,-0.8100128173828125
1784804929233327872,31.8838210105896,0.9801483154296875,-1.8146209716796875,-0.6383819580078125
1784804929243247104,31.89374017715454,0.9438018798828125,-1.8832244873046875,-0.3953704833984375
1784804929253166848,31.90366005897522,1.2974700927734375,-1.7238006591796875,-0.2057952880859375
1784804929263085824,31.913578987121582,1.3675994873046875,-1.5944061279296875,-0.2480926513671875
1784804929273006080,31.92349910736084,1.1469268798828125,-1.41497802734375,-0.35687255859375
1784804929282924800,31.933418035507202,0.977447509765625,-0.966766357421875,-0.6413421630859375
1784804929292845056,31.94333815574646,1.1431121826171875,-0.5948028564453125,-0.904022216796875
1784804929302764032,31.953257083892822,1.3958892822265625,-0.6715240478515625,-1.0078277587890625
1784804929312682752,31.963176012039185,1.79058837890625,-0.8258056640625,-0.948944091796875
1784804929322603008,31.973096132278442,1.802886962890625,-1.1478729248046875,-0.9762420654296875
1784804929332521984,31.983015060424805,1.5682373046875,-1.58746337890625,-0.6753082275390625
1784804929342441984,31.992935180664062,1.20965576171875,-1.428131103515625,-0.1089019775390625
1784804929352360960,32.002854108810425,1.116790771484375,-1.5996551513671875,-0.122772216796875
1784804929362280960,32.0127739906311,1.2676239013671875,-2.12237548828125,-1.167449951171875
1784804929372199936,32.022693157196045,1.656951904296875,-1.7181854248046875,-1.6117706298828125
1784804929382119936,32.032613039016724,1.903167724609375,-1.2122955322265625,-1.3687744140625
1784804929392038912,32.042531967163086,2.113922119140625,-0.839202880859375,-1.5361785888671875
1784804929401958912,32.052452087402344,2.0786590576171875,-1.07537841796875,-1.89447021484375
1784804929411877888,32.062371015548706,2.1688995361328125,-1.5628204345703125,-1.4678497314453125
1784804929421797888,32.072291135787964,2.8256378173828125,-2.2124481201171875,-1.3006134033203125
1784804929431716864,32.082210063934326,2.183837890625,-2.357177734375,-1.42132568359375
1784804929441635840,32.09212899208069,2.5439910888671875,-2.100250244140625,-1.064483642578125
1784804929451555840,32.102049112319946,2.4962921142578125,-2.0140533447265625,-1.013763427734375
1784804929461474816,32.11196804046631,2.6554412841796875,-1.4420928955078125,-0.6377105712890625
1784804929471395072,32.121888160705566,2.6761932373046875,-1.001495361328125,-0.379364013671875
1784804929481314048,32.13180708885193,2.4515838623046875,-0.62066650390625,-0.07696533203125
1784804929491233792,32.14172697067261,2.230987548828125,-0.204742431640625,0.178466796875
1784804929501153024,32.15164613723755,2.0168914794921875,0.1693878173828125,0.5319671630859375
1784804929511072768,32.16156601905823,1.8323516845703125,0.5350494384765625,0.8441619873046875
1784804929520992000,32.17148518562317,1.6362762451171875,0.925048828125,1.077178955078125
1784804929530912000,32.18140506744385,1.4170379638671875,1.300689697265625,1.21527099609375
1784804929540830976,32.19132399559021,1.254302978515625,1.4572906494140625,1.168304443359375
1784804929550750976,32.20124411582947,1.037994384765625,1.404144287109375,0.97186279296875
1784804929560669952,32.21116304397583,0.9295806884765625,1.186767578125,0.7530364990234375
1784804929570588928,32.22108197212219,0.909942626953125,0.85760498046875,0.5163726806640625
1784804929580508928,32.23100209236145,0.9854583740234375,0.4783782958984375,0.305145263671875
1784804929590427904,32.24092102050781,1.0747528076171875,0.2287750244140625,0.224029541015625
1784804929600347904,32.25084114074707,1.1833038330078125,0.1555938720703125,0.1603240966796875
1784804929610266880,32.26076006889343,1.312408447265625,0.1679840087890625,0.00286865234375
1784804929620187136,32.27068018913269,1.485626220703125,0.11279296875,-0.2380523681640625
1784804929630105856,32.28059911727905,1.6343994140625,-0.0669097900390625,-0.4473419189453125
1784804929640025856,32.29051899909973,1.8224029541015625,-0.2333831787109375,-0.520538330078125
1784804929649945088,32.30043816566467,1.952850341796875,-0.3294219970703125,-0.4596710205078125
1784804929659864832,32.31035804748535,2.061981201171875,-0.4318084716796875,-0.381500244140625
1784804929669783808,32.320276975631714,2.1909637451171875,-0.62469482421875,-0.197113037109375
1784804929679704064,32.33019709587097,2.17901611328125,-1.0012969970703125,0.0227203369140625
1784804929689622784,32.340116024017334,2.0800628662109375,-1.3441925048828125,0.2653656005859375
1784804929699543040,32.35003614425659,2.137298583984375,-1.5178985595703125,0.644744873046875
1784804929709462016,32.359955072402954,2.1257781982421875,-1.7030487060546875,1.121124267578125
1784804929719380736,32.369874000549316,1.8770904541015625,-1.883270263671875,1.631256103515625
1784804929729300992,32.379794120788574,1.635955810546875,-2.073883056640625,1.8199310302734375
1784804929739219968,32.38971304893494,1.3522186279296875,-2.147308349609375,1.8434600830078125
1784804929749139968,32.399633169174194,0.9170074462890625,-2.001434326171875,1.9612579345703125
1784804929759058944,32.40955209732056,0.6592559814453125,-2.047698974609375,2.4888916015625
1784804929768978944,32.419471979141235,0.71063232421875,-2.0893707275390625,2.579925537109375
1784804929778897920,32.42939114570618,0.582733154296875,-2.0324859619140625,3.1035614013671875
1784804929788817920,32.439311027526855,0.30865478515625,-2.5682373046875,3.2361602783203125
1784804929798736896,32.44922995567322,0.0263671875,-5.06134033203125,3.5162200927734375
1784804929808656896,32.459150075912476,0.635040283203125,-1.4945068359375,3.07330322265625
1784804929818575872,32.46906900405884,0.2386016845703125,-0.1288909912109375,1.1816253662109375
1784804929828495872,32.478989124298096,-0.214813232421875,-0.6336517333984375,0.96160888671875
1784804929838414848,32.48890805244446,-0.3621063232421875,-1.508392333984375,0.962615966796875
1784804929848335104,32.498828172683716,0.032928466796875,-1.8305816650390625,1.57452392578125
1784804929858254080,32.50874710083008,0.21722412109375,-1.9860992431640625,1.3126678466796875
1784804929868172800,32.51866602897644,0.1612396240234375,-1.5124359130859375,1.19476318359375
1784804929878093056,32.5285861492157,0.1354827880859375,-0.8309478759765625,1.1182708740234375
1784804929888012032,32.53850507736206,0.028167724609375,-0.4397125244140625,0.6844329833984375
1784804929897931776,32.54842495918274,-0.0847625732421875,-0.2514801025390625,0.3109130859375
1784804929907851008,32.55834412574768,-0.00811767578125,-0.44384765625,0.051361083984375
1784804929917770752,32.56826400756836,0.016204833984375,-0.7773590087890625,0.1212158203125
1784804929927689984,32.5781831741333,-0.1104278564453125,-1.1688995361328125,0.259674072265625
1784804929937609984,32.58810305595398,-0.068389892578125,-1.2368011474609375,0.34722900390625
1784804929947528960,32.59802198410034,-0.13311767578125,-1.1463623046875,0.3421630859375
1784804929957448960,32.6079421043396,-0.3153839111328125,-0.87506103515625,0.647857666015625
1784804929967367936,32.61786103248596,0.124755859375,-1.068603515625,0.851409912109375
1784804929977287936,32.62778115272522,0.2115478515625,-1.222686767578125,0.6915435791015625
1784804929987206912,32.63770008087158,0.38153076171875,-1.5377349853515625,0.5223541259765625
1784804929997126912,32.64761996269226,0.3967742919921875,-1.772003173828125,0.5425872802734375
1784804930007047168,32.6575403213501,0.75555419921875,-1.86236572265625,0.8228912353515625
1784804930016966144,32.66745924949646,0.965789794921875,-1.7844696044921875,0.8070526123046875
1784804930026886144,32.67737936973572,1.1526031494140625,-1.5423736572265625,0.7817535400390625
1784804930036805120,32.68729829788208,1.2366485595703125,-1.3255462646484375,0.524261474609375
1784804930046725376,32.69721841812134,1.2679290771484375,-1.3023529052734375,0.2340850830078125
1784804930056644096,32.7071373462677,1.2781982421875,-1.0644378662109375,-0.034332275390625
1784804930066564096,32.71705722808838,0.9719085693359375,-0.5194854736328125,-0.063995361328125
1784804930076483328,32.72697639465332,0.71527099609375,-0.318511962890625,-0.209564208984375
1784804930086403072,32.736896276474,0.6748046875,-0.3151397705078125,-0.575469970703125
1784804930096322048,32.74681520462036,0.4490509033203125,-0.255706787109375,-0.8352813720703125
1784804930106242304,32.75673532485962,0.3321990966796875,-0.2228240966796875,-0.9076995849609375
1784804930116161024,32.76665425300598,0.1446685791015625,-0.372344970703125,-1.0931396484375
1784804930126081280,32.77657437324524,-0.0496978759765625,-0.3332061767578125,-1.2057647705078125
1784804930136000256,32.7864933013916,-0.0866546630859375,-0.7415618896484375,-1.1848907470703125
1784804930145918976,32.796412229537964,-0.087890625,-1.117767333984375,-1.3018341064453125
1784804930155839232,32.80633234977722,-0.1262054443359375,-1.50006103515625,-1.47320556640625
1784804930165758208,32.816251277923584,-0.1522369384765625,-1.780609130859375,-1.5190582275390625
1784804930175678208,32.82617139816284,-0.0054473876953125,-1.6693115234375,-1.25244140625
1784804930185597184,32.836090326309204,0.2517547607421875,-1.4173431396484375,-1.1660003662109375
1784804930195517184,32.84601020812988,0.3758544921875,-1.304412841796875,-1.1548614501953125
1784804930205436160,32.855929374694824,0.3914794921875,-1.355712890625,-0.998016357421875
1784804930215356160,32.8658492565155,0.3863983154296875,-1.5302276611328125,-0.866455078125
1784804930225275392,32.875768423080444,0.3077239990234375,-1.790069580078125,-0.7042236328125
1784804930235195136,32.88568830490112,0.3061370849609375,-1.8542327880859375,-0.4003143310546875
1784804930245114112,32.895607233047485,0.2360687255859375,-1.8390655517578125,-0.1019439697265625
1784804930255034112,32.90552735328674,0.1583099365234375,-2.2739410400390625,-0.15325927734375
1784804930264953088,32.915446281433105,0.2230072021484375,-2.37139892578125,-0.350433349609375
1784804930274873344,32.92536640167236,0.4327392578125,-2.2249755859375,-0.4858245849609375
1784804930284792064,32.935285329818726,0.6578216552734375,-2.1045074462890625,-0.4847869873046875
1784804930294712064,32.945205211639404,0.8999481201171875,-2.2100372314453125,-0.4936065673828125
1784804930304631296,32.955124378204346,0.8726654052734375,-2.44342041015625,-0.8411712646484375
1784804930314551040,32.965044260025024,0.575469970703125,-2.3682708740234375,-0.9446563720703125
1784804930324470272,32.974963426589966,0.333160400390625,-2.3262786865234375,-0.9981231689453125
1784804930334389248,32.98488235473633,0.387542724609375,-2.39056396484375,-1.11578369140625
1784804930344308992,32.99480223655701,0.5220794677734375,-2.09344482421875,-0.983245849609375
1784804930354228224,33.00472140312195,0.756256103515625,-1.549835205078125,-0.902984619140625
1784804930364148224,33.01464128494263,0.51861572265625,-0.9864959716796875,-0.75921630859375
1784804930374066944,33.02456021308899,0.0539093017578125,-0.5735321044921875,-0.6549835205078125
1784804930383987200,33.03448033332825,-0.373809814453125,-0.2626190185546875,-0.3385162353515625
1784804930393906176,33.04439926147461,-0.60052490234375,-0.056060791015625,-0.0511474609375
1784804930403826176,33.05431938171387,-0.59710693359375,0.3199615478515625,0.1996307373046875
1784804930413745152,33.06423830986023,-0.449798583984375,1.060028076171875,0.56256103515625
1784804930423665408,33.07415843009949,-0.6905364990234375,1.1124114990234375,0.516326904296875
1784804930433584128,33.08407735824585,-0.3358612060546875,0.9423065185546875,0.23016357421875
1784804930443504128,33.09399724006653,0.3354034423828125,0.6909942626953125,0.0073394775390625
1784804930453423360,33.10391640663147,0.6336669921875,-0.246246337890625,0.271636962890625
1784804930463343104,33.11383628845215,0.6631622314453125,-0.7384185791015625,0.279632568359375
1784804930473262080,33.12375521659851,0.4298553466796875,-0.27618408203125,0.037322998046875
1784804930483182080,33.13367533683777,0.4178009033203125,0.3056488037109375,-0.3154449462890625
1784804930493101056,33.14359426498413,0.4765167236328125,0.6772003173828125,-0.4679718017578125
1784804930503020288,33.15351343154907,0.968170166015625,0.8751678466796875,-0.65869140625
1784804930512940288,33.16343331336975,1.54010009765625,0.4124298095703125,-1.552215576171875
1784804930522859008,33.17335224151611,1.5539093017578125,-0.1049041748046875,-1.938262939453125
1784804930532779264,33.18327236175537,1.7017669677734375,-0.5601959228515625,-2.2470855712890625
1784804930542698240,33.19319128990173,1.916046142578125,-1.301971435546875,-2.3666534423828125
1784804930552618240,33.20311141014099,2.55035400390625,-1.437896728515625,-2.25689697265625
1784804930562537216,33.21303033828735,2.7508697509765625,-1.28155517578125,-2.7188262939453125
1784804930572456960,33.22295022010803,2.0768280029296875,-1.2245025634765625,-2.7666778564453125
1784804930582376192,33.232869386672974,1.6761322021484375,-1.235565185546875,-2.7672119140625
1784804930592296192,33.24278926849365,1.473876953125,-1.5098419189453125,-2.48846435546875
1784804930602215168,33.252708435058594,1.3951263427734375,-1.757965087890625,-2.1276702880859375
1784804930612135168,33.26262831687927,1.2948760986328125,-1.963348388671875,-2.089813232421875
1784804930622054144,33.272547245025635,1.06951904296875,-1.9794769287109375,-1.8070526123046875
1784804930631974144,33.28246736526489,0.910369873046875,-1.854736328125,-1.562408447265625
1784804930641893120,33.292386293411255,0.87725830078125,-1.974212646484375,-1.494049072265625
1784804930651813376,33.30230641365051,0.916656494140625,-2.0744476318359375,-1.1536712646484375
1784804930661732096,33.312225341796875,1.186920166015625,-2.164154052734375,-0.7005615234375
1784804930671651072,33.32214426994324,1.366851806640625,-2.3851165771484375,-0.4760589599609375
1784804930681571328,33.332064390182495,1.2404632568359375,-2.1703338623046875,-0.3201141357421875
1784804930691490048,33.34198331832886,1.0908966064453125,-1.730072021484375,-0.315765380859375
1784804930701410304,33.351903438568115,1.0042266845703125,-1.544219970703125,-0.3885955810546875
1784804930711329280,33.36182236671448,0.9891357421875,-1.3238983154296875,-0.3731842041015625
1784804930721249024,33.371742248535156,1.043426513671875,-1.23388671875,-0.554107666015625
1784804930731168256,33.3816614151001,1.2252655029296875,-1.125701904296875,-0.66510009765625
1784804930741088256,33.391581296920776,1.4712371826171875,-0.591033935546875,-0.5843048095703125
1784804930751006976,33.40150022506714,1.3481903076171875,-0.0547943115234375,-0.701812744140625
1784804930760927232,33.4114203453064,1.4366455078125,0.0030975341796875,-0.856353759765625
1784804930770846208,33.42133927345276,1.2372589111328125,-0.392974853515625,-1.0526580810546875
1784804930780766208,33.43125939369202,0.8593292236328125,-0.568695068359375,-0.68487548828125
1784804930790685184,33.44117832183838,0.9015960693359375,-1.1232757568359375,-0.7340087890625
1784804930800605184,33.45109844207764,0.954742431640625,-1.8707122802734375,-0.52532958984375
1784804930810524160,33.461017370224,0.61962890625,-2.0701446533203125,-0.9639129638671875
1784804930820443136,33.47093629837036,1.176727294921875,-1.7175445556640625,-1.0066375732421875
1784804930830363392,33.48085641860962,1.6070556640625,-1.48065185546875,-1.4053192138671875
1784804930840282112,33.49077534675598,2.0647735595703125,-1.331787109375,-1.7322845458984375
1784804930850202112,33.50069522857666,2.2387847900390625,-1.4739227294921875,-1.7335205078125
1784804930860121344,33.5106143951416,2.3555450439453125,-1.549896240234375,-1.446319580078125
1784804930870041088,33.52053427696228,2.727447509765625,-1.4490814208984375,-1.5159454345703125
1784804930879960064,33.53045320510864,2.03485107421875,-1.6069183349609375,-1.5455322265625
1784804930889880064,33.5403733253479,2.146759033203125,-1.4936370849609375,-1.2417144775390625
1784804930899799040,33.55029225349426,2.0408935546875,-1.6004486083984375,-1.1153717041015625
1784804930909719296,33.56021237373352,1.9322509765625,-1.5135955810546875,-0.8319549560546875
1784804930919638272,33.57013130187988,1.994415283203125,-1.12725830078125,-0.502471923828125
1784804930929558272,33.58005142211914,2.041778564453125,-0.634368896484375,-0.2737579345703125
1784804930939477248,33.5899703502655,1.9224700927734375,-0.0356292724609375,-0.0659027099609375
1784804930949396992,33.59989023208618,1.669342041015625,0.4947509765625,0.0130462646484375
1784804930959316224,33.60980939865112,1.5552825927734375,0.8829803466796875,0.206207275390625
1784804930969236224,33.6197292804718,1.4051055908203125,1.0619354248046875,0.3440093994140625
1784804930979154944,33.629648208618164,1.2207183837890625,1.08599853515625,0.4821929931640625
1784804930989074176,33.639567375183105,1.0341949462890625,1.002532958984375,0.447509765625
1784804930998994176,33.649487257003784,0.92620849609375,0.918243408203125,0.4087066650390625
1784804931008913408,33.659406661987305,0.8920745849609375,0.7823028564453125,0.2024993896484375
1784804931018833408,33.66932654380798,0.853271484375,0.6786041259765625,-0.0335235595703125
1784804931028752640,33.679245710372925,0.9371795654296875,0.5527801513671875,-0.156158447265625
1784804931038672384,33.6891655921936,1.1631317138671875,0.1882171630859375,-0.0983734130859375
1784804931048591360,33.699084520339966,1.42047119140625,-0.2469940185546875,0.1231842041015625
1784804931058511616,33.709004640579224,1.5983734130859375,-0.4356231689453125,0.37335205078125
1784804931068430336,33.718923568725586,1.66619873046875,-0.2990570068359375,0.5269622802734375
1784804931078350592,33.728843688964844,1.6248931884765625,-0.069854736328125,0.4066925048828125
1784804931088269568,33.738762617111206,1.6392974853515625,0.0074005126953125,0.2126922607421875
1784804931098189312,33.748682498931885,1.7845458984375,-0.08624267578125,-0.023040771484375
1784804931108108544,33.758601665496826,1.9504547119140625,-0.2553253173828125,-0.269012451171875
1784804931118028288,33.768521547317505,1.943817138671875,-0.4603729248046875,-0.26055908203125
1784804931127947520,33.778440713882446,1.7890472412109375,-0.5734100341796875,-0.1449432373046875
1784804931137867520,33.788360595703125,1.7149505615234375,-0.65631103515625,0.0196990966796875
1784804931147786496,33.79827952384949,1.7836761474609375,-0.8677825927734375,0.388336181640625
1784804931157705472,33.80819869041443,1.9388427734375,-1.1927337646484375,0.680877685546875
1784804931167625472,33.81811857223511,2.03961181640625,-1.4643707275390625,0.9144744873046875
1784804931177544448,33.82803750038147,1.848052978515625,-1.5907745361328125,1.22528076171875
1784804931187464448,33.83795762062073,1.654541015625,-1.8323822021484375,1.5994110107421875
1784804931197383424,33.84787654876709,1.74566650390625,-2.02105712890625,1.8037872314453125
1784804931207303424,33.85779666900635,1.5288238525390625,-1.854583740234375,1.9847564697265625
1784804931217222400,33.86771559715271,1.10986328125,-1.767730712890625,2.3784027099609375
1784804931227142656,33.87763571739197,0.8069000244140625,-1.9963226318359375,3.005401611328125
1784804931237061376,33.88755464553833,0.6617889404296875,-2.3595733642578125,3.68206787109375
1784804931246981376,33.89747452735901,0.30633544921875,-2.840179443359375,4.099884033203125
1784804931256900608,33.90739369392395,0.229461669921875,-5.6755828857421875,4.74517822265625
1784804931266820352,33.91731357574463,0.7705841064453125,-1.557159423828125,2.415802001953125
1784804931276739328,33.92723250389099,0.1804962158203125,-0.0189208984375,1.3916473388671875
1784804931286659584,33.93715262413025,-0.053253173828125,-0.3235015869140625,1.340301513671875
1784804931296578304,33.94707155227661,-0.3740081787109375,-1.3720245361328125,0.5335235595703125
1784804931306498560,33.95699167251587,0.2710418701171875,-1.9668121337890625,0.9109344482421875
1784804931316417536,33.96691060066223,0.158905029296875,-2.2587432861328125,0.6270599365234375
1784804931326336256,33.976829528808594,0.0376434326171875,-1.904266357421875,0.6555938720703125
1784804931336256512,33.98674964904785,0.0346221923828125,-1.12469482421875,0.6913299560546875
1784804931346175488,33.996668577194214,-0.054412841796875,-0.48358154296875,0.4321746826171875
1784804931356095488,34.00658869743347,-0.0718536376953125,-0.0606842041015625,0.1565399169921875
1784804931366014464,34.016507625579834,-0.2884368896484375,-0.00897216796875,-0.1805419921875
1784804931375934464,34.02642750740051,-0.20318603515625,-0.24993896484375,-0.1970977783203125
1784804931385853440,34.036346673965454,-0.0280609130859375,-0.6402740478515625,0.0241546630859375
1784804931395773440,34.04626655578613,-0.0248260498046875,-0.849578857421875,0.558319091796875
1784804931405692672,34.056185722351074,-0.1015777587890625,-1.142913818359375,0.3182373046875
1784804931415612416,34.06610560417175,-0.149444580078125,-1.39556884765625,0.478057861328125
1784804931425531392,34.076024532318115,-0.224517822265625,-1.496856689453125,0.6854248046875
1784804931435451392,34.08594465255737,0.110107421875,-1.4309844970703125,0.8675079345703125
1784804931445370368,34.095863580703735,0.1711883544921875,-1.7224884033203125,0.4103546142578125
1784804931455290624,34.10578370094299,0.4243316650390625,-1.7194366455078125,0.7613677978515625
1784804931465209600,34.115702629089355,0.6158294677734375,-1.8131256103515625,0.757537841796875
1784804931475129344,34.125622510910034,0.912017822265625,-1.9642791748046875,0.7149200439453125
1784804931485048576,34.135541677474976,1.0322418212890625,-1.7115631103515625,0.8811187744140625
1784804931494967552,34.14546060562134,1.1492462158203125,-1.40106201171875,0.996307373046875
1784804931504887552,34.155380725860596,1.0184478759765625,-1.195037841796875,0.6721343994140625
1784804931514806528,34.16529965400696,0.9576873779296875,-1.0604095458984375,0.548095703125
1784804931524726272,34.17521953582764,0.9667510986328125,-1.226226806640625,0.367767333984375
1784804931534645504,34.18513870239258,0.91900634765625,-1.050537109375,0.32672119140625
1784804931544565504,34.19505858421326,0.9788970947265625,-0.7867584228515625,-0.0951690673828125
1784804931554484480,34.20497751235962,0.8829498291015625,-0.61102294921875,-0.4069061279296875
1784804931564404480,34.21489763259888,0.73138427734375,-0.4590911865234375,-0.8180084228515625
1784804931574323456,34.22481656074524,0.2897491455078125,-0.33447265625,-0.689544677734375
1784804931584243456,34.2347366809845,-0.1207122802734375,-0.2613525390625,-1.0031890869140625
1784804931594162432,34.24465560913086,-0.08984375,-0.67413330078125,-1.1576995849609375
1784804931604082688,34.25457572937012,-0.158905029296875,-0.8873748779296875,-1.036163330078125
1784804931614001408,34.26449465751648,0.0169830322265625,-1.2091064453125,-1.28057861328125
1784804931623921408,34.27441453933716,-0.088134765625,-1.2256927490234375,-1.45758056640625
1784804931633840640,34.2843337059021,0.1435089111328125,-1.3177490234375,-1.5418243408203125
1784804931643760384,34.29425358772278,0.27703857421875,-1.2340850830078125,-1.422760009765625
1784804931653679360,34.30417251586914,0.4996490478515625,-1.550048828125,-1.386016845703125
1784804931663598592,34.31409168243408,0.4471893310546875,-1.71307373046875,-1.0394287109375
1784804931673518336,34.32401156425476,0.4304351806640625,-1.8555755615234375,-0.833648681640625
1784804931683437568,34.3339307308197,0.3893585205078125,-2.13751220703125,-0.921112060546875
1784804931693357568,34.34385061264038,0.313079833984375,-2.0307769775390625,-0.821136474609375
1784804931703276288,34.35376954078674,0.3563385009765625,-1.6743621826171875,-0.7439727783203125
1784804931713196544,34.363689661026,0.366180419921875,-1.4265899658203125,-0.6334228515625
1784804931723115520,34.37360858917236,0.3322906494140625,-1.722869873046875,-0.7194366455078125
1784804931733035520,34.38352870941162,0.51507568359375,-2.2516632080078125,-0.6885223388671875
1784804931742954496,34.39344763755798,0.7617645263671875,-2.58477783203125,-0.61822509765625
1784804931752874496,34.40336751937866,0.7320098876953125,-2.5400390625,-0.703369140625
1784804931762793472,34.4132866859436,0.7042999267578125,-2.35809326171875,-0.591033935546875
1784804931772713472,34.42320656776428,0.558074951171875,-2.097381591796875,-0.717071533203125
1784804931782632704,34.433125734329224,0.522430419921875,-2.2855072021484375,-0.88983154296875
1784804931792552448,34.4430456161499,0.629150390625,-2.3879241943359375,-0.912139892578125
1784804931802471424,34.452964544296265,0.4391021728515625,-2.22528076171875,-1.1152191162109375
1784804931812391424,34.46288466453552,0.3339996337890625,-1.4615325927734375,-1.0623626708984375
1784804931822310400,34.472803592681885,0.38720703125,-0.5002899169921875,-0.5961151123046875
1784804931832229376,34.48272252082825,0.226104736328125,-0.1778411865234375,-0.675811767578125
1784804931842149376,34.492642641067505,-0.1422119140625,-0.3026123046875,-0.7095489501953125
1784804931852068352,34.50256156921387,-0.36346435546875,0.010162353515625,-0.15625
1784804931861988608,34.512481689453125,-0.5277557373046875,0.04510498046875,0.1852264404296875
1784804931871907584,34.52240061759949,-0.5112457275390625,-0.128662109375,0.36279296875
1784804931881827328,34.532320499420166,-0.0997314453125,-0.1881256103515625,0.64581298828125
1784804931891746560,34.54223966598511,0.2848968505859375,-0.0224609375,0.928009033203125
1784804931901666304,34.552159547805786,0.0980224609375,0.2229461669921875,0.6510162353515625
1784804931911585536,34.56207871437073,0.21051025390625,0.6277008056640625,0.483306884765625
1784804931921505536,34.571998596191406,0.5214080810546875,1.247100830078125,0.1623382568359375
1784804931931424256,34.58191752433777,0.35247802734375,1.4739227294921875,-0.3474884033203125
1784804931941344512,34.591837644577026,0.146148681640625,0.954742431640625,-0.8101959228515625
1784804931951263488,34.60175657272339,0.5422515869140625,0.695953369140625,-0.9782867431640625
1784804931961183488,34.61167669296265,1.274810791015625,0.7825164794921875,-1.089935302734375
1784804931971102464,34.62159562110901,1.9723663330078125,0.674224853515625,-1.4112396240234375
1784804931981022464,34.63151550292969,2.224365234375,0.1948699951171875,-1.5431365966796875
1784804931990941440,34.64143466949463,2.2545013427734375,0.037109375,-2.0067138671875
1784804932000861440,34.65135455131531,2.60162353515625,-0.6534576416015625,-2.5571746826171875
1784804932010780160,34.66127324104309,2.474884033203125,-1.6807098388671875,-2.8184967041015625
1784804932020699136,34.67119240760803,2.2447509765625,-2.023529052734375,-2.4595184326171875
1784804932030619136,34.68111228942871,1.96966552734375,-1.81414794921875,-2.2042083740234375
1784804932040538112,34.69103121757507,1.5763397216796875,-1.5698089599609375,-2.0220794677734375
1784804932050458112,34.70095133781433,1.225860595703125,-1.96142578125,-2.084716796875
1784804932060377088,34.71087026596069,0.8956451416015625,-1.9354248046875,-1.6702728271484375
1784804932070297344,34.72079038619995,1.085205078125,-2.1097564697265625,-1.71136474609375
1784804932080216064,34.73070931434631,1.4028167724609375,-1.988616943359375,-1.7857666015625
1784804932090136320,34.74062943458557,1.4641571044921875,-1.827972412109375,-1.6061553955078125
1784804932100055296,34.750548362731934,1.33135986328125,-2.048187255859375,-1.405487060546875
1784804932109975040,34.76046824455261,1.24945068359375,-2.273529052734375,-1.0267333984375
1784804932119894272,34.770387411117554,1.1556549072265625,-2.2394256591796875,-0.5252532958984375
1784804932129814272,34.78030729293823,1.1547393798828125,-2.03302001953125,-0.3293609619140625
1784804932139732992,34.790226221084595,0.9609832763671875,-1.687164306640625,-0.416656494140625
1784804932149653248,34.80014634132385,0.8290252685546875,-1.27008056640625,-0.425323486328125
1784804932159572224,34.810065269470215,0.7874603271484375,-1.180450439453125,-0.6704254150390625
1784804932169492224,34.81998538970947,0.8097076416015625,-1.232147216796875,-0.6718902587890625
1784804932179411200,34.829904317855835,0.9577789306640625,-1.3099517822265625,-0.5633697509765625
1784804932189331200,34.83982443809509,1.0760498046875,-1.2271881103515625,-0.6748046875
1784804932199250176,34.849743366241455,1.171966552734375,-0.9593505859375,-0.8623809814453125
1784804932209170176,34.859663248062134,1.219329833984375,-0.6228485107421875,-1.077606201171875
1784804932219089152,34.869582414627075,1.1657257080078125,-0.673431396484375,-1.190093994140625
1784804932229008128,34.87950134277344,1.2974090576171875,-0.8272705078125,-1.0550537109375
1784804932238928128,34.889421224594116,1.89129638671875,-0.99462890625,-0.2327880859375
1784804932248847360,34.89934039115906,1.4062347412109375,-1.5167388916015625,-0.021209716796875
1784804932258767104,34.909260272979736,0.701568603515625,-1.8667144775390625,-0.4350433349609375
1784804932268686336,34.91917943954468,1.0072021484375,-1.818939208984375,-1.204864501953125
1784804932278606080,34.929099321365356,1.7431640625,-1.362884521484375,-1.3664703369140625
1784804932288525056,34.93901824951172,1.649322509765625,-1.4252166748046875,-1.67535400390625
1784804932298445312,34.94893836975098,2.011566162109375,-1.374298095703125,-1.850677490234375
1784804932308364032,34.95885729789734,2.066650390625,-1.3797149658203125,-1.6006317138671875
1784804932318284288,34.9687774181366,2.2171630859375,-1.9476165771484375,-1.426666259765625
1784804932328203264,34.97869634628296,1.9226531982421875,-2.0697479248046875,-1.3338470458984375
1784804932338123008,34.98861622810364,1.881256103515625,-2.0162200927734375,-1.279510498046875
1784804932348042240,34.99853539466858,2.120574951171875,-2.0568389892578125,-1.15350341796875
1784804932357962240,35.00845527648926,2.0951385498046875,-1.88262939453125,-0.988922119140625
1784804932367880960,35.01837420463562,2.168792724609375,-1.5123748779296875,-0.664398193359375
1784804932377801216,35.02829432487488,2.15545654296875,-1.1455078125,-0.4783172607421875
1784804932387720192,35.03821325302124,2.0325469970703125,-0.6984710693359375,-0.2473602294921875
1784804932397639168,35.04813241958618,1.92987060546875,-0.2285919189453125,0.05242919921875
1784804932407559168,35.05805230140686,1.807220458984375,0.12664794921875,0.176910400390625
1784804932417478144,35.06797122955322,1.648406982421875,0.421356201171875,0.363677978515625
1784804932427398144,35.07789134979248,1.5642242431640625,0.6939239501953125,0.5092315673828125
1784804932437317120,35.08781027793884,1.4345550537109375,0.9665985107421875,0.656982421875
1784804932447237376,35.0977303981781,1.32928466796875,1.2468719482421875,0.765167236328125
1784804932457156096,35.10764932632446,1.18341064453125,1.3333282470703125,0.6536407470703125
1784804932467076096,35.11756920814514,1.084625244140625,1.2043609619140625,0.469635009765625
1784804932476995328,35.12748837471008,1.1287994384765625,0.8792724609375,0.2089691162109375
1784804932486915072,35.13740825653076,1.298675537109375,0.4501495361328125,0.055084228515625
1784804932496834304,35.1473274230957,1.4759674072265625,-0.018157958984375,-0.0863494873046875
1784804932506754048,35.15724730491638,1.580078125,-0.284149169921875,-0.061126708984375
1784804932516673024,35.167166233062744,1.62103271484375,-0.2166748046875,-0.0175628662109375
1784804932526593280,35.177086353302,1.69134521484375,-0.1012420654296875,0.0267791748046875
1784804932536512256,35.187005281448364,1.7848663330078125,-0.1401824951171875,0.11761474609375
1784804932546432256,35.19692540168762,1.852813720703125,-0.40484619140625,0.2777099609375
1784804932556351232,35.206844329833984,1.8724212646484375,-0.72454833984375,0.3588714599609375
1784804932566270208,35.21676325798035,1.8257293701171875,-0.9580230712890625,0.4384307861328125
1784804932576190208,35.226683378219604,1.753936767578125,-1.2061920166015625,0.3968963623046875
1784804932586109184,35.23660230636597,1.5554656982421875,-1.4166717529296875,0.2649383544921875
1784804932596029184,35.246522426605225,1.4002227783203125,-1.36358642578125,0.1838836669921875
1784804932605948160,35.25644135475159,1.4540252685546875,-1.1825714111328125,0.021575927734375
1784804932615868160,35.266361236572266,1.5727386474609375,-1.2005615234375,0.1320343017578125
1784804932625787136,35.27628040313721,1.5388336181640625,-1.4297332763671875,0.7056884765625
1784804932635707136,35.286200284957886,1.5533294677734375,-1.606842041015625,1.1705169677734375
1784804932645626112,35.29611921310425,1.5322265625,-1.60748291015625,1.5193634033203125
1784804932655546112,35.306039333343506,1.3967742919921875,-1.752044677734375,1.8825531005859375
1784804932665465088,35.31595826148987,1.358734130859375,-2.127288818359375,2.188140869140625
1784804932675385344,35.325878381729126,1.0762939453125,-2.48956298828125,2.439544677734375
1784804932685304064,35.33579730987549,0.6779632568359375,-2.5525054931640625,2.721923828125
1784804932695224320,35.345717430114746,0.5636444091796875,-2.6032257080078125,3.0480194091796875
1784804932705143296,35.35563635826111,-0.472259521484375,-4.883636474609375,3.523590087890625
1784804932715063040,35.36555624008179,1.562225341796875,-4.189727783203125,3.430145263671875
1784804932724982272,35.37547540664673,0.2219696044921875,-1.0003204345703125,0.8858795166015625
1784804932734902016,35.38539528846741,-0.0635528564453125,-0.88555908203125,1.1303253173828125
1784804932744820992,35.39531421661377,-0.96807861328125,-1.0848388671875,1.1910858154296875
1784804932754740224,35.40523338317871,0.077728271484375,-1.36187744140625,0.7933197021484375
1784804932764660224,35.41515326499939,0.3639984130859375,-1.7731781005859375,0.6698455810546875
1784804932774579200,35.42507243156433,0.242889404296875,-1.829742431640625,0.472900390625
1784804932784499200,35.43499231338501,0.2139434814453125,-1.476104736328125,0.3028564453125
1784804932794418176,35.44491124153137,0.0136871337890625,-0.69158935546875,0.4390716552734375
1784804932804338176,35.45483136177063,-0.092987060546875,-0.096527099609375,0.3841705322265625
1784804932814257152,35.46475028991699,-0.0785675048828125,-0.14984130859375,0.0721435546875
1784804932824177152,35.47467041015625,0.0003204345703125,-0.5350189208984375,0.0146331787109375
1784804932834096128,35.48458933830261,-0.1099395751953125,-0.9784088134765625,0.2850494384765625
1784804932844016128,35.49450922012329,-0.047027587890625,-1.2565765380859375,0.4685211181640625
1784804932853935360,35.50442838668823,-0.0068817138671875,-1.416107177734375,0.4120025634765625
1784804932863855104,35.51434826850891,0.0084228515625,-1.513885498046875,0.513580322265625
1784804932873774336,35.52426743507385,0.033660888671875,-1.6025543212890625,0.663299560546875
1784804932883694080,35.53418731689453,0.1476287841796875,-1.4749603271484375,0.6561279296875
1784804932893613056,35.544106245040894,0.034820556640625,-1.120758056640625,0.7899627685546875
1784804932903532288,35.554025411605835,0.27459716796875,-1.110443115234375,0.8417205810546875
1784804932913452032,35.563945293426514,0.384124755859375,-1.441375732421875,0.9316253662109375
1784804932923371008,35.573864221572876,0.6614227294921875,-1.574920654296875,1.151824951171875
1784804932933291264,35.583784341812134,0.8715667724609375,-1.619537353515625,1.032684326171875
1784804932943210240,35.593703269958496,1.2458648681640625,-1.6114349365234375,1.054473876953125
1784804932953130240,35.603623390197754,1.195343017578125,-1.6189117431640625,0.81634521484375
1784804932963049216,35.613542318344116,0.91986083984375,-1.6276092529296875,0.5926361083984375
1784804932972969216,35.623462438583374,1.099609375,-1.2427215576171875,0.4977874755859375
1784804932982888192,35.633381366729736,1.222412109375,-1.1277313232421875,0.10205078125
1784804932992808192,35.643301248550415,0.835723876953125,-0.8604583740234375,0.1129608154296875
1784804933002727168,35.653220415115356,0.7898406982421875,-0.56060791015625,-0.0623931884765625
1784804933012647168,35.663140296936035,0.8520050048828125,-0.1759796142578125,-0.33489990234375
1784804933022566400,35.67305946350098,0.3841552734375,0.1587982177734375,-0.442138671875
1784804933032486144,35.682979345321655,0.3084869384765625,-0.0269775390625,-0.7799072265625
1784804933042405120,35.69289827346802,0.18231201171875,-0.1595306396484375,-0.83831787109375
1784804933052324352,35.70281744003296,0.2095184326171875,-0.6057891845703125,-0.90447998046875
1784804933062244096,35.71273732185364,0.1003875732421875,-1.041351318359375,-1.004486083984375
1784804933072163072,35.72265625,0.0621490478515625,-1.1184234619140625,-1.1909027099609375
1784804933082083328,35.73257637023926,0.0299072265625,-1.153289794921875,-1.2663116455078125
1784804933092002048,35.74249529838562,0.161346435546875,-1.463226318359375,-1.490478515625
1784804933101922304,35.75241541862488,0.2761383056640625,-1.702880859375,-1.504913330078125
1784804933111841280,35.76233434677124,0.3007354736328125,-1.5475616455078125,-1.245452880859375
1784804933121761280,35.7722544670105,0.1879425048828125,-1.526031494140625,-1.32025146484375
1784804933131680256,35.78217339515686,0.21466064453125,-1.5556488037109375,-1.166778564453125
1784804933141600256,35.79209327697754,0.2627105712890625,-1.8682861328125,-1.0394134521484375
1784804933151519232,35.80201244354248,0.090301513671875,-2.064300537109375,-0.9169769287109375
1784804933161439232,35.81193232536316,0.13330078125,-1.67822265625,-0.7660675048828125
1784804933171358208,35.82185125350952,0.187103271484375,-1.5323638916015625,-0.6941680908203125
1784804933181278208,35.83177137374878,0.3359375,-1.8766326904296875,-0.669281005859375
1784804933191197184,35.84169030189514,0.5470428466796875,-2.4906005859375,-0.586669921875
1784804933201117184,35.8516104221344,0.5178680419921875,-2.8412628173828125,-0.7687530517578125
1784804933211036160,35.86152935028076,0.395904541015625,-2.8548126220703125,-0.9149627685546875
1784804933220956416,35.87144947052002,0.524017333984375,-2.876617431640625,-0.99151611328125
1784804933230875136,35.88136839866638,0.75732421875,-2.723876953125,-1.22509765625
1784804933240794112,35.891287326812744,0.961151123046875,-2.6047210693359375,-1.2837066650390625
1784804933250714368,35.901207447052,0.96240234375,-2.493621826171875,-1.178436279296875
1784804933260633344,35.911126375198364,0.7643280029296875,-1.879180908203125,-1.046844482421875
1784804933270553088,35.92104625701904,0.49481201171875,-1.524139404296875,-0.96490478515625
1784804933280472320,35.930965423583984,0.122589111328125,-1.177581787109375,-0.75457763671875
1784804933290392064,35.94088530540466,0.1128387451171875,-0.8419189453125,-0.6882171630859375
1784804933300311296,35.950804471969604,0.2142333984375,-0.9176025390625,-0.5701141357421875
1784804933310231296,35.96072435379028,0.386810302734375,-0.5560302734375,-0.3789520263671875
1784804933320150016,35.970643281936646,0.2201385498046875,-0.08013916015625,-0.02703857421875
1784804933330070272,35.9805634021759,0.02655029296875,0.3720703125,0.3728485107421875
1784804933339989248,35.990482330322266,-0.4710693359375,0.7509918212890625,0.1991729736328125
1784804933349909248,36.00040245056152,-0.777984619140625,1.2866363525390625,0.5038604736328125
1784804933359828224,36.010321378707886,-0.36883544921875,1.3124542236328125,0.4942779541015625
1784804933369748224,36.020241260528564,0.0407257080078125,0.89324951171875,0.2479400634765625
1784804933379667200,36.030160427093506,0.2150115966796875,0.424285888671875,0.205535888671875
1784804933389587200,36.040080308914185,0.220733642578125,-0.234283447265625,0.2331085205078125
1784804933399506432,36.049999475479126,0.69403076171875,-0.75067138671875,0.073028564453125
1784804933409425152,36.05991840362549,0.96807861328125,-0.200408935546875,-0.0921630859375
1784804933419345152,36.06983828544617,1.0606231689453125,0.668548583984375,-0.212310791015625
1784804933429264384,36.07975745201111,1.39300537109375,0.8727264404296875,-0.667999267578125
1784804933439184128,36.08967733383179,1.7421722412109375,0.64727783203125,-1.2794189453125
1784804933449103104,36.09959626197815,1.86102294921875,0.142364501953125,-1.9627685546875
1784804933459023360,36.10951638221741,2.1487579345703125,-0.25079345703125,-2.0932464599609375
1784804933468942080,36.11943531036377,2.4200592041015625,-0.2518463134765625,-2.357574462890625
1784804933478862336,36.12935543060303,2.1678619384765625,-0.385650634765625,-2.6397247314453125
1784804933488781312,36.13927435874939,1.6427154541015625,-0.759918212890625,-2.661285400390625
1784804933498701312,36.14919447898865,1.756988525390625,-1.275421142578125,-2.66180419921875
1784804933508620288,36.15911340713501,1.512481689453125,-1.16851806640625,-2.512054443359375
1784804933518540032,36.16903328895569,1.6827545166015625,-0.9551239013671875,-2.4217071533203125
1784804933528459264,36.17895245552063,1.7263641357421875,-1.3390960693359375,-2.1290740966796875
1784804933538379264,36.18887233734131,1.5522003173828125,-1.8719940185546875,-2.0237579345703125
1784804933548298240,36.19879126548767,1.450469970703125,-2.1661834716796875,-2.005706787109375
1784804933558217216,36.20871043205261,1.2078094482421875,-2.2374420166015625,-1.8878021240234375
1784804933568137216,36.21863031387329,1.072418212890625,-2.3168792724609375,-1.8063812255859375
1784804933578056448,36.22854948043823,1.0837249755859375,-2.1959075927734375,-1.64068603515625
1784804933587976192,36.23846936225891,0.9215545654296875,-2.1099090576171875,-1.524810791015625
1784804933597895168,36.24838829040527,0.795379638671875,-2.01983642578125,-1.210357666015625
1784804933607815168,36.25830841064453,0.860931396484375,-1.7942962646484375,-0.802215576171875
1784804933617734144,36.268227338790894,1.0003814697265625,-1.706268310546875,-0.394622802734375
1784804933627654400,36.27814745903015,1.0723876953125,-1.6722412109375,-0.1649017333984375
1784804933637573120,36.288066387176514,0.9667205810546875,-1.6367340087890625,-0.5131988525390625
1784804933647493120,36.29798626899719,1.2615203857421875,-1.1793212890625,-0.458984375
1784804933657412352,36.307905435562134,1.415771484375,-0.910858154296875,-0.5488739013671875
1784804933667332096,36.31782531738281,1.5452728271484375,-0.781341552734375,-0.66119384765625
1784804933677251328,36.327744483947754,1.4229736328125,-0.6444244384765625,-0.710540771484375
1784804933687171328,36.33766436576843,1.4334716796875,-0.551666259765625,-0.9183807373046875
1784804933697090048,36.347583293914795,1.3200531005859375,-0.595977783203125,-1.0821075439453125
1784804933707009280,36.357502460479736,1.002532958984375,-0.785186767578125,-1.10418701171875
1784804933716929280,36.367422342300415,0.5166473388671875,-0.94976806640625,-0.3716583251953125
1784804933726848000,36.37734127044678,1.064544677734375,-1.2982177734375,-0.035003662109375
1784804933736768256,36.387261390686035,0.5972747802734375,-1.9516448974609375,-0.52716064453125
1784804933746687232,36.3971803188324,1.0029144287109375,-2.1246337890625,-1.1710357666015625
1784804933756607232,36.407100439071655,1.67523193359375,-1.5814971923828125,-1.7884674072265625
1784804933766526208,36.41701936721802,2.0139007568359375,-0.94915771484375,-1.824249267578125
1784804933776446208,36.426939249038696,2.049774169921875,-1.21356201171875,-1.975830078125
1784804933786365184,36.43685841560364,1.6607208251953125,-1.70648193359375,-1.65338134765625
1784804933796285184,36.446778297424316,2.68328857421875,-1.8899993896484375,-1.0039825439453125
1784804933806204416,36.45669746398926,1.9938812255859375,-2.1484832763671875,-1.289306640625
1784804933816124160,36.46661734580994,2.07122802734375,-2.10931396484375,-0.824188232421875
1784804933826043136,36.4765362739563,2.1671142578125,-2.163482666015625,-0.648712158203125
1784804933835962368,36.48645544052124,2.0431060791015625,-1.8278961181640625,-0.3465576171875
1784804933845882112,36.49637532234192,1.9806365966796875,-1.5740814208984375,-0.1641693115234375
1784804933855801088,36.50629425048828,2.0360107421875,-1.15478515625,0.0863037109375
1784804933865721344,36.51621437072754,1.9850311279296875,-0.579254150390625,0.3871917724609375
1784804933875640064,36.5261332988739,1.8648681640625,0.1203155517578125,0.7465972900390625
1784804933885560320,36.53605341911316,1.5914764404296875,0.8418731689453125,1.09661865234375
1784804933895479296,36.54597234725952,1.38165283203125,1.413909912109375,1.270294189453125
1784804933905399296,36.55589246749878,1.041107177734375,1.6841583251953125,1.15667724609375
1784804933915318272,36.56581139564514,0.78289794921875,1.8599395751953125,0.996002197265625
1784804933925238016,36.57573127746582,0.6405792236328125,1.8656768798828125,0.73309326171875
1784804933935157248,36.58565044403076,0.5162506103515625,1.55267333984375,0.394622802734375
1784804933945077248,36.59557032585144,0.5175323486328125,1.170501708984375,0.1371002197265625
1784804933954996224,36.6054892539978,0.636810302734375,0.792083740234375,-0.1992950439453125
1784804933964915200,36.615408420562744,0.81640625,0.5025634765625,-0.430877685546875
1784804933974835200,36.62532830238342,1.0149383544921875,0.29693603515625,-0.50177001953125
1784804933984754432,36.635247468948364,1.2128448486328125,0.006195068359375,-0.5763702392578125
1784804933994674176,36.64516735076904,1.3155059814453125,-0.3696441650390625,-0.42510986328125
1784804934004593152,36.655086278915405,1.3109130859375,-0.6261138916015625,-0.14263916015625
1784804934014513664,36.66500687599182,1.3301849365234375,-0.5707244873046875,-0.08837890625
1784804934024432640,36.674925804138184,1.46990966796875,-0.31304931640625,-0.067352294921875
1784804934034352896,36.68484592437744,1.63861083984375,-0.248199462890625,-0.05999755859375
1784804934044271616,36.694764852523804,1.7344207763671875,-0.3755340576171875,-0.0068206787109375
1784804934054191872,36.70468497276306,1.68817138671875,-0.600433349609375,0.090118408203125
1784804934064110848,36.714603900909424,1.5420074462890625,-0.813934326171875,0.2139129638671875
1784804934074030592,36.7245237827301,1.41143798828125,-1.0301971435546875,0.36688232421875
1784804934083949824,36.734442949295044,1.3235015869140625,-1.3587799072265625,0.5531158447265625
1784804934093868800,36.744361877441406,1.293548583984375,-1.7278594970703125,0.7472991943359375
1784804934103788544,36.754281759262085,1.24822998046875,-1.899810791015625,0.926361083984375
1784804934113707776,36.764200925827026,1.20648193359375,-1.7349853515625,1.0777130126953125
1784804934123627776,36.774120807647705,1.3647613525390625,-1.5749359130859375,1.3023834228515625
1784804934133546752,36.78403997421265,1.4228973388671875,-1.5936126708984375,1.51226806640625
1784804934143466752,36.793959856033325,1.1551513671875,-1.63458251953125,1.9150238037109375
1784804934153385728,36.80387878417969,0.81390380859375,-1.8137664794921875,2.2669219970703125
1784804934163305728,36.813798904418945,0.6776123046875,-1.9093475341796875,2.20635986328125
1784804934173224704,36.82371783256531,0.5946044921875,-1.74090576171875,2.1519622802734375
1784804934183144704,36.833637952804565,0.4779052734375,-1.6758880615234375,2.184539794921875
1784804934193063680,36.84355688095093,0.259735107421875,-1.771575927734375,2.243988037109375
1784804934202983680,36.853476762771606,0.2313079833984375,-1.899322509765625,2.0267791748046875
1784804934212902912,36.86339592933655,-0.23040771484375,-2.0385589599609375,2.184539794921875
1784804934222821632,36.87331485748291,-0.07666015625,-3.59771728515625,2.134918212890625
1784804934232741888,36.88323497772217,0.9690093994140625,-1.171295166015625,2.5595855712890625
1784804934242660864,36.89315390586853,0.1180572509765625,-0.2603912353515625,0.6866912841796875
1784804934252580608,36.90307378768921,-0.396514892578125,-0.732513427734375,0.947296142578125
1784804934262499840,36.91299295425415,-0.5026702880859375,-1.0447845458984375,1.0054779052734375
1784804934272419584,36.92291283607483,0.2047119140625,-1.3204498291015625,1.076080322265625
1784804934282338560,36.93283176422119,0.1543121337890625,-1.6555023193359375,1.032379150390625
1784804934292258816,36.94275188446045,0.0742340087890625,-1.5615234375,0.9268035888671875
1784804934302177792,36.95267081260681,0.038970947265625,-1.132720947265625,0.8424530029296875
1784804934312097792,36.96259093284607,-0.0113983154296875,-0.642364501953125,0.578277587890625
1784804934322016768,36.97250986099243,-0.163848876953125,-0.1001434326171875,0.1958160400390625
1784804934331936768,36.98242998123169,-0.3104095458984375,0.053863525390625,-0.0996551513671875
1784804934341855744,36.99234890937805,-0.0640869140625,-0.5721435546875,-0.2345123291015625
1784804934351774720,37.002267837524414,0.238433837890625,-1.0539093017578125,-0.14495849609375
1784804934361694720,37.01218795776367,0.1020050048828125,-1.3388671875,0.1005401611328125
1784804934371613696,37.022106885910034,-0.1052093505859375,-1.2288818359375,0.46258544921875
1784804934381533696,37.03202676773071,-0.256805419921875,-0.836700439453125,0.6628875732421875
1784804934391452672,37.041945934295654,0.013214111328125,-0.914764404296875,0.1761627197265625
1784804934401372672,37.05186581611633,0.0850067138671875,-1.0503387451171875,0.119171142578125
1784804934411291904,37.061784982681274,0.1867523193359375,-1.2672576904296875,0.221771240234375
1784804934421211648,37.07170486450195,0.5031585693359375,-1.816436767578125,-0.05133056640625
1784804934431130624,37.081623792648315,0.5341949462890625,-1.7471466064453125,0.2251129150390625
1784804934441050880,37.09154391288757,0.907135009765625,-1.4222869873046875,0.4039306640625
1784804934450969600,37.101462841033936,1.2137908935546875,-1.2013092041015625,0.1284027099609375
1784804934460888576,37.1113817691803,0.965087890625,-1.16375732421875,-0.0685882568359375
1784804934470808832,37.121301889419556,0.762908935546875,-0.9967498779296875,-0.136749267578125
1784804934480727552,37.13122081756592,0.6982574462890625,-1.2075958251953125,-0.3446502685546875
1784804934490647808,37.141140937805176,0.8346405029296875,-1.334686279296875,-0.3987579345703125
1784804934500566784,37.15105986595154,1.102874755859375,-1.3189697265625,-0.22308349609375
1784804934510486528,37.16097974777222,0.7530059814453125,-0.8731231689453125,-0.2007598876953125
1784804934520405760,37.17089891433716,0.7059478759765625,-0.2869873046875,-0.4342193603515625
1784804934530325760,37.18081879615784,0.4568328857421875,-0.138153076171875,-0.841705322265625
1784804934540244736,37.19073796272278,0.289276123046875,-0.076751708984375,-0.75372314453125
1784804934550164736,37.20065784454346,0.1887054443359375,-0.345245361328125,-0.8922271728515625
1784804934560083712,37.21057677268982,-0.0550689697265625,-1.0363616943359375,-1.23345947265625
1784804934570003712,37.22049689292908,0.0817718505859375,-1.1939697265625,-1.1767120361328125
1784804934579922688,37.23041582107544,0.1308746337890625,-1.7375640869140625,-1.4669647216796875
1784804934589841664,37.2403347492218,0.0803680419921875,-1.7060546875,-1.519500732421875
1784804934599761664,37.25025486946106,0.0722808837890625,-1.569976806640625,-1.454193115234375
1784804934609680640,37.26017379760742,-0.0278472900390625,-1.561309814453125,-1.49957275390625
1784804934619600896,37.27009391784668,-0.017333984375,-1.216644287109375,-1.3616485595703125
1784804934629519616,37.28001284599304,0.179473876953125,-1.13818359375,-1.2199554443359375
1784804934639439872,37.2899329662323,0.308135986328125,-1.103759765625,-1.326904296875
1784804934649358848,37.29985189437866,0.18585205078125,-0.7584228515625,-1.329986572265625
1784804934659278592,37.30977177619934,0.075775146484375,-0.5216827392578125,-1.3027496337890625
1784804934669197824,37.31969094276428,0.029632568359375,-0.9855194091796875,-1.3134918212890625
1784804934679116800,37.329609870910645,0.0202789306640625,-1.6424560546875,-1.2451629638671875
1784804934689036544,37.33952975273132,0.2306060791015625,-2.3578643798828125,-1.0536956787109375
1784804934698955776,37.349448919296265,0.4500579833984375,-2.4121856689453125,-0.85784912109375
1784804934708875776,37.35936880111694,0.5185089111328125,-1.7621002197265625,-0.57452392578125
1784804934718794752,37.369287967681885,0.448150634765625,-1.604278564453125,-0.321563720703125
1784804934728714752,37.37920784950256,0.34881591796875,-1.843780517578125,-0.11590576171875
1784804934738633728,37.389126777648926,0.1369476318359375,-2.4389190673828125,-0.2767181396484375
1784804934748553728,37.399046897888184,0.064910888671875,-2.69097900390625,-0.5064544677734375
1784804934758472704,37.408965826034546,0.073394775390625,-2.549163818359375,-0.6194915771484375
1784804934768392704,37.418885946273804,0.381378173828125,-2.3672027587890625,-0.6407470703125
1784804934778311680,37.428804874420166,0.43450927734375,-2.3536376953125,-0.6486968994140625
1784804934788231680,37.438724756240845,0.4867401123046875,-1.9930572509765625,-0.6634368896484375
1784804934798150656,37.448643922805786,0.399169921875,-1.5626373291015625,-0.4537200927734375
1784804934808069632,37.45856285095215,0.327484130859375,-0.8977508544921875,-0.3859100341796875
1784804934817989888,37.468482971191406,0.179779052734375,-0.318878173828125,-0.1837005615234375
1784804934827908864,37.47840189933777,-0.094085693359375,-0.0565338134765625,-0.1641845703125
1784804934837828608,37.48832178115845,-0.09820556640625,0.196868896484375,-0.1575927734375
1784804934847747840,37.49824094772339,-0.1407470703125,0.514984130859375,0.051483154296875
1784804934857667584,37.50816082954407,-0.0911407470703125,0.451812744140625,0.020538330078125
1784804934867586560,37.51807975769043,0.06597900390625,0.1489715576171875,0.044708251953125
1784804934877506816,37.52799987792969,0.22265625,0.2445068359375,0.3273773193359375
1784804934887425536,37.53791880607605,0.5601043701171875,-0.003448486328125,0.3596954345703125
1784804934897345792,37.54783892631531,0.8608245849609375,0.6190948486328125,0.181854248046875
1784804934907264768,37.55775785446167,0.5544586181640625,0.8842315673828125,-0.0446014404296875
1784804934917183744,37.56767678260803,0.76123046875,0.971771240234375,-0.180938720703125
1784804934927103744,37.57759690284729,1.3979339599609375,0.89703369140625,-0.6914825439453125
1784804934937022720,37.58751583099365,1.494415283203125,0.5816650390625,-1.198822021484375
1784804934946942720,37.59743595123291,1.98486328125,0.1590423583984375,-1.9576873779296875
1784804934956861696,37.60735487937927,1.8508453369140625,-0.2231292724609375,-2.084197998046875
1784804934966781696,37.61727476119995,1.84979248046875,-0.4129180908203125,-2.228271484375
1784804934976700672,37.62719392776489,2.0296173095703125,-0.4712066650390625,-2.210479736328125
1784804934986620672,37.63711380958557,1.7501068115234375,-0.4122161865234375,-2.51568603515625
1784804934996539904,37.64703297615051,1.8105010986328125,-0.344696044921875,-2.4683380126953125
1784804935006459648,37.65695285797119,1.7556915283203125,-0.7758026123046875,-2.718475341796875
1784804935016377856,37.666871070861816,1.4682769775390625,-1.0960693359375,-2.5208587646484375
1784804935026296832,37.67678999900818,1.3673553466796875,-1.3647308349609375,-2.172454833984375
1784804935036217088,37.68671011924744,1.3065338134765625,-1.50726318359375,-2.2568206787109375
1784804935046135808,37.6966290473938,1.3522186279296875,-1.532867431640625,-2.189422607421875
1784804935056056064,37.70654916763306,1.1218414306640625,-1.4604034423828125,-1.8895263671875
1784804935065975040,37.71646809577942,1.182891845703125,-1.54425048828125,-1.759674072265625
1784804935075895040,37.72638821601868,1.2746429443359375,-1.6605682373046875,-1.863128662109375
1784804935085814016,37.73630714416504,1.3898773193359375,-1.6144256591796875,-1.4842987060546875
1784804935095733760,37.74622702598572,1.420318603515625,-2.003387451171875,-1.218597412109375
1784804935105652992,37.75614619255066,1.3523712158203125,-2.22662353515625,-1.0430755615234375
1784804935115572992,37.76606607437134,1.1580810546875,-1.88909912109375,-0.6983642578125
1784804935125491968,37.7759850025177,0.9247894287109375,-1.6037750244140625,-0.4963836669921875
1784804935135410944,37.78590416908264,0.76983642578125,-1.4513092041015625,-0.5908660888671875
1784804935145330944,37.79582405090332,1.0041656494140625,-1.2225799560546875,-0.6443939208984375
1784804935155250176,37.80574321746826,1.3903045654296875,-1.064178466796875,-0.629486083984375
1784804935165169920,37.81566309928894,1.402740478515625,-0.914764404296875,-0.5899810791015625
1784804935175088896,37.8255820274353,1.2341461181640625,-0.700286865234375,-0.6927337646484375
1784804935185008896,37.83550214767456,1.291839599609375,-0.3665924072265625,-1.013946533203125
1784804935194927872,37.84542107582092,1.501861572265625,-0.1669921875,-1.1964111328125
1784804935204848128,37.85534119606018,1.57080078125,-0.52484130859375,-1.12689208984375
1784804935214767104,37.86526012420654,1.6635284423828125,-0.8736419677734375,-0.9005584716796875
1784804935224686848,37.87518000602722,1.070556640625,-0.56610107421875,-0.813720703125
1784804935234606080,37.88509917259216,0.5298919677734375,-0.933441162109375,-0.7187652587890625
1784804935244525056,37.895018100738525,0.502899169921875,-1.838592529296875,-1.1805267333984375
1784804935254445056,37.90493822097778,0.8794708251953125,-1.8820343017578125,-1.4741058349609375
1784804935264364032,37.914857149124146,1.244903564453125,-1.6000213623046875,-1.0785369873046875
1784804935274283776,37.924777030944824,1.6295928955078125,-1.3343048095703125,-1.343536376953125
1784804935284203008,37.934696197509766,1.9125823974609375,-0.981719970703125,-1.468475341796875
1784804935294123008,37.944616079330444,1.829925537109375,-1.1847381591796875,-1.4664764404296875
1784804935304041984,37.95453500747681,1.9505767822265625,-1.810333251953125,-1.6311798095703125
1784804935313961984,37.964455127716064,1.84259033203125,-2.2203826904296875,-1.451812744140625
1784804935323880960,37.97437405586243,2.0614166259765625,-2.216644287109375,-1.1846771240234375
1784804935333800960,37.984294176101685,1.71331787109375,-2.210662841796875,-0.9076690673828125
1784804935343719936,37.99421310424805,2.136962890625,-2.01104736328125,-0.5418548583984375
1784804935353638912,38.00413203239441,1.9705963134765625,-2.02777099609375,-0.50457763671875
1784804935363558912,38.01405215263367,2.198486328125,-1.7706451416015625,-0.3587799072265625
1784804935373477888,38.02397108078003,2.0961761474609375,-1.3849334716796875,-0.4039459228515625
1784804935383398144,38.03389120101929,2.2110748291015625,-0.9501953125,-0.223602294921875
1784804935393316864,38.04381012916565,2.1542816162109375,-0.64154052734375,-0.036468505859375
1784804935403236864,38.05373001098633,2.013427734375,-0.3727874755859375,0.300018310546875
1784804935413156096,38.06364917755127,1.9196014404296875,-0.08074951171875,0.6533660888671875
1784804935423075840,38.07356905937195,1.8245086669921875,0.221527099609375,0.9178009033203125
1784804935432995072,38.08348822593689,1.6884307861328125,0.599029541015625,1.2279052734375
1784804935442914048,38.09340715408325,1.4912261962890625,0.916229248046875,1.3973846435546875
1784804935452833792,38.10332703590393,1.3021087646484375,1.167388916015625,1.3957061767578125
1784804935462753024,38.11324620246887,1.1372833251953125,1.204681396484375,1.2931365966796875
1784804935472673024,38.12316608428955,0.963775634765625,1.040557861328125,1.070587158203125
1784804935482591744,38.13308501243591,0.9151153564453125,0.8487701416015625,0.8955230712890625
1784804935492512000,38.14300513267517,0.8678436279296875,0.5179595947265625,0.6208953857421875
1784804935502430976,38.15292406082153,0.8636474609375,0.1176910400390625,0.42535400390625
1784804935512350976,38.16284418106079,0.9973602294921875,-0.077423095703125,0.3399505615234375
1784804935522269952,38.17276310920715,1.138671875,0.0943756103515625,0.2807464599609375
1784804935532190208,38.18268322944641,1.3068695068359375,0.37152099609375,-0.04803466796875
1784804935542108928,38.19260215759277,1.395660400390625,0.4044647216796875,-0.426666259765625
1784804935552027904,38.202521085739136,1.42431640625,0.1075286865234375,-0.430816650390625
1784804935561948160,38.212441205978394,1.4665069580078125,-0.4997711181640625,-0.11517333984375
1784804935571866880,38.222360134124756,1.5513458251953125,-1.2050628662109375,0.4707183837890625
1784804935581786880,38.232280015945435,1.5009765625,-1.911346435546875,1.0444183349609375
1784804935591706112,38.242199182510376,1.291961669921875,-2.2793426513671875,1.4197845458984375
1784804935601625856,38.252119064331055,0.9707489013671875,-1.9556732177734375,1.4627838134765625
1784804935611545088,38.262038230895996,0.7402496337890625,-1.39923095703125,1.4315032958984375
1784804935621465088,38.271958112716675,0.7423248291015625,-1.17376708984375,1.443145751953125
1784804935631383808,38.28187704086304,1.0100250244140625,-1.38037109375,1.5770263671875
1784804935641303040,38.29179620742798,1.1945648193359375,-1.7733154296875,1.91357421875
1784804935651223040,38.30171608924866,0.9917449951171875,-2.1019744873046875,2.373016357421875
1784804935661141760,38.31163501739502,0.4062042236328125,-2.232269287109375,2.7156829833984375
1784804935671062016,38.32155513763428,0.168609619140625,-2.072021484375,2.5029296875
1784804935680980992,38.33147406578064,0.2972869873046875,-1.808258056640625,2.2462158203125
1784804935690900992,38.3413941860199,0.3609619140625,-1.6473388671875,2.085968017578125
1784804935700819968,38.35131311416626,0.1195831298828125,-1.72222900390625,2.0943450927734375
1784804935710739968,38.36123323440552,-0.024871826171875,-1.9179534912109375,2.08642578125
1784804935720658944,38.37115216255188,-0.056488037109375,-1.866241455078125,2.022369384765625
1784804935730578944,38.38107204437256,-0.2683258056640625,-1.837127685546875,1.746307373046875
1784804935740498176,38.3909912109375,-0.3221282958984375,-1.6427154541015625,1.51129150390625
1784804935750416896,38.40091013908386,-0.42755126953125,-1.594818115234375,1.5199127197265625
1784804935760336896,38.41083002090454,0.1894989013671875,-1.9413299560546875,1.4586181640625
1784804935770256128,38.42074918746948,0.1942291259765625,-0.7440185546875,1.3133392333984375
1784804935780175872,38.43066906929016,-0.508575439453125,-0.7528228759765625,0.572967529296875
1784804935790094848,38.44058799743652,-0.1405181884765625,-1.00750732421875,0.6586456298828125
1784804935800014848,38.45050811767578,-0.0118255615234375,-1.2870330810546875,0.641998291015625
1784804935809933824,38.460427045822144,-0.112640380859375,-1.3663787841796875,0.56890869140625
1784804935819854080,38.4703471660614,-0.20361328125,-1.2352752685546875,0.4715423583984375
1784804935829773056,38.480266094207764,-0.1778411865234375,-1.1031494140625,0.3702545166015625
1784804935839691776,38.490185022354126,-0.0935516357421875,-1.01544189453125,0.3762054443359375
1784804935849612032,38.500105142593384,-0.019012451171875,-0.925994873046875,0.3802490234375
1784804935859531008,38.510024070739746,-0.087982177734375,-0.908233642578125,0.2934417724609375
1784804935869451008,38.519944190979004,-0.3358154296875,-0.9587249755859375,0.0553436279296875
1784804935879369984,38.529863119125366,-0.412872314453125,-1.035064697265625,-0.043426513671875
1784804935889289728,38.539783000946045,-0.3827362060546875,-1.10870361328125,-0.108642578125
1784804935899208960,38.549702167510986,-0.31280517578125,-1.1051483154296875,-0.2404022216796875
1784804935909128960,38.559622049331665,-0.28009033203125,-1.000213623046875,-0.3878326416015625
1784804935919048192,38.569541215896606,-0.1740264892578125,-0.9602203369140625,-0.4884033203125
1784804935928966912,38.57946014404297,-0.3125457763671875,-1.156829833984375,-0.0295562744140625
1784804935938886912,38.58938002586365,-0.617095947265625,-1.6140899658203125,-0.485015869140625
1784804935948806144,38.59929919242859,-0.2252197265625,-1.1221160888671875,-0.281768798828125
1784804935958725888,38.60921907424927,-0.0007171630859375,-0.89190673828125,-0.946044921875
1784804935968644864,38.61913800239563,-0.074676513671875,-0.548553466796875,0.5589752197265625
1784804935978564864,38.62905812263489,-0.3320465087890625,-1.712005615234375,-1.2847137451171875
1784804935988483840,38.63897705078125,0.840057373046875,0.0701904296875,-1.9994049072265625
1784804935998404096,38.64889717102051,1.292999267578125,-0.135345458984375,-2.5062408447265625
1784804936008323072,38.65881609916687,1.55023193359375,-4.9391937255859375,-9.04779052734375
1784804936018242560,38.66873574256897,0.0614471435546875,-2.1655731201171875,0.4285736083984375
1784804936028161792,38.67865490913391,0.2275390625,-1.0165252685546875,1.9106292724609375
1784804936038080768,38.68857383728027,-0.4449310302734375,-0.9609527587890625,-0.2977752685546875
1784804936048000512,38.69849371910095,-0.298797607421875,-0.7435150146484375,-1.89739990234375
1784804936057919744,38.708412885665894,1.204010009765625,0.324615478515625,0.0155792236328125
1784804936067839744,38.71833276748657,1.2571258544921875,-0.2763671875,-0.11029052734375
1784804936077758720,38.728251934051514,1.2094268798828125,0.101959228515625,-0.093109130859375
1784804936087678720,38.73817181587219,0.9021759033203125,0.4420318603515625,0.076812744140625
1784804936097597696,38.748090744018555,0.2569732666015625,0.657257080078125,0.1585540771484375
1784804936107517696,38.75801086425781,0.130645751953125,0.98309326171875,0.9927825927734375
1784804936117436672,38.767929792404175,-0.2050933837890625,1.066986083984375,1.2071533203125
1784804936127355648,38.77784872055054,-1.014984130859375,0.7597808837890625,0.53564453125
1784804936137275648,38.787768840789795,-1.7639007568359375,0.67071533203125,0.1169281005859375
1784804936147194624,38.79768776893616,-1.7368621826171875,1.45111083984375,0.0363922119140625
1784804936157114624,38.807607889175415,-1.8526153564453125,2.2392578125,-0.0157012939453125
1784804936167033600,38.81752681732178,-1.5251617431640625,2.425140380859375,-0.517059326171875
1784804936176953856,38.827446937561035,-1.489715576171875,1.2595672607421875,-3.507965087890625
1784804936186872832,38.8373658657074,0.5423126220703125,-1.2586669921875,-6.17889404296875
1784804936196792576,38.847285747528076,0.125335693359375,-0.530609130859375,-0.7269287109375
1784804936206711808,38.85720491409302,-0.9203643798828125,0.68548583984375,0.3971405029296875
1784804936216630784,38.86712384223938,-1.39251708984375,0.8003997802734375,-0.6850433349609375
1784804936226550528,38.87704372406006,-1.2903594970703125,0.617462158203125,-0.7659759521484375
1784804936236469760,38.886962890625,-0.6672210693359375,0.193603515625,0.144134521484375
1784804936246389504,38.89688277244568,-0.447662353515625,-0.42596435546875,0.755340576171875
1784804936256308736,38.90680193901062,-0.77215576171875,-0.99334716796875,0.5564727783203125
1784804936266228736,38.9167218208313,-1.16815185546875,-1.0571746826171875,0.13629150390625
1784804936276147712,38.92664074897766,-1.1463470458984375,-0.4833831787109375,-0.22235107421875
1784804936286067712,38.93656086921692,-0.903594970703125,0.1218109130859375,-0.4380645751953125
1784804936295986688,38.94647979736328,-0.695343017578125,0.510467529296875,-0.6749725341796875
1784804936305905664,38.956398725509644,-0.6598052978515625,0.62042236328125,-0.81329345703125
1784804936315825664,38.9663188457489,-0.8751373291015625,0.6392974853515625,-0.7105712890625
1784804936325744640,38.976237773895264,-1.0861053466796875,0.670989990234375,-0.5750732421875
1784804936335664640,38.98615789413452,-1.184600830078125,0.6575775146484375,-0.5998687744140625
1784804936345583616,38.996076822280884,-1.2192535400390625,0.579620361328125,-0.5104217529296875
1784804936355503872,39.00599694252014,-1.1680450439453125,0.4727020263671875,-0.366851806640625
1784804936365422848,39.015915870666504,-1.09454345703125,0.2904205322265625,-0.2978363037109375
1784804936375342592,39.02583575248718,-1.06463623046875,0.1293792724609375,-0.250152587890625
1784804936385261824,39.035754919052124,-0.9585418701171875,0.100372314453125,-0.330047607421875
1784804936395180800,39.045673847198486,-0.833282470703125,0.1341094970703125,-0.57623291015625
1784804936405100544,39.055593729019165,-0.8014373779296875,0.2684478759765625,-0.49932861328125
1784804936415019776,39.065512895584106,-1.1817626953125,0.366668701171875,-0.4922027587890625
1784804936424939520,39.075432777404785,-1.208221435546875,0.4330902099609375,-0.3148956298828125
1784804936434858496,39.08535170555115,-0.8508148193359375,0.4007720947265625,-0.16400146484375
1784804936444778752,39.095271825790405,-0.793609619140625,0.22625732421875,-0.1530609130859375
1784804936454697728,39.10519075393677,-0.906707763671875,0.103302001953125,-0.1500091552734375
1784804936464617728,39.115110874176025,-0.8280792236328125,0.1451263427734375,-0.1654052734375
1784804936474536704,39.12502980232239,-0.7718963623046875,0.2809600830078125,-0.2364959716796875
1784804936484455680,39.13494873046875,-0.8431854248046875,0.338409423828125,-0.2100830078125
1784804936494375680,39.14486885070801,-0.8617706298828125,0.254058837890625,-0.2716064453125
1784804936504294656,39.15478777885437,-0.9312896728515625,0.2150115966796875,-0.54901123046875
1784804936514214656,39.16470789909363,-0.9767303466796875,0.4368743896484375,-0.632232666015625
1784804936524133632,39.17462682723999,-1.044464111328125,0.6070098876953125,-0.573516845703125
1784804936534053632,39.18454670906067,-1.0249176025390625,0.4974212646484375,-0.393707275390625
1784804936543972608,39.19446587562561,-0.906097412109375,0.2581787109375,-0.289794921875
1784804936553891584,39.20438480377197,-0.8252105712890625,0.159759521484375,-0.3573150634765625
1784804936563811840,39.21430492401123,-0.9256439208984375,0.26885986328125,-0.4835205078125
1784804936573730816,39.22422385215759,-1.13836669921875,0.32696533203125,-0.5915374755859375
1784804936583650560,39.23414373397827,-1.015289306640625,0.3608245849609375,-0.4994049072265625
1784804936593569792,39.24406290054321,-0.7254638671875,0.4170379638671875,-0.3959808349609375
1784804936603489536,39.25398278236389,-0.716094970703125,0.4422607421875,-0.4207305908203125
1784804936613408512,39.263901710510254,-0.82611083984375,0.4728240966796875,-0.5092620849609375
1784804936623328768,39.27382183074951,-0.828887939453125,0.551055908203125,-0.4749298095703125
1784804936633247488,39.283740758895874,-0.7998809814453125,0.623046875,-0.6556549072265625
1784804936643166720,39.293659925460815,-0.9354095458984375,0.577545166015625,-0.8563079833984375
1784804936653086720,39.303579807281494,-1.0716094970703125,0.541534423828125,-0.816253662109375
1784804936663005696,39.313498735427856,-1.1157989501953125,0.4763336181640625,-0.7310791015625
1784804936672925696,39.323418855667114,-1.0797882080078125,0.4650421142578125,-0.534942626953125
1784804936682844672,39.33333778381348,-1.0160980224609375,0.5104522705078125,-0.4277496337890625
1784804936692764672,39.343257904052734,-0.959991455078125,0.32196044921875,-0.4800567626953125
1784804936702683648,39.3531768321991,-0.956695556640625,0.356689453125,-0.5899658203125
1784804936712603648,39.363096714019775,-0.957855224609375,0.4989013671875,-0.7939300537109375
1784804936722522624,39.37301588058472,-1.031951904296875,0.6608428955078125,-0.757720947265625
1784804936732441600,39.38293480873108,-1.18817138671875,0.71246337890625,-0.876068115234375
1784804936742361856,39.39285492897034,-0.9746856689453125,0.555328369140625,-0.8879547119140625
1784804936752280832,39.4027738571167,-0.9620819091796875,0.392669677734375,-0.7934112548828125
1784804936762200576,39.41269373893738,-0.8584442138671875,0.2996063232421875,-0.721527099609375
1784804936772119808,39.42261290550232,-0.8494110107421875,0.296295166015625,-0.6367034912109375
1784804936782039552,39.432532787323,-0.7960205078125,0.4318695068359375,-0.545074462890625
1784804936791958528,39.44245171546936,-0.683502197265625,0.523590087890625,-0.729095458984375
1784804936801878784,39.45237183570862,-0.5979461669921875,0.4825439453125,-0.84271240234375
1784804936811797504,39.46229076385498,-0.4747467041015625,0.607666015625,-0.8651885986328125
1784804936821716736,39.47220993041992,-0.484527587890625,0.793701171875,-0.7137603759765625
1784804936831636736,39.4821298122406,-0.322265625,0.664642333984375,-0.74273681640625
1784804936841555712,39.49204874038696,-0.6201019287109375,0.460296630859375,-0.645172119140625
1784804936851475712,39.50196886062622,-0.353271484375,0.1830902099609375,-0.72357177734375
1784804936861394688,39.51188778877258,-0.774261474609375,-0.1693267822265625,-0.798248291015625
1784804936871314688,39.52180790901184,-0.66259765625,-0.363555908203125,-0.6143798828125
1784804936881233664,39.5317268371582,-0.467803955078125,-0.3762359619140625,-0.5125885009765625
1784804936891153664,39.54164671897888,-0.3368072509765625,-0.30950927734375,-0.706146240234375
1784804936901072640,39.55156588554382,-0.2178955078125,-0.14813232421875,-0.9421844482421875
1784804936910991616,39.561484813690186,-0.07733154296875,0.1194610595703125,-0.9651336669921875
1784804936920911872,39.57140493392944,-0.022796630859375,0.3109130859375,-0.8639984130859375
1784804936930830592,39.581323862075806,0.0075836181640625,0.356658935546875,-0.8032989501953125
1784804936940750592,39.591243743896484,0.032562255859375,0.3291778564453125,-0.813812255859375
1784804936950669824,39.601162910461426,0.094879150390625,0.3391265869140625,-0.7481231689453125
1784804936960589568,39.611082792282104,0.174896240234375,0.381378173828125,-0.6636810302734375
1784804936970508544,39.62100172042847,0.2193756103515625,0.408966064453125,-0.5843048095703125
1784804936980427776,39.63092088699341,0.2239227294921875,0.4205474853515625,-0.479248046875
1784804936990347520,39.64084076881409,0.215911865234375,0.3938140869140625,-0.457305908203125
1784804937000266752,39.65075993537903,0.21636962890625,0.3477630615234375,-0.429107666015625
1784804937010186752,39.66067981719971,0.200958251953125,0.3998565673828125,-0.40057373046875
1784804937020105728,39.67059898376465,0.2268524169921875,0.560638427734375,-0.439849853515625
1784804937030025984,39.680519104003906,0.26806640625,0.78411865234375,-0.5680084228515625
1784804937039944960,39.69043803215027,0.282501220703125,1.02093505859375,-0.59283447265625
1784804937049864960,39.700358152389526,0.25396728515625,1.1649627685546875,-0.558441162109375
1784804937059783936,39.71027708053589,0.18914794921875,1.1476593017578125,-0.43939208984375
1784804937069702912,39.72019600868225,0.1277923583984375,0.928741455078125,-0.3652191162109375
1784804937079622912,39.73011612892151,0.1216278076171875,0.7549896240234375,-0.313201904296875
1784804937089541888,39.74003505706787,0.1627044677734375,0.6640625,-0.24530029296875
1784804937099462144,39.74995517730713,0.213134765625,0.5993499755859375,-0.251556396484375
1784804937109380864,39.75987410545349,0.2307891845703125,0.6013336181640625,-0.254425048828125
1784804937119300864,39.76979398727417,0.21630859375,0.62298583984375,-0.247894287109375
1784804937129220096,39.77971315383911,0.1936492919921875,0.6292266845703125,-0.25909423828125
1784804937139139840,39.78963303565979,0.324981689453125,0.6611175537109375,-0.2280426025390625
1784804937149058816,39.79955196380615,0.1233062744140625,0.7958831787109375,-0.3561248779296875
1784804937158978048,39.809471130371094,0.1871185302734375,1.1629638671875,-0.48565673828125
1784804937168897792,39.81939101219177,0.7146759033203125,1.584442138671875,-0.36016845703125
1784804937178817024,39.829310178756714,0.5463409423828125,1.4038543701171875,-0.41876220703125
1784804937188737024,39.83923006057739,-0.040740966796875,1.0015869140625,-0.486236572265625
1784804937198655744,39.849148988723755,-0.35223388671875,0.8901519775390625,-0.4471588134765625
1784804937208576000,39.85906910896301,-0.3657073974609375,0.946197509765625,-0.491912841796875
1784804937218494976,39.868988037109375,0.0186767578125,0.8854217529296875,-0.484710693359375
1784804937228413696,39.87890696525574,0.2230072021484375,0.747222900390625,-0.373321533203125
1784804937238333952,39.888827085494995,0.21551513671875,0.64447021484375,-0.3488311767578125
1784804937248252928,39.89874601364136,0.1424407958984375,0.716156005859375,-0.4048309326171875
1784804937258172928,39.908666133880615,-0.030517578125,0.9544525146484375,-0.420654296875
1784804937268091904,39.91858506202698,-0.098846435546875,1.0862579345703125,-0.481658935546875
1784804937278012160,39.928505182266235,0.0704498291015625,0.9910125732421875,-0.5866241455078125
1784804937287930880,39.9384241104126,0.26434326171875,0.8259124755859375,-0.583282470703125
1784804937297850880,39.948343992233276,0.3698577880859375,0.6186676025390625,-0.512054443359375
1784804937307770112,39.95826315879822,0.1951141357421875,0.4819183349609375,-0.488983154296875
1784804937317688832,39.96818208694458,0.07763671875,0.4867401123046875,-0.4296722412109375
1784804937327608832,39.97810196876526,0.142913818359375,0.5149383544921875,-0.4510498046875
1784804937337528064,39.9880211353302,0.07891845703125,0.7004241943359375,-0.477996826171875
1784804937347447808,39.99794101715088,0.058837890625,0.909698486328125,-0.455963134765625
1784804937357367040,40.00786018371582,0.0110015869140625,1.040435791015625,-0.423248291015625
1784804937367287040,40.0177800655365,-0.0243682861328125,1.069610595703125,-0.3985137939453125
1784804937377205760,40.02769899368286,-0.0382843017578125,0.9864501953125,-0.388275146484375
1784804937387126016,40.03761911392212,-0.0504608154296875,0.853759765625,-0.39752197265625
1784804937397044992,40.04753804206848,-0.04632568359375,0.6893157958984375,-0.4493560791015625
1784804937406963712,40.057456970214844,-0.0434417724609375,0.629058837890625,-0.5357818603515625
1784804937416883968,40.0673770904541,0.0082855224609375,0.7337493896484375,-0.6177978515625
1784804937426802944,40.077296018600464,0.0123138427734375,0.8796539306640625,-0.6834564208984375
1784804937436722944,40.08721613883972,-0.007476806640625,0.992156982421875,-0.59185791015625
1784804937446641920,40.097135066986084,-0.0655975341796875,0.9953155517578125,-0.3095245361328125
1784804937456561920,40.10705518722534,-0.193084716796875,0.81414794921875,-0.162689208984375
1784804937466480896,40.116974115371704,-0.2539215087890625,0.470489501953125,-0.4176788330078125
1784804937476399872,40.126893043518066,-0.124237060546875,0.4346160888671875,-0.4542694091796875
1784804937486320128,40.136813163757324,-0.0557403564453125,0.99560546875,-0.47283935546875
1784804937496238848,40.14673209190369,-0.135772705078125,1.4753265380859375,-0.523590087890625
1784804937506158848,40.156651973724365,0.001739501953125,1.598663330078125,-0.7295989990234375
1784804937516078080,40.16657114028931,0.22088623046875,1.5604705810546875,-0.81219482421875
1784804937525997824,40.176491022109985,0.2428131103515625,1.2552032470703125,-0.8718719482421875
1784804937535917056,40.18641018867493,0.01025390625,0.8034515380859375,-0.790069580078125
1784804937545836800,40.196330070495605,-0.4091033935546875,0.35986328125,-0.398468017578125
1784804937555755776,40.20624899864197,-0.3171844482421875,0.0840606689453125,-0.424835205078125
1784804937565675008,40.21616816520691,0.385650634765625,0.2780914306640625,-0.578521728515625
1784804937575595008,40.22608804702759,0.494964599609375,0.7147674560546875,-0.57080078125
1784804937585513728,40.23600697517395,0.2229766845703125,0.9443206787109375,-0.7898712158203125
1784804937595433984,40.24592709541321,-0.0367279052734375,1.0660858154296875,-0.85882568359375
1784804937605352960,40.25584602355957,-0.165313720703125,0.9903411865234375,-0.827850341796875
1784804937615272960,40.26576614379883,-0.1480865478515625,0.8544921875,-0.7615203857421875
1784804937625191936,40.27568507194519,-0.1282806396484375,0.78973388671875,-0.72613525390625
1784804937635110912,40.28560400009155,-0.1317291259765625,0.7835845947265625,-0.6994476318359375
1784804937645030912,40.29552412033081,-0.047454833984375,0.795135498046875,-0.61865234375
1784804937654949888,40.30544304847717,0.0095672607421875,0.7939300537109375,-0.574859619140625
1784804937664870144,40.31536316871643,0.058624267578125,0.7726593017578125,-0.6615753173828125
1784804937674788864,40.32528209686279,0.082550048828125,0.76019287109375,-0.710693359375
1784804937684708864,40.33520197868347,0.086181640625,0.78924560546875,-0.7247772216796875
1784804937694628096,40.34512114524841,0.0650634765625,0.8414459228515625,-0.6872711181640625
1784804937704547840,40.35504102706909,0.0383453369140625,0.842498779296875,-0.6439361572265625
1784804937714466816,40.364959955215454,-0.0141448974609375,0.816375732421875,-0.6277923583984375
1784804937724386048,40.374879121780396,-0.0443878173828125,0.8226470947265625,-0.598419189453125
1784804937734305792,40.384799003601074,-0.064239501953125,0.7842864990234375,-0.62066650390625
1784804937744225024,40.394718170166016,-0.0177154541015625,0.774993896484375,-0.678314208984375
1784804937754145024,40.404638051986694,7.62939453125e-05,0.8245086669921875,-0.7190704345703125
1784804937764063744,40.41455698013306,0.0552520751953125,0.868072509765625,-0.7587890625
1784804937773984000,40.424477100372314,0.0735931396484375,0.85003662109375,-0.778472900390625
1784804937783902976,40.43439602851868,0.0919342041015625,0.785003662109375,-0.7705230712890625
1784804937793821696,40.44431495666504,0.085418701171875,0.7180938720703125,-0.8024139404296875
1784804937803741952,40.4542350769043,0.0946807861328125,0.7096405029296875,-0.7739715576171875
1784804937813660928,40.46415400505066,0.082733154296875,0.7242584228515625,-0.7995452880859375
1784804937823580928,40.47407412528992,0.0946502685546875,0.8329315185546875,-0.75482177734375
1784804937833499904,40.48399305343628,0.13751220703125,0.84307861328125,-0.6887054443359375
1784804937843419904,40.49391317367554,0.1507110595703125,0.7504425048828125,-0.56622314453125
1784804937853338880,40.5038321018219,0.1289215087890625,0.7120361328125,-0.4710540771484375
1784804937863258880,40.51375198364258,0.033935546875,0.72979736328125,-0.428253173828125
1784804937873178112,40.52367115020752,0.0131988525390625,0.709320068359375,-0.4697113037109375
1784804937883096832,40.53359007835388,-0.016998291015625,0.7038421630859375,-0.56146240234375
1784804937893016832,40.54350996017456,-0.11358642578125,0.7930450439453125,-0.6204376220703125
1784804937902936064,40.5534291267395,-0.161468505859375,0.875,-0.6110382080078125
1784804937912855808,40.56334900856018,-0.059906005859375,0.86468505859375,-0.6029052734375
1784804937922775040,40.57326817512512,0.06610107421875,0.7840423583984375,-0.6467132568359375
1784804937932694784,40.5831880569458,0.04998779296875,0.7605438232421875,-0.6126861572265625
1784804937942613760,40.59310698509216,-0.009521484375,0.62384033203125,-0.5721435546875
1784804937952534016,40.60302710533142,-0.03265380859375,0.668914794921875,-0.6044464111328125
1784804937962452992,40.61294603347778,-0.025299072265625,0.8143463134765625,-0.60150146484375
1784804937972371712,40.622864961624146,-0.0206756591796875,0.797454833984375,-0.6612091064453125
1784804937982291968,40.6327850818634,-0.0406036376953125,0.7998199462890625,-0.6563873291015625
1784804937992210944,40.642704010009766,-0.052276611328125,0.8471527099609375,-0.605010986328125
1784804938002130944,40.65262413024902,-0.02093505859375,0.8119659423828125,-0.599517822265625
1784804938012049920,40.662543058395386,0.0253448486328125,0.803436279296875,-0.622100830078125
1784804938021969920,40.672463178634644,0.0393829345703125,0.8129425048828125,-0.64031982421875
1784804938031889152,40.682382345199585,0.0663604736328125,0.815032958984375,-0.7165374755859375
1784804938041808128,40.69230127334595,0.12030029296875,0.7454833984375,-0.7098541259765625
1784804938051728128,40.702221155166626,-0.0675811767578125,0.666656494140625,-0.64886474609375
1784804938061647104,40.71214032173157,-0.0396270751953125,0.7790679931640625,-0.57659912109375
1784804938071567104,40.722060203552246,0.025421142578125,0.825592041015625,-0.5191497802734375
1784804938081486080,40.73197913169861,-0.0020294189453125,0.8077850341796875,-0.5097198486328125
1784804938091406080,40.741899251937866,-0.02996826171875,0.775115966796875,-0.528717041015625
1784804938101325056,40.75181818008423,-0.024200439453125,0.7871246337890625,-0.55419921875
1784804938111245056,40.761738300323486,-0.000823974609375,0.8299102783203125,-0.6220703125
1784804938121164032,40.77165722846985,0.0196685791015625,0.8447418212890625,-0.6438751220703125
1784804938131083008,40.78157615661621,0.0225677490234375,0.810150146484375,-0.6126251220703125
1784804938141003008,40.79149627685547,0.057830810546875,0.769134521484375,-0.5318145751953125
1784804938150921984,40.80141520500183,0.1479644775390625,0.73779296875,-0.4795074462890625
1784804938160842240,40.81133532524109,0.1497344970703125,0.7227935791015625,-0.4968719482421875
1784804938170761216,40.82125425338745,0.038909912109375,0.8133087158203125,-0.512359619140625
1784804938180680960,40.83117413520813,-0.0089874267578125,0.90594482421875,-0.587005615234375
1784804938190600192,40.84109330177307,0.047393798828125,0.917449951171875,-0.6327667236328125
1784804938200519936,40.85101318359375,0.105987548828125,0.8418426513671875,-0.6201934814453125
1784804938210439168,40.86093235015869,0.1153106689453125,0.712188720703125,-0.5957794189453125
1784804938220358144,40.870851278305054,0.0507965087890625,0.6495361328125,-0.566925048828125
1784804938230277888,40.88077116012573,-0.054046630859375,0.7353668212890625,-0.5308990478515625
1784804938240197120,40.890690326690674,-0.1160888671875,0.792816162109375,-0.54559326171875
1784804938250117120,40.90061020851135,-0.1599273681640625,0.837127685546875,-0.5792083740234375
1784804938260036096,40.910529136657715,-0.1396331787109375,0.85418701171875,-0.669097900390625
1784804938269956096,40.92044925689697,-0.0967559814453125,0.876068115234375,-0.6903076171875
1784804938279875072,40.930368185043335,-0.07684326171875,0.8456268310546875,-0.6957244873046875
1784804938289794304,40.940287351608276,-0.0691070556640625,0.8279571533203125,-0.7099456787109375
1784804938299714048,40.950207233428955,-0.0567626953125,0.849517822265625,-0.65704345703125
1784804938309633024,40.96012616157532,-0.0424041748046875,0.7981414794921875,-0.6380462646484375
1784804938319553024,40.970046281814575,-0.0012359619140625,0.780975341796875,-0.5767974853515625
1784804938329472000,40.97996520996094,0.0366363525390625,0.7735748291015625,-0.5496978759765625
1784804938339392256,40.989885330200195,0.023101806640625,0.78546142578125,-0.5237274169921875
1784804938349311232,40.99980425834656,0.007659912109375,0.7974700927734375,-0.52606201171875
1784804938359230976,41.009724140167236,0.0041656494140625,0.8077545166015625,-0.57147216796875
1784804938369150208,41.01964330673218,-0.017181396484375,0.792510986328125,-0.60321044921875
1784804938379069184,41.02956223487854,-0.0502777099609375,0.7551116943359375,-0.6100616455078125
1784804938388989184,41.0394823551178,-0.086822509765625,0.73724365234375,-0.56219482421875
1784804938398908160,41.04940128326416,-0.1285858154296875,0.727508544921875,-0.495147705078125
1784804938408827904,41.05932116508484,-0.151885986328125,0.7608489990234375,-0.431365966796875
1784804938418747136,41.06924033164978,-0.1483612060546875,0.7577972412109375,-0.4272918701171875
1784804938428667136,41.07916021347046,-0.105438232421875,0.781829833984375,-0.470947265625
1784804938438586112,41.08907914161682,-0.0275726318359375,0.817352294921875,-0.52899169921875
1784804938448505088,41.09899830818176,-0.0089569091796875,0.821502685546875,-0.5543060302734375
1784804938458425088,41.10891819000244,-0.0233154296875,0.7779693603515625,-0.5582275390625
1784804938468344320,41.11883735656738,-0.0066986083984375,0.76483154296875,-0.585968017578125
1784804938478264064,41.12875723838806,-0.01385498046875,0.8159942626953125,-0.6087646484375
1784804938488183040,41.138676166534424,-0.0563812255859375,0.8333587646484375,-0.5963897705078125
1784804938498103040,41.14859628677368,-0.119659423828125,0.8437957763671875,-0.60333251953125
1784804938508022016,41.158515214920044,-0.1472625732421875,0.906768798828125,-0.5654754638671875
1784804938517942272,41.1684353351593,-0.0941925048828125,0.898590087890625,-0.5828399658203125
1784804938527860992,41.178354263305664,-0.0316314697265625,0.83099365234375,-0.57928466796875
1784804938537779968,41.188273191452026,0.00982666015625,0.7381134033203125,-0.59893798828125
1784804938547700224,41.198193311691284,0.0262451171875,0.76324462890625,-0.5953216552734375
1784804938557619200,41.20811223983765,0.0159454345703125,0.817413330078125,-0.5779571533203125
1784804938567538944,41.218032121658325,0.0125579833984375,0.8053741455078125,-0.5755157470703125
1784804938577458176,41.22795128822327,0.0255279541015625,0.75823974609375,-0.57672119140625
1784804938587377920,41.237871170043945,0.0128631591796875,0.762603759765625,-0.5797882080078125
1784804938597297152,41.24779033660889,-0.0501708984375,0.8346405029296875,-0.54205322265625
1784804938607217152,41.257710218429565,-0.124053955078125,0.8812103271484375,-0.5158538818359375
1784804938617136128,41.26762914657593,-0.113006591796875,0.8873138427734375,-0.484283447265625
1784804938627055104,41.27754831314087,-0.089691162109375,0.8706817626953125,-0.4884490966796875
1784804938636975104,41.28746819496155,-0.074249267578125,0.87774658203125,-0.499542236328125
1784804938646894080,41.29738712310791,-0.04791259765625,0.9039154052734375,-0.543487548828125
1784804938656814080,41.30730724334717,-0.03192138671875,0.8602752685546875,-0.535247802734375
1784804938666733056,41.31722617149353,-0.0380706787109375,0.7505645751953125,-0.589569091796875
1784804938676653056,41.32714629173279,-0.0086669921875,0.7333984375,-0.6389312744140625
1784804938686572032,41.33706521987915,-0.0570220947265625,0.830169677734375,-0.67376708984375
1784804938696491008,41.34698414802551,-0.0690765380859375,0.89404296875,-0.67144775390625
1784804938706411008,41.35690426826477,-0.0666656494140625,0.8563385009765625,-0.6794586181640625
1784804938716329984,41.36682319641113,-0.0600128173828125,0.8261260986328125,-0.6075897216796875
1784804938726250240,41.37674331665039,-0.029144287109375,0.80828857421875,-0.553131103515625
1784804938736169216,41.38666224479675,-0.003692626953125,0.7788848876953125,-0.5289154052734375
1784804938746088960,41.39658212661743,-0.0181121826171875,0.784515380859375,-0.5111541748046875
1784804938756008192,41.40650129318237,-0.0052642822265625,0.7699737548828125,-0.5175628662109375
1784804938765927936,41.41642117500305,0.0121917724609375,0.7704315185546875,-0.554473876953125
1784804938775847168,41.42634034156799,-0.005645751953125,0.7592620849609375,-0.59161376953125
1784804938785766144,41.436259269714355,-0.0233612060546875,0.7799224853515625,-0.5855255126953125
1784804938795685888,41.446179151535034,-0.0485687255859375,0.82855224609375,-0.5628814697265625
1784804938805605120,41.456098318099976,-0.031982421875,0.838897705078125,-0.51763916015625
1784804938815525120,41.466018199920654,-0.0378875732421875,0.823089599609375,-0.518096923828125
1784804938825444096,41.47593712806702,-0.0511932373046875,0.8846282958984375,-0.5022735595703125
1784804938835364096,41.485857248306274,-0.014404296875,0.865203857421875,-0.499359130859375
1784804938845283072,41.49577617645264,-0.0356597900390625,0.7825775146484375,-0.562652587890625
1784804938855203072,41.505696296691895,-0.04437255859375,0.7642059326171875,-0.6490936279296875
1784804938865122048,41.51561522483826,-0.029144287109375,0.7529144287109375,-0.6974639892578125
1784804938875041024,41.52553415298462,-0.0047607421875,0.72967529296875,-0.7003173828125
1784804938884961024,41.53545427322388,0.03570556640625,0.683990478515625,-0.6644134521484375
1784804938894880000,41.54537320137024,0.032684326171875,0.7481689453125,-0.5960693359375
1784804938904800256,41.5552933216095,-0.018798828125,0.8517608642578125,-0.5418853759765625
1784804938914719232,41.56521224975586,-0.0724334716796875,0.827484130859375,-0.533782958984375
1784804938924638976,41.57513213157654,-0.0732421875,0.831634521484375,-0.55499267578125
1784804938934558208,41.58505129814148,-0.05877685546875,0.852142333984375,-0.578948974609375
1784804938944477952,41.59497117996216,-0.0253753662109375,0.8070068359375,-0.6021728515625
1784804938954397184,41.6048903465271,-0.0279693603515625,0.8264312744140625,-0.5915374755859375
1784804938964316160,41.61480927467346,-0.0335540771484375,0.8075714111328125,-0.606170654296875
1784804938974235904,41.62472915649414,-0.03192138671875,0.7504119873046875,-0.6002044677734375
1784804938984155136,41.63464832305908,-0.016082763671875,0.7057342529296875,-0.549652099609375
1784804938994075136,41.64456820487976,3.0517578125e-05,0.736602783203125,-0.5173492431640625
1784804939003994112,41.65448713302612,0.02703857421875,0.811737060546875,-0.533050537109375
1784804939013913344,41.664406538009644,0.014984130859375,0.8447265625,-0.571929931640625
1784804939023832576,41.674325704574585,0.0059051513671875,0.8486328125,-0.56658935546875
1784804939033752320,41.684245586395264,0.0011138916015625,0.8742523193359375,-0.5591888427734375
1784804939043671296,41.694164514541626,-0.0010528564453125,0.9019012451171875,-0.57305908203125
1784804939053590528,41.70408368110657,-0.0474853515625,0.9060211181640625,-0.5635833740234375
1784804939063510528,41.714003562927246,-0.0717315673828125,0.8701629638671875,-0.5350799560546875
1784804939073429504,41.72392272949219,-0.0836181640625,0.7991790771484375,-0.5180816650390625
1784804939083349504,41.733842611312866,-0.065765380859375,0.7574005126953125,-0.5071563720703125
1784804939093268480,41.74376153945923,-0.0186920166015625,0.8033294677734375,-0.5359344482421875
1784804939103188480,41.753681659698486,-0.0134735107421875,0.87481689453125,-0.5499420166015625
1784804939113107456,41.76360058784485,0.05517578125,0.88330078125,-0.5615081787109375
1784804939123027456,41.773520708084106,0.09808349609375,0.8502655029296875,-0.544097900390625
1784804939132946432,41.78343963623047,0.0835723876953125,0.7755279541015625,-0.5273590087890625
1784804939142865408,41.79335856437683,0.046051025390625,0.767669677734375,-0.4818115234375
1784804939152785664,41.80327868461609,-0.0033416748046875,0.819244384765625,-0.469818115234375
1784804939162704384,41.81319761276245,0.0020751953125,0.808837890625,-0.5158233642578125
1784804939172624640,41.82311773300171,0.0397186279296875,0.7669219970703125,-0.542999267578125
1784804939182543616,41.83303666114807,0.04705810546875,0.7742156982421875,-0.56695556640625
1784804939192463360,41.84295654296875,0.027587890625,0.7781219482421875,-0.5949859619140625
1784804939202382592,41.85287570953369,0.055450439453125,0.8159637451171875,-0.6128387451171875
1784804939212302336,41.86279559135437,0.0295257568359375,0.871734619140625,-0.620269775390625
1784804939222221312,41.87271451950073,0.0122528076171875,0.8365325927734375,-0.6548919677734375
1784804939232140544,41.882633686065674,-0.002838134765625,0.821014404296875,-0.6376190185546875
1784804939242060544,41.89255356788635,-0.04327392578125,0.8180389404296875,-0.6219482421875
1784804939251979520,41.902472734451294,-0.0789642333984375,0.7675323486328125,-0.6669769287109375
1784804939261899520,41.91239261627197,-0.066680908203125,0.739166259765625,-0.6878662109375
1784804939271818496,41.922311544418335,0.0239410400390625,0.749908447265625,-0.7302398681640625
1784804939281738496,41.93223166465759,0.0904388427734375,0.6714324951171875,-0.74627685546875
1784804939291657472,41.942150592803955,0.105072021484375,0.645263671875,-0.7122955322265625
1784804939301577472,41.95207071304321,0.0879058837890625,0.7657623291015625,-0.60699462890625
1784804939311496448,41.961989641189575,-0.0420074462890625,0.845703125,-0.5411376953125
1784804939321415424,41.97190856933594,-0.109375,0.9384307861328125,-0.5349578857421875
1784804939331335424,41.981828689575195,-0.0862274169921875,0.8719482421875,-0.4680938720703125
1784804939341254400,41.99174761772156,-0.0062103271484375,0.648529052734375,-0.4714202880859375
1784804939351174400,42.001667499542236,0.01953125,0.624176025390625,-0.550872802734375
1784804939361093632,42.01158666610718,0.005035400390625,0.734100341796875,-0.6468048095703125
1784804939371013376,42.021506547927856,0.0280303955078125,0.7082977294921875,-0.719512939453125
1784804939380932608,42.0314257144928,0.045989990234375,0.7978057861328125,-0.8459320068359375
1784804939390852352,42.04134559631348,0.027679443359375,0.8097076416015625,-0.8021240234375
1784804939400771328,42.05126452445984,-0.0189666748046875,0.762176513671875,-0.66961669921875
1784804939410690560,42.06118369102478,0.033294677734375,0.7356109619140625,-0.5899200439453125
1784804939420610304,42.07110357284546,0.111358642578125,0.7129364013671875,-0.5635223388671875
1784804939430529280,42.08102250099182,0.1716461181640625,0.693145751953125,-0.610443115234375
1784804939440449536,42.09094262123108,0.21295166015625,0.572723388671875,-0.669708251953125
1784804939450368512,42.10086154937744,0.1829376220703125,0.549285888671875,-0.6609954833984375
1784804939460288512,42.1107816696167,0.054595947265625,0.666656494140625,-0.6549072265625
1784804939470207488,42.12070059776306,-0.01409912109375,0.73699951171875,-0.6381988525390625
1784804939480127488,42.13062071800232,-0.0457305908203125,0.8460693359375,-0.6113128662109375
1784804939490046464,42.14053964614868,-0.097198486328125,0.784912109375,-0.6816253662109375
