time,seconds_elapsed,x,y,z
1784890839232565248,0.13294005393981934,0.0086822509765625,0.5689849853515625,-0.6798858642578125
1784890839242484224,0.14285922050476074,0.0097503662109375,0.567962646484375,-0.6423187255859375
1784890839252403200,0.15277814865112305,0.007781982421875,0.642364501953125,-0.6292877197265625
1784890839262323200,0.16269803047180176,0.0056915283203125,0.7014923095703125,-0.684814453125
1784890839272242432,0.17261719703674316,0.0081634521484375,0.7258758544921875,-0.7282867431640625
1784890839282162176,0.18253707885742188,-0.0095672607421875,0.7289276123046875,-0.7567138671875
1784890839292081152,0.19245600700378418,-0.04852294921875,0.7104034423828125,-0.7676544189453125
1784890839302000384,0.20237517356872559,-0.09027099609375,0.6873321533203125,-0.7732086181640625
1784890839311920128,0.2122950553894043,-0.1031646728515625,0.667327880859375,-0.7594451904296875
1784890839321839360,0.2222142219543457,-0.078155517578125,0.6575775146484375,-0.71673583984375
1784890839331759104,0.23213410377502441,-0.04937744140625,0.6779022216796875,-0.6840667724609375
1784890839341678080,0.24205303192138672,-0.0055389404296875,0.693115234375,-0.6654052734375
1784890839351597312,0.2519721984863281,0.0274505615234375,0.6405487060546875,-0.6689300537109375
1784890839361517312,0.26189208030700684,0.0388031005859375,0.5992279052734375,-0.714630126953125
1784890839371436032,0.27181100845336914,0.022369384765625,0.64471435546875,-0.7481536865234375
1784890839381356288,0.28173112869262695,0.0336761474609375,0.7086334228515625,-0.78790283203125
1784890839391275264,0.29165005683898926,0.0885009765625,0.7489013671875,-0.816497802734375
1784890839401193984,0.30156898498535156,0.09283447265625,0.667694091796875,-0.8589324951171875
1784890839411114240,0.3114891052246094,0.05169677734375,0.4736175537109375,-0.781494140625
1784890839421033216,0.3214080333709717,-0.0270538330078125,0.309417724609375,-0.6634063720703125
1784890839430953216,0.3313281536102295,-0.1136322021484375,0.4044647216796875,-0.634796142578125
1784890839440872192,0.3412470817565918,-0.1263580322265625,0.6278228759765625,-0.695220947265625
1784890839450792192,0.3511672019958496,-0.086456298828125,0.8097076416015625,-0.728485107421875
1784890839460711168,0.3610861301422119,-0.0283203125,0.8975830078125,-0.7830352783203125
1784890839470630144,0.3710050582885742,0.022369384765625,0.8380279541015625,-0.7698822021484375
1784890839480550400,0.38092517852783203,0.00384521484375,0.7313690185546875,-0.7578582763671875
1784890839490469120,0.39084410667419434,-0.06964111328125,0.661224365234375,-0.75848388671875
1784890839500388096,0.40076303482055664,-0.12249755859375,0.692138671875,-0.753814697265625
1784890839510308352,0.41068315505981445,-0.1662750244140625,0.741302490234375,-0.7518768310546875
1784890839520227072,0.42060208320617676,-0.130615234375,0.8358306884765625,-0.696685791015625
1784890839530147328,0.43052220344543457,-0.0402679443359375,0.8856964111328125,-0.694854736328125
1784890839540066304,0.4404411315917969,0.0477294921875,0.826141357421875,-0.686614990234375
1784890839549986048,0.4503610134124756,0.15667724609375,0.72601318359375,-0.6141204833984375
1784890839559905280,0.460280179977417,0.2438201904296875,0.51422119140625,-0.578399658203125
1784890839569824256,0.4701991081237793,0.2969970703125,0.2691497802734375,-0.495819091796875
1784890839579744000,0.480118989944458,0.27899169921875,0.17095947265625,-0.3820343017578125
1784890839589663232,0.4900381565093994,0.276824951171875,0.1595916748046875,-0.382293701171875
1784890839599583232,0.4999580383300781,0.414886474609375,0.1604461669921875,-0.574859619140625
1784890839609502208,0.5098772048950195,0.4833221435546875,0.3098297119140625,-0.995208740234375
1784890839619421184,0.5197961330413818,0.249969482421875,0.7422027587890625,-2.2271270751953125
1784890839629341184,0.5297160148620605,-0.253662109375,2.095947265625,-1.843414306640625
1784890839639260416,0.539635181427002,0.948699951171875,1.1157684326171875,-1.2898101806640625
1784890839649180160,0.5495550632476807,0.781158447265625,-0.429412841796875,0.0784912109375
1784890839659099136,0.559473991394043,-0.2058563232421875,0.111328125,-0.0355987548828125
1784890839669018368,0.5693931579589844,-0.1596527099609375,1.30926513671875,-0.73455810546875
1784890839678938112,0.5793130397796631,0.371673583984375,1.267730712890625,-0.846923828125
1784890839688857344,0.5892322063446045,0.1028289794921875,0.7998504638671875,-0.69940185546875
1784890839698777088,0.5991520881652832,-0.1898193359375,0.69854736328125,-0.3812408447265625
1784890839708696064,0.6090710163116455,-0.3061676025390625,0.4579620361328125,-0.2028350830078125
1784890839718615296,0.6189901828765869,-0.4996490478515625,-0.1678314208984375,-0.2062835693359375
1784890839728535296,0.6289100646972656,-0.8095703125,-1.2536773681640625,-1.283966064453125
1784890839738454016,0.6388289928436279,-0.5589447021484375,-0.4064483642578125,-1.9038543701171875
1784890839748374272,0.6487491130828857,-0.1719970703125,2.0471954345703125,-0.9288787841796875
1784890839758293248,0.658668041229248,0.3005523681640625,1.3341522216796875,-0.8322906494140625
1784890839768212224,0.6685872077941895,-0.034881591796875,0.7932891845703125,-1.075439453125
1784890839778132224,0.6785070896148682,-0.0661773681640625,0.8720703125,-1.0684051513671875
1784890839788049408,0.6884243488311768,0.155609130859375,0.7092742919921875,-0.933441162109375
1784890839797969664,0.6983444690704346,0.1981048583984375,0.851165771484375,-0.96929931640625
1784890839807888384,0.7082633972167969,0.13104248046875,0.1096343994140625,-0.774627685546875
1784890839817807360,0.7181823253631592,0.2744140625,-0.134002685546875,-0.767547607421875
1784890839827727616,0.728102445602417,-0.0041046142578125,0.5632476806640625,-1.244873046875
1784890839837646592,0.7380213737487793,-0.1170501708984375,0.41485595703125,-1.20477294921875
1784890839847566336,0.747941255569458,0.079193115234375,-0.06964111328125,-0.9380340576171875
1784890839857485568,0.7578604221343994,0.0460662841796875,-0.005340576171875,-0.93389892578125
1784890839867404544,0.7677793502807617,-0.018035888671875,0.339569091796875,-0.9881439208984375
1784890839877324544,0.7776994705200195,0.1330718994140625,0.4152984619140625,-0.982086181640625
1784890839887243520,0.7876183986663818,0.147247314453125,0.177734375,-0.98492431640625
1784890839897163264,0.7975382804870605,0.0640869140625,-0.244476318359375,-0.9145965576171875
1784890839907082496,0.807457447052002,-0.0064849853515625,-0.3731536865234375,-0.85296630859375
1784890839917002496,0.8173773288726807,-0.079742431640625,0.1520538330078125,-0.94805908203125
1784890839926921472,0.827296257019043,0.0031890869140625,0.412078857421875,-1.0032501220703125
1784890839936840448,0.8372154235839844,0.0337677001953125,0.0938873291015625,-0.8636932373046875
1784890839946760448,0.8471353054046631,-0.0622711181640625,-0.0230255126953125,-0.817962646484375
1784890839956679680,0.8570544719696045,0.0324554443359375,0.17791748046875,-0.8902435302734375
1784890839966599424,0.8669743537902832,-0.03125,0.194183349609375,-1.053680419921875
1784890839976518400,0.8768932819366455,0.0150604248046875,-0.1570281982421875,-0.886322021484375
1784890839986437632,0.8868124485015869,0.005767822265625,0.027374267578125,-0.858306884765625
1784890839996357376,0.8967323303222656,-0.0191802978515625,0.2228546142578125,-1.0681304931640625
1784890840006276352,0.9066512584686279,-0.0336456298828125,0.786407470703125,-1.0674285888671875
1784890840016196608,0.9165713787078857,0.142791748046875,0.82769775390625,-1.2502288818359375
1784890840026115328,0.926490306854248,0.2822265625,1.237762451171875,-1.286865234375
1784890840036034304,0.9364092350006104,-0.237518310546875,1.224761962890625,-1.2262725830078125
1784890840045954560,0.9463293552398682,-0.17138671875,0.756561279296875,-1.0632476806640625
1784890840055873280,0.9562482833862305,0.2466278076171875,0.341217041015625,-0.9053802490234375
1784890840065793536,0.9661684036254883,0.4940338134765625,0.027374267578125,-0.8158416748046875
1784890840075712512,0.9760873317718506,0.36016845703125,-0.142578125,-0.6994781494140625
1784890840085631488,0.9860062599182129,0.149505615234375,-0.3019866943359375,-0.740203857421875
1784890840095551488,0.9959263801574707,0.1056365966796875,-0.3566741943359375,-0.6500091552734375
1784890840105470464,1.005845308303833,0.177825927734375,-0.213165283203125,-0.6298065185546875
1784890840115390464,1.0157654285430908,0.3187255859375,0.055572509765625,-0.675445556640625
1784890840125309440,1.0256843566894531,0.4578704833984375,0.4033660888671875,-0.780029296875
1784890840135228416,1.0356032848358154,0.562652587890625,0.69744873046875,-0.8762664794921875
1784890840145148416,1.0455234050750732,0.6028900146484375,0.6788787841796875,-0.8509674072265625
1784890840155067392,1.0554423332214355,0.5553436279296875,0.1949310302734375,-0.825653076171875
1784890840164987648,1.0653624534606934,0.4005889892578125,-0.12579345703125,-0.6999664306640625
1784890840174906368,1.0752813816070557,0.2940216064453125,-0.2220916748046875,-0.778472900390625
1784890840184826368,1.0852012634277344,0.3126373291015625,-0.1394500732421875,-0.660736083984375
1784890840194745600,1.0951204299926758,0.331298828125,0.1069488525390625,-0.6557769775390625
1784890840204664576,1.105039358139038,0.3704986572265625,0.367584228515625,-0.7631988525390625
1784890840214584320,1.1149592399597168,0.5534210205078125,0.6765594482421875,-1.10528564453125
1784890840224503552,1.1248784065246582,0.9427490234375,0.436859130859375,-1.5492706298828125
1784890840234423296,1.134798288345337,1.3447723388671875,-0.230865478515625,-1.67449951171875
1784890840244342528,1.1447174549102783,1.824066162109375,-0.7490081787109375,-1.7247772216796875
1784890840254261504,1.1546363830566406,1.744659423828125,-0.551483154296875,-1.947265625
1784890840264181248,1.1645562648773193,1.6897125244140625,-0.03021240234375,-2.0381622314453125
1784890840274100480,1.1744754314422607,1.80072021484375,0.8734893798828125,-1.9895782470703125
1784890840284020480,1.1843953132629395,1.700408935546875,0.97198486328125,-1.905059814453125
1784890840293939456,1.1943142414093018,1.434844970703125,1.2479705810546875,-1.474578857421875
1784890840303858432,1.2042334079742432,1.32550048828125,1.02978515625,-1.755584716796875
1784890840313778432,1.2141532897949219,1.0312957763671875,0.5392913818359375,-1.435882568359375
1784890840323697664,1.2240724563598633,0.6836090087890625,0.233306884765625,-1.889678955078125
1784890840333617408,1.233992338180542,0.6598968505859375,0.0617218017578125,-1.9935455322265625
1784890840343536384,1.2439112663269043,0.9736175537109375,0.2155303955078125,-2.2308349609375
1784890840353456384,1.253831386566162,1.2409820556640625,-0.2005767822265625,-1.6208343505859375
1784890840363375360,1.2637503147125244,1.0415496826171875,-1.2977752685546875,-1.10845947265625
1784890840373294336,1.2736692428588867,1.0344085693359375,-1.2302398681640625,-0.6787567138671875
1784890840383214592,1.2835893630981445,1.4833831787109375,-0.8580474853515625,-1.0532379150390625
1784890840393133312,1.2935082912445068,1.75006103515625,-0.8170928955078125,-1.313995361328125
1784890840403053568,1.3034284114837646,1.6702728271484375,-0.8686370849609375,-1.5140380859375
1784890840412972544,1.313347339630127,1.550567626953125,-0.740325927734375,-1.6697235107421875
1784890840422891264,1.3232662677764893,1.54022216796875,-0.7985992431640625,-1.692596435546875
1784890840432811520,1.333186388015747,1.53582763671875,-1.097686767578125,-1.588287353515625
1784890840442730496,1.3431053161621094,1.509124755859375,-1.40911865234375,-1.5312042236328125
1784890840452650496,1.3530254364013672,1.3467864990234375,-1.7218017578125,-1.512481689453125
1784890840462569472,1.3629443645477295,1.2231903076171875,-1.826812744140625,-1.35687255859375
1784890840472489472,1.3728642463684082,1.249847412109375,-1.8307647705078125,-1.0847015380859375
1784890840482408448,1.3827834129333496,1.3811492919921875,-1.8277130126953125,-0.5772857666015625
1784890840492327424,1.392702341079712,1.3768157958984375,-1.85345458984375,-0.1648406982421875
1784890840502247680,1.4026224613189697,1.2893218994140625,-1.74578857421875,0.1572265625
1784890840512166400,1.412541389465332,1.25787353515625,-1.6566314697265625,0.41217041015625
1784890840522086400,1.4224612712860107,1.2387237548828125,-1.66632080078125,0.498077392578125
1784890840532005632,1.4323804378509521,1.243438720703125,-1.7525634765625,0.4896087646484375
1784890840541924352,1.4422993659973145,1.2803802490234375,-1.7589263916015625,0.6186370849609375
1784890840551844352,1.4522192478179932,1.3160400390625,-1.761871337890625,1.0248565673828125
1784890840561763584,1.4621384143829346,1.3676605224609375,-1.748748779296875,1.304901123046875
1784890840571683328,1.4720582962036133,1.4283294677734375,-1.57452392578125,1.553436279296875
1784890840581602560,1.4819774627685547,1.4573516845703125,-1.376251220703125,1.6813812255859375
1784890840591522560,1.4918973445892334,1.452880859375,-1.1938629150390625,1.6927490234375
1784890840601441280,1.5018162727355957,1.466796875,-1.0870361328125,1.5648193359375
1784890840611360512,1.511735439300537,1.48809814453125,-1.058746337890625,1.5507354736328125
1784890840621280512,1.5216553211212158,1.563201904296875,-1.1036224365234375,1.5283050537109375
1784890840631199232,1.5315742492675781,1.648529052734375,-1.1753692626953125,1.6684112548828125
1784890840641119488,1.541494369506836,1.6945343017578125,-1.316253662109375,2.03961181640625
1784890840651038464,1.5514132976531982,1.5976715087890625,-1.4016571044921875,2.1821136474609375
1784890840660957696,1.5613324642181396,1.57269287109375,-1.214935302734375,1.8252105712890625
1784890840670877440,1.5712523460388184,1.621185302734375,-0.8512115478515625,1.549591064453125
1784890840680796416,1.5811712741851807,1.5988922119140625,-0.63909912109375,1.5562896728515625
1784890840690716416,1.5910913944244385,1.5177001953125,-0.335540771484375,1.64813232421875
1784890840700635392,1.6010103225708008,1.8706817626953125,0.74505615234375,2.277069091796875
1784890840710555648,1.6109304428100586,10.47528076171875,7.4264068603515625,2.8995361328125
1784890840720474368,1.620849370956421,-0.76031494140625,2.89801025390625,3.4761199951171875
1784890840730393344,1.6307682991027832,-3.1470947265625,1.9376678466796875,2.976104736328125
1784890840740313600,1.640688419342041,0.57928466796875,0.95709228515625,3.314178466796875
1784890840750232576,1.6506073474884033,2.88134765625,0.7357330322265625,1.141876220703125
1784890840760152576,1.6605274677276611,5.59942626953125,2.17962646484375,1.474273681640625
1784890840770071552,1.6704463958740234,5.7897796630859375,4.369476318359375,1.8893585205078125
1784890840779991296,1.6803662776947021,4.1696014404296875,4.1140899658203125,1.4443359375
1784890840789910784,1.6902856826782227,0.605194091796875,2.4036865234375,0.192840576171875
1784890840799829760,1.700204610824585,-1.184173583984375,2.1352081298828125,0.490478515625
1784890840809749760,1.7101247310638428,-2.2258453369140625,0.66693115234375,0.9576416015625
1784890840819668736,1.720043659210205,-0.0494537353515625,0.94342041015625,0.8250885009765625
1784890840829588736,1.7299635410308838,1.3870086669921875,1.97332763671875,0.34722900390625
1784890840839507712,1.7398827075958252,1.3255615234375,2.53326416015625,0.5200042724609375
1784890840849426688,1.7498016357421875,0.724395751953125,1.9303436279296875,0.2339630126953125
1784890840859346944,1.7597217559814453,0.9525604248046875,1.8853607177734375,0.585540771484375
1784890840869265920,1.7696406841278076,0.658355712890625,1.635101318359375,0.408294677734375
1784890840879185664,1.7795605659484863,0.7203521728515625,1.20989990234375,0.037322998046875
1784890840889104896,1.7894797325134277,1.0763092041015625,1.1406402587890625,0.3575897216796875
1784890840899024640,1.7993996143341064,0.239105224609375,1.2289886474609375,-0.2686767578125
1784890840908943616,1.8093185424804688,0.4901885986328125,0.9674224853515625,1.327880859375
1784890840918862848,1.8192377090454102,0.030059814453125,0.3594970703125,0.341064453125
1784890840928782592,1.8291575908660889,0.2536163330078125,1.312957763671875,1.064056396484375
1784890840938701824,1.8390767574310303,0.4407501220703125,1.164947509765625,0.7868194580078125
1784890840948621824,1.848996639251709,0.5685882568359375,1.0453338623046875,0.73382568359375
1784890840958540800,1.8589155673980713,0.2100067138671875,0.803009033203125,0.9726104736328125
1784890840968460800,1.868835687637329,0.7600860595703125,0.354522705078125,0.6173095703125
1784890840978379776,1.8787546157836914,1.0164031982421875,0.55291748046875,1.0068359375
1784890840988298752,1.8886735439300537,1.4954833984375,0.4485321044921875,0.954498291015625
1784890840998218752,1.8985936641693115,1.19677734375,0.7293853759765625,1.3681182861328125
1784890841008137728,1.9085125923156738,1.4464569091796875,0.209686279296875,0.535003662109375
1784890841018057728,1.9184327125549316,0.9586334228515625,0.68463134765625,1.340606689453125
1784890841027976704,1.928351640701294,0.8212738037109375,0.7474365234375,1.26513671875
1784890841037896960,1.9382717609405518,0.5187530517578125,0.3584136962890625,1.11322021484375
1784890841047815680,1.948190689086914,0.7660369873046875,0.7720489501953125,1.2174224853515625
1784890841057734656,1.9581096172332764,0.597991943359375,0.954498291015625,1.16082763671875
1784890841067654912,1.9680297374725342,0.80615234375,0.5003662109375,1.2910919189453125
1784890841077573888,1.9779486656188965,0.6961212158203125,0.3462982177734375,1.075103759765625
1784890841087493632,1.9878685474395752,0.57977294921875,0.53094482421875,0.99444580078125
1784890841097412864,1.9977877140045166,0.6041107177734375,0.6640777587890625,1.0946502685546875
1784890841107331840,2.007706642150879,0.5658111572265625,0.4566497802734375,1.04913330078125
1784890841117251840,2.0176267623901367,0.724029541015625,0.27978515625,0.949554443359375
1784890841127170816,2.027545690536499,0.7096405029296875,0.6360321044921875,0.80364990234375
1784890841137090560,2.0374655723571777,0.4927215576171875,0.8657073974609375,0.89556884765625
1784890841147009792,2.047384738922119,0.4603271484375,0.5078277587890625,0.8560638427734375
1784890841156929792,2.057304620742798,0.6721954345703125,0.3961029052734375,1.030181884765625
1784890841166848768,2.06722354888916,0.5070953369140625,0.3891143798828125,0.8925018310546875
1784890841176767744,2.0771427154541016,0.454315185546875,0.61883544921875,0.8231353759765625
1784890841186687744,2.0870625972747803,0.436279296875,0.4603118896484375,0.812591552734375
1784890841196606976,2.0969817638397217,0.5050048828125,0.186676025390625,0.590850830078125
1784890841206526720,2.1069016456604004,0.36834716796875,0.3819732666015625,0.899688720703125
1784890841216445696,2.1168205738067627,0.4901885986328125,0.21478271484375,0.6501007080078125
1784890841226365696,2.1267406940460205,0.482666015625,0.394439697265625,0.173004150390625
1784890841236284672,2.136659622192383,0.24005126953125,0.7268218994140625,0.1170654296875
1784890841246203648,2.146578550338745,0.1422271728515625,0.6680450439453125,0.0604248046875
1784890841256123904,2.156498670578003,0.190399169921875,0.1428070068359375,0.67449951171875
1784890841266042624,2.1664175987243652,0.443450927734375,-0.007843017578125,0.7479095458984375
1784890841275962880,2.176337718963623,0.2814178466796875,0.3973541259765625,0.9261474609375
1784890841285881856,2.1862566471099854,0.3524169921875,0.2426605224609375,0.7738800048828125
1784890841295801600,2.196176528930664,0.281890869140625,0.2203826904296875,0.769195556640625
1784890841305720832,2.2060956954956055,0.293670654296875,0.371917724609375,0.724090576171875
1784890841315639808,2.2160146236419678,0.360107421875,0.4876708984375,0.45538330078125
1784890841325559808,2.2259347438812256,0.4111328125,0.4323272705078125,0.6813812255859375
1784890841335478784,2.235853672027588,0.503021240234375,0.0308685302734375,0.5976409912109375
1784890841345398784,2.2457735538482666,0.3494110107421875,0.09466552734375,0.738677978515625
1784890841355317760,2.255692720413208,0.2395782470703125,0.224517822265625,0.80859375
1784890841365237760,2.2656126022338867,0.31396484375,0.0893707275390625,0.7531890869140625
1784890841375156736,2.275531530380249,0.4303131103515625,0.2479705810546875,0.741180419921875
1784890841385076736,2.285451650619507,0.277496337890625,0.3982391357421875,0.7884063720703125
1784890841394995712,2.295370578765869,0.36456298828125,0.390289306640625,0.7620086669921875
1784890841404914944,2.3052897453308105,0.4112701416015625,0.3353729248046875,0.8214263916015625
1784890841414834688,2.3152096271514893,0.3787994384765625,0.2714385986328125,0.78277587890625
1784890841424753664,2.3251285552978516,0.506988525390625,-0.000823974609375,0.9234771728515625
1784890841434673664,2.3350486755371094,0.4275054931640625,-0.0331573486328125,0.9155426025390625
1784890841444592640,2.3449676036834717,0.3700408935546875,0.0900115966796875,1.0625152587890625
1784890841454512896,2.3548877239227295,0.44012451171875,0.3284912109375,0.9169921875
1784890841464431872,2.364806652069092,0.4613800048828125,0.63214111328125,0.8472900390625
1784890841474350592,2.374725580215454,0.3757171630859375,0.7332763671875,0.807037353515625
1784890841484270848,2.384645700454712,0.2601470947265625,0.65631103515625,0.84124755859375
1784890841494189824,2.394564628601074,0.33740234375,0.4037017822265625,0.8249969482421875
1784890841504109824,2.404484748840332,0.3218536376953125,0.1995849609375,0.8634490966796875
1784890841514028800,2.4144036769866943,0.4484100341796875,0.183685302734375,0.88653564453125
1784890841523948544,2.424323558807373,0.366607666015625,0.249237060546875,0.8661956787109375
1784890841533867776,2.4342427253723145,0.4204559326171875,0.2653656005859375,0.892242431640625
1784890841543786752,2.4441616535186768,0.404296875,0.453582763671875,0.8932342529296875
1784890841553706752,2.4540815353393555,0.38079833984375,0.53546142578125,0.9750518798828125
1784890841563625728,2.464000701904297,0.4392547607421875,0.415313720703125,1.0016021728515625
1784890841573545728,2.4739205837249756,0.4687042236328125,0.390838623046875,1.0164337158203125
1784890841583464960,2.483839750289917,0.53106689453125,0.384521484375,1.038604736328125
1784890841593384704,2.4937596321105957,0.525146484375,0.2911529541015625,1.096893310546875
1784890841603303680,2.503678560256958,0.5099334716796875,0.2767333984375,1.1644744873046875
1784890841613222912,2.5135977268218994,0.5057373046875,0.2430419921875,1.1580047607421875
1784890841623142656,2.523517608642578,0.5372772216796875,0.255462646484375,1.2030792236328125
1784890841633061632,2.5334365367889404,0.608184814453125,0.279083251953125,1.257568359375
1784890841642981888,2.5433566570281982,0.6308441162109375,0.2513580322265625,1.2808380126953125
1784890841652900608,2.5532755851745605,0.6641082763671875,0.2830963134765625,1.402099609375
1784890841662820864,2.5631957054138184,0.6567535400390625,0.19805908203125,1.45452880859375
1784890841672739840,2.5731146335601807,0.613372802734375,0.09149169921875,1.56170654296875
1784890841682659840,2.5830347537994385,0.543365478515625,0.0257720947265625,1.615936279296875
1784890841692578816,2.592953681945801,0.535675048828125,0.2142791748046875,1.5584564208984375
1784890841702497792,2.602872610092163,0.5476531982421875,0.6281585693359375,1.2471771240234375
1784890841712417792,2.612792730331421,0.5449066162109375,0.88299560546875,1.1413726806640625
1784890841722336768,2.622711658477783,0.5375518798828125,0.66619873046875,1.31817626953125
1784890841732256768,2.632631540298462,0.5355377197265625,0.370635986328125,1.5561065673828125
1784890841742175744,2.6425507068634033,0.4426116943359375,0.1739501953125,1.691375732421875
1784890841752095744,2.652470588684082,0.4207000732421875,-0.031463623046875,1.7181854248046875
1784890841762014976,2.6623897552490234,0.4184417724609375,-0.16363525390625,1.574554443359375
1784890841771933696,2.6723086833953857,0.5255126953125,0.077301025390625,1.4193115234375
1784890841781853696,2.6822285652160645,0.53997802734375,0.394683837890625,1.2539215087890625
1784890841791773696,2.6921486854553223,0.4522857666015625,0.4342803955078125,1.1364288330078125
1784890841801693952,2.70206880569458,0.4131011962890625,0.3255615234375,1.2090911865234375
1784890841811612928,2.7119877338409424,0.346435546875,0.1322479248046875,1.2725372314453125
1784890841821532928,2.7219078540802,0.22607421875,-0.0361328125,1.2735137939453125
1784890841831451904,2.7318267822265625,0.169189453125,-0.1428985595703125,1.2683868408203125
1784890841841371648,2.741746664047241,0.1867218017578125,-0.0989227294921875,1.2379608154296875
1784890841851290880,2.7516658306121826,0.1946868896484375,0.091644287109375,1.1764068603515625
1784890841861209856,2.761584758758545,0.1114349365234375,0.224761962890625,1.1266632080078125
1784890841871130112,2.7715048789978027,0.0330963134765625,0.2795257568359375,1.08685302734375
1784890841881048832,2.781423807144165,0.073028564453125,0.2860107421875,0.99578857421875
1784890841890968832,2.7913436889648438,-0.0084686279296875,0.1736297607421875,0.9508819580078125
1784890841900888064,2.801262855529785,-0.1016082763671875,0.016632080078125,0.844329833984375
1784890841910807808,2.811182737350464,-0.09423828125,0.0178375244140625,0.760528564453125
1784890841920726784,2.821101665496826,-0.0185089111328125,0.0272674560546875,0.66217041015625
1784890841930646784,2.831021785736084,-0.1722869873046875,0.1115264892578125,0.6437530517578125
1784890841940565760,2.8409407138824463,-0.2991180419921875,0.211090087890625,0.5730133056640625
1784890841950484992,2.8508598804473877,-0.3988189697265625,0.339996337890625,0.5296478271484375
1784890841960404992,2.8607797622680664,-0.5196990966796875,0.4791259765625,0.4280548095703125
1784890841970323712,2.8706986904144287,-0.4543609619140625,0.4660186767578125,0.4171600341796875
1784890841980243968,2.8806188106536865,-0.455535888671875,0.46514892578125,0.4018402099609375
1784890841990162944,2.890537738800049,-0.492950439453125,0.5506591796875,0.486358642578125
1784890842000082944,2.9004578590393066,-0.4209442138671875,0.44854736328125,0.5854644775390625
1784890842010001920,2.910376787185669,-0.37347412109375,0.3157196044921875,0.49322509765625
1784890842019921664,2.9202966690063477,-0.2844390869140625,0.3396759033203125,0.49273681640625
1784890842029840896,2.930215835571289,-0.1584930419921875,0.3995819091796875,0.4547576904296875
1784890842039759872,2.9401347637176514,-0.2106475830078125,0.2895050048828125,0.5062713623046875
1784890842049679872,2.950054883956909,-0.169525146484375,0.290679931640625,0.3369903564453125
1784890842059598848,2.9599738121032715,-0.09326171875,0.3610687255859375,0.3755950927734375
1784890842069518848,2.96989369392395,0.04144287109375,0.1242828369140625,0.3343658447265625
1784890842079438080,2.9798128604888916,0.1996002197265625,0.06396484375,0.2907562255859375
1784890842089357824,2.9897327423095703,0.267303466796875,0.0396728515625,0.2616729736328125
1784890842099276800,2.9996516704559326,0.2443084716796875,0.098541259765625,0.318359375
1784890842109196800,3.0095717906951904,0.2780609130859375,0.12127685546875,0.3724822998046875
1784890842119115776,3.0194907188415527,0.262969970703125,0.137176513671875,0.4315185546875
1784890842129035008,3.029409885406494,0.2258453369140625,0.166656494140625,0.53021240234375
1784890842138954752,3.039329767227173,0.189178466796875,0.210968017578125,0.526885986328125
1784890842148873728,3.049248695373535,0.1877593994140625,0.26654052734375,0.6381072998046875
1784890842158793984,3.059168815612793,0.1577301025390625,0.233673095703125,0.7611236572265625
1784890842168712960,3.0690877437591553,0.1298370361328125,0.2089385986328125,0.79156494140625
1784890842178632960,3.079007863998413,0.1848602294921875,0.11895751953125,0.851348876953125
1784890842188551936,3.0889267921447754,0.166961669921875,0.11468505859375,0.94317626953125
1784890842198471680,3.098846673965454,0.1613006591796875,0.175506591796875,0.99188232421875
1784890842208390912,3.1087658405303955,0.0941925048828125,0.2084503173828125,0.9866790771484375
1784890842218309888,3.118684768676758,0.0752410888671875,0.17694091796875,0.9891204833984375
1784890842228229888,3.1286048889160156,0.093994140625,0.104644775390625,0.930633544921875
1784890842238148864,3.138523817062378,0.154388427734375,0.0555877685546875,0.9085235595703125
1784890842248068864,3.1484436988830566,0.167510986328125,0.0419158935546875,0.867095947265625
1784890842257988096,3.158362865447998,0.155609130859375,0.0296783447265625,0.84027099609375
1784890842267907840,3.1682827472686768,0.1099395751953125,0.0534515380859375,0.89801025390625
1784890842277826816,3.178201675415039,0.1151580810546875,0.0925140380859375,0.915924072265625
1784890842287746816,3.188121795654297,0.1031646728515625,0.1039581298828125,0.96319580078125
1784890842297665792,3.198040723800659,0.1051177978515625,0.0737762451171875,1.003570556640625
1784890842307586048,3.207960844039917,0.14617919921875,0.0605010986328125,1.0461273193359375
1784890842317504768,3.2178797721862793,0.1248321533203125,0.0605621337890625,1.122283935546875
1784890842327423744,3.2277987003326416,0.1727142333984375,0.001434326171875,1.170745849609375
1784890842337344000,3.2377188205718994,0.1972198486328125,-0.063751220703125,1.26617431640625
1784890842347262976,3.2476377487182617,0.25189208984375,-0.164886474609375,1.30804443359375
1784890842357182976,3.2575578689575195,0.3143463134765625,-0.1692657470703125,1.3383026123046875
1784890842367101952,3.267476797103882,0.3336639404296875,-0.0898895263671875,1.344512939453125
1784890842377021696,3.2773966789245605,0.342864990234375,-0.0550079345703125,1.373626708984375
1784890842386940928,3.287315845489502,0.321319580078125,-0.07305908203125,1.3895721435546875
1784890842396860928,3.2972357273101807,0.3179473876953125,-0.0211944580078125,1.4349517822265625
1784890842406779648,3.307154655456543,0.2824554443359375,0.0286407470703125,1.5038909912109375
1784890842416699904,3.317074775695801,0.2535247802734375,0.0139007568359375,1.5564422607421875
1784890842426618880,3.326993703842163,0.25299072265625,-0.036865234375,1.6354217529296875
1784890842436537856,3.3369128704071045,0.2467041015625,-0.0350189208984375,1.76422119140625
1784890842446457856,3.346832752227783,0.2654876708984375,-0.038330078125,1.7479400634765625
1784890842456376832,3.3567516803741455,0.2466278076171875,-0.003662109375,1.76824951171875
1784890842466296832,3.3666718006134033,0.3020172119140625,-0.0591278076171875,1.768585205078125
1784890842476215808,3.3765907287597656,0.3194580078125,-0.0919647216796875,1.71954345703125
1784890842486136064,3.3865108489990234,0.2901763916015625,-0.0750274658203125,1.6053466796875
1784890842496054784,3.3964297771453857,0.2918853759765625,0.08355712890625,1.5146331787109375
1784890842505974784,3.4063496589660645,0.2699127197265625,0.1901092529296875,1.4086761474609375
1784890842515894016,3.416268825531006,0.2206878662109375,0.108184814453125,1.37261962890625
1784890842525812992,3.426187753677368,0.1795196533203125,0.0269012451171875,1.403656005859375
1784890842535732992,3.436107873916626,0.1824798583984375,0.013671875,1.3487701416015625
1784890842545651968,3.4460268020629883,0.167327880859375,0.0236663818359375,1.311431884765625
1784890842555571712,3.455946683883667,0.1216583251953125,0.0087738037109375,1.2381744384765625
1784890842565490944,3.4658658504486084,0.071319580078125,-0.02069091796875,1.142486572265625
1784890842575410944,3.475785732269287,0.0471038818359375,-0.0145721435546875,1.06793212890625
1784890842585329664,3.4857046604156494,0.0059814453125,0.0376129150390625,0.997589111328125
1784890842595249920,3.4956247806549072,-0.088287353515625,0.1390533447265625,0.96014404296875
1784890842605168896,3.5055437088012695,-0.123565673828125,0.1496124267578125,0.88287353515625
1784890842615088896,3.5154638290405273,-0.18780517578125,0.122467041015625,0.847137451171875
1784890842625007872,3.5253827571868896,-0.2698974609375,0.0479888916015625,0.7878570556640625
1784890842634926848,3.535301685333252,-0.3114471435546875,0.1134796142578125,0.717620849609375
1784890842644846848,3.5452218055725098,-0.3426666259765625,0.2884063720703125,0.6083526611328125
1784890842654765824,3.555140733718872,-0.38067626953125,0.387176513671875,0.487518310546875
1784890842664686080,3.56506085395813,-0.51904296875,0.4801177978515625,0.4764862060546875
1784890842674604800,3.574979782104492,-0.539886474609375,0.4982757568359375,0.4875335693359375
1784890842684524800,3.584899663925171,-0.6340484619140625,0.50567626953125,0.55108642578125
1784890842694444032,3.5948188304901123,-0.6898956298828125,0.40869140625,0.6322479248046875
1784890842704363776,3.604738712310791,-0.5429840087890625,0.28955078125,0.623870849609375
1784890842714283008,3.6146578788757324,-0.647125244140625,0.2665557861328125,0.6925506591796875
1784890842724201984,3.6245768070220947,-0.4094390869140625,0.1166534423828125,0.687103271484375
1784890842734121728,3.6344966888427734,-0.3771514892578125,0.2154998779296875,0.7195892333984375
1784890842744040960,3.644415855407715,-0.4057464599609375,0.2094879150390625,0.545440673828125
1784890842753960960,3.6543357372283936,-0.3053131103515625,0.2550811767578125,0.5782318115234375
1784890842763879680,3.664254665374756,-0.266082763671875,0.1894073486328125,0.6846923828125
1784890842773799936,3.6741747856140137,-0.183807373046875,0.250091552734375,0.711212158203125
1784890842783718912,3.684093713760376,-0.03076171875,0.1914215087890625,0.7600250244140625
1784890842793637888,3.6940128803253174,-0.0121307373046875,0.18280029296875,0.792633056640625
1784890842803556864,3.7039318084716797,0.0318756103515625,0.10723876953125,0.81597900390625
1784890842813477120,3.7138519287109375,0.0225830078125,0.0551300048828125,0.774169921875
1784890842823395840,3.7237708568573,0.1187744140625,-0.0251922607421875,0.66925048828125
1784890842833315840,3.7336907386779785,0.091033935546875,0.018798828125,0.6981964111328125
1784890842843235072,3.74360990524292,0.0688934326171875,0.100433349609375,0.6346435546875
1784890842853154048,3.7535288333892822,0.131988525390625,0.15673828125,0.5951995849609375
1784890842863074048,3.76344895362854,0.1457061767578125,0.1797943115234375,0.5293426513671875
1784890842872993024,3.7733678817749023,0.0883331298828125,0.178741455078125,0.52020263671875
1784890842882912768,3.783287763595581,0.0699005126953125,0.1383819580078125,0.5820159912109375
1784890842892832000,3.7932069301605225,0.0980224609375,0.08660888671875,0.6356964111328125
1784890842902752000,3.803126811981201,0.102752685546875,0.0907440185546875,0.67108154296875
1784890842912670976,3.8130457401275635,0.0886383056640625,0.052490234375,0.763214111328125
1784890842922590976,3.8229658603668213,0.1036834716796875,0.019775390625,0.7977447509765625
1784890842932509952,3.8328847885131836,0.14862060546875,0.0449371337890625,0.7889862060546875
1784890842942429952,3.8428049087524414,0.1570892333984375,0.036865234375,0.84893798828125
1784890842952348928,3.8527238368988037,0.164581298828125,0.0395660400390625,0.9221343994140625
1784890842962267904,3.862642765045166,0.14263916015625,0.1331787109375,0.894012451171875
1784890842972187904,3.872562885284424,0.146514892578125,0.145263671875,0.9377288818359375
1784890842982106880,3.882481813430786,0.1275634765625,0.1382904052734375,0.999114990234375
1784890842992027136,3.892401933670044,-0.0162353515625,0.182708740234375,1.023590087890625
1784890843001945856,3.9023208618164062,-0.0529937744140625,0.15814208984375,1.083984375
1784890843011865856,3.912240743637085,-0.0072784423828125,0.0780029296875,1.1013031005859375
1784890843021785088,3.9221599102020264,0.0260467529296875,0.0333099365234375,1.0662078857421875
1784890843031704832,3.932079792022705,0.0374755859375,0.032440185546875,1.038543701171875
1784890843041624064,3.9419989585876465,0.058746337890625,0.0675506591796875,1.0052947998046875
1784890843051544064,3.951918840408325,0.0862884521484375,0.10125732421875,0.9770355224609375
1784890843061462784,3.9618377685546875,0.11566162109375,0.0696563720703125,1.0007781982421875
1784890843071382016,3.971756935119629,0.188751220703125,0.100067138671875,0.9303131103515625
1784890843081302016,3.9816768169403076,0.1873779296875,0.1376190185546875,0.939453125
1784890843091220736,3.99159574508667,0.2242584228515625,0.13134765625,0.9423065185546875
1784890843101140992,4.001515865325928,0.1854705810546875,0.148773193359375,1.03594970703125
1784890843111059968,4.01143479347229,0.2523193359375,0.1118621826171875,1.0896759033203125
1784890843120979968,4.021354913711548,0.2710723876953125,0.1274871826171875,1.1302032470703125
1784890843130898944,4.03127384185791,0.275634765625,0.1368255615234375,1.1915740966796875
1784890843140819200,4.041193962097168,0.2120361328125,0.08538818359375,1.32989501953125
1784890843150737920,4.05111289024353,0.1820831298828125,0.017303466796875,1.42230224609375
1784890843160657920,4.061032772064209,0.134002685546875,0.033172607421875,1.4848480224609375
1784890843170577152,4.07095193862915,0.148590087890625,0.051666259765625,1.5196380615234375
1784890843180495872,4.080870866775513,0.18927001953125,0.1150360107421875,1.5110015869140625
1784890843190415872,4.090790748596191,0.252716064453125,0.13446044921875,1.4231414794921875
1784890843200335104,4.100709915161133,0.29827880859375,0.1188201904296875,1.3793487548828125
1784890843210254848,4.1106297969818115,0.35272216796875,0.0507049560546875,1.4368438720703125
1784890843220174080,4.120548963546753,0.33966064453125,-0.0091094970703125,1.5962066650390625
1784890843230094080,4.130468845367432,0.3029327392578125,-0.1066436767578125,1.713470458984375
1784890843240012800,4.140387773513794,0.2157440185546875,-0.2030181884765625,1.7479248046875
1784890843249933056,4.150307893753052,0.190093994140625,-0.1985321044921875,1.7105865478515625
1784890843259852032,4.160226821899414,0.1464996337890625,-0.0617523193359375,1.5870513916015625
1784890843269772032,4.170146942138672,0.2130279541015625,0.062255859375,1.4722900390625
1784890843279691008,4.180065870285034,0.260406494140625,0.1305694580078125,1.388336181640625
1784890843289610752,4.189985752105713,0.2646942138671875,0.12664794921875,1.3558807373046875
1784890843299529984,4.199904918670654,0.268157958984375,0.127593994140625,1.3733673095703125
1784890843309448960,4.209823846817017,0.263214111328125,0.153350830078125,1.3603363037109375
1784890843319368960,4.219743967056274,0.1822509765625,0.1872100830078125,1.3312225341796875
1784890843329287936,4.229662895202637,0.078765869140625,0.224395751953125,1.2879180908203125
1784890843339207936,4.239582777023315,-0.0029296875,0.309967041015625,1.2215728759765625
1784890843349127168,4.249501943588257,-0.051422119140625,0.3869476318359375,1.1660919189453125
1784890843359046912,4.2594218254089355,-0.0773162841796875,0.39971923828125,1.128387451171875
1784890843368965888,4.269340753555298,-0.0655670166015625,0.3338623046875,1.0975494384765625
1784890843378885888,4.279260873794556,-0.0905609130859375,0.244781494140625,1.0860137939453125
1784890843388804864,4.289179801940918,-0.097686767578125,0.1893768310546875,1.066650390625
1784890843398725120,4.299099922180176,-0.16363525390625,0.25244140625,1.0185699462890625
1784890843408643840,4.309018850326538,-0.2431182861328125,0.3907470703125,0.8976287841796875
1784890843418564096,4.318938970565796,-0.312744140625,0.576995849609375,0.77874755859375
1784890843428483072,4.328857898712158,-0.2671356201171875,0.6472625732421875,0.647674560546875
1784890843438402048,4.3387768268585205,-0.3182525634765625,0.5535125732421875,0.541717529296875
1784890843448322048,4.348696947097778,-0.4179229736328125,0.5326080322265625,0.573028564453125
1784890843458241024,4.358615875244141,-0.4215087890625,0.524444580078125,0.6524658203125
1784890843468160768,4.368535757064819,-0.47991943359375,0.4477996826171875,0.7176055908203125
1784890843478080000,4.378454923629761,-0.5478363037109375,0.39825439453125,0.7380218505859375
1784890843488000000,4.3883748054504395,-0.462432861328125,0.43060302734375,0.7744598388671875
1784890843497918976,4.398293972015381,-0.5217132568359375,0.4817962646484375,0.6854095458984375
1784890843507838976,4.40821385383606,-0.5760040283203125,0.6496124267578125,0.6721343994140625
1784890843517757952,4.418132781982422,-0.5557861328125,0.557769775390625,0.699951171875
1784890843527677952,4.42805290222168,-0.61407470703125,0.3935089111328125,0.7633209228515625
1784890843537596928,4.437971830368042,-0.48516845703125,0.194610595703125,0.849029541015625
1784890843547517184,4.4478919506073,-0.206878662109375,0.126129150390625,0.8536834716796875
1784890843557435904,4.457810878753662,-0.2603912353515625,0.1107177734375,0.9237518310546875
1784890843567354880,4.467729806900024,-0.0829620361328125,0.2941131591796875,0.80902099609375
1784890843577275136,4.477649927139282,0.012786865234375,0.37921142578125,0.7358245849609375
1784890843587193856,4.4875688552856445,-0.0030059814453125,0.2254638671875,0.6773223876953125
1784890843597113856,4.497488737106323,-0.0047149658203125,0.1596832275390625,0.53363037109375
1784890843607033088,4.507407903671265,0.01556396484375,0.17938232421875,0.4230194091796875
1784890843616952832,4.517327785491943,-0.001739501953125,0.195953369140625,0.447418212890625
1784890843626872064,4.527246952056885,0.005859375,0.165191650390625,0.313995361328125
1784890843636792064,4.5371668338775635,-0.058074951171875,0.185882568359375,0.3148956298828125
1784890843646710784,4.547085762023926,-0.0425262451171875,0.2025299072265625,0.3294219970703125
1784890843656631040,4.557005882263184,-0.0200347900390625,0.22467041015625,0.385650634765625
1784890843666550016,4.566924810409546,0.02593994140625,0.156158447265625,0.47589111328125
1784890843676470016,4.576844930648804,0.0194549560546875,0.1475982666015625,0.5540924072265625
1784890843686388992,4.586763858795166,0.0078582763671875,0.11279296875,0.632843017578125
1784890843696307968,4.596682786941528,-0.0236358642578125,0.1750640869140625,0.7099456787109375
1784890843706227968,4.606602907180786,0.0324249267578125,0.1859130859375,0.7092437744140625
1784890843716146944,4.616521835327148,0.0797119140625,0.1500091552734375,0.7729949951171875
1784890843726066944,4.626441955566406,0.0315093994140625,0.10009765625,0.8576812744140625
1784890843735985920,4.6363608837127686,0.0337066650390625,0.0887298583984375,0.8878936767578125
1784890843745905920,4.646280765533447,0.017242431640625,0.123260498046875,0.9078826904296875
1784890843755825152,4.656199932098389,0.0077667236328125,0.115966796875,0.8965606689453125
1784890843765744896,4.666119813919067,-0.03076171875,0.1332244873046875,0.8640289306640625
1784890843775663872,4.67603874206543,-0.0404815673828125,0.18017578125,0.8299407958984375
1784890843785583872,4.6859588623046875,-0.0660400390625,0.1748199462890625,0.8365631103515625
1784890843795501824,4.695876836776733,-0.074493408203125,0.1816253662109375,0.8374176025390625
1784890843805421824,4.705796718597412,-0.0510711669921875,0.1988525390625,0.8631591796875
1784890843815340800,4.715715646743774,-0.0001220703125,0.112518310546875,0.935516357421875
1784890843825260032,4.725634813308716,0.0038604736328125,0.0407257080078125,0.989105224609375
1784890843835179776,4.7355546951293945,0.0025177001953125,0.0729217529296875,1.0394744873046875
1784890843845098752,4.745473623275757,0.02978515625,0.1278076171875,1.0569610595703125
1784890843855018752,4.755393743515015,0.0789031982421875,0.1941070556640625,1.0648040771484375
1784890843864937728,4.765312671661377,0.0475616455078125,0.1727142333984375,1.0774383544921875
1784890843874857984,4.775232791900635,0.04205322265625,0.145965576171875,1.1425628662109375
1784890843884776704,4.785151720046997,0.0609283447265625,0.0989990234375,1.15093994140625
1784890843894696960,4.795071840286255,0.0414581298828125,0.0958404541015625,1.1838531494140625
1784890843904615936,4.804990768432617,0.0293426513671875,0.04168701171875,1.2204437255859375
1784890843914535680,4.814910650253296,0.041717529296875,-0.002166748046875,1.2828369140625
1784890843924454912,4.824829816818237,0.083648681640625,-0.0487518310546875,1.3271942138671875
1784890843934374912,4.834749698638916,0.09906005859375,-0.07733154296875,1.3498992919921875
1784890843944293632,4.844668626785278,0.1189727783203125,-0.052276611328125,1.3720855712890625
1784890843954213888,4.854588747024536,0.1326904296875,0.03411865234375,1.3807220458984375
1784890843964132864,4.864507675170898,0.1168670654296875,0.10272216796875,1.390350341796875
1784890843974051840,4.87442684173584,0.120941162109375,0.080474853515625,1.3641204833984375
1784890843983971840,4.8843467235565186,0.114654541015625,0.057708740234375,1.4021148681640625
1784890843993890816,4.894265651702881,0.13128662109375,-0.028167724609375,1.43145751953125
1784890844003810816,4.904185771942139,0.11627197265625,-0.1131591796875,1.4860076904296875
1784890844013729792,4.914104700088501,0.1438446044921875,-0.1732940673828125,1.49603271484375
1784890844023650048,4.924024820327759,0.166534423828125,-0.1132049560546875,1.4715118408203125
1784890844033568768,4.933943748474121,0.18719482421875,0.10369873046875,1.41119384765625
1784890844043488768,4.9438636302948,0.1215972900390625,0.2788543701171875,1.289886474609375
1784890844053408000,4.953782796859741,-0.0113983154296875,0.3005523681640625,1.267303466796875
1784890844063327744,4.96370267868042,-0.07977294921875,0.1554412841796875,1.2825775146484375
1784890844073246976,4.973621845245361,-0.0424652099609375,0.0276947021484375,1.3546295166015625
1784890844083166720,4.98354172706604,0.015411376953125,-0.1043548583984375,1.3748931884765625
1784890844093085696,4.993460655212402,0.023468017578125,-0.139312744140625,1.37579345703125
1784890844103005952,5.00338077545166,-0.0016632080078125,-0.098236083984375,1.3621826171875
1784890844112924928,5.0132997035980225,-0.0272216796875,-0.031463623046875,1.3248748779296875
1784890844122843648,5.023218631744385,-0.079010009765625,0.06072998046875,1.2988739013671875
1784890844132763904,5.033138751983643,-0.1308441162109375,0.13330078125,1.2567901611328125
1784890844142682880,5.043057680130005,-0.171600341796875,0.108306884765625,1.2464141845703125
1784890844152602880,5.052977800369263,-0.2559661865234375,0.0630340576171875,1.195587158203125
1784890844162521856,5.062896728515625,-0.2790985107421875,0.1466827392578125,1.1184539794921875
1784890844172441600,5.072816610336304,-0.3087005615234375,0.1876068115234375,1.0016632080078125
1784890844182360832,5.082735776901245,-0.3222198486328125,0.18499755859375,0.8890533447265625
1784890844192280832,5.092655658721924,-0.33489990234375,0.2332611083984375,0.80584716796875
1784890844202199808,5.102574825286865,-0.3509063720703125,0.3118133544921875,0.7374267578125
1784890844212119808,5.112494707107544,-0.35797119140625,0.3618927001953125,0.702545166015625
1784890844222038784,5.122413635253906,-0.4229583740234375,0.371856689453125,0.696502685546875
1784890844231958784,5.132333755493164,-0.4737701416015625,0.3885650634765625,0.6883544921875
1784890844241877760,5.142252683639526,-0.5333709716796875,0.3923187255859375,0.703399658203125
1784890844251798016,5.152172803878784,-0.6132049560546875,0.3760833740234375,0.6650848388671875
1784890844261716736,5.1620917320251465,-0.646759033203125,0.408477783203125,0.6533050537109375
1784890844271635712,5.172010660171509,-0.5860137939453125,0.412750244140625,0.6502685546875
1784890844281555968,5.181930780410767,-0.5028839111328125,0.4245147705078125,0.631256103515625
1784890844291474944,5.191849708557129,-0.4400787353515625,0.474365234375,0.6790618896484375
1784890844301394944,5.201769828796387,-0.4113922119140625,0.4481658935546875,0.61810302734375
1784890844311313920,5.211688756942749,-0.3677825927734375,0.4186859130859375,0.7070159912109375
1784890844321233664,5.221608638763428,-0.3551788330078125,0.3127899169921875,0.717864990234375
1784890844331152896,5.231527805328369,-0.313751220703125,0.241455078125,0.77203369140625
1784890844341072896,5.241447687149048,-0.193145751953125,0.184906005859375,0.7572021484375
1784890844350991616,5.25136661529541,-0.081451416015625,0.2490692138671875,0.713470458984375
1784890844360911872,5.261286735534668,-0.141510009765625,0.203033447265625,0.6954803466796875
1784890844370830848,5.27120566368103,-0.2158203125,0.1691741943359375,0.6596527099609375
1784890844380750848,5.281125783920288,-0.2164306640625,0.173828125,0.639129638671875
1784890844390669824,5.29104471206665,-0.066131591796875,0.191864013671875,0.563690185546875
1784890844400589824,5.300964832305908,-0.0598297119140625,0.247161865234375,0.5963287353515625
1784890844410508800,5.3108837604522705,-0.0572052001953125,0.2674560546875,0.6123199462890625
1784890844420428800,5.320803642272949,-0.091552734375,0.2971038818359375,0.5908203125
1784890844430348032,5.330722808837891,-0.1240234375,0.3068389892578125,0.6148223876953125
1784890844440266752,5.340641736984253,-0.094451904296875,0.222747802734375,0.6543731689453125
1784890844450186752,5.350561618804932,-0.1279449462890625,0.217803955078125,0.6923675537109375
1784890844460105984,5.360480785369873,-0.1165618896484375,0.262237548828125,0.742706298828125
1784890844470025728,5.370400667190552,-0.11602783203125,0.21759033203125,0.7660675048828125
1784890844479944960,5.380319833755493,-0.0925445556640625,0.1900482177734375,0.8078460693359375
1784890844489864704,5.390239715576172,-0.04290771484375,0.193115234375,0.8382568359375
1784890844499783680,5.400158643722534,-0.04144287109375,0.23876953125,0.827972412109375
1784890844509703936,5.410078763961792,-0.0377349853515625,0.285491943359375,0.8209075927734375
1784890844519622912,5.419997692108154,-0.0343170166015625,0.309722900390625,0.8480072021484375
1784890844529542912,5.429917812347412,-0.0251312255859375,0.2974700927734375,0.83953857421875
1784890844539461888,5.439836740493774,-0.015472412109375,0.3086090087890625,0.8758392333984375
1784890844549381632,5.449756622314453,0.0026397705078125,0.2937774658203125,0.91156005859375
1784890844559300864,5.4596757888793945,-0.009735107421875,0.2574920654296875,0.9482421875
1784890844569220864,5.469595670700073,-0.0287017822265625,0.2426605224609375,0.9842987060546875
1784890844579139840,5.479514837265015,-0.037811279296875,0.2010040283203125,1.015777587890625
1784890844589059840,5.489434719085693,-0.065948486328125,0.1731109619140625,1.072357177734375
1784890844598978816,5.499353647232056,-0.071563720703125,0.1831207275390625,1.0777435302734375
1784890844608898048,5.509272813796997,-0.0635986328125,0.208526611328125,1.09869384765625
1784890844618817792,5.519192695617676,-0.0516357421875,0.2497406005859375,1.1295013427734375
1784890844628736768,5.529111623764038,-0.0213470458984375,0.2889556884765625,1.101165771484375
1784890844638656768,5.539031744003296,-0.0227508544921875,0.3035125732421875,1.098876953125
1784890844648575744,5.548950672149658,-0.0134735107421875,0.2666473388671875,1.0667877197265625
1784890844658496000,5.558870792388916,0.0004425048828125,0.293792724609375,1.0366058349609375
1784890844668414720,5.568789720535278,0.0122222900390625,0.351837158203125,1.026153564453125
1784890844678334976,5.578709840774536,0.0320892333984375,0.4051666259765625,1.0157928466796875
1784890844688253952,5.588628768920898,0.0179901123046875,0.4388885498046875,1.0471954345703125
1784890844698173696,5.598548650741577,0.0348358154296875,0.459442138671875,1.0420379638671875
1784890844708092928,5.6084678173065186,0.0038604736328125,0.450775146484375,1.04345703125
1784890844718012928,5.618387699127197,-0.003509521484375,0.442535400390625,1.0017242431640625
1784890844727931648,5.62830662727356,0.0034332275390625,0.4573211669921875,0.97613525390625
1784890844737851904,5.638226747512817,-0.010498046875,0.45855712890625,0.9743499755859375
1784890844747770880,5.64814567565918,-0.0024261474609375,0.408447265625,0.9688720703125
1784890844757690880,5.6580657958984375,-0.021148681640625,0.33978271484375,1.0286865234375
1784890844767609856,5.6679847240448,-0.0610504150390625,0.3317413330078125,1.05523681640625
1784890844777529856,5.677904844284058,-0.064361572265625,0.3626251220703125,1.0970306396484375
1784890844787448832,5.68782377243042,-0.0233001708984375,0.426025390625,1.1739654541015625
1784890844797369344,5.697744131088257,-0.006622314453125,0.503509521484375,1.145263671875
1784890844807288320,5.707663297653198,0.0909576416015625,0.5335540771484375,1.3046112060546875
1784890844817207296,5.7175822257995605,0.150970458984375,0.485504150390625,1.5811920166015625
1784890844827127552,5.727502346038818,0.1842193603515625,0.3847198486328125,1.6040191650390625
1784890844837046272,5.737421274185181,0.067779541015625,0.373321533203125,1.5988616943359375
1784890844846966272,5.747341156005859,0.0425567626953125,0.30517578125,1.4282073974609375
1784890844856885504,5.757260322570801,0.047698974609375,0.1810150146484375,1.3241119384765625
1784890844866805248,5.7671802043914795,0.048980712890625,0.20806884765625,1.285491943359375
1784890844876724224,5.777099132537842,0.00189208984375,0.3175201416015625,1.10552978515625
1784890844886644480,5.7870192527771,-0.03265380859375,0.1613922119140625,0.9109954833984375
1784890844896563200,5.796938180923462,-0.145233154296875,0.184661865234375,0.8900146484375
1784890844906483456,5.80685830116272,-0.29339599609375,0.38995361328125,0.8637237548828125
1784890844916402432,5.816777229309082,-0.3367156982421875,0.6102294921875,0.7761077880859375
1784890844926322176,5.826697111129761,-0.343597412109375,0.649200439453125,0.685394287109375
1784890844936241408,5.836616277694702,-0.3158416748046875,0.594696044921875,0.666412353515625
1784890844946161152,5.846536159515381,-0.3306427001953125,0.58270263671875,0.6460723876953125
1784890844956080384,5.856455326080322,-0.35247802734375,0.5880584716796875,0.6223907470703125
1784890844966000384,5.866375207901001,-0.3696746826171875,0.610931396484375,0.627655029296875
1784890844975919360,5.876294136047363,-0.356536865234375,0.576690673828125,0.60894775390625
1784890844985838336,5.886213302612305,-0.3200225830078125,0.5477294921875,0.638458251953125
1784890844995758336,5.896133184432983,-0.2995452880859375,0.604583740234375,0.766265869140625
1784890845005677312,5.906052112579346,-0.24371337890625,0.6551513671875,0.9057769775390625
1784890845015597312,5.9159722328186035,-0.2196807861328125,0.6764984130859375,1.0335693359375
1784890845025516288,5.925891160964966,-0.177947998046875,0.4959259033203125,1.142852783203125
1784890845035436288,5.935811281204224,-0.2303924560546875,0.3221588134765625,1.196044921875
1784890845045355264,5.945730209350586,-0.176422119140625,0.211273193359375,1.235565185546875
1784890845055275520,5.955650329589844,-0.139984130859375,0.1584625244140625,1.1931610107421875
1784890845065194496,5.965569257736206,-0.010498046875,0.0963134765625,1.081787109375
1784890845075114240,5.975489139556885,0.089080810546875,0.1222076416015625,0.998443603515625
1784890845085033472,5.985408306121826,0.1091461181640625,0.1671905517578125,0.9764404296875
1784890845094953216,5.995328187942505,0.1044158935546875,0.1415863037109375,0.941925048828125
1784890845104872192,6.005247116088867,0.0670166015625,0.123931884765625,0.941314697265625
1784890845114792448,6.015167236328125,0.0633697509765625,0.11309814453125,0.96160888671875
1784890845124711168,6.025086164474487,0.03582763671875,0.1421051025390625,0.9637451171875
1784890845134631424,6.035006284713745,0.032379150390625,0.206939697265625,0.900787353515625
1784890845144550400,6.044925212860107,-0.0427398681640625,0.278533935546875,0.909515380859375
1784890845154470400,6.054845333099365,-0.0553131103515625,0.2866363525390625,0.952880859375
1784890845164389376,6.0647642612457275,-0.0793914794921875,0.254608154296875,0.956756591796875
1784890845174308352,6.07468318939209,-0.06341552734375,0.2472076416015625,0.9774322509765625
1784890845184228352,6.084603309631348,-0.1187286376953125,0.21038818359375,1.0411224365234375
1784890845194147328,6.09452223777771,-0.2044677734375,0.1299591064453125,0.96099853515625
1784890845204067328,6.104442119598389,-0.1515045166015625,0.122772216796875,0.926788330078125
1784890845213986304,6.11436128616333,-0.1394500732421875,0.2011871337890625,0.8940887451171875
1784890845223906304,6.124281167984009,-0.182861328125,0.24822998046875,0.8814239501953125
1784890845233825536,6.13420033454895,-0.14715576171875,0.171234130859375,0.8530426025390625
1784890845243745280,6.144120216369629,-0.1732177734375,0.1583709716796875,0.92388916015625
1784890845253664256,6.154039144515991,-0.17742919921875,-0.0206298828125,0.8605499267578125
1784890845263584256,6.163959264755249,-0.0977935791015625,-0.0601043701171875,0.9197845458984375
1784890845273503232,6.173878192901611,-0.0854949951171875,-0.06536865234375,0.9196929931640625
1784890845283423488,6.183798313140869,-0.1268768310546875,-0.064239501953125,0.898468017578125
1784890845293342464,6.1937172412872314,-0.105682373046875,-0.07098388671875,0.827728271484375
1784890845303262208,6.20363712310791,-0.070220947265625,-0.0599517822265625,0.7632293701171875
1784890845313181440,6.213556289672852,-0.1281585693359375,-0.0185699462890625,0.7644805908203125
1784890845323101184,6.22347617149353,-0.173675537109375,-0.0339202880859375,0.7413330078125
1784890845333020416,6.233395338058472,-0.1744384765625,-0.08526611328125,0.704986572265625
1784890845342940416,6.24331521987915,-0.17974853515625,-0.0848388671875,0.731842041015625
1784890845352859136,6.253234148025513,-0.1963653564453125,-0.0515289306640625,0.752685546875
1784890845362778368,6.263153314590454,-0.2059783935546875,-0.087738037109375,0.769134521484375
1784890845372698368,6.273073196411133,-0.2194671630859375,-0.1210784912109375,0.808807373046875
1784890845382617344,6.282992124557495,-0.194793701171875,-0.1404266357421875,0.819915771484375
1784890845392537344,6.292912244796753,-0.197540283203125,-0.131622314453125,0.79400634765625
1784890845402456320,6.302831172943115,-0.1952667236328125,-0.101043701171875,0.7985076904296875
1784890845412376320,6.312751293182373,-0.163421630859375,-0.1212921142578125,0.7720489501953125
1784890845422295296,6.322670221328735,-0.169158935546875,-0.1644287109375,0.72467041015625
1784890845432215552,6.332590341567993,-0.19927978515625,-0.1352691650390625,0.7164306640625
1784890845442134272,6.3425092697143555,-0.1821746826171875,-0.0696258544921875,0.6867828369140625
1784890845452054272,6.352429151535034,-0.159759521484375,-0.1021881103515625,0.7259674072265625
1784890845461973504,6.362348318099976,-0.174560546875,-0.12396240234375,0.7549896240234375
1784890845471893248,6.372268199920654,-0.1901702880859375,-0.059844970703125,0.7446441650390625
1784890845481812224,6.382187128067017,-0.2133331298828125,-0.0301666259765625,0.7810211181640625
1784890845491732480,6.392107248306274,-0.23779296875,-0.077484130859375,0.8420562744140625
1784890845501651200,6.402026176452637,-0.2523193359375,-0.10931396484375,0.9083404541015625
1784890845511571456,6.4119462966918945,-0.2317352294921875,-0.135009765625,0.8932037353515625
1784890845521490432,6.421865224838257,-0.2209625244140625,-0.1914825439453125,0.7829742431640625
1784890845531410432,6.431785345077515,-0.2187957763671875,-0.2379302978515625,0.753570556640625
1784890845541329408,6.441704273223877,-0.188385009765625,-0.208160400390625,0.8101348876953125
1784890845551249152,6.451624155044556,-0.151214599609375,-0.187164306640625,0.8590087890625
1784890845561168384,6.461543321609497,-0.1938629150390625,-0.203216552734375,0.9398345947265625
1784890845571088384,6.471463203430176,-0.1939849853515625,-0.3259735107421875,1.04669189453125
1784890845581007360,6.481382131576538,-0.0771026611328125,-0.336334228515625,0.9638519287109375
1784890845590926336,6.4913012981414795,-0.1948699951171875,-0.2382354736328125,0.7926788330078125
1784890845600846336,6.501221179962158,-0.2069244384765625,-0.207763671875,0.9310302734375
1784890845610765568,6.5111403465271,-0.33990478515625,-0.163482666015625,0.9331512451171875
1784890845620685312,6.521060228347778,-0.1439056396484375,-0.2378692626953125,1.0478057861328125
1784890845630604288,6.530979156494141,-0.12481689453125,-0.16961669921875,1.0395965576171875
1784890845640524288,6.540899276733398,-0.19696044921875,-0.175994873046875,1.04168701171875
1784890845650443264,6.550818204879761,-0.1009368896484375,-0.42120361328125,0.9349365234375
1784890845660363520,6.5607383251190186,-0.1133880615234375,-0.4000091552734375,0.97076416015625
1784890845670282240,6.570657253265381,-0.0821685791015625,-0.367828369140625,0.964813232421875
1784890845680202240,6.58057713508606,-0.0609893798828125,-0.3007049560546875,0.9528961181640625
1784890845690121472,6.590496301651001,-0.0010223388671875,-0.253997802734375,0.909271240234375
1784890845700041216,6.60041618347168,0.0236663818359375,-0.29913330078125,0.7862548828125
1784890845709960192,6.610335111618042,0.0029754638671875,-0.4384307861328125,0.664031982421875
1784890845719880448,6.6202552318573,0.038055419921875,-0.6397552490234375,0.53375244140625
1784890845729799168,6.630174160003662,0.01715087890625,-0.789520263671875,0.445465087890625
1784890845739719424,6.64009428024292,-0.0115509033203125,-0.75634765625,0.37109375
1784890845749638400,6.650013208389282,-0.0578460693359375,-0.7031097412109375,0.33416748046875
1784890845759558400,6.65993332862854,-0.12701416015625,-0.646820068359375,0.40826416015625
1784890845769477376,6.669852256774902,-0.1665496826171875,-0.6946563720703125,0.3300323486328125
1784890845779396352,6.679771184921265,-0.121551513671875,-0.72406005859375,0.22772216796875
1784890845789316352,6.6896913051605225,-0.1626739501953125,-0.6018524169921875,0.189788818359375
1784890845799236864,6.699611663818359,-0.1991424560546875,-0.5013275146484375,0.1613922119140625
1784890845809156864,6.709531784057617,-0.1370391845703125,-0.57012939453125,0.0984344482421875
1784890845819075840,6.7194507122039795,-0.137908935546875,-0.736083984375,-0.049560546875
1784890845828995840,6.729370832443237,-0.12677001953125,-0.75531005859375,-0.05169677734375
1784890845838914816,6.7392897605896,-0.12908935546875,-0.691925048828125,-0.045135498046875
1784890845848834816,6.749209642410278,-0.0416717529296875,-0.6262969970703125,-0.0014190673828125
1784890845858753792,6.75912880897522,-0.0196685791015625,-0.5933380126953125,-0.0983428955078125
1784890845868673792,6.769048690795898,-0.09014892578125,-0.5951995849609375,-0.07958984375
1784890845878592768,6.778967618942261,-0.1417999267578125,-0.67510986328125,-0.0322418212890625
1784890845888512768,6.7888877391815186,-0.087615966796875,-0.745147705078125,0.0652618408203125
1784890845898431744,6.798806667327881,-0.0551300048828125,-0.7978515625,0.0981597900390625
1784890845908352000,6.808726787567139,-0.0056915283203125,-0.8977813720703125,0.0682220458984375
1784890845918270720,6.818645715713501,0.137298583984375,-0.919677734375,0.096893310546875
1784890845928190976,6.828565835952759,0.1424407958984375,-0.99224853515625,0.07293701171875
1784890845938109952,6.838484764099121,0.183258056640625,-1.072601318359375,0.110504150390625
1784890845948029696,6.8484046459198,0.2091217041015625,-1.095428466796875,-0.06884765625
1784890845957948928,6.858323812484741,0.1984100341796875,-1.02392578125,0.09442138671875
1784890845967868928,6.86824369430542,0.401702880859375,-1.19915771484375,0.1557464599609375
1784890845977787648,6.878162622451782,0.3276214599609375,-1.381805419921875,0.183990478515625
1784890845987707904,6.88808274269104,0.33758544921875,-1.5137176513671875,0.1433563232421875
1784890845997626880,6.898001670837402,0.36468505859375,-1.4560699462890625,0.04730224609375
1784890846007545856,6.907920837402344,0.384918212890625,-1.2808380126953125,0.039642333984375
1784890846017465856,6.9178407192230225,0.46923828125,-1.22076416015625,-0.18206787109375
1784890846027384832,6.927759647369385,0.5520782470703125,-1.2002105712890625,-0.2636260986328125
1784890846037304832,6.937679767608643,0.5432281494140625,-1.306304931640625,-0.3206329345703125
1784890846047223808,6.947598695755005,0.5381622314453125,-1.3147735595703125,-0.468414306640625
1784890846057143808,6.957518815994263,0.52215576171875,-1.1992645263671875,-0.5811309814453125
1784890846067062784,6.967437744140625,0.436798095703125,-1.1459503173828125,-0.7961273193359375
1784890846076982784,6.977357625961304,0.3820037841796875,-1.05206298828125,-0.804901123046875
1784890846086902016,6.987276792526245,0.3595428466796875,-1.096923828125,-0.964385986328125
1784890846096821760,6.997196674346924,0.3499298095703125,-1.2060089111328125,-1.06878662109375
1784890846106740992,7.007115840911865,0.292816162109375,-1.2361907958984375,-1.13690185546875
1784890846116660736,7.017035722732544,0.2638092041015625,-1.159637451171875,-0.9997711181640625
1784890846126579712,7.026954650878906,0.1794281005859375,-1.1774749755859375,-0.7874755859375
1784890846136499968,7.036874771118164,0.0845794677734375,-1.2722930908203125,-0.7173919677734375
1784890846146418688,7.046793699264526,-0.0087432861328125,-1.2322845458984375,-0.711944580078125
1784890846156338944,7.056713819503784,0.059661865234375,-1.1877593994140625,-0.582611083984375
1784890846166257920,7.0666327476501465,0.1108856201171875,-1.436859130859375,-0.5408477783203125
1784890846176177664,7.076552629470825,0.0594940185546875,-1.5946502685546875,-0.4219970703125
1784890846186096896,7.086471796035767,0.0327911376953125,-1.5081329345703125,-0.3368377685546875
1784890846196016896,7.096391677856445,0.0335845947265625,-1.3897552490234375,-0.35589599609375
1784890846205935872,7.106310844421387,0.0506591796875,-1.2936859130859375,-0.3457489013671875
1784890846215855872,7.116230726242065,0.0605316162109375,-1.3599395751953125,-0.38616943359375
1784890846225774848,7.126149654388428,0.1831512451171875,-1.4467926025390625,-0.4666748046875
1784890846235694848,7.1360697746276855,0.3691864013671875,-1.3792572021484375,-0.52496337890625
1784890846245613824,7.145988702774048,0.4343719482421875,-1.272125244140625,-0.4630584716796875
1784890846255533824,7.155908823013306,0.310638427734375,-1.23065185546875,-0.3560028076171875
1784890846265452800,7.165827751159668,0.171417236328125,-1.221343994140625,-0.3099212646484375
1784890846275371776,7.17574667930603,0.0802459716796875,-1.3537139892578125,-0.3303375244140625
1784890846285292032,7.185666799545288,0.215240478515625,-1.5449371337890625,-0.366668701171875
1784890846295210752,7.19558572769165,0.3986358642578125,-1.6361236572265625,-0.39251708984375
1784890846305130752,7.205505609512329,0.5965423583984375,-1.56646728515625,-0.2996826171875
1784890846315049984,7.2154247760772705,0.6948699951171875,-1.603759765625,-0.1593475341796875
1784890846324969728,7.225344657897949,0.604766845703125,-1.553985595703125,0.028533935546875
1784890846334888960,7.235263824462891,0.4525604248046875,-1.490478515625,0.004791259765625
1784890846344808704,7.245183706283569,0.49945068359375,-1.511077880859375,0.0090484619140625
1784890846354727680,7.255102634429932,0.5088958740234375,-1.663909912109375,-0.05743408203125
1784890846364647936,7.2650227546691895,0.5100860595703125,-1.8934783935546875,-0.121063232421875
1784890846374566912,7.274941682815552,0.6709136962890625,-2.063446044921875,-0.1552734375
1784890846384486912,7.28486180305481,0.7706451416015625,-2.108978271484375,-0.218902587890625
1784890846394405888,7.294780731201172,0.9669342041015625,-2.1671142578125,-0.3603363037109375
1784890846404325632,7.304700613021851,0.8116912841796875,-2.04498291015625,-0.3331451416015625
1784890846414244864,7.314619779586792,0.5887908935546875,-1.8680877685546875,-0.4039459228515625
1784890846424164864,7.324539661407471,0.20965576171875,-1.7641143798828125,-0.5234832763671875
1784890846434083840,7.334458827972412,0.0467529296875,-1.7508392333984375,-0.5834503173828125
1784890846444003840,7.344378709793091,0.2074432373046875,-1.6533355712890625,-0.552825927734375
1784890846453922816,7.354297637939453,0.261627197265625,-1.520172119140625,-0.390411376953125
1784890846463842816,7.364217758178711,0.081451416015625,-1.4119415283203125,-0.1180877685546875
1784890846473761792,7.374136686325073,-0.3018035888671875,-1.231536865234375,-0.072784423828125
1784890846483681792,7.384056806564331,-0.3858795166015625,-0.827117919921875,-0.0086822509765625
1784890846493600768,7.393975734710693,-0.525390625,-0.5989837646484375,-0.0023345947265625
1784890846503519744,7.403894662857056,-0.458770751953125,-0.4614105224609375,0.138153076171875
1784890846513440000,7.4138147830963135,-0.456939697265625,-0.11163330078125,0.2472991943359375
1784890846523358720,7.423733711242676,-0.2488861083984375,-0.0490875244140625,0.29852294921875
1784890846533278976,7.433653831481934,-0.2678680419921875,0.0290374755859375,0.4208984375
1784890846543197952,7.443572759628296,-0.1657257080078125,0.5286712646484375,0.5808258056640625
1784890846553117696,7.453492641448975,-0.0948638916015625,0.2783966064453125,0.613128662109375
1784890846563036928,7.463411808013916,-0.1632843017578125,0.4885101318359375,0.3505096435546875
1784890846572956928,7.473331689834595,0.253692626953125,0.5116119384765625,-0.1825408935546875
1784890846582875648,7.483250617980957,0.620819091796875,0.140167236328125,-0.484893798828125
1784890846592795904,7.493170738220215,0.8534393310546875,0.1956787109375,-0.435699462890625
1784890846602714880,7.503089666366577,0.7605133056640625,0.6077423095703125,-0.6954803466796875
1784890846612634880,7.513009786605835,0.73443603515625,0.6208343505859375,-1.22344970703125
1784890846622553856,7.522928714752197,0.863037109375,0.24908447265625,-1.332061767578125
1784890846632473856,7.532848834991455,1.2258758544921875,-0.454986572265625,-1.4312286376953125
1784890846642392832,7.542767763137817,1.599578857421875,-0.6227569580078125,-1.597564697265625
1784890846652312832,7.552687644958496,1.4494781494140625,-0.4867706298828125,-1.8381500244140625
1784890846662231808,7.5626068115234375,1.67706298828125,-0.7012939453125,-2.1462554931640625
1784890846672151808,7.572526693344116,1.43994140625,-0.665435791015625,-2.2357940673828125
1784890846682070784,7.5824456214904785,1.237701416015625,-0.6486968994140625,-2.3160247802734375
1784890846691990784,7.592365741729736,0.9163055419921875,-0.7841033935546875,-2.21746826171875
1784890846701909760,7.602284669876099,0.9462127685546875,-0.9809417724609375,-2.0598297119140625
1784890846711830016,7.6122047901153564,0.8749237060546875,-1.1047821044921875,-1.951080322265625
1784890846721748736,7.622123718261719,0.60772705078125,-1.0915985107421875,-1.826019287109375
1784890846731668992,7.632043838500977,0.49072265625,-1.080474853515625,-1.5566558837890625
1784890846741587968,7.641962766647339,0.5209197998046875,-1.306976318359375,-1.4799957275390625
1784890846751507712,7.651882648468018,0.620574951171875,-1.3033294677734375,-1.3649139404296875
1784890846761426944,7.661801815032959,0.709381103515625,-1.2148590087890625,-1.2901611328125
1784890846771345920,7.671720743179321,0.62774658203125,-1.23028564453125,-1.1188201904296875
1784890846781265664,7.681640625,0.8224334716796875,-1.2349700927734375,-0.9621124267578125
1784890846791184896,7.691559791564941,0.772247314453125,-1.305877685546875,-1.0453643798828125
1784890846801103616,7.701478481292725,0.8000946044921875,-1.22808837890625,-0.9790496826171875
1784890846811022592,7.711397409439087,0.7196197509765625,-1.2749176025390625,-0.9407958984375
1784890846820942592,7.721317529678345,0.57061767578125,-1.3888702392578125,-0.7801971435546875
1784890846830861568,7.731236457824707,0.5455780029296875,-1.4775238037109375,-0.666961669921875
1784890846840781568,7.741156578063965,0.51495361328125,-1.5595245361328125,-0.5523834228515625
1784890846850700544,7.751075506210327,0.469268798828125,-1.573486328125,-0.5078582763671875
1784890846860620544,7.760995388031006,0.4975128173828125,-1.46673583984375,-0.5404510498046875
1784890846870539776,7.770914554595947,0.476959228515625,-1.3708648681640625,-0.5138092041015625
1784890846880459520,7.780834436416626,0.3522491455078125,-1.372100830078125,-0.4782257080078125
1784890846890378496,7.790753364562988,0.3194427490234375,-1.308258056640625,-0.271484375
1784890846900298496,7.800673484802246,0.3197021484375,-1.4682159423828125,-0.1055908203125
1784890846910217472,7.810592412948608,0.3037567138671875,-1.6826171875,-0.05810546875
1784890846920137728,7.820512533187866,0.40350341796875,-1.6277008056640625,-0.1649322509765625
1784890846930056448,7.8304314613342285,0.511444091796875,-1.31439208984375,-0.3374176025390625
1784890846939976704,7.840351581573486,0.5849456787109375,-0.9942626953125,-0.646026611328125
1784890846949895680,7.850270509719849,0.66265869140625,-0.775299072265625,-0.9312896728515625
1784890846959815424,7.860190391540527,0.754547119140625,-0.798492431640625,-1.05096435546875
1784890846969734656,7.870109558105469,0.770477294921875,-0.95379638671875,-1.0295867919921875
1784890846979654656,7.8800294399261475,0.8753662109375,-1.135711669921875,-1.05035400390625
1784890846989573376,7.88994836807251,0.9373626708984375,-1.024993896484375,-1.00811767578125
1784890846999493632,7.899868488311768,0.758514404296875,-0.9250335693359375,-0.781524658203125
1784890847009412608,7.90978741645813,0.435302734375,-1.2292022705078125,-0.421722412109375
1784890847019332608,7.919707536697388,0.4856414794921875,-1.725860595703125,-0.0540313720703125
1784890847029251584,7.92962646484375,0.55902099609375,-1.9093017578125,-0.25030517578125
1784890847039171584,7.939546585083008,0.8839874267578125,-1.5775299072265625,-0.58526611328125
1784890847049090560,7.94946551322937,0.8761444091796875,-1.31256103515625,-0.9209136962890625
1784890847059010560,7.959385395050049,0.814971923828125,-1.2131805419921875,-1.0204925537109375
1784890847068929792,7.96930456161499,0.5878143310546875,-1.3486328125,-1.2858734130859375
1784890847078848512,7.9792234897613525,0.809356689453125,-1.298004150390625,-1.1947784423828125
1784890847088768512,7.989143371582031,0.849853515625,-1.3499603271484375,-1.1704559326171875
1784890847098687744,7.999062538146973,0.8354034423828125,-1.4643402099609375,-0.9703216552734375
1784890847108607488,8.008982419967651,0.8291473388671875,-1.615142822265625,-0.89434814453125
1784890847118526720,8.018901586532593,0.9127197265625,-1.61468505859375,-0.839691162109375
1784890847128446464,8.028821468353271,1.003204345703125,-1.609588623046875,-0.798370361328125
1784890847138365440,8.038740396499634,0.9766693115234375,-1.5793609619140625,-0.812652587890625
1784890847148285696,8.048660516738892,1.0220184326171875,-1.470977783203125,-0.6798858642578125
1784890847158204672,8.058579444885254,1.0277252197265625,-1.2176055908203125,-0.5355987548828125
1784890847168124672,8.068499565124512,1.0802154541015625,-0.866058349609375,-0.3724822998046875
1784890847178043648,8.078418493270874,1.0953826904296875,-0.4524993896484375,-0.258880615234375
1784890847187963392,8.088338375091553,1.0672760009765625,-0.064239501953125,-0.200653076171875
1784890847197882624,8.098257541656494,0.96234130859375,0.1994476318359375,-0.113677978515625
1784890847207802624,8.108177423477173,0.8050689697265625,0.3625030517578125,-0.0343780517578125
1784890847217721600,8.118096590042114,0.70648193359375,0.6424713134765625,0.0039520263671875
1784890847227641600,8.128016471862793,0.5372161865234375,0.8509674072265625,-0.0791015625
1784890847237560576,8.137935400009155,0.347625732421875,0.86328125,-0.1475982666015625
1784890847247480576,8.147855520248413,0.2339019775390625,0.7282257080078125,-0.1690673828125
1784890847257399552,8.157774448394775,0.243804931640625,0.4123992919921875,-0.0421600341796875
1784890847267319552,8.167694568634033,0.270538330078125,0.1283416748046875,0.153778076171875
1784890847277238528,8.177613496780396,0.25128173828125,-0.065765380859375,0.227630615234375
1784890847287158528,8.187533378601074,0.1970062255859375,-0.164642333984375,0.225860595703125
1784890847297077760,8.197452545166016,0.1272735595703125,-0.16632080078125,0.2246856689453125
1784890847306997504,8.207372426986694,0.100067138671875,-0.1073455810546875,0.2355804443359375
1784890847316916736,8.217291593551636,0.0350341796875,-0.1493682861328125,0.2503509521484375
1784890847326836480,8.227211475372314,-0.0240020751953125,-0.21124267578125,0.3347625732421875
1784890847336755456,8.237130403518677,-0.065643310546875,-0.2675628662109375,0.4318389892578125
1784890847346675712,8.247050523757935,-0.0578460693359375,-0.1617584228515625,0.489166259765625
1784890847356594688,8.256969451904297,-0.024261474609375,-0.0686187744140625,0.4379730224609375
1784890847366514688,8.266889572143555,-0.0186004638671875,-0.01611328125,0.3163604736328125
1784890847376433664,8.276808500289917,-0.02606201171875,-0.07073974609375,0.2015838623046875
1784890847386353408,8.286728382110596,0.0010986328125,-0.249908447265625,0.1600189208984375
1784890847396272640,8.296647548675537,0.05877685546875,-0.4626007080078125,0.167999267578125
1784890847406191616,8.3065664768219,0.1392364501953125,-0.639190673828125,0.1596527099609375
1784890847416111616,8.316486597061157,0.2540435791015625,-0.8530120849609375,0.3484649658203125
1784890847426030592,8.32640552520752,0.250946044921875,-0.9736328125,0.670623779296875
1784890847435950592,8.336325407028198,0.108673095703125,-0.7131805419921875,0.801483154296875
1784890847445869568,8.34624457359314,0.0643463134765625,-0.3354949951171875,0.6735687255859375
1784890847455789568,8.356164455413818,0.141204833984375,-0.138824462890625,0.5173797607421875
1784890847465708544,8.36608338356018,0.199920654296875,-0.15167236328125,0.497589111328125
1784890847475628544,8.376003503799438,0.1591339111328125,-0.249908447265625,0.526153564453125
1784890847485547520,8.3859224319458,0.1817626953125,-0.3144073486328125,0.55364990234375
1784890847495467776,8.395842552185059,0.298553466796875,-0.4290618896484375,0.6045989990234375
1784890847505386496,8.405761480331421,0.358551025390625,-0.5860748291015625,0.6096038818359375
1784890847515306496,8.4156813621521,0.4040679931640625,-0.7698822021484375,0.6238250732421875
1784890847525225728,8.425600528717041,0.4224700927734375,-0.901947021484375,0.757659912109375
1784890847535145472,8.43552041053772,0.356903076171875,-0.8946990966796875,0.8905029296875
1784890847545064704,8.445439577102661,0.3624114990234375,-0.8493804931640625,0.9988250732421875
1784890847554984448,8.45535945892334,0.42596435546875,-0.872955322265625,1.06195068359375
1784890847564903424,8.465278387069702,0.500396728515625,-0.8463897705078125,1.1249847412109375
1784890847574823680,8.47519850730896,0.54595947265625,-0.8705902099609375,1.141510009765625
1784890847584742656,8.485117435455322,0.5048828125,-1.0062255859375,1.2335357666015625
1784890847594662656,8.49503755569458,0.4678802490234375,-1.1730499267578125,1.3367156982421875
1784890847604581632,8.504956483840942,0.4694061279296875,-1.2735137939453125,1.5802764892578125
1784890847614501376,8.514876365661621,0.4543914794921875,-1.2598724365234375,1.7927398681640625
1784890847624420608,8.524795532226562,0.317138671875,-1.058685302734375,2.0023345947265625
1784890847634340608,8.534715414047241,0.1411895751953125,-0.8884124755859375,2.0211029052734375
1784890847644259584,8.544634580612183,-0.163299560546875,-1.0272674560546875,2.03033447265625
1784890847654179584,8.554554462432861,-0.451263427734375,-1.4901885986328125,2.4559326171875
1784890847664098560,8.564473390579224,-0.37353515625,-1.6952056884765625,2.759429931640625
1784890847674018560,8.574393510818481,0.5648651123046875,-1.0258636474609375,1.89581298828125
1784890847683937536,8.584312438964844,-0.847564697265625,0.048431396484375,1.313720703125
1784890847693857792,8.594232559204102,-0.304229736328125,-0.42724609375,1.4633941650390625
1784890847703776512,8.604151487350464,0.162994384765625,-0.9951019287109375,1.332855224609375
1784890847713696512,8.614071369171143,-0.1120147705078125,-0.617889404296875,1.3824462890625
1784890847723615744,8.623990535736084,-0.106689453125,-0.479766845703125,1.1867523193359375
1784890847733534464,8.633909463882446,-0.0252838134765625,-0.5825347900390625,1.0814361572265625
1784890847743454720,8.643829584121704,-0.0272064208984375,-0.621917724609375,1.1011962890625
1784890847753373696,8.653748512268066,-0.0997161865234375,-0.600128173828125,0.9971923828125
1784890847763293440,8.663668394088745,-0.12908935546875,-0.574127197265625,1.0077667236328125
1784890847773212672,8.673587560653687,-0.1096038818359375,-0.6825714111328125,0.8961181640625
1784890847783132672,8.683507442474365,-0.1483306884765625,-0.6741485595703125,0.744415283203125
1784890847793051392,8.693426370620728,-0.257904052734375,-0.5871429443359375,0.5099029541015625
1784890847802972416,8.703347206115723,-0.2497711181640625,-0.5642242431640625,0.3189697265625
1784890847812891136,8.713266134262085,-0.2323150634765625,-0.6466217041015625,0.236236572265625
1784890847822811136,8.723186016082764,-0.1249237060546875,-0.8001708984375,0.2423553466796875
1784890847832730368,8.733105182647705,-0.0868988037109375,-0.9391632080078125,0.279815673828125
1784890847842650112,8.743025064468384,-0.1139373779296875,-0.73944091796875,0.27679443359375
1784890847852569088,8.752943992614746,0.0635833740234375,-0.621368408203125,0.36737060546875
1784890847862489344,8.762864112854004,-0.09332275390625,-0.57830810546875,0.1749725341796875
1784890847872408064,8.772783041000366,-0.1403045654296875,-0.5701141357421875,0.1641082763671875
1784890847882328320,8.782703161239624,-0.055389404296875,-0.7010498046875,0.1852569580078125
1784890847892247296,8.792622089385986,0.0565643310546875,-0.817962646484375,0.1496734619140625
1784890847902167296,8.802542209625244,0.057403564453125,-0.986175537109375,0.06427001953125
1784890847912086272,8.812461137771606,-0.03277587890625,-0.9062347412109375,0.15325927734375
1784890847922006016,8.822381019592285,-0.05926513671875,-0.9342498779296875,0.14739990234375
1784890847931925248,8.832300186157227,0.0760498046875,-0.954315185546875,0.1562347412109375
1784890847941845248,8.842220067977905,0.078033447265625,-0.761199951171875,0.2751007080078125
1784890847951764224,8.852138996124268,0.00909423828125,-0.965179443359375,0.1293792724609375
1784890847961684224,8.862059116363525,0.0770721435546875,-1.1633148193359375,0.091644287109375
1784890847971603200,8.871978044509888,0.139434814453125,-1.14630126953125,0.135894775390625
1784890847981523200,8.881898164749146,0.1701507568359375,-1.187164306640625,0.1102294921875
1784890847991442176,8.891817092895508,0.2275848388671875,-1.087615966796875,0.0641937255859375
1784890848001362432,8.901737213134766,0.380706787109375,-1.1846466064453125,-0.0117950439453125
1784890848011281152,8.911656141281128,0.4144439697265625,-1.245086669921875,0.0563812255859375
1784890848021201152,8.921576023101807,0.2660675048828125,-1.2845001220703125,0.066253662109375
1784890848031120384,8.931495189666748,0.2475738525390625,-1.23590087890625,0.0292205810546875
1784890848041040128,8.941415071487427,0.346038818359375,-1.1426849365234375,0.0303955078125
1784890848050959104,8.951333999633789,0.4462432861328125,-1.171600341796875,-0.1248931884765625
1784890848060879104,8.961254119873047,0.455322265625,-1.1629486083984375,-0.1116180419921875
1784890848070798080,8.97117304801941,0.4221954345703125,-1.209197998046875,-0.160064697265625
1784890848080718336,8.981093168258667,0.3345184326171875,-1.2813873291015625,-0.174591064453125
1784890848090637312,8.99101209640503,0.3039703369140625,-1.413238525390625,-0.212127685546875
1784890848100556032,9.000931024551392,0.299468994140625,-1.5022735595703125,-0.245819091796875
1784890848110476288,9.01085114479065,0.27288818359375,-1.4960479736328125,-0.22503662109375
1784890848120395264,9.020770072937012,0.296600341796875,-1.4773712158203125,-0.293975830078125
1784890848130315264,9.03069019317627,0.1824493408203125,-1.3086090087890625,-0.3704376220703125
1784890848140234240,9.040609121322632,0.09564208984375,-1.0959320068359375,-0.4152069091796875
1784890848150154240,9.05052900314331,0.143585205078125,-0.9879302978515625,-0.4656524658203125
1784890848160073216,9.060448169708252,0.1154327392578125,-0.9769134521484375,-0.584930419921875
1784890848169993216,9.07036805152893,0.050750732421875,-1.0172119140625,-0.6198577880859375
1784890848179912448,9.080287218093872,0.0101318359375,-1.125762939453125,-0.6421051025390625
1784890848189832192,9.09020709991455,0.043670654296875,-1.0520172119140625,-0.699676513671875
1784890848199751168,9.100126028060913,0.09381103515625,-0.9729156494140625,-0.7490081787109375
1784890848209671168,9.110046148300171,0.1276702880859375,-0.937652587890625,-0.7826995849609375
1784890848219590144,9.119965076446533,0.0531005859375,-0.9958953857421875,-0.83087158203125
1784890848229510400,9.129885196685791,-0.006500244140625,-1.1448516845703125,-0.827117919921875
1784890848239429120,9.139804124832153,-0.0127410888671875,-1.3187713623046875,-0.7924041748046875
1784890848249349120,9.149724006652832,-0.0323486328125,-1.4001007080078125,-0.780670166015625
1784890848259268352,9.159643173217773,0.0596466064453125,-1.34527587890625,-0.8153533935546875
1784890848269188096,9.169563055038452,0.137664794921875,-1.26025390625,-0.7061767578125
1784890848279107328,9.179482221603394,0.11529541015625,-1.2474365234375,-0.6764678955078125
1784890848289027328,9.189402103424072,0.0297393798828125,-1.266998291015625,-0.640625
1784890848298946048,9.199321031570435,-0.0074920654296875,-1.2835845947265625,-0.6161956787109375
1784890848308866304,9.209241151809692,0.0585784912109375,-1.250701904296875,-0.53424072265625
1784890848318785280,9.219160079956055,0.0853424072265625,-1.2852630615234375,-0.450714111328125
1784890848328705280,9.229080200195312,0.127197265625,-1.4394989013671875,-0.3656463623046875
1784890848338624256,9.238999128341675,0.1199493408203125,-1.673126220703125,-0.33966064453125
1784890848348544000,9.248919010162354,0.108001708984375,-1.8231201171875,-0.363128662109375
1784890848358463232,9.258838176727295,0.1525726318359375,-1.7898712158203125,-0.327392578125
1784890848368383232,9.268758058547974,0.238494873046875,-1.78741455078125,-0.2926788330078125
1784890848378302208,9.278676986694336,0.3704986572265625,-1.8717498779296875,-0.2258758544921875
1784890848388222208,9.288597106933594,0.386627197265625,-1.6486358642578125,-0.283355712890625
1784890848398141184,9.298516035079956,0.4755096435546875,-1.5109100341796875,-0.3127288818359375
1784890848408061184,9.308436155319214,0.4254150390625,-1.7629547119140625,-0.243438720703125
1784890848417980160,9.318355083465576,0.15582275390625,-1.853240966796875,-0.11297607421875
1784890848427900416,9.328275203704834,0.0549163818359375,-1.76007080078125,-0.21881103515625
1784890848437819136,9.338194131851196,0.3187408447265625,-1.59637451171875,-0.2814483642578125
1784890848447739136,9.348114013671875,0.6468963623046875,-1.7028656005859375,-0.2030487060546875
1784890848457658368,9.358033180236816,0.63885498046875,-1.7606964111328125,0.032928466796875
1784890848467578112,9.367953062057495,0.4922332763671875,-1.64239501953125,0.0398101806640625
1784890848477497088,9.377871990203857,0.3776397705078125,-1.584930419921875,0.0298004150390625
1784890848487416320,9.387791156768799,0.31134033203125,-1.507904052734375,0.1132049560546875
1784890848497336064,9.397711038589478,0.2350311279296875,-1.3257904052734375,0.22406005859375
1784890848507255296,9.407630205154419,0.14715576171875,-1.324981689453125,0.158538818359375
1784890848517175296,9.417550086975098,0.142333984375,-0.95965576171875,0.134307861328125
1784890848527094016,9.42746901512146,0.1088409423828125,-0.58319091796875,-0.0342864990234375
1784890848537014272,9.437389135360718,0.16326904296875,-0.068695068359375,-0.21435546875
1784890848546933248,9.44730806350708,0.0160369873046875,0.1898345947265625,-0.4554901123046875
1784890848556853248,9.457228183746338,-0.328338623046875,0.32366943359375,-0.0449066162109375
1784890848566772224,9.4671471118927,-0.6126861572265625,-0.065460205078125,0.0640869140625
1784890848576692224,9.477066993713379,-0.4366455078125,-0.251220703125,0.1940460205078125
1784890848586611200,9.48698616027832,0.17352294921875,-0.0334930419921875,0.2035980224609375
1784890848596531200,9.496906042098999,0.1440887451171875,0.5685882568359375,-0.0635223388671875
1784890848606450432,9.50682520866394,0.4662628173828125,0.9271697998046875,-0.3843994140625
1784890848616370176,9.51674509048462,0.5088348388671875,0.9129486083984375,-0.607818603515625
1784890848626289152,9.526664018630981,0.448760986328125,0.9389495849609375,-1.1614990234375
1784890848636209152,9.53658413887024,0.4305572509765625,0.8499755859375,-1.5195770263671875
1784890848646128128,9.546503067016602,0.46612548828125,0.6195831298828125,-1.6257476806640625
1784890848656048384,9.55642318725586,0.567779541015625,0.22650146484375,-1.814910888671875
1784890848665967104,9.566342115402222,0.7301025390625,-0.103790283203125,-1.8423919677734375
1784890848675887104,9.5762619972229,1.012054443359375,-0.743072509765625,-1.9008636474609375
1784890848685806336,9.586181163787842,1.330841064453125,-0.82415771484375,-2.0760040283203125
1784890848695726080,9.59610104560852,1.296356201171875,-0.7819671630859375,-2.28564453125
1784890848705645312,9.606020212173462,1.108917236328125,-0.6561279296875,-2.4168853759765625
1784890848715565312,9.61594009399414,1.023284912109375,-0.7910003662109375,-2.444671630859375
1784890848725484032,9.625859022140503,0.8527374267578125,-1.0403289794921875,-2.31622314453125
1784890848735404288,9.63577914237976,0.65576171875,-0.985870361328125,-2.2242279052734375
1784890848745323264,9.645698070526123,0.512725830078125,-1.0448455810546875,-1.8375091552734375
1784890848755243264,9.65561819076538,0.4954833984375,-1.25567626953125,-1.5748748779296875
1784890848765162240,9.665537118911743,0.44451904296875,-1.3178558349609375,-1.321990966796875
1784890848775081984,9.675457000732422,0.4661865234375,-1.3084716796875,-1.1540374755859375
1784890848785001216,9.685376167297363,0.6752471923828125,-1.2891845703125,-0.9994354248046875
1784890848794921216,9.695296049118042,0.7808380126953125,-1.328948974609375,-0.8413238525390625
1784890848804840960,9.70521593093872,0.7930755615234375,-1.3654937744140625,-0.63739013671875
1784890848814761216,9.715136051177979,0.8490753173828125,-1.440673828125,-0.51104736328125
1784890848824680192,9.72505497932434,0.80615234375,-1.6098785400390625,-0.266357421875
1784890848834600192,9.734975099563599,0.6771087646484375,-1.8464202880859375,-0.1819000244140625
1784890848844519168,9.744894027709961,0.5287322998046875,-1.9654388427734375,-0.112152099609375
1784890848854438912,9.75481390953064,0.411285400390625,-2.00616455078125,-0.0694122314453125
1784890848864358144,9.764733076095581,0.394195556640625,-1.969940185546875,-0.0586090087890625
1784890848874278144,9.77465295791626,0.4888763427734375,-1.7482147216796875,-0.0098724365234375
1784890848884197120,9.784572124481201,0.5898284912109375,-1.6094207763671875,-0.0393524169921875
1784890848894117120,9.79449200630188,0.6193084716796875,-1.5583648681640625,0.00115966796875
1784890848904036096,9.804410934448242,0.631988525390625,-1.5664825439453125,0.010467529296875
1784890848913956096,9.8143310546875,0.6591796875,-1.4725341796875,-0.0106353759765625
1784890848923875072,9.824249982833862,0.674835205078125,-1.32611083984375,-0.0853424072265625
1784890848933794048,9.834168910980225,0.62860107421875,-1.1649322509765625,-0.2011566162109375
1784890848943714048,9.844089031219482,0.6255950927734375,-0.961883544921875,-0.2212982177734375
1784890848953633024,9.854007959365845,0.6917266845703125,-0.9033203125,-0.283355712890625
1784890848963553280,9.863928079605103,0.773712158203125,-0.892974853515625,-0.431610107421875
1784890848973472000,9.873847007751465,0.8170166015625,-0.8519744873046875,-0.4728240966796875
1784890848983392256,9.883767127990723,0.8856201171875,-0.9515838623046875,-0.55181884765625
1784890848993311232,9.893686056137085,0.904998779296875,-1.026580810546875,-0.4362945556640625
1784890849003230976,9.903605937957764,0.94000244140625,-0.9733734130859375,-0.4402008056640625
1784890849013150208,9.913525104522705,0.7749786376953125,-0.7957916259765625,-0.5536041259765625
1784890849023070208,9.923444986343384,0.5212860107421875,-0.8227081298828125,-0.67071533203125
1784890849032988928,9.933363914489746,0.5229949951171875,-0.9128875732421875,-0.7126922607421875
1784890849042909184,9.943284034729004,0.4784088134765625,-1.0888519287109375,-0.714385986328125
1784890849052828160,9.953202962875366,0.55731201171875,-1.033721923828125,-0.68511962890625
1784890849062748160,9.963123083114624,0.6414642333984375,-1.1001434326171875,-0.6196136474609375
1784890849072667136,9.973042011260986,0.5038909912109375,-1.216888427734375,-0.5260162353515625
1784890849082587136,9.982962131500244,0.5193939208984375,-1.4773101806640625,-0.431243896484375
1784890849092506112,9.992881059646606,0.5914459228515625,-1.6784515380859375,-0.38677978515625
1784890849102426112,10.002800941467285,0.5487060546875,-1.5350799560546875,-0.717803955078125
1784890849112345344,10.012720108032227,0.784027099609375,-1.3721923828125,-1.159881591796875
1784890849122265088,10.022639989852905,0.8143310546875,-1.069488525390625,-1.38714599609375
1784890849132184064,10.032558917999268,0.8941650390625,-0.7685394287109375,-1.3487701416015625
1784890849142104064,10.042479038238525,0.99444580078125,-0.8312225341796875,-1.4475555419921875
1784890849152023040,10.052397966384888,0.831146240234375,-1.24090576171875,-1.4742279052734375
1784890849161943296,10.062318086624146,1.0736236572265625,-1.303741455078125,-1.22479248046875
1784890849171862016,10.072237014770508,1.0933990478515625,-1.3460845947265625,-1.032806396484375
1784890849181782272,10.082157135009766,1.061279296875,-1.4652557373046875,-0.95489501953125
1784890849191701248,10.092076063156128,1.1690826416015625,-1.5923309326171875,-0.959075927734375
1784890849201620992,10.101995944976807,1.306488037109375,-1.456390380859375,-0.8946380615234375
1784890849211540224,10.111915111541748,1.3665618896484375,-1.13134765625,-0.865478515625
1784890849221460224,10.121834993362427,1.2749176025390625,-0.8418121337890625,-0.8046417236328125
1784890849231378944,10.131753921508789,1.1982574462890625,-0.569671630859375,-0.668121337890625
1784890849241299200,10.141674041748047,1.124786376953125,-0.2703704833984375,-0.5000762939453125
1784890849251218176,10.15159296989441,1.00732421875,-0.0614166259765625,-0.3246612548828125
1784890849261138176,10.161513090133667,0.8195343017578125,0.09063720703125,-0.186309814453125
1784890849271057152,10.17143201828003,0.6356964111328125,0.3216094970703125,-0.0436553955078125
1784890849280977152,10.181352138519287,0.5202484130859375,0.72088623046875,0.0903472900390625
1784890849290896128,10.19127106666565,0.40704345703125,1.0067291259765625,0.0828094482421875
1784890849300816128,10.201190948486328,0.284942626953125,1.0564422607421875,0.011993408203125
1784890849310735104,10.21111011505127,0.20086669921875,0.919158935546875,-0.0554656982421875
1784890849320655104,10.221029996871948,0.2216339111328125,0.654266357421875,-0.013397216796875
1784890849330574080,10.23094892501831,0.2262420654296875,0.278717041015625,0.1579742431640625
1784890849340494080,10.240869045257568,0.106475830078125,-0.0035400390625,0.2641143798828125
1784890849350413056,10.25078797340393,0.016754150390625,-0.0376129150390625,0.28271484375
1784890849360333312,10.260708093643188,0.00494384765625,0.0503082275390625,0.210174560546875
1784890849370252032,10.27062702178955,0.0610504150390625,0.098968505859375,0.1605987548828125
1784890849380172032,10.28054690361023,0.0985107421875,0.0384063720703125,0.1660308837890625
1784890849390091264,10.290466070175171,0.0857391357421875,-0.112213134765625,0.1602325439453125
1784890849400011008,10.30038595199585,0.0455169677734375,-0.3182525634765625,0.178070068359375
1784890849409930240,10.310305118560791,0.0051116943359375,-0.5017242431640625,0.3014373779296875
1784890849419849984,10.32022500038147,-0.069610595703125,-0.57720947265625,0.4279327392578125
1784890849429768960,10.330143928527832,-0.0972137451171875,-0.489105224609375,0.454864501953125
1784890849439688192,10.340063095092773,-0.0779876708984375,-0.3190155029296875,0.3585662841796875
1784890849449608192,10.349982976913452,-0.0457305908203125,-0.1704864501953125,0.1597442626953125
1784890849459526912,10.359901905059814,0.0333251953125,-0.07781982421875,-0.044097900390625
1784890849469447168,10.369822025299072,0.1988677978515625,-0.1237640380859375,-0.1286163330078125
1784890849479366144,10.379740953445435,0.345672607421875,-0.3632049560546875,-0.0623779296875
1784890849489286144,10.389661073684692,0.3909149169921875,-0.5554046630859375,0.0735321044921875
1784890849499205120,10.399580001831055,0.379150390625,-0.755859375,0.24896240234375
1784890849509125120,10.409500122070312,0.2450103759765625,-0.7820587158203125,0.341156005859375
1784890849519044096,10.419419050216675,0.2099761962890625,-0.5631256103515625,0.2915496826171875
1784890849528964096,10.429338932037354,0.3524017333984375,-0.406402587890625,0.2588958740234375
1784890849538883328,10.439258098602295,0.50152587890625,-0.41705322265625,0.405181884765625
1784890849548803072,10.449177980422974,0.5237884521484375,-0.5357666015625,0.5354461669921875
1784890849558722048,10.459096908569336,0.487030029296875,-0.6529998779296875,0.670318603515625
1784890849568642048,10.469017028808594,0.42706298828125,-0.806243896484375,0.77801513671875
1784890849578561024,10.478935956954956,0.3634033203125,-0.91290283203125,0.9062957763671875
1784890849588481280,10.488856077194214,0.2859344482421875,-0.9571685791015625,0.9624176025390625
1784890849598400000,10.498775005340576,0.2121124267578125,-0.8602752685546875,0.9573974609375
1784890849608320256,10.508695125579834,0.2533721923828125,-0.7389984130859375,1.01788330078125
1784890849618239232,10.518614053726196,0.3340911865234375,-0.6612396240234375,1.1838531494140625
1784890849628158976,10.528533935546875,0.37603759765625,-0.6959991455078125,1.4454345703125
1784890849638078208,10.538453102111816,0.3806610107421875,-0.937591552734375,1.7647857666015625
1784890849647998208,10.548372983932495,0.3011322021484375,-1.04376220703125,1.8533935546875
1784890849657916928,10.558291912078857,0.266326904296875,-0.8212738037109375,1.841644287109375
1784890849667837184,10.568212032318115,0.2967529296875,-0.5918731689453125,1.8617095947265625
1784890849677756160,10.578130960464478,0.27667236328125,-0.558929443359375,1.8927459716796875
1784890849687676160,10.588051080703735,0.20367431640625,-0.622894287109375,1.9268951416015625
1784890849697595136,10.597970008850098,0.0894927978515625,-0.657196044921875,1.8819427490234375
1784890849707515136,10.607890129089355,0.117462158203125,-0.6542205810546875,1.708648681640625
1784890849717434112,10.617809057235718,0.1539154052734375,-0.5592193603515625,1.560333251953125
1784890849727354112,10.627728939056396,-0.0928955078125,-0.6458740234375,1.4486236572265625
1784890849737273344,10.637648105621338,-0.1894378662109375,-0.81219482421875,1.5891571044921875
1784890849747193088,10.647567987442017,-0.1947021484375,-1.304473876953125,1.9909515380859375
1784890849757112064,10.657486915588379,0.4399871826171875,-0.8910980224609375,2.6507720947265625
1784890849767032064,10.667407035827637,-0.2823486328125,0.2425079345703125,1.5992431640625
1784890849776951040,10.677325963973999,-0.6412200927734375,0.2704315185546875,1.6315155029296875
1784890849786871296,10.687246084213257,0.0801849365234375,-0.4646759033203125,1.5197906494140625
1784890849796790016,10.69716501235962,-0.18609619140625,-0.599700927734375,1.4009246826171875
1784890849806709504,10.70708441734314,-0.231201171875,-0.485687255859375,1.33599853515625
1784890849816628736,10.717003583908081,-0.1241607666015625,-0.4478302001953125,1.088134765625
1784890849826548480,10.72692346572876,-0.01812744140625,-0.477264404296875,0.956329345703125
1784890849836467456,10.736842393875122,-0.0675811767578125,-0.50732421875,0.912506103515625
1784890849846387712,10.74676251411438,-0.082122802734375,-0.5446014404296875,0.8079071044921875
1784890849856306432,10.756681442260742,-0.0372314453125,-0.6584014892578125,0.638946533203125
1784890849866226688,10.7666015625,0.0283203125,-0.7203521728515625,0.4439697265625
1784890849876145664,10.776520490646362,0.0366668701171875,-0.7328948974609375,0.2672576904296875
1784890849886065408,10.786440372467041,-0.0012969970703125,-0.7932891845703125,0.1854095458984375
1784890849895984640,10.796359539031982,-0.03436279296875,-0.860504150390625,0.1449127197265625
1784890849905904640,10.806279420852661,-0.1472625732421875,-0.7514801025390625,0.169708251953125
1784890849915823616,10.816198587417603,-0.16351318359375,-0.6016845703125,0.1380615234375
1784890849925743616,10.826118469238281,-0.036712646484375,-0.395660400390625,0.049468994140625
1784890849935662592,10.836037397384644,-0.0554656982421875,-0.270294189453125,0.0655364990234375
1784890849945582592,10.845957517623901,0.10125732421875,-0.6721954345703125,0.0854339599609375
1784890849955501568,10.855876445770264,0.0309600830078125,-0.98162841796875,0.0103607177734375
1784890849965420544,10.865795373916626,-0.075347900390625,-0.993988037109375,0.1470489501953125
1784890849975340544,10.875715494155884,-0.167816162109375,-1.149078369140625,0.1863555908203125
1784890849985259520,10.885634422302246,-0.0915679931640625,-1.143096923828125,0.2021331787109375
1784890849995179776,10.895554542541504,-0.0745697021484375,-1.0919647216796875,0.0864105224609375
1784890850005098496,10.905473470687866,-0.0308074951171875,-1.0246734619140625,0.0873565673828125
1784890850015018752,10.915393590927124,0.042724609375,-0.87615966796875,0.1627197265625
1784890850024937728,10.925312519073486,0.021759033203125,-1.0415496826171875,-0.00750732421875
1784890850034857472,10.935232400894165,0.0773468017578125,-1.0546722412109375,0.1732330322265625
1784890850044776704,10.945151567459106,0.1612548828125,-1.13916015625,0.2110443115234375
1784890850054696448,10.955071449279785,0.0970306396484375,-1.118499755859375,0.295989990234375
1784890850064615424,10.964990377426147,0.0552520751953125,-1.0550689697265625,0.4175872802734375
1784890850074535680,10.974910497665405,0.237457275390625,-1.2820281982421875,0.251220703125
1784890850084454656,10.984829425811768,0.2598114013671875,-1.3392486572265625,0.381988525390625
1784890850094374656,10.994749546051025,0.25640869140625,-1.3712921142578125,0.3610687255859375
1784890850104293632,11.004668474197388,0.267486572265625,-1.3197174072265625,0.3602447509765625
1784890850114213632,11.014588594436646,0.351959228515625,-1.40771484375,0.3590545654296875
1784890850124132608,11.024507522583008,0.408905029296875,-1.40350341796875,0.31689453125
1784890850134052608,11.034427404403687,0.516998291015625,-1.376495361328125,0.2015838623046875
1784890850143971584,11.044346570968628,0.567901611328125,-1.279754638671875,0.0398101806640625
1784890850153891584,11.054266452789307,0.5848846435546875,-1.0867919921875,-0.108612060546875
1784890850163810560,11.064185380935669,0.3896636962890625,-0.8370361328125,-0.285125732421875
1784890850173730560,11.074105501174927,0.1202392578125,-0.5975799560546875,-0.3687591552734375
1784890850183649536,11.084024429321289,-0.04486083984375,-0.5692291259765625,-0.4767608642578125
1784890850193569536,11.093944549560547,-0.068084716796875,-0.6930694580078125,-0.5829620361328125
1784890850203488512,11.10386347770691,-0.0887603759765625,-1.0425872802734375,-0.562713623046875
1784890850213408512,11.113783359527588,-0.2126617431640625,-1.43621826171875,-0.5965118408203125
1784890850223327744,11.12370252609253,-0.2196502685546875,-1.37652587890625,-0.667816162109375
1784890850233247488,11.133622407913208,-0.0713348388671875,-1.1737518310546875,-0.7906341552734375
1784890850243166720,11.14354157447815,-0.0355224609375,-1.1790771484375,-0.70538330078125
1784890850253086464,11.153461456298828,-0.0745849609375,-1.345794677734375,-0.528778076171875
1784890850263005440,11.16338038444519,-0.1512298583984375,-1.461181640625,-0.2929534912109375
1784890850272925696,11.173300504684448,-0.2531585693359375,-1.4798583984375,-0.1739044189453125
1784890850282844416,11.18321943283081,-0.2538604736328125,-1.439666748046875,-0.0767059326171875
1784890850292764672,11.193139553070068,-0.1607666015625,-1.50543212890625,-0.04669189453125
1784890850302683648,11.20305848121643,-0.02349853515625,-1.710052490234375,-0.2061614990234375
1784890850312603392,11.21297836303711,0.0950164794921875,-1.702850341796875,-0.287445068359375
1784890850322522624,11.22289752960205,0.189208984375,-1.4711761474609375,-0.3397064208984375
1784890850332442624,11.23281741142273,0.2094879150390625,-1.3019561767578125,-0.3809967041015625
1784890850342361600,11.242736577987671,0.1357421875,-1.243988037109375,-0.4643402099609375
1784890850352281600,11.25265645980835,0.0850677490234375,-1.2167510986328125,-0.5116119384765625
1784890850362200576,11.262575387954712,0.0145416259765625,-1.18280029296875,-0.4472503662109375
1784890850372120576,11.27249550819397,0.037933349609375,-1.225677490234375,-0.350738525390625
1784890850382039552,11.282414436340332,0.0807037353515625,-1.2792205810546875,-0.280303955078125
1784890850391959552,11.29233455657959,0.0664520263671875,-1.22601318359375,-0.15875244140625
1784890850401878528,11.302253484725952,-0.022979736328125,-1.2135772705078125,-0.029815673828125
1784890850411798528,11.31217336654663,-0.008453369140625,-1.376800537109375,0.0754547119140625
1784890850421717760,11.322092533111572,0.0117034912109375,-1.560638427734375,0.150634765625
1784890850431637504,11.332012414932251,0.0773773193359375,-1.764984130859375,0.078643798828125
1784890850441556736,11.341931581497192,0.17681884765625,-1.741912841796875,0.03656005859375
1784890850451476480,11.351851463317871,0.2637939453125,-1.6188812255859375,0.0254669189453125
1784890850461395456,11.361770391464233,0.41583251953125,-1.7137908935546875,-0.02105712890625
1784890850471314688,11.371689558029175,0.396331787109375,-1.767578125,-0.1293487548828125
1784890850481234432,11.381609439849854,0.2920684814453125,-1.8080596923828125,-0.184783935546875
1784890850491153408,11.391528367996216,0.2955322265625,-1.9263458251953125,-0.1703643798828125
1784890850501073664,11.401448488235474,0.3963775634765625,-1.9384918212890625,-0.171875
1784890850510992640,11.411367416381836,0.6632080078125,-1.8740386962890625,-0.1524658203125
1784890850520912640,11.421287536621094,0.5726318359375,-2.1852569580078125,-0.1568450927734375
1784890850530831616,11.431206464767456,0.3366851806640625,-2.2449951171875,-0.12615966796875
1784890850540751616,11.441126585006714,0.15380859375,-2.057342529296875,-0.1558380126953125
1784890850550670592,11.451045513153076,0.1663818359375,-1.8434600830078125,-0.2378387451171875
1784890850560590592,11.460965394973755,0.1837615966796875,-1.5423126220703125,-0.251007080078125
1784890850570509568,11.470884561538696,0.343353271484375,-1.0585174560546875,-0.3451690673828125
1784890850580429568,11.480804443359375,0.1875152587890625,-0.8620452880859375,-0.5164031982421875
1784890850590348544,11.490723371505737,-0.1220245361328125,-0.6658172607421875,-0.8630828857421875
1784890850600268544,11.500643491744995,-0.2227935791015625,-0.317962646484375,-0.6751861572265625
1784890850610187520,11.510562419891357,-0.3190765380859375,-0.2169036865234375,-0.1472625732421875
1784890850620107776,11.520482540130615,-0.4475555419921875,-0.168792724609375,0.089202880859375
1784890850630026496,11.530401468276978,-0.7429962158203125,0.290618896484375,0.269378662109375
1784890850639946752,11.540321588516235,-0.8509063720703125,0.53985595703125,0.2312774658203125
1784890850649865728,11.550240516662598,-0.6146087646484375,0.62115478515625,0.3545989990234375
1784890850659785472,11.560160398483276,-0.2413330078125,0.2375030517578125,0.17022705078125
1784890850669704704,11.570079565048218,-0.0416412353515625,-0.0984039306640625,-0.0493316650390625
1784890850679624448,11.579999446868896,0.1873779296875,0.0411376953125,-0.162109375
1784890850689543424,11.589918375015259,0.2484893798828125,0.57379150390625,-0.3816680908203125
1784890850699463680,11.599838495254517,0.170501708984375,0.795166015625,-0.6050872802734375
1784890850709382656,11.609757423400879,0.179168701171875,0.69268798828125,-0.7078399658203125
1784890850719302656,11.619677543640137,0.2147369384765625,0.8011474609375,-0.70556640625
1784890850729221632,11.629596471786499,0.32977294921875,0.5079803466796875,-0.7888336181640625
1784890850739141632,11.639516592025757,0.33050537109375,0.0821533203125,-0.90667724609375
1784890850749060608,11.64943552017212,0.6887359619140625,-0.134735107421875,-1.4478302001953125
1784890850758980608,11.659355401992798,1.043731689453125,-0.502349853515625,-1.8687744140625
1784890850768899584,11.66927456855774,1.15789794921875,-0.8686065673828125,-1.8013916015625
1784890850778819584,11.679194450378418,1.138214111328125,-0.632965087890625,-1.917633056640625
1784890850788738560,11.68911337852478,0.909149169921875,-0.6407470703125,-2.0838775634765625
1784890850798658560,11.699033498764038,1.0289764404296875,-0.8107757568359375,-2.1215667724609375
1784890850808577792,11.70895266532898,0.9412078857421875,-0.8613739013671875,-2.03326416015625
1784890850818497536,11.718872547149658,0.7293243408203125,-0.8463134765625,-1.931365966796875
1784890850828416768,11.7287917137146,0.7404937744140625,-0.9892120361328125,-2.00439453125
1784890850838336768,11.738711595535278,0.6864013671875,-1.2731170654296875,-2.0583648681640625
1784890850848256000,11.74863076210022,0.682861328125,-1.32281494140625,-2.03387451171875
1784890850858175744,11.758550643920898,0.7083740234375,-1.18609619140625,-1.8866119384765625
1784890850868094720,11.76846957206726,0.7203369140625,-1.114166259765625,-1.855804443359375
1784890850878014720,11.778389692306519,0.76416015625,-1.085968017578125,-1.6524658203125
1784890850887933696,11.78830862045288,1.0278778076171875,-1.2232818603515625,-1.369171142578125
1784890850897853952,11.798228740692139,1.162567138671875,-1.37420654296875,-0.9929656982421875
1784890850907772672,11.808147668838501,1.0506744384765625,-1.5286102294921875,-0.6161956787109375
1784890850917692672,11.81806755065918,0.8816375732421875,-1.5633392333984375,-0.2673797607421875
1784890850927611904,11.827986717224121,0.631591796875,-1.691192626953125,-0.1424713134765625
1784890850937531648,11.8379065990448,0.3988494873046875,-1.78582763671875,-0.048248291015625
1784890850947450624,11.847825527191162,0.3971405029296875,-1.7139739990234375,-0.2012786865234375
1784890850957369856,11.857744693756104,0.310882568359375,-1.5462646484375,-0.18511962890625
1784890850967289600,11.867664575576782,0.3444366455078125,-1.5208892822265625,-0.3597259521484375
1784890850977208832,11.877583742141724,0.504241943359375,-1.4613494873046875,-0.4169464111328125
1784890850987128832,11.887503623962402,0.56982421875,-1.522125244140625,-0.3415679931640625
1784890850997047552,11.897422552108765,0.595458984375,-1.5653076171875,-0.2286529541015625
1784890851006967808,11.907342672348022,0.6018524169921875,-1.462493896484375,-0.0362548828125
1784890851016886784,11.917261600494385,0.62359619140625,-1.37884521484375,0.0555419921875
1784890851026806784,11.927181720733643,0.568695068359375,-1.31683349609375,0.056549072265625
1784890851036725760,11.937100648880005,0.551483154296875,-1.22137451171875,-0.003387451171875
1784890851046645760,11.947020530700684,0.60455322265625,-1.17132568359375,-0.1102294921875
1784890851056564736,11.956939697265625,0.5875244140625,-1.2353668212890625,-0.249420166015625
1784890851066484736,11.966859579086304,0.580047607421875,-1.271484375,-0.30145263671875
1784890851076403968,11.976778745651245,0.5070953369140625,-1.3328704833984375,-0.32421875
1784890851086323712,11.986698627471924,0.527801513671875,-1.3028411865234375,-0.36358642578125
1784890851096242688,11.996617555618286,0.5084991455078125,-1.221649169921875,-0.3946685791015625
1784890851106162688,12.006537675857544,0.5072479248046875,-0.95294189453125,-0.5371856689453125
1784890851116081664,12.016456604003906,0.6108245849609375,-0.6976776123046875,-0.772308349609375
1784890851126001920,12.026376724243164,0.5256195068359375,-0.70416259765625,-0.7744598388671875
1784890851135920640,12.036295652389526,0.48443603515625,-0.9146270751953125,-0.6589202880859375
1784890851145840640,12.046215534210205,0.5744171142578125,-1.07513427734375,-0.584716796875
1784890851155759872,12.056134700775146,0.5939788818359375,-1.10260009765625,-0.5241546630859375
1784890851165679616,12.066054582595825,0.618316650390625,-1.10198974609375,-0.55810546875
1784890851175598848,12.075973749160767,0.68194580078125,-0.98974609375,-0.5077667236328125
1784890851185518848,12.085893630981445,0.6036376953125,-1.289642333984375,-0.4266204833984375
1784890851195437568,12.095812559127808,0.437347412109375,-1.2628936767578125,-0.578399658203125
1784890851205357824,12.105732679367065,0.4961090087890625,-1.4156341552734375,-0.694549560546875
1784890851215276800,12.115651607513428,0.4007568359375,-1.5655364990234375,-0.684600830078125
1784890851225196800,12.125571727752686,0.4312286376953125,-1.576263427734375,-0.584381103515625
1784890851235115776,12.135490655899048,0.49908447265625,-1.6549835205078125,-0.7293548583984375
1784890851245035776,12.145410537719727,0.671630859375,-1.6207427978515625,-0.883941650390625
1784890851254954752,12.155329704284668,0.8224639892578125,-1.64404296875,-0.865386962890625
1784890851264874752,12.165249586105347,0.87823486328125,-1.6216888427734375,-0.9026336669921875
1784890851274793984,12.175168752670288,0.8231658935546875,-1.62957763671875,-0.896392822265625
1784890851284713728,12.185088634490967,0.878814697265625,-1.598419189453125,-0.808197021484375
1784890851294632704,12.195007562637329,0.9155731201171875,-1.665252685546875,-0.7611541748046875
1784890851304552704,12.204927682876587,0.9013824462890625,-1.618896484375,-0.59881591796875
1784890851314471680,12.21484661102295,0.90106201171875,-1.537811279296875,-0.477142333984375
1784890851324391936,12.224766731262207,0.92022705078125,-1.3807373046875,-0.3975067138671875
1784890851334310656,12.23468565940857,0.9443206787109375,-1.157623291015625,-0.3493804931640625
1784890851344230656,12.244605541229248,0.920440673828125,-0.86309814453125,-0.29315185546875
1784890851354149888,12.25452470779419,0.9010009765625,-0.443817138671875,-0.208984375
1784890851364069632,12.264444589614868,0.8596649169921875,0.0299835205078125,-0.0771331787109375
1784890851373988864,12.27436375617981,0.7790374755859375,0.4085845947265625,0.0203857421875
1784890851383908864,12.284283638000488,0.653076171875,0.632537841796875,0.0949554443359375
1784890851393827584,12.29420256614685,0.45526123046875,0.766510009765625,0.1057586669921875
1784890851403747840,12.304122686386108,0.384429931640625,0.8964385986328125,0.2018585205078125
1784890851413666816,12.31404161453247,0.1929931640625,0.8369598388671875,0.2018280029296875
1784890851423586816,12.323961734771729,-6.103515625e-05,0.7271728515625,0.2519378662109375
1784890851433505792,12.33388066291809,-0.10565185546875,0.5538177490234375,0.38433837890625
1784890851443425536,12.34380054473877,-0.166717529296875,0.3626556396484375,0.383758544921875
1784890851453344768,12.353719711303711,-0.2004241943359375,0.3377532958984375,0.3295440673828125
1784890851463263744,12.363638639450073,-0.2016143798828125,0.421051025390625,0.3005523681640625
1784890851473183744,12.373558759689331,-0.143035888671875,0.441558837890625,0.1855010986328125
1784890851483102720,12.383477687835693,-0.0753021240234375,0.359893798828125,0.0298614501953125
1784890851493022720,12.393397569656372,-0.0464630126953125,0.293853759765625,-0.1334991455078125
1784890851502941952,12.403316736221313,-0.0566864013671875,0.189666748046875,-0.1799468994140625
1784890851512861696,12.413236618041992,-0.051513671875,-0.02685546875,-0.1390838623046875
1784890851522780672,12.423155546188354,-0.0516357421875,-0.2127532958984375,-0.082305908203125
1784890851532700672,12.433075666427612,0.0069427490234375,-0.253753662109375,-0.023895263671875
1784890851542619648,12.442994594573975,0.087066650390625,-0.2410888671875,0.0027313232421875
1784890851552539904,12.452914714813232,0.1538238525390625,-0.24761962890625,0.0372161865234375
1784890851562458880,12.462833642959595,0.16021728515625,-0.2805328369140625,0.0724334716796875
1784890851572378880,12.472753763198853,0.1282196044921875,-0.29278564453125,0.07745361328125
1784890851582297856,12.482672691345215,0.1601715087890625,-0.28936767578125,0.081634521484375
1784890851592217600,12.492592573165894,0.203582763671875,-0.3203887939453125,0.0812225341796875
1784890851602136832,12.502511739730835,0.1415252685546875,-0.383331298828125,0.1059722900390625
1784890851612056832,12.512431621551514,0.084136962890625,-0.4539947509765625,0.173126220703125
1784890851621975552,12.522350549697876,0.115142822265625,-0.7977752685546875,0.6153564453125
1784890851631895808,12.532270669937134,-0.063079833984375,-1.2559967041015625,0.9596099853515625
1784890851641814784,12.542189598083496,-0.2904205322265625,-1.26641845703125,1.01080322265625
1784890851651734784,12.552109718322754,-0.3642120361328125,-0.8467254638671875,0.6461334228515625
1784890851661653760,12.562028646469116,-0.1652679443359375,-0.3665618896484375,0.2723846435546875
1784890851671573760,12.571948528289795,0.10125732421875,-0.178985595703125,0.221405029296875
1784890851681492736,12.581867694854736,0.2514495849609375,-0.349700927734375,0.3762969970703125
1784890851691412736,12.591787576675415,0.2849578857421875,-0.5143890380859375,0.5377197265625
1784890851701331968,12.601706743240356,0.3284454345703125,-0.60772705078125,0.6575927734375
1784890851711251712,12.611626625061035,0.3441314697265625,-0.74383544921875,0.8390960693359375
1784890851721170688,12.621545553207397,0.3165130615234375,-0.767364501953125,0.8899688720703125
1784890851731090688,12.631465673446655,0.30194091796875,-0.696502685546875,0.86431884765625
1784890851741009664,12.641384601593018,0.3126983642578125,-0.5952911376953125,0.8151397705078125
1784890851750929920,12.651304721832275,0.38153076171875,-0.606658935546875,0.8849945068359375
1784890851760848640,12.661223649978638,0.4058990478515625,-0.8174896240234375,1.0612335205078125
1784890851770768640,12.671143531799316,0.345977783203125,-0.9569244384765625,1.1563568115234375
1784890851780687872,12.681062698364258,0.2965240478515625,-0.9584197998046875,1.203155517578125
1784890851790607616,12.690982580184937,0.2757110595703125,-0.9285125732421875,1.2659759521484375
1784890851800525568,12.700900554656982,0.24462890625,-0.9959869384765625,1.4383087158203125
1784890851810445824,12.71082067489624,0.132843017578125,-1.0379638671875,1.64996337890625
1784890851820364800,12.720739603042603,0.060028076171875,-1.026031494140625,1.73724365234375
1784890851830284544,12.730659484863281,0.027587890625,-0.9532012939453125,1.90869140625
1784890851840203776,12.740578651428223,0.0254974365234375,-0.89410400390625,2.178741455078125
1784890851850123520,12.750498533248901,-0.0090484619140625,-0.87567138671875,2.2764129638671875
1784890851860042752,12.760417699813843,-0.079833984375,-0.8262176513671875,2.290252685546875
1784890851869962752,12.770337581634521,-0.013214111328125,-1.02728271484375,2.286529541015625
1784890851879881728,12.780256509780884,0.1496124267578125,-1.108734130859375,2.430389404296875
1784890851889800704,12.790175676345825,0.4989166259765625,-0.4990692138671875,1.6424713134765625
1784890851899720704,12.800095558166504,-0.69232177734375,0.1380767822265625,1.34869384765625
1784890851909639680,12.810014486312866,-0.1746673583984375,-0.63848876953125,1.33837890625
1784890851919559680,12.819934606552124,-0.0007476806640625,-0.8746795654296875,1.3030548095703125
1784890851929478656,12.829853534698486,-0.191741943359375,-0.8012237548828125,1.09027099609375
1784890851939398656,12.839773654937744,-0.1803131103515625,-0.7010955810546875,1.05377197265625
1784890851949317632,12.849692583084106,-0.078857421875,-0.589385986328125,0.875732421875
1784890851959237888,12.859612703323364,-0.0510711669921875,-0.5340423583984375,0.7269744873046875
1784890851969156864,12.869531631469727,-0.0267486572265625,-0.5303955078125,0.5698089599609375
1784890851979076608,12.879451513290405,0.01947021484375,-0.6240692138671875,0.53204345703125
1784890851988995840,12.889370679855347,0.008636474609375,-0.8274383544921875,0.43060302734375
1784890851998915584,12.899290561676025,-0.0443267822265625,-0.9289093017578125,0.31353759765625
1784890852008834560,12.909209489822388,-0.1298828125,-0.8906097412109375,0.200164794921875
1784890852018754816,12.919129610061646,-0.1840667724609375,-0.8306121826171875,0.07769775390625
1784890852028673536,12.929048538208008,-0.1893463134765625,-0.7460174560546875,0.0413055419921875
1784890852038593792,12.938968658447266,-0.2027130126953125,-0.7076416015625,-0.017913818359375
1784890852048512768,12.948887586593628,-0.244049072265625,-0.61981201171875,0.0616455078125
1784890852058432768,12.958807706832886,-0.17230224609375,-0.4254913330078125,0.08758544921875
1784890852068351744,12.968726634979248,-0.129119873046875,-0.737884521484375,-0.0959320068359375
1784890852078271744,12.978646516799927,-0.13165283203125,-0.883636474609375,-0.07598876953125
1784890852088190720,12.988565683364868,-0.139984130859375,-0.8099212646484375,0.0533447265625
1784890852098110720,12.998485565185547,-0.0358734130859375,-0.91534423828125,0.0381622314453125
1784890852108029696,13.00840449333191,-0.00885009765625,-0.9415740966796875,0.12677001953125
1784890852117949696,13.018324613571167,-0.0350341796875,-1.0195770263671875,0.110595703125
1784890852127868672,13.02824354171753,-0.0017547607421875,-0.912200927734375,0.1654052734375
1784890852137788672,13.038163661956787,0.0771636962890625,-0.92889404296875,0.155242919921875
1784890852147707648,13.04808259010315,-0.0172576904296875,-0.9189300537109375,0.1309356689453125
1784890852157627904,13.058002710342407,0.1149139404296875,-1.1936492919921875,0.1000518798828125
1784890852167546624,13.06792163848877,0.0569610595703125,-1.1404571533203125,0.195281982421875
1784890852177466624,13.077841520309448,0.067352294921875,-1.086456298828125,0.179046630859375
1784890852187385856,13.08776068687439,0.111602783203125,-0.978179931640625,0.233734130859375
1784890852197305600,13.097680568695068,0.171630859375,-1.0543212890625,0.22454833984375
1784890852207224576,13.10759949684143,0.2636566162109375,-1.256134033203125,0.23114013671875
1784890852217144832,13.117519617080688,0.232269287109375,-1.326812744140625,0.249176025390625
1784890852227063552,13.12743854522705,0.268890380859375,-1.2739410400390625,0.23406982421875
1784890852236983808,13.137358665466309,0.281280517578125,-1.1768646240234375,0.1923065185546875
1784890852246902784,13.147277593612671,0.322174072265625,-1.157135009765625,0.0044097900390625
1784890852256822784,13.157197713851929,0.260528564453125,-1.1929473876953125,-0.0260009765625
1784890852266741760,13.167116641998291,0.31671142578125,-1.2108306884765625,-0.09033203125
1784890852276661760,13.17703652381897,0.3947601318359375,-1.245758056640625,-0.18902587890625
1784890852286580736,13.186955690383911,0.29791259765625,-1.1384429931640625,-0.3146514892578125
1784890852296499712,13.196874618530273,0.2550048828125,-1.0121917724609375,-0.3544464111328125
1784890852306419712,13.206794500350952,0.260101318359375,-1.0608673095703125,-0.503570556640625
1784890852316338688,13.216713666915894,0.26190185546875,-1.1710357666015625,-0.6101837158203125
1784890852326258688,13.226633548736572,0.325225830078125,-1.316619873046875,-0.5746307373046875
1784890852336177920,13.236552715301514,0.243316650390625,-1.336639404296875,-0.522857666015625
1784890852346097664,13.246472597122192,0.2010955810546875,-1.2852935791015625,-0.55377197265625
1784890852356016640,13.256391525268555,0.23785400390625,-1.0559234619140625,-0.508941650390625
1784890852365936640,13.266311645507812,0.0948638916015625,-0.9844512939453125,-0.54119873046875
1784890852375855616,13.276230573654175,-0.0869598388671875,-1.1287689208984375,-0.5967254638671875
1784890852385775872,13.286150693893433,-0.05694580078125,-1.2347259521484375,-0.5869293212890625
1784890852395694848,13.296069622039795,0.1320953369140625,-1.312530517578125,-0.6480712890625
1784890852405614592,13.305989503860474,0.2545623779296875,-1.2827301025390625,-0.6660614013671875
1784890852415533824,13.315908670425415,0.2458953857421875,-1.239501953125,-0.6356353759765625
1784890852425453568,13.325828552246094,0.198272705078125,-1.2356109619140625,-0.480316162109375
1784890852435372800,13.335747718811035,0.0499267578125,-1.424530029296875,-0.3325653076171875
1784890852445292800,13.345667600631714,-0.1096954345703125,-1.6271209716796875,-0.288238525390625
1784890852455211520,13.355586528778076,-0.0092926025390625,-1.618316650390625,-0.247406005859375
1784890852465131776,13.365506649017334,0.0993804931640625,-1.5153656005859375,-0.3297271728515625
1784890852475050752,13.375425577163696,0.2103729248046875,-1.41339111328125,-0.37310791015625
1784890852484970752,13.385345697402954,0.2714385986328125,-1.2803802490234375,-0.4057159423828125
1784890852494889728,13.395264625549316,0.2118072509765625,-1.09234619140625,-0.3303680419921875
1784890852504809728,13.405184507369995,0.0141448974609375,-0.9615631103515625,-0.28656005859375
1784890852514728704,13.415103673934937,-0.18438720703125,-0.9532470703125,-0.2583465576171875
1784890852524648704,13.425023555755615,-0.2413787841796875,-1.098876953125,-0.245452880859375
1784890852534567936,13.434942722320557,-0.1277618408203125,-1.2386474609375,-0.2045745849609375
1784890852544487680,13.444862604141235,0.005523681640625,-1.314056396484375,-0.258209228515625
1784890852554406656,13.454781532287598,0.10870361328125,-1.431060791015625,-0.193817138671875
1784890852564326656,13.464701652526855,0.2483673095703125,-1.5268707275390625,-0.04522705078125
1784890852574245632,13.474620580673218,0.2977752685546875,-1.640411376953125,0.0027618408203125
1784890852584165888,13.484540700912476,0.28350830078125,-1.785858154296875,-0.015655517578125
1784890852594084864,13.494459629058838,0.1199188232421875,-1.9253082275390625,0.0079193115234375
1784890852604004608,13.504379510879517,0.1484527587890625,-2.091339111328125,-0.011505126953125
1784890852613923840,13.514298677444458,0.26300048828125,-2.1356353759765625,-0.17059326171875
1784890852623843584,13.524218559265137,0.4034423828125,-2.01513671875,-0.2469482421875
1784890852633762560,13.534137487411499,0.397186279296875,-2.065521240234375,-0.3341522216796875
1784890852643682816,13.544057607650757,0.223907470703125,-2.1850128173828125,-0.3558349609375
1784890852653601536,13.55397653579712,0.236724853515625,-2.2852630615234375,-0.3707427978515625
1784890852663521792,13.563896656036377,0.1408843994140625,-2.1274871826171875,-0.3646240234375
1784890852673440768,13.57381558418274,-0.2481536865234375,-1.95147705078125,-0.2775726318359375
1784890852683359744,13.583734512329102,-0.1728057861328125,-1.6464996337890625,-0.1562652587890625
1784890852693279744,13.59365463256836,-0.0744476318359375,-1.332244873046875,-0.0349273681640625
1784890852703198720,13.603573560714722,-0.098297119140625,-1.0987701416015625,-0.1161956787109375
1784890852713118720,13.61349368095398,-0.2907257080078125,-1.153289794921875,-0.2340087890625
1784890852723037696,13.623412609100342,-0.2087249755859375,-1.1930999755859375,-0.2551727294921875
1784890852732957696,13.63333249092102,0.1536102294921875,-0.892059326171875,-0.3679351806640625
1784890852742876672,13.643251657485962,0.154144287109375,-0.8713531494140625,-0.32177734375
1784890852752796672,13.65317153930664,0.0543060302734375,-0.5125732421875,-0.22186279296875
1784890852762715904,13.663090705871582,-0.2975311279296875,-0.2227630615234375,-0.1696014404296875
1784890852772635648,13.67301058769226,-0.3892059326171875,0.166229248046875,0.0020294189453125
1784890852782554624,13.682929515838623,-0.6430206298828125,0.40472412109375,-0.02093505859375
1784890852792474624,13.69284963607788,-0.4352874755859375,0.217376708984375,0.1469268798828125
1784890852802393600,13.702768564224243,-0.1271514892578125,-0.0059661865234375,0.351318359375
1784890852812313600,13.712688446044922,0.3380889892578125,0.0758514404296875,0.2964630126953125
1784890852822232576,13.722607374191284,0.37213134765625,0.2305145263671875,-0.0718841552734375
1784890852832152576,13.732527494430542,0.2400665283203125,0.4605255126953125,-0.2137908935546875
1784890852842071552,13.742446422576904,0.052978515625,0.5722503662109375,-0.2915191650390625
1784890852851991552,13.752366542816162,0.3878631591796875,0.3491058349609375,-0.56121826171875
1784890852861910528,13.762285470962524,0.526611328125,0.147247314453125,-0.9086456298828125
1784890852871830784,13.772205591201782,0.4940643310546875,0.2081451416015625,-1.0019073486328125
1784890852881749504,13.782124519348145,0.71038818359375,-0.067474365234375,-1.20196533203125
1784890852891669504,13.792044401168823,0.9489593505859375,-0.2415313720703125,-1.5011138916015625
1784890852901588736,13.801963567733765,1.3079986572265625,-0.117889404296875,-1.9859466552734375
1784890852911508480,13.811883449554443,1.304412841796875,-0.101959228515625,-2.08685302734375
1784890852921427456,13.821802377700806,1.0536346435546875,-0.268218994140625,-2.16131591796875
1784890852931347712,13.831722497940063,1.0319366455078125,-0.4691009521484375,-2.19146728515625
1784890852941266432,13.841641426086426,1.10430908203125,-0.81982421875,-2.19671630859375
1784890852951186688,13.851561546325684,1.1382598876953125,-0.780181884765625,-2.215667724609375
1784890852961105664,13.861480474472046,1.1381988525390625,-0.6485595703125,-2.1560821533203125
1784890852971025664,13.871400594711304,0.9716033935546875,-0.64727783203125,-1.9248199462890625
1784890852980944640,13.881319522857666,0.8206329345703125,-0.5811004638671875,-1.6953887939453125
1784890852990864640,13.891239404678345,0.6741790771484375,-0.7559356689453125,-1.513275146484375
1784890853000783616,13.901158571243286,0.6250457763671875,-0.9624481201171875,-1.3243408203125
1784890853010703616,13.911078453063965,0.478790283203125,-1.0691986083984375,-1.1644134521484375
1784890853020622592,13.920997381210327,0.4521331787109375,-1.09466552734375,-1.0863037109375
1784890853030542592,13.930917501449585,0.4783935546875,-1.1521453857421875,-1.0771026611328125
1784890853040461568,13.940836429595947,0.58966064453125,-1.0630645751953125,-1.1005096435546875
1784890853050381568,13.950756549835205,0.582183837890625,-1.0547332763671875,-1.1020660400390625
1784890853060300544,13.960675477981567,0.5512542724609375,-1.02447509765625,-1.10302734375
1784890853070220544,13.970595359802246,0.5594329833984375,-0.9003143310546875,-1.074127197265625
1784890853080139520,13.980514526367188,0.578277587890625,-0.9532012939453125,-1.0882568359375
1784890853090059520,13.990434408187866,0.576690673828125,-1.079986572265625,-1.013580322265625
1784890853099978752,14.000353574752808,0.5026092529296875,-1.1592864990234375,-0.907470703125
1784890853109897728,14.01027250289917,0.45416259765625,-1.23736572265625,-0.8408355712890625
1784890853119817472,14.020192384719849,0.4551544189453125,-1.243621826171875,-0.7728424072265625
1784890853129737728,14.030112504959106,0.4938507080078125,-1.2259979248046875,-0.7042694091796875
1784890853139656448,14.040031433105469,0.515472412109375,-1.2676849365234375,-0.6007843017578125
1784890853149575424,14.049950361251831,0.48486328125,-1.2660064697265625,-0.5438995361328125
1784890853159495680,14.059870481491089,0.4368896484375,-1.204193115234375,-0.519439697265625
1784890853169414400,14.069789409637451,0.3400421142578125,-1.2087554931640625,-0.4502716064453125
1784890853179334656,14.079709529876709,0.33148193359375,-1.2176513671875,-0.3901824951171875
1784890853189253632,14.089628458023071,0.4449920654296875,-1.133880615234375,-0.3406219482421875
1784890853199173632,14.099548578262329,0.59539794921875,-1.175384521484375,-0.2200775146484375
1784890853209092608,14.109467506408691,0.6189727783203125,-1.2772216796875,-0.1510162353515625
1784890853219012608,14.11938738822937,0.548492431640625,-1.2395782470703125,-0.18377685546875
1784890853228931584,14.129306554794312,0.452972412109375,-1.2060699462890625,-0.302642822265625
1784890853238851584,14.13922643661499,0.4181671142578125,-1.257293701171875,-0.28887939453125
1784890853248770560,14.149145364761353,0.3606109619140625,-1.2279205322265625,-0.3475189208984375
1784890853258690560,14.15906548500061,0.35748291015625,-1.1283111572265625,-0.40289306640625
1784890853268609536,14.168984413146973,0.413421630859375,-1.14630126953125,-0.487640380859375
1784890853278529536,14.17890453338623,0.5278472900390625,-1.037506103515625,-0.6026458740234375
1784890853288448512,14.188823461532593,0.7089080810546875,-0.958404541015625,-0.75341796875
1784890853298368768,14.19874358177185,0.58990478515625,-0.993988037109375,-0.8160552978515625
1784890853308287744,14.208662509918213,0.6052093505859375,-1.07232666015625,-0.655303955078125
1784890853318207488,14.218582391738892,0.57452392578125,-1.257598876953125,-0.422332763671875
1784890853328126720,14.228501558303833,0.4811553955078125,-1.5802154541015625,-0.34674072265625
1784890853338046464,14.238421440124512,0.45050048828125,-1.7696990966796875,-0.3748931884765625
1784890853347965440,14.248340368270874,0.84259033203125,-1.571533203125,-0.87518310546875
1784890853357885696,14.258260488510132,0.85308837890625,-1.322509765625,-1.036285400390625
1784890853367804416,14.268179416656494,0.743499755859375,-1.112213134765625,-0.9283294677734375
1784890853377724672,14.278099536895752,0.68377685546875,-1.057220458984375,-0.986663818359375
1784890853387643648,14.288018465042114,0.51171875,-1.26995849609375,-1.147064208984375
1784890853397563648,14.297938585281372,0.5175323486328125,-1.6266632080078125,-0.9942626953125
1784890853407482624,14.307857513427734,0.75848388671875,-1.6670684814453125,-0.86138916015625
1784890853417402624,14.317777395248413,0.818145751953125,-1.64990234375,-0.7869415283203125
1784890853427321600,14.327696561813354,0.8234710693359375,-1.4868927001953125,-0.7992095947265625
1784890853437241600,14.337616443634033,0.858123779296875,-1.3836212158203125,-0.8405609130859375
1784890853447160576,14.347535371780396,0.9796600341796875,-1.34698486328125,-0.7920684814453125
1784890853457080576,14.357455492019653,0.784912109375,-1.4039459228515625,-0.782958984375
1784890853466999552,14.367374420166016,0.797271728515625,-1.358062744140625,-0.6688690185546875
1784890853476919552,14.377294540405273,0.8580169677734375,-1.145294189453125,-0.530120849609375
1784890853486838528,14.387213468551636,0.8743133544921875,-0.8354949951171875,-0.412078857421875
1784890853496758784,14.397133588790894,0.8734283447265625,-0.457672119140625,-0.297882080078125
1784890853506677504,14.407052516937256,0.83251953125,-0.1290283203125,-0.2167816162109375
1784890853516597504,14.416972398757935,0.7042694091796875,0.11700439453125,-0.184173583984375
1784890853526516736,14.426891565322876,0.6352386474609375,0.2573394775390625,-0.2099761962890625
1784890853536436480,14.436811447143555,0.497650146484375,0.50897216796875,-0.1359710693359375
1784890853546355456,14.446730375289917,0.3589324951171875,0.702392578125,-0.1220855712890625
1784890853556275712,14.456650495529175,0.25244140625,0.7661895751953125,-0.13677978515625
1784890853566194432,14.466569423675537,0.2208404541015625,0.7587127685546875,-0.117218017578125
1784890853576113664,14.476488590240479,0.2486724853515625,0.6505279541015625,-0.052398681640625
1784890853586033664,14.486408472061157,0.2549896240234375,0.451934814453125,-0.0117034912109375
1784890853595952384,14.49632740020752,0.2392578125,0.259124755859375,-0.0161590576171875
1784890853605872640,14.506247520446777,0.223785400390625,0.08343505859375,0.0542144775390625
1784890853615791616,14.51616644859314,0.087249755859375,-0.1677703857421875,0.0847930908203125
1784890853625711616,14.526086568832397,-0.1126708984375,-0.4138641357421875,0.0916290283203125
1784890853635630592,14.53600549697876,-0.2768707275390625,-0.649871826171875,0.089813232421875
1784890853645550592,14.545925378799438,-0.28741455078125,-0.75543212890625,0.0969696044921875
1784890853655469568,14.55584454536438,-0.1348724365234375,-0.516937255859375,0.216827392578125
1784890853665389568,14.565764427185059,0.02685546875,-0.14801025390625,0.3912353515625
1784890853675308800,14.57568359375,0.1214752197265625,0.0010528564453125,0.4613494873046875
1784890853685228544,14.585603475570679,0.0979156494140625,-0.0098724365234375,0.47454833984375
1784890853695147520,14.595522403717041,0.06756591796875,-0.075714111328125,0.414703369140625
1784890853705067520,14.605442523956299,0.095458984375,-0.1747283935546875,0.40533447265625
1784890853714986496,14.615361452102661,0.1295166015625,-0.3349151611328125,0.47540283203125
1784890853724906752,14.625281572341919,0.1334381103515625,-0.4364166259765625,0.588653564453125
1784890853734825728,14.635200500488281,0.0537567138671875,-0.4707794189453125,0.6807098388671875
1784890853744745472,14.64512038230896,-0.04217529296875,-0.4558563232421875,0.6943206787109375
1784890853754664704,14.655039548873901,-0.1255035400390625,-0.4015655517578125,0.591522216796875
1784890853764584448,14.66495943069458,-0.113983154296875,-0.2574920654296875,0.4174652099609375
1784890853774503680,14.674878597259521,0.0377655029296875,-0.177337646484375,0.3223724365234375
1784890853784423680,14.6847984790802,0.195648193359375,-0.24249267578125,0.3769683837890625
1784890853794342400,14.694717407226562,0.232696533203125,-0.36126708984375,0.5574493408203125
1784890853804262400,14.704637289047241,0.187347412109375,-0.529510498046875,0.7624359130859375
1784890853814181376,14.714556217193604,0.093475341796875,-0.653228759765625,0.837127685546875
1784890853824101376,14.724476337432861,0.1073150634765625,-0.6627960205078125,0.7212982177734375
1784890853834020352,14.734395265579224,0.2109832763671875,-0.6423187255859375,0.567474365234375
1784890853843940608,14.744315385818481,0.294525146484375,-0.529327392578125,0.450469970703125
1784890853853859328,14.754234313964844,0.367767333984375,-0.4022674560546875,0.35137939453125
1784890853863779328,14.764154195785522,0.4615936279296875,-0.335968017578125,0.3829803466796875
1784890853873698560,14.774073362350464,0.579193115234375,-0.3935394287109375,0.6474456787109375
1784890853883618304,14.783993244171143,0.7024993896484375,-0.636871337890625,1.1616058349609375
1784890853893537280,14.793912172317505,0.6037445068359375,-0.8654022216796875,1.7131500244140625
1784890853903457280,14.803832292556763,0.328887939453125,-0.8992462158203125,2.0859832763671875
1784890853913376256,14.813751220703125,0.1354522705078125,-0.805511474609375,2.27130126953125
1784890853923296512,14.823671340942383,0.0753173828125,-0.6590576171875,2.28717041015625
1784890853933215488,14.833590269088745,0.0347137451171875,-0.4859771728515625,2.35491943359375
1784890853943135488,14.843510389328003,-0.0594940185546875,-0.387054443359375,2.3759918212890625
1784890853953054464,14.853429317474365,-0.1259765625,-0.4812774658203125,2.3232269287109375
1784890853962974208,14.863349199295044,-0.20892333984375,-0.462646484375,2.223724365234375
1784890853972893440,14.873268365859985,-0.2110137939453125,-0.3228607177734375,1.9897308349609375
1784890853982813440,14.883188247680664,-0.0771026611328125,-0.1792144775390625,1.823272705078125
1784890853992732160,14.893107175827026,0.0689697265625,0.0283355712890625,1.720428466796875
1784890854002652416,14.903027296066284,0.025634765625,0.27655029296875,1.6225433349609375
1784890854012571392,14.912946224212646,-0.0075836181640625,0.205047607421875,1.5944366455078125
1784890854022491392,14.922866344451904,-0.0196685791015625,-0.1600189208984375,1.7054290771484375
1784890854032410368,14.932785272598267,-0.3469390869140625,-0.5263824462890625,1.78582763671875
1784890854042330368,14.942705154418945,0.1327972412109375,-0.7648773193359375,1.839599609375
1784890854052249344,14.952624320983887,0.22589111328125,-0.3876953125,1.2876129150390625
1784890854062168320,14.962543249130249,0.005096435546875,-0.1105499267578125,1.2581329345703125
1784890854072088576,14.972463369369507,-0.248077392578125,-0.147125244140625,1.1090087890625
1784890854082007296,14.98238229751587,-0.273345947265625,-0.231689453125,0.980621337890625
1784890854091927296,14.992302179336548,-0.012451171875,-0.3613739013671875,1.0114898681640625
1784890854101846528,15.00222134590149,-0.1814422607421875,-0.3849639892578125,0.897125244140625
1784890854111766272,15.012141227722168,-0.24005126953125,-0.5395355224609375,0.8263092041015625
1784890854121685248,15.02206015586853,-0.2238616943359375,-0.714996337890625,0.693023681640625
1784890854131605504,15.031980276107788,-0.14117431640625,-0.6772003173828125,0.61175537109375
1784890854141524224,15.04189920425415,-0.0951995849609375,-0.57415771484375,0.5251617431640625
1784890854151444480,15.051819324493408,-0.0468597412109375,-0.5931243896484375,0.4588775634765625
1784890854161363456,15.06173825263977,-0.046478271484375,-0.6532135009765625,0.4949951171875
1784890854171283456,15.071658372879028,-0.113922119140625,-0.6819610595703125,0.5467071533203125
1784890854181202432,15.08157730102539,-0.109130859375,-0.709930419921875,0.496734619140625
1784890854191122176,15.09149718284607,-0.142242431640625,-0.693084716796875,0.3960113525390625
1784890854201041408,15.10141634941101,-0.1265411376953125,-0.6702880859375,0.273101806640625
1784890854210961408,15.11133623123169,-0.1167144775390625,-0.7249603271484375,0.150909423828125
1784890854220880384,15.121255159378052,-0.1432342529296875,-0.817779541015625,0.1505889892578125
1784890854230800384,15.13117527961731,-0.1966400146484375,-0.819000244140625,0.1865081787109375
1784890854240719360,15.141094207763672,-0.2762298583984375,-0.747314453125,0.181488037109375
1784890854250639360,15.15101432800293,-0.17974853515625,-0.7054901123046875,0.185211181640625
1784890854260558336,15.160933256149292,-0.083526611328125,-0.62396240234375,0.17425537109375
1784890854270478592,15.17085337638855,-0.0454864501953125,-0.8907318115234375,0.07989501953125
1784890854280397312,15.180772304534912,-0.0059814453125,-0.8634490966796875,0.1843109130859375
1784890854290317312,15.19069218635559,-0.068634033203125,-0.9623565673828125,0.1772308349609375
1784890854300236544,15.200611352920532,-0.083709716796875,-1.0321502685546875,0.2369384765625
1784890854310156288,15.210531234741211,-0.0839080810546875,-1.022705078125,0.201019287109375
1784890854320075264,15.220450162887573,-0.1183013916015625,-0.9742431640625,0.3256072998046875
1784890854329995520,15.230370283126831,-0.0103302001953125,-0.9175567626953125,0.41888427734375
1784890854339914240,15.240289211273193,0.067535400390625,-1.0529632568359375,0.370361328125
1784890854349834496,15.250209331512451,0.129791259765625,-1.12115478515625,0.381011962890625
1784890854359753472,15.260128259658813,0.0697021484375,-1.082489013671875,0.41937255859375
1784890854369673472,15.270048379898071,0.0724334716796875,-0.9763946533203125,0.479888916015625
1784890854379592448,15.279967308044434,0.1168670654296875,-0.9648284912109375,0.49652099609375
1784890854389512192,15.289887189865112,0.12432861328125,-1.01220703125,0.5091094970703125
1784890854399431424,15.299806356430054,0.1488800048828125,-1.13739013671875,0.526580810546875
1784890854409351424,15.309726238250732,0.1807403564453125,-1.32257080078125,0.4370269775390625
1784890854419270400,15.319645166397095,0.26690673828125,-1.4443359375,0.4563446044921875
1784890854429190400,15.329565286636353,0.28387451171875,-1.47943115234375,0.42755126953125
1784890854439109376,15.339484214782715,0.34326171875,-1.358734130859375,0.3170318603515625
1784890854449029376,15.349404335021973,0.434295654296875,-1.1567840576171875,0.18927001953125
1784890854458948352,15.359323263168335,0.41815185546875,-1.26849365234375,0.0467987060546875
1784890854468868608,15.369243383407593,0.4508056640625,-1.3884735107421875,0.0208587646484375
1784890854478787328,15.379162311553955,0.458648681640625,-1.372802734375,-0.0110626220703125
1784890854488707328,15.389082193374634,0.33050537109375,-1.2412872314453125,-0.1099090576171875
1784890854498626560,15.399001359939575,0.2757568359375,-1.1211700439453125,-0.26495361328125
1784890854508546304,15.408921241760254,0.2900848388671875,-0.98687744140625,-0.330596923828125
1784890854518465280,15.418840169906616,0.193206787109375,-0.9351043701171875,-0.29718017578125
1784890854528385280,15.428760290145874,0.03729248046875,-0.9308624267578125,-0.30706787109375
1784890854538304256,15.438679218292236,-0.0429229736328125,-1.0425872802734375,-0.342193603515625
1784890854548224512,15.448599338531494,0.0566558837890625,-1.0252685546875,-0.26129150390625
1784890854558143488,15.458518266677856,0.00177001953125,-0.8964080810546875,-0.3168487548828125
1784890854568062208,15.468437194824219,-0.1545562744140625,-0.9764404296875,-0.4211273193359375
1784890854577982464,15.478357315063477,-0.1144256591796875,-0.9869232177734375,-0.499359130859375
1784890854587901440,15.488276243209839,0.0144195556640625,-1.04046630859375,-0.5605621337890625
1784890854597821440,15.498196363449097,0.0613250732421875,-1.223114013671875,-0.545135498046875
1784890854607740416,15.508115291595459,-0.055816650390625,-1.339447021484375,-0.4305877685546875
1784890854617660160,15.518035173416138,-0.14642333984375,-1.454620361328125,-0.3895263671875
1784890854627579392,15.527954339981079,-0.08990478515625,-1.4658966064453125,-0.3903350830078125
1784890854637499392,15.537874221801758,0.0997161865234375,-1.522003173828125,-0.302642822265625
1784890854647418624,15.5477933883667,0.224334716796875,-1.5810699462890625,-0.1922607421875
1784890854657338368,15.557713270187378,0.222137451171875,-1.5617218017578125,-0.186614990234375
1784890854667257344,15.56763219833374,0.18182373046875,-1.4589385986328125,-0.309417724609375
1784890854677177344,15.577552318572998,0.148895263671875,-1.396514892578125,-0.286163330078125
1784890854687096320,15.58747124671936,0.0562896728515625,-1.3662261962890625,-0.2141571044921875
1784890854697016576,15.597391366958618,-0.087921142578125,-1.31512451171875,-0.2319488525390625
1784890854706935296,15.60731029510498,-0.0703277587890625,-1.1264495849609375,-0.261322021484375
1784890854716855296,15.61723017692566,0.08245849609375,-1.097808837890625,-0.13360595703125
1784890854726774528,15.6271493434906,0.1518707275390625,-1.435028076171875,-0.132476806640625
1784890854736694272,15.63706922531128,0.11700439453125,-1.595489501953125,-0.070831298828125
1784890854746613248,15.646988153457642,0.1428985595703125,-1.6400146484375,-0.034942626953125
1784890854756533504,15.6569082736969,0.1295166015625,-1.6960296630859375,0.040130615234375
1784890854766452224,15.666827201843262,0.1631317138671875,-1.6549224853515625,0.205108642578125
1784890854776372480,15.67674732208252,0.1811981201171875,-1.663116455078125,0.26470947265625
1784890854786291456,15.686666250228882,0.096343994140625,-1.791473388671875,0.2838287353515625
1784890854796211456,15.69658637046814,0.1597442626953125,-2.0976715087890625,0.1339569091796875
1784890854806131968,15.706506967544556,0.303253173828125,-2.2327117919921875,0.08624267578125
1784890854816052224,15.716427087783813,0.3759002685546875,-2.1694793701171875,-0.008575439453125
1784890854825971200,15.726346015930176,0.2989349365234375,-2.2509918212890625,-0.1244659423828125
1784890854835890944,15.736265897750854,0.3346405029296875,-2.5334625244140625,-0.232330322265625
1784890854845810176,15.746185064315796,0.350921630859375,-2.3789520263671875,-0.34112548828125
1784890854855730176,15.756104946136475,0.363433837890625,-2.34136962890625,-0.5070648193359375
1784890854865648896,15.766023874282837,0.46527099609375,-2.3126068115234375,-0.424163818359375
1784890854875569152,15.775943994522095,0.5117645263671875,-2.10260009765625,-0.37744140625
1784890854885488128,15.785862922668457,0.1945343017578125,-1.6190185546875,-0.5381927490234375
1784890854895408128,15.795783042907715,-0.227569580078125,-1.111602783203125,-0.5334014892578125
1784890854905327104,15.805701971054077,-0.3613128662109375,-0.7230377197265625,-0.221282958984375
1784890854915247104,15.815622091293335,-0.7397308349609375,-0.2816619873046875,0.054656982421875
1784890854925166080,15.825541019439697,-0.5445098876953125,-0.199981689453125,0.014617919921875
1784890854935086080,15.835460901260376,-0.44189453125,-0.09429931640625,-0.0927734375
1784890854945005056,15.845380067825317,-0.518402099609375,-0.182769775390625,-0.1299285888671875
1784890854954925056,15.855299949645996,-0.596466064453125,-0.209442138671875,-0.23541259765625
1784890854964844032,15.865218877792358,-0.46795654296875,-0.03240966796875,-0.165191650390625
1784890854974764032,15.875138998031616,-0.1687774658203125,0.1469879150390625,0.0866851806640625
1784890854984683008,15.885057926177979,-0.14593505859375,0.0524749755859375,-0.0644683837890625
1784890854994603264,15.894978046417236,-0.045318603515625,-0.068359375,-0.033233642578125
1784890855004521984,15.904896974563599,0.0790557861328125,0.118896484375,-0.018524169921875
1784890855014442240,15.914817094802856,0.174224853515625,0.56512451171875,-0.2414093017578125
1784890855024361216,15.924736022949219,0.1500701904296875,0.6708984375,-0.367889404296875
1784890855034280960,15.934655904769897,0.2152862548828125,0.711639404296875,-0.41754150390625
1784890855044200192,15.944575071334839,-0.2038116455078125,0.59930419921875,-0.419403076171875
1784890855054119936,15.954494953155518,-0.209442138671875,0.6207427978515625,-0.75567626953125
1784890855064038912,15.96441388130188,-0.0638580322265625,0.6451263427734375,-1.0405731201171875
1784890855073959168,15.974334001541138,0.3491668701171875,0.2025604248046875,-1.3833770751953125
1784890855083878144,15.9842529296875,0.882293701171875,-0.2817230224609375,-1.45660400390625
1784890855093798144,15.994173049926758,1.058349609375,-0.2374114990234375,-1.5466766357421875
1784890855103717120,16.00409197807312,1.0453338623046875,-0.16278076171875,-1.77984619140625
1784890855113636864,16.0140118598938,0.8506317138671875,-0.3909454345703125,-2.0791015625
1784890855123556096,16.02393102645874,0.9142303466796875,-0.671722412109375,-2.1784820556640625
1784890855133476096,16.03385090827942,1.1259918212890625,-0.823760986328125,-2.1320953369140625
1784890855143395072,16.04377007484436,1.0428924560546875,-0.700531005859375,-2.0545806884765625
1784890855153315072,16.05368995666504,0.82366943359375,-0.589447021484375,-1.9678955078125
1784890855163234048,16.0636088848114,0.7519378662109375,-0.6585693359375,-1.96221923828125
1784890855173154048,16.07352900505066,0.7122955322265625,-0.852813720703125,-1.9687957763671875
1784890855183073024,16.08344793319702,0.7657623291015625,-0.9979400634765625,-1.874359130859375
1784890855192993280,16.09336805343628,0.648284912109375,-1.0720367431640625,-1.6870574951171875
1784890855202912000,16.10328698158264,0.5749053955078125,-1.1327056884765625,-1.51336669921875
1784890855212832000,16.11320686340332,0.4561767578125,-1.16510009765625,-1.463775634765625
1784890855222751232,16.12312602996826,0.4269256591796875,-1.16815185546875,-1.2662353515625
1784890855232670976,16.13304591178894,0.4871063232421875,-1.16607666015625,-1.039642333984375
1784890855242590208,16.142965078353882,0.5542144775390625,-1.1678466796875,-0.9295501708984375
1784890855252509952,16.15288496017456,0.5635986328125,-1.14813232421875,-0.8974609375
1784890855262428928,16.162803888320923,0.51708984375,-1.166717529296875,-0.83929443359375
1784890855272349184,16.17272400856018,0.450836181640625,-1.2135467529296875,-0.881378173828125
1784890855282268160,16.182642936706543,0.465423583984375,-1.1967620849609375,-0.8175811767578125
1784890855292188160,16.1925630569458,0.48126220703125,-1.2772979736328125,-0.741790771484375
1784890855302107136,16.202481985092163,0.4846343994140625,-1.3443756103515625,-0.6023406982421875
1784890855312026880,16.212401866912842,0.493743896484375,-1.3404693603515625,-0.54541015625
1784890855321946112,16.222321033477783,0.4968719482421875,-1.3094940185546875,-0.53997802734375
1784890855331866112,16.232240915298462,0.4821624755859375,-1.283599853515625,-0.5667724609375
1784890855341785088,16.242160081863403,0.433013916015625,-1.1879119873046875,-0.5966644287109375
1784890855351705088,16.252079963684082,0.3960113525390625,-1.0855865478515625,-0.596099853515625
1784890855361624064,16.261998891830444,0.3487548828125,-1.1625213623046875,-0.465545654296875
1784890855371544064,16.271919012069702,0.3467559814453125,-1.36834716796875,-0.2973480224609375
1784890855381463040,16.281837940216064,0.39825439453125,-1.4666748046875,-0.15972900390625
1784890855391383296,16.291758060455322,0.4836273193359375,-1.4769744873046875,-0.062957763671875
1784890855401302016,16.301676988601685,0.496124267578125,-1.5081939697265625,-0.057098388671875
1784890855411222016,16.311596870422363,0.4412384033203125,-1.456878662109375,-0.053009033203125
1784890855421141248,16.321516036987305,0.4639892578125,-1.323486328125,-0.0780487060546875
1784890855431060992,16.331435918807983,0.58709716796875,-1.2882537841796875,-0.0813751220703125
1784890855440980224,16.341355085372925,0.6379852294921875,-1.3897247314453125,-0.1319122314453125
1784890855450899200,16.351274013519287,0.6640167236328125,-1.41668701171875,-0.2067413330078125
1784890855460818944,16.361193895339966,0.6354522705078125,-1.1752777099609375,-0.308349609375
1784890855470738176,16.371113061904907,0.5363006591796875,-0.830810546875,-0.4903411865234375
1784890855480658176,16.381032943725586,0.6548614501953125,-0.6129150390625,-0.6868133544921875
1784890855490576896,16.39095187187195,0.5521697998046875,-0.5732269287109375,-0.7377471923828125
1784890855500497152,16.400871992111206,0.445159912109375,-0.9259185791015625,-0.6922149658203125
1784890855510416128,16.41079092025757,0.3974151611328125,-1.2587890625,-0.6269073486328125
1784890855520336128,16.420711040496826,0.4788665771484375,-1.3190765380859375,-0.6332244873046875
1784890855530255104,16.43062996864319,0.455718994140625,-1.4192657470703125,-0.6143798828125
1784890855540175104,16.440550088882446,0.62481689453125,-1.4837493896484375,-0.740325927734375
1784890855550094080,16.45046901702881,0.7666778564453125,-1.11212158203125,-1.277008056640625
1784890855560014080,16.460388898849487,0.62249755859375,-0.8525390625,-1.4028167724609375
1784890855569933056,16.47030806541443,0.549468994140625,-0.77423095703125,-1.3630523681640625
1784890855579853056,16.480227947235107,0.5523223876953125,-1.1088104248046875,-1.2940216064453125
1784890855589772032,16.49014687538147,0.57049560546875,-1.407867431640625,-1.1813507080078125
1784890855599692032,16.500066995620728,0.5859832763671875,-1.517822265625,-0.8983612060546875
1784890855609611008,16.50998592376709,0.5394287109375,-1.7321624755859375,-0.5856475830078125
1784890855619531264,16.519906044006348,0.563140869140625,-1.862884521484375,-0.4662322998046875
1784890855629449984,16.52982497215271,0.5384368896484375,-1.8002777099609375,-0.5144195556640625
1784890855639370240,16.539745092391968,0.66180419921875,-1.7399749755859375,-0.6772003173828125
1784890855649289216,16.54966402053833,0.7761688232421875,-1.6240234375,-0.74969482421875
1784890855659208960,16.55958390235901,0.8416595458984375,-1.487396240234375,-0.704986572265625
1784890855669128192,16.56950306892395,0.874755859375,-1.326385498046875,-0.6829681396484375
1784890855679047936,16.57942295074463,0.871978759765625,-1.0667877197265625,-0.5706329345703125
1784890855688966912,16.58934187889099,0.8571014404296875,-0.802154541015625,-0.4420928955078125
1784890855698887168,16.59926199913025,0.8336944580078125,-0.5800628662109375,-0.37158203125
1784890855708806144,16.60918092727661,0.7742767333984375,-0.41802978515625,-0.3052825927734375
1784890855718726144,16.61910104751587,0.7214202880859375,-0.1710357666015625,-0.2482757568359375
1784890855728645120,16.62901997566223,0.718353271484375,0.0720062255859375,-0.218505859375
1784890855738565120,16.63894009590149,0.578521728515625,0.397613525390625,-0.2227325439453125
1784890855748484096,16.64885902404785,0.4375762939453125,0.5659942626953125,-0.2686004638671875
1784890855758404096,16.65877890586853,0.2918701171875,0.579742431640625,-0.2596893310546875
1784890855768323072,16.66869807243347,0.2118377685546875,0.56622314453125,-0.1653594970703125
1784890855778243072,16.67861795425415,0.1982421875,0.50567626953125,-0.028900146484375
1784890855788162048,16.688536882400513,0.1936492919921875,0.35614013671875,0.06048583984375
1784890855798082048,16.69845700263977,0.1529541015625,0.0685577392578125,0.1052093505859375
1784890855807999232,16.7083740234375,0.0455474853515625,-0.218109130859375,0.1661376953125
1784890855817919232,16.718294143676758,-0.0327606201171875,-0.2634735107421875,0.1201324462890625
1784890855827838208,16.72821307182312,-0.038177490234375,-0.272491455078125,0.074310302734375
1784890855837758208,16.738133192062378,0.0037384033203125,-0.235595703125,0.07464599609375
1784890855847677184,16.74805212020874,0.1420440673828125,-0.1668853759765625,0.1897125244140625
1784890855857597184,16.75797200202942,0.19268798828125,-0.2063140869140625,0.3729705810546875
1784890855867516160,16.76789116859436,0.09197998046875,-0.21429443359375,0.524078369140625
1784890855877436160,16.77781105041504,-0.0507659912109375,-0.155792236328125,0.55804443359375
1784890855887355392,16.78773021697998,-0.1262664794921875,-0.100006103515625,0.4564208984375
1784890855897275136,16.79765009880066,-0.138031005859375,-0.0160980224609375,0.2354888916015625
1784890855907194112,16.80756902694702,-0.1114501953125,0.078033447265625,0.1066436767578125
1784890855917114368,16.81748914718628,-0.00665283203125,0.010406494140625,0.1262359619140625
1784890855927033088,16.82740807533264,0.08306884765625,-0.3035888671875,0.2464447021484375
1784890855936953344,16.8373281955719,0.0561981201171875,-0.6190948486328125,0.474700927734375
1784890855946872320,16.84724712371826,0.01055908203125,-0.7587127685546875,0.6080322265625
1784890855956792064,16.85716700553894,-0.019683837890625,-0.68353271484375,0.5526885986328125
1784890855966711296,16.867086172103882,-0.003173828125,-0.457977294921875,0.4220123291015625
1784890855976631040,16.87700605392456,0.107269287109375,-0.2916412353515625,0.3203125
1784890855986550272,16.886925220489502,0.2280426025390625,-0.256439208984375,0.303955078125
1784890855996470272,16.89684510231018,0.303619384765625,-0.3332061767578125,0.3536529541015625
1784890856006389248,16.906764030456543,0.3339080810546875,-0.458587646484375,0.4205322265625
1784890856016309248,16.9166841506958,0.3818511962890625,-0.477630615234375,0.3746795654296875
1784890856026228224,16.926603078842163,0.511138916015625,-0.4812774658203125,0.3518218994140625
1784890856036148224,16.93652319908142,0.6270294189453125,-0.531707763671875,0.3626861572265625
1784890856046067200,16.946442127227783,0.65850830078125,-0.6215362548828125,0.4658050537109375
1784890856055987200,16.956362009048462,0.5630950927734375,-0.8157501220703125,0.602325439453125
1784890856065906176,16.966281175613403,0.416656494140625,-0.8479156494140625,0.68609619140625
1784890856075826176,16.976201057434082,0.3545379638671875,-0.773651123046875,0.7733306884765625
1784890856085745152,16.986119985580444,0.36663818359375,-0.7866973876953125,0.91851806640625
1784890856095665152,16.996040105819702,0.31671142578125,-0.921142578125,1.2036590576171875
1784890856105584128,17.005959033966064,0.1402435302734375,-1.0493011474609375,1.5554351806640625
1784890856115504384,17.015879154205322,-0.044189453125,-1.0372161865234375,1.8044586181640625
1784890856125423104,17.025798082351685,-0.085845947265625,-0.9249267578125,1.92535400390625
1784890856135343360,17.035718202590942,-0.051361083984375,-0.863006591796875,2.0453033447265625
1784890856145262336,17.045637130737305,-0.072784423828125,-0.8542022705078125,2.193328857421875
1784890856155182080,17.055557012557983,-0.143951416015625,-0.8665618896484375,2.266937255859375
1784890856165101312,17.065476179122925,-0.094024658203125,-0.8441925048828125,2.144989013671875
1784890856175021056,17.075396060943604,0.032501220703125,-0.895294189453125,1.7875518798828125
1784890856184940032,17.085314989089966,-0.0366363525390625,-0.9969329833984375,1.510650634765625
1784890856194860288,17.095235109329224,0.02667236328125,-0.830078125,1.68658447265625
1784890856204779264,17.105154037475586,0.02734375,-1.2212371826171875,1.870697021484375
1784890856214699264,17.115074157714844,0.669647216796875,-1.2610931396484375,2.2156219482421875
1784890856224618240,17.124993085861206,0.1295623779296875,-0.4096221923828125,1.138580322265625
1784890856234538240,17.134913206100464,-0.48260498046875,-0.1147308349609375,1.396270751953125
1784890856244457216,17.144832134246826,0.1386260986328125,-0.8528900146484375,1.1493988037109375
1784890856254377216,17.154752016067505,0.0703887939453125,-1.091064453125,1.22296142578125
1784890856264296192,17.164671182632446,-0.1754302978515625,-1.04132080078125,1.2013092041015625
1784890856274216192,17.174591064453125,-0.1819915771484375,-1.0025787353515625,1.1278228759765625
1784890856284135168,17.184509992599487,-0.0598602294921875,-0.80377197265625,1.1549224853515625
1784890856294055168,17.194430112838745,-0.0613861083984375,-0.5720977783203125,1.008636474609375
1784890856303974144,17.204349040985107,-0.0557708740234375,-0.6365509033203125,0.872589111328125
1784890856313894144,17.214269161224365,-0.095703125,-0.7946624755859375,0.7959136962890625
1784890856323813120,17.224188089370728,-0.1375885009765625,-0.79998779296875,0.7093963623046875
1784890856333733376,17.234108209609985,-0.19207763671875,-0.703399658203125,0.5388336181640625
1784890856343652352,17.244027137756348,-0.1986236572265625,-0.6080322265625,0.5538787841796875
1784890856353572096,17.253947019577026,-0.205322265625,-0.5154876708984375,0.6107940673828125
1784890856363491328,17.263866186141968,-0.2305755615234375,-0.484344482421875,0.5634765625
1784890856373411072,17.273786067962646,-0.19244384765625,-0.6780242919921875,0.3966827392578125
1784890856383330048,17.28370499610901,-0.2045135498046875,-0.69677734375,0.35406494140625
1784890856393250304,17.293625116348267,-0.0796661376953125,-0.588775634765625,0.30938720703125
1784890856403169280,17.30354404449463,-0.155914306640625,-0.5861663818359375,0.158416748046875
1784890856413089280,17.313464164733887,-0.1761932373046875,-0.61614990234375,0.0986328125
1784890856423008256,17.32338309288025,-0.131927490234375,-0.8228912353515625,0.028533935546875
1784890856432928256,17.333303213119507,-0.069732666015625,-0.8763885498046875,0.02056884765625
1784890856442847232,17.34322214126587,-0.06817626953125,-0.7891693115234375,-0.0903472900390625
1784890856452767232,17.353142023086548,-0.0699310302734375,-0.7039794921875,-0.1499481201171875
1784890856462686208,17.36306118965149,-0.0134735107421875,-0.7320404052734375,-0.15838623046875
1784890856472606208,17.372981071472168,-0.02520751953125,-0.8334503173828125,-0.1335296630859375
1784890856482525184,17.38289999961853,0.0089111328125,-0.8885040283203125,-0.0207366943359375
1784890856492445184,17.392820119857788,-0.0345458984375,-0.991790771484375,-0.0477447509765625
1784890856502364160,17.40273904800415,-0.0919647216796875,-0.974456787109375,0.1258544921875
1784890856512284160,17.412659168243408,-0.0025634765625,-0.9018402099609375,0.2012939453125
1784890856522203136,17.42257809638977,0.1458740234375,-1.1229095458984375,0.0725555419921875
1784890856532123392,17.43249821662903,0.19683837890625,-1.182373046875,0.1449432373046875
1784890856542042368,17.44241714477539,0.1613006591796875,-1.1890869140625,0.1851654052734375
1784890856551962112,17.45233702659607,0.154632568359375,-1.18670654296875,0.1051177978515625
1784890856561881344,17.46225619316101,0.1354827880859375,-1.212249755859375,0.0670166015625
1784890856571801088,17.47217607498169,0.117919921875,-1.2503509521484375,0.2147216796875
1784890856581721344,17.482096195220947,0.2391357421875,-1.370391845703125,0.1820068359375
1784890856591640320,17.49201512336731,0.2901458740234375,-1.3810577392578125,0.1253662109375
1784890856601560064,17.50193500518799,0.26190185546875,-1.2321624755859375,0.09820556640625
1784890856611479296,17.51185417175293,0.226318359375,-1.14044189453125,0.0511474609375
1784890856621398272,17.521773099899292,0.2294158935546875,-1.2069244384765625,-0.079071044921875
1784890856631318272,17.53169322013855,0.3455963134765625,-1.2690582275390625,-0.093536376953125
1784890856641238272,17.54161310195923,0.360107421875,-1.331146240234375,-0.1384429931640625
1784890856651157248,17.55153203010559,0.3093109130859375,-1.178924560546875,-0.1469879150390625
1784890856661076224,17.561451196670532,0.2182464599609375,-1.0658111572265625,-0.102752685546875
1784890856670996224,17.57137107849121,0.17694091796875,-1.1048736572265625,-0.2076416015625
1784890856680916224,17.58129119873047,0.1365966796875,-1.2644195556640625,-0.3552398681640625
1784890856690835200,17.59121012687683,0.20550537109375,-1.35577392578125,-0.3642120361328125
1784890856700755200,17.60113000869751,0.29705810546875,-1.2800140380859375,-0.3989715576171875
1784890856710674176,17.61104917526245,0.2606964111328125,-1.107635498046875,-0.4825897216796875
1784890856720594176,17.62096905708313,0.20367431640625,-0.9727325439453125,-0.5789337158203125
1784890856730513152,17.630887985229492,0.1796417236328125,-0.932098388671875,-0.6851348876953125
1784890856740433152,17.64080810546875,0.2113037109375,-1.021759033203125,-0.7130584716796875
1784890856750352128,17.650727033615112,0.18731689453125,-1.0015106201171875,-0.6464385986328125
1784890856760272384,17.66064715385437,0.0355377197265625,-0.961181640625,-0.6739959716796875
1784890856770191104,17.670566082000732,-0.1205596923828125,-0.983428955078125,-0.6448822021484375
1784890856780111360,17.68048620223999,-0.15911865234375,-1.057525634765625,-0.5445556640625
1784890856790030336,17.690405130386353,-0.116424560546875,-1.1645965576171875,-0.3001556396484375
1784890856799950080,17.70032501220703,-0.0335693359375,-1.1990814208984375,-0.1435546875
1784890856809870592,17.710245370864868,-0.047393798828125,-1.365814208984375,-0.0328369140625
1784890856819790336,17.720165252685547,-0.1411895751953125,-1.5239715576171875,0.0970458984375
1784890856829709568,17.73008441925049,-0.1128082275390625,-1.61968994140625,0.1455230712890625
1784890856839629312,17.740004301071167,-0.0616455078125,-1.5583343505859375,0.1264190673828125
1784890856849548544,17.74992346763611,-0.02545166015625,-1.52264404296875,0.0720977783203125
1784890856859468544,17.759843349456787,0.00689697265625,-1.5405426025390625,0.0160675048828125
1784890856869387264,17.76976227760315,0.019073486328125,-1.5063629150390625,-0.0038604736328125
1784890856879307520,17.779682397842407,0.05816650390625,-1.4588623046875,-0.0406646728515625
1784890856889226496,17.78960132598877,0.0687713623046875,-1.4730682373046875,-0.0353546142578125
1784890856899146496,17.799521446228027,0.0826873779296875,-1.526763916015625,-0.1329193115234375
1784890856909065472,17.80944037437439,0.081695556640625,-1.612396240234375,-0.1859130859375
1784890856918985472,17.81936025619507,0.08428955078125,-1.6744232177734375,-0.192779541015625
1784890856928904448,17.82927942276001,0.1339874267578125,-1.747650146484375,-0.160430908203125
1784890856938824448,17.83919930458069,0.176849365234375,-1.7634124755859375,-0.2454986572265625
1784890856948743680,17.84911847114563,0.198028564453125,-1.7777099609375,-0.3383636474609375
1784890856958663424,17.85903835296631,0.1656494140625,-1.68701171875,-0.408721923828125
1784890856968582400,17.86895728111267,0.059814453125,-1.7175140380859375,-0.3898468017578125
1784890856978502400,17.87887740135193,-0.0236663818359375,-1.9015045166015625,-0.3323516845703125
1784890856988421376,17.88879632949829,-0.0867919921875,-1.8551025390625,-0.2127685546875
1784890856998341632,17.89871644973755,-0.1188812255859375,-1.7941741943359375,-0.182952880859375
1784890857008260608,17.90863537788391,0.06256103515625,-1.66961669921875,-0.2451019287109375
1784890857018180352,17.91855525970459,0.2548980712890625,-1.62213134765625,-0.1498565673828125
1784890857028099584,17.92847442626953,0.342071533203125,-1.7943878173828125,-0.0280914306640625
1784890857038019328,17.93839430809021,0.3464508056640625,-1.8819122314453125,0.1115264892578125
1784890857047938304,17.948313236236572,0.165985107421875,-1.88360595703125,0.132080078125
1784890857057858560,17.95823335647583,-0.02716064453125,-1.6916351318359375,0.1466064453125
1784890857067777280,17.968152284622192,0.017547607421875,-1.5258941650390625,0.1155853271484375
1784890857077697536,17.97807240486145,0.1018829345703125,-1.276153564453125,-0.0223541259765625
1784890857087616512,17.987991333007812,0.0257568359375,-0.9099578857421875,-0.171783447265625
1784890857097536512,17.99791145324707,-0.006378173828125,-0.573638916015625,-0.278900146484375
1784890857107455488,18.007830381393433,-0.17010498046875,-0.28466796875,-0.2852325439453125
1784890857117375488,18.01775026321411,-0.401641845703125,-0.0021820068359375,-0.2588043212890625
1784890857127294464,18.027669429779053,-0.4008941650390625,0.0604705810546875,-0.3312835693359375
1784890857137214464,18.03758931159973,-0.307525634765625,0.1500396728515625,-0.1398468017578125
1784890857147133440,18.047508239746094,-0.529815673828125,0.50341796875,0.0751953125
1784890857157053440,18.05742835998535,-0.3487396240234375,0.31640625,0.2161712646484375
1784890857166972416,18.067347288131714,-0.180816650390625,0.1200408935546875,0.17431640625
1784890857176892416,18.07726740837097,-0.417236328125,-0.08721923828125,0.093963623046875
1784890857186811392,18.087186336517334,-0.0121002197265625,0.19451904296875,0.062530517578125
1784890857196731648,18.097106456756592,0.442108154296875,0.1461029052734375,-0.178924560546875
1784890857206650368,18.107025384902954,0.3916778564453125,0.0460205078125,-0.5110321044921875
1784890857216570368,18.116945266723633,0.2102203369140625,0.2313385009765625,-0.74737548828125
1784890857226489600,18.126864433288574,0.072845458984375,0.182281494140625,-0.7882537841796875
1784890857236409344,18.136784315109253,0.18682861328125,0.136962890625,-0.6923370361328125
1784890857246328320,18.146703243255615,0.48974609375,0.0421142578125,-0.8743438720703125
1784890857256248576,18.156623363494873,0.661346435546875,-0.0588836669921875,-1.2843780517578125
1784890857266167296,18.166542291641235,0.9277191162109375,-0.4974517822265625,-1.8493804931640625
1784890857276087552,18.176462411880493,0.8571014404296875,-0.4741973876953125,-1.9754180908203125
1784890857286006528,18.186381340026855,0.7794036865234375,-0.3057403564453125,-2.0374755859375
1784890857295926528,18.196301460266113,0.909027099609375,-0.4845733642578125,-1.95867919921875
1784890857305845504,18.206220388412476,1.095611572265625,-0.6014556884765625,-2.0862579345703125
1784890857315765504,18.216140270233154,1.05023193359375,-0.6816253662109375,-1.99456787109375
1784890857325684480,18.226059436798096,1.05902099609375,-0.7441253662109375,-1.8114013671875
1784890857335604480,18.235979318618774,1.087158203125,-1.1120452880859375,-1.767364501953125
1784890857345523456,18.245898246765137,0.8725433349609375,-1.2030487060546875,-1.7207489013671875
1784890857355443456,18.255818367004395,0.8110504150390625,-1.3686370849609375,-1.6163787841796875
1784890857365362432,18.265737295150757,0.6796417236328125,-1.470489501953125,-1.4920806884765625
1784890857375282432,18.275657415390015,0.6417236328125,-1.3209381103515625,-1.44110107421875
1784890857385201408,18.285576343536377,0.6812286376953125,-1.2465667724609375,-1.38397216796875
1784890857395121664,18.295496463775635,0.6912994384765625,-1.307769775390625,-1.2997894287109375
1784890857405040384,18.305415391921997,0.6387481689453125,-1.3004302978515625,-1.260711669921875
1784890857414960384,18.315335273742676,0.602691650390625,-1.18231201171875,-1.248687744140625
1784890857424879616,18.325254440307617,0.6043853759765625,-0.9859161376953125,-1.1916961669921875
1784890857434799360,18.335174322128296,0.65081787109375,-0.8768310546875,-1.221710205078125
1784890857444718336,18.345093250274658,0.6917724609375,-0.9021759033203125,-1.1172637939453125
1784890857454638592,18.355013370513916,0.6629638671875,-1.0373687744140625,-1.000152587890625
1784890857464557312,18.36493229866028,0.615753173828125,-1.11297607421875,-0.86297607421875
1784890857474477568,18.374852418899536,0.5563507080078125,-1.1304473876953125,-0.7420654296875
1784890857484396544,18.3847713470459,0.5110015869140625,-1.065673828125,-0.7189483642578125
1784890857494316544,18.394691467285156,0.436248779296875,-1.0148162841796875,-0.6859283447265625
1784890857504235520,18.40461039543152,0.349578857421875,-1.058135986328125,-0.5874176025390625
1784890857514155264,18.414530277252197,0.3349456787109375,-1.2131195068359375,-0.449005126953125
1784890857524074496,18.42444944381714,0.3362579345703125,-1.3669891357421875,-0.2969207763671875
1784890857533994496,18.434369325637817,0.312469482421875,-1.3534393310546875,-0.3032379150390625
1784890857543913472,18.44428825378418,0.354461669921875,-1.0887451171875,-0.3180999755859375
1784890857553833472,18.454208374023438,0.3486785888671875,-0.906890869140625,-0.3175811767578125
1784890857563752448,18.4641273021698,0.2862091064453125,-0.92242431640625,-0.3359222412109375
1784890857573672448,18.474047422409058,0.28594970703125,-0.9727325439453125,-0.217498779296875
1784890857583591424,18.48396635055542,0.3360443115234375,-1.1300201416015625,-0.09564208984375
1784890857593511680,18.493886470794678,0.4125823974609375,-1.29644775390625,-0.037506103515625
1784890857603430400,18.50380539894104,0.5379180908203125,-1.2688446044921875,-0.1303558349609375
1784890857613350400,18.51372528076172,0.51092529296875,-1.187774658203125,-0.1872100830078125
1784890857623269632,18.52364444732666,0.4795989990234375,-1.1755828857421875,-0.3734893798828125
1784890857633189376,18.53356432914734,0.63739013671875,-1.076141357421875,-0.4248504638671875
1784890857643108352,18.5434832572937,0.7744293212890625,-1.0328216552734375,-0.5772857666015625
1784890857653028608,18.55340337753296,0.7023162841796875,-1.135162353515625,-0.61053466796875
1784890857662947328,18.56332230567932,0.558135986328125,-1.31829833984375,-0.537994384765625
1784890857672867584,18.57324242591858,0.5461883544921875,-1.31744384765625,-0.4817047119140625
1784890857682786560,18.58316135406494,0.4234771728515625,-1.33929443359375,-0.192047119140625
1784890857692706304,18.59308123588562,0.46307373046875,-1.418365478515625,-0.0030517578125
1784890857702625536,18.60300040245056,0.4191131591796875,-1.4149627685546875,-0.001129150390625
1784890857712545280,18.61292028427124,0.3995361328125,-1.3887786865234375,-0.12060546875
1784890857722465536,18.622840404510498,0.4416046142578125,-1.4771881103515625,-0.6399383544921875
1784890857732384512,18.63275933265686,0.54351806640625,-1.5013275146484375,-0.937103271484375
1784890857742303488,18.642678260803223,0.4650115966796875,-1.3865814208984375,-1.058502197265625
1784890857752223488,18.65259838104248,0.553131103515625,-1.1577911376953125,-0.9499359130859375
1784890857762143488,18.66251826286316,0.3260345458984375,-1.249969482421875,-0.971923828125
1784890857772062464,18.6724374294281,0.39886474609375,-1.3831939697265625,-0.832305908203125
1784890857781982464,18.68235731124878,0.452484130859375,-1.5884552001953125,-0.8162384033203125
1784890857791901440,18.69227623939514,0.504608154296875,-1.6419525146484375,-0.717681884765625
1784890857801821440,18.7021963596344,0.5959930419921875,-1.66827392578125,-0.7512969970703125
1784890857811739648,18.712114572525024,0.6546173095703125,-1.6873016357421875,-0.7275390625
1784890857821659904,18.722034692764282,0.74090576171875,-1.741241455078125,-0.6634979248046875
1784890857831578624,18.731953620910645,0.8162994384765625,-1.7423248291015625,-0.621795654296875
1784890857841498880,18.741873741149902,0.8614654541015625,-1.6705169677734375,-0.52862548828125
1784890857851417856,18.751792669296265,0.9063873291015625,-1.5703582763671875,-0.36627197265625
1784890857861337600,18.761712551116943,0.9159393310546875,-1.39727783203125,-0.249847412109375
1784890857871256832,18.771631717681885,0.9235076904296875,-1.10504150390625,-0.15850830078125
1784890857881176832,18.781551599502563,0.92999267578125,-0.711944580078125,-0.1197967529296875
1784890857891095552,18.791470527648926,0.9107208251953125,-0.2594146728515625,-0.106231689453125
1784890857901015808,18.801390647888184,0.89666748046875,0.1716766357421875,-0.1213531494140625
1784890857910934784,18.811309576034546,0.79937744140625,0.49761962890625,-0.096832275390625
1784890857920854784,18.821229696273804,0.6246185302734375,0.7242584228515625,-0.0597076416015625
1784890857930773760,18.831148624420166,0.498199462890625,0.804962158203125,-0.044952392578125
1784890857940693760,18.841068744659424,0.3202056884765625,0.755706787109375,-0.02587890625
1784890857950612736,18.850987672805786,0.1528167724609375,0.71978759765625,0.0562591552734375
1784890857960532736,18.860907554626465,0.018402099609375,0.628753662109375,0.063629150390625
1784890857970451712,18.870826721191406,-0.025299072265625,0.4889068603515625,0.0601348876953125
1784890857980371712,18.880746603012085,-0.0434417724609375,0.4042510986328125,0.112060546875
1784890857990290688,18.890665531158447,-0.065277099609375,0.3944549560546875,0.154815673828125
1784890858000210688,18.900585651397705,-0.1369476318359375,0.35980224609375,0.163177490234375
1784890858010129664,18.910504579544067,-0.267547607421875,0.3215179443359375,0.1619110107421875
1784890858020049920,18.920424699783325,-0.3442230224609375,0.330780029296875,0.1748809814453125
1784890858029968640,18.930343627929688,-0.3230743408203125,0.308135986328125,0.2007904052734375
1784890858039888896,18.940263748168945,-0.2629241943359375,0.2086029052734375,0.2012786865234375
1784890858049807872,18.950182676315308,-0.188323974609375,0.0895843505859375,0.162872314453125
1784890858059727616,18.960102558135986,-0.0939178466796875,-0.0531158447265625,0.1576995849609375
1784890858069646848,18.970021724700928,-0.000946044921875,-0.2550506591796875,0.1657867431640625
1784890858079566592,18.979941606521606,0.071380615234375,-0.47198486328125,0.195526123046875
1784890858089485568,18.98986053466797,0.127349853515625,-0.6640625,0.3394927978515625
1784890858099405824,18.999780654907227,0.167083740234375,-0.683349609375,0.5366668701171875
1784890858109324800,19.00969958305359,0.1465606689453125,-0.4840545654296875,0.56591796875
1784890858119244800,19.019619703292847,0.1125946044921875,-0.2262115478515625,0.473663330078125
1784890858129163776,19.02953863143921,0.10675048828125,-0.1010589599609375,0.34832763671875
1784890858139083776,19.039458751678467,0.103973388671875,-0.113922119140625,0.2312469482421875
1784890858149002752,19.04937767982483,0.1344757080078125,-0.182373046875,0.1725616455078125
1784890858158922752,19.059297561645508,0.2215118408203125,-0.300048828125,0.246826171875
1784890858168841728,19.06921672821045,0.2879180908203125,-0.4613189697265625,0.3809661865234375
1784890858178761728,19.079136610031128,0.2602081298828125,-0.501495361328125,0.4547576904296875
1784890858188680704,19.08905553817749,0.2365875244140625,-0.489349365234375,0.443145751953125
1784890858198600704,19.098975658416748,0.2108917236328125,-0.4947052001953125,0.3599853515625
1784890858208519680,19.10889458656311,0.1883697509765625,-0.510986328125,0.314361572265625
1784890858218439936,19.118814706802368,0.1805267333984375,-0.509521484375,0.3401031494140625
1784890858228358656,19.12873363494873,0.2244720458984375,-0.5147857666015625,0.4772491455078125
1784890858238278912,19.13865375518799,0.29498291015625,-0.620269775390625,0.7001495361328125
1784890858248197888,19.14857268333435,0.351043701171875,-0.78912353515625,0.87237548828125
1784890858258117632,19.15849256515503,0.3889007568359375,-0.961334228515625,0.9770965576171875
1784890858268036864,19.16841173171997,0.3887939453125,-1.034698486328125,1.0529327392578125
1784890858277956608,19.17833161354065,0.382110595703125,-0.998809814453125,1.0660247802734375
1784890858287875584,19.18825054168701,0.398590087890625,-0.9006805419921875,1.0407562255859375
1784890858297795840,19.19817066192627,0.4249267578125,-0.8901214599609375,1.1138458251953125
1784890858307714816,19.208089590072632,0.38916015625,-0.964263916015625,1.2645721435546875
1784890858317634816,19.21800971031189,0.3371124267578125,-1.059173583984375,1.3770751953125
1784890858327553792,19.227928638458252,0.307037353515625,-1.14312744140625,1.461456298828125
1784890858337473792,19.23784875869751,0.2086029052734375,-1.1811370849609375,1.55810546875
1784890858347392768,19.247767686843872,0.0539398193359375,-1.223541259765625,1.68206787109375
1784890858357312768,19.25768756866455,0.041900634765625,-1.29443359375,1.8227996826171875
1784890858367231744,19.267606735229492,0.026458740234375,-1.2222747802734375,1.958343505859375
1784890858377151744,19.27752661705017,-0.1356658935546875,-1.1508636474609375,2.0008697509765625
1784890858387070720,19.287445545196533,-0.2389068603515625,-1.028900146484375,2.0669403076171875
1784890858396990720,19.29736566543579,-0.24462890625,-1.3452911376953125,2.3884429931640625
1784890858406909696,19.307284593582153,0.467803955078125,-1.0435028076171875,2.4024810791015625
1784890858416829952,19.31720471382141,-0.1259918212890625,-0.2208404541015625,1.0643463134765625
1784890858426748672,19.327123641967773,-0.407562255859375,-0.2866668701171875,1.038787841796875
1784890858436668928,19.33704376220703,0.0650634765625,-0.981781005859375,1.0634918212890625
1784890858446587904,19.346962690353394,-0.208526611328125,-1.00885009765625,1.0526123046875
1784890858456507648,19.356882572174072,-0.418701171875,-0.74945068359375,1.24176025390625
1784890858466426880,19.366801738739014,-0.2619781494140625,-0.744903564453125,1.054931640625
1784890858476346624,19.376721620559692,-0.15093994140625,-0.7678070068359375,1.04083251953125
1784890858486265600,19.386640548706055,-0.101470947265625,-0.734832763671875,0.85101318359375
1784890858496185856,19.396560668945312,-0.0966644287109375,-0.798004150390625,0.6957244873046875
1784890858506104832,19.406479597091675,-0.0955352783203125,-0.951995849609375,0.538970947265625
1784890858516024832,19.416399717330933,-0.1343994140625,-1.0259857177734375,0.3377838134765625
1784890858525943808,19.426318645477295,-0.222625732421875,-0.9998321533203125,0.3030242919921875
1784890858535863552,19.436238527297974,-0.16632080078125,-0.8820343017578125,0.2108306884765625
1784890858545783808,19.44615864753723,-0.0699005126953125,-0.5567626953125,0.268646240234375
1784890858555702784,19.456077575683594,0.0027313232421875,-0.627471923828125,0.07598876953125
1784890858565621760,19.465996742248535,-0.198638916015625,-0.4535675048828125,0.0576934814453125
1784890858575541760,19.475916624069214,-0.0053253173828125,-0.4633941650390625,-0.0099639892578125
1784890858585460736,19.485835552215576,-0.1128387451171875,-0.5635986328125,-0.171295166015625
1784890858595380736,19.495755672454834,-0.1673736572265625,-0.6983795166015625,-0.1657257080078125
1784890858605299712,19.505674600601196,-0.183197021484375,-0.87188720703125,-0.1561279296875
1784890858615219712,19.515594720840454,-0.1347198486328125,-1.002532958984375,-0.1104583740234375
1784890858625139712,19.525514602661133,-0.058624267578125,-1.0152587890625,-0.0855865478515625
1784890858635058688,19.535433530807495,-0.057464599609375,-1.0432586669921875,-0.2022705078125
1784890858644978688,19.545353651046753,-0.0297698974609375,-0.9429473876953125,-0.1267242431640625
1784890858654897664,19.555272579193115,-0.013397216796875,-0.9166107177734375,-0.03253173828125
1784890858664817920,19.565192699432373,-0.0703277587890625,-0.9369354248046875,-0.0939178466796875
1784890858674736640,19.575111627578735,0.0228424072265625,-1.1080780029296875,-0.00823974609375
1784890858684656896,19.585031747817993,0.0648345947265625,-1.2333221435546875,0.061981201171875
1784890858694575872,19.594950675964355,0.07818603515625,-1.2066192626953125,0.1576385498046875
1784890858704495616,19.604870557785034,0.0344696044921875,-1.2044525146484375,0.186553955078125
1784890858714414848,19.614789724349976,0.1782989501953125,-1.1829681396484375,0.1585693359375
1784890858724334592,19.624709606170654,0.262542724609375,-1.1197509765625,0.2113037109375
1784890858734253568,19.634628534317017,0.2579803466796875,-1.135955810546875,0.153167724609375
1784890858744173824,19.644548654556274,0.1959228515625,-1.108917236328125,0.1883697509765625
1784890858754092800,19.654467582702637,0.18402099609375,-1.1613311767578125,0.112945556640625
1784890858764012800,19.664387702941895,0.238494873046875,-1.14971923828125,0.2189178466796875
1784890858773931776,19.674306631088257,0.2659759521484375,-1.26507568359375,0.209716796875
1784890858783851776,19.684226751327515,0.296722412109375,-1.4256591796875,0.224090576171875
1784890858793770752,19.694145679473877,0.2252960205078125,-1.393310546875,0.1594085693359375
1784890858803690752,19.704065561294556,0.276153564453125,-1.3432159423828125,0.0351715087890625
1784890858813610496,19.713985443115234,0.3907318115234375,-1.3300933837890625,-0.0906829833984375
1784890858823530496,19.723905324935913,0.3818359375,-1.2328643798828125,-0.1830902099609375
1784890858833449472,19.733824253082275,0.3284759521484375,-1.1396484375,-0.2675933837890625
1784890858843369472,19.743744373321533,0.2535552978515625,-1.138214111328125,-0.385894775390625
1784890858853288448,19.753663301467896,0.142425537109375,-1.16168212890625,-0.428863525390625
1784890858863208448,19.763583421707153,0.0275726318359375,-1.1923828125,-0.476348876953125
1784890858873127424,19.773502349853516,-0.00494384765625,-1.233245849609375,-0.5377044677734375
1784890858883047680,19.783422470092773,-0.0092620849609375,-1.1950531005859375,-0.5166168212890625
1784890858892966400,19.793341398239136,-0.0343780517578125,-1.0473785400390625,-0.551300048828125
1784890858902886400,19.803261280059814,0.007080078125,-0.9615020751953125,-0.4642181396484375
1784890858912805632,19.813180446624756,-0.06451416015625,-1.09808349609375,-0.4871368408203125
1784890858922725376,19.823100328445435,-0.1806488037109375,-1.10662841796875,-0.44390869140625
1784890858932644352,19.833019256591797,-0.2122344970703125,-1.0713348388671875,-0.4300079345703125
1784890858942564608,19.842939376831055,-0.1477203369140625,-1.1353302001953125,-0.421844482421875
1784890858952483328,19.852858304977417,-0.0441436767578125,-1.2797088623046875,-0.4293060302734375
1784890858962403584,19.862778425216675,0.043914794921875,-1.4229736328125,-0.4452972412109375
1784890858972322560,19.872697353363037,0.02325439453125,-1.46533203125,-0.400482177734375
1784890858982242304,19.882617235183716,-0.0531158447265625,-1.4430999755859375,-0.4143218994140625
1784890858992161536,19.892536401748657,-0.116912841796875,-1.3370208740234375,-0.3893890380859375
1784890859002081280,19.902456283569336,-0.09222412109375,-1.254425048828125,-0.41748046875
1784890859012000512,19.912375450134277,-0.00933837890625,-1.220245361328125,-0.4356536865234375
1784890859021920512,19.922295331954956,0.1368865966796875,-1.2599334716796875,-0.3797149658203125
1784890859031839488,19.93221426010132,0.1005096435546875,-1.2581634521484375,-0.32110595703125
1784890859041759488,19.942134380340576,-0.013763427734375,-1.1768341064453125,-0.28497314453125
1784890859051678464,19.95205330848694,-0.058685302734375,-1.134490966796875,-0.2588958740234375
1784890859061598464,19.961973428726196,-0.032257080078125,-1.167266845703125,-0.2003173828125
1784890859071517440,19.97189235687256,-0.0408782958984375,-1.2960662841796875,-0.1760101318359375
1784890859081437440,19.981812238693237,-0.0398101806640625,-1.5011444091796875,-0.247344970703125
1784890859091356416,19.99173140525818,-0.0311737060546875,-1.5828399658203125,-0.326416015625
1784890859101276416,20.001651287078857,-0.0174560546875,-1.4326934814453125,-0.336517333984375
1784890859111195648,20.0115704536438,0.0823516845703125,-1.4695281982421875,-0.2545928955078125
1784890859121115392,20.021490335464478,0.117340087890625,-1.6500091552734375,-0.0784912109375
1784890859131034368,20.03140926361084,0.117340087890625,-1.8398895263671875,-0.009735107421875
1784890859140954368,20.041329383850098,0.1876678466796875,-1.9229583740234375,0.01806640625
1784890859150873344,20.05124831199646,0.18096923828125,-1.8752288818359375,-0.041229248046875
1784890859160793600,20.061168432235718,0.192047119140625,-1.751495361328125,-0.0512542724609375
1784890859170712576,20.07108736038208,0.144775390625,-1.916534423828125,-0.0727081298828125
1784890859180632320,20.08100724220276,0.1809844970703125,-2.114013671875,-0.114501953125
1784890859190551552,20.0909264087677,0.3895111083984375,-2.1068267822265625,-0.09320068359375
1784890859200471296,20.10084629058838,0.425994873046875,-1.878387451171875,-0.1452178955078125
1784890859210390528,20.11076545715332,0.32489013671875,-1.937896728515625,-0.0462493896484375
1784890859220310528,20.120685338974,0.3460845947265625,-2.2885894775390625,-0.0481414794921875
1784890859230229504,20.13060426712036,0.365570068359375,-2.222564697265625,-0.0732421875
1784890859240149504,20.14052438735962,0.3666839599609375,-1.6049957275390625,-0.1070556640625
1784890859250068480,20.15044331550598,0.2500152587890625,-1.1579742431640625,-0.2462615966796875
1784890859259988480,20.16036343574524,0.1608734130859375,-1.1488800048828125,-0.27203369140625
1784890859269907456,20.1702823638916,0.0523529052734375,-1.064666748046875,-0.2161712646484375
1784890859279827456,20.18020224571228,-0.024810791015625,-0.972808837890625,-0.2884674072265625
1784890859289746432,20.19012141227722,-0.2365570068359375,-0.810943603515625,-0.3386383056640625
1784890859299666432,20.2000412940979,-0.2707366943359375,-0.2987823486328125,-0.1719207763671875
1784890859309586432,20.209961414337158,-0.582733154296875,0.0167694091796875,-0.1492462158203125
1784890859319505408,20.21988034248352,-0.482513427734375,-0.0133209228515625,0.0164947509765625
1784890859329425664,20.22980046272278,-0.4583587646484375,0.075653076171875,0.283050537109375
1784890859339344384,20.23971939086914,-0.3309326171875,0.383758544921875,0.462890625
1784890859349264384,20.24963927268982,-0.326873779296875,0.5303497314453125,0.2043304443359375
1784890859359183616,20.25955843925476,-0.391510009765625,0.30999755859375,0.3039093017578125
1784890859369103360,20.26947832107544,-0.4315338134765625,0.439361572265625,0.2792816162109375
1784890859379022336,20.2793972492218,0.014984130859375,0.64141845703125,-0.029693603515625
1784890859388942592,20.28931736946106,0.5867156982421875,0.574005126953125,-0.2286529541015625
1784890859398861312,20.299236297607422,0.891815185546875,0.4651641845703125,-0.4292449951171875
1784890859408781568,20.30915641784668,0.33282470703125,0.321807861328125,-0.56756591796875
1784890859418700544,20.319075345993042,0.3350830078125,0.1753387451171875,-0.7994842529296875
1784890859428620544,20.3289954662323,0.4365081787109375,0.3181610107421875,-1.2149810791015625
1784890859438539520,20.338914394378662,0.6683807373046875,0.1932220458984375,-1.448394775390625
1784890859448459264,20.34883427619934,1.1207275390625,0.13360595703125,-1.66241455078125
1784890859458378496,20.358753442764282,1.5608367919921875,0.2978363037109375,-1.7707061767578125
1784890859468298496,20.36867332458496,1.449127197265625,0.0742645263671875,-2.1704559326171875
1784890859478217472,20.378592252731323,0.8816986083984375,-0.4948883056640625,-2.354278564453125
1784890859488137472,20.38851237297058,0.70281982421875,-0.4136505126953125,-2.3270111083984375
1784890859498056448,20.398431301116943,1.047271728515625,-0.5070343017578125,-2.3661346435546875
1784890859507976448,20.4083514213562,1.0660552978515625,-0.5087738037109375,-2.1850433349609375
1784890859517895424,20.418270349502563,1.0856781005859375,-0.7886199951171875,-1.93988037109375
1784890859527815680,20.42819046974182,0.8799591064453125,-1.190826416015625,-1.743988037109375
1784890859537734400,20.438109397888184,0.8048553466796875,-1.1485137939453125,-1.6663360595703125
1784890859547654400,20.448029279708862,0.7489166259765625,-1.066497802734375,-1.4619293212890625
1784890859557573632,20.457948446273804,0.8446044921875,-1.226531982421875,-1.3190460205078125
1784890859567493376,20.467868328094482,0.890228271484375,-1.289459228515625,-1.247344970703125
1784890859577412352,20.477787256240845,0.880279541015625,-1.2244720458984375,-1.1754608154296875
1784890859587332608,20.487707376480103,0.772369384765625,-1.2507171630859375,-1.041351318359375
1784890859597251328,20.497626304626465,0.6006927490234375,-1.3124542236328125,-0.9173736572265625
1784890859607171584,20.507546424865723,0.58404541015625,-1.3355712890625,-0.8548431396484375
1784890859617090560,20.517465353012085,0.6115570068359375,-1.2412872314453125,-0.9249725341796875
1784890859627010304,20.527385234832764,0.53729248046875,-1.1029815673828125,-0.9867095947265625
1784890859636929536,20.537304401397705,0.4787750244140625,-1.0522003173828125,-1.0080413818359375
1784890859646849280,20.547224283218384,0.512725830078125,-1.047454833984375,-0.9995880126953125
1784890859656768512,20.557143449783325,0.5796356201171875,-1.014373779296875,-0.9621734619140625
1784890859666688512,20.567063331604004,0.6259002685546875,-0.9806671142578125,-0.9696044921875
1784890859676607488,20.576982259750366,0.6212615966796875,-0.968017578125,-0.93096923828125
1784890859686527488,20.586902379989624,0.572906494140625,-1.0280303955078125,-0.8546295166015625
1784890859696446464,20.596821308135986,0.611236572265625,-1.1547088623046875,-0.6919403076171875
1784890859706366464,20.606741428375244,0.6849517822265625,-1.290771484375,-0.564178466796875
1784890859716285440,20.616660356521606,0.7035675048828125,-1.298126220703125,-0.491912841796875
1784890859726205440,20.626580238342285,0.7128753662109375,-1.2542877197265625,-0.434600830078125
1784890859736124416,20.636499404907227,0.6776275634765625,-1.2595977783203125,-0.370880126953125
1784890859746044416,20.646419286727905,0.61004638671875,-1.3644256591796875,-0.29681396484375
1784890859755963648,20.656338453292847,0.5751953125,-1.4250030517578125,-0.2157135009765625
1784890859765883392,20.666258335113525,0.5952606201171875,-1.430999755859375,-0.1371612548828125
1784890859775802368,20.676177263259888,0.5121612548828125,-1.472442626953125,-0.0572052001953125
1784890859785722368,20.686097383499146,0.382110595703125,-1.4742584228515625,-0.0287933349609375
1784890859795642368,20.696017265319824,0.4582672119140625,-1.34295654296875,-0.0076141357421875
1784890859805561600,20.705936431884766,0.5004119873046875,-1.2340545654296875,-0.1037445068359375
1784890859815481856,20.715856790542603,0.5063323974609375,-1.117767333984375,-0.1617431640625
1784890859825401088,20.725775957107544,0.5627899169921875,-0.984375,-0.175537109375
1784890859835320832,20.735695838928223,0.70526123046875,-0.8678741455078125,-0.244140625
1784890859845239808,20.745614767074585,0.77374267578125,-0.8018035888671875,-0.278594970703125
1784890859855160064,20.755534887313843,0.7250213623046875,-0.678741455078125,-0.3201751708984375
1784890859865079040,20.765453815460205,0.6599578857421875,-0.6616363525390625,-0.285369873046875
1784890859874999040,20.775373935699463,0.607208251953125,-0.690338134765625,-0.170135498046875
1784890859884918016,20.785292863845825,0.5477294921875,-0.70892333984375,-0.1098480224609375
1784890859894837760,20.795212745666504,0.5117340087890625,-0.5131988525390625,-0.12225341796875
1784890859904756992,20.805131912231445,0.3703765869140625,-0.28167724609375,-0.262939453125
1784890859914676992,20.815051794052124,0.273834228515625,-0.235687255859375,-0.4054718017578125
1784890859924595968,20.824970960617065,0.2877197265625,-0.3704376220703125,-0.468658447265625
1784890859934515968,20.834890842437744,0.277435302734375,-0.6337890625,-0.4158172607421875
1784890859944434944,20.844809770584106,0.170684814453125,-0.83245849609375,-0.4747314453125
1784890859954354944,20.854729890823364,0.21942138671875,-0.7239227294921875,-0.5487213134765625
1784890859964273920,20.864648818969727,0.2680511474609375,-0.74005126953125,-0.6480865478515625
1784890859974194176,20.874568939208984,0.259521484375,-0.908111572265625,-0.882843017578125
1784890859984112896,20.884487867355347,0.180755615234375,-1.275146484375,-1.0362396240234375
1784890859994032896,20.894407749176025,0.147735595703125,-1.6763153076171875,-1.0390625
1784890860003952128,20.904326915740967,0.56072998046875,-1.7437286376953125,-1.1267242431640625
1784890860013871872,20.914246797561646,0.9869842529296875,-1.643463134765625,-1.1567535400390625
1784890860023791104,20.924165964126587,1.1191558837890625,-1.6486663818359375,-1.260650634765625
1784890860033710848,20.934085845947266,1.2338714599609375,-1.6181793212890625,-1.331939697265625
1784890860043629824,20.944004774093628,1.404510498046875,-1.626068115234375,-1.366668701171875
1784890860053550080,20.953924894332886,1.5201416015625,-1.69708251953125,-1.358642578125
1784890860063469056,20.963843822479248,1.4842071533203125,-1.59222412109375,-1.4950408935546875
1784890860073389056,20.973763942718506,1.444366455078125,-1.4082794189453125,-1.67376708984375
1784890860083308032,20.983682870864868,1.4458160400390625,-1.325286865234375,-1.7143402099609375
1784890860093227776,20.993602752685547,1.4926910400390625,-1.3483428955078125,-1.6700439453125
1784890860103147008,21.00352191925049,1.4569244384765625,-1.331817626953125,-1.5142669677734375
1784890860113067008,21.013441801071167,1.4342041015625,-1.3417510986328125,-1.404876708984375
1784890860122985984,21.02336096763611,1.4530487060546875,-1.41552734375,-1.259552001953125
1784890860132905984,21.033280849456787,1.4773406982421875,-1.42840576171875,-1.1326446533203125
1784890860142824960,21.04319977760315,1.5096282958984375,-1.3473358154296875,-1.0104827880859375
1784890860152744960,21.053119897842407,1.5502471923828125,-1.16473388671875,-0.89190673828125
1784890860162663936,21.06303882598877,1.5993499755859375,-0.933380126953125,-0.825714111328125
1784890860172583936,21.072958946228027,1.5963592529296875,-0.755859375,-0.771697998046875
1784890860182502912,21.08287787437439,1.5441131591796875,-0.669464111328125,-0.694580078125
1784890860192422912,21.09279775619507,1.487579345703125,-0.603851318359375,-0.552886962890625
1784890860202342144,21.10271692276001,1.494049072265625,-0.518280029296875,-0.3994903564453125
1784890860212261888,21.11263680458069,1.523193359375,-0.3978729248046875,-0.2350311279296875
1784890860222181120,21.12255597114563,1.4888458251953125,-0.2331390380859375,-0.0601806640625
1784890860232100864,21.13247585296631,1.3893585205078125,-0.0821990966796875,0.047149658203125
1784890860242019840,21.14239478111267,1.289947509765625,-0.009063720703125,0.0780792236328125
1784890860251940096,21.15231490135193,1.2101898193359375,-0.1007080078125,0.079132080078125
1784890860261858816,21.16223382949829,1.17425537109375,-0.1561279296875,0.0877838134765625
1784890860271779072,21.17215394973755,1.1880340576171875,-0.1219329833984375,0.049468994140625
1784890860281698048,21.18207287788391,1.2199249267578125,-0.051788330078125,0.0517578125
1784890860291617792,21.19199275970459,1.2530670166015625,-0.005645751953125,0.1273651123046875
1784890860301537024,21.20191192626953,1.2848968505859375,0.010284423828125,0.195068359375
1784890860311457024,21.21183180809021,1.3526458740234375,-0.068115234375,0.13409423828125
1784890860321377024,21.221751928329468,1.467193603515625,-0.1831512451171875,0.0084686279296875
1784890860331296000,21.23167085647583,1.62164306640625,-0.2562255859375,-0.1120758056640625
1784890860341215744,21.24159073829651,1.80059814453125,-0.1944732666015625,-0.152923583984375
1784890860351134976,21.25150990486145,1.9017333984375,-0.0518798828125,-0.0881195068359375
1784890860361054976,21.26142978668213,1.84710693359375,0.159423828125,0.0183868408203125
1784890860370973952,21.27134895324707,1.6873931884765625,0.387725830078125,-0.0319976806640625
1784890860380893952,21.28126883506775,1.6210784912109375,0.5867919921875,-0.156097412109375
1784890860390812928,21.29118776321411,1.656341552734375,0.751556396484375,-0.1836395263671875
1784890860400732928,21.30110788345337,1.69189453125,0.772064208984375,-0.1969146728515625
1784890860410651904,21.31102681159973,1.7063140869140625,0.69598388671875,-0.1526031494140625
1784890860420572160,21.32094693183899,1.80780029296875,0.7386627197265625,-0.055938720703125
1784890860430490880,21.33086585998535,1.9432525634765625,0.8483428955078125,-0.0317535400390625
1784890860440410880,21.34078574180603,1.910003662109375,1.024749755859375,-0.12713623046875
1784890860450330112,21.35070490837097,1.66070556640625,1.37725830078125,-0.239410400390625
1784890860460249856,21.36062479019165,1.3377838134765625,1.7470703125,-0.2958831787109375
1784890860470169088,21.370543956756592,1.0791015625,1.911590576171875,-0.3164520263671875
1784890860480088832,21.38046383857727,0.963409423828125,1.842254638671875,-0.2825164794921875
1784890860490007808,21.390382766723633,0.988250732421875,1.5428009033203125,-0.161834716796875
1784890860499928064,21.40030288696289,1.101348876953125,0.8848419189453125,-0.1129608154296875
1784890860509847040,21.410221815109253,1.1308441162109375,0.2530517578125,-0.0368194580078125
1784890860519767040,21.42014193534851,1.18072509765625,0.455230712890625,-0.47454833984375
1784890860529686016,21.430060863494873,1.8714447021484375,2.112518310546875,-1.00274658203125
1784890860539605760,21.43998074531555,1.5341339111328125,3.3919525146484375,-1.4423980712890625
1784890860549524992,21.449899911880493,0.1549224853515625,2.65716552734375,-1.76348876953125
1784890860559444992,21.459819793701172,0.727294921875,2.327850341796875,-0.9891204833984375
1784890860569363968,21.469738960266113,1.7326812744140625,2.425537109375,-1.13104248046875
1784890860579283968,21.479658842086792,1.3563079833984375,1.73095703125,-1.1988677978515625
1784890860589202944,21.489577770233154,0.665069580078125,1.0250091552734375,-1.1475372314453125
1784890860599122944,21.499497890472412,0.38800048828125,0.7802886962890625,-0.7730560302734375
1784890860609041920,21.509416818618774,0.5047607421875,0.9581756591796875,-0.4702606201171875
1784890860618962176,21.519336938858032,0.959320068359375,1.0648040771484375,-0.4604034423828125
1784890860628880896,21.529255867004395,0.3236083984375,0.679290771484375,-1.022216796875
1784890860638800896,21.539175748825073,0.2311553955078125,1.1988372802734375,-0.7811279296875
1784890860648720128,21.549094915390015,0.4387054443359375,1.1143798828125,-0.9956207275390625
1784890860658639872,21.559014797210693,0.44683837890625,0.90185546875,-0.86944580078125
1784890860668559104,21.568933963775635,0.7837371826171875,0.8757476806640625,-0.67572021484375
1784890860678478848,21.578853845596313,0.90863037109375,0.671112060546875,-0.656097412109375
1784890860688397824,21.588772773742676,0.76324462890625,0.5258331298828125,-0.6300201416015625
1784890860698318080,21.598692893981934,0.5398712158203125,0.454559326171875,-0.387451171875
1784890860708237056,21.608611822128296,0.5003662109375,0.2523345947265625,-0.42950439453125
1784890860718157056,21.618531942367554,0.5402069091796875,0.0879364013671875,-0.4164886474609375
1784890860728076032,21.628450870513916,0.6340789794921875,0.0507049560546875,-0.4302215576171875
1784890860737995776,21.638370752334595,0.6908721923828125,0.1299591064453125,-0.3617401123046875
1784890860747915008,21.648289918899536,0.6446533203125,0.171539306640625,-0.378875732421875
1784890860757835008,21.658209800720215,0.6795806884765625,0.2523040771484375,-0.29150390625
1784890860767755008,21.668129920959473,0.6215057373046875,0.14483642578125,-0.2676544189453125
1784890860777673984,21.678048849105835,0.566009521484375,0.0409393310546875,-0.1851806640625
1784890860787593984,21.687968969345093,0.638336181640625,-0.1258392333984375,-0.02862548828125
1784890860797512960,21.697887897491455,0.6812591552734375,-0.4305267333984375,0.1209564208984375
1784890860807432960,21.707807779312134,0.8036956787109375,-0.645538330078125,0.1732025146484375
1784890860817351936,21.717726707458496,1.0295867919921875,-0.844024658203125,0.162811279296875
1784890860827271936,21.727646827697754,1.243316650390625,-0.958404541015625,0.153076171875
1784890860837190912,21.737565755844116,1.3367462158203125,-0.9213714599609375,-0.067962646484375
1784890860847110656,21.747485637664795,1.3354339599609375,-0.7303009033203125,-0.266632080078125
1784890860857029888,21.757404804229736,1.3233642578125,-0.3410797119140625,-0.469207763671875
1784890860866949888,21.767324686050415,1.1605224609375,-0.058868408203125,-0.5803680419921875
1784890860876868608,21.777243614196777,1.0395355224609375,0.0832977294921875,-0.5335693359375
1784890860886788864,21.787163734436035,1.123321533203125,-0.1509246826171875,-0.391693115234375
1784890860896707840,21.797082662582397,1.28839111328125,-0.6310882568359375,-0.36956787109375
1784890860906627840,21.807002782821655,1.335723876953125,-0.798492431640625,-0.1239471435546875
1784890860916546816,21.816921710968018,1.44091796875,-0.9776611328125,-0.06500244140625
1784890860926466816,21.826841831207275,1.481353759765625,-1.131378173828125,0.094482421875
1784890860936385792,21.836760759353638,1.487060546875,-1.1448974609375,0.16229248046875
1784890860946305792,21.846680641174316,1.378387451171875,-0.9515533447265625,0.05987548828125
1784890860956225024,21.856599807739258,1.37933349609375,-0.80908203125,0.08349609375
1784890860966144768,21.866519689559937,1.5367584228515625,-0.73114013671875,0.0431976318359375
1784890860976063744,21.8764386177063,1.7030181884765625,-0.69403076171875,0.0630950927734375
1784890860985983744,21.886358737945557,1.720062255859375,-0.957855224609375,0.145721435546875
1784890860995902720,21.89627766609192,1.6461181640625,-1.4042510986328125,0.1875
1784890861005822976,21.906197786331177,1.566192626953125,-1.772979736328125,0.2701263427734375
1784890861015741952,21.91611671447754,1.5949554443359375,-2.283050537109375,0.2895660400390625
1784890861025661952,21.926036834716797,1.7661590576171875,-2.9019317626953125,0.160797119140625
1784890861035580928,21.93595576286316,1.8944244384765625,-3.0817108154296875,-0.0421905517578125
1784890861045500672,21.945875644683838,1.86572265625,-2.960235595703125,-0.3913116455078125
1784890861055419904,21.95579481124878,1.7328643798828125,-2.7353668212890625,-0.6894073486328125
1784890861065339904,21.965714693069458,1.616668701171875,-2.4492645263671875,-0.8577880859375
1784890861075258624,21.97563362121582,1.5298919677734375,-2.2393341064453125,-0.997467041015625
1784890861085178880,21.985553741455078,1.262786865234375,-2.063140869140625,-0.8625640869140625
1784890861095097856,21.99547266960144,0.93096923828125,-1.93255615234375,-0.8377685546875
1784890861105017856,22.0053927898407,0.911712646484375,-1.4073028564453125,-0.623382568359375
1784890861114936832,22.01531171798706,1.0086517333984375,-0.8067779541015625,-0.6416015625
1784890861124856832,22.02523183822632,1.0667266845703125,-0.33270263671875,-0.4903106689453125
1784890861134775808,22.03515076637268,1.0489044189453125,-0.2455596923828125,-0.04888916015625
1784890861144695808,22.04507064819336,0.842559814453125,-0.2110595703125,-0.0770111083984375
1784890861154615040,22.0549898147583,0.5913543701171875,0.1065521240234375,0.0623016357421875
1784890861164534784,22.06490969657898,0.3561859130859375,0.1919403076171875,0.1296234130859375
1784890861174455040,22.074829816818237,0.486572265625,0.328857421875,0.188201904296875
1784890861184373760,22.0847487449646,0.935150146484375,0.278961181640625,0.3152008056640625
1784890861194293760,22.09466862678528,0.9211273193359375,0.1631317138671875,0.272430419921875
1784890861204212992,22.10458779335022,0.9757232666015625,-0.036865234375,0.208343505859375
1784890861214132736,22.1145076751709,1.3877716064453125,-0.4599456787109375,0.2866668701171875
1784890861224051968,22.12442684173584,2.107269287109375,-0.320587158203125,0.0312652587890625
1784890861233971712,22.13434672355652,1.577178955078125,-0.2014617919921875,-0.1063079833984375
1784890861243890688,22.14426565170288,1.14190673828125,-0.366363525390625,-0.322357177734375
1784890861253810944,22.15418577194214,1.446441650390625,-0.59893798828125,-0.417022705078125
1784890861263729920,22.1641047000885,1.53607177734375,0.019683837890625,-0.616180419921875
1784890861273649920,22.17402482032776,1.5925750732421875,-0.119659423828125,-0.5595245361328125
1784890861283568896,22.18394374847412,1.519927978515625,-0.762603759765625,-0.27618408203125
1784890861293488640,22.1938636302948,1.5218048095703125,-0.7520904541015625,-0.212493896484375
1784890861303407872,22.20378279685974,1.4983367919921875,-0.5988006591796875,-0.3182373046875
1784890861313327872,22.21370267868042,1.3867950439453125,-0.5186920166015625,-0.3343048095703125
1784890861323246848,22.22362184524536,1.39788818359375,-0.496734619140625,-0.240478515625
1784890861333166848,22.23354172706604,1.4365081787109375,-0.6178436279296875,-0.1805267333984375
1784890861343085824,22.243460655212402,1.1671905517578125,-0.7770843505859375,-0.248626708984375
1784890861353005824,22.25338077545166,1.0548858642578125,-0.700286865234375,-0.044403076171875
1784890861362924800,22.263299703598022,1.0748291015625,-0.4751434326171875,-0.090667724609375
1784890861372845056,22.27321982383728,1.1222381591796875,-0.316558837890625,-0.110076904296875
1784890861382763776,22.283138751983643,1.13409423828125,-0.361480712890625,-0.0717620849609375
1784890861392683776,22.29305863380432,1.0086669921875,-0.3333740234375,0.1647491455078125
1784890861402603008,22.302977800369263,0.864593505859375,-0.260528564453125,0.269683837890625
1784890861412522752,22.31289768218994,0.771759033203125,-0.110870361328125,0.2884521484375
1784890861422441728,22.322816610336304,0.639190673828125,-0.034576416015625,0.2471923828125
1784890861432361728,22.33273673057556,0.7041015625,0.066619873046875,0.5131072998046875
1784890861442280704,22.342655658721924,0.6326141357421875,0.0203094482421875,0.589599609375
1784890861452200960,22.35257577896118,0.772216796875,-0.0222625732421875,0.789764404296875
1784890861462119936,22.362494707107544,0.710174560546875,0.1012725830078125,0.87530517578125
1784890861472039936,22.3724148273468,0.600494384765625,-0.0149078369140625,0.8164215087890625
1784890861481958912,22.382333755493164,0.482696533203125,-0.100189208984375,0.8048248291015625
1784890861491878656,22.392253637313843,0.48858642578125,-0.008880615234375,0.8072967529296875
1784890861501797888,22.402172803878784,0.396881103515625,0.1434783935546875,0.7733306884765625
1784890861511717888,22.412092685699463,0.356719970703125,0.247283935546875,0.7295379638671875
1784890861521636608,22.422011613845825,0.34991455078125,0.296234130859375,0.7800140380859375
1784890861531556864,22.431931734085083,0.3896636962890625,0.3450164794921875,0.8303375244140625
1784890861541475840,22.441850662231445,0.4210052490234375,0.3812713623046875,0.8936920166015625
1784890861551395840,22.451770782470703,0.4588470458984375,0.349029541015625,1.00653076171875
1784890861561314816,22.461689710617065,0.3365020751953125,0.285919189453125,1.0464019775390625
1784890861571234816,22.471609830856323,0.249725341796875,0.329437255859375,1.0291290283203125
1784890861581154816,22.481529712677002,0.24212646484375,0.4005126953125,0.9378814697265625
1784890861591073792,22.491448640823364,0.2687530517578125,0.4701385498046875,0.8961639404296875
1784890861600993792,22.501368761062622,0.2975311279296875,0.445587158203125,0.875152587890625
1784890861610912768,22.511287689208984,0.294036865234375,0.40960693359375,0.912811279296875
1784890861620833024,22.521207809448242,0.296142578125,0.426300048828125,0.8910369873046875
1784890861630751744,22.531126737594604,0.29742431640625,0.4777679443359375,0.8455657958984375
1784890861640671744,22.541046619415283,0.3094329833984375,0.535736083984375,0.8338623046875
1784890861650590976,22.550965785980225,0.333038330078125,0.54217529296875,0.8362579345703125
1784890861660510720,22.560885667800903,0.299041748046875,0.5030364990234375,0.87823486328125
1784890861670429952,22.570804834365845,0.2569427490234375,0.45391845703125,0.88067626953125
1784890861680349952,22.580724716186523,0.25372314453125,0.44976806640625,0.848175048828125
1784890861690268672,22.590643644332886,0.282867431640625,0.52215576171875,0.8170623779296875
1784890861700188928,22.600563764572144,0.336669921875,0.6186370849609375,0.7674713134765625
1784890861710107904,22.610482692718506,0.363494873046875,0.678558349609375,0.711456298828125
1784890861720027904,22.620402812957764,0.361572265625,0.694793701171875,0.63055419921875
1784890861729946880,22.630321741104126,0.314666748046875,0.6991119384765625,0.5983428955078125
1784890861739866624,22.640241622924805,0.282470703125,0.738311767578125,0.60565185546875
1784890861749785856,22.650160789489746,0.2779083251953125,0.8004608154296875,0.624725341796875
1784890861759705856,22.660080671310425,0.3018341064453125,0.8339996337890625,0.6435546875
1784890861769624832,22.669999837875366,0.3334197998046875,0.8481903076171875,0.6559906005859375
1784890861779544832,22.679919719696045,0.3416748046875,0.857666015625,0.674896240234375
1784890861789463808,22.689838647842407,0.31195068359375,0.8718414306640625,0.694580078125
1784890861799383808,22.699758768081665,0.2411956787109375,0.8699493408203125,0.6988067626953125
1784890861809302784,22.709677696228027,0.177734375,0.8902740478515625,0.7028350830078125
1784890861819222784,22.719597578048706,0.109222412109375,0.902801513671875,0.67596435546875
1784890861829141760,22.729516744613647,0.0605621337890625,0.897857666015625,0.6045684814453125
1784890861839061760,22.739436626434326,0.03985595703125,0.999908447265625,0.533233642578125
1784890861848980736,22.74935555458069,0.0070037841796875,1.160003662109375,0.4733734130859375
1784890861858900736,22.759275674819946,-0.0430145263671875,1.2827301025390625,0.39404296875
1784890861868819712,22.76919460296631,-0.041778564453125,1.2770538330078125,0.402099609375
1784890861878739712,22.779114723205566,-0.0133056640625,1.067779541015625,0.4576568603515625
1784890861888658688,22.78903365135193,0.010894775390625,0.8662567138671875,0.4501800537109375
1784890861898578688,22.798953533172607,0.026397705078125,0.8106536865234375,0.4260101318359375
1784890861908497920,22.80887269973755,0.0569610595703125,0.8012237548828125,0.396453857421875
1784890861918417664,22.818792581558228,0.102874755859375,0.8171539306640625,0.3954620361328125
1784890861928336896,22.82871174812317,0.1100921630859375,0.835662841796875,0.3850555419921875
1784890861938256640,22.838631629943848,0.13958740234375,0.8303985595703125,0.3529510498046875
1784890861948175616,22.84855055809021,0.16497802734375,0.859405517578125,0.3270111083984375
1784890861958095872,22.858470678329468,0.1754302978515625,0.873443603515625,0.3245391845703125
1784890861968015616,22.868390560150146,0.21014404296875,0.850311279296875,0.2821502685546875
1784890861977934848,22.878309726715088,0.212646484375,0.9078216552734375,0.194488525390625
1784890861987854592,22.888229608535767,0.2008209228515625,1.0747528076171875,0.1133270263671875
1784890861997773568,22.89814853668213,0.1900177001953125,1.199127197265625,0.08319091796875
1784890862007693824,22.908068656921387,0.179931640625,1.1866455078125,0.0276641845703125
1784890862017612800,22.91798758506775,0.1414794921875,1.09661865234375,-0.020660400390625
1784890862027532800,22.927907705307007,0.036468505859375,1.011871337890625,-0.0877838134765625
1784890862037451776,22.93782663345337,-0.057159423828125,1.02923583984375,-0.1566314697265625
1784890862047371776,22.947746753692627,-0.1240081787109375,1.1387786865234375,-0.17352294921875
1784890862057290752,22.95766568183899,-0.19891357421875,1.1847076416015625,-0.11083984375
1784890862067210752,22.967585563659668,-0.339141845703125,1.0443572998046875,-0.0730133056640625
1784890862077129728,22.97750473022461,-0.5169525146484375,0.82861328125,-0.092376708984375
1784890862087049728,22.987424612045288,-0.6933746337890625,0.739898681640625,-0.1419830322265625
1784890862096968704,22.99734354019165,-0.8122406005859375,0.818572998046875,-0.0955657958984375
1784890862106888704,23.007263660430908,-0.852325439453125,0.815338134765625,-4.57763671875e-05
1784890862116807680,23.01718258857727,-0.8838958740234375,0.71490478515625,0.1586456298828125
1784890862126727936,23.02710270881653,-0.9259490966796875,0.51776123046875,0.2526092529296875
1784890862136646656,23.03702163696289,-0.9394378662109375,0.226959228515625,0.17437744140625
1784890862146566912,23.04694175720215,-0.83251953125,0.048309326171875,-0.0059814453125
1784890862156485888,23.05686068534851,-0.62091064453125,0.0169219970703125,-0.2130584716796875
1784890862166405632,23.06678056716919,-0.4199676513671875,0.0789947509765625,-0.356658935546875
1784890862176324864,23.07669973373413,-0.3552093505859375,0.2535247802734375,-0.378570556640625
1784890862186244608,23.08661961555481,-0.355560302734375,0.390045166015625,-0.3919677734375
1784890862196163584,23.096538543701172,-0.387969970703125,0.3992462158203125,-0.3627166748046875
1784890862206083840,23.10645866394043,-0.422943115234375,0.26556396484375,-0.351043701171875
1784890862216002816,23.116377592086792,-0.4073486328125,0.262481689453125,-0.3499603271484375
1784890862225922816,23.12629771232605,-0.403411865234375,0.3044586181640625,-0.2992706298828125
1784890862235841792,23.136216640472412,-0.2542877197265625,0.3367919921875,-0.3574676513671875
1784890862245761792,23.14613676071167,-0.1307373046875,0.37744140625,-0.3328704833984375
1784890862255680768,23.156055688858032,-0.0802764892578125,0.280029296875,-0.4384918212890625
1784890862265600768,23.16597557067871,-0.0438690185546875,0.3037872314453125,-0.62640380859375
1784890862275519744,23.175894737243652,0.11492919921875,0.4346771240234375,-0.780242919921875
1784890862285439744,23.18581461906433,0.221466064453125,0.51898193359375,-0.843902587890625
1784890862295358720,23.195733547210693,0.2491302490234375,0.4265594482421875,-0.8243408203125
1784890862305278720,23.20565366744995,0.368865966796875,0.3381805419921875,-0.7266845703125
1784890862315197696,23.215572595596313,0.432525634765625,0.408599853515625,-0.707000732421875
1784890862325117952,23.22549271583557,0.5865478515625,0.4393768310546875,-0.7722625732421875
1784890862335036672,23.235411643981934,0.5688934326171875,0.364288330078125,-0.8396759033203125
1784890862344956928,23.24533176422119,0.5833587646484375,0.3038177490234375,-0.9749603271484375
1784890862354876672,23.25525164604187,0.5634002685546875,0.211395263671875,-1.0796051025390625
1784890862364795648,23.265170574188232,0.603851318359375,0.1695404052734375,-1.1328887939453125
1784890862374715904,23.27509069442749,0.6620025634765625,0.3224029541015625,-1.0917816162109375
1784890862384634624,23.285009622573853,0.707855224609375,0.38330078125,-1.00408935546875
1784890862394554880,23.29492974281311,0.807525634765625,0.3560333251953125,-0.8816070556640625
1784890862404473856,23.304848670959473,0.8621063232421875,0.3542022705078125,-0.8818511962890625
1784890862414393600,23.31476855278015,0.9546051025390625,0.3526153564453125,-0.9173126220703125
1784890862424312832,23.324687719345093,0.996551513671875,0.3734130859375,-1.0368499755859375
1784890862434232832,23.33460760116577,0.9446258544921875,0.4134521484375,-1.0176239013671875
1784890862444151552,23.344526529312134,1.0114288330078125,0.4918365478515625,-0.8826446533203125
1784890862454071808,23.35444664955139,1.1219329833984375,0.7096405029296875,-0.7983245849609375
1784890862463990784,23.364365577697754,1.2594757080078125,0.88818359375,-0.7640533447265625
1784890862473910784,23.37428569793701,1.3320159912109375,1.030059814453125,-0.6395263671875
1784890862483829760,23.384204626083374,1.421142578125,1.058135986328125,-0.6324462890625
1784890862493749760,23.394124746322632,1.465972900390625,1.0894317626953125,-0.7274169921875
1784890862503668736,23.404043674468994,1.3037567138671875,1.1449737548828125,-0.8278045654296875
1784890862513588736,23.413963556289673,1.1781463623046875,1.2811431884765625,-0.756988525390625
1784890862523507712,23.423882722854614,1.1439361572265625,1.3831939697265625,-0.8257293701171875
1784890862533427712,23.433802604675293,1.0341339111328125,1.334503173828125,-0.952362060546875
1784890862543346688,23.443721532821655,0.8660125732421875,1.2045135498046875,-0.92095947265625
1784890862553266688,23.453641653060913,0.6648406982421875,1.1929473876953125,-0.8293609619140625
1784890862563185664,23.463560581207275,0.5470733642578125,1.2950897216796875,-0.7851715087890625
1784890862573105920,23.473480701446533,0.370391845703125,1.32891845703125,-0.7939300537109375
1784890862583024640,23.483399629592896,0.2254791259765625,1.246551513671875,-0.6986236572265625
1784890862592944896,23.493319749832153,0.1367645263671875,1.0089874267578125,-0.6949005126953125
1784890862602863872,23.503238677978516,0.049560546875,0.716949462890625,-0.674591064453125
1784890862612783616,23.513158559799194,-0.0242462158203125,0.4773101806640625,-0.673309326171875
1784890862622702848,23.523077726364136,-0.1356201171875,0.3409271240234375,-0.58172607421875
1784890862632622592,23.532997608184814,-0.279815673828125,0.504608154296875,-0.6025390625
1784890862642541568,23.542916536331177,-0.4683380126953125,1.1181182861328125,-0.65728759765625
1784890862652461824,23.552836656570435,-0.6697845458984375,1.7158203125,-0.8121795654296875
1784890862662380800,23.562755584716797,-0.7518310546875,1.8969268798828125,-0.905548095703125
1784890862672300800,23.572675704956055,-0.6249237060546875,1.558349609375,-0.8257293701171875
1784890862682219776,23.582594633102417,-0.4821929931640625,1.020843505859375,-0.593475341796875
1784890862692139776,23.592514753341675,-0.56884765625,0.6111297607421875,-0.39715576171875
1784890862702058752,23.602433681488037,-0.745758056640625,0.490020751953125,-0.280609130859375
1784890862711978752,23.612353563308716,-0.853240966796875,0.7375946044921875,-0.3284759521484375
1784890862721897728,23.622272729873657,-0.74700927734375,1.1553802490234375,-0.503143310546875
1784890862731817728,23.632192611694336,-0.5089874267578125,1.160369873046875,-0.541778564453125
1784890862741736704,23.6421115398407,-0.398681640625,0.734832763671875,-0.469085693359375
1784890862751656704,23.652031660079956,-0.6006011962890625,0.3841705322265625,-0.215484619140625
1784890862761576704,23.661951541900635,-0.7688140869140625,0.3172454833984375,-0.083984375
1784890862771495936,23.671870708465576,-0.8097381591796875,0.4371795654296875,-0.0399017333984375
1784890862781415680,23.681790590286255,-0.8484954833984375,0.464508056640625,0.0110015869140625
1784890862791334912,23.691709756851196,-0.63421630859375,0.342803955078125,0.19921875
1784890862801254656,23.701629638671875,-0.5043182373046875,0.0923309326171875,0.3542327880859375
1784890862811172608,23.711547374725342,-0.5432586669921875,-0.0355987548828125,0.5120697021484375
1784890862821092608,23.7214674949646,-0.7393035888671875,-0.0128173828125,0.623687744140625
1784890862831011584,23.731386423110962,-0.87127685546875,0.1280670166015625,0.62164306640625
1784890862840931328,23.74130630493164,-0.8589935302734375,0.4515533447265625,0.5736846923828125
1784890862850850560,23.751225471496582,-0.605499267578125,0.5537567138671875,0.4892578125
1784890862860770560,23.76114535331726,-0.56109619140625,0.5792388916015625,0.536468505859375
1784890862870689280,23.771064281463623,-0.6091461181640625,0.6180877685546875,0.5488128662109375
1784890862880609536,23.78098440170288,-0.49969482421875,0.693634033203125,0.5611114501953125
1784890862890528512,23.790903329849243,-0.1501007080078125,0.753387451171875,0.45782470703125
1784890862900448512,23.8008234500885,-0.0232086181640625,0.7542266845703125,0.490447998046875
1784890862910367488,23.810742378234863,-0.032470703125,0.7029571533203125,0.536529541015625
1784890862920287488,23.82066249847412,0.1412200927734375,0.6567230224609375,0.5406341552734375
1784890862930206464,23.830581426620483,0.1221466064453125,0.64971923828125,0.6274871826171875
1784890862940126464,23.840501308441162,0.164337158203125,0.71710205078125,0.642822265625
1784890862950045696,23.850420475006104,0.1312408447265625,0.8846435546875,0.6446380615234375
1784890862959965440,23.860340356826782,0.031341552734375,0.9563140869140625,0.726715087890625
1784890862969884416,23.870259284973145,-0.09576416015625,0.9313507080078125,0.885589599609375
1784890862979804416,23.880179405212402,-0.191497802734375,0.887237548828125,1.0255279541015625
1784890862989723392,23.890098333358765,-0.313690185546875,0.8422088623046875,1.2109832763671875
1784890862999643648,23.900018453598022,-0.4537506103515625,0.9685821533203125,1.4042510986328125
1784890863009562368,23.909937381744385,-0.605255126953125,1.14208984375,1.455291748046875
1784890863019482624,23.919857501983643,-0.644500732421875,1.1133880615234375,1.4578399658203125
1784890863029401600,23.929776430130005,-0.468902587890625,0.810394287109375,1.145355224609375
1784890863039321344,23.939696311950684,-0.2155303955078125,0.355560302734375,0.8370361328125
1784890863049240576,23.949615478515625,-0.1428375244140625,0.1080780029296875,0.550537109375
1784890863059160576,23.959535360336304,-0.2449493408203125,0.1170806884765625,0.3379364013671875
1784890863069079296,23.969454288482666,-0.474029541015625,0.2843017578125,0.4784088134765625
1784890863078999552,23.979374408721924,-0.793609619140625,0.5090179443359375,0.676727294921875
1784890863088918528,23.989293336868286,-0.9224700927734375,0.4400787353515625,0.9467620849609375
1784890863098838528,23.999213457107544,-1.0836029052734375,0.0760955810546875,1.024932861328125
1784890863108757504,24.009132385253906,-0.8606414794921875,-0.0442047119140625,1.0427398681640625
1784890863118677504,24.019052505493164,-0.7340850830078125,-0.2957000732421875,0.8828582763671875
1784890863128596480,24.028971433639526,-0.6128997802734375,-0.2574462890625,0.798004150390625
1784890863138516480,24.038891315460205,-0.5725860595703125,0.1593170166015625,0.5687103271484375
1784890863148435712,24.048810482025146,-0.476104736328125,0.2917327880859375,0.6934356689453125
1784890863158355456,24.058730363845825,-0.7482452392578125,-0.0175933837890625,0.967132568359375
1784890863168274432,24.068649291992188,-0.77655029296875,-0.0301361083984375,1.12225341796875
1784890863178194432,24.078569412231445,-0.4399261474609375,0.0268707275390625,1.3793487548828125
1784890863188113408,24.088488340377808,-0.727386474609375,0.1011199951171875,1.1861724853515625
1784890863198033664,24.098408460617065,-0.550445556640625,-0.1146697998046875,1.4164276123046875
1784890863207952384,24.108327388763428,-0.4417266845703125,0.096099853515625,1.451080322265625
1784890863217872640,24.118247509002686,0.3604736328125,-0.2476348876953125,1.6325531005859375
1784890863227791616,24.128166437149048,0.3072052001953125,-0.1248779296875,1.7240753173828125
1784890863237711360,24.138086318969727,0.2078857421875,-0.2751617431640625,2.05560302734375
1784890863247630592,24.148005485534668,1.054473876953125,-0.596038818359375,1.255767822265625
1784890863257550592,24.157925367355347,0.9644317626953125,-0.429473876953125,1.045440673828125
1784890863267469312,24.16784429550171,0.7593994140625,-0.4106292724609375,1.436187744140625
1784890863277389568,24.177764415740967,0.694793701171875,-0.4428558349609375,1.2996978759765625
1784890863287308544,24.18768334388733,0.7541351318359375,-0.2653656005859375,0.958343505859375
1784890863297228544,24.197603464126587,0.347259521484375,-0.0582275390625,1.1740570068359375
1784890863307147520,24.20752239227295,0.1178741455078125,0.11962890625,1.0323028564453125
1784890863317067520,24.217442512512207,0.2446136474609375,-0.144683837890625,0.8480377197265625
1784890863326986496,24.22736144065857,0.1441192626953125,-0.3447265625,1.1084136962890625
1784890863336906496,24.237281322479248,0.13848876953125,-0.462982177734375,0.8451080322265625
1784890863346825472,24.24720048904419,0.2752532958984375,-0.35626220703125,0.9238739013671875
1784890863356745472,24.257120370864868,0.0746002197265625,-0.1195220947265625,1.068206787109375
1784890863366665728,24.267040491104126,0.039794921875,-0.0686492919921875,1.1582183837890625
1784890863376584448,24.27695941925049,0.0152435302734375,-0.0220794677734375,1.164337158203125
1784890863386504448,24.286879301071167,0.1796722412109375,0.2045745849609375,1.208526611328125
1784890863396423680,24.29679846763611,0.260009765625,0.0546112060546875,0.9154510498046875
1784890863406343424,24.306718349456787,0.1302032470703125,-0.09197998046875,1.34619140625
1784890863416262400,24.31663727760315,0.23150634765625,-0.2574615478515625,1.089080810546875
1784890863426182400,24.326557397842407,0.29449462890625,0.010467529296875,0.9621734619140625
1784890863436101376,24.33647632598877,0.054168701171875,0.2458038330078125,1.0501861572265625
1784890863446021632,24.346396446228027,0.2205963134765625,-0.0650634765625,0.682464599609375
1784890863455940608,24.35631537437439,0.0859527587890625,-0.0461883544921875,0.846954345703125
1784890863465860608,24.366235494613647,0.263641357421875,0.0391998291015625,0.7855682373046875
1784890863475779584,24.37615442276001,0.1182403564453125,0.0712127685546875,0.896392822265625
1784890863485699328,24.38607430458069,0.15411376953125,0.1290130615234375,0.829437255859375
1784890863495618560,24.39599347114563,0.0964508056640625,0.13201904296875,1.054229736328125
1784890863505538560,24.40591335296631,0.2209014892578125,0.0265655517578125,0.9136505126953125
1784890863515457280,24.41583228111267,0.17657470703125,0.1553192138671875,1.010894775390625
1784890863525377536,24.42575240135193,0.1966705322265625,0.24957275390625,0.9815216064453125
1784890863535296512,24.43567132949829,0.2058868408203125,0.2343902587890625,1.0733184814453125
1784890863545216512,24.44559144973755,0.1779327392578125,0.2007293701171875,1.160308837890625
1784890863555135488,24.45551037788391,0.2375030517578125,0.2166900634765625,0.9562530517578125
1784890863565055488,24.46543049812317,0.2119140625,0.4115447998046875,1.13568115234375
1784890863574974464,24.47534942626953,0.214874267578125,0.2358551025390625,0.9457855224609375
1784890863584894464,24.48526930809021,0.1056976318359375,0.3449859619140625,1.0938262939453125
1784890863594813696,24.49518847465515,0.18341064453125,0.1239471435546875,1.07037353515625
1784890863604733440,24.50510835647583,0.3155059814453125,0.1313323974609375,1.0564727783203125
1784890863614652416,24.515027284622192,0.2406158447265625,0.17864990234375,0.9798126220703125
1784890863624572416,24.52494740486145,0.2254791259765625,0.0969085693359375,1.1288604736328125
1784890863634491392,24.534866333007812,0.2172698974609375,0.0626220703125,0.9783172607421875
1784890863644411648,24.54478645324707,0.3107147216796875,0.1294403076171875,1.0237274169921875
1784890863654330368,24.554705381393433,0.259002685546875,0.1117706298828125,1.089141845703125
1784890863664250624,24.56462550163269,0.250091552734375,-0.02325439453125,1.151580810546875
1784890863674169600,24.574544429779053,0.2235565185546875,0.1009979248046875,1.1609039306640625
1784890863684089344,24.58446431159973,0.2023773193359375,0.1748199462890625,1.1103515625
1784890863694008576,24.594383478164673,0.2444000244140625,0.115631103515625,1.03143310546875
1784890863703928576,24.60430335998535,0.21417236328125,0.1175537109375,1.0389862060546875
1784890863713847296,24.614222288131714,0.211761474609375,0.125457763671875,1.0815277099609375
1784890863723767552,24.62414240837097,0.180419921875,0.18255615234375,0.9798736572265625
1784890863733686528,24.634061336517334,0.1919097900390625,0.2318267822265625,0.9306640625
1784890863743606528,24.643981456756592,0.240570068359375,0.1476898193359375,0.949432373046875
1784890863753525504,24.653900384902954,0.347412109375,0.1179351806640625,0.9837493896484375
1784890863763445504,24.663820505142212,0.1872100830078125,0.0952606201171875,0.952606201171875
1784890863773364480,24.673739433288574,0.1590576171875,0.056243896484375,1.0286865234375
1784890863783284480,24.683659315109253,0.2132568359375,0.1034698486328125,0.9996337890625
1784890863793203712,24.693578481674194,0.169677734375,0.1222991943359375,1.003173828125
1784890863803123456,24.703498363494873,0.2562408447265625,0.11041259765625,1.0031585693359375
1784890863813042944,24.713417768478394,0.2295074462890625,0.108856201171875,1.0507049560546875
1784890863822962944,24.72333788871765,0.259765625,0.1083831787109375,1.0458984375
1784890863832881920,24.733256816864014,0.279144287109375,0.187957763671875,1.0286102294921875
1784890863842801920,24.74317693710327,0.27874755859375,0.2421875,0.9598388671875
1784890863852720896,24.753095865249634,0.2859344482421875,0.2762298583984375,0.937042236328125
1784890863862640896,24.763015747070312,0.263092041015625,0.2096099853515625,0.9221649169921875
1784890863872560128,24.772934913635254,0.1968536376953125,0.149627685546875,0.9015655517578125
1784890863882479872,24.782854795455933,0.1328277587890625,0.1323089599609375,0.90142822265625
1784890863892399104,24.792773962020874,0.1843719482421875,-0.03106689453125,0.9008636474609375
1784890863902318848,24.802693843841553,0.175628662109375,-0.0543060302734375,0.9818115234375
1784890863912237824,24.812612771987915,0.2247161865234375,-0.076416015625,0.9501953125
1784890863922158080,24.822532892227173,0.206634521484375,0.02435302734375,0.9014739990234375
1784890863932077056,24.832451820373535,0.2229156494140625,0.012542724609375,0.9161529541015625
1784890863941997056,24.842371940612793,0.2324676513671875,0.079010009765625,0.864105224609375
1784890863951916032,24.852290868759155,0.3052520751953125,0.1557159423828125,0.8844451904296875
1784890863961835776,24.862210750579834,0.1976165771484375,0.10064697265625,0.8466644287109375
1784890863971755008,24.872129917144775,0.2430572509765625,-0.015594482421875,0.90313720703125
1784890863981675008,24.882049798965454,0.2823486328125,0.05120849609375,0.88702392578125
1784890863991593984,24.891968965530396,0.270782470703125,0.1237945556640625,0.909912109375
1784890864001513984,24.901888847351074,0.24945068359375,0.1644287109375,0.8745574951171875
1784890864011432960,24.911807775497437,0.2211456298828125,0.1827392578125,0.8849029541015625
1784890864021352960,24.921727895736694,0.228179931640625,0.1320953369140625,0.8948516845703125
1784890864031271936,24.931646823883057,0.2612457275390625,0.1295928955078125,0.913543701171875
1784890864041191936,24.941566944122314,0.3114166259765625,0.1202545166015625,0.93377685546875
1784890864051110912,24.951485872268677,0.297943115234375,0.057464599609375,0.977508544921875
1784890864061030912,24.961405754089355,0.2346038818359375,0.0870513916015625,0.982269287109375
1784890864070950144,24.971324920654297,0.3525848388671875,0.1477203369140625,0.9554290771484375
1784890864080869888,24.981244802474976,0.35809326171875,0.1284332275390625,0.8623199462890625
1784890864090789120,24.991163969039917,0.2803192138671875,0.0298919677734375,0.9614410400390625
1784890864100708864,25.001083850860596,0.2132415771484375,-0.1289825439453125,0.9920654296875
1784890864110627840,25.011002779006958,0.1950225830078125,-0.0286102294921875,1.1074981689453125
1784890864120548096,25.020922899246216,0.234222412109375,0.01031494140625,1.1264495849609375
1784890864130466816,25.030841827392578,0.1766357421875,0.0351715087890625,1.154754638671875
1784890864140387072,25.040761947631836,0.2126617431640625,0.0298309326171875,1.1048736572265625
1784890864150306048,25.0506808757782,0.2645263671875,0.0050506591796875,1.1232757568359375
1784890864160225792,25.060600757598877,0.332489013671875,0.02587890625,1.132904052734375
1784890864170145024,25.07051992416382,0.422393798828125,0.0394744873046875,1.043365478515625
1784890864180065024,25.080439805984497,0.3647613525390625,0.1063995361328125,1.0633697509765625
1784890864189985024,25.090359926223755,0.267669677734375,0.141387939453125,1.0399017333984375
1784890864199904000,25.100278854370117,0.220001220703125,0.2100067138671875,1.1044158935546875
1784890864209823744,25.110198736190796,0.3047027587890625,0.19970703125,1.1238555908203125
1784890864219742976,25.120117902755737,0.281005859375,0.1930084228515625,1.28155517578125
1784890864229662976,25.130037784576416,0.267303466796875,0.099700927734375,1.356658935546875
1784890864239581952,25.139956951141357,0.1821441650390625,0.0562591552734375,1.401885986328125
1784890864249501952,25.149876832962036,0.1580810546875,0.0776214599609375,1.4178619384765625
1784890864259420928,25.1597957611084,0.26239013671875,0.0615692138671875,1.4727325439453125
1784890864269340928,25.169715881347656,0.309967041015625,0.0701141357421875,1.481353759765625
1784890864279259904,25.17963480949402,0.352386474609375,0.0893096923828125,1.4723968505859375
1784890864289180160,25.189554929733276,0.348419189453125,0.100830078125,1.5398406982421875
1784890864299098880,25.19947385787964,0.2935943603515625,0.1110076904296875,1.5628509521484375
1784890864309018880,25.209393739700317,0.1888580322265625,0.15521240234375,1.6396636962890625
1784890864318938112,25.21931290626526,0.1420440673828125,0.079315185546875,1.605224609375
1784890864328857856,25.229232788085938,0.117584228515625,0.0823974609375,1.5481414794921875
1784890864338777088,25.23915195465088,0.20318603515625,0.0801239013671875,1.449066162109375
1784890864348696832,25.249071836471558,0.221466064453125,0.1554107666015625,1.425384521484375
1784890864358615808,25.25899076461792,0.2096405029296875,0.264678955078125,1.308746337890625
1784890864368536064,25.268910884857178,0.1342926025390625,0.3627166748046875,1.2096099853515625
1784890864378455040,25.27882981300354,0.033935546875,0.424591064453125,1.178558349609375
1784890864388375040,25.288749933242798,0.02935791015625,0.3595123291015625,1.2018890380859375
1784890864398294016,25.29866886138916,0.0720062255859375,0.220489501953125,1.220855712890625
1784890864408213760,25.30858874320984,0.0493621826171875,0.1014556884765625,1.2116851806640625
1784890864418132992,25.31850790977478,0.04736328125,0.0489654541015625,1.2498016357421875
1784890864428052992,25.32842779159546,0.092010498046875,-0.0496978759765625,1.2357025146484375
1784890864437971968,25.3383469581604,0.1395721435546875,-0.196624755859375,1.2008209228515625
1784890864447891968,25.34826683998108,0.04443359375,-0.187896728515625,1.1994781494140625
1784890864457810944,25.35818576812744,0.04132080078125,-0.08331298828125,1.1102142333984375
1784890864467730944,25.3681058883667,0.0253448486328125,-0.01678466796875,1.0289154052734375
1784890864477649920,25.37802481651306,-0.1583099365234375,-0.034576416015625,0.9887542724609375
1784890864487569920,25.38794493675232,-0.2389068603515625,-0.033233642578125,0.9462127685546875
1784890864497488896,25.39786386489868,-0.28424072265625,0.0798492431640625,0.8026885986328125
1784890864507408896,25.40778374671936,-0.2586669921875,0.245513916015625,0.77020263671875
1784890864517328128,25.4177029132843,-0.39520263671875,0.2772674560546875,0.695709228515625
1784890864527247872,25.42762279510498,-0.4497222900390625,0.2574462890625,0.6360015869140625
1784890864537167104,25.437541961669922,-0.443359375,0.232025146484375,0.6387786865234375
1784890864547086848,25.4474618434906,-0.5496978759765625,0.2421722412109375,0.6825408935546875
1784890864557005824,25.457380771636963,-0.5685272216796875,0.2635955810546875,0.709747314453125
1784890864566926080,25.46730089187622,-0.5206298828125,0.303802490234375,0.7606048583984375
1784890864576845056,25.477219820022583,-0.4720001220703125,0.34649658203125,0.7353057861328125
1784890864586765056,25.48713994026184,-0.3809661865234375,0.3590087890625,0.680908203125
1784890864596684032,25.497058868408203,-0.3006591796875,0.329193115234375,0.66009521484375
1784890864606603776,25.506978750228882,-0.26446533203125,0.2086639404296875,0.6681060791015625
1784890864616523008,25.516897916793823,-0.1761627197265625,0.15869140625,0.6536407470703125
1784890864626443008,25.526817798614502,-0.1722259521484375,0.17071533203125,0.6501007080078125
1784890864636361984,25.536736965179443,-0.1689453125,0.0850677490234375,0.6776580810546875
1784890864646281984,25.546656847000122,-0.27703857421875,0.0248260498046875,0.7197265625
1784890864656200960,25.556575775146484,-0.246063232421875,0.022491455078125,0.7145233154296875
1784890864666120960,25.566495895385742,-0.196380615234375,0.120697021484375,0.732330322265625
1784890864676039936,25.576414823532104,-0.12139892578125,0.220916748046875,0.7145233154296875
1784890864685959936,25.586334943771362,-0.0361175537109375,0.1926422119140625,0.6856689453125
1784890864695878912,25.596253871917725,0.0186004638671875,0.200439453125,0.7017059326171875
1784890864705798912,25.606173753738403,-0.0108184814453125,0.23114013671875,0.64288330078125
1784890864715718144,25.616092920303345,-0.0533294677734375,0.2742919921875,0.585357666015625
1784890864725637888,25.626012802124023,-0.0435333251953125,0.271636962890625,0.5215911865234375
1784890864735557120,25.635931968688965,-0.0755462646484375,0.25274658203125,0.4997100830078125
1784890864745476864,25.645851850509644,-0.1416778564453125,0.2372283935546875,0.47900390625
1784890864755395840,25.655770778656006,-0.166656494140625,0.296356201171875,0.5262908935546875
1784890864765316096,25.665690898895264,-0.1886444091796875,0.31085205078125,0.5717010498046875
1784890864775234816,25.675609827041626,-0.131134033203125,0.2851104736328125,0.6815185546875
1784890864785155072,25.685529947280884,-0.0788421630859375,0.2086334228515625,0.7343292236328125
1784890864795074048,25.695448875427246,-0.048583984375,0.201446533203125,0.7788848876953125
1784890864804993792,25.705368757247925,-0.0062408447265625,0.209747314453125,0.8054962158203125
1784890864814913792,25.715288639068604,0.0350799560546875,0.2859649658203125,0.7599945068359375
1784890864824833536,25.725208520889282,0.018890380859375,0.41943359375,0.7469329833984375
1784890864834752768,25.735127687454224,0.0047149658203125,0.41143798828125,0.7787017822265625
1784890864844672768,25.745047569274902,-0.0121612548828125,0.31402587890625,0.7948455810546875
1784890864854591488,25.754966497421265,0.004425048828125,0.2664031982421875,0.8475189208984375
1784890864864511744,25.764886617660522,-0.0206756591796875,0.2407684326171875,0.8782806396484375
1784890864874430720,25.774805545806885,-0.050445556640625,0.2293701171875,0.8917083740234375
1784890864884350720,25.784725666046143,-0.05120849609375,0.1805877685546875,0.87158203125
1784890864894269696,25.794644594192505,-0.057861328125,0.153656005859375,0.89801025390625
1784890864904189952,25.804564714431763,-0.04571533203125,0.1910858154296875,0.877716064453125
1784890864914108672,25.814483642578125,-0.028411865234375,0.2429046630859375,0.85205078125
1784890864924028672,25.824403524398804,-0.0001983642578125,0.31561279296875,0.8709564208984375
1784890864933947904,25.834322690963745,0.003448486328125,0.3243560791015625,0.9153594970703125
1784890864943867648,25.844242572784424,0.0018768310546875,0.2986602783203125,0.9837188720703125
1784890864953786624,25.854161500930786,0.0517578125,0.2410888671875,0.9915924072265625
1784890864963706624,25.864081621170044,0.0674285888671875,0.2588043212890625,0.9829254150390625
1784890864973626624,25.874001502990723,0.1086883544921875,0.2744598388671875,0.9856719970703125
1784890864983545856,25.883920669555664,0.1159820556640625,0.246368408203125,1.031341552734375
1784890864993465600,25.893840551376343,0.112457275390625,0.1937713623046875,1.0772857666015625
1784890865003384832,25.903759717941284,0.135284423828125,0.15032958984375,1.0844268798828125
1784890865013304832,25.913679599761963,0.0900726318359375,0.1549224853515625,1.133392333984375
1784890865023223552,25.923598527908325,0.1618804931640625,0.158172607421875,1.116912841796875
1784890865033143808,25.933518648147583,0.1220703125,0.2345123291015625,1.133270263671875
1784890865043062784,25.943437576293945,0.064727783203125,0.240386962890625,1.19537353515625
1784890865052982784,25.953357696533203,0.0723419189453125,0.252960205078125,1.2454376220703125
1784890865062901760,25.963276624679565,0.1283416748046875,0.3372802734375,1.2439727783203125
1784890865072821504,25.973196506500244,0.21173095703125,0.46453857421875,1.194976806640625
1784890865082740736,25.983115673065186,0.209075927734375,0.4705963134765625,1.1968536376953125
1784890865092660736,25.993035554885864,0.1910552978515625,0.178375244140625,1.335968017578125
1784890865102579712,26.002954721450806,0.1509552001953125,-0.0044097900390625,1.5337677001953125
1784890865112499712,26.012874603271484,0.127105712890625,-0.040924072265625,1.569091796875
1784890865122418688,26.022793531417847,0.0534820556640625,0.086395263671875,1.574127197265625
1784890865132338688,26.032713651657104,0.0111541748046875,0.1673126220703125,1.52587890625
1784890865142257664,26.042632579803467,0.018341064453125,0.2231597900390625,1.4601898193359375
1784890865152177920,26.052552700042725,0.0254058837890625,0.239654541015625,1.4077606201171875
1784890865162096640,26.062471628189087,0.045501708984375,0.2104644775390625,1.3625640869140625
1784890865172016640,26.072391510009766,0.0747833251953125,0.1945648193359375,1.3905181884765625
1784890865181935872,26.082310676574707,0.015960693359375,0.1551513671875,1.4487457275390625
1784890865191855616,26.092230558395386,-0.112396240234375,0.1641845703125,1.5087890625
1784890865201774592,26.102149486541748,-0.1131439208984375,0.1350860595703125,1.4591827392578125
1784890865211694592,26.112069606781006,-0.0391998291015625,0.131561279296875,1.413726806640625
1784890865221613568,26.121988534927368,0.0422821044921875,0.17120361328125,1.357513427734375
1784890865231533824,26.131908655166626,0.0935821533203125,0.227813720703125,1.2892913818359375
1784890865241452800,26.14182758331299,0.09356689453125,0.331573486328125,1.213165283203125
1784890865251372800,26.151747703552246,0.0341644287109375,0.384185791015625,1.192657470703125
1784890865261291776,26.16166663169861,-0.0597381591796875,0.269195556640625,1.2326202392578125
1784890865271211520,26.171586513519287,-0.1418914794921875,0.121185302734375,1.332427978515625
1784890865281130752,26.18150568008423,-0.1715850830078125,-0.0341339111328125,1.3177032470703125
1784890865291050752,26.191425561904907,-0.1767425537109375,0.001220703125,1.222991943359375
1784890865300969728,26.20134449005127,-0.1703338623046875,0.223663330078125,1.1165008544921875
1784890865310889728,26.211264610290527,-0.2360992431640625,0.3988800048828125,0.9813385009765625
1784890865320808704,26.22118353843689,-0.3021240234375,0.4546661376953125,0.9382171630859375
1784890865330728704,26.231103658676147,-0.327728271484375,0.374603271484375,0.9053955078125
1784890865340647680,26.24102258682251,-0.3112335205078125,0.2499237060546875,0.86859130859375
1784890865350567936,26.250942707061768,-0.3658599853515625,0.1900177001953125,0.90252685546875
1784890865360486656,26.26086163520813,-0.50494384765625,0.2078857421875,0.9037628173828125
1784890865370406656,26.27078151702881,-0.4925689697265625,0.3060150146484375,0.819061279296875
1784890865380325888,26.28070068359375,-0.527374267578125,0.4013671875,0.7226715087890625
1784890865390245632,26.29062056541443,-0.59130859375,0.4723663330078125,0.6566162109375
1784890865400164608,26.30053949356079,-0.6156463623046875,0.5584869384765625,0.6948699951171875
1784890865410084608,26.31045961380005,-0.6815185546875,0.5161895751953125,0.6671142578125
1784890865420003584,26.32037854194641,-0.6314544677734375,0.3314666748046875,0.6460723876953125
1784890865429923840,26.33029866218567,-0.646240234375,0.18109130859375,0.7283782958984375
1784890865439842816,26.34021759033203,-0.488494873046875,0.2385101318359375,0.620574951171875
1784890865449762816,26.35013771057129,-0.5282135009765625,0.4042205810546875,0.5361785888671875
1784890865459681792,26.36005663871765,-0.5524139404296875,0.4911956787109375,0.4722442626953125
1784890865469601536,26.36997652053833,-0.5857086181640625,0.4276123046875,0.484649658203125
1784890865479520768,26.37989568710327,-0.4414825439453125,0.2088775634765625,0.468231201171875
1784890865489440768,26.38981556892395,-0.468353271484375,0.21124267578125,0.47503662109375
1784890865499359488,26.399734497070312,-0.4942169189453125,0.151336669921875,0.5101318359375
1784890865509279744,26.40965461730957,-0.20135498046875,0.0244598388671875,0.49151611328125
1784890865519198720,26.419573545455933,-0.215667724609375,0.179046630859375,0.511932373046875
1784890865529118720,26.42949366569519,-0.234283447265625,0.208099365234375,0.5109710693359375
1784890865539037696,26.439412593841553,-0.111663818359375,0.2487640380859375,0.4871978759765625
1784890865548957952,26.44933271408081,-0.0455474853515625,0.2401275634765625,0.3608856201171875
1784890865558876672,26.459251642227173,-0.047393798828125,0.221221923828125,0.4582061767578125
1784890865568796672,26.46917152404785,-0.0630645751953125,0.18212890625,0.5233001708984375
1784890865578715904,26.479090690612793,-0.15240478515625,0.2495269775390625,0.59112548828125
1784890865588635648,26.48901057243347,-0.1231536865234375,0.22503662109375,0.5616455078125
1784890865598554624,26.498929500579834,-0.1628875732421875,0.2529754638671875,0.575775146484375
1784890865608474624,26.508849620819092,-0.192047119140625,0.2357635498046875,0.6595001220703125
1784890865618393600,26.518768548965454,-0.19183349609375,0.216461181640625,0.6716461181640625
1784890865628313856,26.528688669204712,-0.178863525390625,0.3358917236328125,0.690948486328125
1784890865638232832,26.538607597351074,-0.197509765625,0.306884765625,0.7237091064453125
1784890865648152832,26.548527717590332,-0.1730194091796875,0.2820892333984375,0.759552001953125
1784890865658071808,26.558446645736694,-0.105072021484375,0.276580810546875,0.7861175537109375
1784890865667991552,26.568366527557373,-0.061737060546875,0.252349853515625,0.7993927001953125
1784890865677910784,26.578285694122314,-0.0414276123046875,0.221710205078125,0.7998199462890625
1784890865687830784,26.588205575942993,-0.0261077880859375,0.155364990234375,0.7913970947265625
1784890865697749504,26.598124504089355,-0.0186309814453125,0.11419677734375,0.782684326171875
1784890865707669760,26.608044624328613,-0.0914306640625,0.1470947265625,0.77777099609375
1784890865717588736,26.617963552474976,-0.167755126953125,0.1671142578125,0.7858734130859375
1784890865727508736,26.627883672714233,-0.1528778076171875,0.174407958984375,0.7809295654296875
1784890865737427712,26.637802600860596,-0.1211395263671875,0.2018585205078125,0.8206634521484375
1784890865747347712,26.647722721099854,-0.1115875244140625,0.210723876953125,0.83154296875
1784890865757266688,26.657641649246216,-0.106597900390625,0.167877197265625,0.863861083984375
1784890865767186688,26.667561531066895,-0.09588623046875,0.111724853515625,0.921905517578125
1784890865777105920,26.677480697631836,-0.079681396484375,0.1101531982421875,0.9624176025390625
1784890865787025664,26.687400579452515,-0.06011962890625,0.13079833984375,0.97650146484375
1784890865796944640,26.697319507598877,-0.0377960205078125,0.1233978271484375,0.9550018310546875
1784890865806864640,26.707239627838135,-0.0311126708984375,0.0837249755859375,0.949066162109375
1784890865816783104,26.71715807914734,-0.0132293701171875,0.0853271484375,0.9290924072265625
1784890865826703360,26.727078199386597,-0.0137481689453125,0.1039581298828125,0.9373779296875
1784890865836622336,26.73699712753296,-0.0016632080078125,0.1070556640625,0.9504852294921875
1784890865846542336,26.746917247772217,0.010772705078125,0.0896453857421875,0.966217041015625
1784890865856461312,26.75683617591858,0.004425048828125,0.1175537109375,1.012908935546875
1784890865866381056,26.766756057739258,-0.01043701171875,0.1308441162109375,1.0697479248046875
1784890865876300288,26.7766752243042,0.0237274169921875,0.1190338134765625,1.123260498046875
1784890865886220288,26.786595106124878,0.05767822265625,0.10137939453125,1.1774139404296875
1784890865896139264,26.79651403427124,0.0742645263671875,0.076690673828125,1.2125091552734375
1784890865906059264,26.806434154510498,0.0599517822265625,0.0646514892578125,1.2635040283203125
1784890865915978240,26.81635308265686,0.0764007568359375,0.046661376953125,1.2903900146484375
1784890865925898240,26.826273202896118,0.097747802734375,-0.0436248779296875,1.294647216796875
1784890865935818240,26.836193084716797,0.12152099609375,-0.0511627197265625,1.34619140625
1784890865945737472,26.84611225128174,0.1420745849609375,0.027191162109375,1.3467559814453125
1784890865955657216,26.856032133102417,0.154144287109375,0.1577301025390625,1.318939208984375
1784890865965576192,26.86595106124878,0.1219024658203125,0.2262420654296875,1.259979248046875
1784890865975496192,26.875871181488037,0.124114990234375,0.23321533203125,1.2370147705078125
1784890865985415168,26.8857901096344,0.14129638671875,0.2076416015625,1.2884063720703125
1784890865995335424,26.895710229873657,0.0872344970703125,0.090606689453125,1.448486328125
1784890866005254144,26.90562915802002,-0.0008697509765625,-0.066741943359375,1.5918731689453125
1784890866015174144,26.9155490398407,-0.0441741943359375,-0.1255035400390625,1.6775360107421875
1784890866025093376,26.92546820640564,-0.07513427734375,-0.0487518310546875,1.6453857421875
1784890866035013120,26.93538808822632,-0.0261383056640625,0.0902099609375,1.5392913818359375
1784890866044932352,26.94530725479126,0.0016021728515625,0.1949615478515625,1.421356201171875
1784890866054852352,26.95522713661194,0.0255584716796875,0.223358154296875,1.34967041015625
1784890866064771072,26.9651460647583,-0.01837158203125,0.16229248046875,1.3449249267578125
1784890866074691328,26.97506618499756,-0.0214080810546875,0.1147308349609375,1.3813934326171875
1784890866084610304,26.98498511314392,0.00970458984375,0.1011810302734375,1.3934478759765625
1784890866094530304,26.99490523338318,-0.0355072021484375,0.116943359375,1.4127655029296875
1784890866104449280,27.00482416152954,-0.091949462890625,0.150177001953125,1.382781982421875
1784890866114369280,27.01474404335022,-0.1031646728515625,0.2363128662109375,1.355712890625
1784890866124288256,27.02466320991516,-0.0940399169921875,0.3035125732421875,1.3177490234375
1784890866134208256,27.03458309173584,-0.0863800048828125,0.275665283203125,1.2708892822265625
1784890866144127488,27.04450225830078,-0.10601806640625,0.2265472412109375,1.2592620849609375
1784890866154047232,27.05442214012146,-0.093536376953125,0.194793701171875,1.2131500244140625
1784890866163966208,27.064341068267822,-0.139801025390625,0.18499755859375,1.1991119384765625
1784890866173886208,27.07426118850708,-0.2468414306640625,0.1829681396484375,1.159393310546875
1784890866183805184,27.084180116653442,-0.32086181640625,0.17877197265625,1.106964111328125
1784890866193725440,27.0941002368927,-0.348785400390625,0.2070465087890625,1.0358734130859375
1784890866203644160,27.104019165039062,-0.38043212890625,0.2319183349609375,0.9557647705078125
1784890866213564160,27.11393904685974,-0.441619873046875,0.2450714111328125,0.9256439208984375
1784890866223483392,27.123858213424683,-0.519317626953125,0.2869110107421875,0.8939971923828125
1784890866233403136,27.13377809524536,-0.5270843505859375,0.3318328857421875,0.8087158203125
1784890866243322368,27.143697261810303,-0.527099609375,0.350799560546875,0.7919158935546875
1784890866253242368,27.15361714363098,-0.533355712890625,0.3203887939453125,0.7355194091796875
1784890866263161088,27.163536071777344,-0.598175048828125,0.3857421875,0.6823272705078125
1784890866273081344,27.1734561920166,-0.563690185546875,0.3951416015625,0.6081085205078125
1784890866283000320,27.183375120162964,-0.5423126220703125,0.349853515625,0.564453125
1784890866292920320,27.19329524040222,-0.5302886962890625,0.3053436279296875,0.539581298828125
1784890866302839296,27.203214168548584,-0.494537353515625,0.384765625,0.62786865234375
1784890866312759040,27.213134050369263,-0.4801177978515625,0.54534912109375,0.5627593994140625
1784890866322678272,27.223053216934204,-0.485595703125,0.687286376953125,0.624969482421875
1784890866332598272,27.232973098754883,-0.4532470703125,0.5137481689453125,0.6060333251953125
1784890866342517248,27.242892026901245,-0.3917694091796875,0.28900146484375,0.6650390625
1784890866352437248,27.252812147140503,-0.4186553955078125,0.2621002197265625,0.7978668212890625
1784890866362356224,27.262731075286865,-0.396148681640625,0.1305084228515625,0.744873046875
1784890866372276224,27.272651195526123,-0.337738037109375,0.1510772705078125,0.7601776123046875
1784890866382195200,27.282570123672485,-0.314544677734375,0.23443603515625,0.7011871337890625
1784890866392115456,27.292490243911743,-0.1967315673828125,0.18438720703125,0.7335968017578125
1784890866402034176,27.302409172058105,-0.1223297119140625,0.159271240234375,0.6627349853515625
1784890866411954176,27.312329053878784,-0.105316162109375,0.2256622314453125,0.6077423095703125
1784890866421873408,27.322248220443726,-0.0974578857421875,0.217193603515625,0.55963134765625
1784890866431793152,27.332168102264404,-0.0912933349609375,0.2574005126953125,0.52093505859375
1784890866441712128,27.342087030410767,-0.0894775390625,0.253753662109375,0.46514892578125
1784890866451632384,27.352007150650024,-0.1158905029296875,0.234832763671875,0.44573974609375
1784890866461551104,27.361926078796387,-0.1101226806640625,0.1887664794921875,0.5264129638671875
1784890866471471360,27.371846199035645,-0.189605712890625,0.1861114501953125,0.5475616455078125
1784890866481390336,27.381765127182007,-0.1759185791015625,0.2752685546875,0.5804443359375
1784890866491310336,27.391685247421265,-0.1790771484375,0.2869873046875,0.5948486328125
1784890866501229312,27.401604175567627,-0.2044677734375,0.26739501953125,0.6578369140625
1784890866511149056,27.411524057388306,-0.1822509765625,0.2662353515625,0.707366943359375
1784890866521068288,27.421443223953247,-0.17352294921875,0.2858734130859375,0.7241363525390625
1784890866530988288,27.431363105773926,-0.1534271240234375,0.289337158203125,0.767669677734375
1784890866540907264,27.441282033920288,-0.1110076904296875,0.2484283447265625,0.794097900390625
1784890866550827264,27.451202154159546,-0.0998687744140625,0.2472686767578125,0.7978363037109375
1784890866560746240,27.461121082305908,-0.0754547119140625,0.213165283203125,0.8177642822265625
1784890866570666240,27.471041202545166,-0.0435028076171875,0.22515869140625,0.808135986328125
1784890866580585216,27.48096013069153,-0.07666015625,0.2398223876953125,0.81439208984375
1784890866590505472,27.490880250930786,-0.1049652099609375,0.21429443359375,0.8312835693359375
1784890866600424192,27.50079917907715,-0.1133575439453125,0.2208251953125,0.837677001953125
1784890866610344192,27.510719060897827,-0.124481201171875,0.252349853515625,0.8426971435546875
1784890866620263424,27.52063822746277,-0.1006011962890625,0.231170654296875,0.8652801513671875
1784890866630183168,27.530558109283447,-0.0868682861328125,0.1808013916015625,0.9054107666015625
1784890866640102144,27.54047703742981,-0.0706634521484375,0.1944122314453125,0.9371337890625
1784890866650022144,27.550397157669067,-0.0986785888671875,0.1921844482421875,0.9758148193359375
1784890866659941120,27.56031608581543,-0.1302337646484375,0.2305145263671875,1.000244140625
1784890866669861376,27.570236206054688,-0.1518096923828125,0.2761383056640625,0.989898681640625
1784890866679780352,27.58015513420105,-0.1325531005859375,0.2555999755859375,0.959930419921875
1784890866689700352,27.590075254440308,-0.0931854248046875,0.193389892578125,0.971954345703125
1784890866699619328,27.59999418258667,-0.06146240234375,0.16357421875,1.0018463134765625
1784890866709539072,27.60991406440735,-0.04864501953125,0.1688079833984375,1.0260162353515625
1784890866719458304,27.61983323097229,-0.0678558349609375,0.183135986328125,1.052001953125
1784890866729378304,27.62975311279297,-0.0781097412109375,0.170379638671875,1.0953216552734375
1784890866739297024,27.63967204093933,-0.08441162109375,0.1340789794921875,1.1520843505859375
1784890866749217280,27.64959216117859,-0.0746307373046875,0.1096649169921875,1.161102294921875
1784890866759136256,27.65951108932495,-0.0464019775390625,0.1333465576171875,1.1785125732421875
1784890866769056256,27.66943120956421,-0.001068115234375,0.1634063720703125,1.209747314453125
1784890866778975232,27.67935013771057,0.0254669189453125,0.1693878173828125,1.23309326171875
1784890866788895488,27.68927025794983,-0.0070648193359375,0.1211395263671875,1.289520263671875
1784890866798814208,27.69918918609619,-0.0340728759765625,0.07391357421875,1.36346435546875
1784890866808734208,27.70910906791687,-0.035247802734375,0.004150390625,1.455841064453125
1784890866818652928,27.719027757644653,-0.0182647705078125,-0.0478057861328125,1.4915008544921875
1784890866828572928,27.72894787788391,0.0251617431640625,-0.042236328125,1.5097503662109375
1784890866838491904,27.738866806030273,0.086761474609375,0.0033416748046875,1.4839630126953125
1784890866848411904,27.748786687850952,0.0666351318359375,0.0770721435546875,1.460540771484375
1784890866858330880,27.758705854415894,0.01202392578125,0.109039306640625,1.4625701904296875
1784890866868250880,27.768625736236572,-0.0525970458984375,0.165191650390625,1.468841552734375
1784890866878169856,27.778544664382935,-0.0682830810546875,0.1586151123046875,1.4551544189453125
1784890866888089856,27.788464784622192,-0.081512451171875,0.1221771240234375,1.4709625244140625
1784890866898008832,27.798383712768555,-0.073760986328125,0.080718994140625,1.4249267578125
1784890866907928832,27.808303833007812,-0.0705108642578125,0.1083831787109375,1.3468170166015625
1784890866917847808,27.818222761154175,-0.026885986328125,0.189727783203125,1.2647857666015625
1784890866927768064,27.828142881393433,0.0302276611328125,0.2791595458984375,1.1967620849609375
1784890866937687040,27.838061809539795,0.009613037109375,0.3498687744140625,1.1747283935546875
1784890866947606784,27.847981691360474,-0.0333709716796875,0.3368682861328125,1.1544036865234375
1784890866957526016,27.857900857925415,-0.036651611328125,0.26458740234375,1.1281890869140625
1784890866967445760,27.867820739746094,-0.0311279296875,0.26446533203125,1.092132568359375
1784890866977364736,27.877739667892456,-0.0505523681640625,0.277618408203125,1.0208892822265625
1784890866987284992,27.887659788131714,-0.0922088623046875,0.27911376953125,0.9669189453125
1784890866997203712,27.897578716278076,-0.1201629638671875,0.260101318359375,0.91485595703125
1784890867007123968,27.907498836517334,-0.1672210693359375,0.2561798095703125,0.8673248291015625
1784890867017042944,27.917417764663696,-0.228729248046875,0.2789306640625,0.840057373046875
1784890867026962944,27.927337884902954,-0.272064208984375,0.329742431640625,0.821258544921875
1784890867036881920,27.937256813049316,-0.312774658203125,0.401641845703125,0.8061981201171875
1784890867046801920,27.947176694869995,-0.3317108154296875,0.4484710693359375,0.7700958251953125
1784890867056720896,27.957095861434937,-0.3438262939453125,0.42474365234375,0.7380523681640625
1784890867066640896,27.967015743255615,-0.3574676513671875,0.4254913330078125,0.7198333740234375
1784890867076559872,27.976934671401978,-0.39227294921875,0.4604339599609375,0.7130279541015625
1784890867086479872,27.986854791641235,-0.410430908203125,0.401458740234375,0.691497802734375
1784890867096398848,27.996773719787598,-0.5153350830078125,0.3612518310546875,0.6561126708984375
1784890867106318848,28.006693840026855,-0.62384033203125,0.3561859130859375,0.612060546875
1784890867116237824,28.016612768173218,-0.6242218017578125,0.4223175048828125,0.5576629638671875
1784890867126158080,28.026532888412476,-0.56829833984375,0.4508514404296875,0.4996795654296875
1784890867136076800,28.036451816558838,-0.5443267822265625,0.4559478759765625,0.5178985595703125
1784890867145996800,28.046371698379517,-0.519256591796875,0.4849700927734375,0.5443572998046875
1784890867155916032,28.056290864944458,-0.419952392578125,0.51373291015625,0.53265380859375
1784890867165835776,28.066210746765137,-0.3447113037109375,0.6198577880859375,0.6010284423828125
1784890867175754752,28.0761296749115,-0.2935028076171875,0.797271728515625,0.65179443359375
1784890867185675008,28.086049795150757,-0.2784271240234375,0.85089111328125,0.5766448974609375
1784890867195593728,28.09596872329712,-0.3135528564453125,0.653167724609375,0.6328582763671875
1784890867205513984,28.105888843536377,-0.2871246337890625,0.42266845703125,0.7537384033203125
1784890867215432960,28.11580777168274,-0.18695068359375,0.25335693359375,0.927978515625
1784890867225352704,28.125727653503418,0.0999755859375,0.103057861328125,1.1253814697265625
1784890867235271936,28.13564682006836,0.1425323486328125,0.1950836181640625,1.0045928955078125
1784890867245191936,28.145566701889038,-0.1722259521484375,0.3624267578125,1.069488525390625
1784890867255110912,28.15548586845398,-0.1551513671875,0.25872802734375,1.00177001953125
1784890867265030912,28.165405750274658,-0.116363525390625,0.1576080322265625,0.8763885498046875
1784890867274949888,28.17532467842102,-0.0056610107421875,0.15478515625,0.734771728515625
1784890867284869888,28.18524479866028,0.083282470703125,0.2261810302734375,0.7131500244140625
1784890867294788864,28.19516372680664,0.088348388671875,0.4150238037109375,0.777618408203125
1784890867304708864,28.2050838470459,0.086151123046875,0.391937255859375,0.8488616943359375
1784890867314627840,28.21500277519226,0.127838134765625,0.231964111328125,0.85089111328125
1784890867324547840,28.22492265701294,0.0241546630859375,0.174163818359375,0.9854736328125
1784890867334466816,28.23484182357788,-0.145233154296875,0.2525482177734375,1.093048095703125
1784890867344386816,28.24476170539856,-0.242401123046875,0.31085205078125,1.116424560546875
1784890867354306048,28.2546808719635,-0.15814208984375,0.27886962890625,1.15106201171875
1784890867364225792,28.26460075378418,-0.0275726318359375,0.237213134765625,1.2650299072265625
1784890867374144768,28.274519681930542,-0.00384521484375,0.2537384033203125,1.2371826171875
1784890867384065024,28.2844398021698,-0.1021728515625,0.3032989501953125,1.1230926513671875
1784890867393983744,28.294358730316162,-0.1002960205078125,0.335052490234375,1.0395965576171875
1784890867403904000,28.30427885055542,-0.11090087890625,0.332305908203125,0.90496826171875
1784890867413822976,28.314197778701782,-0.0699920654296875,0.2139739990234375,0.8772735595703125
1784890867423742720,28.32411766052246,-0.0399322509765625,0.0642852783203125,0.9049835205078125
1784890867433661952,28.334036827087402,-0.04376220703125,0.0578460693359375,0.8687286376953125
1784890867443581696,28.34395670890808,-0.0349884033203125,0.104400634765625,0.7493438720703125
1784890867453500928,28.353875875473022,-0.006500244140625,0.1111907958984375,0.6663970947265625
1784890867463420928,28.3637957572937,-0.0404815673828125,0.109283447265625,0.7838134765625
1784890867473340928,28.37371587753296,-0.1146697998046875,0.14154052734375,0.8905792236328125
1784890867483259904,28.38363480567932,-0.1690826416015625,0.1140594482421875,0.9260101318359375
1784890867493179904,28.3935546875,-0.159759521484375,0.0272064208984375,0.923248291015625
1784890867503098880,28.40347385406494,-0.1438446044921875,-0.049468994140625,0.955474853515625
1784890867513017856,28.413392782211304,-0.1551055908203125,-0.122955322265625,0.918548583984375
1784890867522937856,28.423312664031982,-0.135986328125,-0.0917510986328125,0.936126708984375
1784890867532856832,28.433231830596924,-0.13134765625,-0.07940673828125,0.96319580078125
1784890867542776832,28.443151712417603,-0.1490020751953125,-0.07891845703125,1.0375823974609375
1784890867552696064,28.453070878982544,-0.1427459716796875,-0.0325164794921875,1.068817138671875
1784890867562615808,28.462990760803223,-0.1539306640625,0.0206451416015625,1.090087890625
1784890867572534784,28.472909688949585,-0.1258697509765625,0.0120849609375,1.11602783203125
1784890867582455040,28.482829809188843,-0.0916748046875,0.0086822509765625,1.0973663330078125
1784890867592373760,28.492748737335205,-0.068389892578125,-0.04473876953125,1.032958984375
1784890867602294016,28.502668857574463,-0.0445556640625,-0.10394287109375,0.99969482421875
1784890867612212992,28.512587785720825,-0.0726318359375,-0.1461029052734375,0.9560546875
1784890867622132736,28.522507667541504,-0.101715087890625,-0.164093017578125,0.9400787353515625
1784890867632051968,28.532426834106445,-0.1208953857421875,-0.166168212890625,0.95501708984375
1784890867641971712,28.542346715927124,-0.12353515625,-0.1400146484375,0.9673919677734375
1784890867651890944,28.552265882492065,-0.1149749755859375,-0.04937744140625,1.0116119384765625
1784890867661810944,28.562185764312744,-0.151123046875,0.0291290283203125,1.0145111083984375
1784890867671729920,28.572104692459106,-0.17083740234375,0.061187744140625,1.0020599365234375
1784890867681649920,28.582024812698364,-0.1960296630859375,0.0340728759765625,0.9840087890625
1784890867691568896,28.591943740844727,-0.19976806640625,0.016082763671875,0.9575958251953125
1784890867701488896,28.601863861083984,-0.1735382080078125,0.014739990234375,0.89141845703125
1784890867711408896,28.611783742904663,-0.1601715087890625,0.030792236328125,0.873779296875
1784890867721327872,28.621702671051025,-0.135406494140625,-0.0055389404296875,0.8419952392578125
1784890867731246848,28.631621837615967,-0.161285400390625,0.0511016845703125,0.8583221435546875
1784890867741166848,28.641541719436646,-0.20074462890625,0.06903076171875,0.8235626220703125
1784890867751086080,28.651460886001587,-0.2122039794921875,0.1038818359375,0.79296875
1784890867761005824,28.661380767822266,-0.1696929931640625,0.1704559326171875,0.8218231201171875
1784890867770924800,28.671299695968628,-0.151123046875,0.157806396484375,0.85223388671875
1784890867780844800,28.681219816207886,-0.1513671875,0.1617431640625,0.945159912109375
1784890867790763776,28.691138744354248,-0.1626434326171875,0.11187744140625,0.9447479248046875
1784890867800684032,28.701058864593506,-0.1345367431640625,0.0599822998046875,0.9426422119140625
1784890867810603008,28.710977792739868,-0.11724853515625,-0.0279998779296875,0.998016357421875
1784890867820522752,28.720897674560547,-0.1510009765625,-0.0349273681640625,1.0735321044921875
1784890867830442752,28.730817556381226,-0.2171783447265625,0.097503662109375,1.0444488525390625
1784890867840361472,28.740736484527588,-0.1926422119140625,0.0826416015625,0.951263427734375
1784890867850281728,28.750656604766846,-0.1291656494140625,0.122955322265625,0.9375457763671875
1784890867860200704,28.760575532913208,-0.1240234375,0.1156005859375,0.87109375
1784890867870119936,28.77049469947815,-0.086761474609375,0.0982513427734375,0.8408660888671875
1784890867880039680,28.780414581298828,-0.0825958251953125,0.1151885986328125,0.802215576171875
1784890867889959936,28.790334701538086,-0.1172637939453125,0.067169189453125,0.80010986328125
1784890867899878656,28.80025362968445,-0.0941619873046875,-0.007659912109375,0.8722381591796875
1784890867909797632,28.81017255783081,-0.0958251953125,-0.0478515625,0.8099365234375
1784890867919717888,28.82009267807007,-0.0898590087890625,-0.0515594482421875,0.7705841064453125
1784890867929636608,28.83001160621643,-0.0587310791015625,-0.0933380126953125,0.8126373291015625
1784890867939556608,28.83993148803711,-0.1605682373046875,-0.1101226806640625,0.849151611328125
1784890867949476608,28.849851608276367,-0.12750244140625,-0.1033782958984375,0.870025634765625
1784890867959395584,28.85977053642273,-0.0900726318359375,-0.1378631591796875,0.878387451171875
1784890867969315840,28.869690656661987,-0.08746337890625,-0.1614990234375,0.9067535400390625
1784890867979234816,28.87960958480835,-0.1205291748046875,-0.166717529296875,0.9573822021484375
1784890867989154816,28.889529705047607,-0.0763702392578125,-0.0462493896484375,1.0011749267578125
1784890867999073792,28.89944863319397,-0.089752197265625,0.025970458984375,0.9480133056640625
1784890868008992768,28.909367561340332,-0.0886383056640625,-0.0382080078125,0.9227142333984375
1784890868018912768,28.91928768157959,-0.1012420654296875,-0.1244354248046875,0.8937835693359375
1784890868028831744,28.929206609725952,-0.105255126953125,-0.1325225830078125,0.853912353515625
1784890868038751488,28.93912649154663,-0.096527099609375,-0.11322021484375,0.8899078369140625
1784890868048671744,28.94904661178589,-0.0782928466796875,-0.0380859375,0.961517333984375
1784890868058590720,28.95896553993225,-0.0772857666015625,0.03070068359375,0.9459075927734375
1784890868068509696,28.968884706497192,-0.03228759765625,0.0337371826171875,1.0280303955078125
1784890868078429696,28.97880458831787,-0.0495758056640625,0.0294036865234375,1.0904693603515625
1784890868088348672,28.988723516464233,-0.035888671875,0.031494140625,1.064056396484375
1784890868098268672,28.99864363670349,0.048095703125,-0.0332489013671875,1.022369384765625
1784890868108187648,29.008562564849854,0.061553955078125,-0.0386505126953125,1.0376129150390625
1784890868118107904,29.01848268508911,-0.02252197265625,-0.0003509521484375,1.0950775146484375
1784890868128027648,29.02840256690979,0.0196075439453125,0.007720947265625,1.0966033935546875
1784890868137946624,29.038321495056152,0.0213165283203125,0.0185394287109375,1.067718505859375
1784890868147865856,29.048240661621094,0.01849365234375,-0.056884765625,0.9017181396484375
1784890868157785600,29.058160543441772,0.012298583984375,-0.2165679931640625,0.7431182861328125
1784890868167704832,29.068079710006714,0.0171051025390625,-0.3476715087890625,0.70367431640625
1784890868177624576,29.077999591827393,-0.14013671875,-0.412841796875,0.5371246337890625
1784890868187544832,29.08791971206665,0.030242919921875,-0.4767303466796875,0.38482666015625
1784890868197463808,29.097838640213013,0.0164642333984375,-0.4780426025390625,0.268798828125
1784890868207382784,29.107757568359375,-0.030487060546875,-0.4264678955078125,0.2278594970703125
1784890868217302784,29.117677688598633,-0.0575103759765625,-0.4199371337890625,0.11273193359375
1784890868227221760,29.127596616744995,-0.182708740234375,-0.40130615234375,0.0831451416015625
1784890868237141504,29.137516498565674,-0.1293487548828125,-0.511016845703125,0.0747528076171875
1784890868247060736,29.147435665130615,-0.0797119140625,-0.6740875244140625,-0.083892822265625
1784890868256980736,29.157355546951294,-0.1918487548828125,-0.629791259765625,-0.254425048828125
1784890868266900736,29.16727566719055,-0.15478515625,-0.61651611328125,-0.4060821533203125
1784890868276819712,29.177194595336914,-0.0019989013671875,-0.62237548828125,-0.4749908447265625
1784890868286739712,29.187114715576172,0.127166748046875,-0.7142486572265625,-0.4400482177734375
1784890868296658688,29.197033643722534,0.0892333984375,-0.8374481201171875,-0.435760498046875
1784890868306578688,29.206953525543213,0.0709686279296875,-0.869537353515625,-0.322662353515625
1784890868316497920,29.216872692108154,0.04388427734375,-0.8356781005859375,-0.2136993408203125
1784890868326416640,29.226791620254517,0.008514404296875,-0.8137359619140625,-0.1601409912109375
1784890868336336640,29.236711502075195,-0.0622711181640625,-0.796234130859375,-0.120819091796875
1784890868346255872,29.246630668640137,-0.07403564453125,-0.90380859375,-0.165008544921875
1784890868356175616,29.256550550460815,0.0274200439453125,-1.095977783203125,-0.2252655029296875
1784890868366094848,29.266469717025757,0.177886962890625,-1.120880126953125,-0.21728515625
1784890868376014592,29.276389598846436,0.2863006591796875,-1.1083221435546875,-0.19329833984375
1784890868385933568,29.286308526992798,0.30908203125,-1.1437530517578125,-0.052398681640625
1784890868395853824,29.296228647232056,0.2077484130859375,-1.1851654052734375,0.082061767578125
1784890868405772800,29.306147575378418,0.2047271728515625,-1.1594390869140625,0.163116455078125
1784890868415692800,29.316067695617676,0.2927398681640625,-1.02978515625,0.1314239501953125
1784890868425611776,29.325986623764038,0.2656402587890625,-0.9935150146484375,0.0971221923828125
1784890868435531520,29.335906505584717,0.2693939208984375,-1.116424560546875,0.0656890869140625
1784890868445450752,29.345825672149658,0.2934112548828125,-1.47332763671875,0.21868896484375
1784890868455370752,29.355745553970337,0.284454345703125,-1.8358917236328125,0.2201690673828125
1784890868465289728,29.36566472053528,0.268402099609375,-1.7328033447265625,0.2497406005859375
1784890868475209728,29.375584602355957,0.3501434326171875,-1.4100341796875,0.0332489013671875
1784890868485128704,29.38550353050232,0.3697662353515625,-1.2239837646484375,-0.108795166015625
1784890868495048704,29.395423650741577,0.501312255859375,-1.17138671875,-0.2439117431640625
1784890868504967680,29.40534257888794,0.553253173828125,-1.1827545166015625,-0.2950286865234375
1784890868514887936,29.415262699127197,0.51177978515625,-1.1898040771484375,-0.2416229248046875
1784890868524806656,29.42518162727356,0.359588623046875,-1.30633544921875,-0.14752197265625
1784890868534726656,29.43510150909424,0.207672119140625,-1.3609771728515625,-0.130126953125
1784890868544645888,29.44502067565918,0.1861114501953125,-1.2672119140625,-0.1847076416015625
1784890868554565632,29.45494055747986,0.1891326904296875,-1.2099151611328125,-0.349853515625
1784890868564484608,29.46485948562622,0.2082672119140625,-1.288421630859375,-0.392852783203125
1784890868574404608,29.47477960586548,0.1575164794921875,-1.3381500244140625,-0.3418426513671875
1784890868584323584,29.48469853401184,0.08917236328125,-1.40545654296875,-0.3629302978515625
1784890868594243840,29.4946186542511,0.1011810302734375,-1.349639892578125,-0.3918304443359375
1784890868604162816,29.50453758239746,0.0902099609375,-1.327911376953125,-0.412506103515625
1784890868614082816,29.51445770263672,0.0419921875,-1.3651580810546875,-0.4114990234375
1784890868624001792,29.52437663078308,0.0859375,-1.4196929931640625,-0.4886932373046875
1784890868633921536,29.53429651260376,0.1063385009765625,-1.314483642578125,-0.5076141357421875
1784890868643840768,29.5442156791687,0.123809814453125,-1.2791900634765625,-0.481781005859375
1784890868653760768,29.55413556098938,0.01702880859375,-1.3826446533203125,-0.464019775390625
1784890868663679488,29.564054489135742,0.0041351318359375,-1.5847015380859375,-0.4345245361328125
1784890868673599744,29.573974609375,-0.0337371826171875,-1.7610626220703125,-0.4207611083984375
1784890868683518720,29.583893537521362,0.007904052734375,-1.749481201171875,-0.37841796875
1784890868693438720,29.59381365776062,0.1676483154296875,-1.6852264404296875,-0.41973876953125
1784890868703357696,29.603732585906982,0.2852325439453125,-1.51153564453125,-0.35919189453125
1784890868713277696,29.61365270614624,0.326080322265625,-1.439178466796875,-0.25970458984375
1784890868723196672,29.623571634292603,0.273193359375,-1.43719482421875,-0.237213134765625
1784890868733116672,29.63349151611328,0.19989013671875,-1.443084716796875,-0.2169952392578125
1784890868743035904,29.643410682678223,0.1783599853515625,-1.6411285400390625,-0.1888885498046875
1784890868752955648,29.6533305644989,0.2438812255859375,-1.89068603515625,-0.129974365234375
1784890868762874624,29.663249492645264,0.364288330078125,-1.9425506591796875,-0.326812744140625
1784890868772794624,29.67316961288452,0.4202423095703125,-1.595428466796875,-0.476959228515625
1784890868782713600,29.683088541030884,0.50732421875,-1.5450592041015625,-0.4844207763671875
1784890868792633856,29.69300866127014,0.515533447265625,-1.9153289794921875,-0.371124267578125
1784890868802552576,29.702927589416504,0.5646209716796875,-2.1170501708984375,-0.2501983642578125
1784890868812472832,29.71284770965576,0.4322662353515625,-1.8752593994140625,-0.1403350830078125
1784890868822392064,29.722766876220703,0.3311614990234375,-1.713165283203125,-0.043212890625
1784890868832312064,29.73268699645996,0.3109893798828125,-1.9647369384765625,-0.053741455078125
1784890868842231040,29.742605924606323,0.45404052734375,-1.9881591796875,0.065185546875
1784890868852151040,29.75252604484558,0.58489990234375,-2.0176239013671875,-0.1423492431640625
1784890868862070016,29.762444972991943,0.6660614013671875,-1.9867706298828125,-0.092254638671875
1784890868871990272,29.7723650932312,0.4476165771484375,-1.8765106201171875,-0.02447509765625
1784890868881909248,29.782284021377563,0.314727783203125,-1.6883697509765625,0.165924072265625
1784890868891828992,29.792203903198242,0.1209716796875,-1.413970947265625,0.1728057861328125
1784890868901748224,29.802123069763184,-0.01348876953125,-1.2405242919921875,0.06951904296875
1784890868911667968,29.812042951583862,0.080963134765625,-1.0739288330078125,-0.11956787109375
1784890868921586944,29.821961879730225,-0.0306549072265625,-0.6636199951171875,-0.1911468505859375
1784890868931507200,29.831881999969482,-0.1538848876953125,-0.34088134765625,-0.2584991455078125
1784890868941425920,29.841800928115845,-0.345672607421875,-0.2727813720703125,-0.0963287353515625
1784890868951346176,29.851721048355103,-0.246124267578125,-0.0384979248046875,0.1100311279296875
1784890868961265152,29.861639976501465,-0.0644683837890625,-0.1701507568359375,0.0416412353515625
1784890868971185152,29.871560096740723,-0.2453155517578125,0.029205322265625,0.15264892578125
1784890868981104128,29.881479024887085,-0.2832183837890625,0.71630859375,0.3889617919921875
1784890868991024128,29.891398906707764,-0.5034942626953125,0.652313232421875,0.20709228515625
1784890869000943104,29.901318073272705,-0.234161376953125,0.2659759521484375,0.250732421875
1784890869010863104,29.911237955093384,0.3585205078125,-0.10589599609375,0.2316741943359375
1784890869020782080,29.921156883239746,0.7536163330078125,-0.14471435546875,-0.087005615234375
1784890869030702080,29.931077003479004,0.7635650634765625,0.4212646484375,-0.474609375
1784890869040621056,29.940995931625366,0.429412841796875,0.66552734375,-0.670806884765625
1784890869050541056,29.950916051864624,0.4744110107421875,0.52294921875,-0.9457244873046875
1784890869060460032,29.960834980010986,0.3830108642578125,0.816162109375,-1.298431396484375
1784890869070380032,29.970754861831665,0.72821044921875,0.5216217041015625,-1.6401214599609375
1784890869080299264,29.980674028396606,1.3054656982421875,0.2043914794921875,-1.8726959228515625
1784890869090219008,29.990593910217285,1.31182861328125,0.254730224609375,-2.2581787109375
1784890869100138240,30.000513076782227,1.0377960205078125,-0.1180419921875,-2.323333740234375
1784890869110057984,30.010432958602905,0.9493865966796875,-0.5721588134765625,-2.1343231201171875
1784890869119976960,30.020351886749268,0.86322021484375,-0.6386260986328125,-2.18280029296875
1784890869129897216,30.030272006988525,0.9405670166015625,-0.813690185546875,-2.26629638671875
1784890869139815936,30.040190935134888,1.0202178955078125,-0.9636688232421875,-2.2458648681640625
1784890869149736192,30.050111055374146,1.0532989501953125,-1.0120849609375,-2.0611114501953125
1784890869159655168,30.060029983520508,1.036346435546875,-1.0115814208984375,-1.80657958984375
1784890869169574912,30.069949865341187,1.0568695068359375,-1.008880615234375,-1.5187530517578125
1784890869179494144,30.079869031906128,0.9162445068359375,-1.2481689453125,-1.172332763671875
1784890869189414144,30.089788913726807,0.82110595703125,-1.390960693359375,-0.9130096435546875
1784890869199333120,30.099708080291748,0.68170166015625,-1.464080810546875,-0.7742919921875
1784890869209253120,30.109627962112427,0.5189361572265625,-1.5281524658203125,-0.6853790283203125
1784890869219172096,30.11954689025879,0.516754150390625,-1.5281982421875,-0.784332275390625
1784890869229092096,30.129467010498047,0.483978271484375,-1.3670806884765625,-0.782379150390625
1784890869239011072,30.13938593864441,0.6083221435546875,-1.1976470947265625,-0.8147125244140625
1784890869248931072,30.149306058883667,0.75616455078125,-1.2389678955078125,-0.8222198486328125
1784890869258850048,30.15922498703003,0.7564849853515625,-1.2911224365234375,-0.7611083984375
1784890869268770048,30.169144868850708,0.5937957763671875,-1.4149322509765625,-0.66546630859375
1784890869278689024,30.17906403541565,0.5573272705078125,-1.507049560546875,-0.6414337158203125
1784890869288609024,30.188983917236328,0.598907470703125,-1.49139404296875,-0.5326080322265625
1784890869298528256,30.19890308380127,0.6126251220703125,-1.538604736328125,-0.339691162109375
1784890869308448000,30.20882296562195,0.6368255615234375,-1.49365234375,-0.11895751953125
1784890869318366976,30.21874189376831,0.662628173828125,-1.3787078857421875,0.0114593505859375
1784890869328287232,30.22866201400757,0.6814422607421875,-1.2849578857421875,0.0918121337890625
1784890869338205952,30.23858094215393,0.702911376953125,-1.3400115966796875,0.1769256591796875
1784890869348126208,30.24850106239319,0.5942535400390625,-1.4795989990234375,0.18048095703125
1784890869358045184,30.25841999053955,0.4881134033203125,-1.5383453369140625,0.12371826171875
1784890869367964928,30.26833987236023,0.4410400390625,-1.527496337890625,0.046539306640625
1784890869377884160,30.27825903892517,0.40008544921875,-1.3783111572265625,-0.0193023681640625
1784890869387803904,30.28817892074585,0.3289642333984375,-1.1920318603515625,-0.150909423828125
1784890869397723136,30.29809808731079,0.3829193115234375,-1.0622100830078125,-0.29638671875
1784890869407643136,30.30801796913147,0.4853973388671875,-1.169586181640625,-0.5054168701171875
1784890869417562112,30.317936897277832,0.5439910888671875,-1.2131805419921875,-0.66815185546875
1784890869427482112,30.32785701751709,0.6750335693359375,-1.0995635986328125,-0.6967926025390625
1784890869437401088,30.337775945663452,0.534942626953125,-0.8638458251953125,-0.7570037841796875
1784890869447321088,30.34769606590271,0.4444580078125,-0.9048614501953125,-0.88232421875
1784890869457240064,30.357614994049072,0.5904541015625,-0.9669036865234375,-0.77911376953125
1784890869467160064,30.36753487586975,0.693206787109375,-0.9820404052734375,-0.819305419921875
1784890869477079040,30.377454042434692,0.5483551025390625,-1.07867431640625,-0.66546630859375
1784890869486999040,30.38737392425537,0.480621337890625,-1.4572601318359375,-0.6954193115234375
1784890869496918272,30.397293090820312,0.32965087890625,-1.8196258544921875,-0.91864013671875
1784890869506838016,30.40721297264099,0.2328033447265625,-2.0682373046875,-0.67864990234375
1784890869516756992,30.417131900787354,0.6732940673828125,-1.637664794921875,-0.7353668212890625
1784890869526677248,30.42705202102661,0.998748779296875,-1.2671661376953125,-0.9695587158203125
1784890869536595968,30.436970949172974,0.872802734375,-1.34405517578125,-1.1308441162109375
1784890869546516224,30.44689106941223,0.82318115234375,-1.5800323486328125,-0.968536376953125
1784890869556435200,30.456809997558594,0.89483642578125,-1.6244354248046875,-0.84619140625
1784890869566354944,30.466729879379272,0.9109954833984375,-1.5410614013671875,-0.8236541748046875
1784890869576274176,30.476649045944214,0.862823486328125,-1.6047210693359375,-0.8448486328125
1784890869586193920,30.486568927764893,0.7896575927734375,-1.6118316650390625,-0.7547607421875
1784890869596113152,30.496488094329834,0.882843017578125,-1.711578369140625,-0.7188262939453125
1784890869606033152,30.506407976150513,0.8988800048828125,-1.6123809814453125,-0.6680908203125
1784890869615952128,30.516326904296875,0.9917144775390625,-1.339874267578125,-0.6785736083984375
1784890869625872128,30.526247024536133,1.03045654296875,-1.0782470703125,-0.6863555908203125
1784890869635791104,30.536165952682495,0.9545745849609375,-0.951873779296875,-0.661468505859375
1784890869645711104,30.546086072921753,0.8940887451171875,-0.8536529541015625,-0.6122589111328125
1784890869655630080,30.556005001068115,0.904022216796875,-0.6698455810546875,-0.4783172607421875
1784890869665550080,30.565924882888794,0.8869171142578125,-0.4086151123046875,-0.30902099609375
1784890869675469056,30.575844049453735,0.8292694091796875,-0.1558380126953125,-0.1609039306640625
1784890869685389056,30.585763931274414,0.753875732421875,0.0365753173828125,-0.037139892578125
1784890869695308288,30.595683097839355,0.6730499267578125,0.1767730712890625,0.0699310302734375
1784890869705227264,30.605602025985718,0.6100006103515625,0.2865753173828125,0.2674407958984375
1784890869715147008,30.615521907806396,0.5036163330078125,0.31719970703125,0.4159393310546875
1784890869725067264,30.625442028045654,0.4314422607421875,0.30743408203125,0.53729248046875
1784890869734985984,30.635360956192017,0.2718963623046875,0.3406829833984375,0.59375
1784890869744904960,30.64527988433838,0.095611572265625,0.321136474609375,0.6105804443359375
1784890869754825216,30.655200004577637,-0.08978271484375,0.2551727294921875,0.5893096923828125
1784890869764743936,30.665118932724,-0.1824188232421875,0.23101806640625,0.5399169921875
1784890869774664192,30.675039052963257,-0.140625,0.2565155029296875,0.450164794921875
1784890869784583168,30.68495798110962,-0.026275634765625,0.2312774658203125,0.3602752685546875
1784890869794502912,30.694877862930298,0.043243408203125,0.16693115234375,0.343353271484375
1784890869804422144,30.70479702949524,0.0060272216796875,0.1169891357421875,0.35406494140625
1784890869814342144,30.714716911315918,-0.046722412109375,0.052093505859375,0.3584442138671875
1784890869824261120,30.72463607788086,-0.0230712890625,-0.0462493896484375,0.3967742919921875
1784890869834181120,30.734555959701538,0.0104217529296875,-0.248077392578125,0.4104766845703125
1784890869844100096,30.7444748878479,-0.006072998046875,-0.3834686279296875,0.420562744140625
1784890869854020096,30.754395008087158,-0.0734100341796875,-0.402679443359375,0.431304931640625
1784890869863939072,30.76431393623352,-0.1223297119140625,-0.3628387451171875,0.297027587890625
1784890869873859072,30.77423405647278,-0.0629119873046875,-0.2664337158203125,0.11968994140625
1784890869883778048,30.78415298461914,0.0508575439453125,-0.2359466552734375,-0.0044097900390625
1784890869893698048,30.79407286643982,0.179779052734375,-0.333648681640625,0.0333099365234375
1784890869903617024,30.80399203300476,0.25946044921875,-0.52899169921875,0.2087554931640625
1784890869913537024,30.81391191482544,0.2580718994140625,-0.746337890625,0.351226806640625
1784890869923456256,30.82383108139038,0.1825714111328125,-0.83258056640625,0.4088134765625
1784890869933376000,30.83375096321106,0.107025146484375,-0.7857666015625,0.3883514404296875
1784890869943294976,30.843669891357422,0.0947418212890625,-0.7073516845703125,0.37939453125
1784890869953215232,30.85359001159668,0.1334686279296875,-0.63726806640625,0.3781890869140625
1784890869963133952,30.863508939743042,0.2319183349609375,-0.6142578125,0.438323974609375
1784890869973054208,30.8734290599823,0.3408050537109375,-0.6793060302734375,0.49798583984375
1784890869982973184,30.883347988128662,0.3735198974609375,-0.771942138671875,0.56561279296875
1784890869992892928,30.89326786994934,0.30303955078125,-0.8961639404296875,0.6389007568359375
1784890870002812160,30.903187036514282,0.2135009765625,-1.0450439453125,0.7360992431640625
1784890870012731904,30.91310691833496,0.204559326171875,-1.126068115234375,0.8061981201171875
1784890870022651136,30.923026084899902,0.2931976318359375,-1.1280364990234375,0.865478515625
1784890870032571136,30.93294596672058,0.3717041015625,-1.1529541015625,0.9986572265625
1784890870042490112,30.942864894866943,0.33428955078125,-1.1937713623046875,1.110137939453125
1784890870052410112,30.9527850151062,0.33349609375,-1.175689697265625,1.190765380859375
1784890870062329088,30.962703943252563,0.338531494140625,-1.1420440673828125,1.2310943603515625
1784890870072249088,30.97262406349182,0.2944183349609375,-1.1302947998046875,1.30828857421875
1784890870082168064,30.982542991638184,0.2239990234375,-1.126129150390625,1.3722991943359375
1784890870092088064,30.992462873458862,0.123016357421875,-1.132781982421875,1.42303466796875
1784890870102007040,31.002382040023804,0.0290069580078125,-1.1451873779296875,1.4096527099609375
1784890870111927040,31.012301921844482,-0.0845794677734375,-1.1387176513671875,1.40509033203125
1784890870121846272,31.022221088409424,-0.2243499755859375,-1.1357879638671875,1.4975128173828125
1784890870131766016,31.032140970230103,-0.162261962890625,-1.1977081298828125,1.5195159912109375
1784890870141684992,31.042059898376465,-0.10931396484375,-1.0792388916015625,1.6136474609375
1784890870151605248,31.051980018615723,-0.1612548828125,-1.2032012939453125,1.8025665283203125
1784890870161523968,31.061898946762085,-0.1446990966796875,-1.23114013671875,1.8655853271484375
1784890870171444224,31.071819067001343,-0.03912353515625,-1.3795013427734375,1.9300537109375
1784890870181363200,31.081737995147705,0.3165130615234375,-0.580291748046875,1.61920166015625
1784890870191282944,31.091657876968384,-0.3505401611328125,-0.166412353515625,1.0532073974609375
1784890870201202176,31.101577043533325,-0.141082763671875,-0.54217529296875,0.9621124267578125
1784890870211121920,31.111496925354004,-0.0463104248046875,-0.9777679443359375,0.7799835205078125
1784890870221041152,31.121416091918945,-0.136962890625,-1.0895843505859375,0.71551513671875
1784890870230961152,31.131335973739624,-0.1672821044921875,-0.91290283203125,0.6369171142578125
1784890870240880128,31.141254901885986,-0.1337890625,-0.8104095458984375,0.5263824462890625
1784890870250800128,31.151175022125244,-0.0737152099609375,-0.8474273681640625,0.4432373046875
1784890870260719104,31.161093950271606,-0.046966552734375,-0.9248046875,0.2793426513671875
1784890870270639104,31.171014070510864,-0.0992431640625,-0.82550048828125,0.2020416259765625
1784890870280558080,31.180932998657227,-0.1147003173828125,-0.62274169921875,0.0728759765625
1784890870290478080,31.190852880477905,-0.1769561767578125,-0.5242462158203125,-0.0583953857421875
1784890870300397056,31.200772047042847,-0.1964569091796875,-0.6301116943359375,-0.111358642578125
1784890870310317056,31.210691928863525,-0.2439117431640625,-0.911773681640625,-0.1619720458984375
1784890870320236288,31.220611095428467,-0.2660980224609375,-1.1402435302734375,-0.1726531982421875
1784890870330156032,31.230530977249146,-0.2333984375,-1.1845855712890625,-0.224029541015625
1784890870340075008,31.240449905395508,-0.241455078125,-1.019989013671875,-0.2972564697265625
1784890870349995264,31.250370025634766,-0.1212158203125,-0.6480560302734375,-0.1798858642578125
1784890870359913984,31.260288953781128,-0.1553192138671875,-0.6049957275390625,-0.1437225341796875
1784890870369834240,31.270209074020386,-0.0905303955078125,-0.68670654296875,-0.1415863037109375
1784890870379753216,31.280128002166748,0.0298614501953125,-0.9996337890625,-0.096343994140625
1784890870389672960,31.290047883987427,0.0579833984375,-1.1082000732421875,-0.0420989990234375
1784890870399592192,31.299967050552368,0.0124664306640625,-1.0680694580078125,0.0496826171875
1784890870409511936,31.309886932373047,0.049346923828125,-1.0872802734375,0.1889190673828125
1784890870419430912,31.31980586051941,-0.068511962890625,-0.8874359130859375,0.484222412109375
1784890870429351168,31.329725980758667,0.005706787109375,-1.2354888916015625,0.3895111083984375
1784890870439270144,31.33964490890503,0.0543365478515625,-1.2951812744140625,0.71124267578125
1784890870449190144,31.349565029144287,0.1478271484375,-1.322967529296875,0.7613983154296875
1784890870459109120,31.35948395729065,0.110443115234375,-1.2468109130859375,0.582122802734375
1784890870469029120,31.369404077529907,0.1534881591796875,-1.1484527587890625,0.5738525390625
1784890870478948096,31.37932300567627,0.190277099609375,-1.252227783203125,0.427398681640625
1784890870488868096,31.38924288749695,0.336700439453125,-1.2040252685546875,0.6141357421875
1784890870498787072,31.39916205406189,0.3866729736328125,-1.3968353271484375,0.4809417724609375
1784890870508706048,31.409080982208252,0.42864990234375,-1.5575408935546875,0.3292694091796875
1784890870518626048,31.41900086402893,0.4248809814453125,-1.44921875,0.1972198486328125
1784890870528545024,31.428920030593872,0.3105926513671875,-1.189483642578125,0.0542144775390625
1784890870538465024,31.43883991241455,0.181640625,-1.0196533203125,-0.22174072265625
1784890870548384256,31.448759078979492,0.1752166748046875,-0.96820068359375,-0.3280792236328125
1784890870558304000,31.45867896080017,0.1445159912109375,-1.0947723388671875,-0.4993896484375
1784890870568222976,31.468597888946533,0.15411376953125,-1.0584564208984375,-0.5676727294921875
1784890870578143232,31.47851800918579,0.1071319580078125,-0.97967529296875,-0.63739013671875
1784890870588061952,31.488436937332153,0.047027587890625,-0.9280242919921875,-0.5827484130859375
1784890870597982208,31.49835705757141,-0.0118865966796875,-0.89300537109375,-0.5575103759765625
1784890870607901184,31.508275985717773,0.0355377197265625,-0.8722991943359375,-0.5372161865234375
1784890870617820928,31.518195867538452,-0.0365753173828125,-0.9788970947265625,-0.6875
1784890870627740160,31.528115034103394,0.0832977294921875,-1.1754302978515625,-0.7586669921875
1784890870637659904,31.538034915924072,0.0834808349609375,-1.3298492431640625,-0.83843994140625
1784890870647579136,31.547954082489014,0.04180908203125,-1.3283538818359375,-0.8797760009765625
1784890870657499136,31.557873964309692,0.01336669921875,-1.1581573486328125,-0.866546630859375
1784890870667418112,31.567792892456055,-0.0991668701171875,-1.1623687744140625,-0.7975006103515625
1784890870677338112,31.577713012695312,0.0344085693359375,-1.1871185302734375,-0.6551055908203125
1784890870687257088,31.587631940841675,-0.092681884765625,-1.23065185546875,-0.5126800537109375
1784890870697177088,31.597552061080933,-0.1330413818359375,-1.292266845703125,-0.356048583984375
1784890870707096064,31.607470989227295,-0.120574951171875,-1.2677001953125,-0.291595458984375
1784890870717016064,31.617390871047974,-0.142425537109375,-1.3681640625,-0.293304443359375
1784890870726935040,31.627310037612915,-0.0950775146484375,-1.3379058837890625,-0.16998291015625
1784890870736855040,31.637229919433594,-0.032073974609375,-1.188262939453125,-0.0517120361328125
1784890870746774272,31.647149085998535,0.0086822509765625,-1.1356964111328125,0.0402374267578125
1784890870756694016,31.657068967819214,0.0421905517578125,-1.24658203125,0.0695037841796875
1784890870766612992,31.666987895965576,0.04638671875,-1.416748046875,0.042327880859375
1784890870776533248,31.676908016204834,0.046112060546875,-1.533782958984375,-0.0128631591796875
1784890870786451968,31.686826944351196,0.061981201171875,-1.5650482177734375,0.0399932861328125
1784890870796372224,31.696747064590454,0.0529937744140625,-1.671051025390625,0.0733489990234375
1784890870806291200,31.706665992736816,0.044158935546875,-1.6944122314453125,0.076690673828125
1784890870816210944,31.716585874557495,0.032806396484375,-1.674713134765625,-0.043701171875
1784890870826130432,31.726505279541016,0.1536102294921875,-1.745513916015625,-0.0792083740234375
1784890870836050432,31.736425399780273,0.218841552734375,-1.91741943359375,0.007232666015625
1784890870845969408,31.746344327926636,0.2106170654296875,-1.99981689453125,-0.029571533203125
1784890870855889664,31.756264448165894,0.1792449951171875,-1.9384613037109375,-0.2640533447265625
1784890870865808384,31.766183376312256,0.2133636474609375,-1.9723968505859375,-0.3333587646484375
1784890870875728384,31.776103258132935,0.2530975341796875,-2.1823883056640625,-0.407562255859375
1784890870885647616,31.786022424697876,0.2285003662109375,-2.224365234375,-0.406097412109375
1784890870895567360,31.795942306518555,0.3740386962890625,-2.2176361083984375,-0.40924072265625
1784890870905486336,31.805861234664917,0.402984619140625,-2.458740234375,-0.4190521240234375
1784890870915406592,31.815781354904175,0.260040283203125,-2.2978668212890625,-0.4763336181640625
1784890870925325312,31.825700283050537,0.3409271240234375,-1.8712921142578125,-0.3653106689453125
1784890870935245568,31.835620403289795,0.209259033203125,-1.6324310302734375,-0.227569580078125
1784890870945164544,31.845539331436157,-0.011383056640625,-1.423431396484375,-0.1479644775390625
1784890870955084544,31.855459451675415,-0.0637969970703125,-1.0070648193359375,-0.0208587646484375
1784890870965003520,31.865378379821777,-0.456268310546875,-0.6797943115234375,-0.052032470703125
1784890870974923264,31.875298261642456,-0.410064697265625,-0.3870391845703125,-0.037384033203125
1784890870984842496,31.885217428207397,-0.034698486328125,-0.2552642822265625,-0.0317230224609375
1784890870994762496,31.895137310028076,0.007904052734375,0.0367584228515625,-0.1107025146484375
1784890871004681472,31.90505623817444,-0.4555816650390625,0.114044189453125,-0.407196044921875
1784890871014601472,31.914976358413696,-0.4275054931640625,0.7200164794921875,-0.1974029541015625
1784890871024520448,31.92489528656006,-0.4887542724609375,0.401885986328125,-0.1116180419921875
1784890871034440448,31.934815406799316,-0.407928466796875,0.0890655517578125,0.295013427734375
1784890871044359424,31.94473433494568,-0.212493896484375,0.343475341796875,0.33251953125
1784890871054279680,31.954654455184937,-0.0919647216796875,0.3187713623046875,0.2931060791015625
1784890871064198400,31.9645733833313,-0.0680084228515625,0.5211029052734375,0.23138427734375
1784890871074118400,31.974493265151978,0.249725341796875,0.24041748046875,-0.2142791748046875
1784890871084037632,31.98441243171692,0.6324310302734375,0.1210784912109375,-0.77435302734375
1784890871093957376,31.994332313537598,0.7860260009765625,0.2968597412109375,-0.9417724609375
1784890871103876352,32.00425124168396,0.6179656982421875,0.4608001708984375,-1.0963897705078125
1784890871113796352,32.01417136192322,0.7462921142578125,0.360809326171875,-1.3981781005859375
1784890871123715328,32.02409029006958,0.7872314453125,0.0199432373046875,-1.6860504150390625
1784890871133635584,32.03401041030884,0.7062835693359375,-0.380157470703125,-1.6238250732421875
1784890871143554560,32.0439293384552,0.491912841796875,-0.36126708984375,-1.776397705078125
1784890871153474560,32.05384945869446,0.5618896484375,-0.2098846435546875,-2.117645263671875
1784890871163393536,32.06376838684082,0.640960693359375,-0.33367919921875,-2.194183349609375
1784890871173313280,32.0736882686615,0.696380615234375,-0.8131561279296875,-2.070159912109375
1784890871183232512,32.08360743522644,0.4793853759765625,-0.8683929443359375,-2.1744232177734375
1784890871193152512,32.09352731704712,0.52581787109375,-0.777923583984375,-2.011383056640625
1784890871203071232,32.10344624519348,0.789031982421875,-0.777069091796875,-2.0281982421875
1784890871212991488,32.11336636543274,0.751007080078125,-0.7463531494140625,-2.09454345703125
1784890871222910464,32.1232852935791,0.807281494140625,-0.87786865234375,-1.9832916259765625
1784890871232830464,32.13320541381836,0.8766021728515625,-1.0461578369140625,-1.764556884765625
1784890871242749440,32.14312434196472,0.7129058837890625,-1.033172607421875,-1.6616363525390625
1784890871252669696,32.15304446220398,0.5264892578125,-1.0381317138671875,-1.487030029296875
1784890871262588416,32.16296339035034,0.4344482421875,-1.0426177978515625,-1.35125732421875
1784890871272508416,32.17288327217102,0.5628509521484375,-1.0735321044921875,-1.2035369873046875
1784890871282427648,32.18280243873596,0.5370025634765625,-1.2049560546875,-1.05218505859375
1784890871292346368,32.192721366882324,0.4800872802734375,-1.4639434814453125,-1.0217132568359375
1784890871302266368,32.202641248703,0.44793701171875,-1.518798828125,-0.9167327880859375
1784890871312185600,32.212560415267944,0.4704437255859375,-1.4484405517578125,-0.987213134765625
1784890871322105344,32.22248029708862,0.58184814453125,-1.2015838623046875,-0.914520263671875
1784890871332024576,32.232399463653564,0.6605072021484375,-1.103179931640625,-0.8642120361328125
1784890871341944576,32.24231934547424,0.6633453369140625,-1.151580810546875,-0.753875732421875
1784890871351863296,32.252238273620605,0.6891632080078125,-1.2049102783203125,-0.536773681640625
1784890871361783552,32.26215839385986,0.608642578125,-1.4470977783203125,-0.302703857421875
1784890871371702528,32.272077322006226,0.53375244140625,-1.6356048583984375,-0.1200408935546875
1784890871381622528,32.28199744224548,0.50128173828125,-1.6804656982421875,0.0063934326171875
1784890871391541504,32.291916370391846,0.423675537109375,-1.6739654541015625,0.0280303955078125
1784890871401461248,32.301836252212524,0.3698883056640625,-1.5188140869140625,-0.08544921875
1784890871411380480,32.311755418777466,0.40045166015625,-1.2641143798828125,-0.125
1784890871421300480,32.321675300598145,0.463470458984375,-1.2223052978515625,0.00726318359375
1784890871431219456,32.331594467163086,0.432098388671875,-1.404754638671875,0.1009063720703125
1784890871441139456,32.341514348983765,0.43701171875,-1.4887542724609375,0.091156005859375
1784890871451058432,32.35143327713013,0.5451812744140625,-1.3555908203125,-0.017059326171875
1784890871460978432,32.361353397369385,0.6614990234375,-1.231231689453125,-0.1693115234375
1784890871470897408,32.37127232551575,0.724212646484375,-1.023956298828125,-0.3895416259765625
1784890871480817664,32.381192445755005,0.5279541015625,-0.8277435302734375,-0.660369873046875
1784890871490736384,32.39111137390137,0.476043701171875,-0.698638916015625,-0.79742431640625
1784890871500656384,32.401031255722046,0.5848541259765625,-0.779876708984375,-0.8720855712890625
1784890871510575616,32.41095042228699,0.5323486328125,-0.990142822265625,-0.814605712890625
1784890871520495360,32.420870304107666,0.5251617431640625,-1.1201019287109375,-0.7961578369140625
1784890871530414592,32.43078947067261,0.553253173828125,-1.31689453125,-0.52740478515625
1784890871540334336,32.440709352493286,0.5258941650390625,-1.4457855224609375,-0.4713897705078125
1784890871550253312,32.45062828063965,0.5070037841796875,-1.2291259765625,-0.677337646484375
1784890871560173568,32.460548400878906,0.47540283203125,-1.3256988525390625,-0.764892578125
1784890871570092544,32.47046732902527,0.4044952392578125,-1.4281158447265625,-0.5892486572265625
1784890871580012544,32.480387449264526,0.29241943359375,-1.626922607421875,-0.60028076171875
1784890871589931520,32.49030637741089,0.52606201171875,-1.6501617431640625,-0.5326385498046875
1784890871599851264,32.50022625923157,0.525604248046875,-1.690948486328125,-0.61572265625
1784890871609770496,32.51014542579651,0.7149200439453125,-1.643890380859375,-0.8055572509765625
1784890871619690496,32.52006530761719,0.8311309814453125,-1.680755615234375,-0.99560546875
1784890871629609472,32.52998423576355,0.844329833984375,-1.753936767578125,-1.092926025390625
1784890871639529472,32.53990435600281,0.8800811767578125,-1.67779541015625,-1.178955078125
1784890871649448448,32.54982328414917,0.8714599609375,-1.6091156005859375,-1.1489715576171875
1784890871659368448,32.55974340438843,1.016204833984375,-1.65234375,-1.052886962890625
1784890871669287424,32.56966233253479,1.0429840087890625,-1.6919708251953125,-0.976654052734375
1784890871679207680,32.57958245277405,1.099212646484375,-1.7471160888671875,-0.807098388671875
1784890871689126400,32.58950138092041,1.1461181640625,-1.7886505126953125,-0.6699066162109375
1784890871699046400,32.59942126274109,1.2214202880859375,-1.5982208251953125,-0.50909423828125
1784890871708965632,32.60934042930603,1.2402496337890625,-1.2359771728515625,-0.3902130126953125
1784890871718885376,32.61926031112671,1.2587890625,-0.8731231689453125,-0.3290252685546875
1784890871728804352,32.62917923927307,1.21826171875,-0.4756011962890625,-0.26861572265625
1784890871738724352,32.63909935951233,1.1651763916015625,-0.0418701171875,-0.1522674560546875
1784890871748643328,32.64901828765869,1.00152587890625,0.2006683349609375,-0.0818023681640625
1784890871758563584,32.65893840789795,0.9041900634765625,0.3699951171875,-0.0495452880859375
1784890871768482560,32.66885733604431,0.7947235107421875,0.5795745849609375,0.0239410400390625
1784890871778402560,32.67877745628357,0.611083984375,0.7265167236328125,0.06036376953125
1784890871788321536,32.68869638442993,0.47930908203125,0.76763916015625,0.0939178466796875
1784890871798241280,32.69861626625061,0.3865814208984375,0.687713623046875,0.1645050048828125
1784890871808160512,32.70853543281555,0.3462066650390625,0.546173095703125,0.2311859130859375
1784890871818080512,32.71845531463623,0.3207244873046875,0.372222900390625,0.2303466796875
1784890871828000000,32.72837495803833,0.2770538330078125,0.2154693603515625,0.1890716552734375
1784890871837920000,32.73829483985901,0.261505126953125,0.1056671142578125,0.194549560546875
1784890871847838976,32.74821376800537,0.243011474609375,-0.00689697265625,0.2996826171875
1784890871857758976,32.75813388824463,0.2297210693359375,-0.1099090576171875,0.3860626220703125
1784890871867677952,32.76805281639099,0.26251220703125,-0.2415008544921875,0.453277587890625
1784890871877597952,32.77797293663025,0.2690887451171875,-0.3701019287109375,0.576934814453125
1784890871887516928,32.78789186477661,0.1977691650390625,-0.386322021484375,0.6366729736328125
1784890871897436928,32.79781174659729,0.1502685546875,-0.2527923583984375,0.5294189453125
1784890871907355904,32.80773091316223,0.206298828125,-0.16436767578125,0.3907012939453125
1784890871917275904,32.81765079498291,0.3171844482421875,-0.2005767822265625,0.33880615234375
1784890871927195136,32.82756996154785,0.412109375,-0.335052490234375,0.35552978515625
1784890871937114880,32.83748984336853,0.399322509765625,-0.49139404296875,0.346466064453125
1784890871947033856,32.84740877151489,0.3607940673828125,-0.6247100830078125,0.2243804931640625
1784890871956954112,32.85732889175415,0.3454132080078125,-0.7552337646484375,0.0955657958984375
1784890871966872832,32.86724781990051,0.2806549072265625,-0.7524566650390625,0.0338287353515625
1784890871976793088,32.87716794013977,0.273834228515625,-0.6489105224609375,-0.0135955810546875
1784890871986712064,32.88708686828613,0.3909912109375,-0.5052337646484375,0.03802490234375
1784890871996631808,32.89700675010681,0.60894775390625,-0.493621826171875,0.281646728515625
1784890872006551040,32.90692591667175,0.6785125732421875,-0.672119140625,0.552642822265625
1784890872016470784,32.91684579849243,0.60308837890625,-0.9450531005859375,0.690673828125
1784890872026390016,32.92676496505737,0.4691619873046875,-1.2111358642578125,0.899078369140625
1784890872036310016,32.93668484687805,0.32720947265625,-1.2494354248046875,1.05206298828125
1784890872046228992,32.946603775024414,0.29302978515625,-1.142181396484375,1.0628814697265625
1784890872056148992,32.95652389526367,0.358642578125,-1.08001708984375,1.062591552734375
1784890872066067968,32.966442823410034,0.435699462890625,-1.2442626953125,1.2572021484375
1784890872075987968,32.97636294364929,0.3690185546875,-1.3550567626953125,1.3497772216796875
1784890872085906944,32.986281871795654,0.364715576171875,-1.1946868896484375,1.365325927734375
1784890872095826944,32.99620175361633,0.41448974609375,-1.0678558349609375,1.448211669921875
1784890872105745920,33.006120920181274,0.411376953125,-1.1265411376953125,1.6405792236328125
1784890872115665920,33.01604080200195,0.3489227294921875,-1.213134765625,1.684661865234375
1784890872125585152,33.025959968566895,0.294677734375,-1.1434478759765625,1.7056884765625
1784890872135504896,33.03587985038757,0.223968505859375,-1.116546630859375,1.885894775390625
1784890872145423872,33.045798778533936,0.1631011962890625,-1.14501953125,2.056365966796875
1784890872155344128,33.05571889877319,0.176239013671875,-1.044830322265625,1.9828948974609375
1784890872165262848,33.065637826919556,-0.0790557861328125,-0.96954345703125,1.79278564453125
1784890872175183104,33.07555794715881,-0.506439208984375,-1.4289093017578125,2.037017822265625
1784890872185102080,33.085476875305176,0.866912841796875,-0.9236602783203125,2.5484771728515625
1784890872195021824,33.095396757125854,-0.2624053955078125,-0.037384033203125,0.8528900146484375
1784890872204941056,33.105315923690796,-0.368927001953125,-0.473602294921875,1.40814208984375
1784890872214860032,33.11523485183716,-0.1706695556640625,-0.9288177490234375,1.3831329345703125
1784890872224780032,33.125154972076416,-0.35443115234375,-0.7720947265625,1.3712615966796875
1784890872234699008,33.13507390022278,-0.317138671875,-0.6556549072265625,1.3734130859375
1784890872244619008,33.14499378204346,-0.1995391845703125,-0.648529052734375,1.14447021484375
1784890872254537984,33.1549129486084,-0.1311492919921875,-0.60345458984375,1.0367279052734375
1784890872264457984,33.16483283042908,-0.1494140625,-0.6208343505859375,0.9124755859375
1784890872274376960,33.17475175857544,-0.1526641845703125,-0.65728759765625,0.8361663818359375
1784890872284296960,33.1846718788147,-0.116058349609375,-0.7363739013671875,0.776885986328125
1784890872294215936,33.19459080696106,-0.0787811279296875,-0.844879150390625,0.703033447265625
1784890872304135936,33.20451092720032,-0.042572021484375,-0.8510589599609375,0.6113433837890625
1784890872314054912,33.21442985534668,-0.039886474609375,-0.871490478515625,0.490264892578125
1784890872323974912,33.22434973716736,-0.0235443115234375,-0.8707427978515625,0.33251953125
1784890872333893888,33.2342689037323,-0.079498291015625,-0.7696685791015625,0.180206298828125
1784890872343813888,33.24418878555298,-0.1202239990234375,-0.65692138671875,-0.021453857421875
1784890872353733120,33.25410795211792,-0.214630126953125,-0.5819244384765625,-0.055084228515625
1784890872363652864,33.2640278339386,0.00811767578125,-0.5975494384765625,-0.120880126953125
1784890872373571840,33.27394676208496,-0.1273040771484375,-0.6403350830078125,-0.1095733642578125
1784890872383492096,33.28386688232422,-0.2266387939453125,-0.778656005859375,-0.08990478515625
1784890872393410816,33.29378581047058,-0.2754364013671875,-0.855010986328125,-0.0029449462890625
1784890872403331072,33.30370593070984,-0.2507781982421875,-0.9024200439453125,0.0348663330078125
1784890872413250048,33.3136248588562,-0.1648406982421875,-0.873291015625,0.0200958251953125
1784890872423169792,33.32354474067688,-0.103057861328125,-0.9167633056640625,-0.0417633056640625
1784890872433089024,33.33346390724182,-0.1043701171875,-0.932373046875,-0.011199951171875
1784890872443009024,33.3433837890625,-0.0571746826171875,-1.0368499755859375,0.0325469970703125
1784890872452928000,33.35330295562744,-0.0058441162109375,-1.05059814453125,0.03924560546875
1784890872462848000,33.36322283744812,0.0694427490234375,-1.0003814697265625,0.03875732421875
1784890872472766976,33.37314176559448,0.0313720703125,-1.008697509765625,0.112060546875
1784890872482686976,33.38306188583374,0.0147705078125,-1.0092010498046875,0.2301483154296875
1784890872492605952,33.3929808139801,0.0565643310546875,-1.037322998046875,0.2910614013671875
1784890872502525952,33.40290093421936,0.11181640625,-1.1174774169921875,0.3302001953125
1784890872512444928,33.41281986236572,0.1909942626953125,-1.2427825927734375,0.319732666015625
1784890872522364928,33.4227397441864,0.256744384765625,-1.2364501953125,0.259246826171875
1784890872532283904,33.43265891075134,0.1969146728515625,-1.1359100341796875,0.292755126953125
1784890872542203904,33.44257879257202,0.1714630126953125,-1.1408233642578125,0.3248138427734375
1784890872552123136,33.45249795913696,0.206451416015625,-1.1791229248046875,0.3433685302734375
1784890872562042880,33.46241784095764,0.2344818115234375,-1.296630859375,0.3619384765625
1784890872571961856,33.472336769104004,0.27313232421875,-1.3720703125,0.3808746337890625
1784890872581882112,33.48225688934326,0.29248046875,-1.381256103515625,0.3034210205078125
1784890872591800832,33.492175817489624,0.2671661376953125,-1.298065185546875,0.190826416015625
1784890872601721088,33.50209593772888,0.3422393798828125,-1.3143157958984375,0.0770721435546875
1784890872611640064,33.512014865875244,0.39837646484375,-1.2518157958984375,-0.00628662109375
1784890872621559808,33.52193474769592,0.2878570556640625,-1.203094482421875,-0.1146392822265625
1784890872631479040,33.531853914260864,0.1851043701171875,-1.1228485107421875,-0.1234130859375
1784890872641398784,33.54177379608154,0.0850982666015625,-1.056304931640625,-0.270538330078125
1784890872651318016,33.551692962646484,0.183349609375,-0.959808349609375,-0.3861083984375
1784890872661238016,33.56161284446716,0.1826171875,-0.9014892578125,-0.4664154052734375
1784890872671156992,33.571531772613525,0.142730712890625,-0.960693359375,-0.4996337890625
1784890872681076992,33.58145189285278,0.1446075439453125,-1.2351837158203125,-0.612457275390625
1784890872690995968,33.591370820999146,0.1363067626953125,-1.4208221435546875,-0.5596923828125
1784890872700915968,33.6012909412384,0.01275634765625,-1.497039794921875,-0.55181884765625
1784890872710834944,33.611209869384766,-0.0928955078125,-1.52703857421875,-0.4737701416015625
1784890872720754944,33.621129751205444,-0.074310302734375,-1.4967498779296875,-0.4701690673828125
1784890872730673920,33.631048917770386,-0.030517578125,-1.3257598876953125,-0.48907470703125
1784890872740593920,33.640968799591064,0.010772705078125,-1.17401123046875,-0.5597991943359375
1784890872750513152,33.650887966156006,0.099334716796875,-1.3467559814453125,-0.52374267578125
1784890872760432896,33.660807847976685,0.152801513671875,-1.4549407958984375,-0.4859619140625
1784890872770351872,33.67072677612305,0.146026611328125,-1.5546722412109375,-0.57122802734375
1784890872780272128,33.680646896362305,0.110443115234375,-1.5940399169921875,-0.5644989013671875
1784890872790190848,33.69056582450867,0.1631011962890625,-1.649261474609375,-0.548492431640625
1784890872800111104,33.700485944747925,0.1007843017578125,-1.64959716796875,-0.4824066162109375
1784890872810030080,33.71040487289429,0.1181488037109375,-1.569244384765625,-0.396575927734375
1784890872819949824,33.720324754714966,0.06817626953125,-1.3781280517578125,-0.354217529296875
1784890872829868544,33.73024344444275,0.131072998046875,-1.1647796630859375,-0.338226318359375
1784890872839788544,33.74016332626343,0.1599273681640625,-1.1966552734375,-0.2073974609375
1784890872849707264,33.75008225440979,0.111419677734375,-1.2649383544921875,-0.0830841064453125
1784890872859627520,33.76000237464905,0.1486053466796875,-1.43536376953125,0.0220489501953125
1784890872869546496,33.76992130279541,0.125335693359375,-1.6425628662109375,0.03619384765625
1784890872879466496,33.77984142303467,0.13372802734375,-1.75262451171875,0.0320892333984375
1784890872889385472,33.78976035118103,0.2189483642578125,-1.7646484375,0.108367919921875
1784890872899305472,33.79968047142029,0.250274658203125,-1.974365234375,0.1093902587890625
1784890872909224448,33.80959939956665,0.251190185546875,-1.9723052978515625,-0.0116424560546875
1784890872919144448,33.81951928138733,0.4124603271484375,-1.9175567626953125,-0.1430206298828125
1784890872929063680,33.82943844795227,0.326385498046875,-2.08355712890625,-0.2935333251953125
1784890872938983424,33.83935832977295,0.37237548828125,-1.904632568359375,-0.3697509765625
1784890872948902400,33.84927725791931,0.4182281494140625,-1.7630767822265625,-0.5021514892578125
1784890872958822400,33.85919737815857,0.353607177734375,-1.7919921875,-0.4563140869140625
1784890872968741376,33.86911630630493,0.3639984130859375,-1.77471923828125,-0.370574951171875
1784890872978660608,33.87903547286987,0.3889617919921875,-1.866729736328125,-0.3412628173828125
1784890872988580352,33.88895535469055,0.1340179443359375,-1.7940673828125,-0.321258544921875
1784890872998499328,33.898874282836914,-0.042694091796875,-1.315460205078125,-0.116851806640625
1784890873008419584,33.90879440307617,-0.17889404296875,-0.8413848876953125,-0.0330352783203125
1784890873018338560,33.918713331222534,-0.3403778076171875,-0.6864166259765625,0.0306854248046875
1784890873028258560,33.92863345146179,-0.3377685546875,-0.56005859375,-0.132537841796875
1784890873038177536,33.938552379608154,-0.1148834228515625,-0.4407806396484375,-0.41943359375
1784890873048097280,33.94847226142883,-0.0767669677734375,-0.5970306396484375,-0.351409912109375
1784890873058016512,33.958391427993774,-0.1827392578125,-0.1522979736328125,-0.2393341064453125
1784890873067936512,33.96831130981445,-0.5466766357421875,0.264404296875,-0.069793701171875
1784890873077855232,33.978230237960815,-0.80780029296875,0.7090911865234375,0.0002899169921875
1784890873087775488,33.98815035820007,-0.683868408203125,0.684295654296875,0.23681640625
1784890873097694464,33.998069286346436,-0.2491302490234375,0.39544677734375,0.3020477294921875
1784890873107614464,34.00798940658569,-0.0301055908203125,0.247955322265625,0.1568756103515625
1784890873117533440,34.017908334732056,0.1893463134765625,0.0768585205078125,-0.2478485107421875
1784890873127453440,34.02782845497131,0.447601318359375,0.171478271484375,-0.2413330078125
1784890873137372416,34.037747383117676,0.3829498291015625,0.388702392578125,-0.5931243896484375
1784890873147292416,34.047667264938354,0.3762359619140625,0.6043243408203125,-0.920013427734375
1784890873157211648,34.057586431503296,0.111572265625,0.5305938720703125,-0.937652587890625
1784890873167131392,34.067506313323975,0.303131103515625,0.392242431640625,-1.1093902587890625
1784890873177050368,34.07742524147034,0.503143310546875,0.364990234375,-1.2395782470703125
1784890873186970368,34.087345361709595,0.6005859375,-0.32379150390625,-1.3607635498046875
1784890873196889344,34.09726428985596,0.863800048828125,-0.8709716796875,-1.6700592041015625
1784890873206809600,34.107184410095215,0.923187255859375,-0.783233642578125,-1.8950347900390625
1784890873216728576,34.11710333824158,1.0317230224609375,-0.699462890625,-2.0876617431640625
1784890873226648576,34.127023458480835,0.9115447998046875,-0.44970703125,-2.0898590087890625
1784890873236567552,34.1369423866272,0.82183837890625,-0.5493621826171875,-2.118621826171875
1784890873246487296,34.146862268447876,0.861663818359375,-0.730621337890625,-2.103973388671875
1784890873256406528,34.15678143501282,0.835845947265625,-1.0192108154296875,-1.97955322265625
1784890873266326528,34.166701316833496,0.976165771484375,-1.0861968994140625,-1.983795166015625
1784890873276245248,34.17662024497986,1.0972900390625,-1.3855743408203125,-1.786834716796875
1784890873286165504,34.186540365219116,0.9404296875,-1.577545166015625,-1.64007568359375
1784890873296084480,34.19645929336548,0.8228302001953125,-1.522918701171875,-1.5981903076171875
1784890873306004480,34.206379413604736,0.8423004150390625,-1.429046630859375,-1.530975341796875
1784890873315923456,34.2162983417511,0.821258544921875,-1.301025390625,-1.4898834228515625
1784890873325843456,34.226218461990356,0.7776641845703125,-1.287322998046875,-1.3215789794921875
1784890873335762432,34.23613739013672,0.6042022705078125,-1.420562744140625,-1.0579986572265625
1784890873345682432,34.2460572719574,0.556365966796875,-1.483612060546875,-0.8901519775390625
1784890873355601664,34.25597643852234,0.5508270263671875,-1.5701141357421875,-0.80511474609375
1784890873365521408,34.26589632034302,0.636016845703125,-1.525909423828125,-0.740142822265625
1784890873375440384,34.27581524848938,0.6587066650390625,-1.5249176025390625,-0.68353271484375
1784890873385360384,34.28573536872864,0.683807373046875,-1.534881591796875,-0.5913238525390625
1784890873395279360,34.295654296875,0.6100616455078125,-1.4379119873046875,-0.6387176513671875
1784890873405199616,34.30557441711426,0.55615234375,-1.300567626953125,-0.5920562744140625
1784890873415118336,34.31549334526062,0.5023193359375,-1.3075408935546875,-0.6020660400390625
1784890873425038592,34.32541346549988,0.4551849365234375,-1.3337554931640625,-0.480194091796875
1784890873434957568,34.33533239364624,0.4554901123046875,-1.3885955810546875,-0.317108154296875
1784890873444877312,34.34525227546692,0.5123443603515625,-1.42681884765625,-0.1676025390625
1784890873454796544,34.35517144203186,0.5972137451171875,-1.51385498046875,-0.0399932861328125
1784890873464716544,34.36509132385254,0.598388671875,-1.5511932373046875,-0.0055389404296875
1784890873474635264,34.3750102519989,0.5339813232421875,-1.43438720703125,-0.0499725341796875
1784890873484555520,34.38493037223816,0.4878082275390625,-1.3232421875,-0.05975341796875
1784890873494474496,34.39484930038452,0.4435577392578125,-1.3098602294921875,-0.0884246826171875
1784890873504394496,34.40476942062378,0.487274169921875,-1.283721923828125,-0.1842803955078125
1784890873514313472,34.41468834877014,0.617034912109375,-1.2421722412109375,-0.3459320068359375
1784890873524233472,34.4246084690094,0.6017913818359375,-1.2172393798828125,-0.497955322265625
1784890873534152448,34.43452739715576,0.517669677734375,-1.2105255126953125,-0.6336212158203125
1784890873544072448,34.44444727897644,0.6258392333984375,-1.076385498046875,-0.725128173828125
1784890873553991680,34.45436644554138,0.7777557373046875,-0.912139892578125,-0.737396240234375
1784890873563911424,34.46428632736206,0.65386962890625,-0.8777313232421875,-0.9727783203125
1784890873573830400,34.47420525550842,0.6197662353515625,-0.9284515380859375,-0.9874267578125
1784890873583750400,34.48412537574768,0.8101043701171875,-0.979278564453125,-0.9148101806640625
1784890873593669376,34.49404430389404,0.7673187255859375,-1.144317626953125,-0.6878662109375
1784890873603589632,34.5039644241333,0.721221923828125,-1.3423309326171875,-0.4715423583984375
1784890873613508352,34.51388335227966,0.7510833740234375,-1.5594024658203125,-0.298065185546875
1784890873623428608,34.52380347251892,0.9239044189453125,-1.4524383544921875,-0.4682464599609375
1784890873633347584,34.53372240066528,0.711029052734375,-1.306365966796875,-0.807861328125
1784890873643267328,34.54364228248596,0.6114654541015625,-1.5271148681640625,-0.8869171142578125
1784890873653186560,34.5535614490509,0.920318603515625,-1.590362548828125,-0.9470062255859375
1784890873663106560,34.56348133087158,1.0127716064453125,-1.5953369140625,-0.888702392578125
1784890873673025280,34.573400259017944,0.993133544921875,-1.5626983642578125,-0.926116943359375
1784890873682945536,34.5833203792572,1.1706390380859375,-1.493804931640625,-0.9503631591796875
1784890873692864512,34.593239307403564,1.148162841796875,-1.3536834716796875,-0.9541778564453125
1784890873702784512,34.60315942764282,1.0719757080078125,-1.3351593017578125,-0.8433837890625
1784890873712703488,34.613078355789185,1.0053253173828125,-1.2929840087890625,-0.7696380615234375
1784890873722623232,34.62299823760986,1.0105438232421875,-1.3346099853515625,-0.7044677734375
1784890873732542464,34.632917404174805,0.955657958984375,-1.4145965576171875,-0.583892822265625
1784890873742462464,34.64283728599548,0.9754486083984375,-1.372314453125,-0.532867431640625
1784890873752381440,34.652756452560425,1.0448760986328125,-1.1320037841796875,-0.516693115234375
1784890873762301440,34.6626763343811,1.012542724609375,-0.7798614501953125,-0.4856719970703125
1784890873772220416,34.672595262527466,1.051025390625,-0.3623199462890625,-0.418853759765625
1784890873782139648,34.68251442909241,0.9971160888671875,0.028045654296875,-0.3372039794921875
1784890873792059392,34.692434310913086,0.86871337890625,0.3521881103515625,-0.177459716796875
1784890873801978368,34.70235323905945,0.6994781494140625,0.510467529296875,-0.1741485595703125
1784890873811898368,34.712273359298706,0.5532684326171875,0.6522064208984375,-0.084503173828125
1784890873821817344,34.72219228744507,0.4234161376953125,0.721923828125,-0.054168701171875
1784890873831738112,34.73211312294006,0.2731170654296875,0.6435089111328125,-0.075164794921875
1784890873841657088,34.742032051086426,0.183746337890625,0.5536346435546875,-0.028350830078125
1784890873851577344,34.751952171325684,0.14239501953125,0.443695068359375,0.048492431640625
1784890873861496320,34.761871099472046,0.1420135498046875,0.4019775390625,0.110870361328125
1784890873871416320,34.771791219711304,0.16961669921875,0.29010009765625,0.1214752197265625
1784890873881335296,34.781710147857666,0.1584014892578125,0.068389892578125,0.092529296875
1784890873891255040,34.791630029678345,0.130645751953125,-0.0772705078125,0.066436767578125
1784890873901174272,34.801549196243286,0.10345458984375,-0.116912841796875,0.070892333984375
1784890873911094272,34.811469078063965,0.0905609130859375,-0.08697509765625,0.126129150390625
1784890873921012992,34.82138800621033,0.0867462158203125,-0.1158447265625,0.1644439697265625
1784890873930933248,34.831308126449585,0.1100616455078125,-0.21539306640625,0.2754974365234375
1784890873940852224,34.84122705459595,0.14215087890625,-0.3277435302734375,0.34747314453125
1784890873950772224,34.851147174835205,0.1678924560546875,-0.3581085205078125,0.3839111328125
1784890873960691200,34.86106610298157,0.163787841796875,-0.3470306396484375,0.3786163330078125
1784890873970611200,34.870985984802246,0.0921478271484375,-0.3116607666015625,0.3589935302734375
1784890873980530176,34.88090515136719,-0.03057861328125,-0.275970458984375,0.29876708984375
1784890873990450176,34.890825033187866,-0.0411224365234375,-0.265380859375,0.209747314453125
1784890874000369408,34.90074419975281,0.1042633056640625,-0.3618316650390625,0.2117919921875
1784890874010289152,34.910664081573486,0.2785491943359375,-0.48651123046875,0.33343505859375
1784890874020208128,34.92058300971985,0.32745361328125,-0.592926025390625,0.4677276611328125
1784890874030128128,34.930503129959106,0.2283935546875,-0.6387481689453125,0.510589599609375
1784890874040047104,34.94042205810547,0.09912109375,-0.685760498046875,0.439727783203125
1784890874049967360,34.95034217834473,0.004150390625,-0.7119903564453125,0.3335418701171875
1784890874059886336,34.96026110649109,-0.0182342529296875,-0.696990966796875,0.2322235107421875
1784890874069806080,34.97018098831177,0.0904388427734375,-0.6582794189453125,0.152313232421875
1784890874079725312,34.98010015487671,0.253448486328125,-0.636077880859375,0.1572265625
1784890874089645056,34.99002003669739,0.3728790283203125,-0.666229248046875,0.22564697265625
1784890874099564288,34.99993920326233,0.4347076416015625,-0.7441864013671875,0.3471832275390625
1784890874109484288,35.00985908508301,0.4138031005859375,-0.856201171875,0.475860595703125
1784890874119403008,35.01977801322937,0.37554931640625,-0.91778564453125,0.6146392822265625
1784890874129323264,35.02969813346863,0.3698883056640625,-0.94854736328125,0.749542236328125
1784890874139242240,35.03961706161499,0.4022064208984375,-0.988555908203125,0.8458404541015625
1784890874149162240,35.04953718185425,0.423797607421875,-1.01080322265625,0.9557647705078125
1784890874159081216,35.05945611000061,0.4123992919921875,-1.00360107421875,1.031402587890625
1784890874169001216,35.06937599182129,0.42364501953125,-1.006622314453125,1.119598388671875
1784890874178920192,35.07929515838623,0.4394683837890625,-0.8992462158203125,1.2415618896484375
1784890874188840192,35.08921504020691,0.4595794677734375,-0.8174591064453125,1.363677978515625
1784890874198759424,35.09913420677185,0.42034912109375,-0.9119415283203125,1.7013397216796875
1784890874208679168,35.10905408859253,0.2475433349609375,-1.0303955078125,2.105377197265625
1784890874218598144,35.11897301673889,0.076751708984375,-1.111846923828125,2.245513916015625
1784890874228518144,35.12889313697815,0.0695648193359375,-1.118621826171875,2.206817626953125
1784890874238437120,35.13881206512451,0.064056396484375,-0.9265899658203125,2.0843963623046875
1784890874248357376,35.14873218536377,-0.1523284912109375,-0.8655853271484375,2.008758544921875
1784890874258276352,35.15865111351013,-0.2095184326171875,-1.0884246826171875,2.0751190185546875
1784890874268196096,35.16857099533081,0.168304443359375,-1.105682373046875,2.53253173828125
1784890874278115328,35.17849016189575,0.4965667724609375,-0.6511688232421875,1.4743804931640625
1784890874288035072,35.18841004371643,-0.6423797607421875,0.23675537109375,1.295623779296875
1784890874297954304,35.19832921028137,-0.2501983642578125,-0.637481689453125,1.1535491943359375
1784890874307873280,35.208248138427734,0.276123046875,-1.105865478515625,1.27264404296875
1784890874317793024,35.21816802024841,-0.090179443359375,-1.061676025390625,1.151031494140625
1784890874327712256,35.228087186813354,-0.293792724609375,-0.894683837890625,1.2061614990234375
1784890874337632256,35.23800706863403,-0.205963134765625,-0.7565765380859375,1.10015869140625
1784890874347551232,35.247925996780396,-0.127197265625,-0.679443359375,1.089996337890625
1784890874357471232,35.25784611701965,-0.1039276123046875,-0.67987060546875,0.9029083251953125
1784890874367390208,35.267765045166016,-0.039703369140625,-0.66156005859375,0.7263336181640625
1784890874377310208,35.27768516540527,0.047607421875,-0.7458343505859375,0.517059326171875
1784890874387229184,35.287604093551636,-0.025634765625,-0.873870849609375,0.3275604248046875
1784890874397149440,35.297524213790894,-0.0370330810546875,-0.869415283203125,0.184051513671875
1784890874407068160,35.307443141937256,-0.1307373046875,-0.81597900390625,0.1334228515625
1784890874416988160,35.317363023757935,-0.13348388671875,-0.764312744140625,0.0657196044921875
1784890874426907392,35.327282190322876,-0.100067138671875,-0.9119110107421875,-0.1039886474609375
1784890874436827136,35.337202072143555,-0.1523284912109375,-0.8489837646484375,-0.044342041015625
1784890874446746112,35.34712100028992,0.0764007568359375,-0.6588134765625,0.0274810791015625
1784890874456666112,35.357041120529175,-0.0701904296875,-0.6406402587890625,-0.1122894287109375
1784890874466585088,35.36696004867554,-0.240264892578125,-0.601318359375,-0.08612060546875
1784890874476505344,35.376880168914795,-0.3177490234375,-0.819915771484375,0.0726470947265625
1784890874486424320,35.38679909706116,-0.24932861328125,-0.995941162109375,0.14508056640625
1784890874496344320,35.396719217300415,-0.132049560546875,-1.0426177978515625,0.173858642578125
1784890874506263296,35.40663814544678,-0.063446044921875,-1.0323028564453125,0.1754913330078125
1784890874516183040,35.416558027267456,-0.046112060546875,-0.921112060546875,0.17926025390625
1784890874526102272,35.4264771938324,-0.0042572021484375,-0.918914794921875,0.1403961181640625
1784890874536022272,35.436397075653076,0.0611724853515625,-0.911163330078125,0.2613372802734375
1784890874545940992,35.44631600379944,0.088592529296875,-0.9720306396484375,0.3038177490234375
1784890874555861248,35.456236124038696,0.109283447265625,-1.007537841796875,0.414031982421875
1784890874565780224,35.46615505218506,0.1616973876953125,-1.0336456298828125,0.4534149169921875
1784890874575700224,35.476075172424316,0.2240142822265625,-1.1201324462890625,0.3585052490234375
1784890874585619200,35.48599410057068,0.2580108642578125,-1.1963958740234375,0.4098663330078125
1784890874595539456,35.49591422080994,0.2205963134765625,-1.1927947998046875,0.4281005859375
1784890874605458176,35.5058331489563,0.2951812744140625,-1.228240966796875,0.2917938232421875
1784890874615378176,35.51575303077698,0.253997802734375,-1.177581787109375,0.254486083984375
1784890874625297408,35.52567219734192,0.282806396484375,-1.108978271484375,0.2225189208984375
1784890874635217152,35.5355920791626,0.2917327880859375,-1.1370697021484375,0.196868896484375
1784890874645136128,35.54551100730896,0.3866729736328125,-1.181610107421875,0.16162109375
1784890874655056128,35.55543112754822,0.4120635986328125,-1.31878662109375,0.076568603515625
1784890874664975104,35.56535005569458,0.3018035888671875,-1.273529052734375,0.083251953125
1784890874674895360,35.57527017593384,0.205078125,-1.22564697265625,-0.05865478515625
1784890874684814336,35.5851891040802,0.2364959716796875,-1.115966796875,-0.1262054443359375
1784890874694734080,35.59510898590088,0.1971893310546875,-1.1255035400390625,-0.181304931640625
1784890874704653312,35.60502815246582,0.1373138427734375,-1.214935302734375,-0.249267578125
1784890874714573056,35.6149480342865,0.1671295166015625,-1.1828155517578125,-0.317718505859375
1784890874724492288,35.62486720085144,0.1919403076171875,-1.2473907470703125,-0.4000396728515625
1784890874734412288,35.63478708267212,0.185760498046875,-1.3588104248046875,-0.441680908203125
1784890874744331008,35.64470601081848,0.2679443359375,-1.338531494140625,-0.468170166015625
1784890874754251264,35.65462613105774,0.2393341064453125,-1.2657623291015625,-0.641326904296875
1784890874764170240,35.6645450592041,0.084320068359375,-1.358428955078125,-0.71240234375
1784890874774090240,35.67446517944336,-0.075927734375,-1.4148406982421875,-0.6409454345703125
1784890874784009216,35.68438410758972,-0.0716400146484375,-1.3632659912109375,-0.5793304443359375
1784890874793929216,35.6943039894104,-0.0214080810546875,-1.28668212890625,-0.499664306640625
1784890874803848192,35.70422315597534,0.0842132568359375,-1.278076171875,-0.4649505615234375
1784890874813768192,35.71414303779602,0.064300537109375,-1.3898773193359375,-0.4646759033203125
1784890874823685632,35.72406053543091,0.0322265625,-1.3927764892578125,-0.453094482421875
1784890874833604608,35.73397946357727,0.0462799072265625,-1.3758087158203125,-0.4726409912109375
1784890874843524608,35.74389958381653,0.1328582763671875,-1.35101318359375,-0.4468994140625
1784890874853443584,35.75381851196289,0.128936767578125,-1.277557373046875,-0.385284423828125
1784890874863363584,35.76373839378357,-0.00762939453125,-1.253387451171875,-0.3107147216796875
1784890874873282560,35.77365756034851,-0.035400390625,-1.2649383544921875,-0.1870574951171875
1784890874883202560,35.78357744216919,0.063446044921875,-1.2234649658203125,-0.1451568603515625
1784890874893121536,35.79349637031555,0.137451171875,-1.2843017578125,-0.102996826171875
1784890874903041536,35.80341649055481,0.20269775390625,-1.3623199462890625,-0.1304779052734375
1784890874912960512,35.81333541870117,0.2752532958984375,-1.3669281005859375,-0.1441497802734375
1784890874922880768,35.82325553894043,0.3171234130859375,-1.3938751220703125,-0.069732666015625
1784890874932799488,35.83317446708679,0.3102569580078125,-1.5289764404296875,0.0867156982421875
1784890874942719744,35.84309458732605,0.254150390625,-1.8042755126953125,0.246185302734375
1784890874952638720,35.85301351547241,0.175994873046875,-1.79791259765625,0.14398193359375
1784890874962558464,35.86293339729309,0.2483367919921875,-1.682891845703125,-0.03009033203125
1784890874972477696,35.87285256385803,0.4309234619140625,-1.80438232421875,-0.0279998779296875
1784890874982397440,35.88277244567871,0.399688720703125,-1.979827880859375,-0.009552001953125
1784890874992316416,35.89269137382507,0.2973785400390625,-2.11639404296875,-0.1246490478515625
1784890875002236672,35.90261149406433,0.465240478515625,-2.0704193115234375,-0.13409423828125
1784890875012155648,35.91253042221069,0.5440521240234375,-1.9982757568359375,-0.2568511962890625
1784890875022075648,35.92245054244995,0.495330810546875,-2.269134521484375,-0.077484130859375
1784890875031994624,35.93236947059631,0.38311767578125,-2.550384521484375,-0.2213592529296875
1784890875041914624,35.94228959083557,0.2590179443359375,-2.495208740234375,-0.411773681640625
1784890875051833600,35.952208518981934,0.0793609619140625,-2.1314544677734375,-0.5943603515625
1784890875061753600,35.96212840080261,0.0846710205078125,-1.7825775146484375,-0.7208709716796875
1784890875071672576,35.972047567367554,0.214111328125,-1.321014404296875,-0.5762786865234375
1784890875081592576,35.98196744918823,0.10174560546875,-0.9883880615234375,-0.4986572265625
1784890875091511552,35.991886377334595,-0.206695556640625,-0.9431304931640625,-0.4277496337890625
1784890875101431552,36.00180649757385,-0.3367462158203125,-0.6287689208984375,-0.4747772216796875
1784890875111350528,36.011725425720215,-0.258880615234375,-0.259307861328125,-0.267242431640625
1784890875121270784,36.02164554595947,-0.0242919921875,-0.235076904296875,-0.141265869140625
1784890875131189504,36.031564474105835,-0.0960693359375,-0.109466552734375,0.0251007080078125
1784890875141109760,36.04148459434509,-0.3145904541015625,0.12493896484375,0.111083984375
1784890875151028736,36.051403522491455,-0.5782318115234375,0.2902374267578125,0.0399017333984375
1784890875160948480,36.061323404312134,-0.226409912109375,0.3231048583984375,0.01727294921875
1784890875170867712,36.071242570877075,-0.3270111083984375,0.3252105712890625,-0.1047515869140625
1784890875180787456,36.081162452697754,-0.1754150390625,0.1212310791015625,-0.02813720703125
1784890875190706432,36.091081380844116,0.1241912841796875,0.032012939453125,-0.127777099609375
1784890875200626688,36.101001501083374,0.2969512939453125,0.2235260009765625,-0.3001861572265625
1784890875210545664,36.110920429229736,0.057373046875,0.2735748291015625,-0.3090667724609375
1784890875220465664,36.120840549468994,0.2428741455078125,0.8134918212890625,-0.4105224609375
1784890875230384640,36.130759477615356,0.2902679443359375,0.7767333984375,-0.7243194580078125
1784890875240304640,36.140679597854614,0.3660125732421875,0.214691162109375,-0.8924560546875
1784890875250223616,36.15059852600098,0.4140167236328125,-0.1065826416015625,-1.2036590576171875
1784890875260143616,36.160518407821655,0.2586669921875,-0.0719757080078125,-1.5313720703125
1784890875270062592,36.1704375743866,0.4816131591796875,0.14501953125,-1.6615447998046875
1784890875279982592,36.180357456207275,0.68310546875,-0.0772705078125,-1.86602783203125
1784890875289901568,36.19027638435364,0.7645416259765625,-0.3424072265625,-1.968170166015625
1784890875299821568,36.200196504592896,0.80230712890625,-0.4135589599609375,-2.12969970703125
1784890875309740544,36.21011543273926,0.7452850341796875,-0.555023193359375,-2.14874267578125
1784890875319660544,36.220035552978516,0.7279205322265625,-0.702423095703125,-2.103515625
1784890875329579520,36.22995448112488,0.597686767578125,-0.7456512451171875,-2.0316314697265625
1784890875339499520,36.23987436294556,0.6956634521484375,-0.7480926513671875,-1.9977264404296875
1784890875349418752,36.2497935295105,0.793304443359375,-0.777313232421875,-1.891357421875
1784890875359338496,36.25971341133118,0.9528350830078125,-0.930816650390625,-1.7426605224609375
1784890875369257728,36.26963257789612,1.017547607421875,-1.0016021728515625,-1.3984527587890625
1784890875379177472,36.2795524597168,0.90472412109375,-1.1998291015625,-1.028564453125
1784890875389096448,36.28947138786316,0.7953643798828125,-1.4990234375,-0.6817169189453125
1784890875399016704,36.29939150810242,0.6878814697265625,-1.8466339111328125,-0.397308349609375
1784890875408935424,36.30931043624878,0.58447265625,-2.137298583984375,-0.26470947265625
1784890875418855680,36.31923055648804,0.4720611572265625,-2.12713623046875,-0.3514404296875
1784890875428774656,36.3291494846344,0.44293212890625,-1.965484619140625,-0.3440399169921875
1784890875438694400,36.33906936645508,0.5586090087890625,-1.760986328125,-0.41876220703125
1784890875448613632,36.34898853302002,0.51275634765625,-1.5810089111328125,-0.4466094970703125
1784890875458532608,36.35890746116638,0.423583984375,-1.5006103515625,-0.4520416259765625
1784890875468452608,36.36882758140564,0.3414459228515625,-1.521942138671875,-0.3758544921875
1784890875478371584,36.378746509552,0.2723388671875,-1.4927215576171875,-0.21771240234375
1784890875488291584,36.38866639137268,0.28314208984375,-1.421478271484375,-0.155792236328125
1784890875498210560,36.39858555793762,0.3542938232421875,-1.3344573974609375,-0.059478759765625
1784890875508130560,36.4085054397583,0.4268798828125,-1.2964324951171875,-0.055816650390625
1784890875518049536,36.41842436790466,0.44915771484375,-1.2186737060546875,-0.1262359619140625
1784890875527969536,36.42834448814392,0.5240478515625,-1.1168060302734375,-0.1529541015625
1784890875537888512,36.43826341629028,0.5592041015625,-1.18707275390625,-0.176849365234375
1784890875547808768,36.44818353652954,0.51202392578125,-1.2133636474609375,-0.190582275390625
1784890875557727488,36.4581024646759,0.52532958984375,-1.128570556640625,-0.225860595703125
1784890875567647744,36.46802258491516,0.5136871337890625,-1.0885009765625,-0.3210906982421875
1784890875577566720,36.47794151306152,0.4898529052734375,-1.0085906982421875,-0.354400634765625
1784890875587486464,36.4878613948822,0.4178009033203125,-1.000152587890625,-0.4468536376953125
1784890875597405696,36.497780561447144,0.467987060546875,-1.1009368896484375,-0.47833251953125
1784890875607325440,36.50770044326782,0.57354736328125,-0.9680938720703125,-0.575958251953125
1784890875617244416,36.517619371414185,0.485107421875,-0.9087371826171875,-0.748321533203125
1784890875627164672,36.52753949165344,0.3004913330078125,-1.1839752197265625,-0.9549102783203125
1784890875637083648,36.537458419799805,0.4710540771484375,-1.4162139892578125,-0.8660430908203125
1784890875647003648,36.54737854003906,0.461822509765625,-1.5713043212890625,-0.83538818359375
1784890875656922624,36.557297468185425,0.4408111572265625,-1.6374359130859375,-0.5860748291015625
1784890875666842624,36.56721758842468,0.48272705078125,-1.6399993896484375,-0.347808837890625
1784890875676761600,36.577136516571045,0.501708984375,-1.6429290771484375,-0.1245574951171875
1784890875686681600,36.587056398391724,0.451751708984375,-1.739715576171875,-0.02294921875
1784890875696600576,36.596975564956665,0.5243682861328125,-1.6556396484375,-0.4855194091796875
1784890875706520576,36.606895446777344,0.79473876953125,-1.2820281982421875,-0.720550537109375
1784890875716439552,36.616814374923706,0.7787933349609375,-1.0824737548828125,-0.98748779296875
1784890875726359552,36.626734495162964,0.660858154296875,-1.2210845947265625,-1.0940704345703125
1784890875736278528,36.636653423309326,0.68658447265625,-1.4263763427734375,-1.233428955078125
1784890875746198528,36.646573543548584,0.9582672119140625,-1.383819580078125,-1.1790008544921875
1784890875756117504,36.656492471694946,0.9582366943359375,-1.3365631103515625,-1.154022216796875
1784890875766037760,36.666412591934204,1.0105438232421875,-1.2556304931640625,-1.01904296875
1784890875775956736,36.676331520080566,0.9041290283203125,-1.374298095703125,-0.899505615234375
1784890875785876480,36.686251401901245,0.84716796875,-1.530914306640625,-0.79632568359375
1784890875795795712,36.69617056846619,0.8880767822265625,-1.3968505859375,-0.7081146240234375
1784890875805715456,36.706090450286865,0.9185943603515625,-1.1700592041015625,-0.6269378662109375
1784890875815634432,36.71600937843323,0.849334716796875,-0.9561767578125,-0.5826873779296875
1784890875825555968,36.72593092918396,0.7824554443359375,-0.710235595703125,-0.51251220703125
1784890875835474944,36.73584985733032,0.7926177978515625,-0.43243408203125,-0.4536590576171875
1784890875845394944,36.745769739151,0.7641754150390625,-0.1090850830078125,-0.3885650634765625
1784890875855313920,36.75568890571594,0.6334991455078125,0.1416015625,-0.28302001953125
1784890875865233920,36.76560878753662,0.6252899169921875,0.29559326171875,-0.2222900390625
1784890875875153152,36.77552795410156,0.51373291015625,0.462615966796875,-0.1411895751953125
1784890875885072896,36.78544783592224,0.339141845703125,0.5698394775390625,-0.1326904296875
1784890875894991872,36.7953667640686,0.198760986328125,0.64129638671875,-0.089935302734375
1784890875904911872,36.80528688430786,0.13232421875,0.6361083984375,-0.072174072265625
1784890875914830848,36.815205812454224,0.1195220947265625,0.5390472412109375,0.00250244140625
1784890875924751104,36.82512593269348,0.0870513916015625,0.322509765625,0.0948486328125
1784890875934670080,36.835044860839844,0.01690673828125,0.153564453125,0.14776611328125
1784890875944589824,36.84496474266052,-0.013458251953125,0.2099761962890625,0.1943359375
1784890875954509056,36.854883909225464,0.0354766845703125,0.354644775390625,0.1460418701171875
1784890875964428800,36.86480379104614,0.0755157470703125,0.3754425048828125,0.0660247802734375
1784890875974348032,36.874722957611084,0.0734710693359375,0.1875152587890625,-0.0170440673828125
1784890875984268032,36.88464283943176,0.03961181640625,-0.1061553955078125,-0.02276611328125
1784890875994186752,36.894561767578125,-0.0463714599609375,-0.2514190673828125,0.0616455078125
1784890876004107008,36.90448188781738,-0.096527099609375,-0.19952392578125,0.020782470703125
1784890876014025984,36.914400815963745,-0.00213623046875,-0.064971923828125,-0.046112060546875
1784890876023945984,36.924320936203,0.10552978515625,-0.070587158203125,-0.07611083984375
1784890876033864960,36.934239864349365,0.1240234375,-0.184234619140625,0.04718017578125
1784890876043784960,36.944159746170044,0.0288543701171875,-0.319580078125,0.2182464599609375
1784890876053703936,36.954078912734985,-0.0687255859375,-0.393096923828125,0.3409271240234375
1784890876063623936,36.963998794555664,-0.0718841552734375,-0.3957672119140625,0.360321044921875
1784890876073543168,36.973917961120605,-0.019134521484375,-0.3493499755859375,0.339508056640625
1784890876083462912,36.983837842941284,0.076263427734375,-0.31268310546875,0.31988525390625
1784890876093381888,36.99375677108765,0.1405029296875,-0.3044281005859375,0.2967987060546875
1784890876103301888,37.003676891326904,0.2059783935546875,-0.370361328125,0.37896728515625
1784890876113220864,37.01359581947327,0.217926025390625,-0.52459716796875,0.4469451904296875
1784890876123141120,37.023515939712524,0.1765899658203125,-0.5645294189453125,0.3995513916015625
1784890876133060096,37.03343486785889,0.1631011962890625,-0.519775390625,0.31787109375
1784890876142979840,37.043354749679565,0.1576080322265625,-0.40948486328125,0.272613525390625
1784890876152899072,37.05327391624451,0.200439453125,-0.35211181640625,0.2632598876953125
1784890876162818816,37.063193798065186,0.287078857421875,-0.4306182861328125,0.3817138671875
1784890876172738048,37.07311296463013,0.3462371826171875,-0.62591552734375,0.5801239013671875
1784890876182658048,37.083032846450806,0.347015380859375,-0.8490447998046875,0.8255615234375
1784890876192576768,37.09295177459717,0.306365966796875,-1.0123291015625,0.97314453125
1784890876202497024,37.102871894836426,0.2531890869140625,-1.0278472900390625,0.9919586181640625
1784890876212416000,37.11279082298279,0.239471435546875,-1.0150299072265625,0.9811859130859375
1784890876222336000,37.122710943222046,0.2454986572265625,-1.0889434814453125,1.0097503662109375
1784890876232254976,37.13262987136841,0.27252197265625,-1.13189697265625,1.0652313232421875
1784890876242174976,37.14254975318909,0.3043975830078125,-1.14697265625,1.16888427734375
1784890876252093952,37.15246891975403,0.322509765625,-1.1540679931640625,1.36639404296875
1784890876262013952,37.16238880157471,0.368438720703125,-1.133056640625,1.517303466796875
1784890876271933184,37.17230796813965,0.363128662109375,-1.080657958984375,1.6723175048828125
1784890876281852928,37.18222784996033,0.3126373291015625,-1.0479888916015625,1.7843780517578125
1784890876291771904,37.19214677810669,0.242889404296875,-1.0335693359375,1.849090576171875
1784890876301691904,37.20206689834595,0.2199859619140625,-0.965728759765625,1.8438720703125
1784890876311610880,37.21198582649231,0.1466217041015625,-0.97271728515625,1.8417816162109375
1784890876321531136,37.22190594673157,0.0277862548828125,-0.9986114501953125,1.930999755859375
1784890876331450112,37.23182487487793,-0.0486602783203125,-0.9622802734375,2.0395965576171875
1784890876341369856,37.24174475669861,-0.010986328125,-0.8629913330078125,1.972442626953125
1784890876351289088,37.25166392326355,-0.12939453125,-0.9290313720703125,1.9952850341796875
1784890876361208832,37.26158380508423,-0.0251922607421875,-0.4990386962890625,2.3160858154296875
1784890876371128064,37.27150297164917,-0.0111846923828125,-0.4835205078125,1.78497314453125
1784890876381048064,37.28142285346985,-0.5509033203125,-0.3952178955078125,1.595733642578125
1784890876390966784,37.29134178161621,-0.2443695068359375,-0.6690673828125,1.5767059326171875
1784890876400887040,37.30126190185547,-0.2232513427734375,-0.8270416259765625,1.2715911865234375
1784890876410806016,37.31118083000183,-0.2657470703125,-0.7063140869140625,0.9892578125
1784890876420726016,37.32110095024109,-0.1640472412109375,-0.5921630859375,0.805023193359375
1784890876430644992,37.33101987838745,-0.1170501708984375,-0.474853515625,0.6792449951171875
1784890876440564992,37.34093976020813,-0.153045654296875,-0.4457855224609375,0.5667724609375
1784890876450483968,37.35085892677307,-0.1628265380859375,-0.55859375,0.4664154052734375
1784890876460403968,37.36077880859375,-0.1258087158203125,-0.673980712890625,0.407012939453125
1784890876470322944,37.37069773674011,-0.1095428466796875,-0.7156829833984375,0.34515380859375
1784890876480242944,37.38061785697937,-0.1346282958984375,-0.67279052734375,0.3710174560546875
1784890876490161920,37.39053678512573,-0.15277099609375,-0.660247802734375,0.36456298828125
1784890876500081920,37.40045690536499,-0.1735382080078125,-0.6500396728515625,0.372772216796875
1784890876510000896,37.41037583351135,-0.1525115966796875,-0.6406402587890625,0.2850494384765625
1784890876519921152,37.42029595375061,-0.14373779296875,-0.6448822021484375,0.2426910400390625
1784890876529839872,37.43021488189697,-0.1079559326171875,-0.650146484375,0.2422332763671875
1784890876539759872,37.44013476371765,-0.0785980224609375,-0.8008270263671875,0.076507568359375
1784890876549679104,37.45005393028259,-0.2199859619140625,-0.7897186279296875,0.0986175537109375
1784890876559598848,37.45997381210327,-0.20989990234375,-0.980316162109375,0.0012054443359375
1784890876569517824,37.469892740249634,-0.2026214599609375,-0.993072509765625,0.0965576171875
1784890876579438080,37.47981286048889,-0.220977783203125,-0.8194122314453125,0.103515625
1784890876589356800,37.489731788635254,-0.196502685546875,-0.74859619140625,0.0605926513671875
1784890876599277056,37.49965190887451,-0.1090545654296875,-0.75469970703125,0.052001953125
1784890876609196032,37.509570837020874,0.02301025390625,-0.73492431640625,0.102325439453125
1784890876619116032,37.51949095726013,0.0188446044921875,-1.030181884765625,0.0178680419921875
1784890876629035008,37.529409885406494,0.0089263916015625,-1.123748779296875,0.0146942138671875
1784890876638954752,37.53932976722717,0.0091094970703125,-1.027099609375,0.1103057861328125
1784890876648873984,37.549248933792114,-0.015106201171875,-0.9140472412109375,0.1389923095703125
1784890876658793984,37.55916881561279,0.0680999755859375,-0.9175567626953125,0.1038055419921875
1784890876668712960,37.569087743759155,0.0888671875,-1.077178955078125,0.138763427734375
1784890876678632960,37.57900786399841,0.143951416015625,-1.0928802490234375,0.279754638671875
1784890876688551936,37.588926792144775,0.1800689697265625,-1.0460662841796875,0.2829132080078125
1784890876698471936,37.59884691238403,0.1472625732421875,-1.1385040283203125,0.3246917724609375
1784890876708390912,37.608765840530396,0.1041412353515625,-1.165618896484375,0.413665771484375
1784890876718311168,37.61868596076965,0.0928955078125,-1.3719024658203125,0.286773681640625
1784890876728229888,37.628604888916016,0.208465576171875,-1.35809326171875,0.2967376708984375
1784890876738149888,37.638524770736694,0.346435546875,-1.24310302734375,0.1429290771484375
1784890876748069120,37.648443937301636,0.4210968017578125,-1.102325439453125,0.153717041015625
1784890876757988864,37.658363819122314,0.588836669921875,-1.101806640625,-0.0013885498046875
1784890876767907840,37.66828274726868,0.5657196044921875,-1.043121337890625,-0.1410369873046875
1784890876777828096,37.678202867507935,0.382843017578125,-1.0658416748046875,-0.2350311279296875
1784890876787746816,37.6881217956543,0.183258056640625,-1.13720703125,-0.3092193603515625
1784890876797667072,37.698041915893555,0.203521728515625,-1.151458740234375,-0.339813232421875
1784890876807586048,37.70796084403992,0.3000946044921875,-0.98443603515625,-0.3084564208984375
1784890876817506048,37.717880964279175,0.261810302734375,-0.7852783203125,-0.3005218505859375
1784890876827425024,37.72779989242554,0.261474609375,-0.833343505859375,-0.45965576171875
1784890876837344768,37.737719774246216,0.160919189453125,-0.9285888671875,-0.5962677001953125
1784890876847264000,37.74763894081116,0.1507415771484375,-1.0536651611328125,-0.7211761474609375
1784890876857184000,37.757558822631836,0.17724609375,-1.1422882080078125,-0.788909912109375
1784890876867102976,37.7674777507782,0.167205810546875,-1.2164459228515625,-0.706573486328125
1784890876877022976,37.777397871017456,0.1076202392578125,-1.3653564453125,-0.687225341796875
1784890876886941952,37.78731679916382,0.0418243408203125,-1.4484405517578125,-0.580810546875
1784890876896861952,37.797236919403076,0.03863525390625,-1.412078857421875,-0.5576629638671875
1784890876906780928,37.80715584754944,0.0086822509765625,-1.2947998046875,-0.506195068359375
1784890876916701184,37.817075967788696,0.017730712890625,-1.2863616943359375,-0.55657958984375
1784890876926619904,37.82699489593506,0.0369720458984375,-1.3148040771484375,-0.6111602783203125
1784890876936539904,37.83691477775574,0.1823272705078125,-1.360809326171875,-0.7065277099609375
1784890876946459136,37.84683394432068,0.3073272705078125,-1.28155517578125,-0.7218475341796875
1784890876956378880,37.85675382614136,0.2833709716796875,-1.3278350830078125,-0.7749176025390625
1784890876966297856,37.86667275428772,0.1236572265625,-1.344024658203125,-0.605804443359375
1784890876976218112,37.87659287452698,-0.029632568359375,-1.304412841796875,-0.463592529296875
1784890876986136832,37.88651180267334,-0.1072845458984375,-1.213226318359375,-0.3573150634765625
1784890876996057088,37.8964319229126,-0.0340576171875,-1.1275177001953125,-0.30413818359375
1784890877005976064,37.90635085105896,0.1526641845703125,-1.1256256103515625,-0.25506591796875
1784890877015896064,37.91627097129822,0.2831878662109375,-1.1979217529296875,-0.24163818359375
1784890877025816064,37.9261908531189,0.18939208984375,-1.3086700439453125,-0.0703125
1784890877035734784,37.93610978126526,0.0581817626953125,-1.410675048828125,0.0984344482421875
1784890877045655040,37.94602990150452,-0.040435791015625,-1.4975128173828125,0.122283935546875
1784890877055574016,37.95594882965088,-0.010711669921875,-1.60015869140625,0.046173095703125
1784890877065494016,37.96586894989014,0.047637939453125,-1.69244384765625,0.0498504638671875
1784890877075412992,37.9757878780365,0.139892578125,-1.96044921875,0.21490478515625
1784890877085332992,37.98570775985718,0.2974090576171875,-2.4227447509765625,0.241912841796875
1784890877095251968,37.99562692642212,0.3343353271484375,-2.44915771484375,0.104522705078125
1784890877105171968,38.0055468082428,0.46044921875,-2.26715087890625,-0.14794921875
1784890877115090944,38.01546573638916,0.4809722900390625,-2.2166290283203125,-0.17108154296875
1784890877125010944,38.02538585662842,0.4327545166015625,-2.282257080078125,-0.1668548583984375
1784890877134929920,38.03530478477478,0.45733642578125,-2.2437744140625,-0.15484619140625
1784890877144849920,38.04522490501404,0.38641357421875,-2.078033447265625,-0.3734588623046875
1784890877154768896,38.0551438331604,0.5301513671875,-1.8157806396484375,-0.358642578125
1784890877164689152,38.06506395339966,0.5274200439453125,-1.7849578857421875,-0.333648681640625
1784890877174607872,38.07498288154602,0.4236907958984375,-1.6924285888671875,-0.1823883056640625
1784890877184527872,38.0849027633667,0.255523681640625,-1.5066375732421875,-0.183746337890625
1784890877194447104,38.09482192993164,-0.016754150390625,-1.1629638671875,-0.0406494140625
1784890877204366848,38.10474181175232,-0.1499786376953125,-0.6563873291015625,-0.222747802734375
1784890877214285824,38.11466073989868,-0.20758056640625,-0.4174652099609375,0.02197265625
1784890877224206080,38.12458086013794,0.067169189453125,-0.3668365478515625,-0.0020751953125
1784890877234124800,38.1344997882843,-0.1288909912109375,-0.2806243896484375,-0.0279083251953125
1784890877244045056,38.14441990852356,-0.204620361328125,-0.142303466796875,-0.0368804931640625
1784890877253964032,38.15433883666992,-0.2202301025390625,0.166229248046875,-0.1125640869140625
1784890877263884032,38.16425895690918,-0.7803955078125,0.06597900390625,-0.0633697509765625
1784890877273803008,38.17417788505554,-0.6270599365234375,0.1292572021484375,0.0101318359375
1784890877283722752,38.18409776687622,-0.3520965576171875,0.5557708740234375,0.1139373779296875
1784890877293641984,38.19401693344116,-0.213836669921875,0.4894561767578125,0.0528411865234375
1784890877303561984,38.20393681526184,0.0623321533203125,0.085845947265625,0.0567779541015625
1784890877313480960,38.2138557434082,0.287445068359375,0.504547119140625,-0.0623321533203125
1784890877323400960,38.22377586364746,-0.223663330078125,0.7748565673828125,-0.2365264892578125
1784890877333319936,38.23369479179382,-0.0152130126953125,0.417510986328125,-0.60601806640625
1784890877343239936,38.24361491203308,0.061920166015625,0.2657470703125,-0.7023468017578125
1784890877353158912,38.25353384017944,0.20587158203125,0.196807861328125,-0.9256439208984375
1784890877363079168,38.2634539604187,0.375579833984375,-0.3373260498046875,-1.1381378173828125
1784890877372997888,38.27337288856506,0.928436279296875,-0.60577392578125,-1.29656982421875
1784890877382917888,38.28329277038574,1.216094970703125,-0.759429931640625,-1.4164276123046875
1784890877392837120,38.293211936950684,1.2231903076171875,-0.5911712646484375,-1.834564208984375
1784890877402756864,38.30313181877136,1.1973724365234375,-0.6296539306640625,-1.9720916748046875
1784890877412675840,38.313050746917725,1.54443359375,-0.7413330078125,-2.1386871337890625
1784890877422596096,38.32297086715698,1.2968597412109375,-0.4261627197265625,-2.372802734375
1784890877432514816,38.332889795303345,1.095977783203125,-0.4910888671875,-2.314178466796875
1784890877442435072,38.3428099155426,1.12298583984375,-0.7772064208984375,-2.0358734130859375
1784890877452354048,38.352728843688965,1.0694122314453125,-0.99993896484375,-1.75390625
1784890877462274048,38.36264896392822,0.9205474853515625,-1.007415771484375,-1.556671142578125
1784890877472193024,38.372567892074585,0.840240478515625,-1.14434814453125,-1.399169921875
1784890877482112768,38.382487773895264,0.81103515625,-1.36383056640625,-1.2205352783203125
1784890877492032000,38.392406940460205,0.8726959228515625,-1.30975341796875,-1.16644287109375
1784890877501952000,38.402326822280884,0.83111572265625,-1.1832275390625,-1.2053070068359375
1784890877511870976,38.412245750427246,0.8696136474609375,-1.1124114990234375,-1.2016754150390625
1784890877521790976,38.422165870666504,0.938201904296875,-1.005615234375,-1.2313690185546875
1784890877531709952,38.432084798812866,0.6140289306640625,-1.08843994140625,-1.20404052734375
1784890877541629952,38.442004919052124,0.4961395263671875,-1.26617431640625,-1.1707305908203125
1784890877551548928,38.451923847198486,0.576904296875,-1.3396759033203125,-1.05859375
1784890877561469184,38.461843967437744,0.60662841796875,-1.3132476806640625,-0.9891357421875
1784890877571388928,38.47176384925842,0.5227508544921875,-1.20635986328125,-0.7833709716796875
1784890877581307904,38.481682777404785,0.516937255859375,-1.235260009765625,-0.770111083984375
1784890877591227136,38.49160194396973,0.4996795654296875,-1.1697998046875,-0.63238525390625
1784890877601146880,38.501521825790405,0.4217376708984375,-1.1843414306640625,-0.6611785888671875
1784890877611067136,38.51144194602966,0.5704803466796875,-1.1985321044921875,-0.5869140625
1784890877620986112,38.521360874176025,0.7092132568359375,-1.2365875244140625,-0.5154266357421875
1784890877630905856,38.531280755996704,0.5680999755859375,-1.3266754150390625,-0.4561767578125
1784890877640825088,38.541199922561646,0.3463134765625,-1.413055419921875,-0.3775787353515625
1784890877650744832,38.551119804382324,0.4242706298828125,-1.3541717529296875,-0.3166046142578125
1784890877660664064,38.561038970947266,0.4872589111328125,-1.3321075439453125,-0.3094024658203125
1784890877670584064,38.570958852767944,0.4537200927734375,-1.3675384521484375,-0.2812042236328125
1784890877680502784,38.58087778091431,0.395355224609375,-1.267578125,-0.2594146728515625
1784890877690423040,38.590797901153564,0.47967529296875,-1.085205078125,-0.3936920166015625
1784890877700342016,38.60071682929993,0.62158203125,-0.8990478515625,-0.4888763427734375
1784890877710262016,38.610636949539185,0.7309722900390625,-0.956024169921875,-0.4513702392578125
1784890877720180992,38.62055587768555,0.9026641845703125,-1.0412750244140625,-0.4288330078125
1784890877730100992,38.630475759506226,0.9133148193359375,-1.119476318359375,-0.4591064453125
1784890877740019968,38.64039492607117,0.6710968017578125,-1.1346282958984375,-0.3890380859375
1784890877749939968,38.650314807891846,0.4994049072265625,-1.1019744873046875,-0.501190185546875
1784890877759858944,38.66023373603821,0.6092681884765625,-1.027252197265625,-0.3923187255859375
1784890877769778944,38.670153856277466,0.626617431640625,-1.0664215087890625,-0.2125244140625
1784890877779697920,38.68007278442383,0.3792572021484375,-1.2335205078125,-0.05224609375
1784890877789617920,38.689992904663086,0.604156494140625,-1.2377166748046875,-0.0018310546875
1784890877799536896,38.69991183280945,0.6416015625,-1.198272705078125,-0.1196441650390625
1784890877809457152,38.709831953048706,0.512176513671875,-1.221710205078125,-0.58441162109375
1784890877819375872,38.71975088119507,0.724365234375,-0.9554901123046875,-0.926483154296875
1784890877829295104,38.72967004776001,0.48187255859375,-0.90850830078125,-0.887786865234375
1784890877839214336,38.73958921432495,0.5341033935546875,-0.9258575439453125,-0.877532958984375
1784890877849134080,38.74950909614563,0.6806182861328125,-1.0548858642578125,-0.8915863037109375
1784890877859053056,38.75942802429199,0.6566009521484375,-1.37432861328125,-0.9585723876953125
1784890877868973312,38.76934814453125,0.6303863525390625,-1.7143402099609375,-0.984344482421875
1784890877878892288,38.77926707267761,0.7519378662109375,-1.9600067138671875,-0.9813995361328125
1784890877888812288,38.78918719291687,0.7680511474609375,-1.9344635009765625,-1.040863037109375
1784890877898731264,38.79910612106323,0.7982940673828125,-1.6067962646484375,-1.123992919921875
1784890877908651008,38.80902600288391,0.8480682373046875,-1.4048004150390625,-1.1394805908203125
1784890877918570240,38.81894516944885,0.8862762451171875,-1.4142913818359375,-1.118804931640625
1784890877928490240,38.82886505126953,0.9432220458984375,-1.3049774169921875,-1.047149658203125
1784890877938409216,38.83878421783447,0.970306396484375,-1.0254974365234375,-0.9633331298828125
1784890877948329216,38.84870409965515,0.8493194580078125,-0.859710693359375,-0.88275146484375
1784890877958249216,38.85862421989441,0.7068023681640625,-0.8278045654296875,-0.74871826171875
1784890877968168192,38.86854314804077,0.6295166015625,-0.830718994140625,-0.606903076171875
1784890877978088192,38.87846302986145,0.6219024658203125,-0.7318878173828125,-0.4604644775390625
1784890877988007424,38.88838219642639,0.6431121826171875,-0.5201568603515625,-0.34967041015625
1784890877997927168,38.89830207824707,0.6508331298828125,-0.2328643798828125,-0.27783203125
1784890878007846144,38.90822100639343,0.6231689453125,0.0701446533203125,-0.17974853515625
1784890878017766144,38.91814112663269,0.5396270751953125,0.3082275390625,-0.0693511962890625
1784890878027685120,38.92806005477905,0.42669677734375,0.3938140869140625,-0.00372314453125
1784890878037605376,38.93798017501831,0.2940673828125,0.3936767578125,0.0791015625
1784890878047524096,38.94789910316467,0.1778717041015625,0.4910430908203125,0.2142333984375
1784890878057444096,38.95781898498535,0.1444091796875,0.559814453125,0.2221832275390625
1784890878067363328,38.96773815155029,0.07147216796875,0.5947265625,0.24896240234375
1784890878077283072,38.97765803337097,0.0021820068359375,0.5172576904296875,0.2872772216796875
1784890878087202304,38.98757719993591,-0.0238800048828125,0.4228668212890625,0.31182861328125
1784890878097122304,38.99749708175659,-0.021240234375,0.3618621826171875,0.2615814208984375
1784890878107041024,39.007416009902954,0.0010986328125,0.294921875,0.1456451416015625
1784890878116961280,39.01733613014221,0.019775390625,0.177490234375,0.1580963134765625
1784890878126880256,39.027255058288574,-0.0215606689453125,-0.014678955078125,0.22454833984375
1784890878136800256,39.03717517852783,-0.088775634765625,-0.1959075927734375,0.22821044921875
1784890878146719232,39.047094106674194,-0.1337738037109375,-0.302734375,0.249298095703125
1784890878156638976,39.05701398849487,-0.096649169921875,-0.343536376953125,0.2914581298828125
1784890878166558208,39.066933155059814,-0.018157958984375,-0.407989501953125,0.3506317138671875
1784890878176478208,39.07685303688049,-0.0075225830078125,-0.443695068359375,0.40936279296875
1784890878186397440,39.086772203445435,-0.0574951171875,-0.3581695556640625,0.3860015869140625
1784890878196317184,39.09669208526611,-0.0762786865234375,-0.205291748046875,0.2493743896484375
1784890878206236160,39.106611013412476,-0.023712158203125,-0.11505126953125,0.0883636474609375
1784890878216156160,39.11653113365173,0.0334930419921875,-0.1954803466796875,0.10858154296875
1784890878226075136,39.126450061798096,0.1227874755859375,-0.45220947265625,0.22564697265625
1784890878235995392,39.13637018203735,0.1605987548828125,-0.660797119140625,0.3126678466796875
1784890878245914112,39.146289110183716,0.114013671875,-0.7110595703125,0.30303955078125
1784890878255834112,39.156208992004395,0.087860107421875,-0.5843353271484375,0.1935882568359375
1784890878265754112,39.16612911224365,0.1343536376953125,-0.5034027099609375,0.1049652099609375
1784890878275673088,39.176048040390015,0.2147369384765625,-0.5135040283203125,0.1513214111328125
1784890878285593344,39.18596816062927,0.28204345703125,-0.6763458251953125,0.38946533203125
1784890878295512320,39.195887088775635,0.22601318359375,-0.848876953125,0.5089569091796875
1784890878305432320,39.20580720901489,0.17205810546875,-0.87939453125,0.525421142578125
1784890878315351296,39.215726137161255,0.1236724853515625,-0.957183837890625,0.5457305908203125
1784890878325271040,39.225646018981934,0.093231201171875,-1.059906005859375,0.570770263671875
1784890878335190272,39.235565185546875,0.1318817138671875,-1.1261444091796875,0.584991455078125
1784890878345110272,39.245485067367554,0.2344818115234375,-1.1284027099609375,0.667633056640625
1784890878355028992,39.255403995513916,0.35992431640625,-1.2369842529296875,0.92559814453125
1784890878364949248,39.265324115753174,0.3601531982421875,-1.5273284912109375,1.1236724853515625
1784890878374868224,39.275243043899536,0.271484375,-1.68572998046875,1.3312225341796875
1784890878384788224,39.285163164138794,0.2033233642578125,-1.6940765380859375,1.4899139404296875
1784890878394707200,39.295082092285156,0.15960693359375,-1.5615234375,1.4131011962890625
1784890878404627200,39.305002212524414,0.130645751953125,-1.37652587890625,1.2637786865234375
1784890878414546176,39.314921140670776,0.1160430908203125,-1.31268310546875,1.1066436767578125
1784890878424466176,39.324841022491455,0.02972412109375,-1.33770751953125,1.0386505126953125
1784890878434385408,39.3347601890564,-0.14996337890625,-1.2697906494140625,1.0010986328125
1784890878444305152,39.344680070877075,-0.1907196044921875,-1.106903076171875,1.0902099609375
1784890878454224128,39.35459899902344,-0.128692626953125,-0.8787384033203125,1.2162322998046875
1784890878464144128,39.364519119262695,-0.2145233154296875,-0.807373046875,1.5417022705078125
1784890878474063104,39.37443804740906,-0.345977783203125,-0.94696044921875,1.721435546875
1784890878483983360,39.384358167648315,-0.341522216796875,-0.9344940185546875,1.7944793701171875
1784890878493902080,39.39427709579468,-0.3800201416015625,-0.730926513671875,1.648712158203125
1784890878503822336,39.404197216033936,-0.35791015625,-0.77984619140625,1.480377197265625
1784890878513742336,39.414117097854614,-0.2529144287109375,-0.912078857421875,1.443511962890625
1784890878523661056,39.42403602600098,0.033660888671875,-0.60986328125,1.106048583984375
1784890878533581312,39.433956146240234,-0.3150482177734375,-0.4276123046875,0.785980224609375
1784890878543500288,39.4438750743866,-0.3784637451171875,-0.4507293701171875,0.8389739990234375
1784890878553420288,39.453795194625854,-0.022216796875,-0.8214263916015625,0.7728118896484375
1784890878563339264,39.46371412277222,-0.1322021484375,-0.9747772216796875,0.7776031494140625
1784890878573259008,39.473634004592896,-0.1770782470703125,-1.029052734375,0.7856292724609375
1784890878583178240,39.48355317115784,-0.146270751953125,-1.0853271484375,0.6700897216796875
1784890878593098240,39.493473052978516,-0.139068603515625,-0.972412109375,0.6908416748046875
1784890878603017216,39.50339221954346,-0.1173248291015625,-0.9819183349609375,0.6106414794921875
1784890878612937216,39.513312101364136,-0.11663818359375,-1.0262451171875,0.47369384765625
1784890878622856192,39.5232310295105,-0.126861572265625,-0.938690185546875,0.3526611328125
1784890878632776192,39.533151149749756,-0.111846923828125,-0.771392822265625,0.2296142578125
1784890878642695168,39.54307007789612,-0.1530609130859375,-0.619415283203125,0.0884246826171875
1784890878652615424,39.552990198135376,-0.143829345703125,-0.5022735595703125,0.006622314453125
1784890878662534144,39.56290912628174,-0.1885223388671875,-0.5115814208984375,0.0029296875
1784890878672454144,39.57282900810242,-0.23809814453125,-0.5628662109375,0.053314208984375
1784890878682373376,39.58274817466736,-0.14581298828125,-0.61773681640625,-0.0171356201171875
1784890878692293120,39.59266805648804,-0.21405029296875,-0.7576751708984375,-0.0863494873046875
1784890878702212096,39.6025869846344,-0.2794342041015625,-0.744232177734375,-0.1294097900390625
1784890878712132096,39.61250710487366,-0.164031982421875,-0.7722320556640625,-0.09320068359375
1784890878722051072,39.62242603302002,-0.0825958251953125,-0.6907501220703125,-0.136810302734375
1784890878731971328,39.63234615325928,-0.10150146484375,-0.9180908203125,-0.3382568359375
1784890878741891072,39.642266035079956,-0.0157012939453125,-0.8615264892578125,-0.1287994384765625
1784890878751810304,39.6521852016449,0.0029754638671875,-0.9692535400390625,-0.12689208984375
1784890878761730304,39.662105083465576,0.0032196044921875,-1.086761474609375,-0.1277923583984375
1784890878771649024,39.67202401161194,0.0484771728515625,-1.1838836669921875,-0.059967041015625
1784890878781569280,39.681944131851196,-0.0684356689453125,-1.1422271728515625,0.2148895263671875
1784890878791488256,39.69186305999756,-0.0283203125,-1.18182373046875,0.1948089599609375
1784890878801408256,39.701783180236816,0.15997314453125,-1.2680206298828125,0.1796875
1784890878811327232,39.71170210838318,0.1279449462890625,-1.275146484375,0.31353759765625
1784890878821246976,39.72162199020386,0.1799163818359375,-1.32147216796875,0.4564361572265625
1784890878831165440,39.73154044151306,0.202880859375,-1.4642333984375,0.420623779296875
1784890878841085696,39.74146056175232,0.3248138427734375,-1.45611572265625,0.494171142578125
1784890878851004672,39.75137948989868,0.2079620361328125,-1.3474578857421875,0.541229248046875
1784890878860924672,39.76129961013794,0.2086639404296875,-1.3299102783203125,0.4178466796875
1784890878870843648,39.7712185382843,0.2828826904296875,-1.212677001953125,0.3487548828125
1784890878880763648,39.78113842010498,0.434478759765625,-1.1046295166015625,0.285736083984375
1784890878890682624,39.79105758666992,0.4293975830078125,-1.167236328125,0.2055816650390625
1784890878900602624,39.8009774684906,0.3681640625,-1.2151336669921875,0.0463104248046875
1784890878910521856,39.81089663505554,0.29180908203125,-1.05609130859375,0.02044677734375
1784890878920441600,39.82081651687622,0.271759033203125,-0.9708251953125,-0.136993408203125
1784890878930360576,39.83073544502258,0.295196533203125,-0.909820556640625,-0.2418060302734375
1784890878940280576,39.84065556526184,0.3083953857421875,-0.782470703125,-0.22314453125
1784890878950200576,39.85057544708252,0.3446044921875,-0.758544921875,-0.4302215576171875
1784890878960119808,39.86049461364746,0.3268585205078125,-0.7474365234375,-0.5291290283203125
1784890878970039552,39.87041449546814,0.2974090576171875,-0.97100830078125,-0.6468353271484375
1784890878979958528,39.8803334236145,0.2585906982421875,-1.1553955078125,-0.7009735107421875
1784890878989878528,39.89025354385376,0.2960357666015625,-1.2165069580078125,-0.6328125
1784890878999797504,39.90017247200012,0.26116943359375,-1.311248779296875,-0.65911865234375
1784890879009717760,39.91009259223938,0.146697998046875,-1.33941650390625,-0.6709747314453125
1784890879019636736,39.92001152038574,0.01605224609375,-1.3284149169921875,-0.665557861328125
1784890879029556480,39.92993140220642,0.0048980712890625,-1.423492431640625,-0.682220458984375
1784890879039475712,39.93985056877136,0.139556884765625,-1.2674713134765625,-0.675567626953125
1784890879049395456,39.94977045059204,0.21551513671875,-1.3239288330078125,-0.675018310546875
1784890879059314688,39.95968961715698,0.05059814453125,-1.3200225830078125,-0.4141693115234375
1784890879069234688,39.96960949897766,-0.109222412109375,-1.382110595703125,-0.4597930908203125
1784890879079153664,39.97952842712402,-0.0878448486328125,-1.3494720458984375,-0.4135284423828125
1784890879089073664,39.98944854736328,-0.059783935546875,-1.3284759521484375,-0.4782257080078125
1784890879098992640,39.999367475509644,0.094329833984375,-1.4062652587890625,-0.4952392578125
1784890879108912640,40.0092875957489,0.2300872802734375,-1.5449371337890625,-0.5296478271484375
1784890879118831616,40.019206523895264,0.3702239990234375,-1.772216796875,-0.5821533203125
1784890879128751616,40.02912640571594,0.3914031982421875,-1.924163818359375,-0.57171630859375
1784890879138671616,40.0390465259552,0.3793792724609375,-1.8041229248046875,-0.4669036865234375
1784890879148590592,40.04896545410156,0.3009796142578125,-1.6385040283203125,-0.3560943603515625
1784890879158510592,40.05888557434082,0.138763427734375,-1.52862548828125,-0.3176116943359375
1784890879168429568,40.06880450248718,0.1475830078125,-1.442169189453125,-0.4027252197265625
1784890879178349824,40.07872462272644,0.3743743896484375,-1.510162353515625,-0.5284881591796875
1784890879188268544,40.0886435508728,0.5054779052734375,-1.6178436279296875,-0.5953826904296875
1784890879198188544,40.09856343269348,0.5622406005859375,-1.7070770263671875,-0.5537872314453125
1784890879208107776,40.10848259925842,0.5394439697265625,-1.6793365478515625,-0.5220184326171875
1784890879218027520,40.1184024810791,0.5135650634765625,-1.6777496337890625,-0.3192291259765625
1784890879227946496,40.128321409225464,0.3286285400390625,-1.7733306884765625,-0.242279052734375
1784890879237866752,40.13824152946472,0.0256805419921875,-1.9529571533203125,-0.121826171875
1784890879247785472,40.148160457611084,0.2426605224609375,-2.007049560546875,-0.1871337890625
1784890879257705728,40.15808057785034,0.5252838134765625,-2.024658203125,-0.249755859375
1784890879267624704,40.167999505996704,0.79791259765625,-1.861541748046875,-0.325439453125
1784890879277544704,40.17791962623596,0.836273193359375,-1.756683349609375,-0.3937225341796875
1784890879287463680,40.187838554382324,0.7188720703125,-1.7500762939453125,-0.36846923828125
1784890879297383424,40.197758436203,0.3076324462890625,-1.768157958984375,-0.6191864013671875
1784890879307303680,40.20767855644226,-0.08282470703125,-1.44287109375,-0.50653076171875
1784890879317222656,40.21759748458862,-0.110321044921875,-1.010284423828125,-0.4151153564453125
1784890879327142656,40.22751760482788,-0.2624359130859375,-0.6894683837890625,-0.389373779296875
1784890879337061632,40.23743653297424,-0.16851806640625,-0.3437652587890625,-0.130401611328125
1784890879346981632,40.24735641479492,0.083984375,-0.2772674560546875,-0.241943359375
1784890879356900608,40.25727558135986,0.0319671630859375,-0.2658843994140625,0.109649658203125
1784890879366820608,40.26719546318054,-0.169036865234375,-0.52294921875,0.365692138671875
1784890879376739840,40.27711462974548,-0.5460205078125,-0.4637908935546875,0.47528076171875
1784890879386659584,40.28703451156616,-0.3372650146484375,-0.34808349609375,0.43359375
1784890879396578560,40.296953439712524,-0.4967041015625,0.189727783203125,0.245147705078125
1784890879406498560,40.30687355995178,-0.4515533447265625,0.4295654296875,0.1006927490234375
1784890879416417536,40.316792488098145,-0.4224700927734375,0.46795654296875,-0.0566558837890625
1784890879426337792,40.3267126083374,-0.2919158935546875,0.713714599609375,-0.1187744140625
1784890879436256768,40.336631536483765,0.1631317138671875,0.714111328125,-0.3536376953125
1784890879446176512,40.34655141830444,0.45135498046875,0.7012939453125,-0.5801544189453125
1784890879456095744,40.356470584869385,0.7115478515625,0.45599365234375,-0.98553466796875
1784890879466015488,40.36639046669006,0.3989105224609375,0.6932830810546875,-1.1015777587890625
1784890879475935744,40.37631058692932,0.205902099609375,0.57086181640625,-1.3990325927734375
1784890879485854720,40.386229515075684,0.2417755126953125,0.113006591796875,-1.377716064453125
1784890879495774720,40.39614963531494,0.231658935546875,-0.01483154296875,-1.5388641357421875
1784890879505693696,40.406068563461304,0.2504119873046875,0.1110382080078125,-1.77252197265625
1784890879515613440,40.41598844528198,0.49151611328125,0.0386810302734375,-1.7783966064453125
1784890879525532672,40.425907611846924,0.7342071533203125,-0.58868408203125,-1.97076416015625
1784890879535452672,40.4358274936676,0.7989044189453125,-0.7513427734375,-1.9631805419921875
1784890879545371648,40.445746421813965,0.694061279296875,-0.52203369140625,-2.077972412109375
1784890879555291648,40.45566654205322,0.6417694091796875,-0.508331298828125,-2.0953521728515625
1784890879565210624,40.465585470199585,0.822723388671875,-0.6426849365234375,-1.998016357421875
1784890879575130624,40.47550559043884,0.9889068603515625,-0.876617431640625,-1.7750701904296875
1784890879585049600,40.485424518585205,0.9994659423828125,-1.0101165771484375,-1.6636962890625
1784890879594969856,40.49534463882446,1.0036773681640625,-1.00653076171875,-1.671875
1784890879604888576,40.505263566970825,0.8527984619140625,-1.1010284423828125,-1.6504669189453125
1784890879614808576,40.515183448791504,0.889892578125,-1.2287445068359375,-1.49591064453125
1784890879624728576,40.52510356903076,0.966705322265625,-1.375823974609375,-1.3292694091796875
1784890879634647552,40.535022497177124,0.9308624267578125,-1.27508544921875,-1.24481201171875
1784890879644567808,40.54494261741638,0.7566375732421875,-1.2777862548828125,-1.1527862548828125
1784890879654486784,40.554861545562744,0.670166015625,-1.3111419677734375,-1.1074066162109375
1784890879664406528,40.56478142738342,0.560333251953125,-1.2351837158203125,-1.1301116943359375
1784890879674325760,40.574700593948364,0.5304718017578125,-1.0231475830078125,-1.137786865234375
1784890879684245504,40.58462047576904,0.672271728515625,-0.915740966796875,-1.1020355224609375
1784890879694164480,40.594539403915405,0.9487762451171875,-1.12744140625,-0.95965576171875
1784890879704084736,40.60445952415466,0.839447021484375,-1.33599853515625,-0.7536773681640625
1784890879714003456,40.614378452301025,0.70989990234375,-1.388916015625,-0.649078369140625
1784890879723923712,40.62429857254028,0.5742340087890625,-1.3051300048828125,-0.58905029296875
1784890879733842688,40.634217500686646,0.5199737548828125,-1.1958160400390625,-0.5341796875
1784890879743762688,40.6441376209259,0.5213165283203125,-1.1676483154296875,-0.4901885986328125
1784890879753681664,40.654056549072266,0.51873779296875,-1.1742401123046875,-0.3458404541015625
1784890879763601664,40.663976430892944,0.52740478515625,-1.2637939453125,-0.22442626953125
1784890879773521664,40.6738965511322,0.5260467529296875,-1.3993377685546875,-0.145172119140625
1784890879783440640,40.683815479278564,0.5425567626953125,-1.485198974609375,-0.094451904296875
1784890879793360640,40.69373559951782,0.4568634033203125,-1.473663330078125,-0.0619354248046875
1784890879803279616,40.703654527664185,0.4496002197265625,-1.3071746826171875,-0.079742431640625
1784890879813199616,40.71357440948486,0.4904327392578125,-1.143402099609375,-0.07147216796875
1784890879823118592,40.723493576049805,0.5106201171875,-1.1018218994140625,-0.2816162109375
1784890879833038848,40.73341369628906,0.55865478515625,-0.9489898681640625,-0.4525909423828125
1784890879842957824,40.743332624435425,0.58758544921875,-0.69482421875,-0.5935516357421875
1784890879852877568,40.7532525062561,0.6248016357421875,-0.5718536376953125,-0.840545654296875
1784890879862796800,40.763171672821045,0.7037353515625,-0.616851806640625,-0.939056396484375
1784890879872716544,40.773091554641724,0.4580230712890625,-0.9069976806640625,-0.846771240234375
1784890879882635776,40.783010721206665,0.3393707275390625,-1.171295166015625,-0.851287841796875
1784890879892555776,40.792930603027344,0.3925628662109375,-1.1458892822265625,-0.6832427978515625
1784890879902475520,40.80285048484802,0.4685516357421875,-1.27288818359375,-0.5591278076171875
1784890879912394752,40.812769651412964,0.447662353515625,-1.239593505859375,-0.504302978515625
1784890879922314752,40.82268953323364,0.5225830078125,-1.1416168212890625,-0.2630462646484375
1784890879932233728,40.832608699798584,0.4051971435546875,-1.4149169921875,0.0278778076171875
1784890879942153728,40.84252858161926,0.416015625,-1.595428466796875,0.163848876953125
1784890879952072704,40.852447509765625,0.5362396240234375,-1.5463714599609375,0.1408233642578125
1784890879961992704,40.86236763000488,0.73089599609375,-1.174652099609375,-0.5283050537109375
1784890879971911680,40.872286558151245,0.6762237548828125,-0.9889068603515625,-1.0513763427734375
1784890879981831680,40.8822066783905,0.411865234375,-0.9621734619140625,-0.9767608642578125
1784890879991750656,40.892125606536865,0.431488037109375,-0.9315338134765625,-0.9523162841796875
1784890880001670656,40.902045488357544,0.367095947265625,-1.084808349609375,-0.9080657958984375
1784890880011589888,40.911964654922485,0.4493255615234375,-1.3650970458984375,-0.8404998779296875
1784890880021509632,40.921884536743164,0.504638671875,-1.6402587890625,-0.635406494140625
1784890880031428864,40.931803703308105,0.6374359130859375,-1.8681182861328125,-0.5896453857421875
1784890880041348608,40.941723585128784,0.6772003173828125,-1.73046875,-0.657745361328125
1784890880051268864,40.95164370536804,0.77093505859375,-1.6136474609375,-0.7448272705078125
1784890880061187840,40.961562633514404,0.7181243896484375,-1.5919952392578125,-0.8619842529296875
1784890880071107584,40.97148251533508,0.8171844482421875,-1.4248809814453125,-0.8400421142578125
1784890880081026816,40.981401681900024,0.7882080078125,-1.2751007080078125,-0.831207275390625
1784890880090946560,40.9913215637207,0.8332672119140625,-1.1959381103515625,-0.7558135986328125
1784890880100865536,41.001240491867065,0.8030548095703125,-1.1450958251953125,-0.65289306640625
1784890880110785792,41.01116061210632,0.770355224609375,-1.0397491455078125,-0.5115814208984375
1784890880120704768,41.021079540252686,0.7334442138671875,-0.898834228515625,-0.394683837890625
1784890880130624768,41.03099966049194,0.696990966796875,-0.717041015625,-0.29779052734375
1784890880140543744,41.040918588638306,0.680572509765625,-0.4859771728515625,-0.219818115234375
1784890880150463744,41.05083870887756,0.648468017578125,-0.2403564453125,-0.12255859375
1784890880160382720,41.060757637023926,0.5459747314453125,-0.031280517578125,-0.0010833740234375
1784890880170302720,41.070677518844604,0.4402313232421875,0.1624908447265625,0.0505218505859375
1784890880180222720,41.08059763908386,0.3590850830078125,0.3502960205078125,0.1280975341796875
1784890880190141696,41.090516567230225,0.2220611572265625,0.5041656494140625,0.19403076171875
1784890880200061696,41.10043668746948,0.0952911376953125,0.485137939453125,0.2047119140625
1784890880209980672,41.110355615615845,-0.0068817138671875,0.4304656982421875,0.24981689453125
1784890880219900672,41.12027549743652,-0.035064697265625,0.406829833984375,0.30694580078125
1784890880229819648,41.130194664001465,-0.0441131591796875,0.348480224609375,0.3603363037109375
1784890880239739648,41.140114545822144,-0.0878753662109375,0.2589874267578125,0.3467559814453125
1784890880249658880,41.150033712387085,-0.1122589111328125,0.1846771240234375,0.2838592529296875
1784890880259578624,41.159953594207764,-0.1066741943359375,0.084320068359375,0.2142333984375
1784890880269497600,41.169872522354126,-0.088226318359375,-0.0337371826171875,0.1875
1784890880279417856,41.179792642593384,-0.134918212890625,-0.1314544677734375,0.1757659912109375
1784890880289337600,41.18971252441406,-0.1517181396484375,-0.1795501708984375,0.18841552734375
1784890880299256832,41.199631690979004,-0.1113433837890625,-0.2074127197265625,0.2647857666015625
1784890880309176576,41.20955157279968,-0.0457000732421875,-0.213287353515625,0.3472442626953125
1784890880319095552,41.219470500946045,-0.03997802734375,-0.21441650390625,0.317535400390625
1784890880329015808,41.2293906211853,-0.03594970703125,-0.14727783203125,0.1841583251953125
1784890880338934784,41.239309549331665,-0.0018463134765625,-0.133087158203125,0.098724365234375
1784890880348854784,41.24922966957092,0.059661865234375,-0.2462005615234375,0.116302490234375
1784890880358773760,41.259148597717285,0.1202392578125,-0.4559783935546875,0.21392822265625
1784890880368693760,41.26906871795654,0.082763671875,-0.5804595947265625,0.29400634765625
1784890880378612736,41.278987646102905,0.0090789794921875,-0.526153564453125,0.2518463134765625
1784890880388532736,41.288907527923584,-0.0206451416015625,-0.410614013671875,0.1986083984375
1784890880398451712,41.298826694488525,-0.0192413330078125,-0.3046875,0.1700286865234375
1784890880408371712,41.308746576309204,0.029449462890625,-0.258453369140625,0.1443939208984375
1784890880418291712,41.31866669654846,0.169952392578125,-0.2963714599609375,0.1883697509765625
1784890880428210688,41.328585624694824,0.296844482421875,-0.440338134765625,0.2790069580078125
1784890880438130688,41.3385055065155,0.3427581787109375,-0.56707763671875,0.34173583984375
1784890880448049664,41.348424673080444,0.3504791259765625,-0.64892578125,0.4409942626953125
1784890880457969664,41.35834455490112,0.2957763671875,-0.70526123046875,0.4914703369140625
1784890880467888896,41.368263721466064,0.257781982421875,-0.7213134765625,0.5154876708984375
1784890880477808640,41.37818360328674,0.2820587158203125,-0.7318572998046875,0.55181884765625
1784890880487727616,41.388102531433105,0.3633880615234375,-0.714508056640625,0.6368255615234375
1784890880497647872,41.39802265167236,0.4696807861328125,-0.7834625244140625,0.8792266845703125
1784890880507566592,41.407941579818726,0.468414306640625,-0.8907623291015625,1.1349945068359375
1784890880517486848,41.41786170005798,0.3649749755859375,-0.9142303466796875,1.306884765625
1784890880527406592,41.42778158187866,0.2961273193359375,-0.9484710693359375,1.360687255859375
1784890880537325568,41.437700510025024,0.3020477294921875,-0.978790283203125,1.3818511962890625
1784890880547245824,41.44762063026428,0.3152618408203125,-0.9754180908203125,1.3751068115234375
1784890880557164544,41.457539558410645,0.277435302734375,-0.89019775390625,1.4766693115234375
1784890880567084800,41.4674596786499,0.246978759765625,-0.710479736328125,1.64874267578125
1784890880577003776,41.477378606796265,0.2024078369140625,-0.759613037109375,1.8313446044921875
1784890880586923520,41.48729848861694,0.080718994140625,-0.938018798828125,2.0791778564453125
1784890880596842752,41.497217655181885,0.0311279296875,-0.9854278564453125,2.152313232421875
1784890880606762752,41.50713753700256,-0.0024871826171875,-1.1076507568359375,2.0905303955078125
1784890880616681728,41.517056703567505,-0.1563873291015625,-1.2028350830078125,2.1939239501953125
1784890880626601728,41.526976585388184,-0.4415130615234375,-1.658203125,2.221923828125
1784890880636520704,41.536895513534546,0.5997467041015625,-1.1642303466796875,1.9814910888671875
1784890880646440704,41.546815633773804,-0.3531036376953125,-0.36309814453125,1.141448974609375
1784890880656360704,41.55673551559448,-0.5703887939453125,-0.32049560546875,1.27197265625
1784890880666279680,41.566654682159424,0.161895751953125,-0.9141082763671875,0.97198486328125
1784890880676199680,41.5765745639801,-0.0289154052734375,-0.978607177734375,1.0696563720703125
1784890880686118656,41.586493492126465,-0.224365234375,-1.1247711181640625,0.9131011962890625
1784890880696038656,41.59641361236572,-0.19403076171875,-1.0444488525390625,0.9032440185546875
1784890880705957632,41.606332540512085,-0.163421630859375,-0.8566436767578125,0.750335693359375
1784890880715877888,41.61625266075134,-0.1390228271484375,-0.80157470703125,0.5882568359375
1784890880725796608,41.626171588897705,-0.09979248046875,-0.837554931640625,0.5291748046875
1784890880735716864,41.63609170913696,-0.0971221923828125,-0.9051513671875,0.4743194580078125
1784890880745635840,41.646010637283325,-0.0546112060546875,-0.8637542724609375,0.4612884521484375
1784890880755555584,41.655930519104004,-0.04901123046875,-0.829833984375,0.4542999267578125
1784890880765475840,41.66585063934326,-0.0532073974609375,-0.856903076171875,0.3726348876953125
1784890880775394560,41.675769567489624,-0.1086883544921875,-0.8912200927734375,0.3220367431640625
1784890880785314816,41.68568968772888,-0.1542816162109375,-0.96685791015625,0.2337188720703125
1784890880795233792,41.695608615875244,-0.2012786865234375,-0.954315185546875,0.1462554931640625
1784890880805153536,41.70552849769592,-0.2521209716796875,-0.732757568359375,0.113922119140625
1784890880815072768,41.715447664260864,-0.02301025390625,-0.409912109375,0.1925201416015625
1784890880824992768,41.72536754608154,-0.0185394287109375,-0.569244384765625,-0.0859222412109375
1784890880834911232,41.735286235809326,-0.0626068115234375,-0.9141998291015625,-0.061279296875
1784890880844831488,41.745206356048584,-0.078033447265625,-1.0309295654296875,0.0318145751953125
1784890880854750464,41.755125284194946,0.0226593017578125,-1.02197265625,0.090057373046875
1784890880864670464,41.765045404434204,-0.0102691650390625,-0.8927154541015625,0.091033935546875
1784890880874590464,41.77496528625488,-0.1187744140625,-0.9124603271484375,0.263427734375
1784890880884509440,41.784884452819824,-0.132537841796875,-1.090606689453125,0.2701263427734375
1784890880894429440,41.7948043346405,-0.0560760498046875,-1.2163543701171875,0.334014892578125
1784890880904348416,41.804723262786865,-0.016387939453125,-1.15106201171875,0.266510009765625
1784890880914268416,41.81464338302612,0.103546142578125,-1.0182647705078125,0.366790771484375
1784890880924187392,41.824562311172485,0.1212310791015625,-1.0218048095703125,0.3023529052734375
1784890880934107648,41.83448243141174,0.11798095703125,-1.0481719970703125,0.2831878662109375
1784890880944026368,41.844401359558105,0.1803741455078125,-1.1789703369140625,0.2900238037109375
1784890880953946368,41.854321241378784,0.2217254638671875,-1.13470458984375,0.3182525634765625
1784890880963865600,41.864240407943726,0.2755279541015625,-1.1165008544921875,0.3662109375
1784890880973785344,41.874160289764404,0.292816162109375,-1.1547393798828125,0.41314697265625
1784890880983705600,41.88408041000366,0.3156890869140625,-1.189849853515625,0.4043121337890625
1784890880993624576,41.893999338150024,0.2907257080078125,-1.315521240234375,0.338958740234375
1784890881003544576,41.90391945838928,0.27423095703125,-1.3936767578125,0.2413787841796875
1784890881013463552,41.913838386535645,0.38299560546875,-1.3271026611328125,0.1971588134765625
1784890881023383296,41.92375826835632,0.531951904296875,-1.2125396728515625,0.028289794921875
1784890881033302528,41.933677434921265,0.43402099609375,-1.13543701171875,-0.02374267578125
1784890881043222528,41.94359731674194,0.3265838623046875,-1.0200958251953125,-0.2644500732421875
1784890881053141248,41.953516244888306,0.360260009765625,-1.093170166015625,-0.4316864013671875
1784890881063061504,41.96343636512756,0.38568115234375,-1.1638336181640625,-0.5426788330078125
1784890881072980480,41.973355293273926,0.369598388671875,-1.09576416015625,-0.55682373046875
1784890881082900480,41.983275413513184,0.3123779296875,-0.9912261962890625,-0.61114501953125
1784890881092820480,41.99319529533386,0.3184661865234375,-0.908843994140625,-0.6984710693359375
1784890881102739456,42.003114461898804,0.2540130615234375,-0.884796142578125,-0.6566009521484375
1784890881112659456,42.01303434371948,0.0965423583984375,-0.866668701171875,-0.70343017578125
1784890881122578432,42.022953271865845,0.0869598388671875,-0.85699462890625,-0.631317138671875
1784890881132498432,42.0328733921051,0.0817718505859375,-1.104339599609375,-0.725189208984375
1784890881142417408,42.042792320251465,0.1638031005859375,-1.1861419677734375,-0.737213134765625
1784890881152337664,42.05271244049072,0.1518402099609375,-1.1618499755859375,-0.6369171142578125
1784890881162256384,42.062631368637085,0.071868896484375,-1.1574554443359375,-0.5410003662109375
1784890881172176384,42.072551250457764,-0.080810546875,-1.2370452880859375,-0.44488525390625
1784890881182095616,42.082470417022705,-0.0742950439453125,-1.32037353515625,-0.380889892578125
1784890881192015360,42.092390298843384,-0.0150604248046875,-1.3935394287109375,-0.420867919921875
1784890881201935616,42.10231041908264,-0.0087127685546875,-1.3807830810546875,-0.3970184326171875
1784890881211854336,42.112229347229004,0.0173187255859375,-1.37799072265625,-0.399993896484375
1784890881221774592,42.12214946746826,0.0473175048828125,-1.3534088134765625,-0.491180419921875
1784890881231693568,42.132068395614624,0.1404266357421875,-1.4173431396484375,-0.6050262451171875
1784890881241613312,42.1419882774353,0.224029541015625,-1.5072479248046875,-0.655303955078125
1784890881251532544,42.151907444000244,0.2646484375,-1.5684356689453125,-0.670196533203125
1784890881261452544,42.16182732582092,0.193359375,-1.504364013671875,-0.5232086181640625
1784890881271371264,42.171746253967285,0.0572509765625,-1.4294281005859375,-0.346099853515625
1784890881281291520,42.18166637420654,-0.00567626953125,-1.37054443359375,-0.2173004150390625
1784890881291211264,42.19158625602722,-0.0238037109375,-1.4183502197265625,-0.1763916015625
1784890881301130496,42.20150542259216,-0.0335235595703125,-1.647369384765625,-0.2373504638671875
1784890881311050496,42.21142530441284,-0.00933837890625,-1.6961212158203125,-0.31329345703125
1784890881320969472,42.22134447097778,0.067657470703125,-1.5090789794921875,-0.3611297607421875
1784890881330889472,42.23126435279846,0.128753662109375,-1.495330810546875,-0.3931884765625
1784890881340808448,42.241183280944824,0.203826904296875,-1.574371337890625,-0.38128662109375
1784890881350728448,42.25110340118408,0.2781829833984375,-1.584991455078125,-0.3048095703125
1784890881360647424,42.261022329330444,0.296966552734375,-1.783355712890625,-0.1198272705078125
1784890881370567680,42.2709424495697,0.34381103515625,-2.0541839599609375,-0.098052978515625
1784890881380486400,42.280861377716064,0.402008056640625,-2.013671875,0.0537567138671875
1784890881390406400,42.29078125953674,0.4132080078125,-2.0249786376953125,0.0205841064453125
1784890881400326400,42.300701379776,0.30426025390625,-1.6529388427734375,-0.0951080322265625
1784890881410245376,42.31062030792236,0.240234375,-1.7022857666015625,-0.0609588623046875
1784890881420165632,42.32054042816162,0.2998046875,-1.90850830078125,-0.1101226806640625
1784890881430084352,42.33045935630798,0.3021697998046875,-1.83392333984375,-0.195098876953125
1784890881440004352,42.34037923812866,0.2460479736328125,-1.5568084716796875,-0.1185760498046875
1784890881449923584,42.3502984046936,0.22454833984375,-1.5407562255859375,-0.1658172607421875
1784890881459843328,42.36021828651428,0.300201416015625,-1.455108642578125,-0.104461669921875
1784890881469762560,42.370137453079224,0.0021514892578125,-1.32452392578125,-0.070556640625
1784890881479682560,42.3800573348999,-0.185211181640625,-0.9590301513671875,-0.117218017578125
1784890881489602560,42.38997745513916,-0.04620361328125,-0.9066009521484375,-0.0164794921875
1784890881499521536,42.39989638328552,-0.1707000732421875,-0.790679931640625,0.1362152099609375
1784890881509441280,42.4098162651062,-0.3456573486328125,-0.2027130126953125,0.3180999755859375
1784890881519360512,42.41973543167114,-0.5690155029296875,0.20098876953125,0.303985595703125
1784890881529280512,42.42965531349182,-0.5254364013671875,-0.021575927734375,-0.255889892578125
1784890881539199232,42.439574241638184,-0.2806854248046875,-0.45574951171875,-0.2750701904296875
1784890881549119488,42.44949436187744,-0.219482421875,-0.603118896484375,0.0593414306640625
1784890881559038464,42.459413290023804,0.0612030029296875,0.2882537841796875,0.001800537109375
1784890881568958464,42.46933341026306,0.08740234375,0.86517333984375,-0.1375274658203125
1784890881578877440,42.479252338409424,-0.0832672119140625,0.3637237548828125,-0.1275634765625
1784890881588797696,42.48917245864868,0.169189453125,0.5368499755859375,-0.0731201171875
1784890881598717440,42.49909234046936,0.4261627197265625,1.0780487060546875,-0.285400390625
1784890881608636416,42.50901126861572,0.6172332763671875,1.133514404296875,-0.5894012451171875
1784890881618556416,42.51893138885498,0.5674591064453125,0.924285888671875,-0.872039794921875
1784890881628475392,42.52885031700134,0.1015472412109375,0.288116455078125,-1.1782073974609375
1784890881638395648,42.5387704372406,0.524322509765625,0.074554443359375,-1.2941741943359375
1784890881648314368,42.54868936538696,1.05914306640625,0.18487548828125,-1.7144317626953125
1784890881658234368,42.55860924720764,0.873046875,0.1466064453125,-2.02557373046875
1784890881668154368,42.5685293674469,1.040008544921875,-0.216094970703125,-1.9001007080078125
1784890881678073344,42.57844829559326,1.1656646728515625,-0.1578216552734375,-2.0497283935546875
1784890881687993600,42.58836841583252,1.0245513916015625,-0.253936767578125,-2.389495849609375
1784890881697912576,42.59828734397888,1.024810791015625,-0.6462860107421875,-2.441253662109375
1784890881707832576,42.60820746421814,1.0712890625,-0.703460693359375,-2.3540191650390625
1784890881717751552,42.6181263923645,1.1006927490234375,-0.7080230712890625,-2.1783294677734375
1784890881727671296,42.62804627418518,1.0943450927734375,-1.105133056640625,-2.09893798828125
1784890881737590528,42.63796544075012,0.89178466796875,-1.300689697265625,-1.8271331787109375
1784890881747510528,42.6478853225708,0.800689697265625,-1.26513671875,-1.6611480712890625
1784890881757430528,42.65780544281006,0.723419189453125,-1.1664581298828125,-1.66143798828125
1784890881767349504,42.66772437095642,0.7011260986328125,-1.0084686279296875,-1.732330322265625
1784890881777269248,42.6776442527771,0.6445770263671875,-0.941131591796875,-1.75726318359375
1784890881787188480,42.68756341934204,0.5959930419921875,-0.867156982421875,-1.7884979248046875
1784890881797108480,42.69748330116272,0.6914520263671875,-0.7607574462890625,-1.7644500732421875
1784890881807027456,42.70740246772766,0.7812652587890625,-0.8061370849609375,-1.73779296875
1784890881816947456,42.71732234954834,0.860443115234375,-0.9341888427734375,-1.5574493408203125
1784890881826866432,42.7272412776947,0.783050537109375,-1.0167083740234375,-1.4056243896484375
1784890881836787200,42.7371621131897,0.6473236083984375,-1.017974853515625,-1.2267913818359375
1784890881846707456,42.747082233428955,0.6575469970703125,-1.073699951171875,-1.080841064453125
1784890881856626176,42.75700116157532,0.5843048095703125,-1.099212646484375,-0.9022369384765625
1784890881866546432,42.766921281814575,0.5483856201171875,-1.1889190673828125,-0.758636474609375
1784890881876465408,42.77684020996094,0.554412841796875,-1.2803802490234375,-0.55645751953125
1784890881886385408,42.786760330200195,0.536712646484375,-1.365386962890625,-0.344818115234375
1784890881896304384,42.79667925834656,0.51263427734375,-1.506134033203125,-0.2168121337890625
1784890881906224128,42.806599140167236,0.4909820556640625,-1.5186767578125,-0.1540679931640625
1784890881916143360,42.81651830673218,0.4811859130859375,-1.453277587890625,-0.1709747314453125
1784890881926063360,42.826438188552856,0.5322113037109375,-1.3349609375,-0.2509307861328125
1784890881935983360,42.836358308792114,0.5906219482421875,-1.0919342041015625,-0.365753173828125
1784890881945902336,42.84627723693848,0.595245361328125,-0.79510498046875,-0.6108551025390625
1784890881955822336,42.856197118759155,0.600067138671875,-0.5551300048828125,-0.59283447265625
1784890881965741312,42.8661162853241,0.851043701171875,-0.4896392822265625,-0.597747802734375
1784890881975661312,42.876036167144775,0.6138916015625,-0.901397705078125,-0.9775543212890625
1784890881985580544,42.88595533370972,0.5349884033203125,-0.9891204833984375,-0.9761810302734375
1784890881995500288,42.895875215530396,0.515777587890625,-0.9351959228515625,-1.0132904052734375
1784890882005419264,42.90579414367676,0.596466064453125,-0.756866455078125,-1.011993408203125
1784890882015339264,42.915714263916016,0.6261138916015625,-0.600067138671875,-0.8532257080078125
1784890882025259264,42.925634145736694,0.5629730224609375,-0.843292236328125,-0.6651763916015625
1784890882035178496,42.935553312301636,0.291473388671875,-1.30035400390625,-0.123260498046875
1784890882045098240,42.945473194122314,0.4528350830078125,-1.71844482421875,0.2119140625
1784890882055017216,42.95539212226868,0.4697418212890625,-1.9690399169921875,0.4036102294921875
1784890882064937472,42.965312242507935,0.45648193359375,-1.741546630859375,0.02398681640625
1784890882074856192,42.9752311706543,0.50439453125,-1.364532470703125,-0.4679412841796875
1784890882084776448,42.985151290893555,0.5317840576171875,-1.0629425048828125,-0.6884765625
1784890882094695424,42.99507021903992,0.45513916015625,-1.1657257080078125,-1.156494140625
1784890882104615424,43.004990339279175,0.514678955078125,-1.2392578125,-1.30853271484375
1784890882114535424,43.01491022109985,0.568145751953125,-1.279022216796875,-1.2822265625
1784890882124454144,43.024829149246216,0.68255615234375,-1.3221893310546875,-1.0594024658203125
1784890882134374400,43.034749269485474,0.799560546875,-1.4647216796875,-0.8609466552734375
1784890882144293376,43.044668197631836,0.81719970703125,-1.664794921875,-0.78228759765625
1784890882154213376,43.054588317871094,0.9180450439453125,-1.6939239501953125,-0.7707977294921875
1784890882164132352,43.064507246017456,0.9852447509765625,-1.6706390380859375,-0.8705291748046875
1784890882174052352,43.074427127838135,1.1009979248046875,-1.5538330078125,-0.86822509765625
1784890882183971328,43.084346294403076,1.0496063232421875,-1.4484710693359375,-0.834320068359375
1784890882193891328,43.094266176223755,1.0516510009765625,-1.2732391357421875,-0.750030517578125
1784890882203811328,43.10418629646301,1.1217803955078125,-0.974761962890625,-0.580657958984375
1784890882213730304,43.114105224609375,1.11846923828125,-0.6494598388671875,-0.47894287109375
1784890882223650560,43.12402534484863,1.0193023681640625,-0.3135833740234375,-0.3680267333984375
1784890882233569280,43.133944272994995,0.8801422119140625,-0.05133056640625,-0.3034210205078125
1784890882243489280,43.143864154815674,0.728515625,0.1819610595703125,-0.202667236328125
1784890882253408512,43.153783321380615,0.583740234375,0.359130859375,-0.1374969482421875
1784890882263328256,43.163703203201294,0.5003204345703125,0.4900970458984375,-0.103912353515625
1784890882273247232,43.173622131347656,0.353790283203125,0.6953887939453125,0.024749755859375
1784890882283167488,43.183542251586914,0.1878662109375,0.7080230712890625,0.04522705078125
1784890882293087232,43.19346213340759,0.09130859375,0.6431732177734375,0.109405517578125
1784890882303006464,43.203381299972534,0.0290069580078125,0.5153961181640625,0.078826904296875
1784890882312926208,43.21330118179321,-0.0180206298828125,0.37664794921875,0.1016998291015625
1784890882322845184,43.223220109939575,-0.08538818359375,0.2557373046875,0.1904296875
1784890882332765440,43.23314023017883,-0.1624755859375,0.12701416015625,0.12945556640625
1784890882342684160,43.243059158325195,-0.173736572265625,0.0776214599609375,0.1041412353515625
1784890882352604416,43.25297927856445,-0.092376708984375,0.03729248046875,0.1532440185546875
1784890882362523392,43.262898206710815,-0.0008392333984375,-0.0462188720703125,0.22650146484375
1784890882372443392,43.27281832695007,0.0644073486328125,-0.101226806640625,0.2625579833984375
1784890882382363392,43.28273820877075,0.102203369140625,-0.102691650390625,0.337249755859375
1784890882392282368,43.292657136917114,0.1067962646484375,-0.1478729248046875,0.4316558837890625
1784890882402202368,43.30257725715637,0.063018798828125,-0.2490692138671875,0.5500335693359375
1784890882412121344,43.312496185302734,-0.0120697021484375,-0.354583740234375,0.6412200927734375
1784890882422041344,43.32241630554199,-0.100494384765625,-0.3779449462890625,0.658355712890625
1784890882431960320,43.332335233688354,-0.19189453125,-0.28350830078125,0.5763702392578125
1784890882441880320,43.34225511550903,-0.23455810546875,-0.11236572265625,0.396148681640625
1784890882451800320,43.35217523574829,-0.166717529296875,0.0373382568359375,0.1966552734375
1784890882461719296,43.36209416389465,-0.044464111328125,0.09295654296875,0.07379150390625
1784890882471639296,43.37201428413391,0.139068603515625,-0.0709686279296875,0.2166748046875
1784890882481558272,43.38193321228027,0.2048187255859375,-0.364990234375,0.3496551513671875
1784890882491478528,43.39185333251953,0.1611480712890625,-0.5255279541015625,0.3884124755859375
1784890882501397248,43.401772260665894,0.077606201171875,-0.6036834716796875,0.337554931640625
1784890882511317248,43.41169214248657,0.020843505859375,-0.5787811279296875,0.2419891357421875
1784890882521236480,43.421611309051514,0.064788818359375,-0.5003814697265625,0.1290435791015625
1784890882531156224,43.43153119087219,0.1879730224609375,-0.4908905029296875,0.1290435791015625
1784890882541076480,43.44145131111145,0.29803466796875,-0.562347412109375,0.2694091796875
1784890882550995456,43.45137023925781,0.364715576171875,-0.7519073486328125,0.5831451416015625
1784890882560915200,43.46129012107849,0.359466552734375,-0.9559783935546875,0.7802581787109375
1784890882570834432,43.47120928764343,0.33099365234375,-1.005401611328125,0.8176422119140625
1784890882580754176,43.48112916946411,0.3272552490234375,-0.9565277099609375,0.72479248046875
1784890882590673408,43.49104833602905,0.32672119140625,-0.8788299560546875,0.6426849365234375
1784890882600593408,43.50096821784973,0.29412841796875,-0.8495941162109375,0.62841796875
1784890882610512384,43.510887145996094,0.25689697265625,-0.898590087890625,0.7822418212890625
1784890882620432384,43.52080726623535,0.1877288818359375,-0.976287841796875,1.0533599853515625
1784890882630352384,43.53072714805603,0.1334228515625,-1.0256500244140625,1.321044921875
1784890882640271360,43.54064631462097,0.13037109375,-0.9944610595703125,1.604888916015625
1784890882650191360,43.55056619644165,0.1504058837890625,-0.96240234375,1.853851318359375
1784890882660110336,43.56048512458801,0.171051025390625,-0.894500732421875,1.845855712890625
1784890882670030336,43.57040524482727,0.1136627197265625,-0.7968597412109375,1.83349609375
1784890882679949312,43.58032417297363,-0.001922607421875,-0.8139495849609375,1.866851806640625
1784890882689869312,43.59024429321289,-0.0391845703125,-0.8561859130859375,1.88983154296875
1784890882699788288,43.60016322135925,-0.0369873046875,-0.7146453857421875,1.89337158203125
1784890882709708544,43.61008334159851,-0.0695648193359375,-0.53936767578125,1.7790985107421875
1784890882719628288,43.62000322341919,-0.0084075927734375,-0.5218963623046875,1.691864013671875
1784890882729547264,43.62992215156555,0.00830078125,-0.672332763671875,1.7864532470703125
1784890882739467264,43.63984227180481,-0.1312408447265625,-0.8019561767578125,1.8651275634765625
1784890882749386240,43.64976119995117,-0.211700439453125,-0.905364990234375,2.0156402587890625
1784890882759306496,43.65968132019043,0.3174285888671875,-0.581634521484375,2.4816131591796875
1784890882769225472,43.66960024833679,0.23974609375,-0.2817230224609375,1.6016082763671875
1784890882779145216,43.67952013015747,-0.6147308349609375,-0.0517425537109375,1.3422088623046875
1784890882789065472,43.68944025039673,0.107421875,-0.68402099609375,1.2968292236328125
1784890882798984192,43.69935917854309,0.01739501953125,-0.774749755859375,1.0446624755859375
1784890882808904448,43.70927929878235,-0.2058258056640625,-0.5685882568359375,0.9307098388671875
1784890882818823424,43.71919822692871,-0.152496337890625,-0.438812255859375,0.83758544921875
1784890882828743424,43.72911834716797,-0.0537567138671875,-0.4137115478515625,0.608428955078125
1784890882838661888,43.73903679847717,-0.0445709228515625,-0.5797119140625,0.4239654541015625
1784890882848582144,43.74895691871643,-0.04913330078125,-0.8270263671875,0.3266448974609375
1784890882858500864,43.75887584686279,-0.0284423828125,-0.8916473388671875,0.2708587646484375
1784890882868421120,43.76879596710205,-0.038848876953125,-0.8535003662109375,0.15509033203125
1784890882878340864,43.77871584892273,-0.0769195556640625,-0.8164215087890625,0.0186309814453125
1784890882888259840,43.78863477706909,-0.0617218017578125,-0.7086944580078125,-0.1180572509765625
1784890882898180096,43.79855489730835,-0.1255035400390625,-0.5612640380859375,-0.1128997802734375
1784890882908098816,43.80847382545471,-0.1385040283203125,-0.56634521484375,-0.2161865234375
1784890882918019072,43.81839394569397,-0.218597412109375,-0.596832275390625,-0.2619781494140625
1784890882927938048,43.82831287384033,-0.235565185546875,-0.614837646484375,-0.2515716552734375
1784890882937857792,43.83823275566101,-0.223724365234375,-0.6207275390625,-0.253692626953125
1784890882947777024,43.84815192222595,-0.1419830322265625,-0.8286590576171875,-0.2641448974609375
1784890882957697024,43.85807180404663,-0.174285888671875,-1.0793304443359375,-0.269561767578125
1784890882967617024,43.86799192428589,-0.2270355224609375,-1.1237030029296875,-0.1787567138671875
1784890882977536000,43.87791085243225,-0.287811279296875,-1.0565643310546875,-0.1093902587890625
1784890882987456000,43.88783097267151,-0.15093994140625,-1.262603759765625,-0.299072265625
1784890882997374976,43.89774990081787,-0.0924530029296875,-1.04693603515625,-0.17205810546875
1784890883007294976,43.90766978263855,-0.0599365234375,-0.9176177978515625,-0.19464111328125
1784890883017213952,43.91758894920349,0.070556640625,-0.9839019775390625,-0.261383056640625
1784890883027133952,43.92750883102417,-0.00115966796875,-0.9400482177734375,-0.1266937255859375
1784890883037053952,43.93742895126343,0.05072021484375,-1.0961151123046875,-0.0589752197265625
1784890883046972928,43.94734787940979,0.12347412109375,-1.1321868896484375,0.0854644775390625
1784890883056892928,43.95726776123047,-0.036956787109375,-1.001495361328125,0.218780517578125
1784890883066812160,43.96718692779541,-0.0245361328125,-1.050018310546875,0.11639404296875
1784890883076731904,43.97710680961609,0.09613037109375,-1.059844970703125,0.1305389404296875
1784890883086650880,43.98702573776245,0.1614837646484375,-1.0762481689453125,0.316558837890625
1784890883096570880,43.99694585800171,0.2233734130859375,-1.0679473876953125,0.254119873046875
1784890883106489856,44.00686478614807,0.202850341796875,-1.1163482666015625,0.279083251953125
1784890883116410112,44.01678490638733,0.2786712646484375,-1.2151947021484375,0.1856689453125
1784890883126329856,44.02670478820801,0.2987518310546875,-1.2291412353515625,0.16552734375
1784890883136249088,44.03662395477295,0.3163604736328125,-1.2872467041015625,0.0644378662109375
1784890883146168832,44.04654383659363,0.3273468017578125,-1.2259063720703125,-0.0269775390625
1784890883156087808,44.05646276473999,0.271636962890625,-1.091888427734375,-0.1965484619140625
1784890883166008064,44.06638288497925,0.327972412109375,-0.9547119140625,-0.1974639892578125
1784890883175927040,44.07630181312561,0.333587646484375,-0.9273681640625,-0.352264404296875
1784890883185847040,44.08622193336487,0.2461395263671875,-1.0053558349609375,-0.486602783203125
1784890883195767040,44.09614181518555,0.171783447265625,-1.1345977783203125,-0.5587921142578125
1784890883205685760,44.10606074333191,0.21661376953125,-1.2762603759765625,-0.6892242431640625
1784890883215606016,44.11598086357117,0.2068634033203125,-1.226806640625,-0.6851043701171875
1784890883225524992,44.12589979171753,0.170928955078125,-1.0944976806640625,-0.6528778076171875
1784890883235444992,44.13581991195679,0.1789398193359375,-0.881134033203125,-0.6220550537109375
1784890883245363968,44.14573884010315,0.15557861328125,-0.8622283935546875,-0.6469268798828125
1784890883255283968,44.15565896034241,0.197418212890625,-1.0997314453125,-0.750335693359375
1784890883265202944,44.16557788848877,0.2049560546875,-1.30902099609375,-0.835540771484375
1784890883275122944,44.17549777030945,0.161376953125,-1.3326416015625,-0.8642578125
1784890883285042944,44.185417890548706,0.0883636474609375,-1.2238616943359375,-0.8526611328125
1784890883294961920,44.19533681869507,-0.004852294921875,-1.1240692138671875,-0.7315216064453125
1784890883304882176,44.205256938934326,-0.0414581298828125,-1.18408203125,-0.6898193359375
1784890883314800896,44.21517586708069,-0.037200927734375,-1.2962493896484375,-0.67962646484375
1784890883324720896,44.22509574890137,-0.00213623046875,-1.388214111328125,-0.720367431640625
1784890883334640128,44.23501491546631,0.048919677734375,-1.45196533203125,-0.72540283203125
1784890883344559872,44.24493479728699,0.034912109375,-1.5280303955078125,-0.673004150390625
1784890883354480128,44.254854917526245,0.028778076171875,-1.5278167724609375,-0.6681365966796875
1784890883364398848,44.26477384567261,0.0379638671875,-1.3758392333984375,-0.640594482421875
1784890883374319104,44.274693965911865,0.031402587890625,-1.27642822265625,-0.6120452880859375
1784890883384238080,44.28461289405823,0.0367279052734375,-1.2400970458984375,-0.56488037109375
1784890883394157824,44.294532775878906,0.026336669921875,-1.2743988037109375,-0.516754150390625
1784890883404077056,44.30445194244385,-0.030303955078125,-1.2953033447265625,-0.4595794677734375
1784890883413997056,44.314371824264526,-0.0486297607421875,-1.2574462890625,-0.4540557861328125
1784890883423917056,44.324291944503784,-0.00128173828125,-1.1634521484375,-0.4926910400390625
1784890883433836032,44.33421087265015,0.10931396484375,-1.1745758056640625,-0.4786529541015625
1784890883443755776,44.344130754470825,0.133331298828125,-1.3204193115234375,-0.388885498046875
1784890883453675008,44.35404992103577,0.1399993896484375,-1.3878326416015625,-0.3607330322265625
1784890883463595008,44.363969802856445,0.188323974609375,-1.369415283203125,-0.26904296875
1784890883473513984,44.37388896942139,0.2324676513671875,-1.399444580078125,-0.0239105224609375
1784890883483433984,44.383808851242065,0.2354278564453125,-1.49200439453125,0.101593017578125
1784890883493352960,44.39372777938843,0.1691131591796875,-1.6722564697265625,0.104736328125
1784890883503272960,44.403647899627686,0.10125732421875,-1.8856048583984375,0.1008453369140625
1784890883513192960,44.413567781448364,0.197540283203125,-1.9700927734375,0.02276611328125
1784890883523111936,44.423486948013306,0.3099517822265625,-1.9132232666015625,0.0979766845703125
1784890883533031936,44.433406829833984,0.4196319580078125,-2.1231231689453125,0.040435791015625
1784890883542950912,44.44332575798035,0.599029541015625,-2.3594207763671875,-0.143524169921875
1784890883552870912,44.453245878219604,0.7530364990234375,-2.30426025390625,-0.2689971923828125
1784890883562789888,44.46316480636597,0.589202880859375,-2.2161102294921875,-0.36669921875
1784890883572710144,44.473084926605225,0.4223480224609375,-2.0384979248046875,-0.4210052490234375
1784890883582629888,44.4830048084259,0.4054412841796875,-1.70465087890625,-0.4365386962890625
1784890883592548864,44.492923736572266,0.3498687744140625,-1.4370574951171875,-0.5329437255859375
1784890883602468864,44.50284385681152,0.254302978515625,-1.2962646484375,-0.6733245849609375
1784890883612387840,44.512762784957886,0.0253448486328125,-1.1410369873046875,-0.59429931640625
1784890883622308096,44.522682905197144,-0.131744384765625,-0.8420867919921875,-0.337554931640625
1784890883632226816,44.532601833343506,-0.3662261962890625,-1.0128326416015625,-0.022613525390625
1784890883642147072,44.542521953582764,-0.3442840576171875,-0.969512939453125,0.091339111328125
1784890883652067072,44.55244183540344,-0.10540771484375,-0.6843719482421875,-0.0653839111328125
1784890883661985792,44.562360763549805,-0.095489501953125,-0.7237396240234375,-0.454681396484375
1784890883671906048,44.57228088378906,-0.2010650634765625,-0.6847076416015625,-0.530029296875
1784890883681825024,44.582199811935425,-0.28277587890625,-0.14508056640625,-0.44366455078125
1784890883691745024,44.59211993217468,-0.6448822021484375,0.191925048828125,-0.1202239990234375
1784890883701664000,44.602038860321045,-0.726806640625,-0.0142822265625,-0.0096282958984375
1784890883711583744,44.611958742141724,-0.397552490234375,0.0688629150390625,0.1837615966796875
1784890883721504000,44.62187886238098,-0.2703857421875,0.4216461181640625,0.2709808349609375
1784890883731422976,44.631797790527344,-0.18743896484375,0.6279144287109375,0.3487091064453125
1784890883741342976,44.6417179107666,-0.243896484375,0.3867340087890625,0.3168182373046875
1784890883751261952,44.651636838912964,0.0857696533203125,0.264923095703125,0.0989532470703125
1784890883761181952,44.66155695915222,0.2712860107421875,0.52490234375,-0.242218017578125
1784890883771100928,44.671475887298584,0.41082763671875,0.619720458984375,-0.64483642578125
1784890883781020928,44.68139576911926,0.4228668212890625,0.7171630859375,-1.0233001708984375
1784890883790940160,44.691314935684204,0.4279632568359375,0.5654754638671875,-1.2941131591796875
1784890883800859904,44.70123481750488,0.5154571533203125,0.4026031494140625,-1.3704986572265625
1784890883810780160,44.71115493774414,0.8278961181640625,0.4625701904296875,-1.482818603515625
1784890883820698880,44.7210738658905,1.2659912109375,0.23004150390625,-1.712188720703125
1784890883830618880,44.73099374771118,1.176666259765625,-0.4803314208984375,-1.9733428955078125
1784890883840537600,44.740912437438965,1.1259918212890625,-0.7181396484375,-2.0335540771484375
1784890883850457344,44.750832319259644,1.3080291748046875,-0.6474151611328125,-2.1209869384765625
1784890883860376576,44.760751485824585,1.273406982421875,-0.8361663818359375,-2.200347900390625
1784890883870296576,44.770671367645264,1.08892822265625,-0.7556304931640625,-2.3415679931640625
1784890883880216576,44.78059148788452,0.8546905517578125,-0.6150665283203125,-2.164276123046875
1784890883890135552,44.790510416030884,0.85552978515625,-0.8429412841796875,-1.9088134765625
1784890883900055296,44.80043029785156,0.7878570556640625,-1.3164520263671875,-1.668609619140625
1784890883909974528,44.810349464416504,0.774505615234375,-1.226226806640625,-1.61468505859375
1784890883919894528,44.82026934623718,0.6273345947265625,-1.0677032470703125,-1.5369720458984375
1784890883929813504,44.830188512802124,0.6893157958984375,-1.1214752197265625,-1.37646484375
1784890883939733504,44.8401083946228,0.6765899658203125,-1.188079833984375,-1.21484375
1784890883949653504,44.85002827644348,0.5465545654296875,-1.241455078125,-0.98321533203125
1784890883959572480,44.85994744300842,0.6292266845703125,-1.28790283203125,-0.869659423828125
1784890883969492480,44.8698673248291,0.5595703125,-1.24957275390625,-0.847198486328125
1784890883979411712,44.87978649139404,0.463531494140625,-1.20819091796875,-0.8209381103515625
1784890883989331456,44.88970637321472,0.5504913330078125,-1.13079833984375,-0.7043304443359375
1784890883999250432,44.899625301361084,0.4094085693359375,-1.0965576171875,-1.110107421875
1784890884009170432,44.90954542160034,0.52777099609375,-0.834228515625,-0.9299468994140625
1784890884019089408,44.919464349746704,0.543792724609375,-0.901123046875,-1.045074462890625
1784890884029009664,44.92938446998596,0.5450897216796875,-1.0110015869140625,-0.9724884033203125
1784890884038929408,44.93930435180664,0.398681640625,-1.1442718505859375,-0.8956146240234375
1784890884048848384,44.949223279953,0.28948974609375,-1.188568115234375,-0.744293212890625
1784890884058768384,44.95914340019226,0.244964599609375,-1.2734832763671875,-0.6097869873046875
1784890884068687360,44.96906232833862,0.3402557373046875,-1.3639678955078125,-0.5375213623046875
1784890884078607616,44.97898244857788,0.4315032958984375,-1.4391632080078125,-0.4608917236328125
1784890884088526592,44.98890137672424,0.397186279296875,-1.4571533203125,-0.380401611328125
1784890884098446592,44.9988214969635,0.3491973876953125,-1.402099609375,-0.316314697265625
1784890884108366592,45.00874137878418,0.349517822265625,-1.270538330078125,-0.342132568359375
1784890884118285312,45.01866030693054,0.4918060302734375,-1.060577392578125,-0.3933563232421875
1784890884128205568,45.0285804271698,0.5156402587890625,-1.035308837890625,-0.295257568359375
1784890884138124544,45.03849935531616,0.48760986328125,-1.260101318359375,-0.13275146484375
1784890884148044544,45.04841947555542,0.4675750732421875,-1.366241455078125,-0.1624298095703125
1784890884157963520,45.05833840370178,0.45867919921875,-1.2142791748046875,-0.2035675048828125
1784890884167883520,45.06825828552246,0.540313720703125,-1.153228759765625,-0.3937835693359375
1784890884177803520,45.07817840576172,0.521209716796875,-1.1468048095703125,-0.4000701904296875
1784890884187722496,45.08809733390808,0.5281982421875,-1.207916259765625,-0.4111175537109375
1784890884197642496,45.09801745414734,0.49237060546875,-1.3242340087890625,-0.4063568115234375
1784890884207561472,45.1079363822937,0.498046875,-1.1866455078125,-0.363250732421875
1784890884217481728,45.11785650253296,0.5950469970703125,-0.8383331298828125,-0.5026397705078125
1784890884227400448,45.12777543067932,0.49737548828125,-0.5954437255859375,-0.4477386474609375
1784890884237320448,45.1376953125,0.4678192138671875,-0.8039703369140625,-0.3923797607421875
1784890884247239680,45.14761447906494,0.4615478515625,-1.068023681640625,-0.293212890625
1784890884257159424,45.15753436088562,0.33416748046875,-1.431304931640625,-0.0654144287109375
1784890884267079680,45.16745448112488,0.3704376220703125,-1.5930633544921875,-0.110076904296875
1784890884276998400,45.17737340927124,0.56640625,-1.442657470703125,-0.6307525634765625
1784890884286918400,45.18729329109192,0.6509246826171875,-1.1309051513671875,-0.94012451171875
1784890884296837632,45.19721245765686,0.690704345703125,-1.005279541015625,-1.1941070556640625
1784890884306757376,45.20713233947754,0.5545501708984375,-0.98944091796875,-1.2508544921875
1784890884316676608,45.21705150604248,0.3548431396484375,-1.2745513916015625,-1.3117828369140625
1784890884326596608,45.22697138786316,0.3943023681640625,-1.5569305419921875,-1.2728424072265625
1784890884336516608,45.23689150810242,0.5838470458984375,-1.637542724609375,-1.2044219970703125
1784890884346435584,45.24681043624878,0.7708282470703125,-1.5270843505859375,-1.185211181640625
1784890884356355328,45.25673031806946,0.731292724609375,-1.38763427734375,-1.200531005859375
1784890884366274560,45.2666494846344,0.948760986328125,-1.3135223388671875,-1.166595458984375
1784890884376194560,45.27656936645508,0.8040924072265625,-1.1855316162109375,-1.156341552734375
1784890884386113280,45.28648829460144,0.7642059326171875,-1.1979217529296875,-1.040496826171875
1784890884396033536,45.2964084148407,0.7701873779296875,-1.1852874755859375,-0.957916259765625
1784890884405953280,45.30632829666138,0.8408203125,-0.9613037109375,-0.8008270263671875
1784890884415872512,45.31624746322632,0.876922607421875,-0.539031982421875,-0.6853485107421875
1784890884425792512,45.326167345047,0.7826690673828125,-0.0348663330078125,-0.572906494140625
1784890884435711744,45.33608651161194,0.6610260009765625,0.3809661865234375,-0.5986785888671875
1784890884445631488,45.34600639343262,0.57659912109375,0.700531005859375,-0.5088653564453125
1784890884455550464,45.35592532157898,0.4305877685546875,0.848419189453125,-0.451629638671875
1784890884465470464,45.36584544181824,0.270660400390625,0.824371337890625,-0.4270172119140625
1784890884475389440,45.3757643699646,0.174896240234375,0.69451904296875,-0.331512451171875
1784890884485309696,45.38568449020386,0.1122283935546875,0.6184844970703125,-0.32513427734375
1784890884495229440,45.395604372024536,0.1296844482421875,0.6102294921875,-0.25341796875
1784890884505148416,45.4055233001709,0.0774383544921875,0.5389251708984375,-0.215484619140625
1784890884515068416,45.415443420410156,0.045623779296875,0.5027313232421875,-0.1716766357421875
1784890884524987392,45.42536234855652,0.0462493896484375,0.425079345703125,-0.11224365234375
1784890884534907648,45.435282468795776,0.0371856689453125,0.27142333984375,-0.1242523193359375
1784890884544826624,45.44520139694214,0.0003662109375,0.055908203125,-0.08489990234375
1784890884554746368,45.45512127876282,-0.0916748046875,-0.1653289794921875,-0.071563720703125
1784890884564666624,45.465041399002075,-0.197418212890625,-0.3760528564453125,0.0601043701171875
1784890884574585344,45.47496032714844,-0.278778076171875,-0.4632720947265625,0.124298095703125
1784890884584505600,45.484880447387695,-0.2022247314453125,-0.346588134765625,0.2313232421875
1784890884594424576,45.49479937553406,-0.1532135009765625,-0.2989654541015625,0.2808685302734375
1784890884604344576,45.504719495773315,-0.2108001708984375,-0.24560546875,0.313568115234375
1784890884614263552,45.51463842391968,-0.2877044677734375,-0.17132568359375,0.28399658203125
1784890884624183296,45.524558305740356,-0.2715911865234375,-0.132843017578125,0.186309814453125
1784890884634103552,45.534478425979614,-0.208953857421875,-0.202850341796875,0.1526336669921875
1784890884644022528,45.54439735412598,-0.167205810546875,-0.3266448974609375,0.16107177734375
1784890884653942528,45.554317474365234,-0.102813720703125,-0.4214630126953125,0.233642578125
1784890884663861504,45.5642364025116,-0.0517730712890625,-0.4105072021484375,0.3148956298828125
1784890884673781504,45.574156284332275,-0.09149169921875,-0.339324951171875,0.3354949951171875
1784890884683700480,45.58407545089722,-0.1120758056640625,-0.2746734619140625,0.2641143798828125
1784890884693620480,45.593995332717896,-0.1171112060546875,-0.2161102294921875,0.1517333984375
1784890884703539712,45.60391449928284,-0.1316680908203125,-0.2083892822265625,0.1130523681640625
1784890884713459456,45.613834381103516,-0.1494293212890625,-0.310760498046875,0.159454345703125
1784890884723379712,45.62375450134277,-0.1452789306640625,-0.4835968017578125,0.2485504150390625
1784890884733298432,45.633673429489136,-0.1505279541015625,-0.6442108154296875,0.303375244140625
1784890884743218432,45.643593311309814,-0.16668701171875,-0.6920623779296875,0.3266448974609375
1784890884753137664,45.653512477874756,-0.1491546630859375,-0.6579437255859375,0.358856201171875
1784890884763057408,45.663432359695435,-0.1527557373046875,-0.66632080078125,0.410736083984375
1784890884772976384,45.6733512878418,-0.2118988037109375,-0.672515869140625,0.4470977783203125
1784890884782896640,45.683271408081055,-0.2426300048828125,-0.65020751953125,0.4701385498046875
1784890884792816384,45.69319128990173,-0.2243499755859375,-0.642242431640625,0.5143280029296875
1784890884802735616,45.703110456466675,-0.17462158203125,-0.6869049072265625,0.6088409423828125
1784890884812655360,45.71303033828735,-0.1372833251953125,-0.771942138671875,0.724853515625
1784890884822574592,45.722949504852295,-0.1124725341796875,-0.8097686767578125,0.77734375
1784890884832494592,45.732869386672974,-0.0478973388671875,-0.8629608154296875,0.80126953125
1784890884842414592,45.74278950691223,0.0199127197265625,-0.908233642578125,0.81988525390625
1784890884852334848,45.75270962715149,0.0776214599609375,-0.92413330078125,0.8537445068359375
1784890884862253568,45.76262855529785,0.0896148681640625,-0.9195404052734375,0.909027099609375
1784890884872173568,45.77254843711853,0.0640411376953125,-0.860443115234375,0.9130859375
1784890884882093568,45.78246855735779,0.0340576171875,-0.8503875732421875,0.9224853515625
1784890884892012544,45.79238748550415,-0.006744384765625,-0.8975677490234375,0.9444580078125
1784890884901932800,45.80230760574341,-0.0545806884765625,-0.9287872314453125,0.9549560546875
1784890884911851520,45.81222653388977,-0.115509033203125,-0.9273529052734375,0.9501953125
1784890884921771520,45.82214641571045,-0.1303558349609375,-0.94439697265625,1.029876708984375
1784890884931690752,45.83206558227539,-0.08416748046875,-1.070770263671875,1.1360015869140625
1784890884941610496,45.84198546409607,-0.0797271728515625,-1.1597137451171875,1.210174560546875
1784890884951530752,45.85190558433533,-0.12188720703125,-1.1627655029296875,1.222076416015625
1784890884961449728,45.86182451248169,-0.146148681640625,-1.1634674072265625,1.239532470703125
1784890884971369728,45.87174463272095,-0.1826629638671875,-1.2288970947265625,1.294189453125
1784890884981288704,45.88166356086731,-0.191314697265625,-1.2244415283203125,1.254241943359375
1784890884991208448,45.89158344268799,-0.2029266357421875,-1.08905029296875,1.1497802734375
1784890885001127680,45.90150260925293,-0.2164764404296875,-0.94189453125,1.0052032470703125
1784890885011047680,45.91142249107361,-0.2639617919921875,-0.86590576171875,0.9267578125
1784890885020966656,45.92134141921997,-0.2040557861328125,-0.9976348876953125,0.998565673828125
1784890885030886656,45.93126153945923,-0.203582763671875,-1.1622467041015625,1.1523284912109375
1784890885040806656,45.94118142127991,-0.2633514404296875,-1.1759490966796875,1.2060699462890625
1784890885050725632,45.95110058784485,-0.2916107177734375,-1.06072998046875,1.134368896484375
1784890885060645632,45.96102046966553,-0.260284423828125,-0.911224365234375,0.984527587890625
1784890885070564864,45.97093963623047,-0.2906646728515625,-0.928131103515625,0.90667724609375
1784890885080484608,45.98085951805115,-0.32452392578125,-0.9868316650390625,0.8690643310546875
1784890885090403584,45.99077844619751,-0.3102569580078125,-0.967254638671875,0.803192138671875
1784890885100323584,46.00069856643677,-0.28900146484375,-0.9356689453125,0.6931915283203125
1784890885110242560,46.01061749458313,-0.1608734130859375,-1.02728271484375,0.63800048828125
1784890885120162816,46.02053761482239,-0.078033447265625,-0.860870361328125,0.40618896484375
1784890885130082560,46.030457496643066,-0.14996337890625,-0.8404693603515625,0.4496612548828125
1784890885140001536,46.04037642478943,-0.1763153076171875,-0.972564697265625,0.4554595947265625
1784890885149921536,46.05029654502869,-0.3099822998046875,-0.961883544921875,0.4170074462890625
1784890885159840512,46.06021547317505,-0.304046630859375,-0.884521484375,0.316009521484375
1784890885169760768,46.07013559341431,-0.2651824951171875,-0.8472900390625,0.291473388671875
1784890885179679744,46.08005452156067,-0.2999267578125,-0.8233489990234375,0.281585693359375
1784890885189599488,46.08997440338135,-0.3058319091796875,-0.7954559326171875,0.29815673828125
1784890885199519744,46.099894523620605,-0.2746429443359375,-0.7989349365234375,0.355682373046875
1784890885209438464,46.10981345176697,-0.2566986083984375,-0.8412628173828125,0.3626556396484375
1784890885219358720,46.119733572006226,-0.2654876708984375,-0.8221435546875,0.33453369140625
1784890885229277696,46.12965250015259,-0.2021331787109375,-0.9052886962890625,0.275177001953125
1784890885239197696,46.139572620391846,-0.1875457763671875,-0.9824676513671875,0.179779052734375
1784890885249116672,46.14949154853821,-0.213623046875,-0.9292449951171875,0.08367919921875
1784890885259036416,46.15941143035889,-0.2001495361328125,-0.881134033203125,-0.0069732666015625
1784890885268955648,46.16933059692383,-0.18267822265625,-0.916107177734375,-0.081085205078125
1784890885278875648,46.17925047874451,-0.23309326171875,-0.94476318359375,-0.1277313232421875
1784890885288795648,46.189170598983765,-0.303802490234375,-0.96942138671875,-0.1340789794921875
1784890885298714624,46.19908952713013,-0.36370849609375,-1.036956787109375,-0.1461639404296875
1784890885308634624,46.209009408950806,-0.3778076171875,-1.04095458984375,-0.14532470703125
1784890885318553600,46.21892857551575,-0.420867919921875,-0.958221435546875,-0.15380859375
1784890885328473600,46.228848457336426,-0.450897216796875,-0.9013214111328125,-0.121978759765625
1784890885338392832,46.23876762390137,-0.4810028076171875,-0.98040771484375,-0.1623992919921875
1784890885348312576,46.248687505722046,-0.459686279296875,-1.0782623291015625,-0.129425048828125
1784890885358232832,46.258607625961304,-0.388092041015625,-1.0946807861328125,-0.0480194091796875
1784890885368151552,46.268526554107666,-0.4133453369140625,-1.1551666259765625,-0.1005859375
1784890885378071552,46.278446435928345,-0.4416656494140625,-1.04266357421875,-0.1461181640625
1784890885387990784,46.288365602493286,-0.4410247802734375,-0.8978118896484375,-0.1299591064453125
1784890885397910528,46.298285484313965,-0.4174652099609375,-1.0458526611328125,-0.253997802734375
1784890885407829504,46.30820441246033,-0.4834136962890625,-1.11517333984375,-0.1908111572265625
1784890885417749760,46.318124532699585,-0.4136199951171875,-1.1584320068359375,-0.2183990478515625
1784890885427668480,46.32804346084595,-0.29779052734375,-1.119476318359375,-0.1988983154296875
1784890885437588736,46.337963581085205,-0.32330322265625,-1.1411895751953125,-0.22735595703125
1784890885447508480,46.347883462905884,-0.244720458984375,-1.1997528076171875,-0.2009124755859375
1784890885457427712,46.357802629470825,-0.1064300537109375,-1.0992889404296875,-0.2014617919921875
1784890885467347712,46.367722511291504,-0.071929931640625,-1.0370025634765625,-0.2268218994140625
1784890885477266432,46.377641439437866,-0.081939697265625,-1.05731201171875,-0.3300323486328125
1784890885487186688,46.387561559677124,-0.12884521484375,-1.038909912109375,-0.3029937744140625
1784890885497105664,46.397480487823486,-0.2386627197265625,-0.9984130859375,-0.3154144287109375
1784890885507025664,46.407400608062744,-0.2952728271484375,-0.9664459228515625,-0.3646087646484375
1784890885516944640,46.417319536209106,-0.3316802978515625,-0.93426513671875,-0.3985595703125
1784890885526864640,46.427239418029785,-0.3509368896484375,-0.904693603515625,-0.4915008544921875
1784890885536784640,46.43715953826904,-0.3829193115234375,-0.7696990966796875,-0.511383056640625
1784890885546703616,46.447078466415405,-0.3623046875,-0.670684814453125,-0.4876708984375
1784890885556623616,46.45699858665466,-0.328887939453125,-0.73028564453125,-0.41632080078125
1784890885566542592,46.466917514801025,-0.3418121337890625,-0.8270263671875,-0.3897247314453125
1784890885576462848,46.47683763504028,-0.3760528564453125,-0.8803253173828125,-0.317291259765625
1784890885586381568,46.486756563186646,-0.3956756591796875,-0.9026947021484375,-0.35308837890625
1784890885596301568,46.496676445007324,-0.358551025390625,-0.87213134765625,-0.4289398193359375
1784890885606221568,46.50659656524658,-0.32989501953125,-0.8405914306640625,-0.509124755859375
1784890885616140544,46.516515493392944,-0.33831787109375,-0.8267364501953125,-0.5435943603515625
1784890885626060800,46.5264356136322,-0.33953857421875,-0.80999755859375,-0.5211944580078125
1784890885635979776,46.536354541778564,-0.3579864501953125,-0.7543792724609375,-0.503631591796875
1784890885645899520,46.54627442359924,-0.4076385498046875,-0.7630615234375,-0.52215576171875
1784890885655818752,46.556193590164185,-0.445526123046875,-0.7523956298828125,-0.5299072265625
1784890885665738496,46.56611347198486,-0.4526519775390625,-0.726593017578125,-0.5529022216796875
1784890885675657728,46.576032638549805,-0.4531707763671875,-0.760955810546875,-0.587127685546875
1784890885685577728,46.58595252037048,-0.451568603515625,-0.7609405517578125,-0.6188201904296875
1784890885695497472,46.59587240219116,-0.4561767578125,-0.69970703125,-0.653045654296875
1784890885705416704,46.6057915687561,-0.4117279052734375,-0.695343017578125,-0.7057342529296875
1784890885715336448,46.61571145057678,-0.3997650146484375,-0.705322265625,-0.6762542724609375
1784890885725255680,46.625630617141724,-0.4430694580078125,-0.6767730712890625,-0.6812896728515625
1784890885735175680,46.6355504989624,-0.468841552734375,-0.6625518798828125,-0.715087890625
1784890885745094656,46.645469427108765,-0.4134521484375,-0.678924560546875,-0.769439697265625
1784890885755014656,46.65538954734802,-0.3831329345703125,-0.6448822021484375,-0.8026275634765625
1784890885764934656,46.6653094291687,-0.33282470703125,-0.6399688720703125,-0.84222412109375
1784890885774853632,46.67522859573364,-0.3161773681640625,-0.6667938232421875,-0.8007049560546875
1784890885784773632,46.68514847755432,-0.3412628173828125,-0.6443939208984375,-0.75433349609375
1784890885794692608,46.695067405700684,-0.3398284912109375,-0.5264129638671875,-0.723968505859375
1784890885804612608,46.70498752593994,-0.3439483642578125,-0.476654052734375,-0.7496337890625
1784890885814531584,46.714906454086304,-0.3980712890625,-0.4806365966796875,-0.8102569580078125
1784890885824451584,46.72482657432556,-0.447357177734375,-0.58538818359375,-0.8193359375
1784890885834370560,46.734745502471924,-0.46112060546875,-0.6303863525390625,-0.829498291015625
1784890885844289536,46.744664430618286,-0.4434814453125,-0.647796630859375,-0.857086181640625
1784890885854209536,46.754584550857544,-0.432830810546875,-0.672943115234375,-0.8720855712890625
1784890885864128512,46.764503479003906,-0.424163818359375,-0.63671875,-0.827056884765625
1784890885874048512,46.774423360824585,-0.425445556640625,-0.5656585693359375,-0.794219970703125
1784890885883967744,46.784342527389526,-0.4234771728515625,-0.4883880615234375,-0.781341552734375
1784890885893887488,46.794262409210205,-0.396209716796875,-0.4826812744140625,-0.802947998046875
1784890885903806720,46.80418157577515,-0.4387359619140625,-0.495849609375,-0.8013153076171875
1784890885913726464,46.814101457595825,-0.4327239990234375,-0.539276123046875,-0.8153228759765625
1784890885923645440,46.82402038574219,-0.407928466796875,-0.539520263671875,-0.8349151611328125
1784890885933565696,46.833940505981445,-0.3970947265625,-0.5356292724609375,-0.8636627197265625
1784890885943485440,46.843860387802124,-0.4014129638671875,-0.5320892333984375,-0.8748626708984375
1784890885953404672,46.853779554367065,-0.41754150390625,-0.523681640625,-0.8416748046875
1784890885963324672,46.863699436187744,-0.45306396484375,-0.4810638427734375,-0.8015594482421875
1784890885973243392,46.873618364334106,-0.44708251953125,-0.458740234375,-0.7643280029296875
1784890885983163648,46.883538484573364,-0.444366455078125,-0.481781005859375,-0.7508544921875
1784890885993082624,46.89345741271973,-0.448883056640625,-0.5189361572265625,-0.7417449951171875
1784890886003002624,46.903377532958984,-0.4505157470703125,-0.5276947021484375,-0.7880706787109375
1784890886012921600,46.91329646110535,-0.423431396484375,-0.5380859375,-0.811492919921875
1784890886022841600,46.923216581344604,-0.4123687744140625,-0.525543212890625,-0.8523406982421875
1784890886032761600,46.93313646316528,-0.4102935791015625,-0.502227783203125,-0.9084014892578125
1784890886042680576,46.943055391311646,-0.4022979736328125,-0.500701904296875,-0.946441650390625
1784890886052600576,46.9529755115509,-0.3852996826171875,-0.5299530029296875,-0.9402923583984375
1784890886062519552,46.962894439697266,-0.4024658203125,-0.5168609619140625,-0.9129638671875
1784890886072439552,46.97281455993652,-0.3919525146484375,-0.5092010498046875,-0.8907012939453125
1784890886082358528,46.982733488082886,-0.3706817626953125,-0.4655914306640625,-0.8780670166015625
1784890886092278528,46.992653369903564,-0.395965576171875,-0.3749237060546875,-0.9251708984375
1784890886102197760,47.002572536468506,-0.383453369140625,-0.3126373291015625,-0.9606781005859375
1784890886112117504,47.012492418289185,-0.3484649658203125,-0.2687225341796875,-0.9813690185546875
1784890886122037760,47.02241253852844,-0.3553009033203125,-0.2524566650390625,-0.990509033203125
1784890886131956480,47.032331466674805,-0.3728790283203125,-0.310699462890625,-0.9560546875
1784890886141876736,47.04225158691406,-0.4074859619140625,-0.3307342529296875,-0.9407958984375
1784890886151795712,47.052170515060425,-0.4062347412109375,-0.3375244140625,-0.94970703125
1784890886161715456,47.0620903968811,-0.41058349609375,-0.3457183837890625,-0.9389190673828125
1784890886171634688,47.072009563446045,-0.392913818359375,-0.3278961181640625,-0.974029541015625
1784890886181554432,47.081929445266724,-0.3887939453125,-0.251373291015625,-1.042205810546875
1784890886191474688,47.09184956550598,-0.4021148681640625,-0.185272216796875,-1.0639801025390625
1784890886201393664,47.101768493652344,-0.3995361328125,-0.13555908203125,-1.07623291015625
1784890886211313408,47.11168837547302,-0.3830718994140625,-0.1221923828125,-1.049835205078125
1784890886221232640,47.121607542037964,-0.3765106201171875,-0.1790924072265625,-1.0170440673828125
1784890886231152640,47.13152742385864,-0.3963775634765625,-0.2169036865234375,-0.982574462890625
1784890886241071616,47.141446590423584,-0.3994903564453125,-0.26300048828125,-0.9471588134765625
1784890886250991616,47.15136647224426,-0.43060302734375,-0.27789306640625,-0.9350128173828125
1784890886260910592,47.161285400390625,-0.4341278076171875,-0.2819976806640625,-0.9235687255859375
1784890886270830592,47.17120552062988,-0.41473388671875,-0.2639617919921875,-0.9299163818359375
1784890886280750592,47.18112540245056,-0.405242919921875,-0.2223968505859375,-0.9445343017578125
1784890886290669568,47.1910445690155,-0.41229248046875,-0.1888275146484375,-0.9484405517578125
1784890886300589568,47.20096445083618,-0.4310302734375,-0.1892547607421875,-0.95751953125
1784890886310508544,47.210883378982544,-0.4447174072265625,-0.19635009765625,-0.9499664306640625
1784890886320428544,47.2208034992218,-0.4381561279296875,-0.2198333740234375,-0.9185638427734375
1784890886330347520,47.230722427368164,-0.44647216796875,-0.249908447265625,-0.869781494140625
1784890886340267776,47.24064254760742,-0.4478759765625,-0.252349853515625,-0.81390380859375
1784890886350186496,47.250561475753784,-0.449432373046875,-0.205718994140625,-0.747955322265625
1784890886360106752,47.26048159599304,-0.442962646484375,-0.1132659912109375,-0.7104034423828125
1784890886370026496,47.27040147781372,-0.4193878173828125,-0.04595947265625,-0.7191009521484375
1784890886379945472,47.28032040596008,-0.410552978515625,-0.0170745849609375,-0.7578887939453125
1784890886389865728,47.29024052619934,-0.4065093994140625,-0.0269927978515625,-0.775726318359375
1784890886399784448,47.3001594543457,-0.413238525390625,-0.0420989990234375,-0.775299072265625
1784890886409704704,47.31007957458496,-0.44171142578125,-0.02789306640625,-0.7901153564453125
1784890886419623680,47.31999850273132,-0.4492034912109375,0.0092620849609375,-0.8343658447265625
1784890886429543424,47.329918384552,-0.40789794921875,-0.0461273193359375,-0.8392333984375
1784890886439462656,47.33983755111694,-0.4031982421875,-0.164642333984375,-0.7263031005859375
1784890886449382656,47.34975743293762,-0.4427490234375,-0.10009765625,-0.6934356689453125
1784890886459302656,47.35967755317688,-0.4321746826171875,-0.0172271728515625,-0.738494873046875
1784890886469221632,47.36959648132324,-0.4053497314453125,0.0039520263671875,-0.7816009521484375
1784890886479141376,47.37951636314392,-0.4145965576171875,-0.0249481201171875,-0.8084716796875
1784890886489060608,47.38943552970886,-0.4441680908203125,-0.0438385009765625,-0.8238067626953125
1784890886498980608,47.39935541152954,-0.447265625,-0.0419769287109375,-0.8304595947265625
1784890886508899584,47.40927457809448,-0.4102783203125,-0.03436279296875,-0.8387603759765625
1784890886518819584,47.41919445991516,-0.389984130859375,-0.0400390625,-0.84930419921875
1784890886528739584,47.42911458015442,-0.4025726318359375,-0.06646728515625,-0.8232421875
1784890886538658560,47.43903350830078,-0.438690185546875,-0.144500732421875,-0.8155364990234375
1784890886548578560,47.44895339012146,-0.450225830078125,-0.24310302734375,-0.834747314453125
1784890886558497792,47.4588725566864,-0.42950439453125,-0.302886962890625,-0.8550567626953125
1784890886568417536,47.46879243850708,-0.4053497314453125,-0.334075927734375,-0.8958740234375
1784890886578336512,47.47871136665344,-0.3690948486328125,-0.3801422119140625,-0.9185333251953125
1784890886588256512,47.4886314868927,-0.3520050048828125,-0.3578338623046875,-0.91680908203125
1784890886598175488,47.49855041503906,-0.355194091796875,-0.278350830078125,-0.931182861328125
1784890886608095744,47.50847053527832,-0.3531494140625,-0.201690673828125,-0.93145751953125
1784890886618015488,47.518390417099,-0.35565185546875,-0.11297607421875,-0.90142822265625
1784890886627934720,47.52830958366394,-0.3461761474609375,-0.02301025390625,-0.9138641357421875
1784890886637854464,47.53822946548462,-0.32366943359375,0.0095062255859375,-0.9477996826171875
1784890886647773440,47.54814839363098,-0.3431243896484375,-0.0106201171875,-0.9678192138671875
1784890886657693696,47.55806851387024,-0.369140625,-0.0890350341796875,-0.960693359375
1784890886667612672,47.5679874420166,-0.3771820068359375,-0.1239776611328125,-0.897491455078125
1784890886677532672,47.57790756225586,-0.3766632080078125,-0.1234588623046875,-0.8233184814453125
1784890886687451648,47.58782649040222,-0.358612060546875,-0.120147705078125,-0.7818756103515625
1784890886697371392,47.5977463722229,-0.3803253173828125,-0.0729217529296875,-0.7559051513671875
1784890886707291648,47.60766649246216,-0.411285400390625,0.0069122314453125,-0.7407073974609375
1784890886717210624,47.61758542060852,-0.4092559814453125,0.0645294189453125,-0.7940216064453125
1784890886727130624,47.62750554084778,-0.3599853515625,0.0555572509765625,-0.80377197265625
1784890886737049600,47.63742446899414,-0.3591156005859375,0.0181732177734375,-0.724365234375
1784890886746969600,47.6473445892334,-0.37872314453125,-0.0180816650390625,-0.6786041259765625
1784890886756888576,47.65726351737976,-0.4232177734375,0.04217529296875,-0.6922607421875
1784890886766808576,47.66718339920044,-0.42132568359375,0.083221435546875,-0.7772064208984375
1784890886776727552,47.67710256576538,-0.3028717041015625,0.058807373046875,-0.8733062744140625
1784890886786647552,47.68702244758606,-0.2796173095703125,0.1275634765625,-0.860748291015625
1784890886796567552,47.69694256782532,-0.29364013671875,0.287628173828125,-0.8842315673828125
1784890886806486528,47.70686149597168,-0.1756134033203125,0.4563446044921875,-0.983001708984375
1784890886816406528,47.71678137779236,-0.0468597412109375,0.4511566162109375,-0.87738037109375
1784890886826325760,47.7267005443573,-0.005828857421875,0.1647491455078125,-0.9880218505859375
1784890886836247296,47.73662209510803,-0.16387939453125,0.072113037109375,-0.7574310302734375
1784890886846166016,47.746541023254395,-0.2402496337890625,-0.2982330322265625,-0.6833648681640625
1784890886856086272,47.75646114349365,-0.1839447021484375,-0.7387542724609375,-0.516815185546875
1784890886866005248,47.766380071640015,-0.0824127197265625,-0.6416778564453125,-0.6000518798828125
1784890886875925248,47.77630019187927,0.0160980224609375,-0.1010894775390625,-0.852142333984375
1784890886885845248,47.78622007369995,0.144775390625,0.4515533447265625,-1.0925750732421875
1784890886895764224,47.79613900184631,0.399139404296875,1.0096893310546875,-2.0116729736328125
1784890886905684224,47.80605912208557,0.693939208984375,1.16851806640625,-2.596588134765625
1784890886915603200,47.815978050231934,0.567108154296875,0.9393310546875,-2.2931671142578125
1784890886925523200,47.82589817047119,0.0285797119140625,0.565277099609375,-1.4959259033203125
1784890886935442176,47.835817098617554,-0.2934722900390625,0.3391265869140625,-0.712188720703125
1784890886945362432,47.84573721885681,-0.1360015869140625,0.0084686279296875,-0.4229888916015625
1784890886955282176,47.85565710067749,0.0887908935546875,-0.5221099853515625,-0.3268280029296875
1784890886965201152,47.86557602882385,0.0569915771484375,-0.889007568359375,-0.314208984375
1784890886975121152,47.87549614906311,-0.2042236328125,-0.831146240234375,-0.4993438720703125
1784890886985040128,47.88541507720947,-0.431793212890625,-0.7451324462890625,-0.7894744873046875
1784890886994960384,47.89533519744873,-0.4179534912109375,-0.59979248046875,-0.9394989013671875
1784890887004879360,47.90525412559509,-0.422637939453125,-0.4325103759765625,-0.857513427734375
1784890887014799104,47.91517400741577,-0.345123291015625,-0.2270660400390625,-0.836334228515625
1784890887024718336,47.92509317398071,-0.2433624267578125,-0.0239410400390625,-1.0142974853515625
1784890887034638080,47.93501305580139,-0.177459716796875,0.064361572265625,-1.0832061767578125
1784890887044558336,47.94493317604065,-0.1152801513671875,0.124755859375,-1.081146240234375
1784890887054477312,47.95485210418701,-0.082000732421875,0.0147552490234375,-1.2496490478515625
1784890887064397056,47.96477198600769,-0.0138092041015625,0.0197296142578125,-1.2966461181640625
1784890887074316288,47.97469115257263,0.0141143798828125,0.06243896484375,-1.0650787353515625
1784890887084236032,47.98461103439331,0.1068115234375,-0.02642822265625,-1.0060882568359375
1784890887094155264,47.99453020095825,0.1555938720703125,-0.12652587890625,-0.9342803955078125
1784890887104075264,48.00445008277893,0.0081787109375,-0.23712158203125,-0.806976318359375
1784890887113994240,48.01436901092529,-0.1358795166015625,-0.3721771240234375,-0.7335968017578125
1784890887123914240,48.02428913116455,-0.1398468017578125,-0.533111572265625,-0.667083740234375
1784890887133833216,48.03420805931091,-0.0499420166015625,-0.5942840576171875,-0.791839599609375
1784890887143753216,48.04412817955017,0.026611328125,-0.3307952880859375,-1.045806884765625
1784890887153673216,48.05404806137085,0.1478729248046875,0.183563232421875,-1.3467254638671875
1784890887163592192,48.06396698951721,0.299591064453125,0.605072021484375,-1.39117431640625
1784890887173512192,48.07388710975647,0.2910003662109375,0.5354766845703125,-1.2900543212890625
1784890887183431168,48.08380603790283,0.13311767578125,0.2187652587890625,-1.187103271484375
1784890887193351168,48.09372615814209,0.0183258056640625,-0.138031005859375,-1.0374755859375
1784890887203270144,48.10364508628845,-0.019775390625,-0.3333587646484375,-0.9118804931640625
1784890887213190400,48.11356520652771,-0.0034027099609375,-0.358978271484375,-0.9390106201171875
1784890887223110144,48.12348508834839,0.0326385498046875,-0.3337554931640625,-1.0439605712890625
1784890887233029120,48.13340401649475,0.0504608154296875,-0.39056396484375,-1.0228729248046875
1784890887242949120,48.14332413673401,0.053375244140625,-0.4479827880859375,-0.9499969482421875
1784890887252868096,48.15324306488037,-0.0018157958984375,-0.528228759765625,-0.851470947265625
1784890887262788352,48.16316318511963,-0.0386810302734375,-0.687774658203125,-0.7436676025390625
1784890887272707328,48.17308211326599,-0.03082275390625,-0.8496246337890625,-0.64117431640625
1784890887282627072,48.18300199508667,-0.0842132568359375,-0.853973388671875,-0.601470947265625
1784890887292546304,48.19292116165161,-0.1763763427734375,-0.27154541015625,-0.6544189453125
1784890887302466048,48.20284104347229,0.0777587890625,0.210845947265625,-0.7553253173828125
1784890887312386304,48.21276116371155,0.4603729248046875,0.5118865966796875,-0.9411468505859375
1784890887322305280,48.22268009185791,0.302886962890625,0.724456787109375,-1.1266937255859375
1784890887332225280,48.23260021209717,0.1927337646484375,1.1195220947265625,-1.1446990966796875
1784890887342144256,48.24251914024353,0.110626220703125,1.4650115966796875,-1.20343017578125
1784890887352064256,48.25243902206421,0.1737213134765625,1.518310546875,-1.00921630859375
1784890887361983232,48.26235818862915,0.374969482421875,1.2364654541015625,-0.85693359375
1784890887371903232,48.27227807044983,0.4125213623046875,0.9018096923828125,-0.6503143310546875
1784890887381822208,48.28219699859619,0.34832763671875,0.57275390625,-0.405548095703125
1784890887391742208,48.29211711883545,0.3575897216796875,0.3403472900390625,-0.28594970703125
1784890887401662208,48.30203700065613,0.3368377685546875,0.4786834716796875,-0.2485504150390625
1784890887411581184,48.31195616722107,0.249359130859375,0.683380126953125,-0.2377471923828125
1784890887421501184,48.32187604904175,0.1322479248046875,0.8407135009765625,-0.26239013671875
1784890887431420416,48.33179521560669,0.057098388671875,0.8973541259765625,-0.289764404296875
1784890887441340160,48.34171509742737,0.041015625,0.9108123779296875,-0.40283203125
1784890887451259136,48.35163402557373,0.1175994873046875,0.8841552734375,-0.452911376953125
1784890887461179136,48.36155414581299,0.187469482421875,0.707916259765625,-0.5559539794921875
1784890887471098112,48.37147307395935,0.1829833984375,0.49664306640625,-0.6703338623046875
1784890887481018368,48.38139319419861,0.170684814453125,0.396240234375,-0.5655364990234375
1784890887490938112,48.39131307601929,0.1072540283203125,0.42681884765625,-0.576629638671875
1784890887500857088,48.40123200416565,0.0853271484375,0.6877593994140625,-0.6488037109375
1784890887510777344,48.41115212440491,0.17138671875,0.9110260009765625,-0.7548980712890625
1784890887520696064,48.42107105255127,0.2465057373046875,1.01593017578125,-0.6924285888671875
1784890887530616320,48.43099117279053,0.23406982421875,1.0507659912109375,-0.602935791015625
1784890887540535296,48.44091010093689,0.18310546875,1.06390380859375,-0.4995880126953125
1784890887550455296,48.45083022117615,0.13043212890625,1.004364013671875,-0.4337158203125
1784890887560374272,48.46074914932251,0.108642578125,0.917724609375,-0.3633270263671875
1784890887570294016,48.47066903114319,0.082672119140625,0.79638671875,-0.3713226318359375
1784890887580214272,48.480589151382446,0.081298828125,0.82733154296875,-0.430633544921875
1784890887590133248,48.49050807952881,0.07965087890625,0.917633056640625,-0.4795379638671875
1784890887600053248,48.500428199768066,-0.0139617919921875,0.9376678466796875,-0.5084991455078125
1784890887609972224,48.51034712791443,0.0163726806640625,0.993133544921875,-0.552703857421875
1784890887619892224,48.52026700973511,0.05609130859375,1.0340576171875,-0.542724609375
1784890887629811200,48.53018617630005,0.0619659423828125,0.9693145751953125,-0.5703125
1784890887639731200,48.54010605812073,-0.0197906494140625,0.9264373779296875,-0.57257080078125
1784890887649650176,48.55002498626709,-0.0215606689453125,0.8350372314453125,-0.612823486328125
1784890887659570176,48.55994510650635,0.0309600830078125,0.704010009765625,-0.7151031494140625
1784890887669490176,48.569864988327026,0.09967041015625,0.72344970703125,-0.6520843505859375
1784890887679409152,48.57978415489197,0.1184539794921875,0.62445068359375,-0.7318115234375
1784890887689329152,48.58970403671265,0.1134033203125,0.6633148193359375,-0.6447906494140625
1784890887699248384,48.59962320327759,0.082427978515625,0.666229248046875,-0.633514404296875
1784890887709168128,48.60954308509827,0.0042572021484375,0.691009521484375,-0.6171112060546875
1784890887719087104,48.61946201324463,-0.07720947265625,0.75042724609375,-0.62353515625
1784890887729007360,48.62938213348389,-0.0955657958984375,0.801361083984375,-0.644805908203125
1784890887738926080,48.63930106163025,0.00457763671875,0.8581390380859375,-0.660247802734375
1784890887748846336,48.64922118186951,0.7681884765625,0.571197509765625,-0.633880615234375
1784890887758766080,48.659141063690186,-0.122802734375,0.8801422119140625,-0.707305908203125
1784890887768685056,48.66905999183655,-0.3358001708984375,0.945465087890625,-0.7185821533203125
1784890887778605312,48.678980112075806,0.0561370849609375,0.6934051513671875,-0.6212615966796875
1784890887788524032,48.68889904022217,-0.105743408203125,0.7187652587890625,-0.64117431640625
1784890887798444288,48.698819160461426,-0.0894012451171875,0.7885589599609375,-0.6253662109375
1784890887808363264,48.70873808860779,-0.0796966552734375,0.7312774658203125,-0.6384429931640625
1784890887818283264,48.718658208847046,-0.1246337890625,0.796112060546875,-0.6262969970703125
1784890887828202240,48.72857713699341,0.17010498046875,0.688812255859375,-0.42999267578125
1784890887838121984,48.73849678039551,0.2022247314453125,0.895111083984375,-0.731781005859375
1784890887848041984,48.748416900634766,0.1667022705078125,1.2112884521484375,-0.671539306640625
1784890887857960960,48.75833582878113,-0.001953125,1.0468292236328125,-0.5572052001953125
1784890887867880960,48.768255949020386,0.194854736328125,0.7240142822265625,-0.3226165771484375
1784890887877799936,48.77817487716675,0.2714996337890625,0.660919189453125,-0.3568572998046875
1784890887887719936,48.78809475898743,0.0052947998046875,0.643280029296875,-0.4437713623046875
1784890887897638912,48.79801392555237,0.0178680419921875,0.5939788818359375,-0.5808563232421875
1784890887907558912,48.80793380737305,0.1710968017578125,0.50335693359375,-0.6911468505859375
1784890887917477888,48.81785273551941,0.19635009765625,0.5550537109375,-0.7808074951171875
1784890887927397888,48.82777285575867,0.189666748046875,0.6416778564453125,-0.8242340087890625
1784890887937317888,48.837692737579346,0.1021881103515625,0.7331085205078125,-0.83001708984375
1784890887947237120,48.84761190414429,0.0343475341796875,0.7476959228515625,-0.755157470703125
1784890887957156864,48.857531785964966,-0.044830322265625,0.7664031982421875,-0.6139373779296875
1784890887967076096,48.86745095252991,-0.112701416015625,0.75531005859375,-0.541748046875
1784890887976995840,48.877370834350586,-0.2024078369140625,0.7192840576171875,-0.5969696044921875
1784890887986914816,48.88728976249695,-0.1103363037109375,0.69500732421875,-0.68792724609375
1784890887996835072,48.897209882736206,-0.184967041015625,0.695709228515625,-0.7122955322265625
1784890888006754048,48.90712881088257,-0.189300537109375,0.6828155517578125,-0.7104644775390625
1784890888016674048,48.917048931121826,-0.073394775390625,0.6878662109375,-0.698272705078125
1784890888026594048,48.926968812942505,0.0249786376953125,0.66973876953125,-0.6480712890625
1784890888036512768,48.93688774108887,0.0080413818359375,0.6562347412109375,-0.6092681884765625
1784890888046433024,48.946807861328125,-0.0828094482421875,0.670318603515625,-0.637786865234375
1784890888056352000,48.95672678947449,-0.1612091064453125,0.654541015625,-0.7459716796875
1784890888066272000,48.966646909713745,-0.10186767578125,0.62933349609375,-0.869781494140625
1784890888076190976,48.97656583786011,0.0390167236328125,0.7009735107421875,-0.9788818359375
1784890888086110976,48.986485958099365,0.0723114013671875,0.7655181884765625,-0.9251251220703125
1784890888096029952,48.99640488624573,0.2209014892578125,0.6497344970703125,-0.8181304931640625
1784890888105949952,49.006324768066406,0.16400146484375,0.660675048828125,-0.572509765625
1784890888115869952,49.016244888305664,0.104156494140625,0.6173553466796875,-0.6529388427734375
1784890888125788928,49.026163816452026,0.1527099609375,0.8384246826171875,-0.5766448974609375
1784890888135708928,49.036083936691284,0.150726318359375,0.8697357177734375,-0.6529388427734375
1784890888145627904,49.04600286483765,0.255706787109375,0.9986724853515625,-0.60626220703125
1784890888155547904,49.055922746658325,0.102386474609375,1.05548095703125,-0.6941680908203125
1784890888165467136,49.06584191322327,-0.000152587890625,1.0191497802734375,-0.651641845703125
1784890888175386880,49.075761795043945,-0.0258331298828125,0.88104248046875,-0.6592864990234375
1784890888185306112,49.08568096160889,0.0336151123046875,0.7161407470703125,-0.701263427734375
1784890888195225856,49.095600843429565,0.0381622314453125,0.57037353515625,-0.66412353515625
1784890888205146112,49.10552096366882,0.0245819091796875,0.51812744140625,-0.63055419921875
1784890888215065088,49.115439891815186,0.0634918212890625,0.567779541015625,-0.6580352783203125
1784890888224984832,49.125359773635864,0.1124267578125,0.600738525390625,-0.6953582763671875
1784890888234904064,49.135278940200806,0.0924530029296875,0.67510986328125,-0.74224853515625
1784890888244823808,49.145198822021484,0.076416015625,0.7470703125,-0.7679595947265625
1784890888254742784,49.15511775016785,0.058502197265625,0.760986328125,-0.7971649169921875
1784890888264663040,49.165037870407104,0.040985107421875,0.781768798828125,-0.80322265625
1784890888274582016,49.17495679855347,0.0160675048828125,0.7140045166015625,-0.72296142578125
1784890888284502016,49.184876918792725,-0.016937255859375,0.596649169921875,-0.6093292236328125
1784890888294422016,49.1947968006134,-0.0107269287109375,0.6303863525390625,-0.582000732421875
1784890888304340992,49.204715967178345,0.0081634521484375,0.705047607421875,-0.5853271484375
1784890888314260992,49.21463584899902,0.00311279296875,0.7792205810546875,-0.59197998046875
1784890888324179968,49.224554777145386,-0.0191192626953125,0.7706146240234375,-0.6781768798828125
1784890888334099968,49.234474897384644,-0.01153564453125,0.7805328369140625,-0.7532196044921875
1784890888344018944,49.244393825531006,-0.0117645263671875,0.74871826171875,-0.76080322265625
1784890888353938944,49.254313945770264,-0.0318145751953125,0.7084197998046875,-0.70745849609375
1784890888363857920,49.264232873916626,-0.06402587890625,0.7013702392578125,-0.636199951171875
1784890888373777920,49.274152755737305,-0.05902099609375,0.6918487548828125,-0.6152191162109375
1784890888383697920,49.28407287597656,-0.050079345703125,0.734283447265625,-0.5882415771484375
1784890888393616896,49.293991804122925,-0.016998291015625,0.7702178955078125,-0.5601959228515625
1784890888403537152,49.30391192436218,0.0317535400390625,0.781036376953125,-0.61224365234375
1784890888413455872,49.313830852508545,0.0490570068359375,0.7547149658203125,-0.688629150390625
1784890888423376128,49.3237509727478,0.0838165283203125,0.6905670166015625,-0.710235595703125
1784890888433295104,49.333669900894165,0.0320892333984375,0.6688995361328125,-0.722442626953125
1784890888443214848,49.343589782714844,-0.0001220703125,0.7250518798828125,-0.7267913818359375
1784890888453134080,49.353508949279785,-0.0022735595703125,0.6386260986328125,-0.75445556640625
1784890888463053824,49.363428831100464,-0.0161895751953125,0.6676177978515625,-0.7815399169921875
1784890888472974080,49.37334895133972,0.0111083984375,0.6970672607421875,-0.791351318359375
1784890888482893056,49.383267879486084,0.0348968505859375,0.627349853515625,-0.783355712890625
1784890888492812800,49.39318776130676,0.020263671875,0.6600341796875,-0.763824462890625
1784890888502732032,49.403106927871704,0.0322113037109375,0.68804931640625,-0.7093048095703125
1784890888512652032,49.41302680969238,-0.0222015380859375,0.5543365478515625,-0.5907440185546875
1784890888522570752,49.422945737838745,0.0153045654296875,0.7339630126953125,-0.574920654296875
1784890888532491008,49.432865858078,-0.0420989990234375,0.813690185546875,-0.6395111083984375
1784890888542409984,49.442784786224365,-0.0465240478515625,0.7313232421875,-0.6349945068359375
1784890888552329984,49.45270490646362,-0.0134735107421875,0.7658233642578125,-0.68316650390625
1784890888562249984,49.4626247882843,0.0066070556640625,0.8437652587890625,-0.7539520263671875
1784890888572168960,49.47254395484924,0.029937744140625,0.82171630859375,-0.80511474609375
1784890888582088960,49.48246383666992,0.0577850341796875,0.7443084716796875,-0.7787933349609375
1784890888592007936,49.492382764816284,0.0363616943359375,0.6588287353515625,-0.6941070556640625
1784890888601927936,49.50230288505554,0.0203399658203125,0.5968017578125,-0.6533660888671875
1784890888611846912,49.512221813201904,0.0275115966796875,0.639312744140625,-0.6464691162109375
1784890888621767168,49.52214193344116,0.0378875732421875,0.68426513671875,-0.6672515869140625
1784890888631685888,49.532060861587524,0.0544891357421875,0.7193450927734375,-0.6856536865234375
1784890888641605888,49.5419807434082,0.094207763671875,0.720733642578125,-0.683929443359375
1784890888651525888,49.55190086364746,0.100830078125,0.7220458984375,-0.6802520751953125
1784890888661444864,49.56181979179382,0.1188812255859375,0.707000732421875,-0.6620941162109375
1784890888671365120,49.57173991203308,0.0977935791015625,0.7056427001953125,-0.644805908203125
1784890888681283840,49.58165884017944,0.0679168701171875,0.70404052734375,-0.629119873046875
1784890888691204096,49.5915789604187,0.0216827392578125,0.6778564453125,-0.6294403076171875
1784890888701123072,49.60149788856506,0.015655517578125,0.7017059326171875,-0.6269378662109375
1784890888711042816,49.61141777038574,0.0254058837890625,0.705780029296875,-0.6590728759765625
1784890888720962048,49.621336936950684,0.0391693115234375,0.712799072265625,-0.6909942626953125
1784890888730882048,49.63125681877136,0.0689697265625,0.7685699462890625,-0.7223663330078125
1784890888740802048,49.64117693901062,0.0733642578125,0.7850189208984375,-0.7216644287109375
1784890888750721024,49.65109586715698,0.0334625244140625,0.747894287109375,-0.671356201171875
1784890888760640768,49.66101574897766,-0.034881591796875,0.7189483642578125,-0.615325927734375
1784890888770560000,49.6709349155426,-0.083740234375,0.735992431640625,-0.5945892333984375
1784890888780480000,49.68085479736328,-0.0514373779296875,0.7432403564453125,-0.6104278564453125
1784890888790398976,49.69077396392822,0.0016326904296875,0.78765869140625,-0.626922607421875
1784890888800318976,49.7006938457489,0.037872314453125,0.80462646484375,-0.6662750244140625
1784890888810237952,49.710612773895264,0.0638580322265625,0.7744293212890625,-0.6913604736328125
1784890888820157952,49.72053289413452,0.0954742431640625,0.755828857421875,-0.7137298583984375
1784890888830077952,49.7304527759552,0.0995025634765625,0.7186431884765625,-0.7299957275390625
1784890888839994880,49.74036979675293,0.080718994140625,0.6800994873046875,-0.700408935546875
1784890888849914880,49.75028967857361,0.0609283447265625,0.66412353515625,-0.661956787109375
1784890888859833856,49.76020884513855,0.0470123291015625,0.6773529052734375,-0.65283203125
1784890888869753856,49.77012872695923,0.044097900390625,0.6814117431640625,-0.636566162109375
1784890888879672832,49.78004765510559,0.0223236083984375,0.714599609375,-0.63165283203125
1784890888889592832,49.78996777534485,0.0205230712890625,0.7724609375,-0.6652984619140625
1784890888899511808,49.79988670349121,0.0342254638671875,0.7795867919921875,-0.7046356201171875
1784890888909431808,49.80980682373047,0.021087646484375,0.7786712646484375,-0.7187652587890625
1784890888919351808,49.81972670555115,0.03125,0.7534332275390625,-0.6953582763671875
1784890888929271040,49.82964587211609,0.0043487548828125,0.7059173583984375,-0.6647796630859375
1784890888939190784,49.83956575393677,-0.050506591796875,0.686126708984375,-0.6478271484375
1784890888949109760,49.84948468208313,-0.0390472412109375,0.7310638427734375,-0.655548095703125
1784890888959030016,49.85940480232239,-0.0129241943359375,0.7523193359375,-0.6837005615234375
1784890888968948736,49.86932373046875,0.022216796875,0.7635345458984375,-0.6972198486328125
1784890888978868992,49.87924385070801,0.01092529296875,0.7833099365234375,-0.7009429931640625
1784890888988787968,49.88916277885437,0.008758544921875,0.7946014404296875,-0.7069549560546875
1784890888998707712,49.89908266067505,0.044219970703125,0.7902984619140625,-0.7217559814453125
1784890889008626944,49.90900182723999,0.0450592041015625,0.7696990966796875,-0.71234130859375
1784890889018546944,49.91892170906067,0.024139404296875,0.7431182861328125,-0.6917572021484375
1784890889028466944,49.92884182929993,-0.0107269287109375,0.722412109375,-0.66351318359375
1784890889038385920,49.93876075744629,-0.0089263916015625,0.726654052734375,-0.6392974853515625
1784890889048305920,49.94868087768555,0.0197296142578125,0.7437744140625,-0.6319732666015625
1784890889058224896,49.95859980583191,0.0133819580078125,0.77520751953125,-0.6295013427734375
1784890889068144896,49.96851968765259,0.01934814453125,0.7823028564453125,-0.63037109375
1784890889078063872,49.97843885421753,0.0525360107421875,0.75439453125,-0.62109375
1784890889087983872,49.98835873603821,0.0576171875,0.74566650390625,-0.6261138916015625
1784890889097902848,49.99827766418457,0.04931640625,0.7378082275390625,-0.633941650390625
1784890889107822848,50.00819778442383,0.0092010498046875,0.7359619140625,-0.6176300048828125
1784890889117742848,50.01811766624451,-0.019195556640625,0.7406768798828125,-0.586944580078125
1784890889127661824,50.02803683280945,-0.0415191650390625,0.7672576904296875,-0.5885772705078125
1784890889137581824,50.03795671463013,-0.02923583984375,0.769012451171875,-0.5965118408203125
1784890889147501056,50.04787588119507,0.0182037353515625,0.718597412109375,-0.6042022705078125
1784890889157420800,50.05779576301575,0.0432281494140625,0.688385009765625,-0.61614990234375
1784890889167339776,50.06771469116211,0.06787109375,0.6699371337890625,-0.660186767578125
1784890889177260032,50.07763481140137,0.0741729736328125,0.6983642578125,-0.6898193359375
1784890889187178752,50.08755373954773,0.060577392578125,0.78216552734375,-0.6986846923828125
1784890889197099008,50.09747385978699,0.0364837646484375,0.8219451904296875,-0.688018798828125
1784890889207018752,50.107393741607666,0.0253143310546875,0.8053436279296875,-0.66912841796875
1784890889216937728,50.11731266975403,0.0205841064453125,0.798187255859375,-0.6546630859375
1784890889226857984,50.127232789993286,0.0267791748046875,0.7967987060546875,-0.65740966796875
1784890889236776704,50.13715171813965,0.06121826171875,0.76385498046875,-0.6565399169921875
1784890889246696960,50.147071838378906,0.086822509765625,0.7314453125,-0.646484375
1784890889256615936,50.15699076652527,0.077667236328125,0.695404052734375,-0.6346588134765625
1784890889266535936,50.166910886764526,0.06365966796875,0.717437744140625,-0.634765625
1784890889276454912,50.17682981491089,0.0329437255859375,0.745513916015625,-0.62982177734375
1784890889286374912,50.18674969673157,0.0129241943359375,0.7802734375,-0.63055419921875
1784890889296293888,50.19666886329651,0.0167083740234375,0.807037353515625,-0.6341094970703125
1784890889306213888,50.20658874511719,0.0352325439453125,0.8326873779296875,-0.6355743408203125
1784890889316133888,50.216508865356445,0.03033447265625,0.8318023681640625,-0.6247406005859375
1784890889326052864,50.22642779350281,0.054168701171875,0.792633056640625,-0.6036529541015625
1784890889335972864,50.236347675323486,0.085357666015625,0.7491302490234375,-0.5968475341796875
1784890889345891840,50.24626684188843,0.1171112060546875,0.6958160400390625,-0.5917205810546875
1784890889355811840,50.256186723709106,0.08642578125,0.7058563232421875,-0.5838165283203125
1784890889365730816,50.26610565185547,0.037994384765625,0.7142181396484375,-0.55230712890625
1784890889375650816,50.27602577209473,0.029205322265625,0.7907867431640625,-0.54229736328125
1784890889385569792,50.28594470024109,0.080169677734375,0.8733978271484375,-0.5455322265625
1784890889395490048,50.29586482048035,0.06280517578125,0.87841796875,-0.5896759033203125
1784890889405409792,50.305784702301025,0.064788818359375,0.8782196044921875,-0.662506103515625
1784890889415329024,50.31570386886597,0.076507568359375,0.7844390869140625,-0.685638427734375
1784890889425248768,50.325623750686646,0.06341552734375,0.7121124267578125,-0.6753387451171875
1784890889435167744,50.33554267883301,0.0498046875,0.677703857421875,-0.6470184326171875
1784890889445088000,50.345462799072266,0.056365966796875,0.659820556640625,-0.6108551025390625
1784890889455006720,50.35538172721863,0.072418212890625,0.7131195068359375,-0.5970916748046875
1784890889464926976,50.365301847457886,0.078399658203125,0.739654541015625,-0.629669189453125
1784890889474845952,50.37522077560425,0.1158447265625,0.7482757568359375,-0.6478729248046875
1784890889484765696,50.38514065742493,0.1470794677734375,0.754852294921875,-0.67767333984375
1784890889494685952,50.395060777664185,0.122528076171875,0.7618560791015625,-0.7010040283203125
1784890889504604928,50.40497970581055,0.098907470703125,0.6488037109375,-0.657867431640625
1784890889514524928,50.414899826049805,0.086151123046875,0.7714691162109375,-0.671142578125
1784890889524443904,50.42481875419617,0.1087646484375,0.86639404296875,-0.68603515625
1784890889534363904,50.434738874435425,0.053680419921875,0.821929931640625,-0.6490936279296875
1784890889544282880,50.44465780258179,0.041778564453125,0.81719970703125,-0.647552490234375
1784890889554202880,50.454577684402466,0.042022705078125,0.816650390625,-0.6207733154296875
1784890889564121856,50.46449685096741,0.0721893310546875,0.7852935791015625,-0.613250732421875
1784890889574041856,50.474416732788086,0.10089111328125,0.768463134765625,-0.6221160888671875
1784890889583961856,50.484336853027344,0.116241455078125,0.7355804443359375,-0.645050048828125
1784890889593880832,50.494255781173706,0.111419677734375,0.7288665771484375,-0.65631103515625
1784890889603800832,50.504175662994385,0.0740203857421875,0.7776031494140625,-0.677520751953125
1784890889613720064,50.514094829559326,0.0732879638671875,0.8157501220703125,-0.6748809814453125
1784890889623639808,50.524014711380005,0.072998046875,0.8045806884765625,-0.63800048828125
1784890889633559040,50.533933877944946,0.0552215576171875,0.8133697509765625,-0.6476898193359375
1784890889643478784,50.543853759765625,0.080474853515625,0.783233642578125,-0.647674560546875
1784890889653397760,50.55377268791199,0.097869873046875,0.76220703125,-0.6252593994140625
1784890889663318016,50.563692808151245,0.081329345703125,0.7524566650390625,-0.6064300537109375
1784890889673236736,50.57361173629761,0.072235107421875,0.747406005859375,-0.5831451416015625
1784890889683156992,50.583531856536865,0.0570220947265625,0.7818145751953125,-0.5839385986328125
1784890889693076736,50.593451738357544,0.1036224365234375,0.8004608154296875,-0.632415771484375
1784890889702995712,50.603370666503906,0.09844970703125,0.7446441650390625,-0.63238525390625
1784890889712915968,50.613290786743164,0.0915374755859375,0.692535400390625,-0.630950927734375
1784890889722834944,50.623209714889526,0.082183837890625,0.7142486572265625,-0.6491851806640625
1784890889732754944,50.633129835128784,0.06158447265625,0.6747283935546875,-0.656280517578125
1784890889742673920,50.64304876327515,0.0098419189453125,0.649444580078125,-0.6506195068359375
1784890889752593920,50.652968883514404,0.0084075927734375,0.723541259765625,-0.64044189453125
1784890889762512896,50.66288781166077,0.0174102783203125,0.7541351318359375,-0.6177520751953125
1784890889772432896,50.672807693481445,0.0006866455078125,0.785186767578125,-0.580047607421875
1784890889782352896,50.6827278137207,-0.0129547119140625,0.8502349853515625,-0.5333099365234375
1784890889792271872,50.692646741867065,0.0138092041015625,0.81622314453125,-0.509674072265625
1784890889802191872,50.70256686210632,0.0482177734375,0.77838134765625,-0.521240234375
1784890889812110848,50.712485790252686,0.064788818359375,0.7494659423828125,-0.557861328125
1784890889822030848,50.722405672073364,0.060089111328125,0.7017364501953125,-0.6076812744140625
1784890889831949824,50.732324838638306,0.0466461181640625,0.74322509765625,-0.64324951171875
1784890889841871616,50.74224638938904,0.0241851806640625,0.79339599609375,-0.678924560546875
1784890889851790336,50.7521653175354,0.034149169921875,0.8204803466796875,-0.6839447021484375
1784890889861710592,50.76208543777466,0.0397491455078125,0.8485107421875,-0.6569366455078125
1784890889871630336,50.77200531959534,0.0321807861328125,0.8570709228515625,-0.6231689453125
1784890889881549568,50.78192448616028,0.0550384521484375,0.8462982177734375,-0.600372314453125
1784890889891469568,50.79184436798096,0.0774383544921875,0.8404541015625,-0.5839385986328125
1784890889901388288,50.80176329612732,0.076995849609375,0.8666534423828125,-0.5797882080078125
1784890889911308544,50.81168341636658,0.0766448974609375,0.8810882568359375,-0.61407470703125
1784890889921227520,50.82160234451294,0.0967254638671875,0.8852691650390625,-0.639404296875
1784890889931147520,50.8315224647522,0.089874267578125,0.8330535888671875,-0.620697021484375
1784890889941066496,50.84144139289856,0.0731201171875,0.7534027099609375,-0.5631866455078125
1784890889950986496,50.85136151313782,0.067779541015625,0.74090576171875,-0.5194091796875
1784890889960905472,50.86128044128418,0.0689544677734375,0.7500152587890625,-0.5221710205078125
1784890889970825472,50.87120032310486,0.07611083984375,0.7792816162109375,-0.5337677001953125
1784890889980745472,50.881120443344116,0.0956573486328125,0.8188934326171875,-0.5472869873046875
1784890889990664448,50.89103937149048,0.1125335693359375,0.8333740234375,-0.5712890625
1784890890000584704,50.900959491729736,0.1290435791015625,0.842864990234375,-0.5684967041015625
1784890890010503424,50.9108784198761,0.125885009765625,0.82281494140625,-0.54376220703125
1784890890020423424,50.92079830169678,0.103790283203125,0.7877655029296875,-0.5332794189453125
1784890890030342656,50.93071746826172,0.1183013916015625,0.7518463134765625,-0.5312347412109375
1784890890040262400,50.9406373500824,0.0921478271484375,0.707672119140625,-0.5230865478515625
1784890890050181376,50.95055627822876,0.06134033203125,0.748626708984375,-0.522735595703125
1784890890060101632,50.96047639846802,0.067230224609375,0.7981719970703125,-0.5436859130859375
1784890890070021376,50.970396280288696,0.079559326171875,0.8221435546875,-0.5685577392578125
1784890890079940608,50.98031544685364,0.1158447265625,0.8669586181640625,-0.619140625
1784890890089860352,50.990235328674316,0.1443634033203125,0.8661041259765625,-0.6422119140625
1784890890099779584,51.00015449523926,0.124420166015625,0.9122314453125,-0.61627197265625
1784890890109699584,51.01007437705994,0.087677001953125,0.875701904296875,-0.59454345703125
1784890890119618304,51.0199933052063,0.0774078369140625,0.814422607421875,-0.5557861328125
1784890890129538560,51.02991342544556,0.0675811767578125,0.8286895751953125,-0.5388031005859375
1784890890139457536,51.03983235359192,0.0685272216796875,0.836822509765625,-0.5440521240234375
1784890890149377536,51.04975247383118,0.0768585205078125,0.823211669921875,-0.571441650390625
1784890890159297536,51.059672355651855,0.076690673828125,0.83905029296875,-0.6152496337890625
1784890890169216512,51.06959128379822,0.078948974609375,0.868682861328125,-0.6644287109375
1784890890179136512,51.079511404037476,0.07373046875,0.8656158447265625,-0.6782989501953125
1784890890189055488,51.08943033218384,0.069854736328125,0.8450775146484375,-0.669158935546875
1784890890198975488,51.099350452423096,0.094085693359375,0.828948974609375,-0.644317626953125
1784890890208894464,51.10926938056946,0.0965118408203125,0.7965240478515625,-0.619964599609375
1784890890218814720,51.119189500808716,0.0314788818359375,0.6419525146484375,-0.521453857421875
1784890890228733440,51.12910842895508,0.0311431884765625,0.67596435546875,-0.502044677734375
1784890890238653440,51.13902831077576,0.128204345703125,0.7896575927734375,-0.6000518798828125
1784890890248573440,51.148948431015015,0.0883026123046875,0.681427001953125,-0.57098388671875
1784890890258492416,51.15886735916138,0.0972747802734375,0.6417236328125,-0.602996826171875
1784890890268412672,51.168787479400635,0.1084136962890625,0.70526123046875,-0.631805419921875
1784890890278331392,51.178706407547,0.098358154296875,0.7148895263671875,-0.59942626953125
1784890890288251392,51.188626289367676,0.0770416259765625,0.731201171875,-0.587738037109375
1784890890298170624,51.19854545593262,0.0700836181640625,0.760955810546875,-0.589324951171875
1784890890308090368,51.208465337753296,0.0476226806640625,0.7884674072265625,-0.587738037109375
1784890890318009600,51.21838450431824,0.0301513671875,0.850006103515625,-0.5796356201171875
1784890890327929600,51.228304386138916,0.0477752685546875,0.8824310302734375,-0.587005615234375
1784890890337849600,51.238224506378174,0.0078125,0.8316192626953125,-0.5784759521484375
1784890890347768576,51.248143434524536,0.05999755859375,0.802093505859375,-0.5945892333984375
