time,seconds_elapsed,magneticBearing
1784890531829701632,0.393385648727417,255.1460723876953
1784890531839620864,0.4033048152923584,255.23085021972656
1784890531849540608,0.4132246971130371,255.3252410888672
1784890531859459840,0.4231438636779785,255.4139862060547
1784890531869379840,0.4330637454986572,255.49244689941406
1784890531879298560,0.44298267364501953,255.5535125732422
1784890531889218816,0.45290279388427734,255.5906219482422
1784890531899138816,0.46282267570495605,255.61595153808594
1784890531909057792,0.47274184226989746,255.63941955566406
1784890531918977792,0.48266172409057617,255.6665496826172
1784890531928896768,0.4925806522369385,255.7032012939453
1784890531938816768,0.5025007724761963,255.7552947998047
1784890531948735744,0.5124197006225586,255.8144073486328
1784890531958655744,0.5223398208618164,255.87635803222656
1784890531968574720,0.5322587490081787,255.93519592285156
1784890531978494720,0.5421786308288574,255.99485778808594
1784890531988413696,0.5520977973937988,256.05877685546875
1784890531998333696,0.5620176792144775,256.1164855957031
1784890532008252928,0.571936845779419,256.1579284667969
1784890532018172672,0.5818567276000977,256.1816711425781
1784890532028091648,0.59177565574646,256.1954040527344
1784890532038011904,0.6016957759857178,256.2124328613281
1784890532047930624,0.6116147041320801,256.2415771484375
1784890532057850880,0.6215348243713379,256.2835388183594
1784890532067769856,0.6314537525177002,256.33624267578125
1784890532077689600,0.6413736343383789,256.39300537109375
1784890532087609856,0.6512937545776367,256.460693359375
1784890532097528576,0.661212682723999,256.54931640625
1784890532107448832,0.6711328029632568,256.65594482421875
1784890532117367808,0.6810517311096191,256.702880859375
1784890532127287808,0.690971851348877,256.6214904785156
1784890532137206784,0.7008907794952393,256.4840087890625
1784890532147126784,0.710810661315918,256.3924255371094
1784890532157044224,0.7207281589508057,256.3205871582031
1784890532166964224,0.7306482791900635,256.2272033691406
1784890532176883200,0.7405672073364258,256.1329650878906
1784890532186803200,0.7504870891571045,256.0498352050781
1784890532196722176,0.7604062557220459,255.9383087158203
1784890532206642176,0.7703261375427246,255.79029846191406
1784890532216561152,0.7802450656890869,255.6497039794922
1784890532226481152,0.7901651859283447,255.5497589111328
1784890532236400128,0.800084114074707,255.46607971191406
1784890532246320128,0.8100042343139648,255.40696716308594
1784890532256240128,0.8199241161346436,255.42613220214844
1784890532266159104,0.8298430442810059,255.52369689941406
1784890532276079104,0.8397631645202637,255.73155212402344
1784890532285998080,0.849682092666626,255.89024353027344
1784890532295918336,0.8596022129058838,255.82994079589844
1784890532305837056,0.8695211410522461,255.7334442138672
1784890532315757312,0.8794412612915039,255.8058319091797
1784890532325676288,0.8893601894378662,255.99278259277344
1784890532335596032,0.8992800712585449,256.2503967285156
1784890532345515264,0.9091992378234863,256.6330871582031
1784890532355435008,0.919119119644165,257.16619873046875
1784890532365353984,0.9290380477905273,257.9122009277344
1784890532375274240,0.9389581680297852,258.80999755859375
1784890532385193216,0.9488770961761475,259.7127380371094
1784890532395113216,0.9587972164154053,260.5714111328125
1784890532405032192,0.9687161445617676,261.36883544921875
1784890532414952192,0.9786362648010254,262.2864990234375
1784890532424872192,0.9885561466217041,263.3360900878906
1784890532434791168,0.9984750747680664,264.3223571777344
1784890532444711168,1.0083951950073242,265.2321472167969
1784890532454630144,1.0183141231536865,266.1312561035156
1784890532464550144,1.0282342433929443,267.1062927246094
1784890532474469120,1.0381531715393066,268.1833801269531
1784890532484389120,1.0480730533599854,269.3481750488281
1784890532494308352,1.0579922199249268,270.5776062011719
1784890532504228096,1.0679121017456055,271.8695983886719
1784890532514147328,1.0778312683105469,273.00225830078125
1784890532524067072,1.0877511501312256,273.9595947265625
1784890532533986048,1.097670078277588,274.841552734375
1784890532543906304,1.1075901985168457,275.7102966308594
1784890532553825024,1.117509126663208,276.714111328125
1784890532563745280,1.1274292469024658,277.7780456542969
1784890532573664256,1.1373481750488281,278.78790283203125
1784890532583584000,1.1472680568695068,279.7611389160156
1784890532593504256,1.1571881771087646,280.8767395019531
1784890532603423232,1.167107105255127,282.3999938964844
1784890532613343232,1.1770272254943848,283.8397521972656
1784890532623262208,1.186946153640747,285.11328125
1784890532633182208,1.1968662738800049,286.4607849121094
1784890532643101184,1.2067852020263672,287.9166259765625
1784890532653021184,1.216705083847046,289.55377197265625
1784890532662940160,1.2266242504119873,291.35870361328125
1784890532672860160,1.236544132232666,293.1982727050781
1784890532682779136,1.2464630603790283,295.0931396484375
1784890532692699136,1.2563831806182861,297.11602783203125
1784890532702618112,1.2663021087646484,299.2861022949219
1784890532712538368,1.2762222290039062,301.4464111328125
1784890532722457088,1.2861411571502686,303.55828857421875
1784890532732377344,1.2960612773895264,305.8136901855469
1784890532742296320,1.3059802055358887,308.5177001953125
1784890532752216064,1.3159000873565674,311.46868896484375
1784890532762135296,1.3258192539215088,313.9181823730469
1784890532772055040,1.3357391357421875,315.96270751953125
1784890532781975296,1.3456592559814453,317.8330993652344
1784890532791894272,1.3555781841278076,319.62060546875
1784890532801814016,1.3654980659484863,321.3804016113281
1784890532811733248,1.3754172325134277,323.0090026855469
1784890532821653248,1.3853371143341064,324.46270751953125
1784890532831571968,1.3952560424804688,325.6086120605469
1784890532841492224,1.4051761627197266,326.3852844238281
1784890532851411200,1.4150950908660889,326.66436767578125
1784890532861331200,1.4250152111053467,326.45245361328125
1784890532871250176,1.434934139251709,325.8648986816406
1784890532881170176,1.4448542594909668,325.1413269042969
1784890532891089152,1.454773187637329,324.1573791503906
1784890532901009152,1.4646930694580078,322.3766174316406
1784890532910929152,1.4746131896972656,320.2912902832031
1784890532920848128,1.484532117843628,317.6257629394531
1784890532930768128,1.4944522380828857,314.6495361328125
1784890532940687104,1.504371166229248,311.531005859375
1784890532950607104,1.5142910480499268,308.31195068359375
1784890532960526336,1.5242102146148682,304.9273681640625
1784890532970446080,1.5341300964355469,301.32623291015625
1784890532980365312,1.5440492630004883,297.55426025390625
1784890532990285056,1.553969144821167,293.6580505371094
1784890533000204032,1.5638880729675293,289.7027587890625
1784890533010124288,1.573808193206787,285.8411560058594
1784890533020043008,1.5837271213531494,281.8341979980469
1784890533029963264,1.5936472415924072,277.76043701171875
1784890533039882240,1.6035661697387695,273.6722412109375
1784890533049801984,1.6134860515594482,269.6188659667969
1784890533059722240,1.623406171798706,265.6384582519531
1784890533069641216,1.6333250999450684,261.7546081542969
1784890533079561216,1.6432452201843262,257.92132568359375
1784890533089480192,1.6531641483306885,254.1360626220703
1784890533099400192,1.6630842685699463,250.36122131347656
1784890533109319168,1.6730031967163086,246.5690460205078
1784890533119239168,1.6829230785369873,242.69578552246094
1784890533129158144,1.6928422451019287,238.63795471191406
1784890533139078144,1.7027621269226074,234.32679748535156
1784890533148997120,1.7126810550689697,229.89096069335938
1784890533158918912,1.7226028442382812,225.36949157714844
1784890533168837888,1.7325217723846436,220.75341796875
1784890533178757632,1.7424416542053223,216.00587463378906
1784890533188676864,1.7523608207702637,211.06906127929688
1784890533198596608,1.7622807025909424,205.87857055664062
1784890533208516864,1.7722008228302002,200.44635009765625
1784890533218435840,1.7821197509765625,194.7791748046875
1784890533228355584,1.7920396327972412,188.82870483398438
1784890533238274816,1.8019587993621826,182.71607971191406
1784890533248194816,1.8118786811828613,176.08868408203125
1784890533258113792,1.8217978477478027,169.336181640625
1784890533268033792,1.8317177295684814,165.5816192626953
1784890533277952768,1.8416366577148438,161.9776153564453
1784890533287872768,1.8515567779541016,160.49505615234375
1784890533297791744,1.8614757061004639,159.50274658203125
1784890533307711744,1.8713958263397217,158.01678466796875
1784890533317630720,1.881314754486084,156.2578125
1784890533327550720,1.8912346363067627,154.3643798828125
1784890533337470720,1.9011547565460205,152.41200256347656
1784890533347389696,1.9110736846923828,151.3545379638672
1784890533357309696,1.9209938049316406,150.65992736816406
1784890533367228672,1.930912733078003,151.9612274169922
1784890533377148928,1.9408328533172607,153.91510009765625
1784890533387067904,1.950751781463623,155.64552307128906
1784890533396987648,1.9606716632843018,157.05662536621094
1784890533406906880,1.9705908298492432,158.07888793945312
1784890533416826624,1.9805107116699219,158.58279418945312
1784890533426745600,1.9904296398162842,158.81629943847656
1784890533436665856,2.000349760055542,158.61788940429688
1784890533446585600,2.0102696418762207,158.63314819335938
1784890533456504832,2.020188808441162,158.87071228027344
1784890533466424576,2.030108690261841,159.60682678222656
1784890533476343808,2.0400278568267822,160.8184356689453
1784890533486263808,2.049947738647461,162.11798095703125
1784890533496182784,2.0598666667938232,163.33917236328125
1784890533506102784,2.069786787033081,164.3238525390625
1784890533516021760,2.0797057151794434,165.48094177246094
1784890533525941760,2.089625835418701,166.80389404296875
1784890533535860736,2.0995447635650635,168.05386352539062
1784890533545780736,2.109464645385742,169.01953125
1784890533555699712,2.1193838119506836,169.8297882080078
1784890533565619712,2.1293036937713623,170.9430389404297
1784890533575539712,2.13922381401062,172.13699340820312
1784890533585458688,2.1491427421569824,173.04989624023438
1784890533595378944,2.1590628623962402,173.73219299316406
1784890533605297920,2.1689817905426025,174.1030731201172
1784890533615217664,2.1789016723632812,174.7043914794922
1784890533625136896,2.1888208389282227,175.13949584960938
1784890533635056640,2.1987407207489014,175.61770629882812
1784890533644975616,2.2086596488952637,175.5684051513672
1784890533654895872,2.2185797691345215,175.6056365966797
1784890533664814592,2.228498697280884,175.84097290039062
1784890533674734848,2.2384188175201416,176.0019073486328
1784890533684654592,2.2483386993408203,176.3994903564453
1784890533694573568,2.2582576274871826,176.7480010986328
1784890533704493824,2.2681777477264404,176.97911071777344
1784890533714412800,2.2780966758728027,177.04559326171875
1784890533724332800,2.2880167961120605,177.0917510986328
1784890533734251776,2.297935724258423,177.3181610107422
1784890533744171776,2.3078558444976807,177.2280731201172
1784890533754090752,2.317774772644043,177.39657592773438
1784890533764010752,2.3276946544647217,177.56874084472656
1784890533773929728,2.337613821029663,177.6873779296875
1784890533783849728,2.347533702850342,177.83816528320312
1784890533793769728,2.3574538230895996,177.848876953125
1784890533803688704,2.367372751235962,177.8477020263672
1784890533813608704,2.3772926330566406,177.9874267578125
1784890533823527936,2.387211799621582,178.0001678466797
1784890533833447680,2.3971316814422607,178.00242614746094
1784890533843366912,2.407050848007202,177.99317932128906
1784890533853286656,2.416970729827881,177.89328002929688
1784890533863205632,2.426889657974243,177.8206024169922
1784890533873125888,2.436809778213501,177.70057678222656
1784890533883044608,2.4467287063598633,177.58755493164062
1784890533892964864,2.456648826599121,177.52969360351562
1784890533902884608,2.4665687084198,177.38784790039062
1784890533912803584,2.476487636566162,177.26292419433594
1784890533922723840,2.48640775680542,177.17820739746094
1784890533932642816,2.4963266849517822,177.07923889160156
1784890533942562816,2.50624680519104,177.03787231445312
1784890533952481792,2.5161657333374023,176.92796325683594
1784890533962401792,2.52608585357666,176.83578491210938
1784890533972320768,2.5360047817230225,176.7996826171875
1784890533982240768,2.545924663543701,176.81973266601562
1784890533992160768,2.555844783782959,176.8524932861328
1784890534002079744,2.5657637119293213,176.85162353515625
1784890534011999744,2.575683832168579,176.82565307617188
1784890534021918720,2.5856027603149414,176.77456665039062
1784890534031838720,2.59552264213562,176.76622009277344
1784890534041757696,2.6054418087005615,176.6966094970703
1784890534051677696,2.6153616905212402,176.61288452148438
1784890534061596928,2.6252808570861816,176.62744140625
1784890534071516672,2.6352007389068604,176.5734405517578
1784890534081435648,2.6451196670532227,176.5666046142578
1784890534091355904,2.6550397872924805,176.5126953125
1784890534101275648,2.664959669113159,176.47854614257812
1784890534111194880,2.6748788356781006,176.45501708984375
1784890534121114624,2.6847987174987793,176.1249237060547
1784890534131033600,2.6947176456451416,176.14321899414062
1784890534140953856,2.7046377658843994,176.22018432617188
1784890534150872832,2.7145566940307617,176.2177734375
1784890534160792576,2.7244765758514404,176.15843200683594
1784890534170711808,2.734395742416382,176.09640502929688
1784890534180631552,2.7443156242370605,176.01321411132812
1784890534190551808,2.7542357444763184,175.95755004882812
1784890534200470784,2.7641546726226807,175.812744140625
1784890534210390528,2.7740745544433594,175.7110595703125
1784890534220309760,2.783993721008301,175.59259033203125
1784890534230229504,2.7939136028289795,175.45213317871094
1784890534240148736,2.803832769393921,175.28538513183594
1784890534250068736,2.8137526512145996,175.1881866455078
1784890534259987712,2.823671579360962,175.00137329101562
1784890534269907712,2.8335916996002197,174.87030029296875
1784890534279827712,2.8435115814208984,174.751708984375
1784890534289746688,2.85343074798584,174.60342407226562
1784890534299666688,2.8633506298065186,174.37991333007812
1784890534309585664,2.873269557952881,174.14076232910156
1784890534319505664,2.8831896781921387,173.97085571289062
1784890534329424640,2.893108606338501,173.75453186035156
1784890534339344640,2.903028726577759,173.57901000976562
1784890534349263616,2.912947654724121,173.41790771484375
1784890534359183872,2.922867774963379,173.2683868408203
1784890534369103616,2.9327876567840576,173.1488800048828
1784890534379022592,2.94270658493042,173.0279998779297
1784890534388942592,2.9526267051696777,172.9054718017578
1784890534398861568,2.96254563331604,172.83074951171875
1784890534408781824,2.972465753555298,172.7565155029297
1784890534418700800,2.98238468170166,172.7160186767578
1784890534428620544,2.992304563522339,172.65386962890625
1784890534438539776,3.0022237300872803,172.612060546875
1784890534448459520,3.012143611907959,172.55133056640625
1784890534458378752,3.0220627784729004,172.54196166992188
1784890534468298752,3.031982660293579,172.53916931152344
1784890534478218752,3.041902780532837,172.52059936523438
1784890534488137728,3.051821708679199,172.5706329345703
1784890534498057728,3.061741590499878,172.5924835205078
1784890534507976704,3.0716607570648193,172.68963623046875
1784890534517896704,3.081580638885498,172.82350158691406
1784890534527815680,3.0914995670318604,172.97906494140625
1784890534537735680,3.101419687271118,173.13375854492188
1784890534547654656,3.1113386154174805,173.28082275390625
1784890534557574656,3.1212587356567383,173.44346618652344
1784890534567494656,3.131178617477417,173.6090850830078
1784890534577413632,3.1410975456237793,173.83572387695312
1784890534587333632,3.151017665863037,174.04782104492188
1784890534597252608,3.1609365940093994,174.2760772705078
1784890534607172608,3.1708567142486572,174.33871459960938
1784890534617091584,3.1807756423950195,174.53164672851562
1784890534627011840,3.1906957626342773,174.7304229736328
1784890534636930816,3.2006146907806396,174.92117309570312
1784890534646850560,3.2105345726013184,175.1212615966797
1784890534656770816,3.220454692840576,175.33160400390625
1784890534666689536,3.2303736209869385,175.4608917236328
1784890534676609792,3.2402937412261963,175.5758819580078
1784890534686528768,3.2502126693725586,175.65390014648438
1784890534696448512,3.2601325511932373,175.73414611816406
1784890534706367744,3.2700517177581787,175.8250732421875
1784890534716287488,3.2799715995788574,175.89393615722656
1784890534726206720,3.289890766143799,175.9744873046875
1784890534736126720,3.2998106479644775,176.0480499267578
1784890534746046720,3.3097307682037354,176.17221069335938
1784890534755965696,3.3196496963500977,176.21353149414062
1784890534765885696,3.3295695781707764,197.4573211669922
1784890534775804672,3.3394887447357178,210.76235961914062
1784890534785724672,3.3494086265563965,219.25132751464844
1784890534795643648,3.359327554702759,219.37847900390625
1784890534805563648,3.3692476749420166,225.1614532470703
1784890534815483648,3.3791675567626953,229.5462646484375
1784890534825402624,3.3890867233276367,229.86753845214844
1784890534835322624,3.3990066051483154,233.2510528564453
1784890534845241856,3.408925771713257,235.8177490234375
1784890534855161600,3.4188456535339355,237.81983947753906
1784890534865080576,3.428764581680298,239.36473083496094
1784890534875000832,3.4386847019195557,240.72080993652344
1784890534884919552,3.448603630065918,241.99484252929688
1784890534894839808,3.458523750305176,243.1807403564453
1784890534904759552,3.4684436321258545,244.3351287841797
1784890534914678528,3.478362560272217,245.59439086914062
1784890534924598784,3.4882826805114746,246.81935119628906
1784890534934517504,3.498201608657837,247.97047424316406
1784890534944437760,3.5081217288970947,249.05052185058594
1784890534954356736,3.518040657043457,250.1040802001953
1784890534964276736,3.527960777282715,251.13661193847656
1784890534974196736,3.5378806591033936,252.13133239746094
1784890534984115712,3.547799587249756,253.1455841064453
1784890534994035712,3.5577197074890137,254.22364807128906
1784890535003954688,3.567638635635376,255.3421173095703
1784890535013874688,3.577558755874634,256.2110595703125
1784890535023793664,3.587477684020996,256.91534423828125
1784890535033713664,3.597397565841675,257.4718322753906
1784890535043632640,3.607316732406616,257.9825134277344
1784890535053552640,3.617236614227295,258.5434875488281
1784890535063472640,3.6271567344665527,259.1725769042969
1784890535073391616,3.637075662612915,259.89398193359375
1784890535083311616,3.6469955444335938,260.7231750488281
1784890535093230848,3.656914710998535,261.58905029296875
1784890535103150592,3.666834592819214,262.4351501464844
1784890535113069824,3.6767537593841553,263.2294616699219
1784890535122989568,3.686673641204834,264.045166015625
1784890535132909824,3.696593761444092,264.9068298339844
1784890535142828800,3.706512689590454,265.8672180175781
1784890535152748544,3.716432571411133,266.80517578125
1784890535162666752,3.726350784301758,267.76544189453125
1784890535172587008,3.7362709045410156,268.6355285644531
1784890535182505728,3.746189832687378,269.42510986328125
1784890535192425984,3.7561099529266357,270.1157531738281
1784890535202344960,3.766028881072998,270.7648620605469
1784890535212264704,3.7759487628936768,271.3518371582031
1784890535222184960,3.7858688831329346,271.9073181152344
1784890535232103936,3.795787811279297,272.46136474609375
1784890535242023936,3.8057079315185547,272.90771484375
1784890535251942912,3.815626859664917,273.19830322265625
1784890535261862912,3.825546979904175,273.3811340332031
1784890535271781888,3.835465908050537,273.56085205078125
1784890535281701888,3.845385789871216,273.71502685546875
1784890535291620864,3.8553049564361572,273.7928466796875
1784890535301540864,3.865224838256836,273.79595947265625
1784890535311460864,3.8751449584960938,273.8049621582031
1784890535321379840,3.885063886642456,273.7775573730469
1784890535331299840,3.8949837684631348,274.0531311035156
1784890535341219072,3.904902935028076,274.5580139160156
1784890535351138816,3.914822816848755,275.2754211425781
1784890535361058048,3.9247419834136963,276.06463623046875
1784890535370977792,3.934661865234375,276.92901611328125
1784890535380898048,3.944581985473633,277.9835510253906
1784890535390817024,3.954500913619995,279.1665954589844
1784890535400736768,3.964420795440674,280.256591796875
1784890535410656000,3.9743399620056152,281.0595703125
1784890535420575744,3.984259843826294,281.6993103027344
1784890535430494720,3.9941787719726562,282.4740295410156
1784890535440414976,4.004098892211914,283.2917175292969
1784890535450334720,4.014018774032593,284.0924987792969
1784890535460253952,4.023937940597534,284.9073791503906
1784890535470173952,4.033857822418213,285.572998046875
1784890535480092928,4.043776988983154,286.0116271972656
1784890535490012928,4.053696870803833,286.3793640136719
1784890535499931904,4.063615798950195,286.7052917480469
1784890535509851904,4.073535919189453,286.4266052246094
1784890535519771904,4.083455801010132,286.61810302734375
1784890535529690880,4.093374967575073,287.0774230957031
1784890535539610880,4.103294849395752,286.0372619628906
1784890535549529856,4.113213777542114,284.7419738769531
1784890535559449856,4.123133897781372,283.9106140136719
1784890535569368832,4.133052825927734,283.31689453125
1784890535579288832,4.142972946166992,283.7062683105469
1784890535589207808,4.1528918743133545,283.8826904296875
1784890535599127808,4.162811756134033,283.85009765625
1784890535609047808,4.172731876373291,282.9661865234375
1784890535618966784,4.182650804519653,281.44879150390625
1784890535628887040,4.192570924758911,280.30780029296875
1784890535638805760,4.202489852905273,280.2867431640625
1784890535648726016,4.212409973144531,299.1697692871094
1784890535658644992,4.2223289012908936,296.3846435546875
1784890535668564736,4.232248783111572,293.9076843261719
1784890535678484992,4.24216890335083,292.1350402832031
1784890535688403968,4.252087831497192,290.6103515625
1784890535698323968,4.26200795173645,289.34747314453125
1784890535708242944,4.2719268798828125,288.3521728515625
1784890535718162688,4.281846761703491,287.1862487792969
1784890535728081920,4.291765928268433,285.819091796875
1784890535738001920,4.301685810089111,284.7742614746094
1784890535747921920,4.311605930328369,283.9942321777344
1784890535757840896,4.3215248584747314,282.7586364746094
1784890535767760896,4.331444978713989,281.5236511230469
1784890535777679872,4.341363906860352,280.5673828125
1784890535787599872,4.35128378868103,279.7281799316406
1784890535797518848,4.361202955245972,278.8730773925781
1784890535807438848,4.37112283706665,278.38922119140625
1784890535817358848,4.381042957305908,277.842529296875
1784890535827277824,4.3909618854522705,277.2838134765625
1784890535837197824,4.400881767272949,276.8555603027344
1784890535847117056,4.410800933837891,276.47943115234375
1784890535857036800,4.420720815658569,276.0514831542969
1784890535866956032,4.430639982223511,275.6195983886719
1784890535876875776,4.4405598640441895,275.36041259765625
1784890535886794752,4.450478792190552,275.0988464355469
1784890535896715008,4.46039891242981,274.8651123046875
1784890535906634752,4.470318794250488,274.69805908203125
1784890535916553984,4.48023796081543,274.4897766113281
1784890535926473728,4.490157842636108,274.4715881347656
1784890535936392704,4.500076770782471,274.5523376464844
1784890535946312960,4.5099968910217285,274.5768737792969
1784890535956231936,4.519915819168091,274.6809387207031
1784890535966151936,4.529835939407349,274.6657409667969
1784890535976071936,4.539755821228027,274.7276306152344
1784890535985990912,4.549674987792969,274.5155029296875
1784890535995910912,4.5595948696136475,274.1600036621094
1784890536005829888,4.56951379776001,273.7853088378906
1784890536015749888,4.579433917999268,273.5493469238281
1784890536025668864,4.58935284614563,273.35186767578125
1784890536035588864,4.599272966384888,273.1377258300781
1784890536045508864,4.609192848205566,272.9864196777344
1784890536055427840,4.619111776351929,272.7574768066406
1784890536065347840,4.6290318965911865,272.5722351074219
1784890536075266816,4.638950824737549,272.46685791015625
1784890536085187072,4.648870944976807,272.3585510253906
1784890536095105792,4.658789873123169,272.1835632324219
1784890536105025792,4.668709754943848,272.05145263671875
1784890536114945792,4.6786298751831055,271.98175048828125
1784890536124864768,4.688548803329468,271.9124450683594
1784890536134785024,4.698468923568726,271.8388977050781
1784890536144703744,4.708387851715088,271.8144226074219
1784890536154624000,4.718307971954346,271.8393249511719
1784890536164544000,4.7282280921936035,271.8741149902344
1784890536174464000,4.738147974014282,271.9136657714844
1784890536184384000,4.74806809425354,271.96868896484375
1784890536194302976,4.757987022399902,272.0685729980469
1784890536204223232,4.76790714263916,272.1618347167969
1784890536214142208,4.7778260707855225,272.2621765136719
1784890536224061952,4.787745952606201,272.40301513671875
1784890536233981184,4.797665119171143,272.5950012207031
1784890536243900928,4.807585000991821,272.72869873046875
1784890536253821184,4.817505121231079,272.836181640625
1784890536263740160,4.827424049377441,272.8858947753906
1784890536273659904,4.83734393119812,272.9281005859375
1784890536283579136,4.8472630977630615,273.0451965332031
1784890536293498880,4.85718297958374,273.1484680175781
1784890536303418112,4.867102146148682,273.2810974121094
1784890536313338112,4.87702202796936,273.3882751464844
1784890536323258112,4.886942148208618,273.42718505859375
1784890536333177088,4.8968610763549805,273.50372314453125
1784890536343097088,4.906780958175659,273.5849914550781
1784890536353016064,4.916700124740601,273.6723327636719
1784890536362936064,4.926620006561279,273.7657775878906
1784890536372855040,4.936538934707642,273.8707580566406
1784890536382775040,4.946459054946899,273.9819030761719
1784890536392695040,4.956378936767578,274.0294189453125
1784890536402614016,4.9662981033325195,274.07855224609375
1784890536412534016,4.976217985153198,274.2124938964844
1784890536422453248,4.98613715171814,274.3572082519531
1784890536432372992,4.996057033538818,274.5982666015625
1784890536442293248,5.005977153778076,274.8825988769531
1784890536452211968,5.0158960819244385,275.2121887207031
1784890536462131968,5.025815963745117,275.5487060546875
1784890536472051200,5.035735130310059,275.8893127441406
1784890536481970944,5.045655012130737,276.2672119140625
1784890536491889920,5.0555739402771,276.7218017578125
1784890536501810176,5.065494060516357,277.2777099609375
1784890536511728896,5.07541298866272,277.895751953125
1784890536521649152,5.0853331089019775,278.5782775878906
1784890536531568896,5.095252990722656,279.33575439453125
1784890536541487872,5.1051719188690186,280.1539611816406
1784890536551408128,5.115092039108276,281.0400085449219
1784890536561327104,5.125010967254639,282.0256042480469
1784890536571247104,5.1349310874938965,283.1221618652344
1784890536581167104,5.144850969314575,284.2196960449219
1784890536591086080,5.154770135879517,285.4287414550781
1784890536601006080,5.164690017700195,286.8450012207031
1784890536610925056,5.174608945846558,288.40240478515625
1784890536620845056,5.184529066085815,290.060546875
1784890536630764032,5.194447994232178,291.9276123046875
1784890536640684032,5.2043681144714355,293.9643859863281
1784890536650604032,5.214287996292114,296.112060546875
1784890536660523008,5.224206924438477,298.3521423339844
1784890536670443008,5.234127044677734,300.8094482421875
1784890536680361984,5.244045972824097,35.327842712402344
1784890536690281984,5.2539660930633545,37.82111740112305
1784890536700200960,5.263885021209717,39.5339469909668
1784890536710121216,5.273805141448975,40.399166107177734
1784890536720040960,5.283725023269653,40.32254409790039
1784890536729959936,5.293643951416016,39.638671875
1784890536739880192,5.303564071655273,38.45352554321289
1784890536749798912,5.313482999801636,36.79795837402344
1784890536759719168,5.3234031200408936,35.219722747802734
1784890536769638912,5.333323001861572,34.049720764160156
1784890536779557888,5.343241930007935,33.311649322509766
1784890536789478144,5.353162050247192,32.64811706542969
1784890536799396864,5.363080978393555,31.925487518310547
1784890536809317120,5.3730010986328125,31.464900970458984
1784890536819236096,5.382920026779175,31.143421173095703
1784890536829156096,5.392840147018433,30.906169891357422
1784890536839076096,5.402760028839111,30.861656188964844
1784890536848995072,5.412678956985474,31.032920837402344
1784890536858915072,5.4225990772247314,31.32862091064453
1784890536868834048,5.432518005371094,31.36652374267578
1784890536878754048,5.442438125610352,30.86058807373047
1784890536888674048,5.45235800743103,29.700225830078125
1784890536898593024,5.462276935577393,27.615589141845703
1784890536908513024,5.47219705581665,24.654327392578125
1784890536918432000,5.482115983963013,21.009445190429688
1784890536928352000,5.4920361042022705,16.82012176513672
1784890536938270976,5.501955032348633,12.04968547821045
1784890536948191232,5.511875152587891,7.618224143981934
1784890536958110976,5.521795034408569,3.6960201263427734
1784890536968029952,5.531713962554932,0.22978687286376953
1784890536977950208,5.5416340827941895,357.3394775390625
1784890536987868928,5.551553010940552,354.281494140625
1784890536997789184,5.56147313117981,350.93450927734375
1784890537007708928,5.571393013000488,347.30120849609375
1784890537017627904,5.581311941146851,343.35589599609375
1784890537027548160,5.591232061386108,339.09527587890625
1784890537037466880,5.601150989532471,334.26666259765625
1784890537047387136,5.6110711097717285,329.1280822753906
1784890537057306880,5.620990991592407,324.0032043457031
1784890537067225856,5.6309099197387695,318.817138671875
1784890537077146112,5.640830039978027,313.37921142578125
1784890537087065088,5.65074896812439,307.6011962890625
1784890537096985088,5.6606690883636475,301.862548828125
1784890537106904064,5.67058801651001,295.9761047363281
1784890537116824064,5.680508136749268,289.5136413574219
1784890537126744064,5.690428018569946,282.64825439453125
1784890537136663040,5.700346946716309,275.4232177734375
1784890537146583040,5.710267066955566,268.10400390625
1784890537156502016,5.720185995101929,261.02728271484375
1784890537166421760,5.730105638504028,254.16859436035156
1784890537176341760,5.740025758743286,247.7329559326172
1784890537186260736,5.749944686889648,241.6879119873047
1784890537196180480,5.759864568710327,235.79685974121094
1784890537206099712,5.7697837352752686,230.1535186767578
1784890537216019712,5.779703617095947,224.92820739746094
1784890537225939712,5.789623737335205,220.0275115966797
1784890537235858688,5.799542665481567,215.52061462402344
1784890537245778688,5.809462547302246,211.4732208251953
1784890537255697664,5.8193817138671875,207.66554260253906
1784890537265617664,5.829301595687866,204.10952758789062
1784890537275537664,5.839221715927124,201.04014587402344
1784890537285456640,5.849140644073486,198.13050842285156
1784890537295376896,5.859060764312744,195.25912475585938
1784890537305295616,5.8689796924591064,192.53907775878906
1784890537315215616,5.878899574279785,189.99964904785156
1784890537325134848,5.888818740844727,187.38465881347656
1784890537335054592,5.898738622665405,185.27725219726562
1784890537344974848,5.908658742904663,183.33802795410156
1784890537354893568,5.918577671051025,181.83489990234375
1784890537364813568,5.928497552871704,180.5797882080078
1784890537374732800,5.9384167194366455,179.72128295898438
1784890537384652544,5.948336601257324,178.84959411621094
1784890537394572800,5.958256721496582,178.37493896484375
1784890537404491776,5.968175649642944,178.30453491210938
1784890537414411776,5.978095769882202,178.7398681640625
1784890537424330752,5.9880146980285645,179.67831420898438
1784890537434250496,5.997934579849243,181.14306640625
1784890537444170752,6.007854700088501,183.02381896972656
1784890537454089728,6.017773628234863,184.90476989746094
1784890537464009728,6.027693748474121,186.80389404296875
1784890537473928704,6.037612676620483,188.74124145507812
1784890537483848448,6.047532558441162,191.10023498535156
1784890537493768704,6.05745267868042,193.65135192871094
1784890537503687680,6.067371606826782,196.46339416503906
1784890537513607680,6.07729172706604,199.60064697265625
1784890537523526656,6.087210655212402,202.6474151611328
1784890537533446912,6.09713077545166,205.47291564941406
1784890537543366656,6.107050657272339,208.07369995117188
1784890537553285632,6.116969585418701,210.41934204101562
1784890537563205632,6.126889705657959,212.7119598388672
1784890537573124608,6.136808633804321,214.97305297851562
1784890537583044864,6.146728754043579,217.05357360839844
1784890537592964608,6.156648635864258,219.08311462402344
1784890537602883584,6.16656756401062,221.00721740722656
1784890537612803584,6.176487684249878,222.9014892578125
1784890537622722560,6.18640661239624,224.79550170898438
1784890537632642816,6.196326732635498,226.67601013183594
1784890537642562560,6.206246614456177,228.59767150878906
1784890537652481536,6.216165542602539,230.5216827392578
1784890537662401792,6.226085662841797,232.35125732421875
1784890537672320512,6.236004590988159,234.0484161376953
1784890537682240768,6.245924711227417,235.6256561279297
1784890537692160512,6.255844593048096,236.95004272460938
1784890537702079744,6.265763759613037,237.98524475097656
1784890537711999744,6.275683641433716,238.8451385498047
1784890537721918464,6.285602569580078,239.55711364746094
1784890537731838720,6.295522689819336,240.1811065673828
1784890537741758464,6.305442571640015,240.80447387695312
1784890537751677696,6.315361738204956,241.5098114013672
1784890537761597696,6.325281620025635,242.35409545898438
1784890537771516672,6.335200548171997,243.28567504882812
1784890537781436672,6.345120668411255,244.0935821533203
1784890537791356672,6.355040550231934,244.6872100830078
1784890537801275648,6.364959716796875,245.05702209472656
1784890537811195648,6.374879598617554,245.24746704101562
1784890537821114880,6.384798765182495,245.28868103027344
1784890537831034624,6.394718647003174,245.27516174316406
1784890537840954880,6.404638767242432,245.3030548095703
1784890537850873600,6.414557695388794,245.43687438964844
1784890537860793600,6.424477577209473,245.82981872558594
1784890537870712832,6.434396743774414,246.4727325439453
1784890537880632576,6.444316625595093,247.33290100097656
1784890537890552832,6.454236745834351,248.30580139160156
1784890537900471808,6.464155673980713,249.3538055419922
1784890537910391552,6.474075555801392,250.41978454589844
1784890537920310784,6.483994722366333,251.3971405029297
1784890537930230528,6.493914604187012,252.2772979736328
1784890537940150784,6.5038347244262695,253.0756072998047
1784890537950069760,6.513753652572632,253.82579040527344
1784890537959989760,6.52367377281189,254.5038604736328
1784890537969908736,6.533592700958252,255.13819885253906
1784890537979828480,6.543512582778931,255.74156188964844
1784890537989748736,6.5534327030181885,256.26458740234375
1784890537999667712,6.563351631164551,256.70068359375
1784890538009587712,6.573271751403809,257.07415771484375
1784890538019506688,6.583190679550171,257.3597717285156
1784890538029426688,6.59311056137085,257.5783386230469
1784890538039346688,6.603030681610107,257.7473449707031
1784890538049265664,6.61294960975647,257.9295959472656
1784890538059185664,6.6228697299957275,258.1089782714844
1784890538069104640,6.63278865814209,258.3094482421875
1784890538079024896,6.642708778381348,258.4987487792969
1784890538088944640,6.652628660202026,258.7005920410156
1784890538098863616,6.662547588348389,258.8662414550781
1784890538108783616,6.6724677085876465,259.06243896484375
1784890538118702592,6.682386636734009,259.3035888671875
1784890538128622848,6.692306756973267,259.62579345703125
1784890538138542592,6.702226638793945,259.9680480957031
1784890538148461568,6.712145566940308,260.3368225097656
1784890538158381824,6.722065687179565,260.7619934082031
1784890538168300544,6.731984615325928,261.2519226074219
1784890538178219520,6.74190354347229,261.7942810058594
1784890538188139776,6.751823663711548,262.3128662109375
1784890538198058496,6.76174259185791,262.8180236816406
1784890538207978752,6.771662712097168,263.3499755859375
1784890538217898496,6.781582593917847,263.9245910644531
1784890538227817728,6.791501760482788,264.5392761230469
1784890538237737728,6.801421642303467,265.1979675292969
1784890538247656704,6.811340570449829,265.95672607421875
1784890538257576704,6.821260690689087,266.8526611328125
1784890538267496704,6.831180572509766,267.8896789550781
1784890538277415680,6.841099739074707,269.02142333984375
1784890538287335680,6.851019620895386,270.2041931152344
1784890538297254656,6.860938549041748,271.4170837402344
1784890538307174656,6.870858669281006,272.6583557128906
1784890538317094656,6.880778551101685,273.9248962402344
1784890538327013632,6.890697717666626,275.17169189453125
1784890538336933632,6.900617599487305,276.3659973144531
1784890538346852864,6.910536766052246,277.5078430175781
1784890538356772608,6.920456647872925,278.6158447265625
1784890538366692864,6.930376768112183,279.6850280761719
1784890538376611584,6.940295696258545,280.695068359375
1784890538386531584,6.950215578079224,281.6460876464844
1784890538396450816,6.960134744644165,282.47381591796875
1784890538406370560,6.970054626464844,283.1929931640625
1784890538416290816,6.979974746704102,283.82916259765625
1784890538426209792,6.989893674850464,284.39227294921875
1784890538436129536,6.999813556671143,284.9358825683594
1784890538446049792,7.0097336769104,285.44635009765625
1784890538455968512,7.019652605056763,285.8697509765625
1784890538465888768,7.0295727252960205,286.1943054199219
1784890538475807744,7.039491653442383,286.3869934082031
1784890538485727744,7.049411773681641,286.5373229980469
1784890538495647744,7.059331655502319,286.6034851074219
1784890538505566720,7.069250583648682,286.5226135253906
1784890538515486720,7.0791707038879395,286.34051513671875
1784890538525405696,7.089089632034302,286.0653991699219
1784890538535325696,7.09900975227356,285.683837890625
1784890538545245696,7.108929634094238,285.21533203125
1784890538555164672,7.118848562240601,284.6159973144531
1784890538565084672,7.128768682479858,283.9366455078125
1784890538575003648,7.138687610626221,283.18511962890625
1784890538584923648,7.1486077308654785,282.48388671875
1784890538594843648,7.158527612686157,281.66278076171875
1784890538604762880,7.168446779251099,280.63494873046875
1784890538614682624,7.178366661071777,279.4166564941406
1784890538624601600,7.18828558921814,278.0450134277344
1784890538634521600,7.1982057094573975,276.6075744628906
1784890538644441600,7.208125591278076,275.2007141113281
1784890538654360832,7.218044757843018,273.7044982910156
1784890538664280576,7.227964639663696,271.9094543457031
1784890538674200832,7.237884759902954,270.01483154296875
1784890538684119808,7.247803688049316,267.9944763183594
1784890538694039552,7.257723569869995,265.9901123046875
1784890538703958784,7.2676427364349365,264.3663024902344
1784890538713878528,7.277562618255615,263.0107116699219
1784890538723798784,7.287482738494873,261.7257080078125
1784890538733717760,7.297401666641235,260.48394775390625
1784890538743637504,7.307321548461914,259.30560302734375
1784890538753556736,7.3172407150268555,258.0622253417969
1784890538763476736,7.327160596847534,256.8018798828125
1784890538773396736,7.337080717086792,255.34547424316406
1784890538783315712,7.346999645233154,253.38160705566406
1784890538793235712,7.356919765472412,251.14491271972656
1784890538803155712,7.366839647293091,248.49232482910156
1784890538813074688,7.376758575439453,245.11045837402344
1784890538822994688,7.386678695678711,241.48782348632812
1784890538832913664,7.396597623825073,237.40235900878906
1784890538842833664,7.406517744064331,233.02166748046875
1784890538852753664,7.41643762588501,228.42820739746094
1784890538862672640,7.426356554031372,223.42222595214844
1784890538872592640,7.43627667427063,218.25888061523438
1784890538882511616,7.446195602416992,213.18753051757812
1784890538892431616,7.45611572265625,208.83509826660156
1784890538902351616,7.466035604476929,205.37966918945312
1784890538912270848,7.47595477104187,202.783935546875
1784890538922190592,7.485874652862549,200.5557403564453
1784890538932110848,7.495794773101807,198.90980529785156
1784890538942029824,7.505713701248169,197.75674438476562
1784890538951949568,7.515633583068848,197.05361938476562
1784890538961868800,7.525552749633789,196.66354370117188
1784890538971788544,7.535472631454468,196.94384765625
1784890538981708800,7.545392751693726,197.980224609375
1784890538991627776,7.555311679840088,199.8743133544922
1784890539001547520,7.565231561660767,202.73399353027344
1784890539011466752,7.575150728225708,206.22235107421875
1784890539021386496,7.585070610046387,210.2239227294922
1784890539031306752,7.5949907302856445,215.1459197998047
1784890539041225728,7.604909658432007,220.66952514648438
1784890539051145728,7.614829778671265,226.17042541503906
1784890539061065728,7.624749660491943,232.0933074951172
1784890539070984704,7.634668588638306,237.86265563964844
1784890539080904704,7.6445887088775635,243.2550048828125
1784890539090823680,7.654507637023926,248.72898864746094
1784890539100743680,7.664427757263184,253.6434783935547
1784890539110663680,7.674347639083862,258.3954772949219
1784890539120582656,7.684266567230225,262.9458312988281
1784890539130502656,7.694186687469482,267.0406188964844
1784890539140422656,7.704106569290161,270.6871032714844
1784890539150341632,7.7140257358551025,273.9686584472656
1784890539160261632,7.723945617675781,276.9940185546875
1784890539170182144,7.733866214752197,279.7142639160156
1784890539180102400,7.743786334991455,282.0735168457031
1784890539190022144,7.753706216812134,283.7498474121094
1784890539199941120,7.763625144958496,285.0860900878906
1784890539209861376,7.773545265197754,286.0384216308594
1784890539219780096,7.783464193344116,286.6552429199219
1784890539229700352,7.793384313583374,286.8780517578125
1784890539239620096,7.803304195404053,286.7200012207031
1784890539249539328,7.813223361968994,286.0726318359375
1784890539259459328,7.823143243789673,285.0362243652344
1784890539269379072,7.833063125610352,283.8559875488281
1784890539279298304,7.842982292175293,282.6035461425781
1784890539289218304,7.852902173995972,281.30474853515625
1784890539299137280,7.862821340560913,279.971923828125
1784890539309057280,7.872741222381592,278.6054382324219
1784890539318977280,7.88266134262085,277.21923828125
1784890539328896256,7.892580270767212,275.8599548339844
1784890539338816256,7.902500152587891,274.53594970703125
1784890539348735232,7.912419319152832,273.2906799316406
1784890539358655232,7.922339200973511,272.1680603027344
1784890539368575232,7.9322593212127686,271.21484375
1784890539378494208,7.942178249359131,270.4483642578125
1784890539388414208,7.95209813117981,269.8993835449219
1784890539398334208,7.962018251419067,269.5282287597656
1784890539408253184,7.97193717956543,269.2781677246094
1784890539418173440,7.9818572998046875,269.0901184082031
1784890539428092160,7.99177622795105,268.9790344238281
1784890539438012416,8.001696348190308,268.9333190917969
1784890539447932160,8.011616230010986,268.9103088378906
1784890539457851136,8.021535158157349,268.8904113769531
1784890539467771392,8.031455278396606,268.838134765625
1784890539477691136,8.041375160217285,268.7380065917969
1784890539487610368,8.051294326782227,268.6280517578125
1784890539497530112,8.061214208602905,268.4568786621094
1784890539507449088,8.071133136749268,268.2723693847656
1784890539517369344,8.081053256988525,268.0641784667969
1784890539527289088,8.090973138809204,267.8782043457031
1784890539537208320,8.100892305374146,267.71337890625
1784890539547128320,8.110812187194824,267.49725341796875
1784890539557048320,8.120732307434082,267.20684814453125
1784890539566967296,8.130651235580444,266.8169860839844
1784890539576887296,8.140571355819702,266.4008483886719
1784890539586806272,8.150490283966064,265.9299011230469
1784890539596726272,8.160410165786743,265.3995361328125
1784890539606646272,8.170330286026001,264.9102478027344
1784890539616565248,8.180249214172363,264.4506530761719
1784890539626485248,8.190169334411621,263.9779052734375
1784890539636404224,8.200088262557983,263.4947204589844
1784890539646324224,8.210008144378662,262.99371337890625
1784890539656244224,8.21992826461792,262.5101318359375
1784890539666163200,8.229847192764282,262.0844421386719
1784890539676083200,8.23976731300354,261.7114562988281
1784890539686003200,8.249687194824219,261.3817443847656
1784890539695922432,8.25960636138916,261.00811767578125
1784890539705842176,8.269526243209839,260.5813903808594
1784890539715761152,8.279445171356201,260.14349365234375
1784890539725681408,8.289365291595459,259.6786804199219
1784890539735601152,8.299285173416138,259.184814453125
1784890539745520384,8.309204339981079,258.6263732910156
1784890539755440128,8.319124221801758,258.0079040527344
1784890539765360384,8.329044342041016,257.34783935546875
1784890539775279360,8.338963270187378,256.6925354003906
1784890539785199104,8.348883152008057,256.0553894042969
1784890539795118336,8.358802318572998,255.45704650878906
1784890539805038336,8.368722200393677,254.9203338623047
1784890539814958336,8.378642320632935,254.4525604248047
1784890539824877312,8.388561248779297,254.0452423095703
1784890539834797056,8.398481130599976,253.67799377441406
1784890539844717312,8.408401250839233,253.38121032714844
1784890539854636288,8.418320178985596,253.1291961669922
1784890539864556288,8.428240299224854,252.94346618652344
1784890539874475264,8.438159227371216,252.8070831298828
1784890539884395264,8.448079347610474,252.69361877441406
1784890539894315264,8.457999229431152,252.5943145751953
1784890539904234240,8.467918157577515,252.4939422607422
1784890539914154240,8.477838277816772,252.41258239746094
1784890539924074240,8.487758159637451,252.36732482910156
1784890539933993216,8.497677326202393,252.33961486816406
1784890539943913216,8.507597208023071,252.3213653564453
1784890539953832192,8.517516136169434,252.3082733154297
1784890539963752192,8.527436256408691,252.31578063964844
1784890539973672192,8.53735613822937,252.38002014160156
1784890539983591424,8.547275304794312,252.5020294189453
1784890539993511168,8.55719518661499,252.67237854003906
1784890540003431424,8.567115306854248,252.4819793701172
1784890540013350144,8.57703423500061,252.86146545410156
1784890540023270400,8.586954355239868,253.2713165283203
1784890540033189376,8.59687328338623,253.7681427001953
1784890540043109120,8.60679316520691,254.29283142089844
1784890540053029376,8.616713285446167,254.85557556152344
1784890540062948352,8.62663221359253,255.43946838378906
1784890540072868352,8.636552333831787,256.04718017578125
1784890540082788352,8.646472215652466,256.5244140625
1784890540092707072,8.656391143798828,257.26190185546875
1784890540102627328,8.666311264038086,258.04388427734375
1784890540112546304,8.676230192184448,258.9066467285156
1784890540122466304,8.686150312423706,259.8130187988281
1784890540132386304,8.696070194244385,260.7531433105469
1784890540142305280,8.705989360809326,261.74090576171875
1784890540152225280,8.715909242630005,262.6902160644531
1784890540162143488,8.72582745552063,263.68865966796875
1784890540172062464,8.735746383666992,264.6711120605469
1784890540181982464,8.74566650390625,265.6340637207031
1784890540191901440,8.755585432052612,266.5749816894531
1784890540201821440,8.76550555229187,267.58404541015625
1784890540211741440,8.775425434112549,268.6206970214844
1784890540221660672,8.78534460067749,269.7071228027344
1784890540231580416,8.795264482498169,270.81683349609375
1784890540241500672,8.805184602737427,271.9603576660156
1784890540251419648,8.815103530883789,273.1547546386719
1784890540261339392,8.825023412704468,274.2725830078125
1784890540271258624,8.83494257926941,275.2939453125
1784890540281178368,8.844862461090088,276.2491149902344
1784890540291098624,8.854782581329346,277.2005615234375
1784890540301017600,8.864701509475708,278.20458984375
1784890540310937344,8.874621391296387,279.2539367675781
1784890540320857600,8.884541511535645,280.2580261230469
1784890540330776576,8.894460439682007,281.0514831542969
1784890540340696576,8.904380559921265,281.5677795410156
1784890540350615552,8.914299488067627,282.06402587890625
1784890540360535552,8.924219608306885,282.6441650390625
1784890540370455552,8.934139490127563,283.14971923828125
1784890540380374528,8.944058418273926,283.4924011230469
1784890540390294528,8.953978538513184,283.7106628417969
1784890540400214528,8.963898420333862,283.8909912109375
1784890540410133504,8.973817586898804,284.0315246582031
1784890540420053504,8.983737468719482,284.0809631347656
1784890540429972480,8.993656396865845,283.9949951171875
1784890540439892480,9.003576517105103,283.916748046875
1784890540449812480,9.013496398925781,283.85919189453125
1784890540459731456,9.023415565490723,283.7100830078125
1784890540469651456,9.033335447311401,283.5281677246094
1784890540479570688,9.043254613876343,283.2450866699219
1784890540489490432,9.053174495697021,282.7080993652344
1784890540499410432,9.0630943775177,281.9576110839844
1784890540509329664,9.073013544082642,281.13482666015625
1784890540519249408,9.08293342590332,280.1457824707031
1784890540529169664,9.092853546142578,279.0484313964844
1784890540539088384,9.10277247428894,277.87127685546875
1784890540549008640,9.112692594528198,276.6399230957031
1784890540558927616,9.12261152267456,275.2057800292969
1784890540568847360,9.13253140449524,273.4117126464844
1784890540578767616,9.142451524734497,271.4045715332031
1784890540588686592,9.15237045288086,269.6466064453125
1784890540598606592,9.162290573120117,267.80218505859375
1784890540608526592,9.172210454940796,265.9922180175781
1784890540618445312,9.182129383087158,264.24688720703125
1784890540628365568,9.192049503326416,262.4455261230469
1784890540638285312,9.201969385147095,261.0752258300781
1784890540648204544,9.211888551712036,259.6966857910156
1784890540658124544,9.221808433532715,258.4350891113281
1784890540668043520,9.231727600097656,257.2792053222656
1784890540677963520,9.241647481918335,256.04248046875
1784890540687883520,9.251567602157593,255.2827911376953
1784890540697802496,9.261486530303955,254.1409149169922
1784890540707722496,9.271406412124634,252.57386779785156
1784890540717642496,9.281326532363892,250.67210388183594
1784890540727561472,9.291245460510254,248.6074981689453
1784890540737481472,9.301165580749512,246.2007293701172
1784890540747400448,9.311084508895874,243.28070068359375
1784890540757320448,9.321004390716553,239.6239471435547
1784890540767240448,9.33092451095581,235.57781982421875
1784890540777159424,9.340843439102173,231.4327850341797
1784890540787079680,9.35076355934143,226.9074249267578
1784890540796999424,9.36068344116211,222.3594207763672
1784890540806918656,9.37060260772705,217.9679412841797
1784890540816838400,9.38052248954773,213.54615783691406
1784890540826757376,9.390441417694092,209.1516571044922
1784890540836677632,9.40036153793335,205.4508819580078
1784890540846597376,9.410281419754028,201.9186553955078
1784890540856516608,9.42020058631897,199.1024627685547
1784890540866436608,9.430120468139648,197.65431213378906
1784890540876356608,9.440040588378906,197.32789611816406
1784890540886275584,9.449959516525269,197.43838500976562
1784890540896195328,9.459879398345947,198.29620361328125
1784890540906114560,9.469798564910889,200.39224243164062
1784890540916034560,9.479718446731567,203.5947265625
1784890540925954560,9.489638566970825,71.68936920166016
1784890540935873536,9.499557495117188,71.96060180664062
1784890540945793280,9.509477376937866,71.99313354492188
1784890540955713536,9.519397497177124,72.04815673828125
1784890540965632512,9.529316425323486,71.91239166259766
1784890540975552512,9.539236545562744,71.72577667236328
1784890540985472512,9.549156427383423,71.4638900756836
1784890540995391488,9.559075593948364,249.8940887451172
1784890541005311488,9.568995475769043,256.1737060546875
1784890541015230464,9.578914403915405,262.0632019042969
1784890541025150464,9.588834524154663,267.5398254394531
1784890541035070464,9.598754405975342,272.67352294921875
1784890541044989696,9.608673572540283,277.4591979980469
1784890541054909440,9.618593454360962,281.6047058105469
1784890541064829696,9.62851357460022,285.3066101074219
1784890541074748416,9.638432502746582,288.7008056640625
1784890541084668416,9.64835238456726,291.7411193847656
1784890541094587648,9.658271551132202,294.13189697265625
1784890541104507392,9.66819143295288,296.0428771972656
1784890541114427648,9.678111553192139,297.63519287109375
1784890541124346368,9.688030481338501,298.994873046875
1784890541134266624,9.697950601577759,300.083984375
1784890541144186624,9.707870483398438,300.95587158203125
1784890541154105344,9.7177894115448,301.7806396484375
1784890541164026624,9.727710485458374,302.3478088378906
1784890541173946368,9.737630367279053,302.4462585449219
1784890541183865344,9.747549295425415,302.0415344238281
1784890541193785344,9.757469415664673,300.97027587890625
1784890541203704320,9.767388343811035,299.3986511230469
1784890541213624576,9.777308464050293,297.5249328613281
1784890541223544320,9.787228345870972,295.4575500488281
1784890541233463296,9.797147274017334,293.23663330078125
1784890541243383296,9.807067394256592,290.9409484863281
1784890541253303296,9.81698727607727,288.61944580078125
1784890541263222528,9.826906442642212,286.37933349609375
1784890541273142272,9.83682632446289,284.3070983886719
1784890541283061248,9.846745252609253,282.43280029296875
1784890541292981504,9.85666537284851,280.7407531738281
1784890541302901248,9.86658525466919,279.26312255859375
1784890541312820480,9.87650442123413,278.0077209472656
1784890541322740224,9.88642430305481,276.9736633300781
1784890541332660480,9.896344423294067,276.1647644042969
1784890541342579456,9.90626335144043,275.5552673339844
1784890541352499456,9.916183471679688,275.0857238769531
1784890541362419456,9.926103353500366,274.758056640625
1784890541372338176,9.936022281646729,274.613525390625
1784890541382258432,9.945942401885986,274.6068420410156
1784890541392177408,9.955861330032349,274.7574768066406
1784890541402097408,9.965781450271606,275.0106506347656
1784890541412017408,9.975701332092285,275.3157653808594
1784890541421936384,9.985620260238647,275.6454772949219
1784890541431856384,9.995540380477905,275.8910827636719
1784890541441776384,10.005460262298584,276.0332336425781
1784890541451695360,10.015379428863525,276.1073303222656
1784890541461615360,10.025299310684204,276.0987243652344
1784890541471534592,10.035218477249146,275.96051025390625
1784890541481454336,10.045138359069824,275.7745666503906
1784890541491374592,10.055058479309082,275.6070556640625
1784890541501293312,10.064977407455444,275.42486572265625
1784890541511213312,10.074897289276123,275.1922912597656
1784890541521133312,10.08481740951538,274.9040222167969
1784890541531052288,10.094736337661743,274.5679016113281
1784890541540972544,10.104656457901001,274.2298278808594
1784890541550891520,10.114575386047363,273.8055114746094
1784890541560811264,10.124495267868042,273.4449462890625
1784890541570731520,10.1344153881073,273.06304931640625
1784890541580650240,10.144334316253662,272.7193908691406
1784890541590570496,10.15425443649292,272.375
1784890541600490240,10.164174318313599,272.08880615234375
1784890541610409472,10.17409348487854,271.8268127441406
1784890541620329472,10.184013366699219,271.6201171875
1784890541630249472,10.193933486938477,271.507080078125
1784890541640168448,10.203852415084839,271.40478515625
1784890541650088192,10.213772296905518,271.2445068359375
1784890541660007424,10.223691463470459,271.0320739746094
1784890541669927424,10.233611345291138,270.7723083496094
1784890541679847424,10.243531465530396,270.4789733886719
1784890541689766400,10.253450393676758,270.1817321777344
1784890541699686400,10.263370275497437,269.88653564453125
1784890541709606400,10.273290395736694,269.601806640625
1784890541719525376,10.283209323883057,269.3566589355469
1784890541729445376,10.293129444122314,269.13958740234375
1784890541739364352,10.303048372268677,268.9236145019531
1784890541749284352,10.312968254089355,268.6915283203125
1784890541759204352,10.322888374328613,268.4023132324219
1784890541769123328,10.332807302474976,268.06707763671875
1784890541779043328,10.342727422714233,267.66876220703125
1784890541788963328,10.352647304534912,267.2111511230469
1784890541798882560,10.362566471099854,266.7173767089844
1784890541808802304,10.372486352920532,266.21484375
1784890541818722560,10.38240647315979,265.7131652832031
1784890541828641536,10.392325401306152,265.2397155761719
1784890541838561280,10.402245283126831,264.76422119140625
1784890541848480512,10.412164449691772,264.26776123046875
1784890541858400256,10.422084331512451,263.75689697265625
1784890541868320512,10.432004451751709,263.23577880859375
1784890541878239488,10.441923379898071,262.707275390625
1784890541888159232,10.45184326171875,262.1703796386719
1784890541898079488,10.461763381958008,261.6429748535156
1784890541907998208,10.47168231010437,261.1029968261719
1784890541917918464,10.481602430343628,260.5727844238281
1784890541927838208,10.491522312164307,260.0513610839844
1784890541937757440,10.501441478729248,259.5204772949219
1784890541947677440,10.511361360549927,258.9943542480469
1784890541957596416,10.521280288696289,258.4775085449219
1784890541967516416,10.531200408935547,257.9915466308594
1784890541977436416,10.541120290756226,257.5671691894531
1784890541987355392,10.551039457321167,257.1904296875
1784890541997275392,10.560959339141846,256.9111633300781
1784890542007195392,10.570879459381104,256.7135925292969
1784890542017114368,10.580798387527466,256.6174621582031
1784890542027034368,10.590718269348145,256.6144104003906
1784890542036953344,10.600637435913086,256.68890380859375
1784890542046873344,10.610557317733765,256.8297424316406
1784890542056793344,10.620477437973022,256.96575927734375
1784890542066712320,10.630396366119385,257.1048278808594
1784890542076632576,10.640316486358643,257.2471618652344
1784890542086552320,10.650236368179321,257.3847351074219
1784890542096471296,10.660155296325684,257.4423522949219
1784890542106391552,10.670075416564941,257.4526062011719
1784890542116311296,10.67999529838562,257.4074401855469
1784890542126230528,10.689914464950562,257.3416442871094
1784890542136150272,10.69983434677124,257.2532653808594
1784890542146069248,10.709753274917603,257.1888732910156
1784890542155989504,10.71967339515686,257.1497497558594
1784890542165909504,10.729593515396118,257.0979919433594
1784890542175828480,10.73951244354248,257.0156555175781
1784890542185748480,10.749432563781738,256.9250183105469
1784890542195668480,10.759352445602417,256.4775695800781
1784890542205587712,10.769271612167358,256.51763916015625
1784890542215507456,10.779191493988037,256.5018615722656
1784890542225427456,10.789111375808716,256.4959411621094
1784890542235346432,10.799030542373657,256.5998229980469
1784890542245266432,10.808950424194336,256.6822509765625
1784890542255185664,10.818869590759277,256.8179626464844
1784890542265105408,10.828789472579956,256.9580383300781
1784890542275025664,10.838709592819214,257.0888671875
1784890542284944640,10.848628520965576,257.1522521972656
1784890542294864384,10.858548402786255,257.4170227050781
1784890542304784640,10.868468523025513,257.84918212890625
1784890542314703360,10.878387451171875,258.4244384765625
1784890542324623616,10.888307571411133,259.02288818359375
1784890542334542592,10.898226499557495,259.6306457519531
1784890542344462336,10.908146381378174,260.2447814941406
1784890542354382592,10.918066501617432,260.9000549316406
1784890542364301568,10.927985429763794,261.6515197753906
1784890542374221568,10.937905550003052,262.4177551269531
1784890542384141568,10.94782543182373,263.22869873046875
1784890542394060544,10.957744598388672,264.0345764160156
1784890542403980544,10.96766448020935,264.8755187988281
1784890542413900544,10.977584600448608,265.7683410644531
1784890542423819520,10.98750352859497,266.7093811035156
1784890542433739520,10.99742341041565,267.6810607910156
1784890542443658496,11.00734257698059,268.7369079589844
1784890542453578496,11.01726245880127,269.8042297363281
1784890542463498496,11.027182579040527,270.7640380859375
1784890542473417472,11.03710150718689,271.61065673828125
1784890542483337472,11.047021389007568,272.4299621582031
1784890542493257472,11.056941509246826,273.2213134765625
1784890542503176448,11.066860437393188,273.9418640136719
1784890542513096448,11.076780557632446,274.5459899902344
1784890542523015424,11.086699485778809,275.1199951171875
1784890542532935680,11.096619606018066,275.5967712402344
1784890542542855424,11.106539487838745,275.9947204589844
1784890542552774400,11.116458415985107,276.3275146484375
1784890542562694656,11.126378536224365,276.46258544921875
1784890542572614400,11.136298418045044,276.49169921875
1784890542582533632,11.146217584609985,276.4582824707031
1784890542592453376,11.156137466430664,276.31024169921875
1784890542602373632,11.166057586669922,276.1694641113281
1784890542612292608,11.175976514816284,275.9301452636719
1784890542622212352,11.185896396636963,275.52484130859375
1784890542632131584,11.195815563201904,275.0379333496094
1784890542642051584,11.205735445022583,274.42645263671875
1784890542651971584,11.21565556526184,273.7779235839844
1784890542661890560,11.225574493408203,273.2756042480469
1784890542671810560,11.235494613647461,272.5868835449219
1784890542681730560,11.24541449546814,271.7751770019531
1784890542691649536,11.255333423614502,270.7710876464844
1784890542701569536,11.26525354385376,269.4764099121094
1784890542711488512,11.275172472000122,268.1119079589844
1784890542721408512,11.28509259223938,266.889892578125
1784890542731328512,11.295012474060059,265.6356506347656
1784890542741247488,11.304931402206421,264.15655517578125
1784890542751167488,11.314851522445679,262.6574401855469
1784890542761087488,11.324771404266357,261.0506896972656
1784890542771006464,11.334690570831299,259.5751647949219
1784890542780926464,11.344610452651978,258.0685119628906
1784890542790846464,11.354530572891235,256.54608154296875
1784890542800765440,11.364449501037598,255.2482452392578
1784890542810685440,11.374369382858276,254.12184143066406
1784890542820604672,11.384288549423218,253.18287658691406
1784890542830524416,11.394208431243896,251.8940887451172
1784890542840444672,11.404128551483154,250.12657165527344
1784890542850363392,11.414047479629517,248.27366638183594
1784890542860283648,11.423967599868774,246.26600646972656
1784890542870203392,11.433887481689453,244.1479949951172
1784890542880122368,11.443806409835815,241.02066040039062
1784890542890042624,11.453726530075073,237.49061584472656
1784890542899962368,11.463646411895752,233.56265258789062
1784890542909881600,11.473565578460693,229.39682006835938
1784890542919801600,11.483485460281372,224.9304962158203
1784890542929720320,11.493404388427734,220.41470336914062
1784890542939640576,11.503324508666992,216.15330505371094
1784890542949560320,11.513244390487671,212.14105224609375
1784890542959479552,11.523163557052612,208.39505004882812
1784890542969399552,11.533083438873291,205.1382293701172
1784890542979319552,11.543003559112549,202.4485626220703
1784890542989238528,11.552922487258911,200.37615966796875
1784890542999158528,11.562842607498169,198.66282653808594
1784890543009077504,11.572761535644531,198.22598266601562
1784890543018997504,11.58268141746521,199.13218688964844
1784890543028917504,11.592601537704468,200.76834106445312
1784890543038836480,11.60252046585083,202.94137573242188
1784890543048756480,11.612440586090088,205.6487579345703
1784890543058676480,11.622360467910767,209.19827270507812
1784890543068595456,11.632279396057129,213.2681884765625
1784890543078515456,11.642199516296387,217.5365753173828
1784890543088435456,11.652119398117065,222.19944763183594
1784890543098354688,11.662038564682007,227.32603454589844
1784890543108274432,11.671958446502686,232.57630920410156
1784890543118193664,11.681877613067627,237.98880004882812
1784890543128113408,11.691797494888306,243.54067993164062
1784890543138033408,11.701717376708984,249.18214416503906
1784890543147952640,11.711636543273926,254.5736541748047
1784890543157872384,11.721556425094604,259.649658203125
1784890543167790848,11.731474876403809,263.8291320800781
1784890543177709824,11.741393804550171,267.33343505859375
1784890543187629824,11.751313924789429,270.0673828125
1784890543197548800,11.761232852935791,272.633056640625
1784890543207469056,11.771152973175049,274.74627685546875
1784890543217388800,11.781072854995728,276.9805603027344
1784890543227308032,11.790992021560669,279.2985534667969
1784890543237228032,11.800911903381348,281.6734313964844
1784890543247148032,11.810832023620605,283.9657287597656
1784890543257067008,11.820750951766968,285.9826354980469
1784890543266986752,11.830670833587646,287.4376525878906
1784890543276907008,11.840590953826904,288.5310974121094
1784890543286825984,11.850509881973267,289.4367980957031
1784890543296745984,11.860430002212524,289.644775390625
1784890543306664960,11.870348930358887,289.5187683105469
1784890543316584704,11.880268812179565,289.0473327636719
1784890543326504960,11.890188932418823,288.2906494140625
1784890543336423936,11.900107860565186,287.55035400390625
1784890543346343936,11.910027980804443,286.7897033691406
1784890543356263936,11.919947862625122,286.037109375
1784890543366183168,11.929867029190063,285.1766662597656
1784890543376102912,11.939786911010742,284.2065124511719
1784890543386022912,11.949706792831421,283.0544128417969
1784890543395941888,11.959625959396362,281.69903564453125
1784890543405861888,11.969545841217041,280.17779541015625
1784890543415781120,11.979465007781982,278.55267333984375
1784890543425700864,11.989384889602661,276.9251403808594
1784890543435621120,11.999305009841919,275.33819580078125
1784890543445539840,12.009223937988281,273.81097412109375
1784890543455459840,12.01914381980896,272.4014587402344
1784890543465379840,12.029063940048218,271.1251220703125
1784890543475298816,12.03898286819458,270.0859680175781
1784890543485219072,12.048902988433838,268.92926025390625
1784890543495138048,12.0588219165802,267.83160400390625
1784890543505057792,12.068741798400879,266.7726135253906
1784890543514978048,12.078661918640137,265.7624206542969
1784890543524896768,12.088580846786499,264.79156494140625
1784890543534817024,12.098500967025757,263.8701477050781
1784890543544736768,12.108420848846436,263.0493469238281
1784890543554656000,12.118340015411377,262.3266906738281
1784890543564576000,12.128259897232056,261.7436828613281
1784890543574496000,12.138180017471313,261.2789611816406
1784890543584414976,12.148098945617676,260.90875244140625
1784890543594334720,12.158018827438354,260.599609375
1784890543604253952,12.167937994003296,260.2792663574219
1784890543614173952,12.177857875823975,259.976318359375
1784890543624093952,12.187777996063232,259.6954345703125
1784890543634012928,12.197696924209595,259.5101318359375
1784890543643932928,12.207616806030273,259.3485412597656
1784890543653852928,12.217536926269531,259.2395324707031
1784890543663771904,12.227455854415894,259.1144714355469
1784890543673691904,12.237375974655151,258.89691162109375
1784890543683611904,12.24729585647583,258.6446838378906
1784890543693531136,12.257215023040771,258.3507995605469
1784890543703450880,12.26713490486145,258.0840148925781
1784890543713369856,12.277053833007812,257.8627014160156
1784890543723289856,12.28697395324707,257.7152099609375
1784890543733209856,12.296893835067749,257.6085510253906
1784890543743129088,12.30681300163269,257.4986572265625
1784890543753048832,12.31673288345337,257.3167419433594
1784890543762969088,12.326653003692627,257.0750427246094
1784890543772888064,12.33657193183899,256.8369445800781
1784890543782807808,12.346491813659668,256.6351013183594
1784890543792727040,12.35641098022461,256.4726867675781
1784890543802646784,12.366330862045288,256.2784729003906
1784890543812567040,12.376250982284546,256.02734375
1784890543822486016,12.386169910430908,255.6687469482422
1784890543832405760,12.396089792251587,255.29197692871094
1784890543842326016,12.406009912490845,254.91822814941406
1784890543852244736,12.415928840637207,254.5857696533203
1784890543862164992,12.425848960876465,254.27980041503906
1784890543872084736,12.435768842697144,254.0368194580078
1784890543882003968,12.445688009262085,253.86619567871094
1784890543891923968,12.455607891082764,253.7149200439453
1784890543901843968,12.465528011322021,253.55445861816406
1784890543911762944,12.475446939468384,253.3925323486328
1784890543921682944,12.485366821289062,253.20021057128906
1784890543931601920,12.495285987854004,252.96986389160156
1784890543941521920,12.505205869674683,252.6879119873047
1784890543951441920,12.51512598991394,252.3841094970703
1784890543961360896,12.525044918060303,252.0637969970703
1784890543971280896,12.534964799880981,251.73512268066406
1784890543981200896,12.54488492012024,251.3884735107422
1784890543991119872,12.554803848266602,251.01670837402344
1784890544001039872,12.56472396850586,250.6376495361328
1784890544010958848,12.574642896652222,250.2371063232422
1784890544020879104,12.58456301689148,249.80397033691406
1784890544030798848,12.594482898712158,249.3598175048828
1784890544040717824,12.60440182685852,248.8751983642578
1784890544050638080,12.614321947097778,248.35255432128906
1784890544060557824,12.624241828918457,247.80445861816406
1784890544070477056,12.634160995483398,247.2520294189453
1784890544080396800,12.644080877304077,246.7280731201172
1784890544090317056,12.654000997543335,246.24903869628906
1784890544100236032,12.663919925689697,245.9653778076172
1784890544110155776,12.673839807510376,245.53887939453125
1784890544120075008,12.683758974075317,245.11595153808594
1784890544129994752,12.693678855895996,244.69366455078125
1784890544139915008,12.703598976135254,244.24530029296875
1784890544149833984,12.713517904281616,243.7602081298828
1784890544159753984,12.723438024520874,243.25962829589844
1784890544169675520,12.733359575271606,242.76670837402344
1784890544179594496,12.743278503417969,242.254150390625
1784890544189514496,12.753198385238647,241.7546844482422
1784890544199434496,12.763118505477905,241.2638397216797
1784890544209353472,12.773037433624268,240.7502899169922
1784890544219273472,12.782957553863525,240.2395782470703
1784890544229192448,12.792876482009888,239.72520446777344
1784890544239112704,12.802796602249146,239.19113159179688
1784890544249032448,12.812716484069824,238.64915466308594
1784890544258951424,12.822635412216187,238.1267852783203
1784890544268871424,12.832555532455444,237.6451873779297
1784890544278791424,12.842475414276123,237.19398498535156
1784890544288710656,12.852394580841064,236.78770446777344
1784890544298630400,12.862314462661743,236.4501190185547
1784890544308550656,12.872234582901001,236.1846160888672
1784890544318469632,12.882153511047363,235.9778289794922
1784890544328389376,12.892073392868042,235.8320770263672
1784890544338308608,12.901992559432983,235.7819366455078
1784890544348228352,12.911912441253662,235.83653259277344
1784890544358148608,12.92183256149292,235.9684295654297
1784890544368067584,12.931751489639282,236.1852569580078
1784890544377987584,12.94167160987854,236.4152069091797
1784890544387907584,12.951591491699219,236.60263061523438
1784890544397826560,12.961510419845581,236.7574005126953
1784890544407746560,12.971430540084839,236.8645477294922
1784890544417665536,12.981349468231201,236.92813110351562
1784890544427585536,12.991269588470459,236.88172912597656
1784890544437505536,13.001189470291138,236.79774475097656
1784890544447424512,13.0111083984375,236.38316345214844
1784890544457344512,13.021028518676758,236.3422393798828
1784890544467264512,13.030948400497437,236.27586364746094
1784890544477183488,13.040867567062378,236.1648406982422
1784890544487103488,13.050787448883057,236.01904296875
1784890544497023488,13.060707569122314,235.8909912109375
1784890544506942464,13.070626497268677,235.81434631347656
1784890544516862464,13.080546379089355,235.79371643066406
1784890544526781440,13.090465545654297,235.8024139404297
1784890544536701440,13.100385427474976,235.88194274902344
1784890544546621440,13.110305547714233,235.86825561523438
1784890544556540416,13.120224475860596,235.8965301513672
1784890544566460672,13.130144596099854,236.07888793945312
1784890544576380416,13.140064477920532,236.48533630371094
1784890544586299392,13.149983406066895,237.03526306152344
1784890544596219648,13.159903526306152,237.59861755371094
1784890544606139392,13.169823408126831,238.1448211669922
1784890544616058624,13.179742574691772,238.7350616455078
1784890544625978368,13.189662456512451,239.3600311279297
1784890544635897344,13.199581384658813,240.0167999267578
1784890544645817600,13.209501504898071,240.62623596191406
1784890544655737344,13.21942138671875,241.1785125732422
1784890544665656576,13.229340553283691,241.7806854248047
1784890544675576576,13.23926043510437,242.4169921875
1784890544685496576,13.249180555343628,243.08885192871094
1784890544695415552,13.25909948348999,243.8227996826172
1784890544705335552,13.269019603729248,244.58424377441406
1784890544715255552,13.278939485549927,245.2885284423828
1784890544725174528,13.288858413696289,245.9818878173828
1784890544735094528,13.298778533935547,246.8612823486328
1784890544745013504,13.30869746208191,247.48097229003906
1784890544754933504,13.318617582321167,247.9960174560547
1784890544764853504,13.328537464141846,248.46009826660156
1784890544774772480,13.338456392288208,248.8434295654297
1784890544784692480,13.348376512527466,249.1915740966797
1784890544794612480,13.358296394348145,249.56886291503906
1784890544804531456,13.368215560913086,249.9115753173828
1784890544814451456,13.378135442733765,250.0420379638672
1784890544824371456,13.388055562973022,249.94810485839844
1784890544834290432,13.397974491119385,249.69264221191406
1784890544844210688,13.407894611358643,249.3667755126953
1784890544854129664,13.417813539505005,249.0376434326172
1784890544864049408,13.427733421325684,248.70899963378906
1784890544873969664,13.437653541564941,248.35694885253906
1784890544883888384,13.447572469711304,247.87464904785156
1784890544893808640,13.457492589950562,247.35337829589844
1784890544903728384,13.46741247177124,246.71495056152344
1784890544913647360,13.477331399917603,246.0465850830078
1784890544923567616,13.48725152015686,245.34324645996094
1784890544933486336,13.497170448303223,244.47555541992188
1784890544943406592,13.50709056854248,243.38148498535156
1784890544953326336,13.51701045036316,242.08694458007812
1784890544963245312,13.526929378509521,240.7237091064453
1784890544973165568,13.53684949874878,239.302490234375
1784890544983085312,13.546769380569458,237.7246551513672
1784890544993004544,13.5566885471344,235.9019317626953
1784890545002924544,13.566608428955078,233.9977569580078
1784890545012844544,13.576528549194336,232.2281494140625
1784890545022763520,13.586447477340698,230.5441131591797
1784890545032683520,13.596367597579956,228.83119201660156
1784890545042602496,13.606286525726318,227.29693603515625
1784890545052522496,13.616206407546997,225.88047790527344
1784890545062442496,13.626126527786255,224.5806884765625
1784890545072361472,13.636045455932617,222.7725372314453
1784890545082281472,13.645965576171875,220.91954040527344
1784890545092201472,13.655885457992554,218.97862243652344
1784890545102120448,13.665804386138916,216.6338653564453
1784890545112040448,13.675724506378174,213.9163055419922
1784890545121959424,13.685643434524536,211.09698486328125
1784890545131879680,13.695563554763794,207.94317626953125
1784890545141799424,13.705483436584473,204.15672302246094
1784890545151718656,13.715402603149414,199.87940979003906
1784890545161638400,13.725322484970093,195.4752960205078
1784890545171559168,13.735243082046509,190.9897003173828
1784890545181478144,13.745162010192871,186.65846252441406
1784890545191398144,13.755082130432129,182.42782592773438
1784890545201318144,13.765002012252808,178.7958221435547
1784890545211237120,13.774921178817749,175.6089630126953
1784890545221157120,13.784841060638428,172.72537231445312
1784890545231077120,13.794761180877686,170.7206573486328
1784890545240996096,13.804680109024048,169.02505493164062
1784890545250916352,13.814600229263306,167.88201904296875
1784890545260835072,13.824519157409668,167.39053344726562
1784890545270755072,13.834439039230347,167.66171264648438
1784890545280675072,13.844359159469604,168.92959594726562
1784890545290594048,13.854278087615967,170.9566192626953
1784890545300514304,13.864198207855225,173.7841033935547
1784890545310434048,13.874118089675903,177.75820922851562
1784890545320353024,13.884037017822266,182.1181182861328
1784890545330273024,13.893957138061523,186.9662628173828
1784890545340192000,13.903876066207886,192.37423706054688
1784890545350112256,13.913796186447144,197.97947692871094
1784890545360032000,13.923716068267822,203.94610595703125
1784890545369951232,13.933635234832764,210.12200927734375
1784890545379871232,13.943555116653442,215.91180419921875
1784890545389791232,13.9534752368927,221.30694580078125
1784890545399710208,13.963394165039062,226.5332489013672
1784890545409629952,13.973314046859741,231.5248260498047
1784890545419550208,13.983234167098999,236.38963317871094
1784890545429469184,13.993153095245361,240.6389617919922
1784890545439389184,14.00307321548462,244.67665100097656
1784890545449308160,14.012992143630981,248.5072479248047
1784890545459228160,14.02291202545166,252.1391143798828
1784890545469148160,14.032832145690918,255.4379119873047
1784890545479067136,14.04275107383728,258.3356628417969
1784890545488987136,14.052671194076538,260.947509765625
1784890545498907136,14.062591075897217,263.1241760253906
1784890545508826112,14.072510004043579,264.806396484375
1784890545518746112,14.082430124282837,266.03936767578125
1784890545528666112,14.092350006103516,266.7283630371094
1784890545538585088,14.102269172668457,266.8602294921875
1784890545548505088,14.112189054489136,266.6351318359375
1784890545558424320,14.122108221054077,266.2829284667969
1784890545568344064,14.132028102874756,265.7242431640625
1784890545578264320,14.141948223114014,264.8918151855469
1784890545588183040,14.151867151260376,263.6998291015625
1784890545598103040,14.161787033081055,262.15771484375
1784890545608023040,14.171707153320312,260.3194580078125
1784890545617942016,14.181626081466675,258.2697448730469
1784890545627862272,14.191546201705933,256.17669677734375
1784890545637781248,14.201465129852295,254.04811096191406
1784890545647700992,14.211385011672974,251.9272918701172
1784890545657621248,14.221305131912231,249.78355407714844
1784890545667539968,14.231224060058594,247.6797637939453
1784890545677460224,14.241144180297852,245.61251831054688
1784890545687379968,14.25106406211853,243.67613220214844
1784890545697299200,14.260983228683472,241.91102600097656
1784890545707219200,14.27090311050415,240.3210906982422
1784890545717139200,14.280823230743408,238.91238403320312
1784890545727058176,14.29074215888977,237.67295837402344
1784890545736978176,14.30066204071045,236.64317321777344
1784890545746897152,14.31058120727539,235.79507446289062
1784890545756817152,14.32050108909607,235.13189697265625
1784890545766737152,14.330421209335327,234.63047790527344
1784890545776656128,14.34034013748169,234.26963806152344
1784890545786576128,14.350260019302368,234.07669067382812
1784890545796496128,14.360180139541626,233.97328186035156
1784890545806415104,14.370099067687988,233.92054748535156
1784890545816335104,14.380019187927246,233.84571838378906
1784890545826255104,14.389939069747925,233.6793670654297
1784890545836174336,14.399858236312866,233.42462158203125
1784890545846094080,14.409778118133545,233.1215057373047
1784890545856013056,14.419697046279907,232.7398223876953
1784890545865933056,14.429617166519165,232.32615661621094
1784890545875853056,14.439537048339844,231.8433380126953
1784890545885772288,14.449456214904785,231.29808044433594
1784890545895692032,14.459376096725464,230.74603271484375
1784890545905612288,14.469296216964722,230.18434143066406
1784890545915531264,14.479215145111084,229.6199188232422
1784890545925451008,14.489135026931763,229.08787536621094
1784890545935370240,14.499054193496704,228.59457397460938
1784890545945289984,14.508974075317383,228.1487579345703
1784890545955210240,14.51889419555664,227.76695251464844
1784890545965129216,14.528813123703003,227.45494079589844
1784890545975048960,14.538733005523682,227.21368408203125
1784890545984969216,14.54865312576294,227.06613159179688
1784890545994888192,14.558572053909302,226.81959533691406
1784890546004808192,14.56849217414856,226.62733459472656
1784890546014728192,14.578412055969238,226.47747802734375
1784890546024647168,14.58833122253418,226.3567352294922
1784890546034567168,14.598251104354858,226.2363739013672
1784890546044486144,14.60817003250122,226.07569885253906
1784890546054406144,14.618090152740479,225.88812255859375
1784890546064326144,14.628010034561157,225.7064971923828
1784890546074245120,14.637929201126099,225.4974822998047
1784890546084165120,14.647849082946777,225.27224731445312
1784890546094085120,14.657769203186035,225.08534240722656
1784890546104004096,14.667688131332397,224.94786071777344
1784890546113924096,14.677608013153076,224.8390655517578
1784890546123843072,14.687527179718018,224.7263641357422
1784890546133763072,14.697447061538696,224.60203552246094
1784890546143683072,14.707367181777954,224.4142303466797
1784890546153602048,14.717286109924316,224.1770782470703
1784890546163522304,14.727206230163574,223.89756774902344
1784890546173441024,14.737124919891357,223.58270263671875
1784890546183359744,14.74704384803772,223.2667236328125
1784890546193280000,14.756963968276978,222.9767608642578
1784890546203199744,14.766883850097656,222.7375030517578
1784890546213118720,14.776802778244019,222.5333709716797
1784890546223038976,14.786722898483276,222.3574676513672
1784890546232957952,14.796641826629639,222.18292236328125
1784890546242877952,14.806561946868896,221.9832763671875
1784890546252797952,14.816481828689575,221.7576446533203
1784890546262716672,14.826400756835938,221.521240234375
1784890546272636928,14.836320877075195,221.26751708984375
1784890546282556672,14.846240758895874,221.01364135742188
1784890546292475904,14.856159925460815,220.76510620117188
1784890546302395904,14.866079807281494,220.52993774414062
1784890546312314880,14.875998973846436,220.2854766845703
1784890546322234880,14.885918855667114,220.034423828125
1784890546332154880,14.895838975906372,219.7848663330078
1784890546342073856,14.905757904052734,219.54483032226562
1784890546351993856,14.915677785873413,219.29840087890625
1784890546361913856,14.925597906112671,219.05848693847656
1784890546371832832,14.935516834259033,218.8319091796875
1784890546381753088,14.945436954498291,218.60121154785156
1784890546391672832,14.95535683631897,218.3684539794922
1784890546401591808,14.965275764465332,218.11883544921875
1784890546411511808,14.97519588470459,217.87472534179688
1784890546421430784,14.985114812850952,217.62014770507812
1784890546431351040,14.99503493309021,217.34622192382812
1784890546441270784,15.004954814910889,217.085205078125
1784890546451190016,15.01487398147583,216.84872436523438
1784890546461109760,15.024793863296509,216.63543701171875
1784890546471030016,15.034713983535767,216.43972778320312
1784890546480948992,15.044632911682129,216.2547149658203
1784890546490868736,15.054552793502808,216.0470428466797
1784890546500787968,15.064471960067749,215.8378448486328
1784890546510707968,15.074391841888428,215.6105194091797
1784890546520627968,15.084311962127686,215.36415100097656
1784890546530546944,15.094230890274048,215.11097717285156
1784890546540466688,15.104150772094727,214.86611938476562
1784890546550386944,15.114070892333984,214.65159606933594
1784890546560305920,15.123989820480347,214.4605255126953
1784890546570225920,15.133909940719604,214.26473999023438
1784890546580145920,15.143829822540283,214.0718994140625
1784890546590064640,15.153748750686646,213.87965393066406
1784890546599984896,15.163668870925903,213.68316650390625
1784890546609903872,15.173587799072266,213.48719787597656
1784890546619823872,15.183507919311523,213.3098602294922
1784890546629743872,15.193427801132202,213.2123260498047
1784890546639663104,15.203346967697144,213.18777465820312
1784890546649582848,15.213266849517822,213.25302124023438
1784890546659503104,15.22318696975708,213.40245056152344
1784890546669421824,15.233105897903442,213.6157989501953
1784890546679341824,15.243025779724121,213.88363647460938
1784890546689261056,15.252944946289062,214.16226196289062
1784890546699180800,15.262864828109741,214.44076538085938
1784890546709101056,15.272784948348999,214.7139434814453
1784890546719019776,15.282703876495361,214.9661102294922
1784890546728939776,15.29262375831604,215.1842498779297
1784890546738859776,15.302543878555298,215.40093994140625
1784890546748778752,15.31246280670166,215.5943603515625
1784890546758699008,15.322382926940918,215.44627380371094
1784890546768617984,15.33230185508728,215.75363159179688
1784890546778537984,15.342221975326538,216.02024841308594
1784890546788457984,15.352141857147217,216.24876403808594
1784890546798376704,15.362060785293579,216.44703674316406
1784890546808296960,15.371980905532837,216.66941833496094
1784890546818216704,15.381900787353516,216.88722229003906
1784890546828135936,15.391819953918457,217.0958251953125
1784890546838055936,15.401739835739136,217.31838989257812
1784890546847975936,15.411659955978394,217.57061767578125
1784890546857894912,15.421578884124756,217.86427307128906
1784890546867814656,15.431498765945435,218.24700927734375
1784890546877733888,15.441417932510376,218.6225128173828
1784890546887653888,15.451337814331055,219.24966430664062
1784890546897573888,15.461257934570312,219.94577026367188
1784890546907492864,15.471176862716675,220.6865234375
1784890546917413120,15.481096982955933,221.4674072265625
1784890546927332864,15.491016864776611,222.3952178955078
1784890546937251840,15.500935792922974,223.4533233642578
1784890546947171840,15.510855913162231,224.57327270507812
1784890546957090816,15.520774841308594,225.70751953125
1784890546967011072,15.530694961547852,226.84678649902344
1784890546976930816,15.54061484336853,227.9207305908203
1784890546986849792,15.550533771514893,228.98709106445312
1784890546996769792,15.56045389175415,230.02723693847656
1784890547006689792,15.570373773574829,231.09693908691406
1784890547016609024,15.58029294013977,232.1465606689453
1784890547026528768,15.59021282196045,233.14138793945312
1784890547036448000,15.60013198852539,234.0767059326172
1784890547046368000,15.61005187034607,234.96978759765625
1784890547056287744,15.619971752166748,235.72940063476562
1784890547066206976,15.62989091873169,236.35044860839844
1784890547076126720,15.639810800552368,236.96803283691406
1784890547086046976,15.649730920791626,237.62648010253906
1784890547095965952,15.659649848937988,238.21139526367188
1784890547105885952,15.669569969177246,238.69688415527344
1784890547115805952,15.679489850997925,239.04031372070312
1784890547125724672,15.689408779144287,239.2109832763672
1784890547135644928,15.699328899383545,239.31004333496094
1784890547145563904,15.709247827529907,239.48141479492188
1784890547155483904,15.719167947769165,239.6271209716797
1784890547165403904,15.729087829589844,239.6940460205078
1784890547175322368,15.739006280899048,239.59286499023438
1784890547185242112,15.748926162719727,239.40414428710938
1784890547195162368,15.758846282958984,239.0739288330078
1784890547205081344,15.768765211105347,238.53846740722656
1784890547215001344,15.778685331344604,237.91201782226562
1784890547224920320,15.788604259490967,237.2622833251953
1784890547234840064,15.798524141311646,236.62124633789062
1784890547244760320,15.808444261550903,235.7017059326172
1784890547254679296,15.818363189697266,234.6706085205078
1784890547264599296,15.828283309936523,233.76956176757812
1784890547274519296,15.838203191757202,232.75621032714844
1784890547284438272,15.848122358322144,231.66116333007812
1784890547294358272,15.858042240142822,230.3916778564453
1784890547304277248,15.867961168289185,228.87353515625
1784890547314197248,15.877881288528442,227.1836700439453
1784890547324117248,15.887801170349121,225.63075256347656
1784890547334036224,15.897720336914062,223.9503936767578
1784890547343956224,15.907640218734741,222.3103485107422
1784890547353876480,15.917560338973999,220.84442138671875
1784890547363795200,15.927479267120361,219.44117736816406
1784890547373715200,15.93739914894104,218.2540740966797
1784890547383634432,15.947318315505981,217.1494598388672
1784890547393554176,15.95723819732666,215.75424194335938
1784890547403474432,15.967158317565918,213.98289489746094
1784890547413393152,15.97707724571228,212.25706481933594
1784890547423313152,15.986997127532959,210.72715759277344
1784890547433233152,15.996917247772217,208.98472595214844
1784890547443152128,16.00683617591858,206.86294555664062
1784890547453072384,16.016756296157837,204.01174926757812
1784890547462992128,16.026676177978516,200.31394958496094
1784890547472911360,16.036595344543457,196.10630798339844
1784890547482831360,16.046515226364136,191.6671905517578
1784890547492750080,16.056434154510498,187.15972900390625
1784890547502670336,16.066354274749756,182.45159912109375
1784890547512590080,16.076274156570435,177.64480590820312
1784890547522509312,16.086193323135376,173.23912048339844
1784890547532429312,16.096113204956055,169.4833984375
1784890547542349312,16.106033325195312,166.2899932861328
1784890547552268288,16.115952253341675,163.94219970703125
1784890547562188032,16.125872135162354,161.6959686279297
1784890547572108288,16.13579225540161,160.02345275878906
1784890547582027264,16.145711183547974,159.66448974609375
1784890547591947264,16.15563130378723,160.29580688476562
1784890547601866240,16.165550231933594,162.07237243652344
1784890547611786240,16.17547035217285,164.51771545410156
1784890547621706240,16.18539023399353,167.76425170898438
1784890547631625216,16.195309162139893,172.0948944091797
1784890547641545216,16.20522928237915,176.92208862304688
1784890547651465216,16.21514916419983,26.928985595703125
1784890547661384448,16.22506833076477,26.729209899902344
1784890547671304192,16.23498821258545,26.677791595458984
1784890547681223168,16.24490714073181,200.73020935058594
1784890547691143168,16.25482726097107,206.9845428466797
1784890547701063168,16.264747142791748,212.8934783935547
1784890547710982400,16.27466630935669,218.3243408203125
1784890547720902144,16.284586191177368,223.4320526123047
1784890547730822400,16.294506311416626,228.5219268798828
1784890547740741376,16.30442523956299,233.30848693847656
1784890547750661376,16.314345359802246,238.1822052001953
1784890547760581376,16.324265241622925,242.73641967773438
1784890547770500096,16.334184169769287,247.2261505126953
1784890547780420352,16.344104290008545,251.31312561035156
1784890547790339328,16.354023218154907,254.93809509277344
1784890547800259328,16.363943338394165,258.4210205078125
1784890547810179328,16.373863220214844,261.5483703613281
1784890547820098048,16.383782148361206,264.2276306152344
1784890547830018304,16.393702268600464,266.61865234375
1784890547839938048,16.403622150421143,268.6278381347656
1784890547849857280,16.413541316986084,270.19024658203125
1784890547859777280,16.423461198806763,271.1927490234375
1784890547869696256,16.433380126953125,271.5826721191406
1784890547879616256,16.443300247192383,271.3238830566406
1784890547889536256,16.45322012901306,270.60858154296875
1784890547899455232,16.463139295578003,269.5440673828125
1784890547909375232,16.47305917739868,268.2685546875
1784890547919295232,16.48297929763794,266.7133483886719
1784890547929214208,16.4928982257843,264.9306640625
1784890547939134464,16.50281834602356,262.953125
1784890547949054208,16.51273822784424,260.8968811035156
1784890547958973184,16.5226571559906,258.7585754394531
1784890547968893184,16.53257727622986,256.58587646484375
1784890547978812160,16.54249620437622,254.44737243652344
1784890547988732416,16.55241632461548,252.4128875732422
1784890547998652160,16.562336206436157,250.54600524902344
1784890548008571136,16.57225513458252,248.85215759277344
1784890548018491392,16.582175254821777,247.2972869873047
1784890548028411136,16.592095136642456,245.8238983154297
1784890548038330368,16.602014303207397,244.45228576660156
1784890548048250112,16.611934185028076,243.19537353515625
1784890548058170368,16.621854305267334,242.1000518798828
1784890548068089344,16.631773233413696,241.16954040527344
1784890548078009344,16.641693353652954,240.34580993652344
1784890548087928320,16.651612281799316,239.6326446533203
1784890548097848064,16.661532163619995,239.02186584472656
1784890548107768320,16.671452283859253,238.52320861816406
1784890548117687296,16.681371212005615,238.11807250976562
1784890548127607296,16.691291332244873,237.8755645751953
1784890548137527296,16.70121121406555,237.73216247558594
1784890548147446272,16.711130142211914,237.71409606933594
1784890548157366272,16.721050262451172,237.71200561523438
1784890548167285248,16.730969190597534,237.7053680419922
1784890548177206528,16.740890502929688,237.73667907714844
1784890548187126528,16.750810623168945,237.7174835205078
1784890548197045504,16.760729551315308,237.6669464111328
1784890548206965760,16.770649671554565,237.57154846191406
1784890548216885504,16.780569553375244,237.4347686767578
1784890548226804736,16.790488719940186,237.26513671875
1784890548236724736,16.800408601760864,237.05148315429688
1784890548246644736,16.810328722000122,236.8092498779297
1784890548256563712,16.820247650146484,236.5861358642578
1784890548266483456,16.830167531967163,236.38340759277344
1784890548276402688,16.840086698532104,236.2017364501953
1784890548286322688,16.850006580352783,236.07554626464844
1784890548296242688,16.85992670059204,235.9874725341797
1784890548306161664,16.869845628738403,235.93545532226562
1784890548316081408,16.879765510559082,235.925537109375
1784890548326001664,16.88968563079834,235.94786071777344
1784890548335920640,16.899604558944702,235.9663543701172
1784890548345840640,16.90952467918396,235.9699249267578
1784890548355760640,16.91944456100464,235.9325714111328
1784890548365679616,16.92936372756958,235.8539276123047
1784890548375599616,16.93928360939026,235.77365112304688
1784890548385518592,16.94920253753662,235.6799774169922
1784890548395438592,16.95912265777588,235.5806884765625
1784890548405358592,16.969042539596558,235.48358154296875
1784890548415277824,16.9789617061615,235.3951873779297
1784890548425197568,16.988881587982178,235.31466674804688
1784890548435117824,16.998801708221436,235.2341766357422
1784890548445036544,17.008720636367798,235.14886474609375
1784890548454956544,17.018640518188477,235.05125427246094
1784890548464876544,17.028560638427734,234.93667602539062
1784890548474795520,17.038479566574097,234.79942321777344
1784890548484715776,17.048399686813354,234.65504455566406
1784890548494634752,17.058318614959717,234.4993133544922
1784890548504554752,17.068238735198975,234.34959411621094
1784890548514474752,17.078158617019653,234.18624877929688
1784890548524393472,17.088077545166016,234.0133056640625
1784890548534313728,17.097997665405273,233.8233184814453
1784890548544233472,17.107917547225952,233.61769104003906
1784890548554152704,17.117836713790894,233.40284729003906
1784890548564072704,17.127756595611572,233.1723175048828
1784890548573992704,17.13767671585083,232.92320251464844
1784890548583911680,17.147595643997192,232.6649932861328
1784890548593831424,17.15751552581787,232.42591857910156
1784890548603751680,17.16743564605713,232.2136688232422
1784890548613670656,17.17735457420349,231.99461364746094
1784890548623590656,17.18727469444275,231.76486206054688
1784890548633509632,17.19719362258911,231.49888610839844
1784890548643429632,17.20711350440979,231.2015838623047
1784890548653349632,17.217033624649048,230.87281799316406
1784890548663268608,17.22695255279541,230.5115509033203
1784890548673188608,17.236872673034668,230.1366424560547
1784890548683108608,17.246792554855347,229.7587432861328
1784890548693027840,17.256711721420288,229.39817810058594
1784890548702947584,17.266631603240967,229.047607421875
1784890548712867840,17.276551723480225,228.69297790527344
1784890548722786560,17.286470651626587,228.3411407470703
1784890548732706560,17.296390533447266,227.9904022216797
1784890548742625792,17.306309700012207,227.59767150878906
1784890548752545536,17.316229581832886,227.13832092285156
1784890548762465792,17.326149702072144,226.63365173339844
1784890548772384768,17.336068630218506,226.09275817871094
1784890548782304512,17.345988512039185,225.54017639160156
1784890548792224768,17.355908632278442,224.9872589111328
1784890548802143488,17.365827560424805,224.4468994140625
1784890548812063744,17.375747680664062,223.89553833007812
1784890548821983488,17.38566756248474,223.32684326171875
1784890548831902720,17.395586729049683,222.7184600830078
1784890548841822720,17.40550661087036,222.10208129882812
1784890548851742720,17.41542673110962,221.48228454589844
1784890548861661696,17.42534565925598,220.87149047851562
1784890548871581440,17.43526554107666,220.2861785888672
1784890548881500672,17.4451847076416,219.72723388671875
1784890548891420672,17.45510458946228,219.19134521484375
1784890548901340672,17.465024709701538,218.68707275390625
1784890548911259648,17.4749436378479,218.21243286132812
1784890548921179648,17.48486351966858,217.7559356689453
1784890548931099648,17.494783639907837,217.30343627929688
1784890548941018624,17.5047025680542,216.84373474121094
1784890548950938624,17.514622688293457,216.35861206054688
1784890548960858624,17.524542570114136,215.85203552246094
1784890548970777856,17.534461736679077,215.3419647216797
1784890548980697600,17.544381618499756,214.8462677001953
1784890548990617856,17.554301738739014,214.3812255859375
1784890549000536576,17.564220666885376,213.9832000732422
1784890549010456576,17.574140548706055,213.67349243164062
1784890549020375808,17.584059715270996,213.46856689453125
1784890549030295552,17.593979597091675,213.358642578125
1784890549040215808,17.603899717330933,213.3302459716797
1784890549050134784,17.613818645477295,213.39122009277344
1784890549060054528,17.623738527297974,213.4873504638672
1784890549069974784,17.63365864753723,213.61875915527344
1784890549079893504,17.643577575683594,213.78253173828125
1784890549089813760,17.65349769592285,213.948974609375
1784890549099733504,17.66341757774353,214.1089324951172
1784890549109652480,17.673336505889893,214.2602081298828
1784890549119572736,17.68325662612915,214.38442993164062
1784890549129491456,17.693175554275513,214.45350646972656
1784890549139411712,17.70309567451477,214.51089477539062
1784890549149331456,17.71301555633545,214.57937622070312
1784890549159250688,17.72293472290039,214.63568115234375
1784890549169170688,17.73285460472107,214.69566345214844
1784890549179090432,17.742774486541748,214.46275329589844
1784890549189009408,17.75269341468811,214.7915802001953
1784890549198929664,17.762613534927368,215.18421936035156
1784890549208849408,17.772533416748047,215.60047912597656
1784890549218768640,17.78245258331299,216.03884887695312
1784890549228688384,17.792372465133667,216.4923095703125
1784890549238608640,17.802292585372925,216.95484924316406
1784890549248527616,17.812211513519287,217.24819946289062
1784890549258447360,17.822131395339966,217.9043426513672
1784890549268366592,17.832050561904907,218.5972137451172
1784890549278286336,17.841970443725586,219.34603881835938
1784890549288206592,17.851890563964844,220.1737060546875
1784890549298125568,17.861809492111206,221.06771850585938
1784890549308045568,17.871729612350464,222.05628967285156
1784890549317965568,17.881649494171143,223.10897827148438
1784890549327884544,17.891568422317505,224.1624755859375
1784890549337804544,17.901488542556763,225.23873901367188
1784890549347724544,17.91140842437744,226.36277770996094
1784890549357643520,17.921327590942383,227.54730224609375
1784890549367563520,17.93124747276306,228.7643280029297
1784890549377482496,17.941166400909424,229.995361328125
1784890549387402496,17.95108652114868,231.2036590576172
1784890549397322496,17.96100640296936,232.3633575439453
1784890549407241472,17.9709255695343,233.59669494628906
1784890549417161472,17.98084545135498,234.75462341308594
1784890549427081472,17.99076557159424,235.8282012939453
1784890549437000448,18.0006844997406,236.8989715576172
1784890549446920448,18.01060438156128,237.9449005126953
1784890549456840448,18.020524501800537,238.8825225830078
1784890549466759424,18.0304434299469,239.75184631347656
1784890549476679680,18.040363550186157,240.4945831298828
1784890549486599424,18.050283432006836,241.0956268310547
1784890549496518656,18.060202598571777,241.61854553222656
1784890549506438400,18.070122480392456,242.07444763183594
1784890549516357376,18.08004140853882,242.5178985595703
1784890549526277632,18.089961528778076,242.83250427246094
1784890549536197376,18.099881410598755,242.92015075683594
1784890549546116608,18.109800577163696,242.85446166992188
1784890549556036352,18.119720458984375,242.6517791748047
1784890549565956608,18.129640579223633,242.27284240722656
1784890549575875584,18.139559507369995,241.8573455810547
1784890549585795328,18.149479389190674,241.48802185058594
1784890549595715584,18.15939950942993,240.9989013671875
1784890549605634560,18.169318437576294,240.4520721435547
1784890549615554560,18.17923855781555,239.7406463623047
1784890549625474560,18.18915843963623,238.7636260986328
1784890549635393536,18.199077606201172,237.40292358398438
1784890549645313536,18.20899748802185,235.7438507080078
1784890549655232512,18.218916416168213,233.94932556152344
1784890549665152512,18.22883653640747,232.27696228027344
1784890549675072512,18.23875641822815,230.5916290283203
1784890549684991488,18.24867558479309,228.91757202148438
1784890549694911488,18.25859546661377,227.4357147216797
1784890549704831488,18.268515586853027,225.7017364501953
1784890549714750464,18.27843451499939,223.80609130859375
1784890549724670464,18.28835439682007,222.46372985839844
1784890549734590464,18.298274517059326,220.95449829101562
1784890549744509440,18.30819344520569,219.40109252929688
1784890549754429696,18.318113565444946,218.0663604736328
1784890549764349440,18.328033447265625,216.84716796875
1784890549774268672,18.337952613830566,215.95709228515625
1784890549784188416,18.347872495651245,215.2523651123047
1784890549794107392,18.357791423797607,214.33041381835938
1784890549804027648,18.367711544036865,213.08815002441406
1784890549813947392,18.377631425857544,210.85850524902344
1784890549823866624,18.387550592422485,208.6546630859375
1784890549833786368,18.397470474243164,206.18353271484375
1784890549843706624,18.407390594482422,203.44711303710938
1784890549853625600,18.417309522628784,200.46209716796875
1784890549863545344,18.427229404449463,196.7820587158203
1784890549873465600,18.43714952468872,192.90660095214844
1784890549883384576,18.447068452835083,188.81588745117188
1784890549893304576,18.45698857307434,184.30258178710938
1784890549903224576,18.46690845489502,179.93849182128906
1784890549913143296,18.476827383041382,175.54864501953125
1784890549923063552,18.48674750328064,170.8860626220703
1784890549932982528,18.496666431427002,166.85256958007812
1784890549942902528,18.50658655166626,163.6763153076172
1784890549952822528,18.51650643348694,161.02932739257812
1784890549962741504,18.52642560005188,159.5227813720703
1784890549972661504,18.53634548187256,159.2731170654297
1784890549982581504,18.546265602111816,160.0300750732422
1784890549992500480,18.55618453025818,161.8189239501953
1784890550002420480,18.566104412078857,164.8375244140625
1784890550012340480,18.576024532318115,168.4722900390625
1784890550022259456,18.585943460464478,172.8200225830078
1784890550032179712,18.595863580703735,177.70693969726562
1784890550042099456,18.605783462524414,183.25526428222656
1784890550052018432,18.615702390670776,189.52569580078125
1784890550061938432,18.625622510910034,196.03688049316406
1784890550071857408,18.635541439056396,202.96249389648438
1784890550081777664,18.645461559295654,209.8902130126953
1784890550091697408,18.655381441116333,216.16497802734375
1784890550101616640,18.665300607681274,222.13450622558594
1784890550111536384,18.675220489501953,227.78651428222656
1784890550121456640,18.68514060974121,233.09368896484375
1784890550131375616,18.695059537887573,238.28611755371094
1784890550141295360,18.704979419708252,243.1370849609375
1784890550151215616,18.71489953994751,247.4137420654297
1784890550161134592,18.724818468093872,251.1829071044922
1784890550171054592,18.73473858833313,254.36695861816406
1784890550180975104,18.744659185409546,257.0882263183594
1784890550190894336,18.754578351974487,259.6227111816406
1784890550200814336,18.764498233795166,261.8530578613281
1784890550210734336,18.774418354034424,263.87420654296875
1784890550220653312,18.784337282180786,265.1802673339844
1784890550230573056,18.794257164001465,265.7694396972656
1784890550240492288,18.804176330566406,265.51812744140625
1784890550250412288,18.814096212387085,264.45526123046875
1784890550260332288,18.824016332626343,263.01568603515625
1784890550270251264,18.833935260772705,261.4847106933594
1784890550280171264,18.843855142593384,259.9070739746094
1784890550290091264,18.85377526283264,258.1629333496094
1784890550300010240,18.863694190979004,256.3257751464844
1784890550309930240,18.87361431121826,254.52500915527344
1784890550319850240,18.88353419303894,252.7416534423828
1784890550329769472,18.893453359603882,250.9434356689453
1784890550339689216,18.90337324142456,249.1338348388672
1784890550349609472,18.91329336166382,247.36683654785156
1784890550359528192,18.92321228981018,245.67176818847656
1784890550369448192,18.93313217163086,244.10816955566406
1784890550379367424,18.9430513381958,242.72836303710938
1784890550389287168,18.95297122001648,241.5190887451172
1784890550399207424,18.962891340255737,240.46543884277344
1784890550409126400,18.9728102684021,239.5825958251953
1784890550419046144,18.98273015022278,238.84339904785156
1784890550428966400,18.992650270462036,238.24266052246094
1784890550438885120,19.0025691986084,237.77195739746094
1784890550448805376,19.012489318847656,237.44590759277344
1784890550458725120,19.022409200668335,237.26785278320312
1784890550468644096,19.032328128814697,237.2074432373047
1784890550478564352,19.042248249053955,237.1918182373047
1784890550488484096,19.052168130874634,237.21595764160156
1784890550498403328,19.062087297439575,237.2500457763672
1784890550508323072,19.072007179260254,237.3044891357422
1784890550518242304,19.081926345825195,237.37367248535156
1784890550528162304,19.091846227645874,237.47744750976562
1784890550538082304,19.101766347885132,237.65553283691406
1784890550548001280,19.111685276031494,237.8661651611328
1784890550557921280,19.121605157852173,238.14344787597656
1784890550567841280,19.13152527809143,238.33804321289062
1784890550577760256,19.141444206237793,238.46295166015625
1784890550587680256,19.15136432647705,238.42063903808594
1784890550597600256,19.16128420829773,238.28123474121094
1784890550607519232,19.171203136444092,238.08526611328125
1784890550617439232,19.18112325668335,237.8297882080078
1784890550627359232,19.19104313850403,237.5681915283203
1784890550637278208,19.20096230506897,237.27134704589844
1784890550647198208,19.21088218688965,237.09915161132812
1784890550657117440,19.22080135345459,236.9797821044922
1784890550667037184,19.23072123527527,236.8760528564453
1784890550676957440,19.240641355514526,236.76206970214844
1784890550686876416,19.25056028366089,236.67144775390625
1784890550696796160,19.260480165481567,236.6455078125
1784890550706716416,19.270400285720825,236.6587677001953
1784890550716635136,19.280319213867188,236.650146484375
1784890550726555392,19.290239334106445,236.60984802246094
1784890550736475136,19.300159215927124,236.5198516845703
1784890550746394112,19.310078144073486,236.39364624023438
1784890550756314368,19.319998264312744,236.105712890625
1784890550766234112,19.329918146133423,235.7930145263672
1784890550776153344,19.339837312698364,235.4383087158203
1784890550786073088,19.349757194519043,235.0712432861328
1784890550795993344,19.3596773147583,234.7135467529297
1784890550805912320,19.369596242904663,234.38072204589844
1784890550815832320,19.37951636314392,234.10418701171875
1784890550825751296,19.389435291290283,233.8470001220703
1784890550835671296,19.399355173110962,233.5747833251953
1784890550845591296,19.40927529335022,233.2438507080078
1784890550855510272,19.419194221496582,232.85427856445312
1784890550865430272,19.42911434173584,232.43576049804688
1784890550875350272,19.43903422355652,232.02786254882812
1784890550885269248,19.44895315170288,231.63050842285156
1784890550895189248,19.45887327194214,231.2631378173828
1784890550905109248,19.468793153762817,230.9047088623047
1784890550915028224,19.47871232032776,230.57337951660156
1784890550924948224,19.488632202148438,230.2565460205078
1784890550934868224,19.498552322387695,229.97671508789062
1784890550944787200,19.508471250534058,229.7033233642578
1784890550954707200,19.518391132354736,229.43502807617188
1784890550964627200,19.528311252593994,229.18211364746094
1784890550974546176,19.538230180740356,228.94442749023438
1784890550984466432,19.548150300979614,228.7251434326172
1784890550994385152,19.558069229125977,228.51658630371094
1784890551004305408,19.567989349365234,228.37294006347656
1784890551014225152,19.577909231185913,228.19276428222656
1784890551024144128,19.587828159332275,227.99034118652344
1784890551034064384,19.597748279571533,227.74781799316406
1784890551043984128,19.607668161392212,227.4814910888672
1784890551053903360,19.617587327957153,227.20248413085938
1784890551063823104,19.627507209777832,226.94081115722656
1784890551073743360,19.63742733001709,226.67372131347656
1784890551083662336,19.647346258163452,226.40370178222656
1784890551093582080,19.65726613998413,226.11868286132812
1784890551103502336,19.66718626022339,225.81838989257812
1784890551113421312,19.67710518836975,225.4832000732422
1784890551123341312,19.68702530860901,225.09918212890625
1784890551133261312,19.696945190429688,224.7018280029297
1784890551143180288,19.70686435699463,224.32977294921875
1784890551153100288,19.716784238815308,223.98606872558594
1784890551163019264,19.72670316696167,223.67335510253906
1784890551172939264,19.736623287200928,223.3564910888672
1784890551182857472,19.746541500091553,223.05506896972656
1784890551192776448,19.756460428237915,222.74093627929688
1784890551202696448,19.766380548477173,222.42535400390625
1784890551212616448,19.77630043029785,222.1039581298828
1784890551222535680,19.786219596862793,221.7752227783203
1784890551232455424,19.79613947868347,221.4327392578125
1784890551242375680,19.80605959892273,221.05982971191406
1784890551252294656,19.815978527069092,220.68838500976562
1784890551262214656,19.82589864730835,220.27952575683594
1784890551272134656,19.83581852912903,219.8284149169922
1784890551282053376,19.84573745727539,219.37200927734375
1784890551291973632,19.85565757751465,218.9071044921875
1784890551301893376,19.865577459335327,218.4187469482422
1784890551311812608,19.87549662590027,217.9281463623047
1784890551321732608,19.885416507720947,217.48049926757812
1784890551331651328,19.89533543586731,217.02685546875
1784890551341571584,19.905255556106567,216.58761596679688
1784890551351491328,19.915175437927246,216.19480895996094
1784890551361410560,19.925094604492188,215.81402587890625
1784890551371330560,19.935014486312866,215.45703125
1784890551381250560,19.944934606552124,215.13705444335938
1784890551391169536,19.954853534698486,214.86529541015625
1784890551401089792,19.964773654937744,214.64825439453125
1784890551411009536,19.974693536758423,214.47657775878906
1784890551420928512,19.984612464904785,214.3616180419922
1784890551430848512,19.994532585144043,214.31402587890625
1784890551440768512,20.00445246696472,214.31834411621094
1784890551450687744,20.014371633529663,214.38052368164062
1784890551460607488,20.024291515350342,214.42514038085938
1784890551470527744,20.0342116355896,214.48289489746094
1784890551480446464,20.044130563735962,214.57192993164062
1784890551490366464,20.05405044555664,214.7032470703125
1784890551500285696,20.063969612121582,214.797119140625
1784890551510205440,20.07388949394226,214.89144897460938
1784890551520125696,20.08380961418152,214.69937133789062
1784890551530044672,20.09372854232788,214.97421264648438
1784890551539964416,20.10364842414856,215.28543090820312
1784890551549884672,20.113568544387817,215.60914611816406
1784890551559803392,20.12348747253418,215.9574737548828
1784890551569723648,20.133407592773438,216.33706665039062
1784890551579643392,20.143327474594116,216.7413787841797
1784890551589562624,20.153246641159058,217.16944885253906
1784890551599482624,20.163166522979736,217.6572265625
1784890551609402624,20.173086643218994,218.21424865722656
1784890551619321600,20.183005571365356,218.8726043701172
1784890551629241344,20.192925453186035,219.36756896972656
1784890551639160576,20.202844619750977,220.2085723876953
1784890551649080576,20.212764501571655,221.14991760253906
1784890551659000576,20.222684621810913,222.0800018310547
1784890551668919552,20.232603549957275,223.02552795410156
1784890551678839552,20.242523431777954,224.0875701904297
1784890551688759552,20.252443552017212,225.2491912841797
1784890551698678528,20.262362480163574,226.4878692626953
1784890551708598528,20.272282600402832,227.7079620361328
1784890551718518528,20.28220248222351,228.89761352539062
1784890551728437760,20.292121648788452,230.0352020263672
1784890551738357504,20.30204153060913,231.10772705078125
1784890551748277760,20.31196165084839,232.18739318847656
1784890551758196480,20.32188057899475,233.3189239501953
1784890551768116480,20.33180046081543,234.52268981933594
1784890551778036480,20.341720581054688,235.8059844970703
1784890551787955456,20.35163950920105,237.1234893798828
1784890551797875712,20.361559629440308,238.4415740966797
1784890551807794688,20.37147855758667,239.7671661376953
1784890551817714432,20.38139843940735,241.07342529296875
1784890551827634688,20.391318559646606,242.3748321533203
1784890551837553408,20.40123748779297,243.6621856689453
1784890551847473664,20.411157608032227,244.98143005371094
1784890551857393408,20.421077489852905,246.2782440185547
1784890551867312384,20.430996417999268,247.3903350830078
1784890551877232640,20.440916538238525,248.22996520996094
1784890551887152384,20.450836420059204,248.88636779785156
1784890551897071616,20.460755586624146,249.3648223876953
1784890551906991360,20.470675468444824,249.6909942626953
1784890551916911616,20.480595588684082,249.9442596435547
1784890551926830592,20.490514516830444,250.2024688720703
1784890551936750592,20.500434637069702,250.5153045654297
1784890551946669568,20.510353565216064,250.66453552246094
1784890551956589568,20.520273447036743,250.62803649902344
1784890551966509568,20.530193567276,250.5473175048828
1784890551976428544,20.540112495422363,249.77540588378906
1784890551986348544,20.55003261566162,249.0760040283203
1784890551996268544,20.5599524974823,248.55909729003906
1784890552006187520,20.569871425628662,248.07460021972656
1784890552016107520,20.57979154586792,247.5775604248047
1784890552026027520,20.5897114276886,246.7706756591797
1784890552035946496,20.59963059425354,245.56541442871094
1784890552045866496,20.60955047607422,244.12838745117188
1784890552055786496,20.619470596313477,242.75888061523438
1784890552065705472,20.62938952445984,241.3602294921875
1784890552075625728,20.639309644699097,240.00328063964844
1784890552085545472,20.649229526519775,238.7293243408203
1784890552095464448,20.659148454666138,237.27186584472656
1784890552105384704,20.669068574905396,235.73806762695312
1784890552115303424,20.678987503051758,234.5622100830078
1784890552125223680,20.688907623291016,233.1774139404297
1784890552135143424,20.698827505111694,231.83343505859375
1784890552145062400,20.708746433258057,230.32801818847656
1784890552154982656,20.718666553497314,228.38609313964844
1784890552164902400,20.728586435317993,227.1298828125
1784890552174821632,20.738505601882935,226.1639862060547
1784890552184741376,20.748425483703613,224.9816131591797
1784890552194661632,20.75834560394287,223.1552276611328
1784890552204580608,20.768264532089233,220.63243103027344
1784890552214500352,20.778184413909912,218.09803771972656
1784890552224420608,20.78810453414917,215.38992309570312
1784890552234339584,20.798023462295532,212.5115509033203
1784890552244259584,20.80794358253479,209.2298126220703
1784890552254179584,20.81786346435547,205.6099090576172
1784890552264098304,20.82778239250183,201.40603637695312
1784890552274018560,20.83770251274109,196.63494873046875
1784890552283938304,20.847622394561768,191.14256286621094
1784890552293857536,20.85754156112671,185.7391357421875
1784890552303777536,20.867461442947388,181.4820098876953
1784890552313696512,20.87738060951233,28.1175537109375
1784890552323616512,20.887300491333008,29.295669555664062
1784890552333536512,20.897220611572266,30.471271514892578
1784890552343455488,20.907139539718628,31.17462921142578
1784890552353375488,20.917059421539307,31.561603546142578
1784890552363295488,20.926979541778564,32.082210540771484
1784890552373214464,20.936898469924927,32.59221649169922
1784890552383134720,20.946818590164185,32.8535041809082
1784890552393054464,20.956738471984863,33.10824966430664
1784890552402973440,20.966657400131226,33.37017059326172
1784890552412893440,20.976577520370483,33.841033935546875
1784890552422813440,20.986497402191162,34.22598648071289
1784890552432732672,20.996416568756104,34.57084274291992
1784890552442652416,21.006336450576782,34.880287170410156
1784890552452572672,21.01625657081604,35.11912155151367
1784890552462491392,21.026175498962402,35.23154067993164
1784890552472411392,21.03609538078308,35.119972229003906
1784890552482330624,21.046014547348022,34.79499435424805
1784890552492250368,21.0559344291687,34.37044143676758
1784890552502170624,21.06585454940796,33.976985931396484
1784890552512089600,21.07577347755432,254.3748321533203
1784890552522009600,21.08569359779358,256.8942565917969
1784890552531929600,21.095613479614258,259.4565734863281
1784890552541848320,21.10553240776062,261.8141174316406
1784890552551768576,21.115452527999878,264.11663818359375
1784890552561688320,21.125372409820557,266.3467712402344
1784890552571607552,21.135291576385498,268.3124694824219
1784890552581527552,21.145211458206177,270.041015625
1784890552591447552,21.155131578445435,271.6262512207031
1784890552601366528,21.165050506591797,273.0766296386719
1784890552611286528,21.174970388412476,274.3378601074219
1784890552621206528,21.184890508651733,275.3763122558594
1784890552631125504,21.194809436798096,275.8615417480469
1784890552641045504,21.204729557037354,275.7713928222656
1784890552650965504,21.214649438858032,275.0403747558594
1784890552660884736,21.224568605422974,273.6842956542969
1784890552670804480,21.234488487243652,271.8956604003906
1784890552680723456,21.244407415390015,269.7423095703125
1784890552690643456,21.254327535629272,267.4791259765625
1784890552700563456,21.26424741744995,265.2886047363281
1784890552710482688,21.274166584014893,263.19952392578125
1784890552720402432,21.28408646583557,261.22802734375
1784890552730322688,21.29400658607483,259.2966613769531
1784890552740241408,21.30392551422119,257.4307861328125
1784890552750161408,21.31384539604187,255.66160583496094
1784890552760081408,21.323765516281128,254.00437927246094
1784890552770000384,21.33368444442749,252.51393127441406
1784890552779920640,21.343604564666748,251.2138214111328
1784890552789840384,21.353524446487427,250.1290740966797
1784890552799759616,21.363443613052368,249.2646026611328
1784890552809679616,21.373363494873047,248.57456970214844
1784890552819599360,21.383283376693726,248.0139617919922
1784890552829518592,21.393202543258667,247.53895568847656
1784890552839438336,21.403122425079346,247.13795471191406
1784890552849358592,21.413042545318604,246.74549865722656
1784890552859277568,21.422961473464966,246.4285125732422
1784890552869197568,21.432881593704224,246.1610565185547
1784890552879116544,21.442800521850586,246.00209045410156
1784890552889036544,21.452720403671265,245.9603729248047
1784890552898956544,21.462640523910522,245.97267150878906
1784890552908875520,21.472559452056885,245.9643096923828
1784890552918795520,21.482479572296143,245.93910217285156
1784890552928715520,21.49239945411682,245.9219512939453
1784890552938634496,21.502318382263184,245.90394592285156
1784890552948554496,21.51223850250244,245.86851501464844
1784890552958474496,21.52215838432312,245.75680541992188
1784890552968393472,21.53207755088806,245.59912109375
1784890552978313472,21.54199743270874,245.35546875
1784890552988233472,21.551917552947998,245.0377655029297
1784890552998152448,21.56183648109436,244.68753051757812
1784890553008072704,21.571756601333618,244.36985778808594
1784890553017992448,21.581676483154297,244.1479034423828
1784890553027911424,21.59159541130066,243.99745178222656
1784890553037831424,21.601515531539917,243.90586853027344
1784890553047751424,21.611435413360596,243.8647918701172
1784890553057670656,21.621354579925537,243.89349365234375
1784890553067590400,21.631274461746216,243.96937561035156
1784890553077509376,21.641193389892578,244.0355682373047
1784890553087429632,21.651113510131836,244.07569885253906
1784890553097349376,21.661033391952515,244.03953552246094
1784890553107268608,21.670952558517456,243.9273223876953
1784890553117188352,21.680872440338135,243.76536560058594
1784890553127108608,21.690792560577393,243.6035919189453
1784890553137027584,21.700711488723755,243.4655303955078
1784890553146947584,21.710631608963013,243.3689727783203
1784890553156867584,21.72055149078369,243.33335876464844
1784890553166786560,21.730470418930054,243.3239288330078
1784890553176707840,21.740391731262207,243.33114624023438
1784890553186627584,21.750311613082886,243.3251495361328
1784890553196546560,21.760230541229248,243.2764434814453
1784890553206466560,21.770150661468506,243.18861389160156
1784890553216386560,21.780070543289185,243.05636596679688
1784890553226305792,21.789989709854126,242.88194274902344
1784890553236225536,21.799909591674805,242.68284606933594
1784890553246145792,21.809829711914062,242.49803161621094
1784890553256064768,21.819748640060425,242.3436737060547
1784890553265984512,21.829668521881104,242.21798706054688
1784890553275904768,21.83958864212036,242.0854034423828
1784890553285823488,21.849507570266724,241.9336395263672
1784890553295743744,21.85942769050598,241.7816619873047
1784890553305662720,21.869346618652344,241.6326141357422
1784890553315582720,21.8792667388916,241.47592163085938
1784890553325502720,21.88918662071228,241.3300018310547
1784890553335421440,21.899105548858643,241.17686462402344
1784890553345341696,21.9090256690979,241.0121307373047
1784890553355261440,21.91894555091858,240.8271942138672
1784890553365180672,21.92886471748352,240.6358184814453
1784890553375100672,21.9387845993042,240.44313049316406
1784890553385020672,21.948704719543457,240.25059509277344
1784890553394939648,21.95862364768982,240.08265686035156
1784890553404859648,21.968543529510498,239.94874572753906
1784890553414779648,21.978463649749756,239.84776306152344
1784890553424698624,21.988382577896118,239.75135803222656
1784890553434618624,21.998302698135376,239.65673828125
1784890553444538624,22.008222579956055,239.54722595214844
1784890553454457600,22.018141508102417,239.4167938232422
1784890553464377600,22.028061628341675,239.26907348632812
1784890553474297600,22.037981510162354,239.11485290527344
1784890553484216576,22.047900676727295,238.95526123046875
1784890553494136576,22.057820558547974,238.78656005859375
1784890553504055808,22.067739725112915,238.61607360839844
1784890553513975552,22.077659606933594,238.4512176513672
1784890553523895808,22.08757972717285,238.2870330810547
1784890553533814784,22.097498655319214,238.12379455566406
1784890553543734528,22.107418537139893,237.9521942138672
1784890553553654784,22.11733865737915,237.75318908691406
1784890553563573504,22.127257585525513,237.5233917236328
1784890553573493760,22.13717770576477,237.27476501464844
1784890553583413504,22.14709758758545,237.0181121826172
1784890553593332480,22.15701651573181,236.7684783935547
1784890553603252736,22.16693663597107,236.529052734375
1784890553613172480,22.176856517791748,236.29090881347656
1784890553623091712,22.18677568435669,236.0474395751953
1784890553633011456,22.196695566177368,235.79185485839844
1784890553642931712,22.206615686416626,235.522705078125
1784890553652850688,22.21653461456299,235.2472686767578
1784890553662770688,22.226454734802246,234.9709930419922
1784890553672690688,22.236374616622925,234.70924377441406
1784890553682609664,22.246293544769287,234.4619598388672
1784890553692529664,22.256213665008545,234.2361297607422
1784890553702449664,22.266133546829224,234.03167724609375
1784890553712368640,22.276052713394165,233.8245086669922
1784890553722288640,22.285972595214844,233.61244201660156
1784890553732207616,22.295891523361206,233.37806701660156
1784890553742127616,22.305811643600464,233.1075897216797
1784890553752047616,22.315731525421143,232.81631469726562
1784890553761966592,22.325650691986084,232.5174102783203
1784890553771886592,22.335570573806763,232.2340850830078
1784890553781806592,22.34549069404602,231.97531127929688
1784890553791725568,22.355409622192383,231.7347869873047
1784890553801645568,22.36532950401306,231.5018768310547
1784890553811565568,22.37524962425232,231.2858428955078
1784890553821484544,22.38516855239868,231.11326599121094
1784890553831404800,22.39508867263794,231.0091552734375
1784890553841324544,22.405008554458618,230.9368133544922
1784890553851243776,22.41492772102356,230.9103546142578
1784890553861163520,22.42484760284424,230.95217895507812
1784890553871083776,22.434767723083496,231.0055694580078
1784890553881002752,22.44468665122986,231.0635223388672
1784890553890922496,22.454606533050537,231.14218139648438
1784890553900842752,22.464526653289795,231.24671936035156
1784890553910761472,22.474445581436157,231.36363220214844
1784890553920681728,22.484365701675415,231.46446228027344
1784890553930600704,22.494284629821777,231.5526580810547
1784890553940520448,22.504204511642456,231.59808349609375
1784890553950440704,22.514124631881714,231.6153106689453
1784890553960359680,22.524043560028076,231.54869079589844
1784890553970279680,22.533963680267334,231.6653289794922
1784890553980199680,22.543883562088013,231.7849884033203
1784890553990118656,22.553802728652954,231.90577697753906
1784890554000038656,22.563722610473633,231.97901916503906
1784890554009958656,22.57364273071289,232.0353546142578
1784890554019877632,22.583561658859253,232.1953582763672
1784890554029797632,22.59348154067993,232.83926391601562
1784890554039717632,22.60340166091919,233.4221954345703
1784890554049636608,22.61332058906555,234.0227813720703
1784890554059556608,22.62324070930481,234.67945861816406
1784890554069476608,22.63316059112549,235.3832244873047
1784890554079395584,22.64307951927185,236.020751953125
1784890554089315584,22.65299963951111,236.73826599121094
1784890554099235584,22.662919521331787,237.4905548095703
1784890554109154816,22.67283868789673,238.2965087890625
1784890554119074560,22.682758569717407,239.13369750976562
1784890554128993792,22.69267773628235,239.97032165527344
1784890554138913536,22.702597618103027,240.8361358642578
1784890554148833792,22.712517738342285,241.7137908935547
1784890554158752768,22.722436666488647,242.5356903076172
1784890554168672512,22.732356548309326,243.31309509277344
1784890554178592768,22.742276668548584,244.08575439453125
1784890554188511744,22.752195835113525,244.8196563720703
1784890554198431744,22.762115716934204,245.40208435058594
1784890554208351744,22.772035837173462,245.88059997558594
1784890554218270720,22.781954765319824,246.31874084472656
1784890554228190720,22.791874647140503,246.6876983642578
1784890554238110720,22.80179476737976,246.9601287841797
1784890554248029696,22.811713695526123,247.2095489501953
1784890554257949952,22.82163381576538,247.4187469482422
1784890554267869696,22.83155369758606,247.5695343017578
1784890554277788672,22.841472625732422,247.64830017089844
1784890554287708672,22.85139274597168,247.7084503173828
1784890554297628672,22.86131262779236,247.9235076904297
1784890554307547904,22.8712317943573,248.33580017089844
1784890554317467648,22.88115167617798,248.8192901611328
1784890554327386880,22.89107084274292,249.3111114501953
1784890554337306624,22.9009907245636,249.68247985839844
1784890554347226880,22.910910844802856,249.94374084472656
1784890554357145856,22.92082977294922,249.9663543701172
1784890554367065600,22.930749654769897,249.8222198486328
1784890554376985856,22.940669775009155,249.4044647216797
1784890554386904832,22.950588703155518,248.82240295410156
1784890554396824832,22.960508823394775,248.14479064941406
1784890554406744832,22.970428705215454,247.2274627685547
1784890554416663552,22.980347633361816,246.1479949951172
1784890554426583808,22.990267753601074,245.03269958496094
1784890554436503552,23.000187635421753,243.64984130859375
1784890554446422784,23.010106801986694,242.0797576904297
1784890554456342784,23.020026683807373,240.61436462402344
1784890554466262784,23.02994680404663,239.2055206298828
1784890554476181760,23.039865732192993,237.71658325195312
1784890554486101760,23.04978585243225,235.8984832763672
1784890554496020736,23.059704780578613,234.1377716064453
1784890554505940736,23.069624662399292,233.02743530273438
1784890554515860736,23.07954478263855,232.0389404296875
1784890554525779712,23.089463710784912,231.02157592773438
1784890554535699968,23.09938383102417,230.35415649414062
1784890554545619712,23.10930371284485,229.59996032714844
1784890554555538688,23.11922264099121,228.61997985839844
1784890554565458688,23.12914276123047,227.0691680908203
1784890554575378688,23.139062643051147,225.0195770263672
1784890554585297920,23.14898180961609,222.56431579589844
1784890554595217664,23.158901691436768,219.79798889160156
1784890554605137920,23.168821811676025,216.50047302246094
1784890554615056640,23.178740739822388,212.4034881591797
1784890554624976896,23.188660860061646,207.6493682861328
1784890554634896640,23.198580741882324,202.31871032714844
1784890554644815616,23.208499670028687,196.49163818359375
1784890554654735872,23.218419790267944,190.6662139892578
1784890554664655616,23.228339672088623,185.01502990722656
1784890554674574848,23.238258838653564,180.05697631835938
1784890554684494848,23.248178720474243,175.91273498535156
1784890554694414848,23.2580988407135,172.419189453125
1784890554704333824,23.268017768859863,170.03707885742188
1784890554714253568,23.277937650680542,168.6138153076172
1784890554724172800,23.287856817245483,29.958641052246094
1784890554734092800,23.297776699066162,30.992233276367188
1784890554744012800,23.30769681930542,31.842411041259766
1784890554753931776,23.317615747451782,32.66070556640625
1784890554763851520,23.32753562927246,33.26340103149414
1784890554773771776,23.33745574951172,33.55952072143555
1784890554783690752,23.34737467765808,33.6856575012207
1784890554793610752,23.35729479789734,33.75617599487305
1784890554803530752,23.367214679718018,33.6695556640625
1784890554813449984,23.37713384628296,33.52542495727539
1784890554823369728,23.387053728103638,33.199771881103516
1784890554833289984,23.396973848342896,32.85569763183594
1784890554843208704,23.406892776489258,32.46062469482422
1784890554853128704,23.416812658309937,234.5001983642578
1784890554863048704,23.426732778549194,239.88352966308594
1784890554872967680,23.436651706695557,245.1765594482422
1784890554882887936,23.446571826934814,250.20753479003906
1784890554892806656,23.456490755081177,254.63987731933594
1784890554902726656,23.466410636901855,258.59454345703125
1784890554912646656,23.476330757141113,262.29345703125
1784890554922565632,23.486249685287476,266.2269592285156
1784890554932485888,23.496169805526733,269.63092041015625
1784890554942405632,23.506089687347412,272.6918640136719
1784890554952324864,23.516008853912354,275.3855285644531
1784890554962244864,23.525928735733032,277.4927978515625
1784890554972164864,23.53584885597229,278.9013366699219
1784890554982083840,23.545767784118652,279.9801025390625
1784890554992003584,23.55568766593933,280.6870422363281
1784890555001923840,23.56560778617859,281.3260192871094
1784890555011842816,23.57552671432495,281.79962158203125
1784890555021762816,23.58544683456421,282.0230712890625
1784890555031682816,23.595366716384888,281.8334045410156
1784890555041601536,23.60528564453125,281.0470275878906
1784890555051521792,23.615205764770508,279.6903381347656
1784890555061441536,23.625125646591187,277.77862548828125
1784890555071360768,23.635044813156128,275.57318115234375
1784890555081280768,23.644964694976807,273.2375793457031
1784890555091200000,23.654883861541748,270.8932189941406
1784890555101119744,23.664803743362427,268.6108093261719
1784890555111040000,23.674723863601685,266.43408203125
1784890555120958720,23.684642791748047,264.4288635253906
1784890555130878720,23.694562673568726,262.6102600097656
1784890555140798720,23.704482793807983,261.0165710449219
1784890555150717696,23.714401721954346,259.60321044921875
1784890555160637952,23.724321842193604,258.3535461425781
1784890555170557696,23.734241724014282,257.25457763671875
1784890555180476416,23.744160413742065,256.2986145019531
1784890555190396672,23.754080533981323,255.44642639160156
1784890555200316416,23.764000415802002,254.63658142089844
1784890555210235648,23.773919582366943,253.87940979003906
1784890555220155392,23.783839464187622,253.2397918701172
1784890555230075648,23.79375958442688,252.79469299316406
1784890555239994624,23.803678512573242,252.53672790527344
1784890555249914368,23.81359839439392,252.46937561035156
1784890555259833600,23.823517560958862,252.50892639160156
1784890555269753344,23.83343744277954,252.61842346191406
1784890555279673600,23.8433575630188,252.72511291503906
1784890555289592576,23.85327649116516,252.8134307861328
1784890555299512576,23.86319661140442,252.8775177001953
1784890555309432576,23.873116493225098,252.93055725097656
1784890555319351552,23.88303542137146,253.00843811035156
1784890555329271552,23.892955541610718,253.0622100830078
1784890555339191552,23.902875423431396,253.1049346923828
1784890555349110528,23.912794589996338,253.08949279785156
1784890555359030528,23.922714471817017,253.05799865722656
1784890555368950528,23.932634592056274,252.96189880371094
1784890555378869504,23.942553520202637,252.7556610107422
1784890555388789504,23.952473402023315,252.44798278808594
1784890555398709504,23.962393522262573,252.1122589111328
1784890555408628480,23.972312450408936,251.8296356201172
1784890555418548480,23.982232570648193,251.5674285888672
1784890555428468480,23.992152452468872,251.3336944580078
1784890555438387456,24.002071380615234,251.1540985107422
1784890555448307456,24.011991500854492,251.0100860595703
1784890555458226432,24.021910429000854,250.9823455810547
1784890555468146688,24.031830549240112,251.04823303222656
1784890555478066432,24.04175043106079,251.1483612060547
1784890555487985664,24.051669597625732,251.28297424316406
1784890555497905408,24.06158947944641,251.4084930419922
1784890555507825664,24.07150959968567,251.52052307128906
1784890555517744640,24.08142852783203,251.60072326660156
1784890555527664384,24.09134840965271,251.6645050048828
1784890555537584640,24.101268529891968,251.68739318847656
1784890555547503360,24.11118745803833,251.71434020996094
1784890555557423616,24.121107578277588,251.7608184814453
1784890555567343360,24.131027460098267,251.8297882080078
1784890555577262336,24.14094638824463,251.88551330566406
1784890555587182592,24.150866508483887,251.9145050048828
1784890555597102336,24.160786390304565,251.92420959472656
1784890555607021568,24.170705556869507,251.9451141357422
1784890555616941568,24.180625438690186,251.9436492919922
1784890555626860544,24.190544605255127,251.8728790283203
1784890555636780544,24.200464487075806,251.7517852783203
1784890555646700544,24.210384607315063,251.5715789794922
1784890555656619520,24.220303535461426,251.3358917236328
1784890555666539520,24.230223417282104,251.1183624267578
1784890555676459520,24.240143537521362,250.9486541748047
1784890555686378496,24.250062465667725,250.81236267089844
1784890555696298496,24.259982585906982,250.6896514892578
1784890555706218496,24.26990246772766,250.57444763183594
1784890555716137472,24.279821395874023,250.45420837402344
1784890555726057472,24.28974151611328,250.32957458496094
1784890555735977472,24.29966139793396,250.21107482910156
1784890555745896704,24.3095805644989,250.10130310058594
1784890555755816448,24.31950044631958,249.9872589111328
1784890555765736704,24.329420566558838,249.85731506347656
1784890555775655424,24.3393394947052,249.73377990722656
1784890555785575424,24.34925937652588,249.6323699951172
1784890555795495424,24.359179496765137,249.52931213378906
1784890555805414400,24.3690984249115,249.43202209472656
1784890555815334656,24.379018545150757,249.3225860595703
1784890555825253376,24.38893747329712,249.21986389160156
1784890555835173632,24.398857593536377,249.1234893798828
1784890555845093376,24.408777475357056,249.05152893066406
1784890555855012352,24.418696403503418,248.99867248535156
1784890555864932608,24.428616523742676,248.9396514892578
1784890555874852352,24.438536405563354,248.8848114013672
1784890555884771584,24.448455572128296,248.83375549316406
1784890555894691584,24.458375453948975,248.7783966064453
1784890555904611584,24.468295574188232,248.69325256347656
1784890555914530560,24.478214502334595,248.59059143066406
1784890555924450304,24.488134384155273,248.48204040527344
1784890555934370560,24.49805450439453,248.3815460205078
1784890555944289536,24.507973432540894,248.2896270751953
1784890555954209536,24.51789355278015,248.1853790283203
1784890555964129536,24.52781343460083,248.0858917236328
1784890555974048512,24.53773260116577,247.9726104736328
1784890555983968512,24.54765248298645,247.84788513183594
1784890555993887488,24.557571411132812,247.7212677001953
1784890556003807488,24.56749153137207,247.59071350097656
1784890556013727488,24.57741141319275,247.46055603027344
1784890556023646720,24.58733057975769,247.3147735595703
1784890556033566464,24.59725046157837,247.16835021972656
1784890556043486720,24.607170581817627,247.02272033691406
1784890556053405440,24.61708950996399,246.86058044433594
1784890556063325440,24.627009391784668,246.6785430908203
1784890556073245440,24.636929512023926,246.49098205566406
1784890556083164416,24.646848440170288,246.30491638183594
1784890556093084672,24.656768560409546,246.12498474121094
1784890556103004416,24.666688442230225,245.93434143066406
1784890556112923648,24.676607608795166,245.7362518310547
1784890556122843392,24.686527490615845,245.54296875
1784890556132763648,24.696447610855103,245.35421752929688
1784890556142682624,24.706366539001465,245.1726531982422
1784890556152602368,24.716286420822144,244.99838256835938
1784890556162522624,24.7262065410614,244.83262634277344
1784890556172441600,24.736125469207764,244.66319274902344
1784890556182361856,24.7460458278656,244.49533081054688
1784890556192280832,24.755964756011963,244.33001708984375
1784890556202200576,24.76588463783264,244.17001342773438
1784890556212120832,24.7758047580719,244.00445556640625
1784890556222039808,24.78572368621826,243.82693481445312
1784890556231959808,24.79564380645752,243.63455200195312
1784890556241879808,24.8055636882782,243.43923950195312
1784890556251798784,24.81548285484314,243.24278259277344
1784890556261718784,24.82540273666382,243.04627990722656
1784890556271638784,24.835322856903076,242.85374450683594
1784890556281557760,24.84524178504944,242.67262268066406
1784890556291477760,24.855161666870117,242.5069122314453
1784890556301397760,24.865081787109375,242.3437957763672
1784890556311316736,24.875000715255737,242.17723083496094
1784890556321236736,24.884920835494995,242.0026397705078
1784890556331155712,24.894839763641357,241.82688903808594
1784890556341075712,24.904759645462036,241.69004821777344
1784890556350995712,24.914679765701294,241.5878448486328
1784890556360914688,24.924598693847656,241.5079803466797
1784890556370834944,24.934518814086914,241.42941284179688
1784890556380754688,24.944438695907593,241.34986877441406
1784890556390673920,24.954357862472534,241.24583435058594
1784890556400593664,24.964277744293213,241.11448669433594
1784890556410513664,24.97419762611389,240.9577178955078
1784890556420432896,24.984116792678833,240.77809143066406
1784890556430352640,24.99403667449951,240.58560180664062
1784890556440272896,25.00395679473877,240.3735809326172
1784890556450191616,25.013875722885132,240.1378936767578
1784890556460111872,25.02379584312439,239.8782196044922
1784890556470031616,25.03371572494507,239.59852600097656
1784890556479950592,25.04363465309143,239.30421447753906
1784890556489870848,25.05355477333069,238.98126220703125
1784890556499790592,25.063474655151367,238.64512634277344
1784890556509709824,25.07339382171631,238.30868530273438
1784890556519629824,25.083313703536987,237.9718017578125
1784890556529548544,25.09323263168335,237.6424102783203
1784890556539468800,25.103152751922607,237.3053741455078
1784890556549388544,25.113072633743286,236.97413635253906
1784890556559307776,25.122991800308228,236.6492919921875
1784890556569227776,25.132911682128906,236.3173828125
1784890556579147776,25.142831802368164,235.96580505371094
1784890556589066752,25.152750730514526,235.6172332763672
1784890556598986752,25.162670850753784,235.28500366210938
1784890556608906752,25.172590732574463,234.97140502929688
1784890556618825728,25.182509660720825,234.6740264892578
1784890556628745728,25.192429780960083,234.3647918701172
1784890556638665728,25.20234966278076,234.02561950683594
1784890556648584960,25.212268829345703,233.6262969970703
1784890556658504704,25.222188711166382,233.1796417236328
1784890556668424960,25.23210883140564,232.72799682617188
1784890556678343680,25.242027759552002,232.25375366210938
1784890556688263680,25.25194764137268,231.75071716308594
1784890556698182912,25.261866807937622,231.2040557861328
1784890556708102656,25.2717866897583,230.6428985595703
1784890556718022912,25.28170680999756,230.0946807861328
1784890556727941632,25.29162573814392,229.56814575195312
1784890556737861888,25.30154585838318,229.05596923828125
1784890556747781632,25.311465740203857,228.52980041503906
1784890556757700608,25.32138466835022,227.70559692382812
1784890556767620864,25.331304788589478,227.2023468017578
1784890556777540608,25.341224670410156,226.6885528564453
1784890556787459840,25.351143836975098,226.1681365966797
1784890556797379840,25.361063718795776,225.66551208496094
1784890556807299840,25.370983839035034,225.14356994628906
1784890556817218816,25.380902767181396,224.5921630859375
1784890556827138560,25.390822649002075,224.00709533691406
1784890556837058816,25.400742769241333,223.3416290283203
1784890556846977792,25.410661697387695,222.58123779296875
1784890556856897792,25.420581817626953,221.75515747070312
1784890556866816768,25.430500745773315,220.8643341064453
1784890556876736768,25.440420627593994,219.4435577392578
1784890556886656768,25.450340747833252,218.44244384765625
1784890556896575744,25.460259675979614,217.3902130126953
1784890556906495744,25.470179796218872,216.42601013183594
1784890556916415744,25.48009967803955,215.49783325195312
1784890556926334976,25.490018844604492,214.6536865234375
1784890556936254720,25.49993872642517,213.79269409179688
1784890556946174976,25.50985884666443,212.91705322265625
1784890556956093696,25.51977777481079,212.05015563964844
1784890556966013696,25.52969765663147,211.1980438232422
1784890556975933696,25.539617776870728,210.51150512695312
1784890556985852672,25.54953670501709,209.9912567138672
1784890556995772928,25.559456825256348,209.30035400390625
1784890557005691648,25.56937575340271,208.68911743164062
1784890557015611648,25.57929563522339,207.9918212890625
1784890557025531648,25.589215755462646,207.11367797851562
1784890557035450624,25.59913468360901,206.20994567871094
1784890557045370880,25.609054803848267,205.3865966796875
1784890557055290624,25.618974685668945,204.59475708007812
1784890557065209856,25.628893852233887,203.7830352783203
1784890557075129856,25.638813734054565,203.0447540283203
1784890557085049856,25.648733854293823,202.4239959716797
1784890557094968832,25.658652782440186,201.87913513183594
1784890557104888576,25.668572664260864,201.32102966308594
1784890557114808832,25.678492784500122,200.7507781982422
1784890557124727808,25.688411712646484,200.2721710205078
1784890557134647808,25.698331832885742,199.9287567138672
1784890557144567808,25.70825171470642,199.65643310546875
1784890557154486784,25.718170642852783,199.41156005859375
1784890557164406784,25.72809076309204,199.11375427246094
1784890557174325760,25.738009691238403,198.76390075683594
1784890557184245248,25.747929334640503,198.3944854736328
1784890557194165504,25.75784945487976,198.02682495117188
1784890557204084480,25.767768383026123,197.7119140625
1784890557214004224,25.7776882648468,197.46868896484375
1784890557223924480,25.78760838508606,197.2937774658203
1784890557233843200,25.797527313232422,197.18411254882812
1784890557243763456,25.80744743347168,197.0963897705078
1784890557253683456,25.81736731529236,196.99844360351562
1784890557263602432,25.8272864818573,196.94871520996094
1784890557273522432,25.83720636367798,196.93055725097656
1784890557283442432,25.847126483917236,196.93043518066406
1784890557293361408,25.8570454120636,196.95619201660156
1784890557303281408,25.866965293884277,197.0166778564453
1784890557313200384,25.87688446044922,197.5074005126953
1784890557323120384,25.886804342269897,197.50784301757812
1784890557333040384,25.896724462509155,197.53855895996094
1784890557342959360,25.906643390655518,197.55601501464844
1784890557352879360,25.916563272476196,197.5840301513672
1784890557362799360,25.926483392715454,197.60726928710938
1784890557372718336,25.936402320861816,197.6562957763672
1784890557382638336,25.946322441101074,197.7660675048828
1784890557392558336,25.956242322921753,197.9149627685547
1784890557402477312,25.966161251068115,198.12889099121094
1784890557412397312,25.976081371307373,198.43162536621094
1784890557422317312,25.98600125312805,199.1051025390625
1784890557432236544,25.995920419692993,199.58616638183594
1784890557442156288,26.005840301513672,200.15223693847656
1784890557452075520,26.015759468078613,200.8067626953125
1784890557461995264,26.025679349899292,201.53614807128906
1784890557471915520,26.03559947013855,202.38414001464844
1784890557481834496,26.045518398284912,203.3494873046875
1784890557491754240,26.05543828010559,204.4386749267578
1784890557501674496,26.06535840034485,205.6668243408203
1784890557511593216,26.07527732849121,207.0334930419922
1784890557521513472,26.08519744873047,208.50430297851562
1784890557531433216,26.095117330551147,210.1001739501953
1784890557541352192,26.10503625869751,211.73513793945312
1784890557551272448,26.114956378936768,213.36669921875
1784890557561191424,26.12487530708313,214.96189880371094
1784890557571111424,26.134795427322388,216.52662658691406
1784890557581031424,26.144715309143066,218.0397491455078
1784890557590950400,26.154634475708008,219.44981384277344
1784890557600870400,26.164554357528687,220.939208984375
1784890557610790400,26.174474477767944,222.39968872070312
1784890557620709376,26.184393405914307,223.7428741455078
1784890557630629376,26.194313287734985,225.11802673339844
1784890557640549376,26.204233407974243,226.5483856201172
1784890557650468352,26.214152336120605,227.90281677246094
1784890557660388352,26.224072456359863,229.05702209472656
1784890557670308352,26.233992338180542,230.08599853515625
1784890557680227328,26.243911266326904,231.00657653808594
1784890557690147328,26.253831386566162,231.9136505126953
1784890557700066304,26.263750314712524,232.69252014160156
1784890557709986560,26.273670434951782,233.15692138671875
1784890557719906304,26.28359031677246,233.46275329589844
1784890557729825536,26.293509483337402,233.2194061279297
1784890557739745280,26.30342936515808,232.36851501464844
1784890557749665536,26.31334948539734,231.2476348876953
1784890557759584512,26.3232684135437,229.77146911621094
1784890557769504256,26.33318829536438,227.8303680419922
1784890557779424512,26.343108415603638,225.50575256347656
1784890557789343232,26.35302734375,222.81614685058594
1784890557799263488,26.362947463989258,219.96775817871094
1784890557809183232,26.372867345809937,216.5611572265625
1784890557819102208,26.3827862739563,213.05715942382812
1784890557829022464,26.392706394195557,209.3175811767578
1784890557838942208,26.402626276016235,205.34518432617188
1784890557848861440,26.412545442581177,201.07583618164062
1784890557858781440,26.422465324401855,196.55250549316406
1784890557868700160,26.432384252548218,191.7587432861328
1784890557878620416,26.442304372787476,186.70108032226562
1784890557888540160,26.452224254608154,181.44517517089844
1784890557898459392,26.462143421173096,176.06129455566406
1784890557908379392,26.472063302993774,170.61578369140625
1784890557918299392,26.481983423233032,165.13458251953125
1784890557928218368,26.491902351379395,159.5946502685547
1784890557938138368,26.501822471618652,154.02838134765625
1784890557948058368,26.51174235343933,148.49951171875
1784890557957977344,26.521661281585693,143.06065368652344
1784890557967897344,26.53158140182495,137.76934814453125
1784890557977816320,26.541500329971313,132.5775909423828
1784890557987736576,26.55142045021057,127.35791778564453
1784890557997656320,26.56134033203125,121.9338607788086
1784890558007575296,26.571259260177612,116.16976165771484
1784890558017495296,26.58117938041687,110.0474853515625
1784890558027415296,26.59109926223755,103.64952087402344
1784890558037334528,26.60101842880249,97.11984252929688
1784890558047254272,26.61093831062317,90.55526733398438
1784890558057174528,26.620858430862427,83.93550109863281
1784890558067093248,26.63077735900879,77.12644958496094
1784890558077013504,26.640697479248047,69.94658660888672
1784890558086933248,26.650617361068726,62.34455108642578
1784890558096852224,26.660536289215088,53.62040710449219
1784890558106772480,26.670456409454346,43.575531005859375
1784890558116691456,26.680375337600708,39.95297622680664
1784890558126611456,26.690295457839966,35.54204177856445
1784890558136531456,26.700215339660645,33.558624267578125
1784890558146450176,26.710134267807007,32.546775817871094
1784890558156370432,26.720054388046265,30.8880615234375
1784890558166290176,26.729974269866943,28.841129302978516
1784890558176209408,26.739893436431885,25.44666290283203
1784890558186129920,26.7498140335083,21.268192291259766
1784890558196050176,26.75973415374756,18.785858154296875
1784890558205969152,26.76965308189392,17.455657958984375
1784890558215888896,26.7795729637146,16.893104553222656
1784890558225809152,26.789493083953857,17.43161392211914
1784890558235728128,26.79941201210022,17.25118637084961
1784890558245648128,26.809332132339478,16.046127319335938
1784890558255567104,26.81925106048584,15.276000022888184
1784890558265486848,26.82917094230652,14.73659610748291
1784890558275407104,26.839091062545776,14.42834186553955
1784890558285326080,26.84900999069214,14.38198184967041
1784890558295246080,26.858930110931396,14.554974555969238
1784890558305166080,26.868849992752075,15.003951072692871
1784890558315085056,26.878768920898438,15.9173002243042
1784890558325005056,26.888689041137695,17.137001037597656
1784890558334925056,26.898608922958374,18.371994018554688
1784890558344844032,26.908528089523315,20.29320526123047
1784890558354764032,26.918447971343994,23.125568389892578
1784890558364683264,26.928367137908936,25.79367446899414
1784890558374603008,26.938287019729614,28.164012908935547
1784890558384523264,26.948207139968872,30.025665283203125
1784890558394441984,26.958126068115234,31.726795196533203
1784890558404361984,26.968045949935913,33.7130241394043
1784890558414281984,26.97796607017517,34.87931823730469
1784890558424200960,26.987884998321533,36.06151580810547
1784890558434121216,26.99780511856079,37.903480529785156
1784890558444040960,27.00772500038147,39.55965042114258
1784890558453959936,27.017643928527832,41.13848114013672
1784890558463879936,27.02756404876709,42.64773178100586
1784890558473798912,27.037482976913452,43.77659225463867
1784890558483719168,27.04740309715271,44.453590393066406
1784890558493638912,27.05732297897339,44.90681076049805
1784890558503558144,27.06724214553833,45.51325988769531
1784890558513478144,27.07716202735901,45.89480972290039
1784890558523398144,27.087082147598267,46.41716384887695
1784890558533317120,27.09700107574463,47.43159103393555
1784890558543236864,27.106920957565308,48.052005767822266
1784890558553157120,27.116841077804565,48.812442779541016
1784890558563076096,27.126760005950928,49.638179779052734
1784890558572996096,27.136680126190186,50.14276123046875
1784890558582916096,27.146600008010864,50.39285659790039
1784890558592835072,27.156518936157227,50.884765625
1784890558602755072,27.166439056396484,50.980865478515625
1784890558612674048,27.176357984542847,51.199180603027344
1784890558622594048,27.186278104782104,51.44353485107422
1784890558632514048,27.196197986602783,51.70307540893555
1784890558642433280,27.206117153167725,52.1096076965332
1784890558652353024,27.216037034988403,52.432586669921875
1784890558662273280,27.22595715522766,52.55414581298828
1784890558672192000,27.235876083374023,52.808509826660156
1784890558682112000,27.245795965194702,52.962459564208984
1784890558692032000,27.25571608543396,53.08968734741211
1784890558701950976,27.265635013580322,53.31965255737305
1784890558711871232,27.27555513381958,53.53465270996094
1784890558721789952,27.285474061965942,53.507057189941406
1784890558731709952,27.29539394378662,53.6695556640625
1784890558741629952,27.30531406402588,53.72850799560547
1784890558751548928,27.31523299217224,53.73563003540039
1784890558761469184,27.3251531124115,53.80617904663086
1784890558771388928,27.335072994232178,53.8072395324707
1784890558781307904,27.34499192237854,53.82210922241211
1784890558791228160,27.354912042617798,53.85198974609375
1784890558801147904,27.364831924438477,53.89849853515625
1784890558811067136,27.374751091003418,53.94459533691406
1784890558820986880,27.384670972824097,53.920013427734375
1784890558830906112,27.394590139389038,53.866111755371094
1784890558840826112,27.404510021209717,53.82207489013672
1784890558850746112,27.414430141448975,53.757999420166016
1784890558860665088,27.424349069595337,53.71332550048828
1784890558870585088,27.434268951416016,53.65449523925781
1784890558880505088,27.444189071655273,53.588138580322266
1784890558890424064,27.454107999801636,53.53793716430664
1784890558900344064,27.464028120040894,53.51949691772461
1784890558910264064,27.473948001861572,53.50138473510742
1784890558920183040,27.483866930007935,53.50620651245117
1784890558930103040,27.493787050247192,53.51194763183594
1784890558940023040,27.50370693206787,53.481834411621094
1784890558949942016,27.513626098632812,53.431209564208984
1784890558959862016,27.52354598045349,53.388362884521484
1784890558969781248,27.533465147018433,53.327938079833984
1784890558979700992,27.54338502883911,53.26295471191406
1784890558989621248,27.55330514907837,53.17518615722656
1784890558999539968,27.56322407722473,53.10495376586914
1784890559009459968,27.57314395904541,53.043479919433594
1784890559019379968,27.583064079284668,53.038055419921875
1784890559029298944,27.59298300743103,52.98358154296875
1784890559039219200,27.602903127670288,52.961307525634766
1784890559049138944,27.612823009490967,52.98499298095703
1784890559059057920,27.62274193763733,52.998870849609375
1784890559068978176,27.632662057876587,52.97774124145508
1784890559078896896,27.64258098602295,52.94975662231445
1784890559088817152,27.652501106262207,52.92108154296875
1784890559098736896,27.662420988082886,52.842159271240234
1784890559108656128,27.672340154647827,52.75879669189453
1784890559118576128,27.682260036468506,52.70703887939453
1784890559128495872,27.692179918289185,52.630149841308594
1784890559138415104,27.702099084854126,52.50848388671875
1784890559148335104,27.712018966674805,52.38795852661133
1784890559158254080,27.721938133239746,52.29661178588867
1784890559168174080,27.731858015060425,52.21406936645508
1784890559178094080,27.741778135299683,52.11579895019531
1784890559188012544,27.751696586608887,52.01244354248047
1784890559197932800,27.761616706848145,51.8779411315918
1784890559207852544,27.771536588668823,51.74568176269531
1784890559217771520,27.781455516815186,51.60332107543945
1784890559227691776,27.791375637054443,51.48162078857422
1784890559237611520,27.801295518875122,51.334716796875
1784890559247530752,27.811214685440063,51.14020538330078
1784890559257450496,27.821134567260742,50.9344482421875
1784890559267370752,27.8310546875,50.73463821411133
1784890559277289728,27.840973615646362,50.535911560058594
1784890559287209728,27.85089373588562,50.284610748291016
1784890559297128704,27.860812664031982,50.04276657104492
1784890559307048448,27.87073254585266,49.8262825012207
1784890559316968704,27.88065266609192,49.603511810302734
1784890559326887680,27.89057159423828,49.395748138427734
1784890559336807680,27.90049171447754,49.172149658203125
1784890559346727680,27.910411596298218,48.92451477050781
1784890559356646656,27.92033052444458,48.64927291870117
1784890559366566656,27.930250644683838,48.40884017944336
1784890559376485632,27.9401695728302,48.153343200683594
1784890559386405632,27.950089693069458,47.92878341674805
1784890559396325632,27.960009574890137,47.7091178894043
1784890559406244608,27.9699285030365,47.483829498291016
1784890559416164608,27.979848623275757,47.219078063964844
1784890559426084608,27.989768505096436,46.9342155456543
1784890559436003584,27.999687671661377,46.60498046875
1784890559445923584,28.009607553482056,46.292476654052734
1784890559455843584,28.019527673721313,46.04088592529297
1784890559465762560,28.029446601867676,45.76804733276367
1784890559475682816,28.039366722106934,45.48141860961914
1784890559485601536,28.049285650253296,45.249752044677734
1784890559495521536,28.059205532073975,45.03157043457031
1784890559505441792,28.069125652313232,44.46089172363281
1784890559515360512,28.079044580459595,44.415550231933594
1784890559525280768,28.088964700698853,44.32241439819336
1784890559535200512,28.09888458251953,44.22181701660156
1784890559545119488,28.108803510665894,44.11811828613281
1784890559555039744,28.11872363090515,44.006866455078125
1784890559564959488,28.12864351272583,43.889015197753906
1784890559574878720,28.13856267929077,43.76139831542969
1784890559584798464,28.14848256111145,43.629032135009766
1784890559594717696,28.15840172767639,43.534481048583984
1784890559604637696,28.16832160949707,43.44793701171875
1784890559614557696,28.178241729736328,43.35170364379883
1784890559624476672,28.18816065788269,43.27653121948242
1784890559634396672,28.19808053970337,43.2354736328125
1784890559644316672,28.208000659942627,43.19961929321289
1784890559654235648,28.21791958808899,43.20882797241211
1784890559664155648,28.227839708328247,43.230918884277344
1784890559674075648,28.237759590148926,43.2890625
1784890559683994624,28.247678518295288,43.36563491821289
1784890559693914624,28.257598638534546,43.49183654785156
1784890559703833600,28.267517566680908,43.662010192871094
1784890559713753600,28.277437686920166,43.81724166870117
1784890559723673600,28.287357568740845,43.96049880981445
1784890559733592832,28.297276735305786,44.083683013916016
1784890559743512576,28.307196617126465,44.23762893676758
1784890559753432832,28.317116737365723,44.443058013916016
1784890559763351552,28.327035665512085,44.69431686401367
1784890559773271552,28.336955547332764,45.21088790893555
1784890559783191808,28.34687566757202,45.525733947753906
1784890559793110528,28.356794595718384,45.87100601196289
1784890559803030784,28.36671471595764,46.18096923828125
1784890559812949760,28.376633644104004,46.46489715576172
1784890559822869504,28.386553525924683,46.831199645996094
1784890559832789760,28.39647364616394,47.11859130859375
1784890559842708480,28.406392574310303,47.399375915527344
1784890559852628736,28.41631269454956,47.763267517089844
1784890559862548480,28.42623257637024,48.00352478027344
1784890559872467456,28.4361515045166,48.223846435546875
1784890559882387712,28.44607162475586,48.40951919555664
1784890559892307456,28.455991506576538,48.57502746582031
1784890559902226688,28.46591067314148,48.5045051574707
1784890559912146688,28.475830554962158,48.46471405029297
1784890559922065664,28.4857497215271,48.410133361816406
1784890559931985664,28.49566960334778,48.454864501953125
1784890559941905664,28.505589723587036,48.625885009765625
1784890559951824640,28.5155086517334,48.82807922363281
1784890559961744640,28.525428533554077,48.9320068359375
1784890559971664640,28.535348653793335,48.89142990112305
1784890559981583616,28.545267581939697,48.82485580444336
1784890559991503616,28.555187702178955,48.896366119384766
1784890560001422592,28.565106630325317,49.22916030883789
1784890560011342592,28.575026512145996,49.62028503417969
1784890560021262592,28.584946632385254,50.114627838134766
1784890560031181568,28.594865560531616,50.64616012573242
1784890560041101568,28.604785680770874,51.24762725830078
1784890560051021568,28.614705562591553,51.8711051940918
1784890560060940800,28.624624729156494,52.69802474975586
1784890560070860544,28.634544610977173,53.4134521484375
1784890560080780800,28.64446473121643,54.25135040283203
1784890560090699776,28.654383659362793,55.19329071044922
1784890560100619520,28.66430354118347,56.18968963623047
1784890560110538752,28.674222707748413,57.154754638671875
1784890560120458496,28.684142589569092,58.032630920410156
1784890560130378752,28.69406270980835,58.93164825439453
1784890560140297728,28.703981637954712,59.71356201171875
1784890560150217472,28.71390151977539,60.396385192871094
1784890560160137728,28.72382164001465,61.02678680419922
1784890560170056704,28.73374056816101,61.690635681152344
1784890560179976704,28.74366068840027,62.35118103027344
1784890560189894912,28.753578901290894,63.02465057373047
1784890560199813888,28.763497829437256,63.68621826171875
1784890560209733888,28.773417949676514,64.35938262939453
1784890560219652864,28.783336877822876,65.07469177246094
1784890560229573120,28.793256998062134,65.84475708007812
1784890560239492864,28.803176879882812,66.67208099365234
1784890560249411840,28.813095808029175,67.41702270507812
1784890560259331840,28.823015928268433,68.13265228271484
1784890560269251840,28.83293581008911,68.77511596679688
1784890560279171072,28.842854976654053,69.36978149414062
1784890560289090816,28.85277485847473,69.88311767578125
1784890560299010048,28.862694025039673,70.20983123779297
1784890560308930048,28.87261390686035,70.38053894042969
1784890560318850048,28.88253402709961,70.35238647460938
1784890560328769024,28.89245295524597,70.17308807373047
1784890560338688768,28.90237283706665,69.73141479492188
1784890560348609024,28.912292957305908,69.26203155517578
1784890560358528000,28.92221188545227,68.85633087158203
1784890560368448000,28.93213200569153,68.6072769165039
1784890560378368000,28.942051887512207,68.4173583984375
1784890560388286720,28.95197081565857,68.20793151855469
1784890560398206976,28.961890935897827,68.01084899902344
1784890560408125952,28.97180986404419,67.92578887939453
1784890560418045952,28.981729984283447,68.11909484863281
1784890560427965952,28.991649866104126,68.26091766357422
1784890560437884928,29.00156879425049,68.35417938232422
1784890560447804928,29.011488914489746,68.39329528808594
1784890560457724928,29.021408796310425,68.4349365234375
1784890560467643904,29.031327962875366,68.55960845947266
1784890560477563904,29.041247844696045,68.7541275024414
1784890560487483136,29.051167011260986,68.91706848144531
1784890560497402880,29.061086893081665,68.96717071533203
1784890560507323136,29.071007013320923,68.86839294433594
1784890560517241856,29.080925941467285,68.75691223144531
1784890560527161856,29.090845823287964,68.67485809326172
1784890560537081856,29.10076594352722,68.70587921142578
1784890560547000832,29.110684871673584,68.86371612548828
1784890560556921088,29.120604991912842,69.0760498046875
1784890560566839808,29.130523920059204,69.3392333984375
1784890560576759808,29.140443801879883,69.52210998535156
1784890560586679808,29.15036392211914,69.50496673583984
1784890560596598784,29.160282850265503,69.42097473144531
1784890560606519040,29.17020297050476,69.26519012451172
1784890560616438784,29.18012285232544,69.13973999023438
1784890560626358016,29.19004201889038,69.72259521484375
1784890560636278016,29.19996190071106,70.31156158447266
1784890560646198016,29.209882020950317,71.68668365478516
1784890560656116992,29.21980094909668,73.30986022949219
1784890560666036736,29.22972083091736,75.31982421875
1784890560675955968,29.2396399974823,77.29422760009766
1784890560685875968,29.24955987930298,78.75270080566406
1784890560695795968,29.259479999542236,80.17550659179688
1784890560705714944,29.2693989276886,81.11644744873047
1784890560715634944,29.279318809509277,81.07817077636719
1784890560725554944,29.289238929748535,94.18535614013672
1784890560735473920,29.299157857894897,91.72573852539062
1784890560745393920,29.309077978134155,89.6446533203125
1784890560755313920,29.318997859954834,87.59140014648438
1784890560765233152,29.328917026519775,85.3632583618164
1784890560775152896,29.338836908340454,82.87492370605469
1784890560785071872,29.348755836486816,80.36460876464844
1784890560794991872,29.358675956726074,78.2707290649414
1784890560804911872,29.368595838546753,76.92311096191406
1784890560814831104,29.378515005111694,75.42784881591797
1784890560824750848,29.388434886932373,73.52499389648438
1784890560834671104,29.39835500717163,71.80672454833984
1784890560844589824,29.408273935317993,70.16729736328125
1784890560854509824,29.418193817138672,68.81505584716797
1784890560864429056,29.428112983703613,67.84608459472656
1784890560874348800,29.438032865524292,67.61833190917969
1784890560884269056,29.44795298576355,67.27908325195312
1784890560894188032,29.457871913909912,66.7830581665039
1784890560904107776,29.46779179573059,66.62665557861328
1784890560914028032,29.47771191596985,66.49552917480469
1784890560923946752,29.48763084411621,66.25960540771484
1784890560933867008,29.49755096435547,66.0790023803711
1784890560943785984,29.50746989250183,66.01386260986328
1784890560953705984,29.51739001274109,66.03923797607422
1784890560963625984,29.527309894561768,66.09251403808594
1784890560973544960,29.53722882270813,65.96106719970703
1784890560983464960,29.547148942947388,65.71614837646484
1784890560993384960,29.557068824768066,65.4905014038086
1784890561003303936,29.566987991333008,65.3379898071289
1784890561013223936,29.576907873153687,65.21697998046875
1784890561023142912,29.58682680130005,65.09273529052734
1784890561033062912,29.596746921539307,65.10392761230469
1784890561042982912,29.606666803359985,64.97517395019531
1784890561052901888,29.616585969924927,64.81381225585938
1784890561062821888,29.626505851745605,64.58561706542969
1784890561072741888,29.636425971984863,64.45635986328125
1784890561082660864,29.646344900131226,64.40019989013672
1784890561092581120,29.656265020370483,64.36323547363281
1784890561102500864,29.666184902191162,64.3538589477539
1784890561112419840,29.676103830337524,64.35061645507812
1784890561122339840,29.686023950576782,64.42839813232422
1784890561132258816,29.695942878723145,64.48396301269531
1784890561142179072,29.705862998962402,64.58879089355469
1784890561152098816,29.71578288078308,64.7373275756836
1784890561162017792,29.725701808929443,64.92145538330078
1784890561171938048,29.7356219291687,65.09246063232422
1784890561181857792,29.74554181098938,65.29322814941406
1784890561191779328,29.755463361740112,65.48037719726562
1784890561201699328,29.76538324356079,65.65254974365234
1784890561211619328,29.77530336380005,65.7439956665039
1784890561221538304,29.78522229194641,65.73013305664062
1784890561231458304,29.79514217376709,65.70943450927734
1784890561241377280,29.80506134033203,65.65882873535156
1784890561251297280,29.81498122215271,65.56736755371094
1784890561261217280,29.824901342391968,65.43143463134766
1784890561271136256,29.83482027053833,65.26264190673828
1784890561281056256,29.84474015235901,65.1200180053711
1784890561290975232,29.85465931892395,64.98775482177734
1784890561300895232,29.86457920074463,64.80579376220703
1784890561310815232,29.874499320983887,64.6064453125
1784890561320734208,29.88441824913025,64.43428802490234
1784890561330654208,29.894338130950928,64.2728500366211
1784890561340574208,29.904258251190186,64.12411499023438
1784890561350493184,29.914177179336548,63.98853302001953
1784890561360413440,29.924097299575806,63.85369110107422
1784890561370333184,29.934017181396484,63.69953918457031
1784890561380252416,29.943936347961426,63.51744079589844
1784890561390172160,29.953856229782104,63.364112854003906
1784890561400091136,29.963775157928467,63.27577209472656
1784890561410011392,29.973695278167725,63.24736785888672
1784890561419931136,29.983615159988403,63.23765563964844
1784890561429850368,29.993534326553345,63.215232849121094
1784890561439770112,30.003454208374023,63.208984375
1784890561449690368,30.01337432861328,63.23780822753906
1784890561459609344,30.023293256759644,63.32152557373047
1784890561469529088,30.033213138580322,63.48180389404297
1784890561479448320,30.043132305145264,63.71307373046875
1784890561489368320,30.053052186965942,63.93376159667969
1784890561499288320,30.0629723072052,64.12168884277344
1784890561509207296,30.072891235351562,64.2432861328125
1784890561519127296,30.08281135559082,64.35299682617188
1784890561529047296,30.0927312374115,64.43994140625
1784890561538966272,30.10265016555786,64.4892807006836
1784890561548886272,30.11257028579712,64.48992156982422
1784890561558805248,30.12248921394348,64.51853942871094
1784890561568725248,30.13240933418274,64.61579132080078
1784890561578645248,30.142329216003418,64.73348236083984
1784890561588564224,30.15224814414978,64.88270568847656
1784890561598484224,30.162168264389038,65.07646179199219
1784890561608404224,30.172088146209717,65.34136962890625
1784890561618323200,30.182007312774658,65.73419952392578
1784890561628243200,30.191927194595337,66.25203704833984
1784890561638162432,30.20184636116028,66.93634796142578
1784890561648082176,30.211766242980957,67.76140594482422
1784890561658002432,30.221686363220215,68.7250747680664
1784890561667921408,30.231605291366577,69.81690216064453
1784890561677841152,30.241525173187256,71.03006744384766
1784890561687761408,30.251445293426514,72.37505340576172
1784890561697680128,30.261364221572876,73.84420776367188
1784890561707600384,30.271284341812134,75.45634460449219
1784890561717519360,30.281203269958496,77.19303894042969
1784890561727439104,30.291123151779175,79.02500915527344
1784890561737359360,30.301043272018433,81.06254577636719
1784890561747278336,30.310962200164795,83.21498107910156
1784890561757198336,30.320882320404053,85.37152099609375
1784890561767118336,30.33080220222473,87.51914978027344
1784890561777037056,30.340721130371094,89.65071105957031
1784890561786957312,30.35064125061035,91.73921203613281
1784890561796876288,30.360560178756714,178.5287322998047
1784890561806796288,30.37048029899597,177.8223876953125
1784890561816716288,30.38040018081665,177.2677001953125
1784890561826635264,30.390319347381592,177.1302490234375
1784890561836555264,30.40023922920227,177.39100646972656
1784890561846475264,30.41015934944153,177.769287109375
1784890561856394240,30.42007827758789,178.36959838867188
1784890561866314240,30.42999815940857,178.99053955078125
1784890561876233216,30.43991732597351,179.648193359375
1784890561886153216,30.44983720779419,180.61495971679688
1784890561896073216,30.459757328033447,182.00718688964844
1784890561905992192,30.46967625617981,183.6303253173828
1784890561915912192,30.47959613800049,185.1759033203125
1784890561925832192,30.489516258239746,186.56134033203125
1784890561935751168,30.49943518638611,187.70187377929688
1784890561945671424,30.509355306625366,188.3981475830078
1784890561955590144,30.51927423477173,188.6459197998047
1784890561965510400,30.529194355010986,188.30299377441406
1784890561975430144,30.539114236831665,187.4065399169922
1784890561985349120,30.549033164978027,186.2344512939453
1784890561995269376,30.558953285217285,184.8106231689453
1784890562005189120,30.568873167037964,183.169189453125
1784890562015108352,30.578792333602905,181.52976989746094
1784890562025028352,30.588712215423584,179.882568359375
1784890562034947072,30.598631143569946,178.31736755371094
1784890562044867328,30.608551263809204,176.2216033935547
1784890562054787072,30.618471145629883,173.9246826171875
1784890562064706304,30.628390312194824,171.62574768066406
1784890562074626304,30.638310194015503,169.51222229003906
1784890562084546304,30.64823031425476,167.2568817138672
1784890562094465280,30.658149242401123,165.01907348632812
1784890562104385280,30.66806936264038,162.44447326660156
1784890562114304256,30.677988290786743,159.22235107421875
1784890562124224256,30.687908172607422,155.41554260253906
1784890562134144256,30.69782829284668,151.0067596435547
1784890562144063232,30.707747220993042,145.71678161621094
1784890562153983232,30.7176673412323,139.7072296142578
1784890562163903232,30.72758722305298,133.03660583496094
1784890562173822208,30.73750615119934,125.99567413330078
1784890562183742208,30.7474262714386,118.68791961669922
1784890562193659904,30.757344007492065,111.09880828857422
1784890562203579904,30.767263889312744,103.43854522705078
1784890562213499904,30.777184009552002,95.7016372680664
1784890562223418880,30.787102937698364,87.66616821289062
1784890562233339136,30.797023057937622,79.4828872680664
1784890562243258880,30.8069429397583,71.42682647705078
1784890562253178112,30.816862106323242,201.2482452392578
1784890562263098112,30.82678198814392,201.21481323242188
1784890562273018112,30.83670210838318,201.03421020507812
1784890562282937088,30.84662103652954,200.6526641845703
1784890562292856832,30.85654091835022,200.1243438720703
1784890562302776064,30.86646008491516,199.81265258789062
1784890562312696064,30.87637996673584,199.21600341796875
1784890562322616064,30.886300086975098,198.5773468017578
1784890562332535040,30.89621901512146,197.9411163330078
1784890562342454784,30.90613889694214,197.3622283935547
1784890562352375040,30.916059017181396,351.3519592285156
1784890562362294016,30.92597794532776,346.91937255859375
1784890562372214016,30.935898065567017,343.28448486328125
1784890562382132992,30.94581699371338,340.5351867675781
1784890562392053248,30.955737113952637,338.3856201171875
1784890562401972992,30.965656995773315,336.81781005859375
1784890562411891968,30.975575923919678,335.9826354980469
1784890562421811968,30.985496044158936,335.89825439453125
1784890562431731968,30.995415925979614,336.0316467285156
1784890562441651200,31.005335092544556,336.1094055175781
1784890562451570944,31.015254974365234,336.0495910644531
1784890562461489920,31.025173902511597,336.0304260253906
1784890562471409920,31.035094022750854,336.081298828125
1784890562481329920,31.045013904571533,336.0495910644531
1784890562491249152,31.054933071136475,336.44158935546875
1784890562501168896,31.064852952957153,337.1408996582031
1784890562511089152,31.07477307319641,338.0314636230469
1784890562521008128,31.084692001342773,339.0455627441406
1784890562530927872,31.094611883163452,340.0484924316406
1784890562540847104,31.104531049728394,340.8460388183594
1784890562550766848,31.114450931549072,341.8899841308594
1784890562560687104,31.12437105178833,343.29718017578125
1784890562570606080,31.134289979934692,345.13800048828125
1784890562580526080,31.14421010017395,347.28466796875
1784890562590446080,31.15412998199463,349.50323486328125
1784890562600364800,31.16404891014099,351.66558837890625
1784890562610285056,31.17396903038025,353.7740783691406
1784890562620204032,31.18388795852661,355.9171142578125
1784890562630124032,31.19380807876587,358.0068664550781
1784890562640044032,31.203727960586548,0.23504161834716797
1784890562649963008,31.21364688873291,2.525141716003418
1784890562659883008,31.223567008972168,4.811269760131836
1784890562669803008,31.233486890792847,7.066842079162598
1784890562679721984,31.243406057357788,9.266390800476074
1784890562689641984,31.253325939178467,11.269043922424316
1784890562699561216,31.263245105743408,13.1242036819458
1784890562709480960,31.273164987564087,14.853484153747559
1784890562719401216,31.283085107803345,16.435359954833984
1784890562729319936,31.293004035949707,17.800823211669922
1784890562739239936,31.302923917770386,18.920299530029297
1784890562749159936,31.312844038009644,19.80875015258789
1784890562759078912,31.322762966156006,20.444961547851562
1784890562768999168,31.332683086395264,20.898784637451172
1784890562778918144,31.342602014541626,21.269336700439453
1784890562788837888,31.352521896362305,21.579383850097656
1784890562798758144,31.362442016601562,21.859764099121094
1784890562808676864,31.372360944747925,22.09659194946289
1784890562818597120,31.382281064987183,22.404747009277344
1784890562828516864,31.39220094680786,22.91875457763672
1784890562838436096,31.402120113372803,23.662120819091797
1784890562848356096,31.41203999519348,24.608600616455078
1784890562858274816,31.421958923339844,25.619178771972656
1784890562868195072,31.4318790435791,26.628482818603516
1784890562878114816,31.44179892539978,27.6319580078125
1784890562888034048,31.45171809196472,28.647216796875
1784890562897954048,31.4616379737854,29.606735229492188
1784890562907874048,31.471558094024658,30.48480987548828
1784890562917793024,31.48147702217102,31.291831970214844
1784890562927713024,31.4913969039917,32.056671142578125
1784890562937632000,31.50131607055664,32.757164001464844
1784890562947552000,31.51123595237732,33.42461013793945
1784890562957472000,31.521156072616577,34.029541015625
1784890562967390976,31.53107500076294,34.59199905395508
1784890562977310976,31.540994882583618,35.099609375
1784890562987230976,31.550915002822876,35.53206253051758
1784890562997149952,31.56083393096924,35.92927169799805
1784890563007069952,31.570754051208496,36.305419921875
1784890563016988928,31.58067297935486,36.65778350830078
1784890563026909184,31.590593099594116,36.9797477722168
1784890563036828928,31.600512981414795,37.29588317871094
1784890563046747904,31.610431909561157,37.547882080078125
1784890563056668160,31.620352029800415,37.74977493286133
1784890563066587904,31.630271911621094,37.928306579589844
1784890563076507136,31.640191078186035,38.140525817871094
1784890563086426880,31.650110960006714,38.402740478515625
1784890563096345856,31.660029888153076,38.67530059814453
1784890563106266112,31.669950008392334,38.94440841674805
1784890563116185856,31.679869890213013,39.14672088623047
1784890563126105088,31.689789056777954,39.29541778564453
1784890563136024832,31.699708938598633,39.45376205444336
1784890563145945088,31.70962905883789,39.659873962402344
1784890563155864064,31.719547986984253,39.94341278076172
1784890563165784064,31.72946810722351,40.36149215698242
1784890563175703040,31.739387035369873,40.93657684326172
1784890563185623808,31.749307870864868,41.66846466064453
1784890563195543808,31.759227752685547,42.50417709350586
1784890563205462784,31.76914668083191,43.40967559814453
1784890563215382784,31.779066801071167,44.42889404296875
1784890563225302784,31.788986682891846,45.53396987915039
1784890563235221760,31.798905849456787,46.63015365600586
1784890563245141760,31.808825731277466,47.68891143798828
1784890563255060992,31.818744897842407,48.74472427368164
1784890563264980736,31.828664779663086,49.819366455078125
1784890563274900992,31.838584899902344,50.94270706176758
1784890563284819968,31.848503828048706,52.10630416870117
1784890563294739712,31.858423709869385,53.238197326660156
1784890563304659968,31.868343830108643,54.324302673339844
1784890563314578688,31.878262758255005,55.374114990234375
1784890563324498944,31.888182878494263,56.369056701660156
1784890563334417920,31.898101806640625,57.308815002441406
1784890563344337664,31.908021688461304,58.13499450683594
1784890563354257920,31.91794180870056,58.885284423828125
1784890563364176640,31.927860736846924,59.626441955566406
1784890563374096896,31.93778085708618,60.370994567871094
1784890563384016640,31.94770073890686,61.05409240722656
1784890563393935872,31.9576199054718,61.650413513183594
1784890563403855872,31.96753978729248,62.1143798828125
1784890563413774848,31.977458715438843,62.350372314453125
1784890563423694848,31.9873788356781,62.28729248046875
1784890563433614848,31.99729871749878,62.0067138671875
1784890563443533824,32.00721788406372,61.53099822998047
1784890563453453824,32.0171377658844,60.93444061279297
1784890563463373824,32.02705788612366,60.150909423828125
1784890563473292800,32.03697681427002,59.097930908203125
1784890563483212800,32.0468966960907,57.99235534667969
1784890563493131776,32.05681586265564,56.93748474121094
1784890563503051776,32.06673574447632,55.97418975830078
1784890563512971776,32.076655864715576,55.20043182373047
1784890563522890752,32.08657479286194,54.481056213378906
1784890563532810752,32.09649467468262,53.63999557495117
1784890563542729728,32.10641384124756,52.493595123291016
1784890563552649728,32.11633372306824,51.08081817626953
1784890563562569984,32.126253843307495,49.626747131347656
1784890563572488704,32.13617277145386,47.938419342041016
1784890563582408960,32.146092891693115,46.1799201965332
1784890563592328704,32.156012773513794,44.59678268432617
1784890563602247680,32.165931701660156,43.054962158203125
1784890563612167936,32.175851821899414,41.276641845703125
1784890563622086656,32.185770750045776,39.518001556396484
1784890563632006912,32.195690870285034,37.92103958129883
1784890563641926656,32.20561075210571,36.11442565917969
1784890563651845632,32.215529680252075,34.356719970703125
1784890563661765888,32.22544980049133,32.73594284057617
1784890563671685632,32.23536968231201,30.875316619873047
1784890563681604864,32.24528884887695,28.86261749267578
1784890563691524864,32.25520873069763,26.792373657226562
1784890563701443840,32.26512789726257,24.541461944580078
1784890563711363840,32.27504777908325,22.01934814453125
1784890563721283840,32.28496789932251,18.86621856689453
1784890563731202816,32.29488682746887,15.599711418151855
1784890563741122816,32.30480670928955,11.732390403747559
1784890563751042816,32.31472682952881,7.278412818908691
1784890563760961792,32.32464575767517,2.437912940979004
1784890563770881792,32.33456587791443,357.9246826171875
1784890563780800768,32.34448480606079,353.29931640625
1784890563790720768,32.35440468788147,348.5349426269531
1784890563800640768,32.36432480812073,343.85699462890625
1784890563810559744,32.37424373626709,339.7646789550781
1784890563820479744,32.38416385650635,336.4256591796875
1784890563830399744,32.394083738327026,333.6050109863281
1784890563840318976,32.40400290489197,331.1733703613281
1784890563850238720,32.41392278671265,329.1728210449219
1784890563860157696,32.42384171485901,328.1193542480469
1784890563870077952,32.43376183509827,328.1288146972656
1784890563879997696,32.443681716918945,328.90301513671875
1784890563889916928,32.45360088348389,330.1077575683594
1784890563899836672,32.463520765304565,332.4877014160156
1784890563909756928,32.47344088554382,335.7247009277344
1784890563919675904,32.483359813690186,339.4808654785156
1784890563929595648,32.493279695510864,343.68536376953125
1784890563939514880,32.503198862075806,348.29510498046875
1784890563949434880,32.513118743896484,353.6964416503906
1784890563959354880,32.52303886413574,359.6119079589844
1784890563969273856,32.532957792282104,6.241469383239746
1784890563979193600,32.54287767410278,12.602509498596191
1784890563989113856,32.55279779434204,18.804168701171875
1784890563999032832,32.5627167224884,25.059497833251953
1784890564008952832,32.57263684272766,30.909576416015625
1784890564018871808,32.58255577087402,36.799659729003906
1784890564028791808,32.59247589111328,42.38443374633789
1784890564038711808,32.60239577293396,47.43782043457031
1784890564048630784,32.61231470108032,51.96501922607422
1784890564058550784,32.62223482131958,56.159751892089844
1784890564068470784,32.63215470314026,60.21306610107422
1784890564078389760,32.6420738697052,63.971763610839844
1784890564088309760,32.65199375152588,67.41950988769531
1784890564098228736,32.66191267967224,70.25189971923828
1784890564108148736,32.6718327999115,72.40554809570312
1784890564118068736,32.68175268173218,73.94947052001953
1784890564127987968,32.69167184829712,74.84835052490234
1784890564137907712,32.7015917301178,75.40795135498047
1784890564147827968,32.711511850357056,75.55573272705078
1784890564157746688,32.72143077850342,75.37319946289062
1784890564167666944,32.731350898742676,74.83502197265625
1784890564177585920,32.74126982688904,73.97037506103516
1784890564187505664,32.75118970870972,72.86312866210938
1784890564197425920,32.761109828948975,71.53485870361328
1784890564207344896,32.77102875709534,70.10497283935547
1784890564217264640,32.780948638916016,68.59337615966797
1784890564227184896,32.79086875915527,67.05876159667969
1784890564237103616,32.800787687301636,65.5180892944336
1784890564247023872,32.810707807540894,64.03861999511719
1784890564256942848,32.820626735687256,62.63225555419922
1784890564266862848,32.830546855926514,61.28173065185547
1784890564276782848,32.84046673774719,60.020782470703125
1784890564286701568,32.850385665893555,58.812347412109375
1784890564296621824,32.86030578613281,57.66297149658203
1784890564306541568,32.87022566795349,56.64268493652344
1784890564316460800,32.88014483451843,55.72045135498047
1784890564326380800,32.89006471633911,54.92426300048828
1784890564336299776,32.899983644485474,54.27423858642578
1784890564346219776,32.90990376472473,53.71636199951172
1784890564356139776,32.91982364654541,53.222068786621094
1784890564366058752,32.92974281311035,52.79703903198242
1784890564375978752,32.93966269493103,52.48276901245117
1784890564385897984,32.94958186149597,52.26656723022461
1784890564395817728,32.95950174331665,52.141357421875
1784890564405737984,32.96942186355591,52.11256790161133
1784890564415656704,32.97934079170227,52.100067138671875
1784890564425576704,32.98926067352295,52.06683349609375
1784890564435496704,32.99918079376221,52.03382110595703
1784890564445415680,33.00909972190857,51.941837310791016
1784890564455335936,33.01901984214783,51.787498474121094
1784890564465254656,33.02893877029419,51.58198547363281
1784890564475174656,33.03885865211487,51.38148880004883
1784890564485094912,33.048778772354126,51.224151611328125
1784890564495013632,33.05869770050049,51.106117248535156
1784890564504933888,33.068617820739746,50.9883918762207
1784890564514853632,33.078537702560425,50.77032470703125
1784890564524772608,33.08845663070679,50.520530700683594
1784890564534692864,33.098376750946045,50.1973762512207
1784890564544611584,33.10829567909241,49.854087829589844
1784890564554531840,33.118215799331665,49.53293991088867
1784890564564451584,33.128135681152344,49.277435302734375
1784890564574370816,33.138054847717285,49.11225509643555
1784890564584290816,33.147974729537964,49.009002685546875
1784890564594210816,33.15789484977722,48.891666412353516
1784890564604129792,33.167813777923584,48.767311096191406
1784890564614049792,33.17773365974426,48.70294952392578
1784890564623968768,33.187652826309204,48.71405029296875
1784890564633888768,33.19757270812988,48.762271881103516
1784890564643808768,33.20749282836914,48.80403137207031
1784890564653727744,33.2174117565155,48.83204650878906
1784890564663647744,33.22733163833618,48.814971923828125
1784890564673567744,33.23725175857544,48.74861526489258
1784890564683486720,33.2471706867218,48.65410614013672
1784890564693406720,33.25709080696106,48.53385543823242
1784890564703325696,33.26700973510742,48.39948272705078
1784890564713245952,33.27692985534668,48.272430419921875
1784890564723165696,33.28684973716736,48.17253112792969
1784890564733084672,33.29676866531372,48.10128402709961
1784890564743004672,33.30668878555298,48.05146026611328
1784890564752924672,33.31660866737366,47.95786666870117
1784890564762843904,33.3265278339386,47.81779861450195
1784890564772763648,33.33644771575928,47.6630744934082
1784890564782682624,33.34636664390564,47.49254608154297
1784890564792602880,33.3562867641449,47.309776306152344
1784890564802522624,33.366206645965576,47.13747024536133
1784890564812441856,33.37612581253052,46.97341537475586
1784890564822361600,33.386045694351196,46.832069396972656
1784890564832281856,33.395965814590454,46.715736389160156
1784890564842200832,33.405884742736816,46.59256362915039
1784890564852120832,33.415804862976074,46.463626861572266
1784890564862039808,33.42572379112244,46.34111404418945
1784890564871959808,33.435643672943115,46.02540969848633
1784890564881879808,33.44556379318237,45.72135543823242
1784890564891798784,33.455482721328735,45.44784164428711
1784890564901718784,33.46540284156799,45.19744110107422
1784890564911638784,33.47532272338867,44.9511833190918
1784890564921557760,33.485241651535034,44.69623947143555
1784890564931477760,33.49516177177429,44.41547775268555
1784890564941396736,33.505080699920654,44.11204147338867
1784890564951316736,33.51500082015991,43.760040283203125
1784890564961236736,33.52492070198059,43.368003845214844
1784890564971155712,33.53483963012695,42.9477653503418
1784890564981075712,33.54475975036621,42.50345993041992
1784890564990994688,33.55467867851257,42.053977966308594
1784890565000914688,33.56459879875183,41.614349365234375
1784890565010834688,33.57451868057251,41.16474533081055
1784890565020753920,33.58443784713745,40.73579788208008
1784890565030673664,33.59435772895813,40.32086181640625
1784890565040593920,33.60427784919739,39.92714309692383
1784890565050512896,33.61419677734375,39.52479934692383
1784890565060432640,33.62411665916443,39.12583923339844
1784890565070352896,33.63403677940369,38.72505187988281
1784890565080271616,33.64395570755005,38.32644271850586
1784890565090191872,33.65387582778931,37.9137077331543
1784890565100110848,33.66379475593567,37.46255874633789
1784890565110030592,33.67371463775635,37.01554489135742
1784890565119950848,33.683634757995605,36.59403991699219
1784890565129869824,33.69355368614197,36.167152404785156
1784890565139789824,33.703473806381226,35.94090270996094
1784890565149708800,33.71339273452759,35.69923782348633
1784890565159628800,33.723312854766846,35.2427978515625
1784890565169548800,33.733232736587524,34.76634979248047
1784890565179467776,33.74315166473389,34.28223419189453
1784890565189386240,33.75307011604309,34.01210021972656
1784890565199306240,33.76299023628235,33.77437973022461
1784890565209225216,33.77290916442871,33.555824279785156
1784890565219144960,33.78282904624939,33.37736892700195
1784890565229064192,33.79274821281433,33.234519958496094
1784890565238984192,33.80266809463501,33.112403869628906
1784890565248904192,33.81258821487427,33.022579193115234
1784890565258823168,33.82250714302063,32.94033432006836
1784890565268743168,33.83242726325989,32.89155960083008
1784890565278663168,33.842347145080566,32.89523696899414
1784890565288582144,33.85226607322693,32.933589935302734
1784890565298502144,33.86218619346619,33.01188659667969
1784890565308421120,33.87210512161255,33.144187927246094
1784890565318341376,33.88202524185181,33.306297302246094
1784890565328261120,33.891945123672485,33.4517822265625
1784890565338180096,33.90186405181885,33.606449127197266
1784890565348100096,33.911784172058105,33.770511627197266
1784890565358020096,33.921704053878784,33.934444427490234
1784890565367939328,33.931623220443726,34.11654281616211
1784890565377859072,33.941543102264404,34.35416793823242
1784890565387778304,33.951462268829346,34.640037536621094
1784890565397698048,33.961382150650024,34.941192626953125
1784890565407618304,33.97130227088928,35.23981857299805
1784890565417537280,33.981221199035645,35.53450393676758
1784890565427457024,33.99114108085632,35.858341217041016
1784890565437377280,34.00106120109558,35.947994232177734
1784890565447296256,34.01098012924194,36.45247268676758
1784890565457216256,34.0209002494812,37.01120376586914
1784890565467135232,34.03081917762756,37.62696075439453
1784890565477054976,34.04073905944824,38.291133880615234
1784890565486975232,34.0506591796875,38.5096549987793
1784890565496894208,34.06057810783386,39.20556640625
1784890565506814208,34.07049822807312,39.9587516784668
1784890565516733184,34.08041715621948,40.70700454711914
1784890565526653184,34.09033727645874,41.447601318359375
1784890565536573184,34.10025715827942,42.17978286743164
1784890565546492160,34.11017608642578,43.08127212524414
1784890565556412160,34.12009620666504,44.195030212402344
1784890565566332160,34.13001608848572,45.304656982421875
1784890565576251392,34.13993525505066,46.41770553588867
1784890565586171136,34.14985513687134,47.44402313232422
1784890565596090112,34.1597740650177,48.48088073730469
1784890565606010112,34.16969418525696,49.46357345581055
1784890565615930112,34.17961406707764,50.42832946777344
1784890565625849344,34.18953323364258,51.35403823852539
1784890565635769088,34.19945311546326,52.31631851196289
1784890565645689344,34.209373235702515,53.23514175415039
1784890565655608064,34.21929216384888,54.035179138183594
1784890565665528064,34.229212045669556,54.73388671875
1784890565675447296,34.2391312122345,55.26116943359375
1784890565685367040,34.249051094055176,55.52995300292969
1784890565695287296,34.258971214294434,55.555015563964844
1784890565705206272,34.268890142440796,55.46410369873047
1784890565715126272,34.278810262680054,55.26875305175781
1784890565725046272,34.28873014450073,54.86341857910156
1784890565734964992,34.298649072647095,54.306297302246094
1784890565744885248,34.30856919288635,53.63335418701172
1784890565754804224,34.318488121032715,52.74776840209961
1784890565764724224,34.32840824127197,51.970985412597656
1784890565774644224,34.33832812309265,51.22459411621094
1784890565784562944,34.348247051239014,50.578102111816406
1784890565794483200,34.35816717147827,50.07704544067383
1784890565804402944,34.36808705329895,49.61106491088867
1784890565814322176,34.37800621986389,49.04458236694336
1784890565824242176,34.38792610168457,48.321922302246094
1784890565834161408,34.39784526824951,47.483890533447266
1784890565844081152,34.40776515007019,46.617698669433594
1784890565854001408,34.41768527030945,45.551456451416016
1784890565863920128,34.42760419845581,44.50125503540039
1784890565873840128,34.43752408027649,43.43242645263672
1784890565883759360,34.44744324684143,41.946739196777344
1784890565893679104,34.45736312866211,40.2842903137207
1784890565903599360,34.46728324890137,38.77385330200195
1784890565913518080,34.47720217704773,37.469486236572266
1784890565923438080,34.48712205886841,35.905517578125
1784890565933358080,34.497042179107666,34.3794059753418
1784890565943277056,34.50696110725403,32.765689849853516
1784890565953197312,34.516881227493286,31.329219818115234
1784890565963116288,34.52680015563965,29.99645233154297
1784890565973036288,34.536720275878906,28.306365966796875
1784890565982956288,34.546640157699585,26.41455078125
1784890565992875008,34.55655908584595,24.39569854736328
1784890566002795264,34.566479206085205,22.193119049072266
1784890566012715008,34.576399087905884,19.850963592529297
1784890566022634240,34.586318254470825,16.965877532958984
1784890566032554240,34.596238136291504,13.720963478088379
1784890566042472960,34.606157064437866,9.820378303527832
1784890566052393216,34.616077184677124,5.251982688903809
1784890566062312960,34.6259970664978,0.42527198791503906
1784890566072232192,34.635916233062744,355.210693359375
1784890566082152192,34.64583611488342,349.86456298828125
1784890566092072192,34.65575623512268,344.9429016113281
1784890566101991168,34.66567516326904,340.6936340332031
1784890566111911168,34.67559504508972,337.1329345703125
1784890566121830144,34.68551421165466,334.538818359375
1784890566131750144,34.69543409347534,332.7002258300781
1784890566141670144,34.7053542137146,331.266357421875
1784890566151589120,34.71527314186096,329.7986145019531
1784890566161509376,34.72519326210022,329.40887451171875
1784890566171429120,34.7351131439209,329.9093322753906
1784890566181348096,34.74503207206726,330.76385498046875
1784890566191269888,34.75495386123657,332.6595458984375
1784890566201188864,34.764872789382935,335.06103515625
1784890566211108608,34.77479267120361,338.4071350097656
1784890566221028864,34.78471279144287,342.5711364746094
1784890566230947840,34.79463171958923,347.4787292480469
1784890566240867840,34.80455183982849,353.0675964355469
1784890566250787840,34.81447172164917,359.25592041015625
1784890566260706560,34.82439064979553,5.554999351501465
1784890566270626816,34.83431077003479,11.770995140075684
1784890566280545792,34.84422969818115,18.003925323486328
1784890566290465792,34.85414981842041,24.135616302490234
1784890566300385792,34.86406970024109,30.303882598876953
1784890566310304768,34.87398862838745,36.09325408935547
1784890566320224768,34.88390874862671,41.642738342285156
1784890566330144768,34.89382863044739,46.811092376708984
1784890566340063744,34.90374779701233,51.63542175292969
1784890566349983744,34.91366767883301,55.9534912109375
1784890566359902976,34.92358684539795,59.68367004394531
1784890566369822720,34.93350672721863,62.99748229980469
1784890566379742976,34.943426847457886,65.80717468261719
1784890566389661696,34.95334577560425,67.87313842773438
1784890566399581696,34.96326565742493,69.5511703491211
1784890566409500928,34.97318482398987,70.9298324584961
1784890566419420672,34.98310470581055,71.82759094238281
1784890566429340928,34.993024826049805,72.44944763183594
1784890566439259648,35.00294375419617,72.81941986083984
1784890566449179648,35.012863636016846,72.84883117675781
1784890566459099648,35.0227837562561,72.43535614013672
1784890566469018624,35.032702684402466,71.78116607666016
1784890566478938880,35.042622804641724,70.8955307006836
1784890566488857856,35.052541732788086,69.68437194824219
1784890566498777856,35.062461853027344,68.11238861083984
1784890566508697856,35.07238173484802,66.38531494140625
1784890566518616576,35.082300662994385,64.57095336914062
1784890566528536832,35.09222078323364,62.73650360107422
1784890566538456576,35.10214066505432,60.97798156738281
1784890566548375808,35.11205983161926,59.20049285888672
1784890566558295808,35.12197971343994,57.421409606933594
1784890566568214528,35.131898641586304,55.69953918457031
1784890566578134784,35.14181876182556,54.13035583496094
1784890566588054784,35.15173864364624,52.740726470947266
1784890566597973760,35.16165781021118,51.563323974609375
1784890566607893760,35.17157769203186,50.52695083618164
1784890566617813760,35.18149781227112,49.670536041259766
1784890566627732736,35.19141674041748,49.01288986206055
1784890566637652992,35.20133686065674,48.49699783325195
1784890566647571712,35.2112557888031,48.13770294189453
1784890566657491712,35.22117567062378,47.91306686401367
1784890566667411712,35.23109579086304,47.81869888305664
1784890566677330688,35.2410147190094,47.842796325683594
1784890566687250944,35.25093483924866,47.96821975708008
1784890566697170688,35.260854721069336,48.160133361816406
1784890566707089664,35.2707736492157,48.37830352783203
1784890566717009664,35.280693769454956,48.55948257446289
1784890566726928640,35.29061269760132,48.65970230102539
1784890566736848896,35.300532817840576,48.73810577392578
1784890566746768640,35.310452699661255,48.78031539916992
1784890566756687616,35.32037162780762,48.80501174926758
1784890566766607872,35.330291748046875,48.810909271240234
1784890566776526592,35.34021067619324,48.7929573059082
1784890566786446848,35.350130796432495,48.6856575012207
1784890566796366592,35.360050678253174,48.505340576171875
1784890566806285824,35.369969844818115,48.28669738769531
1784890566816205824,35.379889726638794,48.05669021606445
1784890566826125824,35.38980984687805,47.84621810913086
1784890566836044800,35.399728775024414,47.668155670166016
1784890566845964544,35.40964865684509,47.50535202026367
1784890566855884800,35.41956877708435,47.34977340698242
1784890566865803776,35.42948770523071,47.18571853637695
1784890566875723776,35.43940782546997,47.056480407714844
1784890566885642752,35.44932675361633,46.97441864013672
1784890566895562752,35.45924663543701,46.939640045166016
1784890566905482752,35.46916675567627,46.93087387084961
1784890566915401728,35.47908568382263,46.908424377441406
1784890566925321728,35.48900580406189,46.87843704223633
1784890566935240704,35.49892473220825,46.8392333984375
1784890566945160960,35.50884485244751,46.799835205078125
1784890566955080704,35.51876473426819,46.73560333251953
1784890566964999680,35.52868366241455,46.66483688354492
1784890566974919680,35.53860378265381,46.60054016113281
1784890566984839680,35.54852366447449,46.543094635009766
1784890566994758912,35.55844283103943,46.50006866455078
1784890567004678656,35.56836271286011,46.51309585571289
1784890567014597632,35.57828164100647,46.55167770385742
1784890567024517888,35.58820176124573,46.58434295654297
1784890567034437632,35.598121643066406,46.58607864379883
1784890567044356864,35.60804080963135,46.54156494140625
1784890567054276608,35.617960691452026,46.44869613647461
1784890567064196864,35.627880811691284,46.31267547607422
1784890567074115840,35.63779973983765,46.16216278076172
1784890567084035840,35.647719860076904,46.01338195800781
1784890567093954816,35.65763878822327,45.85342788696289
1784890567103874560,35.667558670043945,45.687278747558594
1784890567113794816,35.6774787902832,45.52165603637695
1784890567123713792,35.687397718429565,45.34370040893555
1784890567133633792,35.69731783866882,45.13579177856445
1784890567143553792,35.7072377204895,44.88999557495117
1784890567153472768,35.717156648635864,44.62245559692383
1784890567163392768,35.72707676887512,44.337520599365234
1784890567173311744,35.736995697021484,44.05580520629883
1784890567183231744,35.74691581726074,43.780029296875
1784890567193151744,35.75683569908142,43.51919937133789
1784890567203070720,35.76675462722778,43.26837921142578
1784890567212990464,35.77667450904846,43.014801025390625
1784890567222910720,35.78659462928772,42.738399505615234
1784890567232829696,35.79651355743408,42.439292907714844
1784890567242749696,35.80643367767334,42.11742401123047
1784890567252668672,35.8163526058197,41.78569793701172
1784890567262588672,35.82627272605896,41.43049621582031
1784890567272508672,35.83619260787964,41.050296783447266
1784890567282427648,35.846111536026,40.630069732666016
1784890567292347648,35.85603165626526,40.17322540283203
1784890567302267648,35.86595153808594,39.69602966308594
1784890567312186624,35.87587070465088,39.2191047668457
1784890567322106624,35.88579058647156,38.74970245361328
1784890567332025600,35.89570951461792,38.272422790527344
1784890567341945600,35.90562963485718,37.79844665527344
1784890567351865600,35.915549516677856,37.33943176269531
1784890567361784576,35.9254686832428,36.90552520751953
1784890567371704576,35.93538856506348,36.50524139404297
1784890567381624576,35.945308685302734,36.101165771484375
1784890567391543552,35.9552276134491,35.661964416503906
1784890567401463808,35.965147733688354,35.202144622802734
1784890567411382784,35.97506666183472,34.74555206298828
1784890567421302528,35.984986543655396,34.29591369628906
1784890567431222784,35.99490666389465,33.855140686035156
1784890567441141504,36.004825592041016,33.42491149902344
1784890567451061760,36.01474571228027,32.98680114746094
1784890567460981504,36.02466559410095,32.53327941894531
1784890567470900480,36.034584522247314,32.04216003417969
1784890567480820736,36.04450464248657,31.523704528808594
1784890567490739456,36.054423570632935,30.974895477294922
1784890567500659712,36.06434369087219,30.421985626220703
1784890567510579712,36.07426357269287,29.903854370117188
1784890567520498432,36.08418250083923,29.424556732177734
1784890567530418688,36.09410262107849,28.995086669921875
1784890567540338432,36.10402250289917,28.652694702148438
1784890567550257664,36.11394166946411,28.412067413330078
1784890567560177664,36.12386155128479,28.293827056884766
1784890567570096640,36.13378071784973,28.317230224609375
1784890567580016640,36.14370059967041,28.51732635498047
1784890567589936640,36.15362071990967,28.840404510498047
1784890567599855616,36.16353964805603,29.179180145263672
1784890567609775616,36.17345952987671,29.488433837890625
1784890567619695616,36.18337965011597,29.76329803466797
1784890567629614592,36.19329857826233,29.97909927368164
1784890567639534592,36.20321869850159,29.905323028564453
1784890567649453568,36.21313762664795,30.29027557373047
1784890567659373568,36.22305750846863,30.60904312133789
1784890567669293568,36.232977628707886,30.8814697265625
1784890567679212544,36.24289655685425,31.108524322509766
1784890567689132800,36.252816677093506,31.293216705322266
1784890567699052544,36.262736558914185,31.040176391601562
1784890567708971776,36.272655725479126,31.17950439453125
1784890567718891520,36.282575607299805,31.37555694580078
1784890567728810496,36.29249453544617,31.65719985961914
1784890567738730752,36.302414655685425,32.00685119628906
1784890567748650496,36.3123345375061,32.47901153564453
1784890567758569728,36.322253704071045,33.09065246582031
1784890567768489472,36.332173585891724,33.88768005371094
1784890567778408448,36.342092514038086,34.83692932128906
1784890567788328704,36.352012634277344,35.86184310913086
1784890567798248448,36.36193251609802,36.91464614868164
1784890567808167680,36.371851682662964,37.983097076416016
1784890567818087680,36.38177156448364,39.10378646850586
1784890567828007680,36.3916916847229,40.22340393066406
1784890567837926656,36.40161061286926,41.35932159423828
1784890567847846656,36.41153073310852,42.55103302001953
1784890567857765632,36.42144966125488,43.66514205932617
1784890567867685632,36.43136954307556,44.70808792114258
1784890567877605632,36.44128966331482,45.69274139404297
1784890567887524608,36.45120859146118,46.61814880371094
1784890567897444608,36.46112871170044,47.470611572265625
1784890567907364608,36.47104859352112,48.21877670288086
1784890567917283584,36.48096752166748,48.93838119506836
1784890567927203584,36.49088764190674,49.70529556274414
1784890567937122560,36.5008065700531,50.506858825683594
1784890567947042816,36.51072669029236,51.22084426879883
1784890567956962560,36.52064657211304,51.818355560302734
1784890567966881792,36.53056573867798,52.289337158203125
1784890567976801536,36.54048562049866,52.68030548095703
1784890567986721536,36.550405502319336,52.99592208862305
1784890567996640768,36.56032466888428,53.25693893432617
1784890568006560512,36.570244550704956,53.43356704711914
1784890568016479744,36.5801637172699,53.56710433959961
1784890568026399488,36.590083599090576,53.5425910949707
1784890568036319744,36.600003719329834,53.24062728881836
1784890568046238720,36.609922647476196,52.79471206665039
1784890568056158464,36.619842529296875,52.280677795410156
1784890568066078720,36.62976264953613,51.66026306152344
1784890568075997696,36.639681577682495,51.09503936767578
1784890568085917696,36.64960169792175,50.47745895385742
1784890568095836672,36.659520626068115,49.56599807739258
1784890568105756416,36.669440507888794,48.2697639465332
1784890568115676672,36.67936062812805,46.66054153442383
1784890568125595648,36.689279556274414,45.063316345214844
1784890568135515648,36.69919967651367,43.739341735839844
1784890568145435648,36.70911955833435,42.54796600341797
1784890568155354624,36.71903872489929,40.93205642700195
1784890568165274624,36.72895860671997,38.74750900268555
1784890568175193600,36.73887753486633,36.714447021484375
1784890568185113600,36.74879765510559,34.84188461303711
1784890568195032832,36.75871682167053,32.683197021484375
1784890568204951808,36.768635749816895,31.005931854248047
1784890568214871552,36.77855563163757,29.451934814453125
1784890568224790784,36.788474798202515,27.82483673095703
1784890568234710784,36.79839468002319,26.19464874267578
1784890568244630784,36.80831480026245,24.533069610595703
1784890568254549760,36.81823372840881,22.689781188964844
1784890568264469760,36.82815384864807,20.910381317138672
1784890568274389760,36.83807373046875,18.80022430419922
1784890568284308736,36.84799265861511,16.077320098876953
1784890568294228736,36.85791277885437,13.097458839416504
1784890568304147712,36.86783170700073,9.945845603942871
1784890568314067968,36.87775182723999,6.599946022033691
1784890568323987712,36.88767170906067,3.1450061798095703
1784890568333906688,36.89759063720703,359.2685241699219
1784890568343826688,36.90751075744629,355.5301208496094
1784890568353746688,36.91743063926697,352.04864501953125
1784890568363665920,36.92734980583191,348.57208251953125
1784890568373585664,36.93726968765259,345.20965576171875
1784890568383504896,36.94718885421753,342.1324157714844
1784890568393424640,36.95710873603821,339.8650817871094
1784890568403344896,36.967028856277466,337.7515563964844
1784890568413263872,36.97694778442383,336.1895751953125
1784890568423183616,36.98686766624451,335.3155212402344
1784890568433103872,36.996787786483765,335.32513427734375
1784890568443022848,37.00670671463013,336.1684875488281
1784890568452942848,37.016626834869385,337.514892578125
1784890568462861824,37.02654576301575,339.5821838378906
1784890568472781568,37.036465644836426,342.7178649902344
1784890568482701824,37.046385765075684,346.4319152832031
1784890568492620800,37.056304693222046,350.7366027832031
1784890568502540800,37.066224813461304,355.5775451660156
1784890568512460800,37.07614469528198,0.850102424621582
1784890568522379776,37.086063861846924,6.409897804260254
1784890568532299776,37.0959837436676,12.250210762023926
1784890568542218752,37.105902671813965,18.2608642578125
1784890568552138752,37.11582279205322,24.31402587890625
1784890568562058752,37.1257426738739,30.446269989013672
1784890568571977728,37.13566184043884,36.44110870361328
1784890568581897728,37.14558172225952,42.06071090698242
1784890568591817728,37.15550184249878,47.45838165283203
1784890568601736704,37.16542077064514,52.430633544921875
1784890568611656704,37.17534065246582,56.85906219482422
1784890568621575936,37.18525981903076,60.661033630371094
1784890568631495680,37.19517970085144,63.925331115722656
1784890568641415936,37.2050998210907,66.88416290283203
1784890568651334656,37.21501874923706,69.64752960205078
1784890568661254656,37.22493863105774,72.158935546875
1784890568671174656,37.234858751297,74.39276885986328
1784890568681093632,37.24477767944336,76.20528411865234
1784890568691013888,37.25469779968262,77.47952270507812
1784890568700932864,37.26461672782898,78.32829284667969
1784890568710852864,37.27453684806824,78.83380126953125
1784890568720772864,37.284456729888916,78.95024108886719
1784890568730691584,37.29437565803528,78.77310180664062
1784890568740611840,37.304295778274536,78.20503997802734
1784890568750531584,37.314215660095215,77.22998809814453
1784890568760450816,37.324134826660156,75.82099914550781
1784890568770370816,37.334054708480835,74.16046142578125
1784890568780289536,37.3439736366272,72.4183349609375
1784890568790209792,37.353893756866455,70.72795104980469
1784890568800129536,37.363813638687134,68.99463653564453
1784890568810048768,37.373732805252075,67.26963806152344
1784890568819968768,37.383652687072754,65.48703002929688
1784890568829888768,37.39357280731201,63.69774627685547
1784890568839807744,37.403491735458374,61.98204040527344
1784890568849727744,37.41341185569763,60.395301818847656
1784890568859646720,37.423330783843994,58.953102111816406
1784890568869566720,37.43325066566467,57.692054748535156
1784890568879486720,37.44317078590393,56.60468292236328
1784890568889405696,37.45308971405029,55.66081237792969
1784890568899325952,37.46300983428955,54.88445281982422
1784890568909245696,37.47292971611023,54.213218688964844
1784890568919164672,37.48284864425659,53.693058013916016
1784890568929084672,37.49276876449585,53.32479476928711
1784890568939003648,37.50268769264221,53.099098205566406
1784890568948923904,37.51260781288147,52.9202766418457
1784890568958843648,37.52252769470215,52.85794448852539
1784890568968762880,37.53244686126709,52.84031677246094
1784890568978682880,37.54236674308777,52.85707092285156
1784890568988602880,37.552286863327026,52.8358154296875
1784890568998521856,37.56220579147339,52.73062515258789
1784890569008441600,37.57212567329407,52.53619384765625
1784890569018360832,37.58204483985901,52.28435134887695
1784890569028280832,37.59196472167969,52.04305648803711
1784890569038200832,37.601884841918945,51.8092155456543
1784890569048119808,37.61180377006531,51.595001220703125
1784890569058039552,37.621723651885986,51.400848388671875
1784890569067959808,37.631643772125244,51.15013885498047
1784890569077878784,37.641562700271606,50.86180877685547
1784890569087798784,37.651482820510864,50.544273376464844
1784890569097717760,37.66140174865723,50.23573303222656
1784890569107637760,37.671321630477905,49.97305679321289
1784890569117557760,37.68124175071716,49.772003173828125
1784890569127476736,37.691160678863525,49.6476936340332
1784890569137396736,37.70108079910278,49.58596420288086
1784890569147316736,37.71100068092346,49.507415771484375
1784890569157235968,37.7209198474884,49.4232063293457
1784890569167155712,37.73083972930908,49.36812973022461
1784890569177074688,37.740758657455444,49.32950973510742
1784890569186994688,37.7506787776947,49.27665328979492
1784890569196916224,37.760600090026855,49.15083312988281
1784890569206834944,37.77051901817322,48.95464324951172
1784890569216755200,37.780439138412476,48.72145462036133
1784890569226674944,37.790359020233154,48.47864532470703
1784890569236594176,37.800278186798096,48.24341583251953
1784890569246514176,37.810198068618774,48.02657699584961
1784890569256433152,37.820117235183716,47.86043167114258
1784890569266353152,37.830037117004395,47.74234390258789
1784890569276273152,37.83995723724365,47.644981384277344
1784890569286192128,37.849876165390015,47.565975189208984
1784890569296112128,37.85979604721069,47.49301528930664
1784890569306032128,37.86971616744995,47.38276290893555
1784890569315951104,37.87963509559631,47.261634826660156
1784890569325871104,37.88955521583557,47.10409164428711
1784890569335790080,37.899474143981934,46.91436767578125
1784890569345710080,37.90939402580261,46.707252502441406
1784890569355630080,37.91931414604187,46.505008697509766
1784890569365549056,37.92923307418823,46.297935485839844
1784890569375469312,37.93915319442749,46.0981559753418
1784890569385389056,37.94907307624817,45.893409729003906
1784890569395308032,37.95899200439453,45.65994644165039
1784890569405228032,37.96891212463379,45.387001037597656
1784890569415147008,37.97883105278015,45.084022521972656
1784890569425067264,37.98875117301941,44.75189208984375
1784890569434987008,37.99867105484009,44.38689422607422
1784890569444906240,38.00859022140503,44.48860168457031
1784890569454826240,38.01851010322571,44.0940055847168
1784890569464746240,38.028430223464966,43.688541412353516
1784890569474665216,38.03834915161133,43.303070068359375
1784890569484584960,38.04826903343201,42.938438415527344
1784890569494504192,38.05818819999695,42.60343933105469
1784890569504424192,38.06810808181763,42.80839538574219
1784890569514344192,38.078028202056885,43.02375411987305
1784890569524263168,38.08794713020325,43.24131393432617
1784890569534182912,38.097867012023926,43.45781326293945
1784890569544103168,38.107787132263184,43.65977478027344
1784890569554022144,38.117706060409546,43.819820404052734
1784890569563942144,38.127626180648804,43.969581604003906
1784890569573861120,38.137545108795166,44.11708068847656
1784890569583781120,38.147465229034424,44.24549865722656
1784890569593701120,38.1573851108551,44.39292907714844
1784890569603620096,38.167304039001465,44.57578659057617
1784890569613540096,38.17722415924072,44.7611198425293
1784890569623460096,38.1871440410614,44.94013214111328
1784890569633379328,38.19706320762634,45.11910629272461
1784890569643299072,38.20698308944702,45.25495529174805
1784890569653218048,38.216902017593384,45.3336067199707
1784890569663138048,38.22682213783264,45.38189697265625
1784890569673058048,38.23674201965332,45.40047073364258
1784890569682977280,38.24666118621826,45.430389404296875
1784890569692897024,38.25658106803894,45.482791900634766
1784890569702817280,38.2665011882782,45.55150604248047
1784890569712736256,38.27642011642456,45.62412643432617
1784890569722656256,38.28634023666382,45.70058822631836
1784890569732575232,38.29625916481018,45.76715850830078
1784890569742494976,38.30617904663086,45.81945037841797
1784890569752415232,38.31609916687012,45.86279296875
1784890569762334208,38.32601809501648,45.49993133544922
1784890569772254208,38.33593821525574,45.53174591064453
1784890569782174208,38.345858097076416,45.57557678222656
1784890569792092928,38.35577702522278,45.619834899902344
1784890569802013184,38.365697145462036,45.28391647338867
1784890569811932160,38.3756160736084,45.34716033935547
1784890569821852160,38.385536193847656,45.44560241699219
1784890569831772160,38.395456075668335,45.1933708190918
1784890569841691136,38.4053750038147,45.01401901245117
1784890569851611136,38.415295124053955,44.913211822509766
1784890569861531136,38.425215005874634,44.89695358276367
1784890569871450112,38.435134172439575,44.960655212402344
1784890569881370112,38.445054054260254,45.09264373779297
1784890569891289344,38.454973220825195,45.3017692565918
1784890569901209088,38.464893102645874,45.542724609375
1784890569911129344,38.47481322288513,45.77766418457031
1784890569921048064,38.484732151031494,46.01280975341797
1784890569930968064,38.49465203285217,46.21409606933594
1784890569940888064,38.50457215309143,46.40567398071289
1784890569950807040,38.51449108123779,46.54349136352539
1784890569960727296,38.52441120147705,46.65093231201172
1784890569970646016,38.53433012962341,46.74161148071289
1784890569980566016,38.54425001144409,46.82741165161133
1784890569990486272,38.55417013168335,46.67845153808594
1784890570000404992,38.56408905982971,46.98190689086914
1784890570010325248,38.57400918006897,47.29460525512695
1784890570020244992,38.58392906188965,47.648223876953125
1784890570030164224,38.59384822845459,48.03467559814453
1784890570040084224,38.60376811027527,48.41238784790039
1784890570050002944,38.61368703842163,48.46628952026367
1784890570059923200,38.62360715866089,48.84257125854492
1784890570069842944,38.63352704048157,49.27399444580078
1784890570079762176,38.64344620704651,49.81791687011719
1784890570089682176,38.65336608886719,50.43308639526367
1784890570099602176,38.663286209106445,51.12092590332031
1784890570109521152,38.67320513725281,51.854801177978516
1784890570119441152,38.683125019073486,52.65052032470703
1784890570129360128,38.69304418563843,53.5072021484375
1784890570139280128,38.702964067459106,54.46189880371094
1784890570149200128,38.712884187698364,55.54174041748047
1784890570159119104,38.72280311584473,56.778228759765625
1784890570169039360,38.732723236083984,58.03704833984375
1784890570178959104,38.74264311790466,59.246368408203125
1784890570188878080,38.752562046051025,60.3673095703125
1784890570198796288,38.76248025894165,61.425071716308594
1784890570208715264,38.77239918708801,62.46307373046875
1784890570218635264,38.78231930732727,63.53089904785156
1784890570228555264,38.79223918914795,64.62965393066406
1784890570238474496,38.80215835571289,65.77249908447266
1784890570248394240,38.81207823753357,66.88629150390625
1784890570258314496,38.82199835777283,67.81566619873047
1784890570268233216,38.83191728591919,68.65434265136719
1784890570278153216,38.84183716773987,69.40612030029297
1784890570288072448,38.85175633430481,70.05408477783203
1784890570297992192,38.86167621612549,70.53981018066406
1784890570307912448,38.871596336364746,70.89654541015625
1784890570317831168,38.88151526451111,71.15694427490234
1784890570327751424,38.891435384750366,71.28694915771484
1784890570337671168,38.901355266571045,71.27155303955078
1784890570347590144,38.91127419471741,71.05027770996094
1784890570357510400,38.921194314956665,70.61739349365234
1784890570367429376,38.93111324310303,69.97227478027344
1784890570377349376,38.941033363342285,69.22181701660156
1784890570387269376,38.950953245162964,68.40911102294922
1784890570397188096,38.960872173309326,67.72314453125
1784890570407108352,38.970792293548584,67.64342498779297
1784890570417027328,38.980711221694946,67.52745056152344
1784890570426947328,38.990631341934204,67.54471588134766
1784890570436867328,39.00055122375488,66.86653137207031
1784890570446786304,39.010470390319824,66.17456817626953
1784890570456706304,39.0203902721405,64.99906158447266
1784890570466626304,39.03031039237976,63.73826599121094
1784890570476545280,39.04022932052612,62.855934143066406
1784890570486465280,39.0501492023468,62.051361083984375
1784890570496384256,39.06006836891174,60.90910339355469
1784890570506304256,39.06998825073242,59.5859375
1784890570516224512,39.07990837097168,58.55311584472656
1784890570526143232,39.08982729911804,57.428184509277344
1784890570536063232,39.09974718093872,56.12883758544922
1784890570545983232,39.10966730117798,55.134727478027344
1784890570555902208,39.11958622932434,54.29969024658203
1784890570565822464,39.1295063495636,53.83575439453125
1784890570575741184,39.13942527770996,53.32089614868164
1784890570585661440,39.14934539794922,52.74965286254883
1784890570595581184,39.1592652797699,52.20497131347656
1784890570605500160,39.16918420791626,51.49490737915039
1784890570615420416,39.17910432815552,50.74568176269531
1784890570625340160,39.189024209976196,49.45368957519531
1784890570635259392,39.19894337654114,47.487571716308594
1784890570645179392,39.208863258361816,45.144287109375
1784890570655098112,39.21878218650818,42.59412384033203
1784890570665018368,39.22870230674744,39.25888442993164
1784890570674938112,39.238622188568115,35.40150833129883
1784890570684857344,39.24854135513306,31.297950744628906
1784890570694777344,39.258461236953735,27.114429473876953
1784890570704697344,39.26838135719299,22.847576141357422
1784890570714616320,39.278300285339355,18.82660675048828
1784890570724536320,39.28822040557861,15.3544282913208
1784890570734455296,39.298139333724976,12.208508491516113
1784890570744375296,39.308059215545654,9.706969261169434
1784890570754295296,39.31797933578491,7.857855796813965
1784890570764214272,39.327898263931274,6.237027168273926
1784890570774134272,39.33781838417053,5.821140289306641
1784890570784054272,39.34773826599121,6.576464653015137
1784890570793973248,39.35765719413757,8.200425148010254
1784890570803893248,39.36757731437683,10.496529579162598
1784890570813812224,39.37749624252319,13.721867561340332
1784890570823732480,39.38741636276245,17.383487701416016
1784890570833652224,39.39733624458313,21.602256774902344
1784890570843571200,39.40725517272949,26.105892181396484
1784890570853491200,39.41717529296875,31.194881439208984
1784890570863411200,39.42709517478943,36.659976959228516
1784890570873330432,39.43701434135437,42.43505859375
1784890570883250176,39.44693422317505,48.24372863769531
1784890570893170432,39.45685434341431,53.99427795410156
1784890570903089408,39.46677327156067,59.747772216796875
1784890570913009408,39.47669339179993,65.25454711914062
1784890570922928384,39.48661231994629,70.79106140136719
1784890570932848128,39.49653220176697,76.0702133178711
1784890570942768384,39.506452322006226,80.7803955078125
1784890570952687360,39.51637125015259,85.30996704101562
1784890570962607360,39.526291370391846,89.42083740234375
1784890570972526336,39.53621029853821,93.18174743652344
1784890570982446080,39.54613018035889,96.46090698242188
1784890570992366336,39.556050300598145,99.54247283935547
1784890571002285312,39.56596922874451,102.42988586425781
1784890571012205312,39.575889348983765,104.85038757324219
1784890571022125312,39.58580923080444,106.77098846435547
1784890571032044288,39.595728397369385,108.13314056396484
1784890571041964288,39.60564827919006,108.79888153076172
1784890571051883264,39.615567207336426,108.68402862548828
1784890571061803264,39.625487327575684,108.17008209228516
1784890571071723264,39.63540720939636,107.38349151611328
1784890571081642496,39.645326375961304,106.68474578857422
1784890571091562240,39.65524625778198,106.05504608154297
1784890571101482496,39.66516637802124,105.4224853515625
1784890571111401216,39.6750853061676,104.74021911621094
1784890571121321216,39.68500518798828,103.87472534179688
1784890571131240448,39.69492435455322,102.74493408203125
1784890571141160192,39.7048442363739,101.4041748046875
1784890571151080448,39.71476435661316,99.92863464355469
1784890571160999424,39.72468328475952,98.37964630126953
1784890571170919424,39.73460340499878,96.80902862548828
1784890571180839424,39.74452328681946,95.29475402832031
1784890571190758144,39.75444221496582,93.91230773925781
1784890571200679424,39.764363288879395,92.69983673095703
1784890571210598400,39.774282455444336,91.63995361328125
1784890571220518400,39.784202337265015,90.72073364257812
1784890571230438400,39.79412245750427,89.89469909667969
1784890571240357376,39.804041385650635,89.14093780517578
1784890571250277376,39.81396126747131,88.46858215332031
1784890571260197376,39.82388138771057,87.9123306274414
1784890571270116352,39.833800315856934,87.40929412841797
1784890571280036352,39.84372043609619,86.96772003173828
1784890571289955328,39.853639364242554,86.57501983642578
1784890571299875584,39.86355948448181,86.30674743652344
1784890571309795328,39.87347936630249,86.17504119873047
1784890571319714304,39.88339829444885,86.13716125488281
1784890571329634304,39.89331841468811,86.13644409179688
1784890571339553280,39.90323734283447,86.07689666748047
1784890571349473536,39.91315746307373,85.95076751708984
1784890571359393280,39.92307734489441,85.80166625976562
1784890571369312256,39.93299627304077,85.64684295654297
1784890571379232512,39.94291639328003,85.49951171875
1784890571389152256,39.95283627510071,85.36701965332031
1784890571399071488,39.96275544166565,85.24915313720703
1784890571408991232,39.97267532348633,85.07783508300781
1784890571418911488,39.982595443725586,84.92774200439453
1784890571428830464,39.99251437187195,84.75782775878906
1784890571438750208,40.00243425369263,84.58598327636719
1784890571448669440,40.01235342025757,84.40496063232422
1784890571458589440,40.02227330207825,84.2710952758789
1784890571468509440,40.032193422317505,84.21078491210938
1784890571478428416,40.04211235046387,84.21778869628906
1784890571488348416,40.052032470703125,84.28743743896484
1784890571498267392,40.06195139884949,84.4312744140625
1784890571508187392,40.071871280670166,84.62857818603516
1784890571518107392,40.081791400909424,84.86064147949219
1784890571528026368,40.091710329055786,85.08849334716797
1784890571537946368,40.101630449295044,85.28218078613281
1784890571547866368,40.11155033111572,85.41859436035156
1784890571557785344,40.121469259262085,85.50176239013672
1784890571567705344,40.13138937950134,85.53028106689453
1784890571577625344,40.14130926132202,85.49449157714844
1784890571587544320,40.15122842788696,85.39379119873047
1784890571597464320,40.16114830970764,85.27684783935547
1784890571607383552,40.17106747627258,85.1660385131836
1784890571617303296,40.18098735809326,85.07202911376953
1784890571627223552,40.19090747833252,84.98719787597656
1784890571637142528,40.20082640647888,84.89855194091797
1784890571647062272,40.21074628829956,84.77296447753906
1784890571656982528,40.22066640853882,84.60974884033203
1784890571666901248,40.23058533668518,84.41445922851562
1784890571676821504,40.24050545692444,84.15774536132812
1784890571686740480,40.2504243850708,83.9173583984375
1784890571696660224,40.26034426689148,83.6888656616211
1784890571706580480,40.27026438713074,83.49254608154297
1784890571716499456,40.2801833152771,83.3231201171875
1784890571726419456,40.29010343551636,83.16763305664062
1784890571736339456,40.300023317337036,83.07600402832031
1784890571746258432,40.30994248390198,83.0273666381836
1784890571756178432,40.319862365722656,82.96697235107422
1784890571766097408,40.32978129386902,82.87882995605469
1784890571776017408,40.339701414108276,82.763671875
1784890571785937408,40.349621295928955,82.63758850097656
1784890571795856384,40.3595404624939,82.50846862792969
1784890571805776384,40.369460344314575,82.37104797363281
1784890571815695360,40.37937927246094,82.22905731201172
1784890571825615360,40.389299392700195,82.05372619628906
1784890571835535360,40.399219274520874,81.83381652832031
1784890571845454336,40.409138441085815,81.57574462890625
1784890571855374336,40.419058322906494,81.25802612304688
1784890571865294336,40.42897844314575,80.88594818115234
1784890571875213312,40.438897371292114,80.48828125
1784890571885133312,40.44881725311279,80.06491088867188
1784890571895053312,40.45873737335205,79.64425659179688
1784890571904972288,40.46865630149841,79.24063873291016
1784890571914892544,40.47857642173767,78.85621643066406
1784890571924811264,40.48849534988403,78.49580383300781
1784890571934731520,40.49841547012329,78.1774673461914
1784890571944651264,40.50833535194397,77.8675537109375
1784890571954570240,40.51825428009033,77.5534439086914
1784890571964490496,40.52817440032959,77.23407745361328
1784890571974409216,40.53809332847595,76.90201568603516
1784890571984329472,40.54801344871521,76.56910705566406
1784890571994249216,40.55793333053589,76.25955963134766
1784890572004168192,40.56785225868225,75.967041015625
1784890572014088448,40.57777237892151,75.69839477539062
1784890572024008192,40.58769226074219,75.4690170288086
1784890572033927424,40.59761142730713,75.26020050048828
1784890572043847424,40.60753130912781,75.0414810180664
1784890572053766400,40.61745047569275,74.8266830444336
1784890572063686400,40.62737035751343,74.56855773925781
1784890572073606400,40.637290477752686,74.25359344482422
1784890572083525376,40.64720940589905,73.90508270263672
1784890572093445376,40.65712928771973,73.54168701171875
1784890572103365376,40.667049407958984,73.17382049560547
1784890572113284352,40.67696833610535,72.82172393798828
1784890572123204352,40.686888456344604,72.49757385253906
1784890572133123328,40.69680738449097,72.21552276611328
1784890572143043328,40.706727266311646,71.98149108886719
1784890572152963328,40.7166473865509,71.80577850341797
1784890572162882304,40.726566314697266,71.69135284423828
1784890572172802560,40.73648643493652,71.63935852050781
1784890572182722304,40.7464063167572,71.64986419677734
1784890572192641536,40.756325483322144,71.71237182617188
1784890572202560768,40.766244649887085,71.8152084350586
1784890572212479488,40.77616357803345,71.88446044921875
1784890572222399488,40.786083459854126,71.89227294921875
1784890572232319488,40.796003580093384,71.83293151855469
1784890572242238464,40.805922508239746,71.71904754638672
1784890572252158720,40.815842628479004,71.5354232788086
1784890572262078464,40.82576251029968,71.35740661621094
1784890572271997440,40.835681438446045,70.9205551147461
1784890572281917696,40.8456015586853,70.93309020996094
1784890572291836416,40.855520486831665,70.95691680908203
1784890572301756672,40.86544060707092,71.04772186279297
1784890572311676416,40.8753604888916,71.14994049072266
1784890572321595648,40.88527965545654,71.29322814941406
1784890572331515648,40.89519953727722,71.53025817871094
1784890572341435392,40.9051194190979,71.860107421875
1784890572351354624,40.91503858566284,72.3040771484375
1784890572361274368,40.92495846748352,72.81790924072266
1784890572371193600,40.93487763404846,73.39401245117188
1784890572381113600,40.94479751586914,74.03030395507812
1784890572391033600,40.9547176361084,74.77323913574219
1784890572400952576,40.96463656425476,75.60577392578125
1784890572410872576,40.97455644607544,76.45849609375
1784890572420792576,40.9844765663147,77.3558120727539
1784890572430711552,40.99439549446106,78.29063415527344
1784890572440631552,41.00431561470032,79.25956726074219
1784890572450550528,41.01423454284668,80.23747253417969
1784890572460470528,41.02415442466736,81.26769256591797
1784890572470390528,41.034074544906616,82.3626480102539
1784890572480309504,41.04399347305298,83.50707244873047
1784890572490229504,41.053913593292236,84.62936401367188
1784890572500149504,41.063833475112915,85.73729705810547
1784890572510068736,41.073752641677856,86.87031555175781
1784890572519988480,41.083672523498535,88.03215026855469
1784890572529907456,41.0935914516449,89.07752990722656
1784890572539827712,41.103511571884155,89.9632797241211
1784890572549747456,41.113431453704834,90.77509307861328
1784890572559666688,41.123350620269775,91.59882354736328
1784890572569586432,41.133270502090454,92.40682220458984
1784890572579505408,41.143189430236816,93.20722198486328
1784890572589425664,41.153109550476074,93.89149475097656
1784890572599345408,41.16302943229675,94.41325378417969
1784890572609264640,41.172948598861694,94.78658294677734
1784890572619184384,41.18286848068237,95.09326171875
1784890572629104640,41.19278860092163,95.28093719482422
1784890572639023616,41.20270752906799,95.31478118896484
1784890572648943616,41.21262764930725,95.21110534667969
1784890572658862592,41.22254657745361,95.01964569091797
1784890572668782592,41.23246645927429,94.70660400390625
1784890572678702592,41.24238657951355,94.2940902709961
1784890572688621568,41.25230550765991,93.74459838867188
1784890572698541568,41.26222562789917,93.14275360107422
1784890572708461568,41.27214550971985,92.57569122314453
1784890572718380544,41.28206443786621,92.04059600830078
1784890572728300544,41.29198455810547,91.3824691772461
1784890572738219520,41.30190348625183,90.45426177978516
1784890572748139520,41.31182360649109,89.4690933227539
1784890572758059520,41.32174348831177,88.47114562988281
1784890572767978752,41.33166265487671,87.29180908203125
1784890572777898496,41.34158253669739,86.04999542236328
1784890572787817472,41.35150146484375,84.63432312011719
1784890572797737472,41.36142158508301,83.21875762939453
1784890572807657472,41.37134146690369,81.58287811279297
1784890572817576704,41.38126063346863,79.69646453857422
1784890572827496448,41.39118051528931,78.20575714111328
1784890572837416704,41.401100635528564,76.78656005859375
1784890572847335680,41.41101956367493,75.26300048828125
1784890572857255424,41.420939445495605,74.27264404296875
1784890572867174656,41.43085861206055,73.75743865966797
1784890572877094400,41.440778493881226,73.0640640258789
1784890572887014656,41.45069861412048,72.35614776611328
1784890572896933632,41.460617542266846,71.34896087646484
1784890572906853376,41.470537424087524,69.92550659179688
1784890572916773632,41.48045754432678,68.22985076904297
1784890572926692608,41.490376472473145,66.27143096923828
1784890572936612608,41.5002965927124,63.60838317871094
1784890572946531584,41.510215520858765,60.34424591064453
1784890572956451584,41.52013564109802,56.52202606201172
1784890572966371584,41.5300555229187,52.56437683105469
1784890572976290560,41.53997445106506,48.04325485229492
1784890572986210560,41.54989457130432,43.190616607666016
1784890572996130560,41.559814453125,38.42902374267578
1784890573006049536,41.56973361968994,33.81667709350586
1784890573015969536,41.57965350151062,29.570850372314453
1784890573025888512,41.58957242965698,26.121578216552734
1784890573035808512,41.59949254989624,23.67636489868164
1784890573045728512,41.60941243171692,21.938129425048828
1784890573055647488,41.61933159828186,20.39366912841797
1784890573065567488,41.62925148010254,19.177650451660156
1784890573075486720,41.63917064666748,18.728546142578125
1784890573085406464,41.64909052848816,18.80608367919922
1784890573095326720,41.65901064872742,20.201587677001953
1784890573105245696,41.66892957687378,22.41873550415039
1784890573115165440,41.67884945869446,25.08181381225586
1784890573125085696,41.688769578933716,28.772605895996094
1784890573135004416,41.69868850708008,33.00453567504883
1784890573144924672,41.708608627319336,37.647212982177734
1784890573154843648,41.7185275554657,42.86306381225586
1784890573164763392,41.72844743728638,48.491241455078125
1784890573174683648,41.738367557525635,54.37861633300781
1784890573184602624,41.748286485672,60.309165954589844
1784890573194522624,41.758206605911255,65.99756622314453
1784890573204442368,41.768126249313354,71.51762390136719
1784890573214361088,41.77804517745972,76.97232055664062
1784890573224281344,41.787965297698975,82.4748306274414
1784890573234200320,41.79788422584534,87.79733276367188
1784890573244120320,41.807804346084595,92.74742889404297
1784890573254040320,41.81772422790527,97.28570556640625
1784890573263959296,41.827643156051636,101.42391967773438
1784890573273879296,41.837563276290894,105.0557861328125
1784890573283799296,41.84748315811157,108.29293060302734
1784890573293718272,41.857402324676514,110.93885040283203
1784890573303638272,41.86732220649719,113.28661346435547
1784890573313557248,41.877241134643555,115.25408172607422
1784890573323477248,41.88716125488281,116.84867095947266
1784890573333397248,41.89708113670349,117.9927749633789
1784890573343316224,41.90700030326843,118.51067352294922
1784890573353236224,41.91692018508911,118.6115493774414
1784890573363155456,41.92683935165405,118.35997772216797
1784890573373075200,41.93675923347473,117.90653228759766
1784890573382995456,41.94667935371399,117.18894958496094
1784890573392914176,41.95659828186035,116.2528076171875
1784890573402834176,41.96651816368103,114.98307037353516
1784890573412754176,41.97643828392029,113.4036865234375
1784890573422673152,41.98635721206665,111.63095092773438
1784890573432593408,41.99627733230591,109.7581787109375
1784890573442512384,42.00619626045227,107.87940216064453
1784890573452432128,42.01611614227295,106.04175567626953
1784890573462352384,42.02603626251221,104.24046325683594
1784890573472271104,42.03595519065857,102.5093994140625
1784890573482191360,42.04587531089783,100.88603210449219
1784890573492111104,42.055795192718506,99.39435577392578
1784890573502030336,42.06571435928345,98.03430938720703
1784890573511950336,42.075634241104126,96.7923355102539
1784890573521869056,42.08555316925049,95.72313690185547
1784890573531789312,42.095473289489746,94.84686279296875
1784890573541709312,42.105393171310425,94.153564453125
1784890573551628288,42.115312337875366,93.634033203125
1784890573561548288,42.125232219696045,93.25251007080078
1784890573571467264,42.13515114784241,92.97077941894531
1784890573581387264,42.145071268081665,92.67715454101562
1784890573591307264,42.154991149902344,92.42167663574219
1784890573601226240,42.164910316467285,92.18858337402344
1784890573611146240,42.174830198287964,91.99837493896484
1784890573621066240,42.18475031852722,91.82881927490234
1784890573630985216,42.194669246673584,91.66625213623047
1784890573640905216,42.20458912849426,91.43218231201172
1784890573650824192,42.214508295059204,91.14032745361328
1784890573660744192,42.22442817687988,90.77642822265625
1784890573670664192,42.23434829711914,90.40589904785156
1784890573680583168,42.2442672252655,90.02278137207031
1784890573690503424,42.25418734550476,89.60287475585938
1784890573700422400,42.26410627365112,89.14322662353516
1784890573710342144,42.2740261554718,88.66764068603516
1784890573720262400,42.28394627571106,88.19693756103516
1784890573730181120,42.29386520385742,87.76932525634766
1784890573740101376,42.30378532409668,87.46711730957031
1784890573750021120,42.31370520591736,87.23108673095703
1784890573759940096,42.32362413406372,87.04558563232422
1784890573769860352,42.33354425430298,86.91210174560547
1784890573779779072,42.34346318244934,86.79702758789062
1784890573789699328,42.3533833026886,86.73686218261719
1784890573799619072,42.36330318450928,86.72724914550781
1784890573809538304,42.37322235107422,86.73993682861328
1784890573819458304,42.3831422328949,86.73478698730469
1784890573829378304,42.393062353134155,86.65415954589844
1784890573839297280,42.40298128128052,86.50700378417969
1784890573849217280,42.412901163101196,86.3271255493164
1784890573859136256,42.42282032966614,86.13724517822266
1784890573869056256,42.432740211486816,85.94623565673828
1784890573878976256,42.442660331726074,85.78634643554688
1784890573888895232,42.45257925987244,85.66634368896484
1784890573898815232,42.462499141693115,85.53768157958984
1784890573908734208,42.47241830825806,85.40754699707031
1784890573918654208,42.482338190078735,85.28941345214844
1784890573928574208,42.49225831031799,85.16842651367188
1784890573938493184,42.502177238464355,85.05398559570312
1784890573948413440,42.51209735870361,84.94783782958984
1784890573958333184,42.52201724052429,84.82209777832031
1784890573968252160,42.531936168670654,84.66134643554688
1784890573978172416,42.54185628890991,84.45674896240234
1784890573988091136,42.551775217056274,84.21768951416016
1784890573998011392,42.56169533729553,83.95740509033203
1784890574007931136,42.57161521911621,83.70475769042969
1784890574017850112,42.58153414726257,83.46725463867188
1784890574027770368,42.59145426750183,83.24879455566406
1784890574037690112,42.60137414932251,83.04479217529297
1784890574047609344,42.61129331588745,82.82823181152344
1784890574057529088,42.62121319770813,82.60026550292969
1784890574067448064,42.63113212585449,82.35055541992188
1784890574077368320,42.64105224609375,82.07315826416016
1784890574087288064,42.65097212791443,81.80078887939453
1784890574097207296,42.66089129447937,81.5344467163086
1784890574107127296,42.67081117630005,81.2642593383789
1784890574117046272,42.68073034286499,80.99859619140625
1784890574126966272,42.69065022468567,80.74259948730469
1784890574136886272,42.70057034492493,80.47917938232422
1784890574146805248,42.71048927307129,80.21648406982422
1784890574156725248,42.72040915489197,79.94763946533203
1784890574166644224,42.73032832145691,79.67156982421875
1784890574176564224,42.74024820327759,79.39042663574219
1784890574186484224,42.750168323516846,79.1043701171875
1784890574196404224,42.760088205337524,78.8177490234375
1784890574206324224,42.77000832557678,78.54488372802734
1784890574216244224,42.77992820739746,78.28036499023438
1784890574226163456,42.7898473739624,78.01685333251953
1784890574236083200,42.79976725578308,77.7537841796875
1784890574246002176,42.80968618392944,77.47509002685547
1784890574255922432,42.8196063041687,77.20085906982422
1784890574265842176,42.82952618598938,76.93004608154297
1784890574275761408,42.83944535255432,76.66252136230469
1784890574285681152,42.849365234375,76.39627838134766
1784890574295600384,42.85928440093994,76.14822387695312
1784890574305520384,42.86920428276062,75.90542602539062
1784890574315440384,42.87912440299988,75.65614318847656
1784890574325359360,42.88904333114624,75.39579010009766
1784890574335279104,42.89896321296692,75.12454986572266
1784890574345199360,42.90888333320618,74.84336853027344
1784890574355118336,42.91880226135254,74.55829620361328
1784890574365038336,42.9287223815918,74.27386474609375
1784890574374957312,42.93864130973816,73.99789428710938
1784890574384877312,42.94856119155884,73.7341079711914
1784890574394797312,42.958481311798096,73.49488067626953
1784890574404716288,42.96840023994446,73.25399017333984
1784890574414636288,42.978320360183716,73.02098083496094
1784890574424556288,42.988240242004395,72.7756576538086
1784890574434475264,42.99815917015076,72.51286315917969
1784890574444395264,43.008079290390015,72.25057983398438
1784890574454314240,43.01799821853638,71.99162292480469
1784890574464234240,43.027918338775635,71.77196502685547
1784890574474154240,43.03783822059631,71.59278106689453
1784890574484073472,43.047757387161255,71.451171875
1784890574493993216,43.057677268981934,71.34403991699219
1784890574503912192,43.067596197128296,71.25867462158203
1784890574513832448,43.077516317367554,71.21186065673828
1784890574523752192,43.08743619918823,71.2032470703125
1784890574533671424,43.097355365753174,71.2508544921875
1784890574543591168,43.10727524757385,71.35218048095703
1784890574553510144,43.117194175720215,71.50390625
1784890574563430400,43.12711429595947,71.70599365234375
1784890574573350144,43.13703417778015,71.9648208618164
1784890574583269376,43.14695334434509,72.25817108154297
1784890574593189120,43.15687322616577,72.53202819824219
1784890574603108352,43.16679239273071,72.76904296875
1784890574613028352,43.17671227455139,73.03604888916016
1784890574622948352,43.18663239479065,73.29900360107422
1784890574632867328,43.19655132293701,73.53035736083984
1784890574642787328,43.20647120475769,73.75717163085938
1784890574652707328,43.21639132499695,73.99644470214844
1784890574662626304,43.22631025314331,74.26385498046875
1784890574672546304,43.23623037338257,74.2685317993164
1784890574682465280,43.24614930152893,74.7094955444336
1784890574692385280,43.25606918334961,75.1138916015625
1784890574702305280,43.26598930358887,75.49891662597656
1784890574712224256,43.27590823173523,75.9168472290039
1784890574722144256,43.28582835197449,76.39169311523438
1784890574732063232,43.29574728012085,76.90621185302734
1784890574741983488,43.30566740036011,77.3857421875
1784890574751903232,43.315587282180786,77.84325408935547
1784890574761822208,43.32550621032715,78.47010040283203
1784890574771742464,43.335426330566406,79.11114501953125
1784890574781662208,43.345346212387085,79.82740020751953
1784890574791581440,43.355265378952026,80.5589599609375
1784890574801501184,43.365185260772705,81.2878646850586
1784890574811420160,43.37510418891907,82.03974914550781
1784890574821340416,43.385024309158325,82.8599853515625
1784890574831260160,43.394944190979004,83.69633483886719
1784890574841179392,43.404863357543945,84.43736267089844
1784890574851099136,43.414783239364624,85.17110443115234
1784890574861018112,43.424702167510986,85.94470977783203
1784890574870938368,43.434622287750244,86.7126693725586
1784890574880858112,43.44454216957092,87.4560775756836
1784890574890777344,43.454461336135864,88.09197235107422
1784890574900697344,43.46438121795654,88.59291076660156
1784890574910616320,43.474300384521484,89.03616333007812
1784890574920536320,43.48422026634216,89.41370391845703
1784890574930456320,43.49414038658142,89.74494171142578
1784890574940375296,43.50405931472778,90.09857177734375
1784890574950295296,43.51397919654846,90.4588851928711
1784890574960214272,43.5238983631134,90.79949951171875
1784890574970134272,43.53381824493408,91.1271743774414
1784890574980054272,43.54373836517334,91.43356323242188
1784890574989973248,43.5536572933197,91.6115493774414
1784890574999893248,43.56357717514038,91.64530944824219
1784890575009813248,43.57349729537964,91.56973266601562
1784890575019732224,43.583416223526,91.45878601074219
1784890575029652480,43.59333634376526,91.4157485961914
1784890575039571200,43.60325527191162,91.47251892089844
1784890575049491456,43.61317539215088,91.46073150634766
1784890575059411200,43.62309527397156,91.41177368164062
1784890575069330176,43.63301420211792,91.16724395751953
1784890575079250432,43.64293432235718,90.65697479248047
1784890575089169152,43.65285325050354,90.05874633789062
1784890575099089408,43.6627733707428,89.329833984375
1784890575109009152,43.67269325256348,88.27437591552734
1784890575118928128,43.68261218070984,87.03591918945312
1784890575128848384,43.6925323009491,85.85962677001953
1784890575138767360,43.70245122909546,84.52237701416016
1784890575148687360,43.71237134933472,82.91326904296875
1784890575158607360,43.722291231155396,81.27943420410156
1784890575168526336,43.73221039772034,79.57970428466797
1784890575178446336,43.742130279541016,78.24246978759766
1784890575188365312,43.75204920768738,77.08895111083984
1784890575198285568,43.761969566345215,75.62135314941406
1784890575208205568,43.771889448165894,74.27197265625
1784890575218124544,43.781808614730835,72.92119598388672
1784890575228044544,43.791728496551514,71.26361846923828
1784890575237964544,43.80164861679077,69.6529769897461
1784890575247883520,43.811567544937134,68.24969482421875
1784890575257803520,43.82148742675781,66.84737396240234
1784890575267722496,43.831406593322754,65.29932403564453
1784890575277642496,43.84132647514343,63.687721252441406
1784890575287562496,43.85124659538269,61.40641784667969
1784890575297481472,43.86116552352905,58.419097900390625
1784890575307401728,43.87108564376831,54.60723114013672
1784890575317320704,43.88100457191467,50.68318557739258
1784890575327240448,43.89092445373535,46.68138122558594
1784890575337160704,43.90084457397461,42.379085540771484
1784890575347079424,43.91076350212097,37.92267608642578
1784890575356999680,43.92068362236023,33.31901550292969
1784890575366918656,43.93060255050659,28.991897583007812
1784890575376838400,43.94052243232727,25.034568786621094
1784890575386758656,43.95044255256653,21.625171661376953
1784890575396677376,43.96036148071289,18.86574935913086
1784890575406597632,43.97028160095215,16.702770233154297
1784890575416516608,43.98020052909851,14.971602439880371
1784890575426436608,43.99012064933777,13.828461647033691
1784890575436356608,44.00004053115845,13.729941368103027
1784890575446275584,44.00995945930481,14.807229042053223
1784890575456195584,44.01987957954407,16.84408950805664
1784890575466115584,44.029799461364746,19.75531768798828
1784890575476034560,44.03971862792969,23.4896240234375
1784890575485954560,44.049638509750366,28.009998321533203
1784890575495873536,44.05955743789673,32.86553955078125
1784890575505793536,44.069477558135986,38.16396713256836
1784890575515713536,44.079397439956665,43.72861099243164
1784890575525632512,44.089316606521606,49.196041107177734
1784890575535552512,44.099236488342285,54.83855438232422
1784890575545471744,44.10915565490723,60.404754638671875
1784890575555391488,44.119075536727905,66.13162231445312
1784890575565311488,44.128995418548584,71.85589599609375
1784890575575230720,44.138914585113525,77.29536437988281
1784890575585150464,44.148834466934204,82.50254821777344
1784890575595069696,44.158753633499146,87.55601501464844
1784890575604989440,44.168673515319824,92.39774322509766
1784890575614909696,44.17859363555908,96.93617248535156
1784890575624828672,44.188512563705444,101.16193389892578
1784890575634748416,44.19843244552612,104.95797729492188
1784890575644667648,44.208351612091064,108.33572387695312
1784890575654587392,44.21827149391174,111.37181091308594
1784890575664507648,44.228191614151,114.0429916381836
1784890575674426624,44.23811054229736,116.22949981689453
1784890575684346368,44.24803042411804,118.05782318115234
1784890575694265600,44.25794959068298,119.5545425415039
1784890575704185600,44.26786947250366,120.6104507446289
1784890575714105600,44.27778959274292,121.21660614013672
1784890575724024576,44.28770852088928,121.32123565673828
1784890575733944576,44.29762864112854,121.01874542236328
1784890575743863552,44.3075475692749,120.2572250366211
1784890575753783552,44.31746745109558,119.18326568603516
1784890575763703552,44.32738757133484,117.88191986083984
1784890575773622528,44.3373064994812,116.43498992919922
1784890575783542528,44.34722661972046,114.86138916015625
1784890575793461504,44.35714554786682,113.24433898925781
1784890575803381504,44.3670654296875,111.60210418701172
1784890575813301504,44.37698554992676,109.990478515625
1784890575823220480,44.38690447807312,108.46522521972656
1784890575833140736,44.39682459831238,107.00740814208984
1784890575843060480,44.40674448013306,105.63629913330078
1784890575852979712,44.416663646698,104.31715393066406
1784890575862899456,44.42658352851868,103.08482360839844
1784890575872818432,44.43650245666504,101.94231414794922
1784890575882738688,44.4464225769043,100.90857696533203
1784890575892658432,44.456342458724976,100.0243911743164
1784890575902577664,44.46626162528992,99.28580474853516
1784890575912497408,44.476181507110596,98.66411590576172
1784890575922416384,44.48610043525696,98.17393493652344
1784890575932336640,44.496020555496216,97.78645324707031
1784890575942256384,44.505940437316895,97.46015167236328
1784890575952175616,44.515859603881836,97.21977996826172
1784890575962095616,44.525779485702515,97.10082244873047
1784890575972014592,44.535698652267456,97.05502319335938
1784890575981934592,44.545618534088135,97.06575012207031
1784890575991854592,44.55553865432739,97.132568359375
1784890576001773568,44.565457582473755,97.20941162109375
1784890576011693568,44.575377464294434,97.31428527832031
1784890576021612544,44.585296630859375,97.36441802978516
1784890576031532544,44.595216512680054,97.3354721069336
1784890576041452544,44.60513663291931,97.26151275634766
1784890576051371520,44.615055561065674,97.1082992553711
1784890576061291520,44.62497544288635,96.87333679199219
1784890576071210496,44.634894609451294,96.54593658447266
1784890576081130496,44.64481449127197,96.11780548095703
1784890576091050752,44.65473461151123,95.65100860595703
1784890576100969472,44.66465353965759,95.17869567871094
1784890576110889472,44.67457342147827,94.73986053466797
1784890576120808704,44.68449258804321,94.38681030273438
1784890576130728448,44.69441246986389,94.10910034179688
1784890576140648704,44.70433259010315,93.8736572265625
1784890576150567424,44.71425151824951,93.66544342041016
1784890576160487680,44.72417163848877,93.47505187988281
1784890576170406656,44.73409056663513,93.29976654052734
1784890576180326400,44.74401044845581,93.07601928710938
1784890576190246656,44.75393056869507,92.80844116210938
1784890576200165632,44.76384973526001,92.541015625
1784890576210085888,44.77376985549927,92.30023193359375
1784890576220005632,44.783689737319946,92.09967803955078
1784890576229924864,44.79360890388489,91.89803314208984
1784890576239844864,44.803528785705566,91.71585845947266
1784890576249763840,44.81344771385193,91.53816986083984
1784890576259683840,44.82336783409119,91.57472229003906
1784890576269603840,44.833287715911865,91.5981674194336
1784890576279522816,44.84320688247681,91.59925079345703
1784890576289442816,44.853126764297485,91.59428405761719
1784890576299361792,44.86304569244385,91.5596694946289
1784890576309281792,44.872965812683105,91.49646759033203
1784890576319201792,44.882885694503784,91.3807144165039
1784890576329120768,44.892804861068726,91.20353698730469
1784890576339040768,44.902724742889404,90.96540069580078
1784890576348959744,44.91264367103577,90.65064239501953
1784890576358879744,44.922563791275024,90.28524017333984
1784890576368799744,44.9324836730957,89.88027954101562
1784890576378718976,44.942402839660645,89.48716735839844
1784890576388638720,44.95232272148132,89.1494369506836
1784890576398557952,44.962241888046265,88.90904235839844
1784890576408477696,44.97216176986694,88.73290252685547
1784890576418397952,44.9820818901062,88.58795928955078
1784890576428316928,44.99200081825256,88.46675872802734
1784890576438236672,45.00192070007324,88.34768676757812
1784890576448155904,45.011839866638184,88.20101928710938
1784890576458075648,45.02175974845886,88.0390625
1784890576467995904,45.03167986869812,87.87173461914062
1784890576477914880,45.04159879684448,87.73626708984375
1784890576487834624,45.05151867866516,87.65376281738281
1784890576497753856,45.0614378452301,87.58311462402344
1784890576507673856,45.07135772705078,87.50646209716797
1784890576517593856,45.08127784729004,87.42826080322266
1784890576527512832,45.0911967754364,87.32730865478516
1784890576537432832,45.10111689567566,87.21908569335938
1784890576547351808,45.11103582382202,87.10604095458984
1784890576557271808,45.1209557056427,86.98802185058594
1784890576567191808,45.13087582588196,86.86856079101562
1784890576577110784,45.14079475402832,86.72980499267578
1784890576587030784,45.15071487426758,86.59947967529297
1784890576596949760,45.16063380241394,86.48770141601562
1784890576606869760,45.17055368423462,86.3622817993164
1784890576616789760,45.18047380447388,86.2223892211914
1784890576626708736,45.19039273262024,86.0663833618164
1784890576636628992,45.2003128528595,85.8474349975586
1784890576646547712,45.21023178100586,85.63577270507812
1784890576656467968,45.22015190124512,85.43533325195312
1784890576666387712,45.230071783065796,85.20677947998047
1784890576676306688,45.23999071121216,84.92041015625
1784890576686226944,45.249910831451416,84.56678009033203
1784890576696145664,45.25982975959778,84.14595031738281
1784890576706065920,45.269749879837036,83.67923736572266
1784890576715985664,45.279669761657715,83.2068099975586
1784890576725904640,45.28958868980408,82.77404022216797
1784890576735824896,45.299508810043335,82.39531707763672
1784890576745743872,45.3094277381897,82.06908416748047
1784890576755663872,45.319347858428955,81.7965087890625
1784890576765583872,45.329267740249634,81.62608337402344
1784890576775502592,45.339186668395996,81.46247863769531
1784890576785422848,45.349106788635254,81.328369140625
1784890576795341824,45.359025716781616,81.23968505859375
1784890576805261824,45.368945837020874,81.1091079711914
1784890576815181824,45.37886571884155,81.016845703125
1784890576825100800,45.388784885406494,80.94661712646484
1784890576835020800,45.39870476722717,80.90657043457031
1784890576844939776,45.408623695373535,80.87030792236328
1784890576854859776,45.41854381561279,80.83786010742188
1784890576864779776,45.42846369743347,80.81672668457031
1784890576874698752,45.43838286399841,80.85014343261719
1784890576884618752,45.44830274581909,80.92028045654297
1784890576894537728,45.458221673965454,81.00562286376953
1784890576904457728,45.46814179420471,81.08541107177734
1784890576914377728,45.47806167602539,81.20155334472656
1784890576924296960,45.48798084259033,81.40740966796875
1784890576934216704,45.49790072441101,81.67465209960938
1784890576944135936,45.50781989097595,81.95729064941406
1784890576954055680,45.51773977279663,82.65213012695312
1784890576963975936,45.52765989303589,83.18792724609375
1784890576973894912,45.53757882118225,83.76531982421875
1784890576983814656,45.54749870300293,84.3836898803711
1784890576993733888,45.55741786956787,85.00922393798828
1784890577003653888,45.56733775138855,85.62995147705078
1784890577013573888,45.57725787162781,86.25199127197266
1784890577023492864,45.58717679977417,86.95248413085938
1784890577033412608,45.59709668159485,87.71542358398438
1784890577043331840,45.60701584815979,88.52843475341797
1784890577053251840,45.61693572998047,89.35945129394531
1784890577063171840,45.62685585021973,90.22205352783203
1784890577073090816,45.63677477836609,91.07373046875
1784890577083010816,45.64669489860535,91.95247650146484
1784890577092929792,45.65661382675171,92.86035919189453
1784890577102849792,45.66653370857239,93.84248352050781
1784890577112769792,45.676453828811646,94.8582534790039
1784890577122688768,45.68637275695801,95.82525634765625
1784890577132608768,45.696292877197266,96.78684997558594
1784890577142527744,45.70621180534363,97.81998443603516
1784890577152447744,45.71613168716431,98.84760284423828
1784890577162367744,45.726051807403564,99.74366760253906
1784890577172286720,45.73597073554993,100.5802001953125
1784890577182206976,45.745890855789185,101.22643280029297
1784890577192125696,45.75580978393555,101.76884460449219
1784890577202045696,45.765729665756226,102.11089324951172
1784890577211965696,45.77564978599548,102.34442901611328
1784890577221884672,45.785568714141846,102.46819305419922
1784890577231804928,45.7954888343811,102.400390625
1784890577241723648,45.805407762527466,102.2503662109375
1784890577251643648,45.815327644348145,101.96379852294922
1784890577261563904,45.8252477645874,101.64202880859375
1784890577271482624,45.835166692733765,101.3117446899414
1784890577281402880,45.84508681297302,100.75234985351562
1784890577291321856,45.855005741119385,99.8927001953125
1784890577301241856,45.86492586135864,98.8024673461914
1784890577311161856,45.87484574317932,97.43138885498047
1784890577321080576,45.884764671325684,95.94824981689453
1784890577331000832,45.89468479156494,94.42073822021484
1784890577340919808,45.904603719711304,92.9035873413086
1784890577350839808,45.91452383995056,91.32353210449219
1784890577360759808,45.92444372177124,89.4185562133789
1784890577370678784,45.9343626499176,87.85266876220703
1784890577380598784,45.94428277015686,86.30913543701172
1784890577390517760,45.95420169830322,84.8357162475586
1784890577400437760,45.96412181854248,83.39505004882812
1784890577410357760,45.97404170036316,82.22511291503906
1784890577420276736,45.98396062850952,81.1893081665039
1784890577430196736,45.99388074874878,79.95692443847656
1784890577440115712,46.00379967689514,78.81892395019531
1784890577450035712,46.0137197971344,78.03298950195312
1784890577459955712,46.02363967895508,77.65060424804688
1784890577469874944,46.03355884552002,76.94908905029297
1784890577479794688,46.0434787273407,75.0201416015625
1784890577489713664,46.05339765548706,72.58517456054688
1784890577499633664,46.06331777572632,69.71441650390625
1784890577509553664,46.073237657547,66.20204162597656
1784890577519472896,46.08315682411194,62.40235900878906
1784890577529392640,46.09307670593262,58.619712829589844
1784890577539311616,46.10299563407898,54.40419006347656
1784890577549231872,46.11291575431824,49.74940872192383
1784890577559151616,46.122835636138916,44.97126007080078
1784890577569070848,46.13275480270386,40.01850128173828
1784890577578990592,46.142674684524536,35.42253494262695
1784890577588909824,46.15259385108948,31.327102661132812
1784890577598829824,46.162513732910156,28.129432678222656
1784890577608749824,46.172433853149414,26.01862335205078
1784890577618668800,46.182352781295776,24.39098358154297
1784890577628588800,46.192272663116455,23.5111083984375
1784890577638507776,46.2021918296814,23.690853118896484
1784890577648427776,46.212111711502075,24.46949005126953
1784890577658347776,46.22203183174133,26.03260040283203
1784890577668266752,46.231950759887695,28.550125122070312
1784890577678186752,46.241870641708374,32.023746490478516
1784890577688105728,46.251789808273315,36.16692352294922
1784890577698025728,46.261709690093994,40.79220962524414
1784890577707945728,46.27162981033325,249.35511779785156
1784890577717864704,46.281548738479614,249.35585021972656
1784890577727784960,46.29146885871887,249.3195037841797
1784890577737703680,46.301387786865234,64.94110107421875
1784890577747623680,46.31130766868591,71.66333770751953
1784890577757543680,46.32122778892517,78.31226348876953
1784890577767462656,46.33114671707153,84.82455444335938
1784890577777382912,46.34106683731079,91.07465362548828
1784890577787301888,46.35098576545715,96.8596420288086
1784890577797221632,46.36090564727783,102.32508850097656
1784890577807141888,46.37082576751709,107.23164367675781
1784890577817060608,46.38074469566345,111.35628509521484
1784890577826980864,46.39066481590271,114.97738647460938
1784890577836899840,46.40058374404907,118.14537811279297
1784890577846819584,46.41050362586975,120.83084869384766
1784890577856739840,46.42042374610901,123.07312774658203
1784890577866658560,46.43034267425537,124.83939361572266
1784890577876578816,46.44026279449463,126.1284408569336
1784890577886497792,46.45018172264099,127.06507110595703
1784890577896417792,46.46010184288025,127.66641998291016
1784890577906337792,46.47002172470093,127.88675689697266
1784890577916256768,46.47994065284729,127.75817108154297
1784890577926176768,46.48986077308655,127.29717254638672
1784890577936095744,46.49977970123291,126.3539047241211
1784890577946015744,46.50969982147217,125.0290756225586
1784890577955934720,46.51961874961853,123.40445709228516
1784890577965854720,46.52953863143921,121.46858978271484
1784890577975774720,46.53945875167847,119.3880386352539
1784890577985693696,46.54937767982483,117.15132904052734
1784890577995613696,46.55929780006409,114.8751449584961
1784890578005533696,46.569217681884766,112.64311981201172
1784890578015452928,46.57913684844971,110.5215072631836
1784890578025372672,46.589056730270386,108.50835418701172
1784890578035291648,46.59897565841675,106.62837219238281
1784890578045211904,46.608895778656006,104.86544799804688
1784890578055131648,46.618815660476685,103.33416748046875
1784890578065050880,46.628734827041626,102.09247589111328
1784890578074970624,46.638654708862305,101.13932037353516
1784890578084889600,46.64857363700867,100.4390640258789
1784890578094809856,46.658493757247925,99.93959045410156
1784890578104728576,46.66841268539429,99.57337188720703
1784890578114648832,46.678332805633545,99.30823516845703
1784890578124568576,46.688252687454224,99.12103271484375
1784890578134487808,46.698171854019165,99.03364562988281
1784890578144407808,46.708091735839844,99.0018539428711
1784890578154327808,46.7180118560791,99.01422882080078
1784890578164246784,46.727930784225464,99.02052307128906
1784890578174166784,46.73785066604614,98.83622741699219
1784890578184085760,46.747769832611084,98.5487289428711
1784890578194005760,46.75768971443176,98.17554473876953
1784890578203924992,46.767608880996704,97.80321502685547
1784890578213844736,46.77752876281738,97.44538116455078
1784890578223764992,46.78744888305664,97.07186889648438
1784890578233683712,46.797367811203,96.69058990478516
1784890578243603968,46.80728793144226,96.28591918945312
1784890578253523712,46.81720781326294,95.8932113647461
1784890578263442944,46.82712697982788,95.49036407470703
1784890578273362944,46.83704686164856,95.0501480102539
1784890578283281920,46.84696578979492,94.6949234008789
1784890578293201920,46.85688591003418,94.44629669189453
1784890578303121920,46.86680579185486,94.27156066894531
1784890578313040896,46.8767249584198,94.13748168945312
1784890578322960896,46.88664484024048,94.01304626464844
1784890578332879872,46.89656376838684,93.90914154052734
1784890578342799872,46.9064838886261,93.82435607910156
1784890578352719872,46.91640377044678,93.77267456054688
1784890578362638848,46.92632293701172,93.75640106201172
1784890578372558848,46.9362428188324,93.6868667602539
1784890578382478080,46.94616198539734,93.5715560913086
1784890578392397824,46.95608186721802,93.40779876708984
1784890578402318080,46.966001987457275,93.16263580322266
1784890578412237056,46.97592091560364,92.90599822998047
1784890578422156800,46.985840797424316,92.60789489746094
1784890578432076032,46.99575996398926,92.3006820678711
1784890578441995776,47.00567984580994,91.97608184814453
1784890578451916032,47.015599966049194,91.66873931884766
1784890578461835008,47.02551889419556,91.41148376464844
1784890578471754752,47.035438776016235,91.19253540039062
1784890578481673984,47.04535794258118,90.98873901367188
1784890578491593728,47.055277824401855,90.77156066894531
1784890578501512704,47.06519675254822,90.51671600341797
1784890578511432960,47.075116872787476,90.21376037597656
1784890578521352704,47.085036754608154,89.89059448242188
1784890578531271936,47.094955921173096,89.5496826171875
1784890578541191936,47.104875802993774,89.21075439453125
1784890578551111936,47.11479592323303,89.01568603515625
1784890578561030912,47.124714851379395,88.7132797241211
1784890578570950912,47.13463497161865,88.42572784423828
1784890578580869888,47.144553899765015,88.13923645019531
1784890578590789888,47.15447378158569,87.86466979980469
1784890578600709888,47.16439390182495,87.58391571044922
1784890578610628864,47.17431282997131,87.2926254272461
1784890578620548864,47.18423295021057,86.99429321289062
1784890578630467840,47.194151878356934,86.6981201171875
1784890578640387840,47.20407176017761,86.41207122802734
1784890578650307840,47.21399188041687,86.13135528564453
1784890578660226816,47.22391080856323,85.84138488769531
1784890578670146816,47.23383092880249,85.53888702392578
1784890578680065792,47.24374985694885,85.22706604003906
1784890578689986048,47.25366997718811,84.9221420288086
1784890578699905792,47.26358985900879,84.61896514892578
1784890578709824768,47.27350878715515,84.33672332763672
1784890578719745024,47.28342890739441,84.08501434326172
1784890578729663744,47.29334783554077,83.8478775024414
1784890578739584000,47.30326795578003,83.60472869873047
1784890578749503744,47.31318783760071,83.36613464355469
1784890578759422720,47.32310676574707,83.11840057373047
1784890578769342976,47.33302688598633,82.86474609375
1784890578779261952,47.34294581413269,82.6160659790039
1784890578789181952,47.35286593437195,82.3681640625
1784890578799101952,47.36278581619263,82.11209869384766
1784890578809020928,47.37270498275757,81.85403442382812
1784890578818940928,47.38262486457825,81.56297302246094
1784890578828859904,47.39254379272461,81.27391052246094
1784890578838779904,47.40246391296387,80.98184204101562
1784890578848699904,47.412383794784546,80.68314361572266
1784890578858618880,47.42230296134949,80.3662109375
1784890578868538880,47.432222843170166,80.05001831054688
1784890578878457856,47.44214177131653,79.72392272949219
1784890578888377856,47.452061891555786,79.39849853515625
1784890578898297856,47.461981773376465,79.08084869384766
1784890578908216832,47.471900939941406,78.75809478759766
1784890578918136832,47.481820821762085,78.44192504882812
1784890578928056064,47.491739988327026,78.13501739501953
1784890578937975808,47.501659870147705,77.8404312133789
1784890578947895808,47.511579751968384,77.5418701171875
1784890578957815040,47.521498918533325,77.26930236816406
1784890578967734784,47.531418800354004,77.03833770751953
1784890578977654016,47.541337966918945,76.83082580566406
1784890578987573760,47.551257848739624,76.64292907714844
1784890578997494016,47.56117796897888,76.45511627197266
1784890579007412992,47.571096897125244,76.26465606689453
1784890579017332736,47.58101677894592,76.05990600585938
1784890579027251968,47.590935945510864,75.85333251953125
1784890579037171968,47.60085582733154,75.62928009033203
1784890579047091968,47.6107759475708,75.40132904052734
1784890579057010944,47.62069487571716,75.2171401977539
1784890579066930688,47.63061475753784,75.04338836669922
1784890579076849920,47.64053392410278,74.83386993408203
1784890579086769920,47.65045380592346,74.61514282226562
1784890579096689920,47.66037392616272,74.4126205444336
1784890579106608896,47.67029285430908,74.23374938964844
1784890579116528896,47.68021297454834,74.0365219116211
1784890579126447872,47.6901319026947,74.03858947753906
1784890579136367872,47.70005178451538,73.79734802246094
1784890579146287872,47.70997190475464,73.51365661621094
1784890579156206848,47.719890832901,73.24403381347656
1784890579166126848,47.72981095314026,73.54402160644531
1784890579176045824,47.73972988128662,73.67501831054688
1784890579185965824,47.7496497631073,73.8055648803711
1784890579195885824,47.75956988334656,74.00955200195312
1784890579205805056,47.7694890499115,74.35918426513672
1784890579215725056,47.77940893173218,74.87665557861328
1784890579225644032,47.78932809829712,75.51387786865234
1784890579235564032,47.7992479801178,76.20417022705078
1784890579245484032,47.809168100357056,76.9283447265625
1784890579255403008,47.81908702850342,77.60388946533203
1784890579265323264,47.829007148742676,78.25823211669922
1784890579275241984,47.83892607688904,78.96604919433594
1784890579285161984,47.84884595870972,79.70848846435547
1784890579295081984,47.858766078948975,80.45209503173828
1784890579305000960,47.86868500709534,81.1235122680664
1784890579314921216,47.878605127334595,81.72309875488281
1784890579324840192,47.88852405548096,82.25534057617188
1784890579334759936,47.898443937301636,82.69203186035156
1784890579344680192,47.908364057540894,82.98800659179688
1784890579354598912,47.918282985687256,83.0965576171875
1784890579364519168,47.928203105926514,83.15599060058594
1784890579374438912,47.93812298774719,83.25128936767578
1784890579384358144,47.948042154312134,83.41624450683594
1784890579394278144,47.95796203613281,83.55782318115234
1784890579404196864,47.967880964279175,83.57002258300781
1784890579414117120,47.97780108451843,83.54432678222656
1784890579424036096,47.987720012664795,83.50274658203125
1784890579433956096,47.99764013290405,83.5060806274414
1784890579443876096,48.00756001472473,83.58341979980469
1784890579453795072,48.017478942871094,83.62568664550781
1784890579463715072,48.02739906311035,83.56620788574219
1784890579473634048,48.037317991256714,83.4832534790039
1784890579483554048,48.04723811149597,83.1280746459961
1784890579493474048,48.05715799331665,82.57504272460938
1784890579503393024,48.06707692146301,81.73365783691406
1784890579513313024,48.07699704170227,80.85057067871094
1784890579523233024,48.08691692352295,79.9798583984375
1784890579533152000,48.09683609008789,78.84122467041016
1784890579543072000,48.10675597190857,77.40526580810547
1784890579552991232,48.11667513847351,75.82872009277344
1784890579562910976,48.12659502029419,73.87776184082031
1784890579572831232,48.13651514053345,72.10905456542969
1784890579582750208,48.14643406867981,70.59759521484375
1784890579592669952,48.15635395050049,69.10745239257812
1784890579602589184,48.16627311706543,67.33524322509766
1784890579612508928,48.17619299888611,65.9837646484375
1784890579622429184,48.186113119125366,64.9163589477539
1784890579632348160,48.19603204727173,63.90802764892578
1784890579642267904,48.20595192909241,63.21250915527344
1784890579652187136,48.21587109565735,62.31159973144531
1784890579662106880,48.22579097747803,61.17582702636719
1784890579672027136,48.235711097717285,59.50135040283203
1784890579681946112,48.24563002586365,57.2137451171875
1784890579691866112,48.255550146102905,54.44123840332031
1784890579701785088,48.26546907424927,51.38539123535156
1784890579711705088,48.275388956069946,47.96110916137695
1784890579721625088,48.285309076309204,43.75712966918945
1784890579731544064,48.295228004455566,39.01595687866211
1784890579741464064,48.305148124694824,34.322853088378906
1784890579751383040,48.31506705284119,29.862567901611328
1784890579761303040,48.324986934661865,25.642559051513672
1784890579771223040,48.33490705490112,21.766788482666016
1784890579781142016,48.344825983047485,18.481510162353516
1784890579791062016,48.35474610328674,16.265857696533203
1784890579800980992,48.364665031433105,14.431151390075684
1784890579810901248,48.37458515167236,13.254414558410645
1784890579820820992,48.38450503349304,13.252995491027832
1784890579830739968,48.394423961639404,14.343106269836426
1784890579840659968,48.40434408187866,16.341705322265625
1784890579850578944,48.414263010025024,19.161762237548828
1784890579860499200,48.42418313026428,22.830135345458984
1784890579870418944,48.43410301208496,27.39429473876953
1784890579880337920,48.44402194023132,32.73731994628906
1784890579890258176,48.45394206047058,38.65697479248047
1784890579900177920,48.46386194229126,237.04322814941406
1784890579910097152,48.4737811088562,236.9729461669922
1784890579920016896,48.48370099067688,58.63410949707031
1784890579929935872,48.49361991882324,65.17183685302734
1784890579939856128,48.5035400390625,71.16561126708984
1784890579949775872,48.51345992088318,76.69697570800781
1784890579959695104,48.52337908744812,81.46778106689453
1784890579969615104,48.5332989692688,85.7905502319336
1784890579979534080,48.54321813583374,89.96147155761719
1784890579989454080,48.55313801765442,94.0970687866211
1784890579999374080,48.56305813789368,97.88294219970703
1784890580009293056,48.57297706604004,101.28793334960938
1784890580019213056,48.58289694786072,104.33985137939453
1784890580029132032,48.59281611442566,106.78450775146484
1784890580039052032,48.60273599624634,108.94654083251953
1784890580048972032,48.612656116485596,110.85578155517578
1784890580058891008,48.62257504463196,112.65682983398438
1784890580068811008,48.63249492645264,114.26034545898438
1784890580078729984,48.64241409301758,115.8186264038086
1784890580088649984,48.65233397483826,117.14569854736328
1784890580098569984,48.662254095077515,117.96984100341797
1784890580108488960,48.67217302322388,118.27300262451172
1784890580118409216,48.682093143463135,117.94686126708984
1784890580128328192,48.6920120716095,117.18338775634766
1784890580138247936,48.701931953430176,116.03550720214844
1784890580148168192,48.711852073669434,114.57929992675781
1784890580158086912,48.721771001815796,112.99327087402344
1784890580168007168,48.731691122055054,111.27857208251953
1784890580177926144,48.741610050201416,109.36735534667969
1784890580187845888,48.751529932022095,107.27312469482422
1784890580197766144,48.76145005226135,104.97831726074219
1784890580207685120,48.771368980407715,102.70005798339844
1784890580217604864,48.781288862228394,100.40403747558594
1784890580227523840,48.791207790374756,98.05194091796875
1784890580237443840,48.801127910614014,95.75578308105469
1784890580247363840,48.81104779243469,93.51374816894531
1784890580257283072,48.820966958999634,91.50751495361328
1784890580267202816,48.83088684082031,89.75897216796875
1784890580277123072,48.84080696105957,88.30236053466797
1784890580287041792,48.85072588920593,87.16177368164062
1784890580296961792,48.86064577102661,86.29193115234375
1784890580306881024,48.87056493759155,85.66734313964844
1784890580316800768,48.88048481941223,85.22406768798828
1784890580326721024,48.89040493965149,84.96906280517578
1784890580336640000,48.90032386779785,84.8741226196289
1784890580346560000,48.91024398803711,84.90413665771484
1784890580356478976,48.92016291618347,84.95339965820312
1784890580366398720,48.93008279800415,84.9815902709961
1784890580376318976,48.94000291824341,84.96102142333984
1784890580386237952,48.94992184638977,84.86504364013672
1784890580396157952,48.95984196662903,84.73674774169922
1784890580406076928,48.96976089477539,84.52197265625
1784890580415996672,48.97968077659607,84.26616668701172
1784890580425916928,48.98960089683533,84.00698852539062
1784890580435835904,48.99951982498169,83.58949279785156
1784890580445755904,49.00943994522095,83.12185668945312
1784890580455674880,49.01935887336731,82.68328094482422
1784890580465594880,49.02927875518799,82.29718017578125
1784890580475514880,49.039198875427246,81.94139099121094
1784890580485433856,49.04911780357361,81.63921356201172
1784890580495353856,49.059037923812866,81.38016510009766
1784890580505272832,49.06895685195923,81.1624755859375
1784890580515193088,49.078876972198486,81.00965881347656
1784890580525112832,49.088796854019165,80.96121978759766
1784890580535031808,49.09871578216553,81.05300903320312
1784890580544951808,49.108635902404785,81.25770568847656
1784890580554871808,49.118555784225464,81.47530364990234
1784890580564791040,49.128474950790405,81.63948822021484
1784890580574710784,49.138394832611084,81.7470932006836
1784890580584629760,49.148313760757446,81.7933120727539
1784890580594550016,49.158233880996704,81.7883071899414
1784890580604469760,49.16815376281738,81.77398681640625
1784890580614388992,49.178072929382324,81.72501373291016
1784890580624308736,49.187992811203,81.65785217285156
1784890580634227968,49.197911977767944,81.56329345703125
1784890580644147968,49.20783185958862,81.41749572753906
1784890580654067968,49.21775197982788,81.24173736572266
1784890580663986944,49.22767090797424,81.0260238647461
1784890580673906688,49.23759078979492,80.79049682617188
1784890580683825920,49.24750995635986,80.50239562988281
1784890580693745920,49.25742983818054,80.1773681640625
1784890580703665920,49.2673499584198,79.8595962524414
1784890580713584896,49.27726888656616,79.527587890625
1784890580723504896,49.28718876838684,79.17350006103516
1784890580733423872,49.29710793495178,78.77615356445312
1784890580743343872,49.30702781677246,78.3457260131836
1784890580753263872,49.31694793701172,77.894287109375
1784890580763182848,49.32686686515808,77.46532440185547
1784890580773103104,49.33678698539734,77.04802703857422
1784890580783022848,49.34670686721802,76.6346664428711
1784890580792941824,49.35662579536438,76.24073791503906
1784890580802861824,49.36654591560364,75.85636138916016
1784890580812780800,49.37646484375,75.57717895507812
1784890580822701056,49.38638496398926,75.2916259765625
1784890580832620800,49.39630484580994,74.8631820678711
1784890580842539776,49.4062237739563,74.55423736572266
1784890580852460032,49.41614389419556,74.24394989013672
1784890580862378752,49.42606282234192,73.8227310180664
1784890580872299008,49.43598294258118,73.41328430175781
1784890580882218752,49.445902824401855,73.11808776855469
1784890580892137728,49.45582175254822,72.72066497802734
1784890580902057984,49.465741872787476,72.43539428710938
1784890580911976704,49.47566080093384,72.14659881591797
1784890580921896960,49.485580921173096,71.85599517822266
1784890580931816704,49.495500802993774,71.56649780273438
1784890580941735936,49.505419969558716,71.29154968261719
1784890580951655936,49.515339851379395,71.0258560180664
1784890580961574912,49.52525877952576,70.76475524902344
1784890580971494912,49.535178899765015,70.50548553466797
1784890580981414912,49.54509878158569,70.25182342529297
1784890580991333888,49.555017948150635,69.989501953125
1784890581001253888,49.56493782997131,69.70795440673828
1784890581011173888,49.57485795021057,69.43230438232422
1784890581021092864,49.584776878356934,69.17279815673828
1784890581031012864,49.59469676017761,68.92908477783203
1784890581040931840,49.604615926742554,68.70104217529297
1784890581050851840,49.61453580856323,68.48650360107422
1784890581060771840,49.62445592880249,68.25689697265625
1784890581070690816,49.63437485694885,68.00945281982422
1784890581080611072,49.64429497718811,67.72624206542969
1784890581090529792,49.65421390533447,67.43000030517578
1784890581100449792,49.66413378715515,67.12605285644531
1784890581110370048,49.67405390739441,66.82955932617188
1784890581120288768,49.68397283554077,66.53927612304688
1784890581130209024,49.69389295578003,66.24971771240234
1784890581140128000,49.70381188392639,65.9435806274414
1784890581150047744,49.71373176574707,65.60931396484375
1784890581159968000,49.72365188598633,65.26438903808594
1784890581169886720,49.73357081413269,64.92501068115234
1784890581179806976,49.74349093437195,64.60662078857422
1784890581189725952,49.75340986251831,64.32279205322266
1784890581199645952,49.76332998275757,64.0759048461914
1784890581209564672,49.77324867248535,63.87272644042969
1784890581219483648,49.783167600631714,63.691444396972656
1784890581229403648,49.79308772087097,63.50079345703125
1784890581239323648,49.80300760269165,63.30250549316406
1784890581249242624,49.81292653083801,63.111572265625
1784890581259162624,49.82284665107727,62.9508056640625
1784890581269081600,49.83276557922363,62.82633972167969
1784890581279001600,49.84268569946289,62.740760803222656
1784890581288921600,49.85260558128357,62.71056365966797
1784890581298840576,49.86252450942993,62.694915771484375
1784890581308760576,49.87244462966919,62.715858459472656
1784890581318679552,49.88236355781555,62.76795196533203
1784890581328599808,49.89228367805481,62.837928771972656
1784890581338519552,49.90220355987549,62.95249938964844
1784890581348438784,49.91212272644043,63.14619445800781
1784890581358358528,49.92204260826111,63.43658447265625
1784890581368277504,49.93196153640747,63.787452697753906
1784890581378197760,49.94188165664673,64.15459442138672
1784890581388117504,49.95180153846741,64.54439544677734
1784890581398036736,49.96172070503235,64.9935302734375
1784890581407956480,49.97164058685303,65.50439453125
1784890581417876736,49.981560707092285,66.06940460205078
1784890581427795712,49.99147963523865,66.66254425048828
1784890581437715456,50.001399517059326,67.27278900146484
1784890581447634688,50.01131868362427,67.79090881347656
1784890581457554688,50.021238565444946,68.57547760009766
1784890581467474688,50.031158685684204,69.40045928955078
1784890581477393664,50.041077613830566,70.17679595947266
1784890581487313664,50.050997734069824,70.86746978759766
1784890581497232640,50.06091666221619,71.6445541381836
1784890581507152640,50.070836544036865,72.3677978515625
1784890581517072640,50.08075666427612,73.13623809814453
1784890581526991616,50.090675592422485,73.94447326660156
1784890581536911616,50.10059571266174,74.73971557617188
1784890581546830592,50.110514640808105,75.53626251220703
1784890581556750592,50.120434522628784,76.31038665771484
1784890581566670592,50.13035464286804,77.05194091796875
1784890581576589568,50.140273571014404,77.73812103271484
1784890581586509824,50.15019369125366,78.44999694824219
1784890581596428544,50.160112619400024,79.2214584350586
1784890581606348544,50.1700325012207,80.02024841308594
1784890581616268544,50.17995262145996,80.77908325195312
1784890581626187520,50.18987154960632,81.37825012207031
1784890581636107776,50.19979166984558,81.89266204833984
1784890581646027520,50.20971155166626,82.34272003173828
1784890581655946752,50.2196307182312,82.67774963378906
1784890581665866496,50.22955060005188,82.9950180053711
1784890581675785472,50.23946952819824,83.28346252441406
1784890581685705728,50.2493896484375,83.45057678222656
1784890581695625472,50.25930953025818,83.43317413330078
1784890581705544704,50.26922869682312,83.40045166015625
1784890581715464704,50.2791485786438,83.28194427490234
1784890581725383424,50.28906750679016,83.0999984741211
1784890581735303680,50.29898762702942,82.87663269042969
1784890581745223424,50.3089075088501,82.54232788085938
1784890581755142656,50.31882667541504,82.14986419677734
1784890581765062656,50.32874655723572,81.75453186035156
1784890581774981632,50.33866572380066,81.30392456054688
1784890581784901632,50.34858560562134,80.71847534179688
1784890581794821632,50.358505725860596,79.78657531738281
1784890581804740608,50.36842465400696,78.4144058227539
1784890581814660608,50.37834453582764,76.88423919677734
1784890581824579840,50.38826370239258,75.3456039428711
1784890581834499584,50.39818358421326,74.02738952636719
1784890581844419840,50.408103704452515,72.50369262695312
1784890581854338560,50.41802263259888,70.44100189208984
1784890581864258560,50.427942514419556,68.31156921386719
1784890581874177792,50.4378616809845,66.55062103271484
1784890581884097536,50.447781562805176,64.74456787109375
1784890581894017792,50.457701683044434,63.02674102783203
1784890581903936512,50.467620611190796,61.74030303955078
1784890581913856768,50.477540731430054,60.508514404296875
1784890581923776512,50.48746061325073,58.96189880371094
1784890581933695488,50.497379541397095,57.6043701171875
1784890581943615744,50.50729966163635,56.69085693359375
1784890581953534720,50.517218589782715,55.518211364746094
1784890581963454720,50.52713871002197,54.51837921142578
1784890581973374720,50.53705859184265,52.95613098144531
1784890581983293440,50.546977519989014,51.310054779052734
1784890581993213696,50.55689764022827,49.01421356201172
1784890582003132672,50.566816568374634,46.062255859375
1784890582013052672,50.57673668861389,42.66022491455078
1784890582022972672,50.58665657043457,38.8856201171875
1784890582032891648,50.59657573699951,34.44224548339844
1784890582042811648,50.60649561882019,29.75107192993164
1784890582052731392,50.61641550064087,25.236469268798828
1784890582062650624,50.62633466720581,20.811050415039062
1784890582072570624,50.63625454902649,16.368030548095703
1784890582082489856,50.64617371559143,11.817032814025879
1784890582092409600,50.65609359741211,7.6597185134887695
1784890582102329856,50.66601371765137,4.251645088195801
1784890582112248576,50.67593264579773,2.0094947814941406
1784890582122168576,50.68585252761841,0.43474483489990234
1784890582132087808,50.69577169418335,0.15436363220214844
1784890582142007552,50.70569157600403,1.413661003112793
1784890582151927808,50.715611696243286,3.3852081298828125
1784890582161846528,50.72553062438965,228.56764221191406
1784890582171766528,50.73545050621033,228.9444580078125
1784890582181685760,50.74536967277527,229.2368927001953
1784890582191605504,50.75528955459595,229.49220275878906
1784890582201525760,50.765209674835205,229.6416473388672
1784890582211445760,50.77512979507446,229.68272399902344
1784890582221366016,50.78504991531372,229.7072296142578
1784890582231284736,50.79496884346008,229.52943420410156
1784890582241204992,50.80488896369934,49.97917175292969
1784890582251124736,50.81480884552002,56.13463592529297
1784890582261043712,50.82472777366638,62.06865692138672
1784890582270963968,50.83464789390564,68.0026626586914
1784890582280883712,50.84456777572632,73.96663665771484
1784890582290802944,50.85448694229126,79.44566345214844
1784890582300722944,50.86440682411194,84.37925720214844
1784890582310641664,50.8743257522583,88.8446044921875
1784890582320561920,50.88424587249756,92.9471435546875
1784890582330481664,50.89416575431824,96.46310424804688
1784890582340400896,50.90408492088318,99.64683532714844
1784890582350320896,50.91400480270386,102.54541015625
1784890582360239872,50.9239239692688,104.99545288085938
1784890582370159872,50.93384385108948,106.76803588867188
1784890582380079872,50.943763971328735,107.99542236328125
1784890582389998848,50.9536828994751,108.83333587646484
1784890582399918848,50.963602781295776,109.39920043945312
1784890582409838080,50.97352194786072,109.8817367553711
1784890582419757824,50.9834418296814,110.07252502441406
1784890582429678080,50.993361949920654,110.2235336303711
1784890582439596800,51.00328087806702,110.24433898925781
1784890582449516800,51.013200759887695,109.97418212890625
1784890582459436800,51.02312088012695,109.3753662109375
1784890582469355776,51.033039808273315,108.37593078613281
1784890582479276032,51.04295992851257,107.11730194091797
1784890582489194752,51.052878856658936,105.63229370117188
1784890582499115008,51.06279897689819,103.91624450683594
1784890582509034752,51.07271885871887,102.04988861083984
1784890582518953728,51.082637786865234,100.1008071899414
1784890582528873984,51.09255790710449,98.17210388183594
1784890582538792960,51.102476835250854,96.29047393798828
1784890582548712960,51.11239695549011,94.50972747802734
1784890582558632960,51.12231683731079,92.84441375732422
1784890582568551680,51.13223576545715,91.3262939453125
1784890582578471936,51.14215588569641,90.00797271728516
1784890582588390912,51.15207481384277,88.86092376708984
1784890582598310912,51.16199493408203,87.80611419677734
1784890582608230912,51.17191481590271,86.8567886352539
1784890582618149888,51.18183398246765,86.05082702636719
1784890582628069888,51.19175386428833,85.36984252929688
1784890582637988864,51.20167279243469,84.84882354736328
1784890582647908864,51.21159291267395,84.4668197631836
1784890582657828864,51.22151279449463,84.21992492675781
1784890582667748096,51.23143196105957,84.06739807128906
1784890582677667840,51.24135184288025,83.99530029296875
1784890582687588096,51.25127196311951,83.98030853271484
1784890582697506816,51.26119089126587,84.00202178955078
1784890582707426816,51.27111077308655,84.01432800292969
1784890582717346048,51.28102993965149,84.0138931274414
1784890582727265792,51.29094982147217,83.99665832519531
1784890582737186048,51.300869941711426,83.98863983154297
1784890582747104768,51.31078886985779,84.0289535522461
1784890582757024768,51.32070875167847,84.04475402832031
1784890582766944000,51.33062791824341,83.96692657470703
1784890582776863744,51.34054780006409,83.76736450195312
1784890582786784000,51.350467920303345,83.48599243164062
1784890582796702976,51.36038684844971,83.2125015258789
1784890582806622976,51.370306968688965,83.00102233886719
1784890582816542976,51.380226850509644,82.83769226074219
1784890582826461696,51.390145778656006,82.7445068359375
1784890582836381952,51.400065898895264,82.6932601928711
1784890582846300928,51.409984827041626,82.67560577392578
1784890582856220928,51.419904947280884,82.68043518066406
1784890582866140928,51.42982482910156,82.71369934082031
1784890582876059648,51.439743757247925,82.77981567382812
1784890582885979904,51.44966387748718,82.86540222167969
1784890582895898880,51.459582805633545,82.91389465332031
1784890582905818880,51.4695029258728,82.88894653320312
1784890582915738880,51.47942280769348,82.80818176269531
1784890582925658112,51.48934197425842,82.71473693847656
1784890582935577856,51.4992618560791,82.62228393554688
1784890582945496832,51.509180784225464,82.53965759277344
1784890582955416832,51.51910090446472,82.47408294677734
1784890582965336832,51.5290207862854,82.4225845336914
1784890582975256064,51.53893995285034,82.3619613647461
1784890582985175808,51.54885983467102,82.24763488769531
1784890582995096064,51.55877995491028,82.08740997314453
1784890583005014784,51.56869888305664,81.8644027709961
1784890583014934784,51.57861876487732,81.60176086425781
1784890583024854016,51.58853793144226,81.31497955322266
1784890583034773760,51.59845781326294,80.999755859375
1784890583044694016,51.6083779335022,80.67256164550781
1784890583054612992,51.61829686164856,80.32940673828125
1784890583064532992,51.62821698188782,79.9840087890625
1784890583074451968,51.63813591003418,79.63343048095703
1784890583084371712,51.64805579185486,79.29154205322266
1784890583094291968,51.657975912094116,78.95833587646484
1784890583104210944,51.66789484024048,78.63612365722656
1784890583114130944,51.677814960479736,78.32920837402344
1784890583124049920,51.6877338886261,78.03408813476562
1784890583133969664,51.69765377044678,77.7436752319336
1784890583143889920,51.707573890686035,77.43966674804688
1784890583153808896,51.7174928188324,77.1151123046875
1784890583163728896,51.727412939071655,76.7619857788086
1784890583173648896,51.737332820892334,76.39488983154297
1784890583183568128,51.747251987457275,76.00836944580078
1784890583193487872,51.757171869277954,75.5787124633789
1784890583203406848,51.767090797424316,75.10403442382812
1784890583213326848,51.777010917663574,74.60875701904297
1784890583223247104,51.78693103790283,74.09832763671875
1784890583233166080,51.796849966049194,73.57852935791016
1784890583243086080,51.80677008628845,73.05926513671875
1784890583253005056,51.816689014434814,72.5511474609375
1784890583262924800,51.82660889625549,72.06592559814453
1784890583272845056,51.83652901649475,71.56291198730469
1784890583282764032,51.84644794464111,71.0574722290039
1784890583292684032,51.85636806488037,70.53768920898438
1784890583302604032,51.86628794670105,70.01978302001953
1784890583312523008,51.87620711326599,69.51321411132812
1784890583322443008,51.88612699508667,69.01773834228516
1784890583332361984,51.89604592323303,68.51901245117188
1784890583342281984,51.90596604347229,68.0221176147461
1784890583352201984,51.91588592529297,67.54369354248047
1784890583362121216,51.92580509185791,67.07302856445312
1784890583372040960,51.93572497367859,66.60883331298828
1784890583381959936,51.94564390182495,66.15937805175781
1784890583391879936,51.95556402206421,65.7221908569336
1784890583401799936,51.96548390388489,65.2859115600586
1784890583411719168,51.97540307044983,64.86571502685547
1784890583421638912,51.98532295227051,64.47677612304688
1784890583431557888,51.99524188041687,64.13330841064453
1784890583441477888,52.00516200065613,63.82395935058594
1784890583451397888,52.01508188247681,63.55071258544922
1784890583461317120,52.02500104904175,63.2864990234375
1784890583471236864,52.03492093086243,63.022254943847656
1784890583481157120,52.044841051101685,62.73186492919922
1784890583491076096,52.05475997924805,62.23249053955078
1784890583500996096,52.064680099487305,61.89118957519531
1784890583510915072,52.07459902763367,61.516448974609375
1784890583520834816,52.084518909454346,61.11669921875
1784890583530755072,52.0944390296936,60.68671417236328
1784890583540674048,52.104357957839966,60.231117248535156
1784890583550594048,52.114278078079224,59.738525390625
1784890583560513024,52.124197006225586,59.16649627685547
1784890583570433024,52.134116888046265,58.546302795410156
1784890583580353024,52.14403700828552,57.91778564453125
1784890583590272000,52.153955936431885,57.29639434814453
1784890583600192000,52.16387605667114,56.68907928466797
1784890583610112000,52.17379593849182,56.10966491699219
1784890583620031232,52.18371510505676,55.54063415527344
1784890583629950976,52.19363498687744,54.961181640625
1784890583639869952,52.203553915023804,54.31817626953125
1784890583649789952,52.21347403526306,53.6045036315918
1784890583659709952,52.22339391708374,52.8308219909668
1784890583669629184,52.23331308364868,52.0576171875
1784890583679548928,52.24323296546936,51.360801696777344
1784890583689467904,52.25315189361572,50.771568298339844
1784890583699387904,52.26307201385498,49.81827163696289
1784890583709307904,52.27299189567566,49.315433502197266
1784890583719227136,52.2829110622406,48.82978057861328
1784890583729146880,52.29283094406128,48.33810806274414
1784890583739066112,52.30275011062622,47.79744338989258
1784890583748986112,52.3126699924469,47.22943115234375
1784890583758906112,52.32259011268616,46.65669250488281
1784890583768825088,52.33250904083252,46.04734420776367
1784890583778744832,52.3424289226532,45.43705749511719
1784890583788665088,52.352349042892456,44.8417854309082
1784890583798584064,52.36226797103882,44.13992691040039
1784890583808504064,52.372188091278076,43.2884521484375
1784890583818423040,52.38210701942444,42.279945373535156
1784890583828343040,52.39202690124512,41.143157958984375
1784890583838263040,52.401947021484375,39.92192459106445
1784890583848182016,52.41186594963074,38.68165588378906
1784890583858102016,52.421786069869995,37.41016387939453
1784890583868020992,52.43170499801636,36.118385314941406
1784890583877940992,52.441624879837036,34.80147171020508
1784890583887860992,52.451545000076294,33.43790054321289
1784890583897779968,52.461463928222656,31.93511962890625
1784890583907699968,52.471384048461914,30.2982177734375
1784890583917618944,52.481302976608276,28.557052612304688
1784890583927539200,52.491223096847534,26.725692749023438
1784890583937458944,52.50114297866821,24.857147216796875
1784890583947377920,52.511061906814575,22.99612045288086
1784890583957297920,52.52098202705383,21.170276641845703
1784890583967217920,52.53090190887451,19.432632446289062
1784890583977137152,52.54082107543945,17.819942474365234
1784890583987056896,52.55074095726013,16.31589126586914
1784890583996975872,52.560659885406494,14.910906791687012
1784890584006896128,52.57058000564575,13.597725868225098
1784890584016815872,52.58049988746643,12.35937786102295
1784890584026735104,52.59041905403137,11.16260051727295
1784890584036654848,52.60033893585205,9.990450859069824
1784890584046574080,52.61025810241699,8.863011360168457
1784890584056494080,52.62017798423767,7.812512397766113
1784890584066414080,52.63009810447693,6.8226823806762695
1784890584076333056,52.64001703262329,5.8491621017456055
1784890584086252800,52.64993691444397,4.882933616638184
1784890584096173056,52.65985703468323,3.9515581130981445
1784890584106092032,52.66977596282959,3.067037582397461
1784890584116012032,52.67969608306885,2.2405481338500977
1784890584125931008,52.68961501121521,1.4342327117919922
1784890584135851008,52.69953489303589,0.5892372131347656
1784890584145771008,52.70945501327515,359.67193603515625
1784890584155689984,52.71937394142151,358.6636962890625
1784890584165609984,52.72929406166077,357.5947570800781
1784890584175528960,52.73921298980713,356.5637512207031
1784890584185449216,52.74913311004639,355.61865234375
1784890584195368960,52.759052991867065,354.7378234863281
1784890584205287936,52.76897192001343,353.898681640625
1784890584215208192,52.778892278671265,353.0732421875
1784890584225128192,52.78881216049194,352.2418518066406
1784890584235047168,52.798731088638306,351.3743896484375
1784890584244967168,52.80865120887756,350.5205078125
1784890584254886144,52.818570137023926,349.7779846191406
1784890584264806144,52.828490257263184,349.1330871582031
1784890584274726144,52.83841013908386,348.55316162109375
1784890584284645120,52.848329067230225,348.0365905761719
1784890584294565120,52.85824918746948,347.57733154296875
1784890584304484096,52.868168115615845,346.9729919433594
1784890584314404352,52.8780882358551,345.4308776855469
1784890584324324096,52.88800811767578,343.7627258300781
1784890584334243072,52.897927045822144,343.16119384765625
1784890584344163072,52.9078471660614,342.85980224609375
1784890584354082048,52.917766094207764,342.66693115234375
1784890584364002304,52.92768621444702,342.53302001953125
1784890584373922048,52.9376060962677,342.3116760253906
1784890584383841280,52.94752526283264,341.9847717285156
1784890584393761280,52.95744514465332,341.6048583984375
1784890584403681280,52.96736526489258,341.2771911621094
1784890584413600256,52.97728419303894,341.05963134765625
1784890584423520000,52.98720407485962,340.95208740234375
1784890584433439232,52.99712324142456,340.87481689453125
1784890584443359232,53.00704312324524,340.8024597167969
1784890584453279232,53.0169632434845,340.6396789550781
1784890584463198208,53.02688217163086,340.2884216308594
1784890584473117952,53.03680205345154,339.8150329589844
1784890584483037184,53.04672122001648,339.2818603515625
1784890584492957184,53.05664110183716,338.74639892578125
1784890584502877184,53.066561222076416,338.2449951171875
1784890584512796160,53.07648015022278,337.73907470703125
1784890584522716160,53.086400270462036,337.2126770019531
1784890584532636160,53.096320152282715,336.6842346191406
1784890584542555136,53.10623908042908,336.1228332519531
1784890584552475136,53.116159200668335,335.53131103515625
1784890584562394112,53.1260781288147,335.0707702636719
1784890584572314368,53.135998249053955,334.564453125
1784890584582234112,53.145918130874634,333.2516784667969
1784890584592153088,53.155837059020996,331.32232666015625
1784890584602073088,53.165757179260254,330.1285095214844
1784890584611992064,53.175676107406616,329.4913024902344
1784890584621912320,53.185596227645874,329.2731628417969
1784890584631832064,53.19551610946655,329.3359680175781
1784890584641751296,53.205435276031494,329.5987854003906
1784890584651671296,53.21535515785217,330.0309753417969
1784890584661590016,53.225274085998535,330.5624694824219
1784890584671510272,53.23519420623779,331.229248046875
1784890584681430016,53.24511408805847,331.84381103515625
1784890584691349248,53.25503325462341,332.3871154785156
1784890584701269248,53.26495313644409,332.81512451171875
1784890584711189248,53.27487325668335,333.17510986328125
1784890584721108224,53.28479218482971,333.5036315917969
1784890584731027968,53.29471206665039,333.6750183105469
1784890584740947200,53.30463123321533,333.62139892578125
1784890584750867200,53.31455111503601,333.48919677734375
1784890584760787200,53.32447123527527,333.32586669921875
1784890584770706176,53.33439016342163,333.0978698730469
1784890584780626176,53.34431004524231,332.8355407714844
1784890584790545152,53.35422921180725,332.5882873535156
1784890584800465152,53.36414909362793,332.4547424316406
1784890584810385152,53.37406921386719,332.4634094238281
1784890584820304128,53.38398814201355,332.53961181640625
1784890584830224384,53.39390826225281,332.6814880371094
1784890584840144128,53.403828144073486,332.9017639160156
1784890584850063104,53.41374707221985,333.1798400878906
1784890584859983104,53.423667192459106,333.4817810058594
1784890584869902080,53.43358612060547,333.7651672363281
1784890584879822336,53.44350624084473,333.98980712890625
1784890584889742080,53.453426122665405,334.1387023925781
1784890584899661056,53.46334505081177,334.2010498046875
1784890584909581312,53.473265171051025,334.25567626953125
1784890584919500032,53.48318409919739,334.3109436035156
1784890584929420288,53.493104219436646,333.7162780761719
1784890584939340032,53.503024101257324,333.117919921875
1784890584949259264,53.512943267822266,332.53656005859375
1784890584959179264,53.522863149642944,331.9529113769531
1784890584969097984,53.53278207778931,331.30450439453125
1784890584979018240,53.542702198028564,330.6629638671875
1784890584988937984,53.55262207984924,330.0541687011719
1784890584998857216,53.562541246414185,329.5092468261719
1784890585008777216,53.57246112823486,329.06024169921875
1784890585018697216,53.58238124847412,328.6945495605469
1784890585028616192,53.59230017662048,328.384033203125
1784890585038536192,53.60222005844116,328.0830993652344
1784890585048455168,53.6121392250061,327.7484130859375
1784890585058375168,53.62205910682678,327.32269287109375
1784890585068295168,53.63197922706604,326.8505859375
1784890585078214144,53.6418981552124,326.39410400390625
1784890585088134400,53.65181827545166,325.96075439453125
1784890585098053120,53.66173720359802,325.50054931640625
1784890585107973120,53.6716570854187,325.03680419921875
1784890585117893120,53.68157720565796,324.59765625
1784890585127812096,53.69149613380432,324.113037109375
1784890585137732352,53.70141625404358,323.59173583984375
1784890585147651072,53.71133518218994,323.05841064453125
1784890585157571072,53.72125506401062,322.58148193359375
1784890585167491072,53.73117518424988,322.21356201171875
1784890585177410048,53.74109411239624,321.95233154296875
1784890585187330304,53.7510142326355,321.8025817871094
1784890585197250048,53.76093411445618,321.7474670410156
1784890585207169024,53.77085304260254,321.6326599121094
1784890585217087232,53.780771255493164,321.3453369140625
1784890585227006208,53.790690183639526,320.97894287109375
1784890585236926208,53.800610303878784,320.6541442871094
1784890585246846208,53.81053018569946,320.79986572265625
1784890585256765440,53.820449352264404,320.39630126953125
1784890585266685184,53.83036923408508,319.9523620605469
1784890585276604160,53.840288162231445,319.47955322265625
1784890585286524416,53.8502082824707,318.9637756347656
1784890585296444160,53.86012816429138,318.4320983886719
1784890585306363392,53.87004733085632,317.8681640625
1784890585316283136,53.879967212677,317.2889099121094
1784890585326202112,53.889886140823364,316.6977233886719
1784890585336122368,53.89980626106262,316.1482849121094
1784890585346042112,53.9097261428833,316.0721740722656
1784890585355961344,53.91964530944824,315.595458984375
1784890585365881088,53.92956519126892,315.163818359375
1784890585375800320,53.93948435783386,315.1580810546875
1784890585385720320,53.94940423965454,315.1562805175781
1784890585395640320,53.9593243598938,315.1734313964844
1784890585405559296,53.96924328804016,315.2344055175781
1784890585415479296,53.97916316986084,314.9163818359375
1784890585425399296,53.9890832901001,315.0118103027344
1784890585435318272,53.99900221824646,314.6508483886719
1784890585445238272,54.00892233848572,314.67254638671875
1784890585455157248,54.01884126663208,314.6471252441406
1784890585465077248,54.02876114845276,314.581787109375
1784890585474997248,54.03868126869202,314.52569580078125
1784890585484916224,54.04860019683838,314.527099609375
1784890585494836224,54.05852031707764,314.620849609375
1784890585504755200,54.068439245224,314.7934875488281
1784890585514675200,54.07835912704468,314.9590148925781
1784890585524595200,54.088279247283936,315.0582580566406
1784890585534514176,54.0981981754303,315.1031494140625
1784890585544434432,54.108118295669556,315.1039123535156
1784890585554353152,54.11803722381592,315.0519714355469
1784890585564273408,54.127957344055176,314.96710205078125
1784890585574193152,54.137877225875854,314.8685607910156
1784890585584112128,54.14779615402222,314.8196105957031
1784890585594032384,54.157716274261475,314.8404541015625
1784890585603951104,54.16763520240784,314.8917236328125
1784890585613871360,54.177555322647095,314.96087646484375
1784890585623791104,54.18747520446777,315.04608154296875
1784890585633710080,54.197394132614136,315.1542663574219
1784890585643630336,54.207314252853394,315.26336669921875
1784890585653550080,54.21723413467407,315.3437194824219
1784890585663469312,54.227153301239014,315.3974914550781
1784890585673389312,54.23707318305969,315.44415283203125
1784890585683308288,54.246992349624634,315.467529296875
1784890585693228288,54.25691223144531,315.4391784667969
1784890585703148288,54.26683235168457,315.3583068847656
1784890585713067264,54.27675127983093,315.3007507324219
1784890585722987264,54.28667116165161,315.29473876953125
1784890585732906240,54.29659032821655,315.3159484863281
1784890585742826240,54.30651021003723,315.3896789550781
1784890585752746240,54.31643033027649,315.5057067871094
1784890585762665216,54.32634925842285,315.6009521484375
1784890585772585216,54.33626914024353,315.64654541015625
1784890585782504448,54.34618830680847,315.6358947753906
1784890585792424192,54.35610818862915,315.5597839355469
1784890585802344448,54.36602830886841,315.4407043457031
1784890585812263168,54.37594723701477,315.323974609375
1784890585822183424,54.38586735725403,315.2657165527344
1784890585832102400,54.39578628540039,315.2901611328125
1784890585842022144,54.40570616722107,315.3718566894531
1784890585851942400,54.41562628746033,315.4982604980469
1784890585861861120,54.42554521560669,315.6098327636719
1784890585871781376,54.43546533584595,315.6540222167969
1784890585881700352,54.44538426399231,315.6337890625
1784890585891620096,54.45530414581299,315.60015869140625
1784890585901540352,54.465224266052246,315.6363525390625
1784890585911459328,54.47514319419861,315.7496643066406
1784890585921379328,54.485063314437866,315.9241638183594
1784890585931299328,54.494983196258545,316.1198425292969
1784890585941218304,54.504902362823486,316.3001403808594
1784890585951138304,54.514822244644165,316.44610595703125
1784890585961057280,54.52474117279053,316.55780029296875
1784890585970977280,54.534661293029785,316.6407775878906
1784890585980896256,54.54458022117615,316.7032775878906
1784890585990816256,54.554500341415405,316.7304992675781
1784890586000736256,54.564420223236084,316.7104797363281
1784890586010655232,54.574339151382446,316.6703186035156
1784890586020575232,54.584259271621704,316.6440124511719
1784890586030495232,54.59417915344238,316.6432800292969
1784890586040414208,54.604098320007324,316.6856689453125
1784890586050334208,54.614018201828,316.7271728515625
1784890586060253184,54.623937129974365,316.7364196777344
1784890586070173184,54.63385725021362,316.7430114746094
1784890586080093184,54.6437771320343,316.7091979980469
1784890586090012416,54.65369629859924,316.6419372558594
1784890586099932160,54.66361618041992,316.58331298828125
1784890586109851392,54.67353534698486,316.55828857421875
1784890586119771136,54.68345522880554,316.59918212890625
1784890586129691392,54.6933753490448,316.6982116699219
1784890586139610368,54.70329427719116,316.81243896484375
1784890586149530112,54.71321415901184,316.90875244140625
1784890586159449344,54.72313332557678,316.9886779785156
1784890586169369344,54.73305320739746,317.0320129394531
1784890586179289344,54.74297332763672,317.0597839355469
1784890586189208320,54.75289225578308,317.03857421875
1784890586199128064,54.76281213760376,317.0013732910156
1784890586209047552,54.77273154258728,317.00775146484375
1784890586218967552,54.78265166282654,317.033935546875
1784890586228887552,54.79257154464722,317.08074951171875
1784890586238806784,54.80249071121216,317.1518859863281
1784890586248726528,54.81241059303284,317.2203063964844
1784890586258645504,54.8223295211792,317.2727355957031
1784890586268565760,54.83224964141846,317.2946472167969
1784890586278485504,54.842169523239136,317.2891540527344
1784890586288404736,54.85208868980408,317.2655944824219
1784890586298324480,54.862008571624756,317.2423400878906
1784890586308243712,54.8719277381897,317.2438659667969
1784890586318163712,54.881847620010376,317.2716064453125
1784890586328083456,54.891767501831055,317.31396484375
1784890586338002688,54.901686668395996,317.3606872558594
1784890586347922688,54.911606550216675,317.4226989746094
1784890586357841664,54.921525716781616,317.4704284667969
1784890586367761664,54.931445598602295,317.50433349609375
1784890586377681664,54.94136571884155,317.53472900390625
1784890586387600640,54.951284646987915,317.530029296875
1784890586397520640,54.961204528808594,317.5097351074219
1784890586407439616,54.971123695373535,317.5246887207031
1784890586417359616,54.981043577194214,317.5757751464844
1784890586427279616,54.99096369743347,317.6269836425781
1784890586437198592,55.000882625579834,317.6813659667969
1784890586447118592,55.01080250740051,317.75079345703125
1784890586457038592,55.02072262763977,317.83062744140625
1784890586466957568,55.03064155578613,317.9117431640625
1784890586476877568,55.04056167602539,317.9888610839844
1784890586486796544,55.05048060417175,318.05316162109375
1784890586496716800,55.06040072441101,318.1027526855469
1784890586506635776,55.07031965255737,318.1442565917969
1784890586516555520,55.08023953437805,318.1825866699219
1784890586526475776,55.09015965461731,318.21636962890625
1784890586536394496,55.10007858276367,318.24169921875
1784890586546314752,55.10999870300293,318.25634765625
1784890586556234496,55.11991858482361,318.2597351074219
1784890586566153472,55.12983751296997,318.2677307128906
1784890586576073728,55.13975763320923,318.2810974121094
1784890586585992448,55.14967656135559,318.2908935546875
1784890586595912704,55.15959668159485,318.30303955078125
1784890586605832704,55.16951656341553,318.3116455078125
1784890586615751680,55.17943572998047,318.3141784667969
1784890586625671680,55.18935561180115,318.30523681640625
1784890586635590656,55.19927453994751,318.28668212890625
1784890586645510656,55.20919466018677,318.2751770019531
1784890586655430656,55.219114542007446,318.288330078125
1784890586665349632,55.22903370857239,318.3336486816406
1784890586675269632,55.238953590393066,318.40655517578125
1784890586685188608,55.24887251853943,318.4909362792969
1784890586695108608,55.25879263877869,318.5783386230469
1784890586705028608,55.268712520599365,318.671142578125
1784890586714947584,55.27863168716431,318.75616455078125
1784890586724867584,55.288551568984985,318.79766845703125
1784890586734786816,55.29847073554993,318.8269348144531
1784890586744706560,55.308390617370605,318.8631286621094
1784890586754626816,55.31831073760986,318.88555908203125
1784890586764545792,55.328229665756226,318.884765625
1784890586774465536,55.338149547576904,318.888671875
1784890586784384768,55.348068714141846,318.8963317871094
1784890586794304512,55.357988595962524,318.8994445800781
1784890586804224768,55.36790871620178,318.8872375488281
1784890586814143744,55.377827644348145,318.8568420410156
1784890586824063488,55.38774752616882,318.84088134765625
1784890586833982720,55.397666692733765,318.78375244140625
