time,seconds_elapsed,x,y,z
1784804387928616704,0.07435393333435059,0.06634521484375,0.6725616455078125,-0.723052978515625
1784804387938536960,0.0842740535736084,0.0691986083984375,0.7073822021484375,-0.7307891845703125
1784804387948455936,0.0941929817199707,0.0812530517578125,0.695831298828125,-0.7297515869140625
1784804387958375936,0.10411310195922852,0.0739593505859375,0.677215576171875,-0.7234649658203125
1784804387968294912,0.11403203010559082,0.0869903564453125,0.67987060546875,-0.7083282470703125
1784804387978213888,0.12395095825195312,0.07928466796875,0.7021331787109375,-0.710723876953125
1784804387988133888,0.13387107849121094,0.0615081787109375,0.7179412841796875,-0.696502685546875
1784804387998052864,0.14379000663757324,0.0510711669921875,0.6949920654296875,-0.6642608642578125
1784804388007971840,0.15370893478393555,0.0493011474609375,0.640960693359375,-0.6436767578125
1784804388017890816,0.16362786293029785,0.0767974853515625,0.6401214599609375,-0.6537628173828125
1784804388027809792,0.17354702949523926,0.11163330078125,0.685089111328125,-0.6795196533203125
1784804388037729792,0.18346691131591797,0.1002960205078125,0.700347900390625,-0.6920318603515625
1784804388047648768,0.19338583946228027,0.0860748291015625,0.6876068115234375,-0.70513916015625
1784804388057568768,0.20330595970153809,0.0930633544921875,0.68084716796875,-0.699615478515625
1784804388067487744,0.2132248878479004,0.08447265625,0.689056396484375,-0.7093658447265625
1784804388077406720,0.2231438159942627,0.0676727294921875,0.7087860107421875,-0.712646484375
1784804388087326720,0.2330639362335205,0.08056640625,0.683380126953125,-0.690399169921875
1784804388097245696,0.2429828643798828,0.07177734375,0.6445159912109375,-0.671630859375
1784804388107164928,0.2529020309448242,0.0762176513671875,0.6509552001953125,-0.6523284912109375
1784804388117084672,0.26282191276550293,0.0925750732421875,0.6863250732421875,-0.631500244140625
1784804388127003648,0.27274084091186523,0.0545806884765625,0.641693115234375,-0.614105224609375
1784804388136923904,0.28266096115112305,-0.0400390625,0.6132049560546875,-0.612060546875
1784804388146842624,0.29257988929748535,-0.0590972900390625,0.6749114990234375,-0.61920166015625
1784804388156761600,0.30249881744384766,-0.0164031982421875,0.759063720703125,-0.65179443359375
1784804388166681856,0.31241893768310547,0.0319366455078125,0.8055267333984375,-0.6770782470703125
1784804388176600576,0.3223378658294678,0.0331268310546875,0.82244873046875,-0.6836090087890625
1784804388186520832,0.3322579860687256,-0.0048675537109375,0.824371337890625,-0.67926025390625
1784804388196439808,0.3421769142150879,-0.04864501953125,0.7598419189453125,-0.6455841064453125
1784804388206358784,0.3520958423614502,-0.02337646484375,0.6165771484375,-0.5931549072265625
1784804388216278784,0.362015962600708,0.052459716796875,0.5181884765625,-0.603729248046875
1784804388226197760,0.3719348907470703,0.047271728515625,0.565948486328125,-0.6473846435546875
1784804388236117760,0.3818550109863281,0.008514404296875,0.6944427490234375,-0.7254486083984375
1784804388246036736,0.39177393913269043,-0.05718994140625,0.8236541748046875,-0.7630767822265625
1784804388255955712,0.40169286727905273,-0.1072845458984375,0.912628173828125,-0.795806884765625
1784804388265875712,0.41161298751831055,-0.1100006103515625,0.97650146484375,-0.8043670654296875
1784804388275794688,0.42153191566467285,-0.1400299072265625,1.014068603515625,-0.808929443359375
1784804388285714688,0.43145179748535156,-0.2064208984375,1.008758544921875,-0.7562255859375
1784804388295633920,0.44137096405029297,-0.1692047119140625,0.882781982421875,-0.7064208984375
1784804388305552640,0.4512898921966553,-0.0687255859375,0.7851715087890625,-0.7236785888671875
1784804388315472896,0.4612100124359131,-0.081451416015625,0.7700653076171875,-0.7493438720703125
1784804388325391872,0.4711289405822754,-0.1488037109375,0.8306121826171875,-0.80078125
1784804388335311616,0.4810488224029541,-0.1513671875,0.892486572265625,-0.8296661376953125
1784804388345230848,0.4909679889678955,-0.123382568359375,0.8787994384765625,-0.84417724609375
1784804388355149824,0.5008869171142578,-0.08245849609375,0.86785888671875,-0.859222412109375
1784804388365069568,0.5108067989349365,-0.0588836669921875,0.8881988525390625,-0.884002685546875
1784804388374988800,0.5207259654998779,-0.0587158203125,0.8674163818359375,-0.8902587890625
1784804388384908800,0.5306458473205566,-0.079345703125,0.7896881103515625,-0.88385009765625
1784804388394827776,0.540565013885498,-0.1643524169921875,0.5858917236328125,-0.730316162109375
1784804388404746752,0.5504839420318604,0.08868408203125,0.695648193359375,-0.7953643798828125
1784804388414666752,0.5604038238525391,-0.0606231689453125,0.639404296875,-0.8572235107421875
1784804388424585728,0.5703229904174805,0.064727783203125,0.7718658447265625,-0.9649658203125
1784804388434505728,0.5802428722381592,0.0992431640625,0.85772705078125,-0.90545654296875
1784804388444424704,0.5901618003845215,0.0320587158203125,0.7060546875,-0.876129150390625
1784804388454343680,0.6000809669494629,-0.03759765625,0.6417083740234375,-0.8460693359375
1784804388464263680,0.6100008487701416,-0.0783233642578125,0.6438446044921875,-0.851287841796875
1784804388474182912,0.619920015335083,-0.1954498291015625,0.242156982421875,-0.77838134765625
1784804388484101888,0.6298389434814453,-0.28997802734375,0.3248291015625,-0.7357635498046875
1784804388494021632,0.639758825302124,0.2352752685546875,0.645477294921875,-0.7013092041015625
1784804388503940864,0.6496779918670654,0.4857177734375,0.4682159423828125,-0.7503814697265625
1784804388513860608,0.6595978736877441,0.24468994140625,0.3643646240234375,-0.6894989013671875
1784804388523779584,0.6695168018341064,-0.01318359375,0.3170928955078125,-0.517974853515625
1784804388533699840,0.6794369220733643,-0.033966064453125,0.302581787109375,-0.366790771484375
1784804388543618560,0.6893558502197266,0.0673675537109375,0.4421539306640625,-0.21051025390625
1784804388553537792,0.699275016784668,0.11102294921875,0.606048583984375,-0.1189422607421875
1784804388563457792,0.7091948986053467,0.0263671875,0.632568359375,-0.027069091796875
1784804388573376768,0.719113826751709,0.203094482421875,0.4371337890625,0.0754852294921875
1784804388583295744,0.7290329933166504,0.45611572265625,0.1247711181640625,0.1436614990234375
1784804388593215744,0.7389528751373291,0.49542236328125,-0.0548095703125,0.236968994140625
1784804388603134720,0.7488718032836914,0.422943115234375,-0.0105438232421875,0.185699462890625
1784804388613054720,0.7587919235229492,0.46990966796875,0.1644439697265625,0.04400634765625
1784804388622973696,0.7687108516693115,0.55462646484375,0.153228759765625,-1.169525146484375
1784804388632892928,0.7786300182342529,0.4876251220703125,-0.19305419921875,-1.0098419189453125
1784804388642812672,0.7885499000549316,1.1892852783203125,-0.4870452880859375,0.0372467041015625
1784804388652731648,0.798468828201294,1.248046875,-0.7034912109375,0.1382598876953125
1784804388662651904,0.8083889484405518,0.4007415771484375,-0.7553863525390625,-0.2523345947265625
1784804388672570624,0.8183078765869141,0.362091064453125,-0.588775634765625,-0.3389434814453125
1784804388682489600,0.8282268047332764,0.4256591796875,-0.5643768310546875,-0.3673095703125
1784804388692409856,0.8381469249725342,0.4345550537109375,-0.5066986083984375,-0.1606597900390625
1784804388702328576,0.8480658531188965,0.4560546875,-0.429534912109375,0.0355682373046875
1784804388712248832,0.8579859733581543,0.4757232666015625,-0.3394622802734375,0.04718017578125
1784804388722167808,0.8679049015045166,0.3875274658203125,-0.2846832275390625,-0.100982666015625
1784804388732086784,0.8778238296508789,0.3594818115234375,-0.4838714599609375,-0.166473388671875
1784804388742006784,0.8877439498901367,0.4169921875,-0.8431243896484375,-0.1243133544921875
1784804388751925760,0.897662878036499,0.29461669921875,-1.027557373046875,-0.230133056640625
1784804388761845760,0.9075829982757568,-0.0330047607421875,-0.8066253662109375,-0.2725372314453125
1784804388771764736,0.9175019264221191,-0.24407958984375,-0.4600677490234375,-0.2699127197265625
1784804388781683712,0.9274208545684814,-0.1884765625,-0.3285369873046875,-0.28857421875
1784804388791603712,0.9373409748077393,-0.15106201171875,-0.3895111083984375,-0.2244720458984375
1784804388801522688,0.9472599029541016,-0.1724853515625,-0.3626708984375,0.2789306640625
1784804388811442944,0.9571800231933594,0.085296630859375,-0.9911041259765625,0.0269012451171875
1784804388821361664,0.9670989513397217,0.21881103515625,-1.2608795166015625,0.058868408203125
1784804388831280640,0.977017879486084,-0.20477294921875,-1.242645263671875,0.0239105224609375
1784804388841200896,0.9869379997253418,-0.4012908935546875,-1.10601806640625,-0.3011474609375
1784804388851119872,0.9968569278717041,-0.324127197265625,-1.0274505615234375,-0.7009429931640625
1784804388861039616,1.0067768096923828,-0.0263824462890625,-1.0912933349609375,-0.879974365234375
1784804388870958848,1.0166959762573242,0.1234588623046875,-1.401458740234375,-1.044189453125
1784804388880877824,1.0266149044036865,0.2220458984375,-1.5626678466796875,-1.00030517578125
1784804388890797824,1.0365350246429443,0.2725830078125,-1.53277587890625,-0.8982391357421875
1784804388900716800,1.0464539527893066,0.361358642578125,-1.4119873046875,-0.7770843505859375
1784804388910636544,1.0563738346099854,0.34930419921875,-1.3666534423828125,-0.626922607421875
1784804388920555776,1.0662930011749268,0.23431396484375,-1.4877166748046875,-0.512603759765625
1784804388930474752,1.076211929321289,0.473907470703125,-1.620391845703125,-0.394622802734375
1784804388940394752,1.0861318111419678,0.7105865478515625,-1.592376708984375,-0.07049560546875
1784804388950313728,1.0960509777069092,0.6044158935546875,-1.52716064453125,0.1001129150390625
1784804388960232704,1.1059699058532715,0.4350738525390625,-1.5901336669921875,0.273040771484375
1784804388970152960,1.1158900260925293,0.522613525390625,-1.78173828125,0.2213592529296875
1784804388980071680,1.1258089542388916,0.7650299072265625,-1.77349853515625,0.2641448974609375
1784804388989991680,1.1357288360595703,0.7277984619140625,-1.618438720703125,0.11676025390625
1784804388999910912,1.1456480026245117,0.7541961669921875,-1.436614990234375,0.2509918212890625
1784804389009830912,1.1555681228637695,0.631256103515625,-1.48297119140625,0.319427490234375
1784804389019749888,1.1654870510101318,0.5282135009765625,-1.4390411376953125,0.3893890380859375
1784804389029668864,1.1754059791564941,0.665496826171875,-1.2870025634765625,0.407623291015625
1784804389039588864,1.185326099395752,0.73284912109375,-1.126953125,0.225006103515625
1784804389049507840,1.1952450275421143,0.9399871826171875,-0.9110870361328125,0.0219879150390625
1784804389059428096,1.205165147781372,0.9661712646484375,-0.697418212890625,0.0654449462890625
1784804389069346816,1.2150840759277344,1.09405517578125,-0.68499755859375,-0.2056884765625
1784804389079265792,1.2250030040740967,1.324798583984375,-0.7753143310546875,-0.5074462890625
1784804389089186048,1.2349231243133545,1.178558349609375,-0.609344482421875,-0.61248779296875
1784804389099104768,1.2448420524597168,1.1181640625,-0.5704345703125,-0.9409027099609375
1784804389109023744,1.254760980606079,1.04522705078125,-0.4103851318359375,-1.191680908203125
1784804389118944000,1.264681100845337,1.1233978271484375,-0.391998291015625,-1.13507080078125
1784804389128862976,1.2746000289916992,1.229766845703125,-0.7218475341796875,-1.079315185546875
1784804389138782976,1.284520149230957,1.337432861328125,-1.0048828125,-0.9771575927734375
1784804389148701952,1.2944390773773193,1.3750152587890625,-1.2086639404296875,-0.587158203125
1784804389158621696,1.304358959197998,1.27752685546875,-1.1419525146484375,-0.470001220703125
1784804389168540928,1.3142781257629395,1.22113037109375,-0.8622283935546875,-0.5073394775390625
1784804389178459904,1.3241970539093018,1.1829071044921875,-0.4216461181640625,-0.4268951416015625
1784804389188379648,1.3341169357299805,1.159942626953125,-0.186920166015625,-0.6931610107421875
1784804389198298880,1.3440361022949219,1.1930389404296875,-0.05328369140625,-0.8179473876953125
1784804389208217856,1.3539550304412842,1.23126220703125,-0.09747314453125,-0.815887451171875
1784804389218137856,1.363875150680542,1.2619171142578125,-0.2927703857421875,-0.889190673828125
1784804389228056832,1.3737940788269043,1.2037506103515625,-0.316680908203125,-0.8087921142578125
1784804389237976832,1.383713960647583,1.1306915283203125,-0.297119140625,-0.7629852294921875
1784804389247896064,1.3936331272125244,1.046905517578125,-0.382171630859375,-0.7689666748046875
1784804389257814784,1.4035520553588867,1.0072784423828125,-0.478759765625,-0.747528076171875
1784804389267734784,1.4134719371795654,1.008453369140625,-0.5631103515625,-0.6410675048828125
1784804389277654016,1.4233911037445068,0.949859619140625,-0.67474365234375,-0.5699615478515625
1784804389287573760,1.4333109855651855,0.96826171875,-0.64471435546875,-0.498779296875
1784804389297492992,1.443230152130127,0.9494476318359375,-0.628692626953125,-0.4330291748046875
1784804389307411968,1.4531490802764893,0.8450469970703125,-0.5499725341796875,-0.395843505859375
1784804389317331712,1.463068962097168,0.763336181640625,-0.434173583984375,-0.41973876953125
1784804389327250944,1.4729881286621094,0.6718292236328125,-0.2723846435546875,-0.481597900390625
1784804389337170944,1.482908010482788,0.7001953125,-0.1559600830078125,-0.5089111328125
1784804389347089664,1.4928269386291504,0.672332763671875,-0.1457672119140625,-0.512481689453125
1784804389357009920,1.5027470588684082,0.6223297119140625,0.011322021484375,-0.5072174072265625
1784804389366928896,1.5126659870147705,0.6449737548828125,0.1108856201171875,-0.53057861328125
1784804389376847872,1.522585153579712,0.650482177734375,0.263275146484375,-0.51348876953125
1784804389386767872,1.5325050354003906,0.58837890625,0.396728515625,-0.446868896484375
1784804389396686848,1.542423963546753,0.4963531494140625,0.429901123046875,-0.4874725341796875
1784804389406606848,1.5523440837860107,0.3883514404296875,0.4986572265625,-0.5282745361328125
1784804389416525824,1.562263011932373,0.31671142578125,0.6375732421875,-0.7271728515625
1784804389426444800,1.5721819400787354,0.2639312744140625,0.781707763671875,-0.9945220947265625
1784804389436364800,1.5821020603179932,0.2260894775390625,0.856719970703125,-1.1571197509765625
1784804389446283776,1.5920209884643555,0.2313690185546875,0.8752593994140625,-1.162841796875
1784804389456204032,1.6019411087036133,0.192169189453125,0.91796875,-1.118896484375
1784804389466122752,1.6118600368499756,0.1248779296875,0.9212799072265625,-1.132049560546875
1784804389476041728,1.621778964996338,0.0099334716796875,0.8725128173828125,-1.14569091796875
1784804389485961984,1.6316990852355957,-0.11309814453125,0.7544403076171875,-1.11492919921875
1784804389495880960,1.641618013381958,-0.2423858642578125,0.6166534423828125,-1.0739288330078125
1784804389505800960,1.6515381336212158,-0.32659912109375,0.53875732421875,-0.8914337158203125
1784804389515719936,1.6614570617675781,-0.404052734375,0.5726470947265625,-0.8530426025390625
1784804389525638912,1.6713759899139404,-0.50701904296875,0.7057647705078125,-0.9030609130859375
1784804389535558912,1.6812961101531982,-0.5872344970703125,0.785491943359375,-1.0173492431640625
1784804389545477888,1.6912150382995605,-0.645965576171875,0.7246856689453125,-1.275360107421875
1784804389555397888,1.7011351585388184,-0.6988372802734375,0.743865966796875,-1.3677978515625
1784804389565316864,1.7110540866851807,-0.8076324462890625,0.89312744140625,-1.3731842041015625
1784804389575235840,1.720973014831543,-0.817626953125,0.843109130859375,-1.3368377685546875
1784804389585155840,1.7308931350708008,-0.972259521484375,0.6925201416015625,-1.0733184814453125
1784804389595074816,1.740812063217163,-1.0568695068359375,0.6881866455078125,-0.9149627685546875
1784804389604994816,1.7507319450378418,-1.081634521484375,0.639801025390625,-0.8807373046875
1784804389614914048,1.7606511116027832,-1.0236358642578125,0.4083251953125,-1.0928192138671875
1784804389624832768,1.7705700397491455,-0.972686767578125,0.420806884765625,-1.2939910888671875
1784804389634753024,1.7804901599884033,-0.8166961669921875,0.198272705078125,-1.3211669921875
1784804389644672000,1.7904090881347656,-0.6228790283203125,-0.046630859375,-1.1865692138671875
1784804389654591744,1.8003289699554443,-0.817535400390625,-0.038421630859375,-1.0763397216796875
1784804389664510976,1.8102481365203857,-0.731536865234375,-0.09100341796875,-0.8084869384765625
1784804389674429952,1.820167064666748,-0.4874420166015625,-0.24176025390625,-0.652984619140625
1784804389684349696,1.8300869464874268,-0.3049468994140625,-0.4764251708984375,-0.6004180908203125
1784804389694268928,1.8400061130523682,0.14556884765625,-0.5045013427734375,-0.4506378173828125
1784804389704188928,1.8499259948730469,0.8603668212890625,-0.9701080322265625,-0.3055572509765625
1784804389714107648,1.8598449230194092,0.5957489013671875,-0.939300537109375,-0.2869415283203125
1784804389724027904,1.869765043258667,0.733154296875,-0.6790924072265625,-0.338836669921875
1784804389733946880,1.8796839714050293,0.751678466796875,-0.2369537353515625,-0.7203521728515625
1784804389743865856,1.8896031379699707,0.7660675048828125,-0.2156219482421875,-0.940582275390625
1784804389753785856,1.8995230197906494,0.1273651123046875,-0.26214599609375,-0.757476806640625
1784804389763704832,1.9094419479370117,0.0767059326171875,-0.3128662109375,-0.7139434814453125
1784804389773624832,1.9193620681762695,0.0412139892578125,-0.5099334716796875,-0.6950225830078125
1784804389783543808,1.9292809963226318,-0.1368560791015625,-0.4289093017578125,-0.78955078125
1784804389793462784,1.9391999244689941,0.2675323486328125,-0.3157806396484375,-0.874359130859375
1784804389803382784,1.949120044708252,0.3496551513671875,-0.3400421142578125,-0.89434814453125
1784804389813301760,1.9590389728546143,0.43896484375,-0.614990234375,-1.0346527099609375
1784804389823222016,1.968959093093872,0.39691162109375,-0.5683441162109375,-0.884918212890625
1784804389833140736,1.9788780212402344,0.450103759765625,-0.461761474609375,-0.8207550048828125
1784804389843059712,1.9887969493865967,0.334136962890625,-0.643280029296875,-0.3538970947265625
1784804389852979968,1.9987170696258545,0.3896331787109375,-0.77789306640625,-0.4217987060546875
1784804389862898944,2.008635997772217,0.3136749267578125,-0.4219970703125,-0.4439697265625
1784804389872818944,2.0185561180114746,0.2499847412109375,-0.414764404296875,-0.6850433349609375
1784804389882737920,2.028475046157837,0.2754058837890625,-0.3937530517578125,-0.6142120361328125
1784804389892657664,2.0383949279785156,0.1557769775390625,-0.5878448486328125,-0.6889801025390625
1784804389902576896,2.048314094543457,0.258209228515625,-0.41998291015625,-0.854034423828125
1784804389912495872,2.0582330226898193,0.1980743408203125,-0.0151824951171875,-1.1801300048828125
1784804389922415872,2.068153142929077,0.16680908203125,-0.169921875,-1.342620849609375
1784804389932334848,2.0780720710754395,0.1131134033203125,-0.5592803955078125,-1.0876007080078125
1784804389942254848,2.087991952896118,0.1269378662109375,-0.68853759765625,-0.8436737060546875
1784804389952173824,2.0979111194610596,0.15283203125,-0.6817169189453125,-0.7960357666015625
1784804389962092800,2.107830047607422,0.021240234375,-0.6861419677734375,-0.7520599365234375
1784804389972012800,2.1177499294281006,0.0001678466796875,-0.63641357421875,-0.7186126708984375
1784804389981932032,2.127669095993042,0.0260009765625,-0.654815673828125,-0.7256317138671875
1784804389991851776,2.1375889778137207,0.0443115234375,-0.7004547119140625,-0.7152252197265625
1784804390001771008,2.147508144378662,0.1325836181640625,-0.7198486328125,-0.79925537109375
1784804390011690496,2.1574275493621826,0.2823028564453125,-0.592254638671875,-0.8436431884765625
1784804390021609216,2.167346477508545,0.2064361572265625,-0.571014404296875,-0.8514862060546875
1784804390031528448,2.1772656440734863,0.206756591796875,-0.615386962890625,-0.9627838134765625
1784804390041448448,2.187185525894165,0.2772674560546875,-0.5530242919921875,-0.9802398681640625
1784804390051367168,2.1971044540405273,0.2428131103515625,-0.5386962890625,-0.9981231689453125
1784804390061287424,2.207024574279785,0.174896240234375,-0.3720245361328125,-1.008636474609375
1784804390071206400,2.2169435024261475,0.1121368408203125,-0.2577667236328125,-1.132476806640625
1784804390081126400,2.2268636226654053,0.205718994140625,-0.18115234375,-1.1595001220703125
1784804390091045376,2.2367825508117676,0.1613311767578125,-0.0373077392578125,-1.12567138671875
1784804390100964352,2.24670147895813,0.1627044677734375,-0.14776611328125,-1.1309051513671875
1784804390110884352,2.2566215991973877,0.3298492431640625,-0.2723541259765625,-1.1858978271484375
1784804390120803328,2.26654052734375,0.2028656005859375,-0.2379302978515625,-1.1639862060546875
1784804390130723584,2.276460647583008,0.19757080078125,-0.2225341796875,-1.2136688232421875
1784804390140642304,2.28637957572937,0.1905059814453125,-0.1966552734375,-1.158477783203125
1784804390150562304,2.296299457550049,0.10101318359375,-0.167449951171875,-1.10711669921875
1784804390160481536,2.3062186241149902,0.19244384765625,-0.200164794921875,-1.167266845703125
1784804390170400256,2.3161375522613525,0.1351318359375,-0.130645751953125,-1.133575439453125
1784804390180320256,2.3260574340820312,0.235748291015625,-0.1572723388671875,-1.176422119140625
1784804390190239488,2.3359766006469727,0.1940765380859375,-0.211944580078125,-1.1372222900390625
1784804390200159232,2.3458964824676514,0.106719970703125,-0.19927978515625,-1.025604248046875
1784804390210078464,2.3558156490325928,0.1132049560546875,-0.1841278076171875,-1.0533294677734375
1784804390219998464,2.3657355308532715,0.1024169921875,-0.110504150390625,-1.1085357666015625
1784804390229917184,2.375654458999634,0.098114013671875,-0.141754150390625,-1.114501953125
1784804390239836416,2.385573625564575,0.1100616455078125,-0.218994140625,-1.1086883544921875
1784804390249756416,2.395493507385254,0.170166015625,-0.176361083984375,-1.082275390625
1784804390259675392,2.405412435531616,0.1508331298828125,-0.05926513671875,-1.1070556640625
1784804390269595392,2.415332555770874,0.20440673828125,-0.1084136962890625,-1.086212158203125
1784804390279514368,2.4252514839172363,0.19781494140625,-0.158447265625,-1.0602569580078125
1784804390289434368,2.435171604156494,0.2513885498046875,-0.1885986328125,-1.05224609375
1784804390299353344,2.4450905323028564,0.1527862548828125,-0.2490081787109375,-1.05194091796875
1784804390309272320,2.4550094604492188,0.1433868408203125,-0.27374267578125,-1.1107635498046875
1784804390319192320,2.4649295806884766,0.1287078857421875,-0.25408935546875,-1.16925048828125
1784804390329111296,2.474848508834839,0.0956573486328125,-0.1754608154296875,-1.1827239990234375
1784804390339031552,2.4847686290740967,0.127288818359375,-0.1237335205078125,-1.2557373046875
1784804390348950272,2.494687557220459,0.1271514892578125,-0.1429901123046875,-1.2523040771484375
1784804390358870272,2.5046074390411377,0.1581573486328125,-0.1321258544921875,-1.2321624755859375
1784804390368789504,2.514526605606079,0.1756591796875,-0.1223907470703125,-1.2635955810546875
1784804390378708480,2.5244455337524414,0.0901641845703125,-0.1160430908203125,-1.2220458984375
1784804390388628480,2.534365653991699,0.041748046875,-0.1174468994140625,-1.2269744873046875
1784804390398547456,2.5442845821380615,0.0411376953125,-0.110015869140625,-1.2515106201171875
1784804390408467200,2.5542044639587402,0.089324951171875,-0.16693115234375,-1.291229248046875
1784804390418386432,2.5641236305236816,0.042816162109375,-0.1039581298828125,-1.2748870849609375
1784804390428306432,2.5740435123443604,0.0472259521484375,-0.1257476806640625,-1.28582763671875
1784804390438225152,2.5839624404907227,0.122833251953125,-0.1026458740234375,-1.2679901123046875
1784804390448145408,2.5938825607299805,0.0550994873046875,-0.1243743896484375,-1.1990814208984375
1784804390458064384,2.6038014888763428,0.0857696533203125,-0.1430206298828125,-1.1622467041015625
1784804390467983360,2.613720655441284,0.0170135498046875,-0.124542236328125,-1.1284027099609375
1784804390477903360,2.623640537261963,0.1001129150390625,-0.112548828125,-1.1480255126953125
1784804390487822336,2.633559465408325,0.061553955078125,-0.1099853515625,-1.144744873046875
1784804390497742336,2.643479585647583,0.0623626708984375,-0.135833740234375,-1.1450042724609375
1784804390507661312,2.6533985137939453,0.0520782470703125,-0.028106689453125,-1.1097869873046875
1784804390517581568,2.663318634033203,0.0427093505859375,-0.0310211181640625,-1.0543670654296875
1784804390527500288,2.6732375621795654,-0.06243896484375,-0.034576416015625,-0.8839569091796875
1784804390537420288,2.683157444000244,-0.0803680419921875,-0.0850067138671875,-0.7412872314453125
1784804390547339520,2.6930766105651855,-0.0352020263671875,-0.038421630859375,-0.5918731689453125
1784804390557258240,2.702995538711548,-0.0182342529296875,0.0099334716796875,-0.5604705810546875
1784804390567178496,2.7129156589508057,-0.030609130859375,0.031005859375,-0.5173492431640625
1784804390577097472,2.722834587097168,-0.0530548095703125,0.0265960693359375,-0.4253997802734375
1784804390587017216,2.7327544689178467,-0.0803985595703125,0.00579833984375,-0.34228515625
1784804390596936448,2.742673635482788,-0.0477142333984375,-0.0030364990234375,-0.2589874267578125
1784804390606856448,2.752593517303467,-0.0041046142578125,0.03607177734375,-0.1490631103515625
1784804390616775168,2.762512445449829,-0.0948486328125,0.1088409423828125,-0.0525665283203125
1784804390626695424,2.772432565689087,-0.1560821533203125,-0.0730438232421875,-0.062286376953125
1784804390636614400,2.782351493835449,-0.159576416015625,-0.1985015869140625,-0.0592193603515625
1784804390646534400,2.792271614074707,-0.0762481689453125,-0.246612548828125,-0.1297454833984375
1784804390656453376,2.8021905422210693,0.0866241455078125,-0.3012237548828125,-0.22467041015625
1784804390666372352,2.8121094703674316,0.1041259765625,-0.1937713623046875,-0.2826080322265625
1784804390676292352,2.8220295906066895,0.1098175048828125,0.05364990234375,-0.4596710205078125
1784804390686211328,2.8319485187530518,0.1631622314453125,0.3549041748046875,-0.5562591552734375
1784804390696131584,2.8418686389923096,0.1018218994140625,0.2792205810546875,-0.6306915283203125
1784804390706050304,2.851787567138672,-0.011627197265625,0.130889892578125,-0.516143798828125
1784804390715970304,2.8617074489593506,0.1067962646484375,-0.009918212890625,-0.48028564453125
1784804390725889536,2.871626615524292,0.1421661376953125,-0.1360931396484375,-0.48138427734375
1784804390735809280,2.8815464973449707,0.211822509765625,-0.16412353515625,-0.557952880859375
1784804390745728256,2.891465425491333,0.255523681640625,0.0850830078125,-0.6804046630859375
1784804390755647488,2.9013845920562744,0.2596435546875,0.254119873046875,-0.94500732421875
1784804390765567232,2.911304473876953,0.19293212890625,0.2867889404296875,-1.1122283935546875
1784804390775486464,2.9212236404418945,0.2369384765625,0.135894775390625,-1.2310943603515625
1784804390785406464,2.9311435222625732,0.194061279296875,-0.091552734375,-1.3036041259765625
1784804390795325184,2.9410624504089355,0.105804443359375,-0.1007232666015625,-1.236663818359375
1784804390805245440,2.9509825706481934,0.180419921875,-0.04742431640625,-1.2549285888671875
1784804390815164416,2.9609014987945557,0.1884002685546875,-0.0593414306640625,-1.3448486328125
1784804390825084416,2.9708216190338135,0.14593505859375,0.0088958740234375,-1.3673858642578125
1784804390835003392,2.980740547180176,0.039825439453125,0.2064056396484375,-1.373870849609375
1784804390844923136,2.9906604290008545,0.1092987060546875,0.1689300537109375,-1.521575927734375
1784804390854842368,3.000579595565796,-0.0294189453125,0.0934600830078125,-1.4815826416015625
1784804390864762368,3.0104994773864746,-0.0234375,0.1447296142578125,-1.4667510986328125
1784804390874681600,3.020418643951416,0.077880859375,0.1400909423828125,-1.4604339599609375
1784804390884600320,3.0303375720977783,-0.002410888671875,0.0955047607421875,-1.44329833984375
1784804390894520320,3.040257453918457,0.0644989013671875,0.1125640869140625,-1.50567626953125
1784804390904439552,3.0501766204833984,0.249420166015625,0.0825347900390625,-1.524566650390625
1784804390914359296,3.060096502304077,0.0770111083984375,0.01373291015625,-1.4991607666015625
1784804390924278272,3.0700154304504395,0.1820831298828125,-0.0243072509765625,-1.4752044677734375
1784804390934198272,3.0799355506896973,0.318145751953125,0.0266876220703125,-1.562286376953125
1784804390944117248,3.0898544788360596,0.5747528076171875,0.0072479248046875,-1.5628204345703125
1784804390954037504,3.0997745990753174,0.594085693359375,-0.1192474365234375,-1.5744476318359375
1784804390963956480,3.1096935272216797,0.7110443115234375,-0.15673828125,-1.5075225830078125
1784804390973876480,3.1196136474609375,0.7675018310546875,-0.1060028076171875,-1.4602813720703125
1784804390983795456,3.1295325756073,0.7774505615234375,0.025482177734375,-1.4214935302734375
1784804390993715200,3.1394524574279785,0.620086669921875,0.1532440185546875,-1.423858642578125
1784804391003634432,3.14937162399292,0.484954833984375,0.0813140869140625,-1.4546356201171875
1784804391013554176,3.1592912673950195,0.3144989013671875,-0.0985870361328125,-1.3296661376953125
1784804391023473920,3.1692111492156982,0.2530364990234375,-0.201507568359375,-1.2449188232421875
1784804391033393152,3.1791303157806396,0.183319091796875,-0.308135986328125,-1.1690673828125
1784804391043313152,3.1890501976013184,0.212799072265625,-0.24920654296875,-1.1200714111328125
1784804391053231872,3.1989691257476807,0.227691650390625,-0.0172882080078125,-1.09991455078125
1784804391063152128,3.2088892459869385,0.1506805419921875,0.1553192138671875,-1.1467132568359375
1784804391073071104,3.218808174133301,0.1420745849609375,0.239471435546875,-1.15435791015625
1784804391082991104,3.2287282943725586,0.183135986328125,0.2112274169921875,-1.143707275390625
1784804391092910080,3.238647222518921,0.2059783935546875,0.153717041015625,-1.123046875
1784804391102829824,3.2485671043395996,0.1470794677734375,0.153106689453125,-1.1779327392578125
1784804391112749056,3.258486270904541,0.13653564453125,0.1748809814453125,-1.1372528076171875
1784804391122669056,3.2684061527252197,0.029754638671875,0.1522064208984375,-1.1078643798828125
1784804391132588032,3.278325319290161,-0.0310516357421875,0.167236328125,-1.047698974609375
1784804391142508032,3.28824520111084,-0.027435302734375,0.1745452880859375,-0.9849700927734375
1784804391152427008,3.298164129257202,0.0052032470703125,0.1174468994140625,-0.9239044189453125
1784804391162347008,3.30808424949646,0.037017822265625,0.0571136474609375,-0.8366241455078125
1784804391172265984,3.3180031776428223,0.0767059326171875,-0.0281219482421875,-0.7845306396484375
1784804391182184960,3.3279221057891846,0.058349609375,-0.0785064697265625,-0.7156524658203125
1784804391192104960,3.3378422260284424,0.0725860595703125,-0.013641357421875,-0.679443359375
1784804391202023936,3.3477611541748047,0.0341644287109375,0.00750732421875,-0.6030426025390625
1784804391211944192,3.3576812744140625,0.0531005859375,-0.0125579833984375,-0.49420166015625
1784804391221862912,3.367600202560425,0.0264892578125,-0.0104217529296875,-0.41937255859375
1784804391231783168,3.3775203227996826,0.127227783203125,-0.0545806884765625,-0.4476776123046875
1784804391241702144,3.387439250946045,0.14361572265625,0.011138916015625,-0.3643951416015625
1784804391251621888,3.3973591327667236,0.12017822265625,0.1121978759765625,-0.3582763671875
1784804391261541120,3.407278299331665,0.11865234375,0.283721923828125,-0.35888671875
1784804391271461120,3.4171981811523438,0.1583404541015625,0.2512664794921875,-0.42584228515625
1784804391281379840,3.427117109298706,0.1438751220703125,0.183349609375,-0.4263916015625
1784804391291300096,3.437037229537964,0.2365264892578125,0.16412353515625,-0.408203125
1784804391301219072,3.446956157684326,0.262664794921875,0.1750640869140625,-0.3899383544921875
1784804391311139072,3.456876277923584,0.1499176025390625,0.087066650390625,-0.40179443359375
1784804391321058048,3.4667952060699463,0.157135009765625,0.0399627685546875,-0.3414154052734375
1784804391330978048,3.476715326309204,0.1865692138671875,-0.0520172119140625,-0.3919525146484375
1784804391340897024,3.4866342544555664,0.1524200439453125,-0.1180419921875,-0.45098876953125
1784804391350817024,3.496554136276245,0.14178466796875,-0.0926513671875,-0.5279083251953125
1784804391360736256,3.5064733028411865,0.120819091796875,0.0546417236328125,-0.6120147705078125
1784804391370656000,3.5163931846618652,0.1048736572265625,0.192474365234375,-0.6464385986328125
1784804391380574976,3.5263121128082275,0.1465301513671875,0.1675567626953125,-0.753997802734375
1784804391390494208,3.536231279373169,0.1835479736328125,0.0587310791015625,-0.83721923828125
1784804391400413952,3.5461511611938477,0.230926513671875,0.040863037109375,-0.8953094482421875
1784804391410332928,3.55607008934021,0.2707977294921875,0.0863037109375,-1.0242767333984375
1784804391420252928,3.5659902095794678,0.3257904052734375,0.1934814453125,-1.0871429443359375
1784804391430171904,3.57590913772583,0.291839599609375,0.145172119140625,-1.160614013671875
1784804391440092160,3.585829257965088,0.244873046875,-0.017242431640625,-1.2314605712890625
1784804391450011136,3.59574818611145,0.2349395751953125,-0.0303497314453125,-1.3097686767578125
1784804391459931136,3.605668306350708,0.2149505615234375,0.140625,-1.45556640625
1784804391469850112,3.6155872344970703,0.1952056884765625,0.3551177978515625,-1.5356903076171875
1784804391479769856,3.625507116317749,0.127349853515625,0.4225616455078125,-1.59368896484375
1784804391489689088,3.6354262828826904,0.0279541015625,0.49505615234375,-1.5520477294921875
1784804391499609088,3.645346164703369,-0.111785888671875,0.5429840087890625,-1.5701141357421875
1784804391509527808,3.6552650928497314,-0.1027679443359375,0.648193359375,-1.56060791015625
1784804391519448064,3.6651852130889893,-0.06353759765625,0.55010986328125,-1.5877227783203125
1784804391529367040,3.6751041412353516,0.09832763671875,0.4893951416015625,-1.5601959228515625
1784804391539287040,3.6850242614746094,0.216339111328125,0.431121826171875,-1.522186279296875
1784804391549206016,3.6949431896209717,0.2066497802734375,0.373626708984375,-1.4738311767578125
1784804391559126016,3.7048633098602295,0.2435455322265625,0.131744384765625,-1.47296142578125
1784804391569044992,3.714782238006592,0.2756195068359375,-0.037139892578125,-1.333465576171875
1784804391578964992,3.7247021198272705,0.406768798828125,-0.1974334716796875,-1.398773193359375
1784804391588884224,3.734621286392212,0.504730224609375,-0.1429901123046875,-1.43280029296875
1784804391598803968,3.7445411682128906,0.69610595703125,0.0872039794921875,-1.488128662109375
1784804391608722944,3.754460096359253,0.8020782470703125,0.1071929931640625,-1.5989532470703125
1784804391618642944,3.7643802165985107,0.7679901123046875,0.0175018310546875,-1.533843994140625
1784804391628561920,3.774299144744873,0.703399658203125,-0.0565338134765625,-1.5364990234375
1784804391638482176,3.784219264984131,0.520111083984375,-0.0514373779296875,-1.4150543212890625
1784804391648400896,3.794138193130493,0.359130859375,0.1322174072265625,-1.298583984375
1784804391658321152,3.804058313369751,0.282196044921875,0.23284912109375,-1.2013702392578125
1784804391668240128,3.8139772415161133,0.2098388671875,0.213134765625,-1.11737060546875
1784804391678159872,3.823897123336792,0.183868408203125,0.1974334716796875,-1.0560455322265625
1784804391688079104,3.8338162899017334,0.24951171875,0.3042144775390625,-0.9897003173828125
1784804391697999104,3.843736171722412,0.2369384765625,0.439361572265625,-0.9471282958984375
1784804391707917824,3.8536550998687744,0.213134765625,0.46435546875,-0.9315338134765625
1784804391717838080,3.8635752201080322,0.144866943359375,0.4621124267578125,-0.9096832275390625
1784804391727757056,3.8734941482543945,0.16259765625,0.4522857666015625,-0.96514892578125
1784804391737677056,3.8834142684936523,0.167022705078125,0.347198486328125,-0.992095947265625
1784804391747596032,3.8933331966400146,0.1311798095703125,0.4163970947265625,-0.95501708984375
1784804391757516032,3.9032533168792725,0.0768890380859375,0.476470947265625,-1.00433349609375
1784804391767435008,3.9131722450256348,0.03875732421875,0.4302978515625,-0.970855712890625
1784804391777355008,3.9230921268463135,-0.00384521484375,0.3866424560546875,-0.89691162109375
1784804391787274240,3.933011293411255,0.0002593994140625,0.4078826904296875,-0.8258209228515625
1784804391797193984,3.9429311752319336,0.0315399169921875,0.422393798828125,-0.785430908203125
1784804391807112960,3.952850103378296,0.00201416015625,0.39044189453125,-0.7146453857421875
1784804391817032960,3.9627702236175537,0.019561767578125,0.301513671875,-0.688201904296875
1784804391826951936,3.972689151763916,-0.01336669921875,0.280364990234375,-0.6661376953125
1784804391836872192,3.982609272003174,-0.0346527099609375,0.2997894287109375,-0.60150146484375
1784804391846790912,3.992528200149536,-0.041290283203125,0.2665863037109375,-0.5399627685546875
1784804391856711168,4.002448320388794,-0.0943450927734375,0.22796630859375,-0.4774932861328125
1784804391866630144,4.012367248535156,-0.0726318359375,0.216796875,-0.3025970458984375
1784804391876549888,4.022287130355835,-0.0509490966796875,0.14666748046875,-0.165740966796875
1784804391886469120,4.032206296920776,0.032440185546875,0.0283203125,-0.189300537109375
1784804391896389120,4.042126178741455,0.0962066650390625,-0.010101318359375,-0.2354736328125
1784804391906307840,4.052045106887817,0.118927001953125,0.03399658203125,-0.2997283935546875
1784804391916228096,4.061965227127075,0.1074676513671875,0.1721343994140625,-0.447021484375
1784804391926147072,4.0718841552734375,0.054534912109375,0.31298828125,-0.5546417236328125
1784804391936067072,4.081804275512695,0.0264892578125,0.3581695556640625,-0.5717926025390625
1784804391945986048,4.091723203659058,0.0279998779296875,0.327301025390625,-0.4458160400390625
1784804391955906048,4.101643323898315,0.048919677734375,0.1355743408203125,-0.3529205322265625
1784804391965825024,4.111562252044678,0.0560760498046875,-0.0261688232421875,-0.2871856689453125
1784804391975745024,4.1214821338653564,0.0531005859375,-0.112762451171875,-0.2914886474609375
1784804391985664256,4.131401300430298,0.1096954345703125,-0.089935302734375,-0.3557281494140625
1784804391995584000,4.141321182250977,0.1817779541015625,0.0010986328125,-0.4441680908203125
1784804392005502976,4.151240110397339,0.1817474365234375,0.043243408203125,-0.50726318359375
1784804392015424000,4.161161184310913,0.23052978515625,0.09576416015625,-0.52996826171875
1784804392025343232,4.1710803508758545,0.21343994140625,0.147430419921875,-0.555572509765625
1784804392035262976,4.181000232696533,0.273193359375,-0.0177154541015625,-0.6603546142578125
1784804392045182208,4.190919399261475,0.2097015380859375,-0.0820159912109375,-0.7425079345703125
1784804392055102208,4.200839281082153,0.176055908203125,-0.02130126953125,-0.9167022705078125
1784804392065020928,4.210758209228516,0.1503143310546875,0.172210693359375,-1.0088958740234375
1784804392074941184,4.220678329467773,0.104095458984375,0.1787567138671875,-1.1744384765625
1784804392084860160,4.230597257614136,0.068084716796875,0.1664276123046875,-1.3018646240234375
1784804392094780160,4.2405173778533936,0.061920166015625,0.086944580078125,-1.4561004638671875
1784804392104699136,4.250436305999756,0.1076202392578125,0.1370697021484375,-1.4720001220703125
1784804392114619136,4.260356187820435,0.1951446533203125,0.3018646240234375,-1.48553466796875
1784804392124538112,4.270275354385376,0.248626708984375,0.4158782958984375,-1.54913330078125
1784804392134458112,4.280195236206055,0.0308380126953125,0.5127410888671875,-1.619781494140625
1784804392144377344,4.290114402770996,-0.1503448486328125,0.5455474853515625,-1.7545928955078125
1784804392154297088,4.300034284591675,-0.0457611083984375,0.4218902587890625,-1.7218170166015625
1784804392164216064,4.309953212738037,0.105224609375,0.307373046875,-1.5631256103515625
1784804392174136064,4.319873332977295,0.13836669921875,0.3126678466796875,-1.4963531494140625
1784804392184055040,4.329792261123657,0.1112823486328125,0.3527374267578125,-1.4622802734375
1784804392193975296,4.339712381362915,0.1204681396484375,0.436004638671875,-1.427642822265625
1784804392203894016,4.349631309509277,0.192138671875,0.4838714599609375,-1.395965576171875
1784804392213814016,4.359551191329956,0.2843780517578125,0.44537353515625,-1.3197174072265625
1784804392223733248,4.3694703578948975,0.314422607421875,0.3666534423828125,-1.3708648681640625
1784804392233652992,4.379390239715576,0.395355224609375,0.3065032958984375,-1.3254241943359375
1784804392243572224,4.389309406280518,0.493194580078125,0.204071044921875,-1.25732421875
1784804392253492224,4.399229288101196,0.5763702392578125,0.2093963623046875,-1.2083740234375
1784804392263410944,4.409148216247559,0.5960235595703125,0.195892333984375,-1.252197265625
1784804392273331200,4.419068336486816,0.62060546875,0.22210693359375,-1.257110595703125
1784804392283250176,4.428987264633179,0.442474365234375,0.2260894775390625,-1.245697021484375
1784804392293170176,4.4389073848724365,0.3045196533203125,0.230255126953125,-1.1475830078125
1784804392303089152,4.448826313018799,0.1898040771484375,0.19708251953125,-1.0955047607421875
1784804392313008896,4.4587461948394775,0.2024993896484375,0.2308502197265625,-1.09844970703125
1784804392322928128,4.468665361404419,0.2359466552734375,0.246826171875,-1.106353759765625
1784804392332848128,4.478585243225098,0.215423583984375,0.2590179443359375,-1.134368896484375
1784804392342767360,4.488504409790039,0.1957855224609375,0.3328704833984375,-1.1234893798828125
1784804392352687104,4.498424291610718,0.1445465087890625,0.3570098876953125,-1.1522216796875
1784804392362606080,4.50834321975708,0.1328125,0.323089599609375,-1.1866302490234375
1784804392372526080,4.518263339996338,0.15850830078125,0.3267974853515625,-1.1738433837890625
1784804392382445056,4.5281822681427,0.1994171142578125,0.326812744140625,-1.188934326171875
1784804392392365312,4.538102388381958,0.1526336669921875,0.369964599609375,-1.141265869140625
1784804392402285056,4.548022270202637,0.0976715087890625,0.3910064697265625,-1.1011199951171875
1784804392412204032,4.557941198348999,0.035400390625,0.310333251953125,-1.0369110107421875
1784804392422124032,4.567861318588257,-0.008209228515625,0.30303955078125,-0.9643096923828125
1784804392432043008,4.577780246734619,-0.039703369140625,0.2916259765625,-0.9319915771484375
1784804392441963264,4.587700366973877,-0.024566650390625,0.3070526123046875,-0.9208831787109375
1784804392451882240,4.597619295120239,0.01593017578125,0.3326873779296875,-0.9017333984375
1784804392461801984,4.607539176940918,-0.0034027099609375,0.387786865234375,-0.897430419921875
1784804392471721216,4.617458343505859,0.0099945068359375,0.400726318359375,-0.9144287109375
1784804392481640960,4.627378225326538,-0.007659912109375,0.3739471435546875,-0.9586181640625
1784804392491560192,4.6372973918914795,0.0226593017578125,0.3679656982421875,-0.955810546875
1784804392501480192,4.647217273712158,0.000762939453125,0.3619232177734375,-0.948089599609375
1784804392511398912,4.6571362018585205,-0.0563812255859375,0.3812103271484375,-0.9102783203125
1784804392521319168,4.667056322097778,-0.1009063720703125,0.3665924072265625,-0.860260009765625
1784804392531238144,4.676975250244141,-0.13397216796875,0.384002685546875,-0.8423919677734375
1784804392541158144,4.686895370483398,-0.1463775634765625,0.4850616455078125,-0.850738525390625
1784804392551077120,4.696814298629761,-0.1148834228515625,0.5471343994140625,-0.803375244140625
1784804392560997120,4.7067341804504395,-0.151702880859375,0.507720947265625,-0.67095947265625
1784804392570916096,4.716653347015381,-0.1806640625,0.4051971435546875,-0.610870361328125
1784804392580836096,4.72657322883606,-0.1686859130859375,0.439239501953125,-0.527679443359375
1784804392590755328,4.736492395401001,-0.1340179443359375,0.4247283935546875,-0.4685516357421875
1784804392600675072,4.74641227722168,-0.1400299072265625,0.42535400390625,-0.4305267333984375
1784804392610594048,4.756331205368042,-0.0966796875,0.45697021484375,-0.405303955078125
1784804392620514048,4.7662513256073,-0.0885162353515625,0.5025787353515625,-0.3653106689453125
1784804392630433024,4.776170253753662,-0.104217529296875,0.4688568115234375,-0.340362548828125
1784804392640353280,4.78609037399292,-0.070648193359375,0.421142578125,-0.343414306640625
1784804392650273024,4.796010255813599,-0.068389892578125,0.3786163330078125,-0.2901153564453125
1784804392660192000,4.805929183959961,-0.05194091796875,0.3578948974609375,-0.15631103515625
1784804392670112256,4.815849304199219,-0.0139312744140625,0.2165679931640625,-0.0192413330078125
1784804392680030976,4.825768232345581,-0.032379150390625,0.06219482421875,-0.05096435546875
1784804392689951232,4.835688352584839,-0.04443359375,-0.098052978515625,-0.352783203125
1784804392699870208,4.845607280731201,-0.04754638671875,-0.1691131591796875,-0.382080078125
1784804392709790208,4.855527400970459,-0.0188446044921875,-0.2847747802734375,-0.4743194580078125
1784804392719709184,4.865446329116821,-0.07464599609375,-0.3788604736328125,-0.5018768310546875
1784804392729628928,4.8753662109375,-0.12237548828125,-0.3487548828125,-0.4320068359375
1784804392739548160,4.885285377502441,-0.1413421630859375,-0.1496734619140625,-0.6256866455078125
1784804392749468160,4.89520525932312,-0.1075592041015625,0.133087158203125,-0.751983642578125
1784804392759387136,4.905124187469482,-0.0101776123046875,0.0623016357421875,-0.9627685546875
1784804392769307136,4.91504430770874,-0.055938720703125,-0.167755126953125,-0.8753509521484375
1784804392779226112,4.9249632358551025,-0.177520751953125,-0.2448272705078125,-0.7512054443359375
1784804392789146112,4.93488335609436,-0.25634765625,-0.249481201171875,-0.70269775390625
1784804392799065088,4.944802284240723,-0.22955322265625,-0.02099609375,-0.7547760009765625
1784804392808985344,4.9547224044799805,-0.0679168701171875,0.562225341796875,-1.085296630859375
1784804392818905088,4.964642286300659,0.0746917724609375,1.4813995361328125,-1.18914794921875
1784804392828824064,4.9745612144470215,0.13861083984375,2.0457000732421875,-1.3964691162109375
1784804392838744064,4.984481334686279,0.1168060302734375,1.847076416015625,-1.498992919921875
1784804392848663040,4.994400262832642,-0.0176544189453125,1.56585693359375,-1.2235870361328125
1784804392858583296,5.004320383071899,-0.0927886962890625,1.4579010009765625,-1.05487060546875
1784804392868502016,5.014239311218262,-0.04864501953125,1.275177001953125,-0.9649505615234375
1784804392878422016,5.02415919303894,0.0236968994140625,0.988555908203125,-0.8782806396484375
1784804392888341248,5.034078359603882,0.01995849609375,0.789306640625,-0.703399658203125
1784804392898260992,5.0439982414245605,0.05267333984375,0.5750274658203125,-0.7069549560546875
1784804392908180224,5.053917407989502,0.13330078125,0.5358123779296875,-0.68756103515625
1784804392918100224,5.063837289810181,0.237091064453125,0.61968994140625,-0.808135986328125
1784804392928018944,5.073756217956543,0.3058929443359375,0.755279541015625,-0.77398681640625
1784804392937939200,5.083676338195801,0.460052490234375,0.7299041748046875,-0.7030029296875
1784804392947858176,5.093595266342163,0.6229248046875,0.70574951171875,-0.5452117919921875
1784804392957778176,5.103515386581421,0.7966461181640625,0.7557220458984375,-0.4127044677734375
1784804392967697152,5.113434314727783,0.80328369140625,0.8260650634765625,-0.3389129638671875
1784804392977617152,5.123354196548462,0.5947418212890625,0.89520263671875,-0.2474212646484375
1784804392987537152,5.13327431678772,0.361572265625,0.9533538818359375,-0.20904541015625
1784804392997456128,5.143193244934082,0.2159881591796875,1.051849365234375,-0.185638427734375
1784804393007376128,5.15311336517334,0.0910797119140625,1.1035919189453125,0.0208587646484375
1784804393017294336,5.163031578063965,0.1334381103515625,1.02117919921875,0.0600433349609375
1784804393027214336,5.1729514598846436,0.376220703125,0.8137969970703125,0.1454925537109375
1784804393037133568,5.182870626449585,0.528411865234375,0.5149993896484375,0.259796142578125
1784804393047053312,5.192790508270264,0.57489013671875,0.186309814453125,0.3311004638671875
1784804393056972288,5.202709436416626,0.6125640869140625,0.0200042724609375,0.4316864013671875
1784804393066892288,5.212629556655884,0.6493377685546875,-0.137908935546875,0.405853271484375
1784804393076811264,5.222548484802246,0.6502227783203125,-0.2327880859375,0.2630615234375
1784804393086731520,5.232468605041504,0.6893768310546875,-0.1644287109375,0.09918212890625
1784804393096650240,5.242387533187866,0.6252288818359375,-0.40557861328125,-0.1538238525390625
1784804393106570496,5.252307653427124,0.6340789794921875,-0.83203125,-0.663665771484375
1784804393116489472,5.262226581573486,0.5968475341796875,-0.905731201171875,-1.005401611328125
1784804393126409216,5.272146463394165,0.628021240234375,-0.9304046630859375,-1.0938720703125
1784804393136329472,5.282066583633423,0.66094970703125,-1.10772705078125,-0.9767303466796875
1784804393146248448,5.291985511779785,0.6048126220703125,-1.549591064453125,-0.899139404296875
1784804393156168448,5.301905632019043,0.8411407470703125,-1.8744964599609375,-0.951202392578125
1784804393166087424,5.311824560165405,0.906585693359375,-1.82928466796875,-0.9486083984375
1784804393176007168,5.321744441986084,1.20513916015625,-2.0469512939453125,-1.2138671875
1784804393185926400,5.331663608551025,1.7091064453125,-2.379364013671875,-1.5586395263671875
1784804393195846400,5.341583490371704,2.231689453125,-2.5118865966796875,-1.5470733642578125
1784804393205765376,5.3515026569366455,2.5975341796875,-2.4814300537109375,-1.635894775390625
1784804393215685376,5.361422538757324,2.73724365234375,-2.3615875244140625,-1.8176116943359375
1784804393225604352,5.3713414669036865,2.701812744140625,-2.2834625244140625,-2.128753662109375
1784804393235524352,5.381261587142944,2.3672332763671875,-1.4969482421875,-2.255279541015625
1784804393245444352,5.391181468963623,1.849884033203125,-0.6785430908203125,-1.72991943359375
1784804393255363584,5.4011006355285645,1.675445556640625,-0.8569488525390625,-1.5152587890625
1784804393265283328,5.411020517349243,1.925262451171875,-1.343536376953125,-1.2904510498046875
1784804393275202304,5.4209394454956055,1.7094268798828125,-0.9351654052734375,-1.1484527587890625
1784804393285122304,5.430859565734863,1.63885498046875,0.7531585693359375,-0.161712646484375
1784804393295041280,5.440778493881226,1.557861328125,1.343902587890625,0.008880615234375
1784804393304961536,5.450698614120483,0.767608642578125,1.4162445068359375,0.5268096923828125
1784804393314880256,5.460617542266846,0.8990478515625,0.5688018798828125,0.5161590576171875
1784804393324800256,5.470537424087524,1.3514862060546875,0.20745849609375,0.6136932373046875
1784804393334719488,5.480456590652466,1.7394561767578125,-0.045928955078125,0.2567596435546875
1784804393344639232,5.4903764724731445,2.94683837890625,0.0365142822265625,-0.1442718505859375
1784804393354558464,5.500295639038086,3.6342315673828125,0.650634765625,-0.324493408203125
1784804393364478464,5.510215520858765,2.779510498046875,0.576995849609375,-0.5814056396484375
1784804393374398464,5.5201356410980225,4.0689544677734375,0.3558349609375,-1.112945556640625
1784804393384317440,5.530054569244385,4.3396453857421875,0.4796295166015625,-1.12713623046875
1784804393394237184,5.5399744510650635,4.7917022705078125,0.9370880126953125,-1.0392608642578125
1784804393404156416,5.549893617630005,3.4412994384765625,0.2149810791015625,-1.5576324462890625
1784804393414076416,5.559813499450684,3.825286865234375,-1.7360687255859375,-1.6420745849609375
1784804393423995136,5.569732427597046,3.7973785400390625,-1.9457855224609375,-0.90350341796875
1784804393433915392,5.579652547836304,3.6003570556640625,-0.868743896484375,-1.9167327880859375
1784804393443834368,5.589571475982666,3.3478546142578125,-0.9795989990234375,-2.01513671875
1784804393453754368,5.599491596221924,3.296142578125,-0.7311248779296875,-1.9158477783203125
1784804393463674368,5.6094114780426025,3.290435791015625,-0.3614959716796875,-1.8643646240234375
1784804393473593600,5.619330644607544,3.4388885498046875,-0.262359619140625,-2.032867431640625
1784804393483513344,5.629250526428223,2.9084014892578125,-0.261474609375,-1.5989990234375
1784804393493432320,5.639169454574585,3.6472320556640625,0.266082763671875,-2.5966796875
1784804393503352320,5.649089574813843,3.31439208984375,0.2021026611328125,-3.499725341796875
1784804393513271296,5.659008502960205,2.9339599609375,0.4172515869140625,-3.467254638671875
1784804393523191552,5.668928623199463,3.1649322509765625,0.5750885009765625,-3.8513946533203125
1784804393533110272,5.678847551345825,2.543243408203125,1.0947113037109375,-3.712738037109375
1784804393543030272,5.688767433166504,2.1865692138671875,2.67547607421875,-3.3206787109375
1784804393552949504,5.698686599731445,2.06134033203125,4.1141510009765625,-1.326080322265625
1784804393562869248,5.708606481552124,2.623291015625,2.2560577392578125,-0.741180419921875
1784804393572789504,5.718526601791382,4.488983154296875,0.752471923828125,-0.672027587890625
1784804393582708480,5.728445529937744,5.1162109375,0.3267364501953125,-0.4141387939453125
1784804393592628480,5.738365650177002,4.6327972412109375,0.64813232421875,-0.02984619140625
1784804393602547456,5.748284578323364,3.9739990234375,0.9102630615234375,0.0184478759765625
1784804393612467200,5.758204460144043,3.6197967529296875,1.0729217529296875,-0.05731201171875
1784804393622386432,5.768123626708984,3.7923736572265625,1.0182037353515625,-0.690765380859375
1784804393632306432,5.778043508529663,4.1059112548828125,0.906646728515625,-1.525634765625
1784804393642225152,5.787962436676025,4.0991668701171875,1.2036285400390625,-1.5041656494140625
1784804393652145408,5.797882556915283,4.2204437255859375,1.652191162109375,-1.1053314208984375
1784804393662065152,5.807802438735962,4.6523590087890625,1.79638671875,-0.6110382080078125
1784804393671984384,5.817721605300903,5.2787933349609375,1.5887298583984375,0.0804290771484375
1784804393681904384,5.827641487121582,5.7715911865234375,1.2967681884765625,0.734619140625
1784804393691823360,5.837560653686523,5.8812408447265625,1.320159912109375,0.9179840087890625
1784804393701743360,5.847480535507202,5.88958740234375,1.6719818115234375,1.1863250732421875
1784804393711662336,5.8573994636535645,5.9226531982421875,1.5906829833984375,1.3332977294921875
1784804393721582336,5.867319583892822,5.673858642578125,1.5743865966796875,1.6014404296875
1784804393731501312,5.877238512039185,5.219482421875,1.8302459716796875,1.8546295166015625
1784804393741421568,5.887158632278442,4.6334381103515625,2.12359619140625,2.3075408935546875
1784804393751341312,5.897078514099121,3.9296875,2.202239990234375,2.402252197265625
1784804393761260288,5.906997442245483,3.4190216064453125,2.0172271728515625,2.1927947998046875
1784804393771180288,5.916917562484741,3.34283447265625,1.519775390625,2.1602935791015625
1784804393781099264,5.9268364906311035,3.4576416015625,1.0574493408203125,2.298248291015625
1784804393791019520,5.936756610870361,3.2163543701171875,0.4410858154296875,2.360687255859375
1784804393800938240,5.946675539016724,2.8199462890625,-0.0897216796875,2.3251190185546875
1784804393810858496,5.9565956592559814,2.660919189453125,-0.0652618408203125,2.3628082275390625
1784804393820777472,5.966514587402344,3.0201263427734375,0.986968994140625,1.860076904296875
1784804393830697216,5.9764344692230225,3.2622528076171875,3.0078887939453125,0.2841339111328125
1784804393840616448,5.986353635787964,5.1149444580078125,14.644866943359375,0.6207275390625
1784804393850536448,5.996273517608643,0.05517578125,7.77166748046875,3.39080810546875
1784804393860456448,6.0061936378479,-1.4794464111328125,-0.5232086181640625,1.4722442626953125
1784804393870375424,6.016112565994263,-0.3410797119140625,1.6883697509765625,1.9489898681640625
1784804393880295168,6.026032447814941,0.3718109130859375,2.890655517578125,2.009124755859375
1784804393890214400,6.035951614379883,0.652069091796875,2.3990478515625,1.2107086181640625
1784804393900134400,6.0458714962005615,0.6189727783203125,1.9952239990234375,1.33795166015625
1784804393910053376,6.055790424346924,-0.1009063720703125,1.548248291015625,0.958770751953125
1784804393919973376,6.065710544586182,-0.1371612548828125,1.77020263671875,0.5796966552734375
1784804393929892352,6.075629472732544,0.0086212158203125,2.041259765625,0.3397369384765625
1784804393939812352,6.085549592971802,0.15643310546875,2.03668212890625,-0.458740234375
1784804393949732352,6.0954694747924805,0.010467529296875,1.847137451171875,-0.4561614990234375
1784804393959651584,6.105388641357422,0.34796142578125,1.5438232421875,-0.4441680908203125
1784804393969571328,6.115308523178101,0.3881072998046875,1.0391082763671875,-0.561126708984375
1784804393979490304,6.125227451324463,0.1300048828125,0.8704376220703125,-0.7186126708984375
1784804393989410304,6.135147571563721,0.0772705078125,1.126068115234375,-1.054718017578125
1784804393999329280,6.145066499710083,0.1620635986328125,0.9254150390625,-1.4677886962890625
1784804394009249536,6.154986619949341,0.0082244873046875,0.6240997314453125,-1.4813995361328125
1784804394019168768,6.164906024932861,-0.2169647216796875,0.614532470703125,-1.27288818359375
1784804394029088768,6.17482590675354,-0.4918212890625,0.883209228515625,-0.8933258056640625
1784804394039008768,6.184746026992798,-0.3575592041015625,0.8372039794921875,-0.9921112060546875
1784804394048927744,6.19466495513916,0.18829345703125,0.7779541015625,-0.8763580322265625
1784804394058848000,6.204585075378418,0.6129913330078125,0.6732330322265625,-0.899383544921875
1784804394068766720,6.21450400352478,0.1522979736328125,0.58013916015625,-0.5879364013671875
1784804394078686720,6.224423885345459,0.072418212890625,0.40753173828125,-0.6689300537109375
1784804394088605952,6.2343430519104,0.1232147216796875,0.1082763671875,-0.8326416015625
1784804394098525696,6.244262933731079,0.20611572265625,0.0745086669921875,-0.9344635009765625
1784804394108444672,6.254181861877441,0.347076416015625,0.0920867919921875,-1.0162200927734375
1784804394118364928,6.264101982116699,0.4755096435546875,-0.0038604736328125,-1.120880126953125
1784804394128284672,6.274021863937378,0.5308685302734375,-0.0469512939453125,-1.063995361328125
1784804394138203904,6.283941030502319,0.6042633056640625,0.0809173583984375,-0.9686737060546875
1784804394148123648,6.293860912322998,0.5413665771484375,0.279052734375,-0.9479522705078125
1784804394158042624,6.30377984046936,0.3509674072265625,0.7571563720703125,-0.6683807373046875
1784804394167962880,6.313699960708618,0.187255859375,1.2486114501953125,-0.6349945068359375
1784804394177881600,6.3236188888549805,0.156707763671875,1.43829345703125,-0.9958648681640625
1784804394187801856,6.333539009094238,0.1749114990234375,1.5632171630859375,-1.093963623046875
1784804394197720832,6.343457937240601,0.2291107177734375,1.5162353515625,-1.285400390625
1784804394207640832,6.353378057479858,0.2703857421875,1.4302520751953125,-1.4843292236328125
1784804394217560832,6.363297939300537,0.3473663330078125,1.4368743896484375,-1.6531829833984375
1784804394227479808,6.373216867446899,0.43798828125,1.4652099609375,-1.6935577392578125
1784804394237399808,6.383136987686157,0.6222991943359375,1.246337890625,-1.4993133544921875
1784804394247318784,6.3930559158325195,0.6081695556640625,0.7889862060546875,-1.2228546142578125
1784804394257238784,6.402976036071777,0.51019287109375,0.67822265625,-0.965667724609375
1784804394267157760,6.41289496421814,0.33673095703125,0.869659423828125,-0.9335479736328125
1784804394277077760,6.422814846038818,0.260833740234375,1.095794677734375,-0.6913909912109375
1784804394286997760,6.432734966278076,0.274261474609375,1.1077423095703125,-0.65484619140625
1784804394296916736,6.4426538944244385,0.344879150390625,1.28155517578125,-0.557891845703125
1784804394306836736,6.452574014663696,0.34783935546875,1.45440673828125,-0.591278076171875
1784804394316755712,6.462492942810059,0.34405517578125,1.31793212890625,-0.47259521484375
1784804394326675968,6.472413063049316,0.2934417724609375,0.9041595458984375,-0.2544708251953125
1784804394336594944,6.482331991195679,0.2616424560546875,0.4147186279296875,-0.0239105224609375
1784804394346514688,6.492251873016357,0.17901611328125,-0.080230712890625,0.08892822265625
1784804394356433920,6.502171039581299,0.258819580078125,-0.3781890869140625,0.186859130859375
1784804394366353664,6.5120909214019775,0.341888427734375,-0.3462677001953125,0.2400360107421875
1784804394376273920,6.522011041641235,0.2754974365234375,-0.2036590576171875,0.15826416015625
1784804394386192896,6.531929969787598,0.2932891845703125,-0.1046142578125,0.0460357666015625
1784804394396112640,6.541849851608276,0.3500213623046875,-0.3405303955078125,0.1299591064453125
1784804394406031872,6.551769018173218,0.2472686767578125,-0.7944183349609375,0.075897216796875
1784804394415951616,6.5616888999938965,0.1412811279296875,-0.9100189208984375,-0.163055419921875
1784804394425870848,6.571608066558838,0.1483306884765625,-0.8273773193359375,-0.2459259033203125
1784804394435790848,6.581527948379517,0.3097991943359375,-0.8271484375,-0.429595947265625
1784804394445709824,6.591446876525879,0.644317626953125,-0.8865966796875,-0.728851318359375
1784804394455629824,6.601366996765137,0.7638702392578125,-1.151092529296875,-1.031036376953125
1784804394465549824,6.611286878585815,0.879364013671875,-1.066314697265625,-1.042083740234375
1784804394475468800,6.621206045150757,0.9608612060546875,-0.9387969970703125,-0.89483642578125
1784804394485388800,6.6311259269714355,1.1124114990234375,-1.1028900146484375,-0.9452667236328125
1784804394495307776,6.641044855117798,1.1820068359375,-1.3180084228515625,-1.0927581787109375
1784804394505227776,6.650964975357056,1.3170013427734375,-1.415191650390625,-1.209197998046875
1784804394515146752,6.660883903503418,1.6417999267578125,-1.458404541015625,-1.1783294677734375
1784804394525066752,6.670804023742676,2.1743927001953125,-1.368560791015625,-1.3024749755859375
1784804394534985728,6.680722951889038,2.481719970703125,-1.399566650390625,-1.390838623046875
1784804394544905984,6.690643072128296,2.6614990234375,-1.43096923828125,-1.3844451904296875
1784804394554825728,6.700562953948975,2.6748046875,-1.580535888671875,-1.527435302734375
1784804394564744704,6.710481882095337,2.53424072265625,-1.5639801025390625,-1.622802734375
1784804394574664704,6.720402002334595,2.341339111328125,-1.5844879150390625,-1.63970947265625
1784804394584583680,6.730320930480957,2.550628662109375,-1.6806793212890625,-1.457427978515625
1784804394594503936,6.740241050720215,2.6109466552734375,-1.5861663818359375,-1.3883056640625
1784804394604422912,6.750159978866577,2.1218109130859375,-1.0839385986328125,-0.85986328125
1784804394614342656,6.760079860687256,2.389373779296875,-0.4749298095703125,-0.7011566162109375
1784804394624262912,6.769999980926514,2.0221405029296875,0.1817626953125,-0.13275146484375
1784804394634181632,6.779918909072876,1.7791290283203125,0.2749786376953125,-0.0082244873046875
1784804394644101888,6.789839029312134,1.6539764404296875,0.44635009765625,0.4184112548828125
1784804394654020864,6.799757957458496,1.1494598388671875,1.4161529541015625,0.1936798095703125
1784804394663940608,6.809677839279175,1.35992431640625,1.764678955078125,-0.1356353759765625
1784804394673859840,6.819597005844116,1.388641357421875,1.1183319091796875,0.082275390625
1784804394683779840,6.829516887664795,1.3368377685546875,0.57183837890625,0.379974365234375
1784804394693699840,6.839437007904053,1.6072235107421875,0.575836181640625,0.6118011474609375
1784804394703618816,6.849355936050415,2.7319793701171875,-0.0548553466796875,0.3341064453125
1784804394713538816,6.859276056289673,3.6662445068359375,-0.3298797607421875,-0.038543701171875
1784804394723457792,6.869194984436035,3.287811279296875,-0.0845794677734375,-1.244537353515625
1784804394733377792,6.879114866256714,2.8127288818359375,0.109130859375,-1.3475494384765625
1784804394743296768,6.889034032821655,4.3320770263671875,-0.0889739990234375,-0.9791259765625
1784804394753216768,6.898953914642334,3.834136962890625,0.76116943359375,-0.758941650390625
1784804394763136768,6.908874034881592,2.18585205078125,-0.138641357421875,-0.9417266845703125
1784804394773055744,6.918792963027954,3.490692138671875,-1.039154052734375,-0.8186187744140625
1784804394782975744,6.928712844848633,4.14459228515625,-1.74029541015625,-1.473052978515625
1784804394792894720,6.938632011413574,3.6347808837890625,-1.2175750732421875,-1.3159027099609375
1784804394802814720,6.948551893234253,2.9785003662109375,-0.6959991455078125,-1.57318115234375
1784804394812733952,6.958471059799194,3.1059417724609375,-0.53924560546875,-1.0516510009765625
1784804394822653696,6.968390941619873,2.8534698486328125,-1.15673828125,-1.3502349853515625
1784804394832573952,6.978311061859131,2.4504241943359375,-0.3780670166015625,-1.138397216796875
1784804394842492928,6.988229990005493,2.437255859375,-0.2150726318359375,-1.62078857421875
1784804394852412672,6.998149871826172,2.3822021484375,-0.1382598876953125,-1.9862518310546875
1784804394862331904,7.008069038391113,3.1597137451171875,0.0590972900390625,-2.2642059326171875
1784804394872251648,7.017988920211792,2.8233642578125,0.10906982421875,-3.3507537841796875
1784804394882170624,7.027907848358154,1.9419403076171875,0.9726715087890625,-3.3613433837890625
1784804394892090880,7.037827968597412,2.2254791259765625,2.2743072509765625,-2.7924652099609375
1784804394902010624,7.047747850418091,2.8553009033203125,2.452362060546875,-2.8940277099609375
1784804394911929856,7.057667016983032,2.3417510986328125,0.5358123779296875,-2.8671112060546875
1784804394921849600,7.067586898803711,2.204925537109375,-0.1745147705078125,-2.5380706787109375
1784804394931768832,7.077506065368652,2.16375732421875,0.203155517578125,-2.0304412841796875
1784804394941688832,7.087425947189331,2.4795379638671875,0.865631103515625,-1.439483642578125
1784804394951607808,7.097344875335693,3.494659423828125,1.24310302734375,-1.1521453857421875
1784804394961527808,7.107264995574951,4.1564483642578125,0.773773193359375,-0.5611419677734375
1784804394971447808,7.11718487739563,4.3286590576171875,0.1331939697265625,-0.1777801513671875
1784804394981366784,7.127104043960571,4.0239715576171875,0.0943450927734375,-0.241912841796875
1784804394991286784,7.13702392578125,3.6713104248046875,0.461334228515625,-0.436279296875
1784804395001205760,7.146942853927612,3.5540313720703125,0.5204010009765625,-0.74481201171875
1784804395011125760,7.15686297416687,3.705780029296875,0.596466064453125,-0.8621826171875
1784804395021044480,7.166781663894653,3.9420623779296875,0.9543914794921875,-0.89324951171875
1784804395030964480,7.176701545715332,4.07159423828125,1.433135986328125,-0.85333251953125
1784804395040883200,7.186620473861694,4.3105621337890625,1.5726470947265625,-0.7559661865234375
1784804395050803456,7.196540594100952,4.68048095703125,1.36322021484375,-0.35565185546875
1784804395060723200,7.206460475921631,5.0300445556640625,1.291961669921875,0.1566619873046875
1784804395070642432,7.216379642486572,5.3131103515625,1.4386138916015625,0.433441162109375
1784804395080562432,7.226299524307251,5.542144775390625,1.5952911376953125,0.53692626953125
1784804395090481408,7.236218690872192,5.7756195068359375,1.8313140869140625,0.6904754638671875
1784804395100401408,7.246138572692871,5.8912506103515625,1.8769989013671875,1.1212158203125
1784804395110320384,7.256057500839233,5.7883148193359375,1.7122955322265625,1.579925537109375
1784804395120240384,7.265977621078491,5.3178253173828125,1.701507568359375,1.9825286865234375
1784804395130160384,7.27589750289917,4.58941650390625,1.849578857421875,2.1808624267578125
1784804395140079616,7.285816669464111,3.736572265625,1.702911376953125,2.2465667724609375
1784804395149999360,7.29573655128479,3.1642303466796875,1.2600250244140625,2.082733154296875
1784804395159918336,7.305655479431152,3.1805267333984375,0.9850616455078125,1.7684478759765625
1784804395169838336,7.31557559967041,3.5711669921875,0.7966766357421875,1.54034423828125
1784804395179757312,7.3254945278167725,3.7061309814453125,0.691162109375,1.7885284423828125
1784804395189677568,7.33541464805603,3.3245391845703125,0.92437744140625,1.9957733154296875
1784804395199597312,7.345334529876709,2.76080322265625,1.702545166015625,1.1353607177734375
1784804395209516544,7.35525369644165,3.266693115234375,3.7261962890625,1.5010986328125
1784804395219436288,7.365173578262329,3.8973846435546875,7.9139862060546875,1.322723388671875
1784804395229355264,7.375092506408691,0.9605560302734375,8.032730102539062,2.5233001708984375
1784804395239275520,7.385012626647949,-0.1976470947265625,2.6455535888671875,1.7314300537109375
1784804395249194496,7.3949315547943115,-0.470672607421875,1.7960662841796875,1.5465850830078125
1784804395259114496,7.404851675033569,0.2122802734375,1.7271728515625,2.2335357666015625
1784804395269034496,7.414771556854248,0.2383880615234375,1.374969482421875,1.7323150634765625
1784804395278953216,7.42469048500061,0.3973541259765625,1.356536865234375,1.1164703369140625
1784804395288873472,7.434610605239868,0.2474517822265625,1.3918609619140625,0.817901611328125
1784804395298792448,7.4445295333862305,0.071075439453125,1.6495819091796875,0.7217559814453125
1784804395308712448,7.454449653625488,0.0734100341796875,1.782012939453125,0.7249298095703125
1784804395318631424,7.464368581771851,0.003662109375,1.5533599853515625,0.6262359619140625
1784804395328551424,7.474288702011108,0.0292205810546875,1.3614349365234375,0.1201324462890625
1784804395338471424,7.484208583831787,0.09320068359375,1.594512939453125,-0.3172760009765625
1784804395348390400,7.494127511978149,0.015838623046875,1.9596099853515625,-0.557586669921875
1784804395358310400,7.504047632217407,0.0842437744140625,1.934051513671875,-0.8180694580078125
1784804395368229376,7.5139665603637695,0.0753173828125,1.39208984375,-1.0503082275390625
1784804395378149632,7.523886680603027,-0.1306915283203125,0.8841400146484375,-1.2850341796875
1784804395388068352,7.53380560874939,-0.214263916015625,0.968994140625,-1.085662841796875
1784804395397988352,7.543725490570068,0.065338134765625,0.8719940185546875,-1.0633392333984375
1784804395407908352,7.553645610809326,-0.2752532958984375,1.1025390625,-1.2308197021484375
1784804395417827328,7.5635645389556885,-0.497894287109375,1.5471038818359375,-0.80084228515625
1784804395427747584,7.573484659194946,-0.01092529296875,0.98193359375,-1.190673828125
1784804395437666304,7.583403587341309,0.0555267333984375,0.7432098388671875,-1.04974365234375
1784804395447586304,7.593323469161987,0.3951263427734375,0.7161865234375,-0.72662353515625
1784804395457505536,7.603242635726929,0.723846435546875,0.6361541748046875,-0.53497314453125
1784804395467425280,7.613162517547607,0.376007080078125,0.441802978515625,-0.643768310546875
1784804395477345536,7.623082637786865,0.1606292724609375,0.0610198974609375,-0.8231353759765625
1784804395487264512,7.6330015659332275,0.302886962890625,-0.0812530517578125,-0.9504852294921875
1784804395497184512,7.642921686172485,0.3508758544921875,-0.20477294921875,-0.9046630859375
1784804395507103488,7.652840614318848,0.3922119140625,0.0721282958984375,-0.8037567138671875
1784804395517023232,7.662760496139526,0.4034881591796875,0.2170867919921875,-0.8541259765625
1784804395526942464,7.672679662704468,0.2736053466796875,0.4310150146484375,-0.8086700439453125
1784804395536862464,7.6825995445251465,0.27947998046875,0.75347900390625,-0.7018890380859375
1784804395546782464,7.692519664764404,0.21856689453125,0.9212646484375,-0.8013916015625
1784804395556701440,7.702438592910767,0.248046875,1.0089874267578125,-0.9202728271484375
1784804395566621184,7.712358474731445,0.0645904541015625,0.9920501708984375,-1.0697021484375
1784804395576540416,7.722277641296387,0.21136474609375,1.0352783203125,-1.2667236328125
1784804395586460416,7.732197523117065,0.32867431640625,1.169830322265625,-1.397979736328125
1784804395596379392,7.742116689682007,0.4521942138671875,1.3158111572265625,-1.409454345703125
1784804395606299392,7.7520365715026855,0.4948272705078125,1.4735260009765625,-1.397216796875
1784804395616219648,7.761956691741943,0.51708984375,1.6016387939453125,-1.4182281494140625
1784804395626138368,7.771875619888306,0.5218048095703125,1.5129852294921875,-1.2228546142578125
1784804395636058368,7.781795501708984,0.5261688232421875,1.1218719482421875,-1.1379852294921875
1784804395645977600,7.791714668273926,0.4746551513671875,1.1474761962890625,-0.8683929443359375
1784804395655897344,7.8016345500946045,0.366912841796875,1.2196807861328125,-0.7863311767578125
1784804395665816320,7.811553478240967,0.2284698486328125,1.30792236328125,-0.7565765380859375
1784804395675736320,7.821473598480225,0.219390869140625,1.39666748046875,-0.8498077392578125
1784804395685656320,7.831393480300903,0.3563232421875,1.435943603515625,-0.8651580810546875
1784804395695575552,7.841312646865845,0.444183349609375,1.2952728271484375,-0.6513519287109375
1784804395705495296,7.851232528686523,0.4038848876953125,0.8946533203125,-0.3556671142578125
1784804395715414528,7.861151695251465,0.381591796875,0.4111175537109375,-0.100830078125
1784804395725334528,7.8710715770721436,0.35943603515625,0.0469970703125,0.1025543212890625
1784804395735253248,7.880990505218506,0.208587646484375,-0.242706298828125,0.102630615234375
1784804395745173504,7.890910625457764,0.1450042724609375,-0.313385009765625,0.1545257568359375
1784804395755093248,7.900830507278442,0.10516357421875,-0.085601806640625,0.290283203125
1784804395765012480,7.910749673843384,0.0328521728515625,0.1681365966796875,0.1978759765625
1784804395774932480,7.9206695556640625,0.044403076171875,0.443023681640625,0.359466552734375
1784804395784851200,7.930588483810425,0.0811920166015625,0.227783203125,0.284515380859375
1784804395794771456,7.940508604049683,0.2094879150390625,-0.3316192626953125,-0.0589752197265625
1784804395804690432,7.950427532196045,0.38671875,-0.9513702392578125,-0.426483154296875
1784804395814610432,7.960347652435303,0.5243377685546875,-1.499481201171875,-0.543426513671875
1784804395824530432,7.9702675342559814,0.5576629638671875,-1.6925811767578125,-0.529754638671875
1784804395834449408,7.980186700820923,0.6011199951171875,-1.3858184814453125,-0.5551300048828125
1784804395844369408,7.990106582641602,0.6183929443359375,-0.8878326416015625,-0.7504119873046875
1784804395854288384,8.000025510787964,0.6285247802734375,-0.59783935546875,-0.9268951416015625
1784804395864208384,8.009945631027222,0.6428985595703125,-0.5313262939453125,-0.9074859619140625
1784804395874128384,8.0198655128479,0.813934326171875,-0.9184112548828125,-0.9145660400390625
1784804395884047616,8.029784679412842,1.089599609375,-1.52325439453125,-0.979278564453125
1784804395893967360,8.03970456123352,1.3911590576171875,-1.851165771484375,-1.0529022216796875
1784804395903886336,8.049623489379883,1.807159423828125,-1.691162109375,-1.154052734375
1784804395913806336,8.05954360961914,2.1306304931640625,-1.3352813720703125,-1.3095550537109375
1784804395923725312,8.069462537765503,2.308502197265625,-1.143707275390625,-1.3270416259765625
1784804395933645568,8.07938265800476,2.5411224365234375,-1.293182373046875,-1.536712646484375
1784804395943565312,8.08930253982544,2.37664794921875,-1.4526824951171875,-1.40924072265625
1784804395953484288,8.099221467971802,2.3006591796875,-1.4347381591796875,-1.6759033203125
1784804395963404544,8.10914158821106,2.4156646728515625,-1.577484130859375,-1.8473968505859375
1784804395973323264,8.119060516357422,2.233367919921875,-1.441375732421875,-1.328765869140625
1784804395983243520,8.12898063659668,2.6488800048828125,-1.5332183837890625,-1.348052978515625
1784804395993162496,8.138899564743042,2.4957275390625,-1.405242919921875,-1.208526611328125
1784804396003082496,8.1488196849823,2.0329742431640625,-0.40667724609375,-0.5611724853515625
1784804396013003008,8.158740282058716,1.870635986328125,-0.190399169921875,-0.2451934814453125
1784804396022922240,8.168659448623657,1.5433807373046875,0.375152587890625,0.1105194091796875
1784804396032842240,8.178579330444336,1.1552886962890625,0.8904571533203125,0.444122314453125
1784804396042760960,8.188498258590698,1.4956512451171875,1.1865081787109375,0.58221435546875
1784804396052681216,8.198418378829956,1.2593994140625,1.9177398681640625,0.4173736572265625
1784804396062600192,8.208337306976318,2.0505523681640625,1.0157470703125,-0.09808349609375
1784804396072520192,8.218257427215576,2.0491943359375,0.760223388671875,-0.0836944580078125
1784804396082440192,8.228177309036255,2.7579193115234375,0.7600250244140625,-0.79107666015625
1784804396092359168,8.238096237182617,3.0364227294921875,0.1854705810546875,-0.6203765869140625
1784804396102279168,8.248016357421875,3.76470947265625,-0.1574859619140625,-0.7249908447265625
1784804396112198144,8.257935285568237,3.963958740234375,-0.1776275634765625,-1.20526123046875
1784804396122118144,8.267855405807495,3.0262298583984375,0.0157318115234375,-1.74346923828125
1784804396132037120,8.277774333953857,2.947418212890625,0.8502960205078125,-1.6597900390625
1784804396141957120,8.287694215774536,1.992828369140625,0.5779266357421875,-1.16595458984375
1784804396151877120,8.297614336013794,2.6703643798828125,-0.7392120361328125,-0.79644775390625
1784804396161796096,8.307533264160156,2.999664306640625,-0.24237060546875,-0.458099365234375
1784804396171716096,8.317453384399414,3.5378265380859375,0.218048095703125,-0.538848876953125
1784804396181635072,8.327372312545776,3.5207672119140625,-0.2953643798828125,-1.2979888916015625
1784804396191555328,8.337292432785034,3.5516815185546875,-1.2388763427734375,-1.7871856689453125
1784804396201475072,8.347212314605713,3.0960693359375,-0.5324554443359375,-1.2685546875
1784804396211394048,8.357131242752075,3.0413055419921875,-0.3632965087890625,-1.389068603515625
1784804396221314304,8.367051362991333,2.4813079833984375,-0.2270050048828125,-1.290679931640625
1784804396231233024,8.376970291137695,2.2877044677734375,-0.211822509765625,-1.70916748046875
1784804396241153280,8.386890411376953,2.744720458984375,-0.1588134765625,-1.6695709228515625
1784804396251072256,8.396809339523315,2.417327880859375,-0.243377685546875,-1.7728729248046875
1784804396260992000,8.406729221343994,2.40606689453125,0.178009033203125,-1.8333282470703125
1784804396270912256,8.416649341583252,2.1568145751953125,0.3596954345703125,-2.2133026123046875
1784804396280830976,8.426568269729614,1.466888427734375,0.8378753662109375,-1.902099609375
1784804396290751232,8.436488389968872,2.605621337890625,1.7577667236328125,-2.3391876220703125
1784804396300670208,8.446407318115234,2.55743408203125,1.785186767578125,-2.773651123046875
1784804396310590208,8.456327438354492,2.5552520751953125,1.72430419921875,-2.9420928955078125
1784804396320509184,8.466246366500854,1.9441680908203125,1.734832763671875,-2.5741424560546875
1784804396330429184,8.476166248321533,1.8703765869140625,1.380340576171875,-1.5601043701171875
1784804396340349184,8.486086368560791,2.7474517822265625,0.36767578125,-1.075164794921875
1784804396350268160,8.496005296707153,3.5317535400390625,0.5049591064453125,-1.010162353515625
1784804396360188160,8.505925416946411,4.39825439453125,1.1117706298828125,-0.552001953125
1784804396370107136,8.515844345092773,4.216827392578125,0.73211669921875,-0.5076141357421875
1784804396380027136,8.525764226913452,3.7585601806640625,0.5121612548828125,-0.472320556640625
1784804396389947136,8.53568434715271,3.90167236328125,0.1776580810546875,-0.57275390625
1784804396399866112,8.545603275299072,3.681915283203125,-0.03729248046875,-0.6083984375
1784804396409786112,8.55552339553833,3.3803253173828125,0.4196624755859375,-0.7791290283203125
1784804396419705088,8.565442323684692,3.4025726318359375,1.03173828125,-0.9987640380859375
1784804396429625344,8.57536244392395,3.69586181640625,1.4959564208984375,-0.9103546142578125
1784804396439544320,8.585281372070312,4.18780517578125,1.67034912109375,-0.625640869140625
1784804396449464064,8.595201253890991,4.656036376953125,1.3688812255859375,-0.04962158203125
1784804396459384320,8.605121374130249,4.9972381591796875,0.758056640625,0.511566162109375
1784804396469303040,8.615040302276611,5.08740234375,0.423858642578125,0.758636474609375
1784804396479223296,8.62496042251587,4.9604034423828125,0.699066162109375,0.648223876953125
1784804396489142272,8.634879350662231,4.7717437744140625,1.2815399169921875,0.490447998046875
1784804396499062016,8.64479923248291,4.8852691650390625,1.9401397705078125,0.7008209228515625
1784804396508981248,8.654718399047852,5.105438232421875,2.3783111572265625,1.24578857421875
1784804396518900992,8.66463828086853,4.874237060546875,2.14190673828125,1.701873779296875
1784804396528821248,8.674558401107788,4.2445068359375,1.7897796630859375,2.0218505859375
1784804396538740224,8.68447732925415,3.651153564453125,1.604766845703125,2.20147705078125
1784804396548660224,8.694397449493408,3.3651580810546875,1.3357696533203125,2.3256378173828125
1784804396558579200,8.70431637763977,3.28131103515625,1.0287322998046875,2.265289306640625
1784804396568499200,8.71423625946045,3.061553955078125,0.9190521240234375,2.1835479736328125
1784804396578419200,8.724156379699707,2.8377838134765625,0.734283447265625,2.0272216796875
1784804396588338176,8.73407530784607,2.8544158935546875,0.7951507568359375,2.0119171142578125
1784804396598258176,8.743995428085327,2.9144744873046875,1.296295166015625,1.8961029052734375
1784804396608177152,8.75391435623169,2.2733917236328125,1.9026641845703125,1.1273040771484375
1784804396618097152,8.763834238052368,3.3025665283203125,3.9188995361328125,-0.3057403564453125
1784804396628016128,8.77375340461731,3.4034881591796875,12.435562133789062,1.68798828125
1784804396637936128,8.783673286437988,-0.4051055908203125,3.6562652587890625,2.009490966796875
1784804396647856128,8.793593406677246,-1.0596923828125,0.0744476318359375,1.3090362548828125
1784804396657775104,8.803512334823608,-0.0893096923828125,2.033050537109375,2.1881103515625
1784804396667695104,8.813432216644287,0.41497802734375,2.7120513916015625,1.6556243896484375
1784804396677614336,8.823351383209229,0.6445159912109375,2.2533721923828125,0.943511962890625
1784804396687534080,8.833271265029907,0.84222412109375,1.67578125,0.861328125
1784804396697453312,8.843190431594849,0.3913421630859375,1.2042388916015625,0.5394439697265625
1784804396707373056,8.853110313415527,0.0652313232421875,1.38873291015625,0.407379150390625
1784804396717293312,8.863030433654785,-0.0737152099609375,1.6336669921875,0.372589111328125
1784804396727212288,8.872949361801147,0.0150146484375,1.4527587890625,-0.05224609375
1784804396737132032,8.882869243621826,0.0613250732421875,1.32171630859375,-0.3997650146484375
1784804396747051264,8.892788410186768,-0.0981597900390625,1.3571624755859375,-0.5607757568359375
1784804396756971008,8.902708292007446,0.0802764892578125,1.525115966796875,-0.60150146484375
1784804396766889984,8.912627220153809,-0.0468597412109375,1.4640045166015625,-0.962066650390625
1784804396776810240,8.922547340393066,-0.2239532470703125,1.5626373291015625,-1.1641082763671875
1784804396786729984,8.932467222213745,-0.26788330078125,1.7960052490234375,-1.4262237548828125
1784804396796649216,8.942386388778687,-0.064544677734375,1.457275390625,-1.681182861328125
1784804396806569216,8.952306270599365,-0.1076202392578125,1.0668792724609375,-1.685272216796875
1784804396816488192,8.962225437164307,-0.2498016357421875,1.081085205078125,-1.3970947265625
1784804396826408192,8.972145318984985,-0.135345458984375,0.882965087890625,-1.126922607421875
1784804396836328192,8.982065439224243,0.28094482421875,0.413330078125,-0.4350433349609375
1784804396846247168,8.991984367370605,0.532470703125,-0.0327911376953125,-0.729400634765625
1784804396856167168,9.001904249191284,0.3008270263671875,-0.3314056396484375,-0.487518310546875
1784804396866086144,9.011823415756226,0.1405029296875,0.1027374267578125,-0.424957275390625
1784804396876006144,9.021743297576904,0.2558441162109375,0.4295654296875,-0.737396240234375
1784804396885925120,9.031662225723267,0.4936065673828125,0.6086273193359375,-0.7242584228515625
1784804396895845120,9.041582345962524,0.647186279296875,0.269073486328125,-0.9255523681640625
1784804396905765120,9.051502227783203,0.72265625,-0.271942138671875,-1.0638275146484375
1784804396915684096,9.061421394348145,0.4095001220703125,-0.349517822265625,-0.789794921875
1784804396925604096,9.071341276168823,0.400299072265625,-0.088623046875,-0.637664794921875
1784804396935523328,9.081260442733765,0.3232879638671875,0.374847412109375,-0.7578277587890625
1784804396945443072,9.091180324554443,0.240631103515625,1.068756103515625,-0.932647705078125
1784804396955363328,9.101100444793701,0.26007080078125,1.472137451171875,-1.233062744140625
1784804396965282304,9.111019372940063,0.2255859375,1.4467620849609375,-1.46697998046875
1784804396975202048,9.120939254760742,0.23724365234375,1.3818817138671875,-1.5954437255859375
1784804396985121280,9.130858421325684,0.311737060546875,1.2351531982421875,-1.680694580078125
1784804396995041024,9.140778303146362,0.404937744140625,1.2702789306640625,-1.5465240478515625
1784804397004960000,9.150697231292725,0.48883056640625,1.2882080078125,-1.356597900390625
1784804397014879488,9.160616636276245,0.5140228271484375,1.357421875,-1.10833740234375
1784804397024799488,9.170536756515503,0.3748626708984375,1.4022216796875,-1.0327301025390625
1784804397034718464,9.180455684661865,0.346923828125,1.2506103515625,-1.08685302734375
1784804397044638720,9.190375804901123,0.3572998046875,0.9153594970703125,-1.1431121826171875
1784804397054557440,9.200294733047485,0.427886962890625,0.8061065673828125,-1.0080108642578125
1784804397064477440,9.210214614868164,0.381561279296875,0.9801025390625,-1.031951904296875
1784804397074396672,9.220133781433105,0.3167877197265625,1.1882476806640625,-1.0915374755859375
1784804397084316416,9.230053663253784,0.3050689697265625,1.257171630859375,-1.041015625
1784804397094236672,9.239973783493042,0.2103424072265625,1.2518768310546875,-0.9140167236328125
1784804397104155648,9.249892711639404,0.135589599609375,1.1369781494140625,-0.833984375
1784804397114075392,9.259812593460083,0.1750946044921875,0.943267822265625,-0.5873260498046875
1784804397123994624,9.269731760025024,0.218780517578125,0.5767822265625,-0.3972320556640625
1784804397133914368,9.279651641845703,0.2274627685546875,0.1929931640625,-0.0976104736328125
1784804397143833600,9.289570808410645,0.140411376953125,-0.1552276611328125,0.1080780029296875
1784804397153753600,9.299490690231323,0.042633056640625,-0.3167572021484375,0.158660888671875
1784804397163673600,9.309410810470581,-0.00177001953125,-0.036895751953125,0.2098541259765625
1784804397173592576,9.319329738616943,0.052215576171875,0.4160919189453125,0.120697021484375
1784804397183512576,9.329249620437622,0.1415252685546875,0.6638641357421875,0.024200439453125
1784804397193431552,9.339168787002563,0.3277130126953125,0.4584503173828125,-0.1375579833984375
1784804397203351552,9.349088668823242,0.38140869140625,-0.18634033203125,-0.1060638427734375
1784804397213271552,9.3590087890625,0.283843994140625,-0.870880126953125,0.0238189697265625
1784804397223190528,9.368927717208862,0.2490234375,-1.2028350830078125,-0.037261962890625
1784804397233110528,9.378847599029541,0.3114776611328125,-0.9786834716796875,-0.227264404296875
1784804397243029504,9.388766765594482,0.4193115234375,-0.4488067626953125,-0.4582366943359375
1784804397252949504,9.398686647415161,0.487457275390625,-0.1097564697265625,-0.541748046875
1784804397262868736,9.408605813980103,0.51654052734375,-0.2890777587890625,-0.8118743896484375
1784804397272788480,9.418525695800781,0.5544586181640625,-0.783599853515625,-1.0140228271484375
1784804397282708736,9.428445816040039,0.5800933837890625,-1.116851806640625,-1.169586181640625
1784804397292627456,9.438364744186401,0.7635955810546875,-1.2418212890625,-1.1636505126953125
1784804397302547456,9.44828462600708,1.0633544921875,-1.31488037109375,-0.992431640625
1784804397312466688,9.458203792572021,1.3771209716796875,-1.3343048095703125,-0.8885040283203125
1784804397322386432,9.4681236743927,1.508941650390625,-1.271209716796875,-0.9861907958984375
1784804397332306688,9.478043794631958,1.752227783203125,-1.2720184326171875,-1.288909912109375
1784804397342225664,9.48796272277832,1.9656524658203125,-1.429046630859375,-1.4664459228515625
1784804397352145408,9.497882604598999,2.0290985107421875,-1.461578369140625,-1.4382171630859375
1784804397362064640,9.50780177116394,2.002288818359375,-1.301788330078125,-1.2499847412109375
1784804397371984384,9.51772165298462,2.153076171875,-1.209747314453125,-1.396514892578125
1784804397381903616,9.52764081954956,2.3929290771484375,-1.0403900146484375,-1.225799560546875
1784804397391823616,9.53756070137024,2.7228546142578125,-1.50164794921875,-1.372161865234375
1784804397401743616,9.547480821609497,2.6220703125,-1.748504638671875,-1.335540771484375
1784804397411662592,9.55739974975586,2.406890869140625,-1.4766082763671875,-1.4610443115234375
1784804397421582336,9.567319631576538,1.689483642578125,-0.653076171875,-1.1348876953125
1784804397431501568,9.57723879814148,2.1292266845703125,-0.440155029296875,-1.247161865234375
1784804397441421568,9.587158679962158,2.2051544189453125,-0.3475341796875,-0.3558197021484375
1784804397451340544,9.59707760810852,1.964202880859375,0.3145599365234375,-0.17559814453125
1784804397461260544,9.606997728347778,1.06243896484375,1.1650238037109375,0.2380523681640625
1784804397471180544,9.616917610168457,0.5742340087890625,1.735809326171875,0.3340911865234375
1784804397481099520,9.626836776733398,0.994781494140625,2.131591796875,0.7295074462890625
1784804397491019520,9.636756658554077,0.9641265869140625,0.889404296875,-0.019927978515625
1784804397500938752,9.646675825119019,1.7269744873046875,-0.076080322265625,-0.105560302734375
1784804397510858496,9.656595706939697,3.34478759765625,0.1782379150390625,0.29962158203125
1784804397520778752,9.666515827178955,4.6431121826171875,0.463348388671875,-0.6761322021484375
1784804397530697472,9.676434755325317,2.890716552734375,0.041259765625,-1.560943603515625
1784804397540617472,9.686354637145996,2.53936767578125,0.5908966064453125,-1.619964599609375
1784804397550536704,9.696273803710938,2.614776611328125,1.32684326171875,-1.65582275390625
1784804397560456448,9.706193685531616,3.093414306640625,0.0037994384765625,-1.1371307373046875
1784804397570375424,9.716112613677979,2.8550567626953125,-0.2241668701171875,-0.7458343505859375
1784804397580295680,9.726032733917236,3.17218017578125,-0.025177001953125,-0.7530670166015625
1784804397590215424,9.735952615737915,3.147674560546875,0.19970703125,-0.8844146728515625
1784804397600134656,9.745871782302856,3.1710052490234375,-0.2431793212890625,-0.731353759765625
1784804397610054400,9.755791664123535,3.231842041015625,-0.7584686279296875,-0.6773681640625
1784804397619973376,9.765710592269897,3.2104949951171875,-0.6468048095703125,-1.3329010009765625
1784804397629893632,9.775630712509155,2.857940673828125,-1.17108154296875,-1.00762939453125
1784804397639812352,9.785549640655518,2.91204833984375,-0.939971923828125,-1.0063629150390625
1784804397649732608,9.795469760894775,2.88287353515625,-0.961273193359375,-1.2841796875
1784804397659652352,9.805389642715454,2.5162353515625,-1.4931182861328125,-1.26470947265625
1784804397669571584,9.815308809280396,2.7481689453125,-0.7407073974609375,-1.7190093994140625
1784804397679491584,9.825228691101074,2.753936767578125,-0.3235321044921875,-1.6358184814453125
1784804397689410560,9.835147619247437,2.9066314697265625,-0.0991058349609375,-2.0162506103515625
1784804397699330560,9.845067739486694,2.5069580078125,0.1230926513671875,-2.81280517578125
1784804397709250560,9.854987621307373,2.1279754638671875,0.50518798828125,-3.6071014404296875
1784804397719169536,9.864906787872314,2.21783447265625,1.8868865966796875,-2.8753814697265625
1784804397729089536,9.874826669692993,3.0395660400390625,2.010711669921875,-3.6811370849609375
1784804397739008512,9.884745597839355,2.845947265625,1.1039276123046875,-3.3302154541015625
1784804397748928512,9.894665718078613,1.9551544189453125,0.0710296630859375,-3.0250396728515625
1784804397758847488,9.904584646224976,1.3726654052734375,-0.652679443359375,-1.701812744140625
1784804397768767488,9.914504766464233,1.686614990234375,-0.627532958984375,-1.28717041015625
1784804397778687488,9.924424648284912,2.3070068359375,0.158447265625,-1.271728515625
1784804397788606720,9.934343814849854,2.9356842041015625,1.2911224365234375,-0.914947509765625
1784804397798526464,9.944263696670532,3.6000518798828125,1.73388671875,-0.7410125732421875
1784804397808445440,9.954182624816895,3.7144622802734375,1.5141143798828125,-0.7992401123046875
1784804397818365696,9.964102745056152,3.7023468017578125,1.2061920166015625,-0.79254150390625
1784804397828285440,9.974022626876831,4.060882568359375,1.2765350341796875,-0.753021240234375
1784804397838204672,9.983941793441772,4.251953125,1.3598175048828125,-0.75079345703125
1784804397848124416,9.993861675262451,4.1312103271484375,1.18927001953125,-0.7743682861328125
1784804397858043392,10.003780603408813,4.1097259521484375,0.9574432373046875,-0.610443115234375
1784804397867963648,10.013700723648071,4.332183837890625,0.6418914794921875,-0.2573394775390625
1784804397877882368,10.023619651794434,4.645782470703125,0.34326171875,0.099273681640625
1784804397887802624,10.033539772033691,4.809234619140625,0.540557861328125,0.3707122802734375
1784804397897722368,10.04345965385437,4.858642578125,1.36236572265625,0.48114013671875
1784804397907641600,10.053378820419312,4.9786376953125,1.93560791015625,0.4752960205078125
1784804397917561600,10.06329870223999,5.174530029296875,2.05657958984375,0.8107147216796875
1784804397927480576,10.073217630386353,5.32769775390625,1.55059814453125,1.335723876953125
1784804397937400576,10.08313775062561,5.2424468994140625,0.921783447265625,1.738372802734375
1784804397947320576,10.093057632446289,4.8577728271484375,0.8360137939453125,1.945831298828125
1784804397957239552,10.10297679901123,4.3813629150390625,1.1971435546875,1.723052978515625
1784804397967159552,10.11289668083191,4.0531768798828125,1.843536376953125,1.7169189453125
1784804397977078528,10.122815608978271,3.750396728515625,2.1298828125,1.7862091064453125
1784804397986998528,10.13273572921753,3.3487091064453125,2.11767578125,1.5966339111328125
1784804397996917504,10.142654657363892,3.0373077392578125,1.9178314208984375,1.6246490478515625
1784804398006837504,10.15257477760315,3.0027923583984375,1.5807952880859375,2.0838775634765625
1784804398016757504,10.162494659423828,2.89263916015625,1.3678741455078125,2.6773529052734375
1784804398026677248,10.172414541244507,2.354400634765625,1.4488372802734375,2.1930694580078125
1784804398036597248,10.182334423065186,2.2496185302734375,2.609954833984375,2.21417236328125
1784804398046516480,10.192253589630127,3.158172607421875,4.7032928466796875,1.6554412841796875
1784804398056436224,10.202173471450806,1.903656005859375,7.4093170166015625,2.498321533203125
1784804398066355456,10.212092638015747,0.0268707275390625,3.597808837890625,2.5848541259765625
1784804398076275456,10.222012519836426,-0.5326995849609375,0.92431640625,1.8573455810546875
1784804398086195456,10.231932640075684,-0.0406494140625,1.202362060546875,1.8785858154296875
1784804398096114432,10.241851568222046,0.2056427001953125,1.3594207763671875,1.8919677734375
1784804398106034176,10.251771450042725,0.4437103271484375,1.22491455078125,1.29547119140625
1784804398115953408,10.261690616607666,0.398223876953125,1.31903076171875,0.954925537109375
1784804398125873408,10.271610498428345,0.217742919921875,1.488677978515625,0.8895263671875
1784804398135792128,10.281529426574707,0.090576171875,1.518310546875,0.938507080078125
1784804398145712384,10.291449546813965,-0.129669189453125,1.206634521484375,0.845977783203125
1784804398155632384,10.301369428634644,-0.204681396484375,1.023223876953125,0.6483001708984375
1784804398165551360,10.311288595199585,-0.0171051025390625,1.1211395263671875,0.3028106689453125
1784804398175471360,10.321208477020264,0.163787841796875,1.4374542236328125,-0.40478515625
1784804398185390592,10.331127643585205,0.2212677001953125,1.5906982421875,-0.652587890625
1784804398195310336,10.341047525405884,0.19415283203125,1.6778106689453125,-0.7317962646484375
1784804398205229312,10.350966453552246,0.190460205078125,1.5018310546875,-0.81158447265625
1784804398215149312,10.360886573791504,-0.098968505859375,1.227691650390625,-1.0164947509765625
1784804398225069312,10.370806455612183,-0.2148284912109375,1.30206298828125,-1.041259765625
1784804398234988544,10.380725622177124,-0.22833251953125,1.4137725830078125,-1.2366485595703125
1784804398244908288,10.390645503997803,-0.07550048828125,1.3345489501953125,-1.4287261962890625
1784804398254827264,10.400564432144165,-0.31597900390625,0.840606689453125,-1.5200347900390625
1784804398264747264,10.410484552383423,-0.7989044189453125,0.8903350830078125,-0.508056640625
1784804398274666240,10.420403480529785,-0.041839599609375,0.4834136962890625,-0.6609039306640625
1784804398284586496,10.430323600769043,0.1912078857421875,0.191192626953125,-0.4803009033203125
1784804398294506240,10.440243482589722,0.2624664306640625,0.330657958984375,-0.5294036865234375
1784804398304425472,10.450162649154663,0.3143157958984375,0.68280029296875,-0.68475341796875
1784804398314345472,10.460082530975342,0.351837158203125,0.890960693359375,-0.8264617919921875
1784804398324264192,10.470001459121704,0.4527435302734375,0.8532257080078125,-0.953460693359375
1784804398334184448,10.479921579360962,0.5533447265625,0.57818603515625,-1.150299072265625
1784804398344103424,10.489840507507324,0.5784454345703125,0.230072021484375,-1.19708251953125
1784804398354023424,10.499760627746582,0.5540924072265625,0.215484619140625,-0.844940185546875
1784804398363943424,10.50968050956726,0.5089569091796875,0.4626312255859375,-0.5323486328125
1784804398373862144,10.519599437713623,0.4064178466796875,0.8830108642578125,-0.520172119140625
1784804398383782400,10.52951955795288,0.2475738525390625,1.1053314208984375,-0.75689697265625
1784804398393701376,10.539438486099243,0.206146240234375,0.9160614013671875,-0.996002197265625
1784804398403621376,10.549358606338501,0.2870330810546875,0.689178466796875,-1.0831756591796875
1784804398413541376,10.55927848815918,0.2640533447265625,0.70587158203125,-1.1336822509765625
1784804398423460608,10.569197654724121,0.3653717041015625,0.8839111328125,-1.3982391357421875
1784804398433380352,10.5791175365448,0.5112152099609375,1.338226318359375,-1.5435333251953125
1784804398443299328,10.589036464691162,0.5882720947265625,1.6327667236328125,-1.665771484375
1784804398453219328,10.59895658493042,0.634124755859375,1.523162841796875,-1.59307861328125
1784804398463138304,10.608875513076782,0.6506805419921875,1.386383056640625,-1.4311676025390625
1784804398473058560,10.61879563331604,0.5864715576171875,1.3189697265625,-1.5246734619140625
1784804398482978304,10.628715515136719,0.3738861083984375,1.5783233642578125,-1.4439239501953125
1784804398492897280,10.638634443283081,0.3369293212890625,1.652801513671875,-1.2505340576171875
1784804398502817280,10.648554563522339,0.34515380859375,1.2542724609375,-1.1943817138671875
1784804398512736256,10.658473491668701,0.3032379150390625,1.021484375,-1.05084228515625
1784804398522656512,10.668393611907959,0.199188232421875,0.8312835693359375,-0.8847808837890625
1784804398532575488,10.678312540054321,0.1685028076171875,0.8700408935546875,-0.5285186767578125
1784804398542495488,10.688232660293579,0.146270751953125,0.58251953125,-0.5785369873046875
1784804398552415488,10.698152542114258,0.0356903076171875,0.5357513427734375,-0.5406646728515625
1784804398562334208,10.70807147026062,0.018096923828125,0.5794219970703125,-0.420440673828125
1784804398572254464,10.717991590499878,0.01287841796875,0.5634918212890625,-0.3455047607421875
1784804398582173440,10.72791051864624,0.090576171875,0.498077392578125,-0.2044219970703125
1784804398592093440,10.737830638885498,0.2146148681640625,0.183441162109375,-0.044158935546875
1784804398602012416,10.74774956703186,0.2586669921875,-0.105438232421875,0.0906829833984375
1784804398611932160,10.757669448852539,0.333038330078125,-0.2339630126953125,0.2462005615234375
1784804398621852416,10.767589569091797,0.2466278076171875,-0.175537109375,0.281982421875
1784804398631771392,10.77750849723816,0.138153076171875,0.0728607177734375,0.175628662109375
1784804398641691392,10.787428617477417,0.1143035888671875,0.2060089111328125,0.1764373779296875
1784804398651610368,10.79734754562378,0.076385498046875,-0.042572021484375,0.0480804443359375
1784804398661530368,10.807267427444458,0.21728515625,-0.2813720703125,-0.330780029296875
1784804398671450368,10.817187547683716,0.464813232421875,-0.33038330078125,-0.54443359375
1784804398681369344,10.827106475830078,0.5377044677734375,-0.47344970703125,-0.73681640625
1784804398691289344,10.837026596069336,0.3442840576171875,-0.739471435546875,-0.8145904541015625
1784804398701208320,10.846945524215698,0.234619140625,-0.7193756103515625,-0.689605712890625
1784804398711128576,10.856865644454956,0.372650146484375,-0.4725799560546875,-0.7923583984375
1784804398721047296,10.866784572601318,0.5512847900390625,-0.2289276123046875,-0.759918212890625
1784804398730967296,10.876704454421997,0.639984130859375,-0.191070556640625,-0.7396087646484375
1784804398740887296,10.886624574661255,0.737701416015625,-0.407806396484375,-0.7489013671875
1784804398750806272,10.896543502807617,0.87786865234375,-0.9308929443359375,-0.564239501953125
1784804398760726528,10.906463623046875,1.0758514404296875,-1.4409332275390625,-0.386505126953125
1784804398770645504,10.916382551193237,1.4152069091796875,-1.6197357177734375,-0.34619140625
1784804398780565248,10.926302433013916,1.7973785400390625,-1.6103363037109375,-0.71807861328125
1784804398790484480,10.936221599578857,2.092071533203125,-1.336944580078125,-1.03961181640625
1784804398800404224,10.946141481399536,2.2108306884765625,-1.206329345703125,-1.341644287109375
1784804398810324480,10.956061601638794,2.2404022216796875,-1.39056396484375,-1.6687469482421875
1784804398820243456,10.965980529785156,2.34869384765625,-1.4929351806640625,-1.855133056640625
1784804398830163456,10.975900650024414,2.3036956787109375,-1.5598907470703125,-1.7870941162109375
1784804398840082432,10.985819578170776,2.227203369140625,-1.7479248046875,-1.833343505859375
1784804398850002176,10.995739459991455,2.18536376953125,-1.7758636474609375,-1.919891357421875
1784804398859921408,11.005658626556396,2.06854248046875,-1.2030792236328125,-1.5929412841796875
1784804398869841408,11.015578508377075,1.8892364501953125,-0.8597869873046875,-1.2487335205078125
1784804398879761408,11.025498628616333,2.056365966796875,-0.91143798828125,-0.85418701171875
1784804398889680384,11.035417556762695,1.756072998046875,-0.7987518310546875,-0.3591461181640625
1784804398899600384,11.045337438583374,1.833038330078125,-0.104705810546875,0.3038330078125
1784804398909519360,11.055256605148315,1.65185546875,1.2869873046875,0.0612945556640625
1784804398919439360,11.065176486968994,1.3126220703125,1.4172821044921875,-0.286712646484375
1784804398929358592,11.075095653533936,0.614044189453125,1.5425872802734375,-0.0123291015625
1784804398939278336,11.085015535354614,0.4647369384765625,0.6831207275390625,-0.0155487060546875
1784804398949198592,11.094935655593872,2.0475006103515625,0.5489654541015625,-0.032745361328125
1784804398959117312,11.104854583740234,2.5382232666015625,1.1433258056640625,0.408905029296875
1784804398969037312,11.114774465560913,3.482452392578125,0.4050140380859375,-0.0522918701171875
1784804398978956544,11.124693632125854,3.3336029052734375,-0.54876708984375,-0.56048583984375
1784804398988876288,11.134613513946533,4.157440185546875,0.4557342529296875,-0.9469451904296875
1784804398998796544,11.144533634185791,3.7916259765625,0.2932586669921875,-2.1408538818359375
1784804399008715264,11.154452562332153,3.34649658203125,0.5521087646484375,-1.852783203125
1784804399018635520,11.164372682571411,2.461669921875,0.43475341796875,-1.3487091064453125
1784804399028554752,11.174291849136353,2.3040771484375,0.09039306640625,-1.6006622314453125
1784804399038474496,11.184211730957031,2.5189208984375,-0.5292816162109375,-1.0867767333984375
1784804399048393728,11.194130897521973,3.091461181640625,-0.2180938720703125,-0.750396728515625
1784804399058313728,11.204050779342651,3.5892181396484375,0.1867523193359375,-1.23016357421875
1784804399068233728,11.21397089958191,2.945587158203125,-0.8694305419921875,-1.4678497314453125
1784804399078152704,11.223889827728271,2.8981475830078125,-1.3516387939453125,-1.479400634765625
1784804399088072448,11.23380970954895,2.812652587890625,-0.5530242919921875,-1.175018310546875
1784804399097991680,11.243728876113892,2.4456787109375,-0.7708740234375,-1.3262481689453125
1784804399107911680,11.25364875793457,2.2490386962890625,-0.80047607421875,-1.3778533935546875
1784804399117830400,11.263567686080933,2.4958038330078125,-0.725830078125,-1.574554443359375
1784804399127750656,11.27348780632019,2.54119873046875,-0.296630859375,-1.0690460205078125
1784804399137670400,11.28340768814087,2.6912689208984375,0.141845703125,-1.503692626953125
1784804399147589632,11.29332685470581,2.140533447265625,0.3572235107421875,-2.335052490234375
1784804399157509632,11.30324673652649,1.61883544921875,1.073577880859375,-2.33740234375
1784804399167428608,11.31316590309143,1.3263397216796875,1.267822265625,-3.1355743408203125
1784804399177348608,11.32308578491211,1.503448486328125,1.835296630859375,-3.5777130126953125
1784804399187268608,11.333005905151367,1.9302215576171875,2.812469482421875,-3.577667236328125
1784804399197187584,11.34292483329773,2.3415069580078125,2.9686431884765625,-3.2062835693359375
1784804399207107584,11.352844715118408,2.7748870849609375,1.745819091796875,-2.4963226318359375
1784804399217026816,11.36276388168335,3.32305908203125,-0.344451904296875,-1.2433319091796875
1784804399226946560,11.372683763504028,3.6422271728515625,-2.1383056640625,-0.420440673828125
1784804399236865536,11.38260269165039,3.8301544189453125,-2.36480712890625,-0.2835540771484375
1784804399246785536,11.392522811889648,3.2947998046875,-0.54412841796875,-0.2482757568359375
1784804399256705536,11.402442693710327,2.954925537109375,0.364532470703125,-0.4270172119140625
1784804399266624768,11.412361860275269,2.8740997314453125,0.5484161376953125,-0.5304412841796875
1784804399276544512,11.422281742095947,3.214630126953125,0.802642822265625,-0.582916259765625
1784804399286463744,11.432200908660889,3.5872955322265625,1.2762908935546875,-0.6520843505859375
1784804399296383744,11.442120790481567,3.70574951171875,1.5782318115234375,-0.7196502685546875
1784804399306302464,11.45203971862793,3.78118896484375,1.6569366455078125,-0.88470458984375
1784804399316222720,11.461959838867188,4.0711822509765625,1.5085296630859375,-0.9988861083984375
1784804399326142464,11.471879720687866,4.4646759033203125,1.190032958984375,-0.6405029296875
1784804399336061696,11.481798887252808,4.7270965576171875,0.753814697265625,0.066192626953125
1784804399345981696,11.491718769073486,4.84832763671875,0.603302001953125,0.55584716796875
1784804399355900416,11.501637697219849,4.766937255859375,0.7276153564453125,0.55999755859375
1784804399365820672,11.511557817459106,4.7203216552734375,1.257293701171875,0.3984832763671875
1784804399375739648,11.521476745605469,4.88214111328125,1.8424530029296875,0.3621063232421875
1784804399385659648,11.531396865844727,5.145965576171875,2.1235809326171875,0.6493072509765625
1784804399395579648,11.541316747665405,5.163909912109375,1.8439788818359375,1.0903472900390625
1784804399405498624,11.551235675811768,4.964263916015625,1.3410186767578125,1.507354736328125
1784804399415418624,11.561155796051025,4.5396270751953125,1.129791259765625,1.969512939453125
1784804399425337600,11.571074724197388,3.9925537109375,1.14996337890625,2.0626983642578125
1784804399435257600,11.580994844436646,3.6569061279296875,1.1033172607421875,2.0048828125
1784804399445176576,11.590913772583008,3.606048583984375,0.8601837158203125,2.193878173828125
1784804399455096832,11.600833892822266,3.6229705810546875,0.789642333984375,2.2469482421875
1784804399465016576,11.610753774642944,3.4278411865234375,1.3101348876953125,2.2677154541015625
1784804399474935552,11.620672702789307,2.804046630859375,1.9747314453125,2.086822509765625
1784804399484855552,11.630592823028564,1.96026611328125,2.7672882080078125,2.1681365966796875
1784804399494774528,11.640511751174927,3.1025390625,5.232269287109375,-0.237579345703125
1784804399504694784,11.650431871414185,1.0604705810546875,9.3515625,2.4477081298828125
1784804399514613504,11.660350799560547,-0.160064697265625,2.81201171875,1.4598846435546875
1784804399524533504,11.670270681381226,0.1132659912109375,0.7217864990234375,1.5576324462890625
1784804399534453504,11.680190801620483,0.6735687255859375,0.781768798828125,2.3332366943359375
1784804399544372480,11.690109729766846,0.644744873046875,1.113006591796875,2.0124969482421875
1784804399554292736,11.700029850006104,0.345428466796875,1.5859527587890625,1.3694305419921875
1784804399564211712,11.709948778152466,0.0659942626953125,1.7681427001953125,0.9698638916015625
1784804399574131712,11.719868898391724,0.1047210693359375,1.9257354736328125,0.809814453125
1784804399584050688,11.729787826538086,0.0847320556640625,1.982818603515625,0.7499542236328125
1784804399593970432,11.739707708358765,-0.121795654296875,1.907928466796875,0.33660888671875
1784804399603890688,11.749627828598022,-0.01123046875,1.96746826171875,-0.26800537109375
1784804399613809664,11.759546756744385,0.02288818359375,2.115020751953125,-0.4544677734375
1784804399623729664,11.769466876983643,-0.047393798828125,2.0799407958984375,-0.6266937255859375
1784804399633648640,11.779385805130005,-0.03338623046875,1.3758392333984375,-0.91925048828125
1784804399643568640,11.789305686950684,-0.045562744140625,1.0661773681640625,-0.9791717529296875
1784804399653487616,11.799224853515625,-0.0477142333984375,1.2331695556640625,-1.00433349609375
1784804399663407616,11.809144735336304,-0.0333404541015625,1.45037841796875,-1.130950927734375
1784804399673327616,11.819064855575562,0.3028564453125,1.2454071044921875,-1.380615234375
1784804399683246592,11.828983783721924,-0.00115966796875,1.134185791015625,-1.44287109375
1784804399693166848,11.838903903961182,-0.59283447265625,1.2582550048828125,-0.576629638671875
1784804399703085568,11.848822832107544,-0.1484375,0.827911376953125,-0.8770294189453125
1784804399713005568,11.858742713928223,0.3891448974609375,0.66680908203125,-0.906158447265625
1784804399722925568,11.86866283416748,0.39691162109375,0.397857666015625,-1.095306396484375
1784804399732844544,11.878581762313843,0.5071258544921875,0.1817474365234375,-0.5785980224609375
1784804399742764800,11.8885018825531,0.40447998046875,0.3137054443359375,-0.548736572265625
1784804399752683520,11.898420810699463,0.249237060546875,0.51873779296875,-0.4314422607421875
1784804399762603520,11.908340692520142,0.284332275390625,0.4879608154296875,-0.368377685546875
1784804399772522752,11.918259859085083,0.278900146484375,0.3299102783203125,-0.313934326171875
1784804399782442496,11.928179740905762,0.3773193359375,0.0731658935546875,-0.5908660888671875
1784804399792361728,11.938098907470703,0.3436737060546875,0.104248046875,-0.9093017578125
1784804399802281728,11.948018789291382,0.552154541015625,0.223785400390625,-0.9978485107421875
1784804399812201728,11.95793890953064,0.45404052734375,0.5318450927734375,-0.8579864501953125
1784804399822120704,11.967857837677002,0.2627105712890625,0.89996337890625,-0.9485931396484375
1784804399832040448,11.97777771949768,0.1755828857421875,1.2432098388671875,-1.0390625
1784804399841959680,11.987696886062622,0.2150421142578125,1.559539794921875,-1.2892913818359375
1784804399851879680,11.9976167678833,0.3493499755859375,1.788543701171875,-1.6597442626953125
1784804399861799680,12.007536888122559,0.42523193359375,1.7940673828125,-1.6672821044921875
1784804399871718656,12.017455816268921,0.443695068359375,1.6475982666015625,-1.5012054443359375
1784804399881638400,12.0273756980896,0.467010498046875,1.4409332275390625,-1.435638427734375
1784804399891557632,12.037294864654541,0.423675537109375,1.1814727783203125,-1.28363037109375
1784804399901477632,12.04721474647522,0.4134979248046875,1.217742919921875,-0.966796875
1784804399911396608,12.057133674621582,0.3708648681640625,1.19586181640625,-0.8984222412109375
1784804399921316608,12.06705379486084,0.3840789794921875,1.106414794921875,-0.70452880859375
1784804399931235584,12.076972723007202,0.3857574462890625,0.8946075439453125,-0.671630859375
1784804399941155584,12.08689284324646,0.40496826171875,0.76458740234375,-0.66156005859375
1784804399951075584,12.096812725067139,0.3548736572265625,0.9687347412109375,-0.6456451416015625
1784804399960994816,12.10673189163208,0.2574310302734375,1.0264739990234375,-0.778778076171875
1784804399970914560,12.116651773452759,0.2219696044921875,1.0178070068359375,-0.6501312255859375
1784804399980833536,12.126570701599121,0.2527313232421875,0.8549957275390625,-0.6422119140625
1784804399990753536,12.136490821838379,0.2176513671875,0.58160400390625,-0.46630859375
1784804400000672512,12.146409749984741,0.1486968994140625,0.341033935546875,-0.17425537109375
1784804400010592768,12.156329870223999,0.15380859375,0.122528076171875,0.13262939453125
1784804400020510976,12.166248083114624,0.1571044921875,-0.027587890625,0.2966461181640625
1784804400030429952,12.176167011260986,0.2222900390625,0.025665283203125,0.2702789306640625
1784804400040349952,12.186087131500244,0.307342529296875,0.2436676025390625,0.2051849365234375
1784804400050268928,12.196006059646606,0.3179168701171875,0.31494140625,0.282379150390625
1784804400060188672,12.205925941467285,0.2855682373046875,0.0214691162109375,0.05072021484375
1784804400070107904,12.215845108032227,0.3454437255859375,-0.210113525390625,-0.1920623779296875
1784804400080027904,12.225764989852905,0.4154510498046875,-0.3069000244140625,-0.4139556884765625
1784804400089947904,12.235685110092163,0.52508544921875,-0.4828643798828125,-0.5876007080078125
1784804400099866880,12.245604038238525,0.576751708984375,-0.7548980712890625,-0.5482940673828125
1784804400109786880,12.255524158477783,0.4755096435546875,-0.9868011474609375,-0.4688873291015625
1784804400119705856,12.265443086624146,0.3725128173828125,-0.917724609375,-0.5076446533203125
1784804400129625856,12.275362968444824,0.36126708984375,-0.662933349609375,-0.7925567626953125
1784804400139545088,12.285282135009766,0.4960479736328125,-0.466827392578125,-0.8350372314453125
1784804400149464832,12.295202016830444,0.660369873046875,-0.768829345703125,-0.91644287109375
1784804400159385088,12.305122137069702,0.9910430908203125,-1.2656402587890625,-0.9026641845703125
1784804400169303808,12.315041065216064,1.3133697509765625,-1.6652374267578125,-0.9331207275390625
1784804400179223808,12.324960947036743,1.4546966552734375,-1.690948486328125,-0.9659423828125
1784804400189143040,12.334880113601685,1.5843048095703125,-1.33148193359375,-1.0850372314453125
1784804400199062784,12.344799995422363,1.6755523681640625,-1.0296783447265625,-1.229736328125
1784804400208981760,12.354718923568726,1.853546142578125,-1.012237548828125,-1.4691925048828125
1784804400218901760,12.364639043807983,2.032440185546875,-1.3454132080078125,-1.5902099609375
1784804400228821760,12.374558925628662,2.2584228515625,-1.690643310546875,-1.4058380126953125
1784804400238740992,12.384478092193604,2.442352294921875,-1.8917999267578125,-1.5343017578125
1784804400248660736,12.394397974014282,2.6878662109375,-1.9657135009765625,-1.7877349853515625
1784804400258579968,12.404317140579224,2.55511474609375,-1.888824462890625,-1.379302978515625
1784804400268499968,12.414237022399902,2.2606353759765625,-1.9373626708984375,-1.651641845703125
1784804400278418688,12.424155950546265,1.9429168701171875,-1.1195831298828125,-1.157440185546875
1784804400288338944,12.434076070785522,2.1333465576171875,-0.9710693359375,-1.146392822265625
1784804400298258688,12.443995952606201,2.2258758544921875,-0.3312225341796875,-0.5737457275390625
1784804400308177920,12.453915119171143,1.9907989501953125,0.2752227783203125,0.01043701171875
1784804400318097920,12.463835000991821,1.4406890869140625,0.2067108154296875,0.0764312744140625
1784804400328016640,12.473753929138184,1.36895751953125,1.287506103515625,0.8948516845703125
1784804400337936896,12.483674049377441,1.1612091064453125,1.2399139404296875,0.4209747314453125
1784804400347855872,12.493592977523804,0.5809783935546875,2.2445831298828125,0.5091552734375
1784804400357775872,12.503513097763062,0.5752105712890625,1.617431640625,0.1732025146484375
1784804400367695872,12.51343297958374,1.935882568359375,0.7422332763671875,0.2958831787109375
1784804400377614848,12.523352146148682,3.0743865966796875,-0.1436767578125,0.1716766357421875
1784804400387534848,12.53327202796936,3.1934051513671875,0.0154876708984375,-0.371551513671875
1784804400397453824,12.543190956115723,3.36114501953125,-0.9087982177734375,-0.681365966796875
1784804400407373824,12.55311107635498,3.4409332275390625,-0.6896514892578125,-1.328460693359375
1784804400417292800,12.563030004501343,3.6135406494140625,0.4422454833984375,-1.4425048828125
1784804400427213056,12.5729501247406,2.8032073974609375,0.831878662109375,-1.6158905029296875
1784804400437132800,12.58287000656128,2.3464508056640625,0.8896331787109375,-1.26031494140625
1784804400447051776,12.592788934707642,2.814910888671875,0.0933685302734375,-0.9503326416015625
1784804400456971776,12.6027090549469,3.40411376953125,-0.471923828125,-0.52716064453125
1784804400466890752,12.612627983093262,2.9357757568359375,-0.3719329833984375,-0.731658935546875
1784804400476811008,12.62254810333252,3.2953338623046875,-0.1701507568359375,-1.112701416015625
1784804400486730752,12.632467985153198,3.3904876708984375,-0.9386138916015625,-1.0369873046875
1784804400496649984,12.64238715171814,3.5924835205078125,-0.8694610595703125,-0.9958343505859375
1784804400506569984,12.652307033538818,2.8235015869140625,-1.022186279296875,-1.4195556640625
1784804400516488704,12.66222596168518,2.5042266845703125,-0.8545074462890625,-1.0199432373046875
1784804400526408960,12.672146081924438,2.74267578125,-0.9504241943359375,-1.045135498046875
1784804400536327936,12.6820650100708,2.19720458984375,-0.7774658203125,-0.9339447021484375
1784804400546247936,12.691985130310059,2.14105224609375,-0.2385406494140625,-1.0304718017578125
1784804400556167936,12.701905012130737,2.55364990234375,-0.246673583984375,-1.662384033203125
1784804400566086656,12.7118239402771,2.3271331787109375,-0.1572265625,-2.490570068359375
1784804400576006912,12.721744060516357,1.76556396484375,0.6032257080078125,-2.610748291015625
1784804400585925888,12.73166298866272,1.9936065673828125,0.8418426513671875,-2.93145751953125
1784804400595845888,12.741583108901978,2.074798583984375,1.539031982421875,-2.8723297119140625
1784804400605764864,12.75150203704834,2.79608154296875,2.9841766357421875,-3.183990478515625
1784804400615684864,12.761422157287598,2.3600006103515625,2.01446533203125,-2.955291748046875
1784804400625604864,12.771342039108276,1.92132568359375,0.2615966796875,-2.5988922119140625
1784804400635523840,12.781260967254639,2.501495361328125,-0.1180877685546875,-1.765594482421875
1784804400645443840,12.791181087493896,2.8997650146484375,-0.383392333984375,-1.518280029296875
1784804400655362816,12.801100015640259,3.39422607421875,-0.283843994140625,-0.5083160400390625
1784804400665283072,12.811020135879517,3.5566864013671875,-0.597869873046875,-0.23260498046875
1784804400675201792,12.820939064025879,3.0847320556640625,-0.5174102783203125,-0.131103515625
1784804400685121792,12.830858945846558,2.763397216796875,0.1973114013671875,-0.4474334716796875
1784804400695041792,12.840779066085815,2.89404296875,1.1344451904296875,-0.7443389892578125
1784804400704960768,12.850697994232178,3.3389434814453125,1.77789306640625,-0.88775634765625
1784804400714881024,12.860618114471436,3.7895050048828125,2.00616455078125,-0.9453582763671875
1784804400724799744,12.870537042617798,4.2057342529296875,2.0428924560546875,-0.7576446533203125
1784804400734719744,12.880456924438477,4.4342193603515625,1.7506256103515625,-0.5292816162109375
1784804400744638976,12.890376091003418,4.55877685546875,1.360198974609375,-0.1372833251953125
1784804400754558720,12.900295972824097,5.044189453125,0.6611785888671875,0.716796875
1784804400764478976,12.910216093063354,5.238067626953125,-0.290496826171875,1.0888671875
1784804400774397952,12.920135021209717,5.1117401123046875,-0.200958251953125,0.93731689453125
1784804400784317952,12.930055141448975,4.917816162109375,0.8332061767578125,0.4241485595703125
1784804400794236928,12.939974069595337,5.031982421875,1.574432373046875,0.46527099609375
1784804400804156672,12.949893951416016,5.0662841796875,1.5865478515625,0.87249755859375
1784804400814075904,12.959813117980957,4.7871246337890625,1.362213134765625,1.32037353515625
1784804400823995904,12.969732999801636,4.5361328125,1.2901153564453125,1.6116943359375
1784804400833915904,12.979653120040894,4.327667236328125,1.4363250732421875,1.9761962890625
1784804400843834880,12.989572048187256,3.922454833984375,1.37310791015625,2.27447509765625
1784804400853754880,12.999491930007935,3.470245361328125,1.2005157470703125,2.3958587646484375
1784804400863673856,13.009411096572876,3.1714630126953125,0.9858245849609375,2.3734130859375
1784804400873593856,13.019330978393555,2.964447021484375,0.742218017578125,2.2845306396484375
1784804400883513088,13.029250144958496,3.0276336669921875,1.245635986328125,2.0807342529296875
1784804400893432832,13.039170026779175,3.102813720703125,3.07464599609375,1.8751373291015625
1784804400903353088,13.049090147018433,4.4274749755859375,5.716583251953125,2.03570556640625
1784804400913271808,13.059009075164795,0.9953460693359375,8.516937255859375,3.2121124267578125
1784804400923191808,13.068928956985474,0.0422515869140625,2.966339111328125,3.023590087890625
1784804400933111040,13.078848123550415,-0.4439239501953125,-0.0254058837890625,1.5109405517578125
1784804400943030784,13.088768005371094,0.10858154296875,1.2949981689453125,2.15997314453125
1784804400952949760,13.098686933517456,-0.1134796142578125,1.719512939453125,1.9664459228515625
1784804400962869760,13.108607053756714,-0.2323760986328125,1.758514404296875,1.2387847900390625
1784804400972789760,13.118526935577393,-0.0823974609375,1.7222747802734375,0.9256439208984375
1784804400982708992,13.128446102142334,-0.0795745849609375,1.636199951171875,0.6946563720703125
1784804400992628736,13.138365983963013,0.114990234375,1.6302337646484375,0.636138916015625
1784804401002547968,13.148285150527954,0.2131805419921875,1.391998291015625,0.537567138671875
1784804401012467968,13.158205032348633,0.1860198974609375,1.1529998779296875,0.4822845458984375
1784804401022388224,13.16812539100647,0.19671630859375,1.231964111328125,0.2767181396484375
1784804401032308224,13.178045272827148,0.2963409423828125,1.472259521484375,-0.486175537109375
1784804401042226944,13.18796420097351,0.2736053466796875,1.8122406005859375,-0.7802276611328125
1784804401052147200,13.197884321212769,0.22967529296875,1.9189910888671875,-0.9339141845703125
1784804401062066944,13.207804203033447,0.283843994140625,1.3825531005859375,-1.0052032470703125
1784804401071986176,13.217723369598389,0.0638580322265625,0.9698028564453125,-1.0629425048828125
1784804401081906176,13.227643251419067,-0.2064361572265625,0.9332275390625,-1.056640625
1784804401091824896,13.23756217956543,-0.2242889404296875,0.9673309326171875,-1.0090179443359375
1784804401101745152,13.247482299804688,-0.407928466796875,0.990814208984375,-1.1642303466796875
1784804401111664128,13.25740122795105,-0.472564697265625,1.1660308837890625,-1.016265869140625
1784804401121584128,13.267321348190308,-0.278350830078125,0.9793701171875,-1.1750946044921875
1784804401131504128,13.277241230010986,0.003814697265625,0.8595733642578125,-0.90679931640625
1784804401141423104,13.287160396575928,0.2778472900390625,0.50274658203125,-0.8682098388671875
1784804401151343104,13.297080278396606,0.4526519775390625,0.1785736083984375,-0.6705322265625
1784804401161262080,13.306999206542969,0.2456512451171875,-0.0475921630859375,-0.6538543701171875
1784804401171182080,13.316919326782227,0.0882568359375,0.01715087890625,-0.5832366943359375
1784804401181101056,13.326838254928589,0.1343994140625,0.139373779296875,-0.639556884765625
1784804401191021312,13.336758375167847,0.23455810546875,0.1749420166015625,-0.631500244140625
1784804401200941056,13.346678256988525,0.345733642578125,0.3385772705078125,-0.6970367431640625
1784804401210860032,13.356597185134888,0.409149169921875,0.5027618408203125,-0.8764190673828125
1784804401220780032,13.366517305374146,0.510589599609375,0.7174530029296875,-0.902252197265625
1784804401230699008,13.376436233520508,0.532623291015625,1.0276336669921875,-0.7593536376953125
1784804401240619264,13.386356353759766,0.4910125732421875,1.23565673828125,-0.789215087890625
1784804401250537984,13.396275281906128,0.3480987548828125,1.27923583984375,-0.699371337890625
1784804401260458240,13.406195402145386,0.200469970703125,0.912506103515625,-0.98223876953125
1784804401270377216,13.416114330291748,0.172393798828125,0.9234619140625,-1.0811767578125
1784804401280296960,13.426034212112427,0.2431182861328125,1.2767333984375,-1.2263031005859375
1784804401290217216,13.435954332351685,0.4051055908203125,1.75994873046875,-1.268524169921875
1784804401300136192,13.445873260498047,0.5291595458984375,2.1711883544921875,-1.3041534423828125
1784804401310056192,13.455793380737305,0.6009063720703125,2.1132659912109375,-1.1625823974609375
1784804401319975168,13.465712308883667,0.5627288818359375,1.6688079833984375,-1.1232452392578125
1784804401329894912,13.475632190704346,0.5319061279296875,1.3708038330078125,-1.126922607421875
1784804401339814144,13.485551357269287,0.6684112548828125,1.329071044921875,-0.844329833984375
1784804401349734144,13.495471239089966,0.554779052734375,0.873779296875,-0.8737030029296875
1784804401359654144,13.505391359329224,0.39495849609375,1.0058746337890625,-0.5988616943359375
1784804401369573120,13.515310287475586,0.33782958984375,1.0668182373046875,-0.537200927734375
1784804401379493120,13.525230407714844,0.0812530517578125,1.1255340576171875,-0.5549774169921875
1784804401389412096,13.535149335861206,0.1089630126953125,1.1212615966796875,-0.6105804443359375
1784804401399332096,13.545069217681885,0.14227294921875,1.3795166015625,-0.65643310546875
1784804401409251328,13.554988384246826,0.1937103271484375,1.543609619140625,-0.524871826171875
1784804401419171072,13.564908266067505,0.238861083984375,1.185394287109375,-0.359649658203125
1784804401429091328,13.574828386306763,0.2859039306640625,0.728790283203125,0.0253448486328125
1784804401439010048,13.584747314453125,0.257781982421875,0.4256591796875,0.295013427734375
1784804401448930048,13.594667196273804,0.2619781494140625,0.47381591796875,0.376617431640625
1784804401458849280,13.604586362838745,0.27386474609375,0.7442169189453125,0.26275634765625
1784804401468769024,13.614506244659424,0.306121826171875,0.816436767578125,0.0141448974609375
1784804401478688000,13.624425172805786,0.3863372802734375,0.545806884765625,0.061370849609375
1784804401488608000,13.634345293045044,0.4389190673828125,-0.0834503173828125,0.2111358642578125
1784804401498528000,13.644265174865723,0.5169219970703125,-0.850677490234375,0.324737548828125
1784804401508447232,13.654184341430664,0.4457244873046875,-1.3900146484375,0.3218841552734375
1784804401518366976,13.664104223251343,0.3275909423828125,-1.5100555419921875,0.2881317138671875
1784804401528286208,13.674023389816284,0.3534698486328125,-1.278717041015625,-0.111968994140625
1784804401538206208,13.683943271636963,0.4679718017578125,-0.9170074462890625,-0.5716552734375
1784804401548124928,13.693862199783325,0.393310546875,-0.6428985595703125,-0.722076416015625
1784804401558045184,13.703782320022583,0.3680267333984375,-0.391693115234375,-0.91448974609375
1784804401567964928,13.713702201843262,0.679473876953125,-0.2696685791015625,-0.96875
1784804401577884160,13.723621368408203,0.8491058349609375,-0.3143463134765625,-0.994903564453125
1784804401587804160,13.733541250228882,0.9382171630859375,-0.457855224609375,-1.040863037109375
1784804401597722880,13.743460178375244,1.134002685546875,-0.76495361328125,-0.9308929443359375
1784804401607643136,13.753380298614502,1.229522705078125,-1.3529815673828125,-0.8685455322265625
1784804401617562112,13.763299226760864,1.38385009765625,-1.9779205322265625,-0.7627410888671875
1784804401627482112,13.773219347000122,1.6070404052734375,-2.033447265625,-0.84521484375
1784804401637401088,13.783138275146484,1.96014404296875,-1.736480712890625,-1.11834716796875
1784804401647321344,13.793058395385742,2.261260986328125,-1.2975616455078125,-1.2398223876953125
1784804401657241088,13.802978277206421,2.511260986328125,-0.82183837890625,-1.1270294189453125
1784804401667160064,13.812897205352783,2.6781005859375,-1.1687164306640625,-1.28399658203125
1784804401677080064,13.822817325592041,2.0999603271484375,-1.5968170166015625,-1.1465606689453125
1784804401686999040,13.832736253738403,1.855804443359375,-1.7006683349609375,-1.4458770751953125
1784804401696919296,13.842656373977661,1.9683990478515625,-1.632659912109375,-1.57275390625
1784804401706838016,13.852575302124023,2.37542724609375,-1.393157958984375,-1.8425140380859375
1784804401716758016,13.862495183944702,2.76580810546875,-0.886260986328125,-1.41107177734375
1784804401726678016,13.87241530418396,2.81298828125,-0.9173736572265625,-0.9478759765625
1784804401736596992,13.882334232330322,1.896697998046875,-0.1525421142578125,-0.738006591796875
1784804401746517248,13.89225435256958,0.89849853515625,1.007049560546875,0.0218658447265625
1784804401756436224,13.902173280715942,1.153076171875,0.7144622802734375,0.1280059814453125
1784804401766356224,13.9120934009552,1.170928955078125,1.1719818115234375,0.267242431640625
1784804401776275200,13.922012329101562,0.9407196044921875,1.8914031982421875,0.544189453125
1784804401786194944,13.931932210922241,1.101287841796875,2.03656005859375,0.445831298828125
1784804401796114176,13.941851377487183,1.544158935546875,1.309814453125,0.1522369384765625
1784804401806034176,13.951771259307861,2.0046234130859375,0.588653564453125,-0.0650177001953125
1784804401815954176,13.96169137954712,3.1403961181640625,0.377593994140625,-0.19976806640625
1784804401825873152,13.971610307693481,3.424224853515625,-0.826507568359375,-0.45001220703125
1784804401835792896,13.98153018951416,3.684478759765625,-1.2288665771484375,-0.447509765625
1784804401845712128,13.991449356079102,3.470794677734375,0.326446533203125,-0.8516387939453125
1784804401855632128,14.00136923789978,2.300750732421875,0.964111328125,-1.5099639892578125
1784804401865552128,14.011289358139038,3.0234222412109375,0.3309478759765625,-1.229949951171875
1784804401875471104,14.0212082862854,3.2022247314453125,0.021453857421875,-0.780120849609375
1784804401885391360,14.031128406524658,3.581512451171875,-0.1762542724609375,-0.69677734375
1784804401895310080,14.04104733467102,3.1743316650390625,-0.55731201171875,-0.995574951171875
1784804401905230080,14.0509672164917,3.06134033203125,-0.426513671875,-0.7685089111328125
1784804401915149312,14.06088638305664,3.4560394287109375,-0.6722564697265625,-1.015838623046875
1784804401925069056,14.07080626487732,3.4296112060546875,-0.8480072021484375,-0.698333740234375
1784804401934988032,14.080725193023682,2.7457122802734375,-0.7537078857421875,-1.0280609130859375
1784804401944908032,14.09064531326294,2.9001617431640625,-0.86651611328125,-0.942779541015625
1784804401954828032,14.100565195083618,3.1670074462890625,-0.7111663818359375,-1.04925537109375
1784804401964747264,14.11048436164856,2.3607635498046875,-0.809814453125,-1.5498809814453125
1784804401974667008,14.120404243469238,2.023651123046875,-0.2237396240234375,-1.365692138671875
1784804401984586240,14.13032341003418,2.2651519775390625,-0.3083038330078125,-1.6523895263671875
1784804401994506240,14.140243291854858,2.3405914306640625,0.102294921875,-2.271392822265625
1784804402004425984,14.150163173675537,2.3424835205078125,0.4140167236328125,-2.61810302734375
1784804402014345216,14.160082340240479,1.8919219970703125,0.1034393310546875,-2.701568603515625
1784804402024265216,14.170002460479736,1.9363250732421875,0.751007080078125,-2.6213836669921875
1784804402034184192,14.179921388626099,1.40484619140625,2.251495361328125,-3.163330078125
1784804402044104448,14.189841508865356,2.05999755859375,2.5382232666015625,-3.8942413330078125
1784804402054023168,14.199760437011719,2.4405975341796875,1.7565765380859375,-3.3442535400390625
1784804402063943168,14.209680318832397,2.2337646484375,0.0583343505859375,-2.242584228515625
1784804402073863168,14.219600439071655,2.3394012451171875,-0.6913909912109375,-1.1809539794921875
1784804402083782144,14.229519367218018,3.2728729248046875,-0.5694427490234375,-0.055938720703125
1784804402093702400,14.239439487457275,3.847381591796875,-0.1290435791015625,-0.1341094970703125
1784804402103621120,14.249358415603638,3.5742950439453125,0.45574951171875,-0.315887451171875
1784804402113541120,14.259278297424316,3.0416259765625,0.963165283203125,-0.7603759765625
1784804402123460352,14.269197463989258,3.32012939453125,1.259429931640625,-0.9266815185546875
1784804402133380096,14.279117345809937,3.723876953125,1.2862396240234375,-0.893646240234375
1784804402143300352,14.289037466049194,3.8802337646484375,1.005157470703125,-0.89013671875
1784804402153219328,14.298956394195557,3.7523193359375,0.78662109375,-0.704803466796875
1784804402163139328,14.308876514434814,3.6960601806640625,1.0115966796875,-0.479461669921875
1784804402173058304,14.318795442581177,3.9852294921875,1.2155914306640625,-0.351409912109375
1784804402182978048,14.328715324401855,4.336181640625,1.2657012939453125,0.1126556396484375
1784804402192897280,14.338634490966797,4.5670013427734375,1.1632843017578125,0.5018310546875
1784804402202817280,14.348554372787476,4.6605224609375,0.974945068359375,0.39837646484375
1784804402212737280,14.358474493026733,4.8333587646484375,1.3009490966796875,0.16064453125
1784804402222656256,14.368393421173096,5.0656280517578125,1.845611572265625,0.285888671875
1784804402232576256,14.378313302993774,5.19989013671875,2.0528106689453125,0.625396728515625
1784804402242495232,14.388232469558716,5.1519775390625,2.07244873046875,1.10577392578125
1784804402252415232,14.398152351379395,4.924285888671875,1.8712921142578125,1.5302734375
1784804402262334464,14.408071517944336,4.610443115234375,1.50408935546875,1.826446533203125
1784804402272254208,14.417991399765015,4.2507171630859375,1.1844329833984375,2.079010009765625
1784804402282174464,14.427911520004272,3.922149658203125,0.98699951171875,2.11590576171875
1784804402292093184,14.437830448150635,3.65777587890625,0.993927001953125,2.185302734375
1784804402302013184,14.447750329971313,3.223480224609375,1.1151580810546875,2.254364013671875
1784804402311932416,14.457669496536255,2.76983642578125,1.5106353759765625,2.1424560546875
1784804402321852160,14.467589378356934,2.471099853515625,2.379913330078125,1.38494873046875
1784804402331771136,14.477508306503296,2.2128753662109375,4.2267303466796875,1.3286590576171875
1784804402341691136,14.487428426742554,3.1646881103515625,5.871063232421875,0.5717010498046875
1784804402351611136,14.497348308563232,1.0661773681640625,7.5823822021484375,2.064056396484375
1784804402361530368,14.507267475128174,-0.170074462890625,2.898712158203125,2.0181732177734375
1784804402371450112,14.517187356948853,0.181915283203125,0.3729705810546875,1.8981475830078125
1784804402381369344,14.527106523513794,0.2790374755859375,0.20550537109375,2.2184295654296875
1784804402391289344,14.537026405334473,0.2879486083984375,0.9994659423828125,1.7707672119140625
1784804402401208064,14.546945333480835,0.19659423828125,2.0792999267578125,0.982421875
1784804402411128320,14.556865453720093,0.067474365234375,2.919097900390625,0.412109375
1784804402421048064,14.566785335540771,0.1228179931640625,2.8911285400390625,0.0050811767578125
1784804402430967296,14.576704502105713,0.0839080810546875,2.05517578125,0.0018463134765625
1784804402440887296,14.586624383926392,0.0685577392578125,1.389129638671875,-0.1416015625
1784804402450806016,14.596543312072754,0.152374267578125,1.0662841796875,-0.2996673583984375
1784804402460726272,14.606463432312012,0.0802154541015625,0.9484100341796875,-0.4281005859375
1784804402470645248,14.616382360458374,0.126556396484375,0.738311767578125,-0.52001953125
1784804402480565248,14.626302480697632,0.2547607421875,0.75927734375,-0.6539459228515625
1784804402490485248,14.63622236251831,0.1281280517578125,1.0622711181640625,-0.7541046142578125
1784804402500404480,14.646141529083252,0.0151519775390625,1.3045654296875,-1.0262298583984375
1784804402510324224,14.65606141090393,0.0228424072265625,1.4433441162109375,-1.1495208740234375
1784804402520243200,14.665980339050293,0.2047119140625,1.170562744140625,-1.535003662109375
1784804402530163200,14.67590045928955,-0.11285400390625,0.8794097900390625,-1.6726531982421875
1784804402540082176,14.685819387435913,-0.5261077880859375,1.05926513671875,-1.4967803955078125
1784804402550002432,14.695739507675171,-0.6822357177734375,1.0424957275390625,-0.9084320068359375
1784804402559922176,14.70565938949585,0.0317840576171875,0.687652587890625,-0.8423309326171875
1784804402569841152,14.715578317642212,0.2632598876953125,0.4429473876953125,-1.1332244873046875
1784804402579761152,14.72549843788147,0.555938720703125,0.110076904296875,-0.7214813232421875
1784804402589680128,14.735417366027832,0.33209228515625,0.1595916748046875,-0.313995361328125
1784804402599600384,14.74533748626709,0.0519866943359375,0.7474365234375,-0.3958892822265625
1784804402609519360,14.755256414413452,-0.13275146484375,0.8722076416015625,-0.581878662109375
1784804402619439360,14.76517653465271,0.07373046875,0.6277923583984375,-0.8253631591796875
1784804402629359360,14.775096416473389,0.60125732421875,0.111968994140625,-1.267425537109375
1784804402639278080,14.785015344619751,0.8896942138671875,-0.420196533203125,-1.35394287109375
1784804402649198336,14.794935464859009,0.88079833984375,-0.2883758544921875,-0.9247589111328125
1784804402659117312,14.804854393005371,0.799407958984375,0.0431060791015625,-0.8200531005859375
1784804402669037312,14.814774513244629,0.541656494140625,0.67205810546875,-0.793792724609375
1784804402678956288,14.824693441390991,0.2779388427734375,1.3736572265625,-1.0335845947265625
1784804402688876032,14.83461332321167,0.19146728515625,1.9565277099609375,-1.3368988037109375
1784804402698796288,14.844533443450928,0.3389892578125,2.1279449462890625,-1.534515380859375
1784804402708715264,14.85445237159729,0.463592529296875,1.7410125732421875,-1.5543975830078125
1784804402718635264,14.864372491836548,0.5375823974609375,1.3026580810546875,-1.4666900634765625
1784804402728554240,14.87429141998291,0.52337646484375,1.2996978759765625,-1.287750244140625
1784804402738474240,14.884211301803589,0.4915924072265625,1.33154296875,-1.2824249267578125
1784804402748393216,14.89413046836853,0.489288330078125,1.2416534423828125,-1.271728515625
1784804402758313216,14.904050350189209,0.49951171875,1.1707763671875,-1.1310272216796875
1784804402768233216,14.913970470428467,0.3329925537109375,1.26300048828125,-1.0056915283203125
1784804402778152192,14.923889398574829,0.2070465087890625,1.3891448974609375,-0.940704345703125
1784804402788072448,14.933809518814087,0.1956634521484375,1.141632080078125,-0.8726806640625
1784804402797991168,14.94372844696045,0.227569580078125,0.928924560546875,-0.539520263671875
1784804402807911168,14.953648328781128,0.1726837158203125,0.83306884765625,-0.4141693115234375
1784804402817831168,14.963568449020386,0.1680450439453125,0.79931640625,-0.486328125
1784804402827750144,14.973487377166748,0.109222412109375,0.8462677001953125,-0.406219482421875
1784804402837670400,14.983407497406006,0.1160888671875,0.813079833984375,-0.5098114013671875
1784804402847589376,14.993326425552368,0.0843048095703125,0.73358154296875,-0.4690399169921875
1784804402857509120,15.003246307373047,0.1009979248046875,0.51873779296875,-0.3036651611328125
1784804402867428352,15.013165473937988,0.15240478515625,0.2046051025390625,-0.114471435546875
1784804402877348096,15.023085355758667,0.1930999755859375,-0.003692626953125,0.0497589111328125
1784804402887268352,15.033005475997925,0.2722930908203125,-0.14703369140625,0.12396240234375
1784804402897187328,15.042924404144287,0.2697296142578125,-0.0499267578125,0.2518157958984375
1784804402907107328,15.052844524383545,0.26177978515625,0.24517822265625,0.3117218017578125
1784804402917026304,15.062763452529907,0.2617034912109375,0.31640625,0.1518096923828125
1784804402926946048,15.072683334350586,0.34808349609375,0.1424102783203125,0.028594970703125
1784804402936865280,15.082602500915527,0.526275634765625,-0.429473876953125,-0.124267578125
1784804402946785280,15.092522382736206,0.70654296875,-0.8851470947265625,-0.2592620849609375
1784804402956705280,15.102442502975464,0.8668060302734375,-0.9526519775390625,-0.4954681396484375
1784804402966624256,15.112361431121826,0.86297607421875,-0.8742523193359375,-0.7371978759765625
1784804402976544256,15.122281312942505,0.682769775390625,-0.6445770263671875,-0.8336944580078125
1784804402986463232,15.132200479507446,0.600311279296875,-0.3301239013671875,-0.941131591796875
1784804402996383232,15.142120361328125,0.63616943359375,-0.1838836669921875,-1.033233642578125
1784804403006302464,15.152039527893066,0.757354736328125,-0.3621673583984375,-0.9342193603515625
1784804403016222208,15.161959409713745,0.8552093505859375,-0.8484954833984375,-0.808380126953125
1784804403026142720,15.171880006790161,0.9593658447265625,-1.3784332275390625,-0.7725677490234375
1784804403036061696,15.181798934936523,1.1977081298828125,-1.6355133056640625,-0.8288726806640625
1784804403045981696,15.191718816757202,1.4053802490234375,-1.48681640625,-0.8696746826171875
1784804403055900928,15.201637983322144,1.6011199951171875,-1.230377197265625,-1.05230712890625
1784804403065820672,15.211557865142822,1.8248291015625,-1.008758544921875,-1.350555419921875
1784804403075740928,15.22147798538208,2.11114501953125,-0.9667510986328125,-1.4832763671875
1784804403085659648,15.231396913528442,2.4066009521484375,-1.3649444580078125,-1.5580291748046875
1784804403095579904,15.2413170337677,2.5103302001953125,-1.688507080078125,-1.5478057861328125
1784804403105498880,15.251235961914062,2.3275604248046875,-1.678680419921875,-1.5753326416015625
1784804403115418624,15.261155843734741,2.1679840087890625,-1.11456298828125,-1.2376861572265625
1784804403125337856,15.271075010299683,1.9058380126953125,-1.0415496826171875,-0.8040008544921875
1784804403135257600,15.280994892120361,1.51531982421875,-1.3910369873046875,-0.7819061279296875
1784804403145177856,15.29091501235962,1.7425994873046875,-1.21697998046875,-0.9686126708984375
1784804403155096832,15.300833940505981,1.821380615234375,-1.2523193359375,-1.0471649169921875
1784804403165016576,15.31075382232666,1.8788604736328125,-0.148284912109375,-0.203399658203125
1784804403174935808,15.320672988891602,1.3720703125,0.4738616943359375,-0.131195068359375
1784804403184855808,15.33059287071228,1.2295989990234375,0.319915771484375,-0.23248291015625
1784804403194774528,15.340511798858643,0.8929901123046875,0.5941925048828125,0.2536468505859375
1784804403204694784,15.3504319190979,0.923095703125,0.9982757568359375,0.4735870361328125
1784804403214614528,15.360351800918579,0.7687835693359375,1.677154541015625,0.427581787109375
1784804403224533760,15.37027096748352,1.4829559326171875,1.301666259765625,0.3735504150390625
1784804403234453760,15.3801908493042,2.7181549072265625,0.6622772216796875,-0.0691680908203125
1784804403244372736,15.39011001586914,3.58795166015625,0.4936065673828125,-0.7701416015625
1784804403254292736,15.40002989768982,3.402679443359375,0.0496063232421875,-1.1586761474609375
1784804403264212736,15.409950017929077,2.688140869140625,-0.44085693359375,-1.718017578125
1784804403274131712,15.41986894607544,2.8856658935546875,-0.374969482421875,-1.174530029296875
1784804403284051712,15.429788827896118,3.6188201904296875,0.361968994140625,-1.4915618896484375
1784804403293970944,15.43970799446106,2.8492431640625,0.6490478515625,-1.227447509765625
1784804403303890688,15.449627876281738,2.378570556640625,0.276336669921875,-1.037841796875
1784804403313809664,15.4595468044281,3.1205902099609375,-0.093109130859375,-0.6823577880859375
1784804403323729664,15.469466924667358,3.4256134033203125,-0.506744384765625,-1.0565643310546875
1784804403333649664,15.479386806488037,3.4046630859375,-0.717041015625,-1.2496337890625
1784804403343568896,15.489305973052979,3.011566162109375,-0.974609375,-1.2351837158203125
1784804403353488640,15.499225854873657,2.97528076171875,-1.097137451171875,-1.2906951904296875
1784804403363407872,15.509145021438599,2.8312225341796875,-0.6941680908203125,-0.6916656494140625
1784804403373327616,15.519064903259277,2.8451385498046875,-0.393035888671875,-1.2678375244140625
1784804403383247872,15.528985023498535,2.304840087890625,-0.5207977294921875,-1.51007080078125
1784804403393166848,15.538903951644897,2.4454803466796875,-0.732177734375,-0.958099365234375
1784804403403086592,15.548823833465576,2.3461761474609375,-0.7605743408203125,-1.3317108154296875
1784804403413005824,15.558743000030518,2.622772216796875,-0.392669677734375,-1.502197265625
1784804403422925824,15.568662881851196,2.6229095458984375,-0.424713134765625,-2.2947845458984375
1784804403432844544,15.578581809997559,2.266448974609375,0.1377105712890625,-2.7241363525390625
1784804403442764800,15.588501930236816,2.08135986328125,0.3516082763671875,-2.6651611328125
1784804403452684544,15.598421812057495,1.6710205078125,1.0350494384765625,-2.64752197265625
1784804403462603776,15.608340978622437,1.935577392578125,2.3186492919921875,-3.0908966064453125
1784804403472523776,15.618260860443115,2.1483612060546875,3.09429931640625,-3.796295166015625
1784804403482442752,15.628180027008057,1.8620147705078125,2.6264801025390625,-3.2807769775390625
1784804403492362752,15.638099908828735,2.6047515869140625,0.80718994140625,-2.276153564453125
1784804403502282752,15.648020029067993,3.2205963134765625,-0.751434326171875,-1.08795166015625
1784804403512201728,15.657938957214355,4.0052032470703125,-1.7780914306640625,-0.1614837646484375
1784804403522121728,15.667858839035034,3.588623046875,-1.1498565673828125,0.6176300048828125
1784804403532040960,15.677778005599976,3.1996002197265625,-0.143524169921875,0.23480224609375
1784804403541960704,15.687697887420654,2.6078338623046875,0.67388916015625,-0.1713714599609375
1784804403551880960,15.697618007659912,2.57781982421875,1.0025787353515625,-0.589599609375
1784804403561799680,15.707536935806274,3.112579345703125,1.260955810546875,-0.7984466552734375
1784804403571719680,15.717456817626953,3.5673065185546875,1.382568359375,-1.0146942138671875
1784804403581638912,15.727375984191895,3.7371826171875,1.458099365234375,-0.9404754638671875
1784804403591558656,15.737295866012573,3.8128204345703125,1.296234130859375,-0.9808349609375
1784804403601477888,15.747215032577515,4.011993408203125,1.258544921875,-0.62042236328125
1784804403611397632,15.757134914398193,4.24444580078125,1.0505523681640625,-0.124847412109375
1784804403621317888,15.767055034637451,4.4819183349609375,1.0189056396484375,0.1911773681640625
1784804403631236864,15.776973962783813,4.7802886962890625,1.0107879638671875,0.2408599853515625
1784804403641156608,15.786893844604492,4.99267578125,1.272369384765625,0.2251129150390625
1784804403651075840,15.796813011169434,5.191802978515625,1.7913360595703125,0.32965087890625
1784804403660995840,15.806732892990112,5.2796478271484375,1.7940521240234375,0.676116943359375
1784804403670915840,15.81665301322937,5.211273193359375,1.47003173828125,1.2569732666015625
1784804403680834816,15.826571941375732,5.0537872314453125,1.4834136962890625,1.6346893310546875
1784804403690754560,15.836491823196411,4.7034149169921875,1.6280059814453125,1.8585052490234375
1784804403700673792,15.846410989761353,4.2121429443359375,1.45159912109375,2.069061279296875
1784804403710593792,15.856330871582031,3.715179443359375,1.0324554443359375,2.3801116943359375
1784804403720512512,15.866249799728394,3.30474853515625,0.548583984375,2.7855224609375
1784804403730432768,15.876169919967651,3.0272064208984375,0.2674560546875,2.910308837890625
1784804403740352512,15.88608980178833,2.7120513916015625,0.432769775390625,2.516632080078125
1784804403750271744,15.896008968353271,2.7032623291015625,1.785552978515625,1.889068603515625
1784804403760191744,15.90592885017395,4.658599853515625,7.1923675537109375,1.0484771728515625
1784804403770110720,15.915848016738892,1.8807830810546875,10.268203735351562,3.0879364013671875
1784804403780030720,15.92576789855957,-0.1649932861328125,1.8255157470703125,1.5729827880859375
1784804403789950720,15.935688018798828,-0.2606658935546875,1.330810546875,1.6294097900390625
1784804403799869696,15.94560694694519,0.351898193359375,2.4825286865234375,2.130706787109375
1784804403809789696,15.95552682876587,0.1477813720703125,2.0719451904296875,1.680755615234375
1784804403819708928,15.96544599533081,0.2550048828125,1.58038330078125,1.3322601318359375
1784804403829628672,15.97536587715149,0.2017974853515625,0.914703369140625,1.0009002685546875
1784804403839547648,15.985284805297852,0.1241302490234375,0.75115966796875,0.8546905517578125
1784804403849467648,15.99520492553711,0.2000274658203125,0.9354400634765625,0.71807861328125
1784804403859387648,16.005124807357788,0.1518707275390625,1.0951995849609375,0.5250396728515625
1784804403869306880,16.01504397392273,0.1427154541015625,1.1819915771484375,0.385345458984375
1784804403879226624,16.024963855743408,0.18017578125,1.2446746826171875,-0.0585479736328125
1784804403889145856,16.03488302230835,0.1987457275390625,1.4971771240234375,-0.331634521484375
1784804403899065856,16.04480290412903,0.0813751220703125,1.8080596923828125,-0.5602264404296875
1784804403908985856,16.054723024368286,0.0629425048828125,1.85382080078125,-0.8856201171875
1784804403918904832,16.06464195251465,0.0360870361328125,1.6119842529296875,-0.913726806640625
1784804403928824576,16.074561834335327,-0.124755859375,1.330078125,-0.9504852294921875
1784804403938743808,16.08448100090027,-0.080108642578125,1.23760986328125,-1.069732666015625
1784804403948663808,16.094400882720947,0.0130767822265625,1.01739501953125,-1.273406982421875
1784804403958583808,16.104321002960205,-0.1940460205078125,0.8885345458984375,-1.51031494140625
1784804403968502784,16.114239931106567,-0.3388824462890625,0.9743499755859375,-1.1927642822265625
1784804403978422528,16.124159812927246,-0.2318115234375,0.752532958984375,-1.399688720703125
1784804403988341760,16.134078979492188,0.20928955078125,0.525543212890625,-1.1676177978515625
1784804403998261760,16.143998861312866,0.203369140625,0.3584442138671875,-1.1790771484375
1784804404008180736,16.153918027877808,0.4569549560546875,0.5161895751953125,-0.518218994140625
1784804404018100736,16.163837909698486,0.3969573974609375,0.6647186279296875,-0.5472564697265625
1784804404028019968,16.173757076263428,0.0742340087890625,0.7613983154296875,-0.6979522705078125
1784804404037938944,16.18367600440979,-0.0885772705078125,0.7989959716796875,-0.807220458984375
1784804404047858944,16.193596124649048,0.193603515625,0.653717041015625,-0.988311767578125
1784804404057777920,16.20351505279541,0.443878173828125,0.3820953369140625,-1.0384368896484375
1784804404067697664,16.21343493461609,0.703704833984375,0.19879150390625,-1.1872100830078125
1784804404077617920,16.223355054855347,0.7440185546875,0.2960205078125,-1.114532470703125
1784804404087536896,16.23327398300171,0.66485595703125,0.640289306640625,-0.857391357421875
1784804404097456896,16.243194103240967,0.5814056396484375,0.915985107421875,-0.6930389404296875
1784804404107375872,16.25311303138733,0.4239501953125,1.049835205078125,-0.6624908447265625
1784804404117295872,16.263033151626587,0.2729339599609375,1.13458251953125,-0.77642822265625
1784804404127215872,16.272953033447266,0.231719970703125,1.190460205078125,-0.9039306640625
1784804404137134848,16.282871961593628,0.25140380859375,1.1139068603515625,-1.125701904296875
1784804404147054848,16.292792081832886,0.2950439453125,1.2097930908203125,-1.0730438232421875
1784804404156973824,16.302711009979248,0.347381591796875,1.3905181884765625,-1.099609375
1784804404166894080,16.312631130218506,0.454345703125,1.4670257568359375,-1.18853759765625
1784804404176812800,16.322550058364868,0.492279052734375,1.5979156494140625,-1.2838897705078125
1784804404186732800,16.332469940185547,0.5875091552734375,1.72711181640625,-1.2073822021484375
1784804404196652800,16.342390060424805,0.7019805908203125,1.777435302734375,-1.2425079345703125
1784804404206571776,16.352308988571167,0.5434417724609375,1.487579345703125,-1.0894622802734375
1784804404216492032,16.362229108810425,0.4421844482421875,1.1727752685546875,-0.967529296875
1784804404226410752,16.372148036956787,0.313629150390625,1.13555908203125,-0.909759521484375
1784804404236331008,16.382068157196045,0.1417236328125,1.1474456787109375,-0.8723907470703125
1784804404246250752,16.391988039016724,0.08721923828125,1.1295166015625,-0.8264617919921875
1784804404256169728,16.401906967163086,0.12310791015625,1.30926513671875,-0.667388916015625
1784804404266089984,16.411827087402344,0.24951171875,1.333953857421875,-0.5457763671875
1784804404276008960,16.421746015548706,0.3124542236328125,0.9775238037109375,-0.5373687744140625
1784804404285928960,16.431666135787964,0.2409515380859375,0.67449951171875,-0.46087646484375
1784804404295847936,16.441585063934326,0.2890472412109375,0.4612579345703125,-0.3319854736328125
1784804404305767680,16.451504945755005,0.3015899658203125,0.335205078125,-0.261688232421875
1784804404315687936,16.461425065994263,0.31353759765625,0.3885650634765625,-0.1361541748046875
1784804404325606912,16.471343994140625,0.2989959716796875,0.4392242431640625,0.073394775390625
1784804404335526912,16.481264114379883,0.3171234130859375,0.4796142578125,0.1865386962890625
1784804404345445888,16.491183042526245,0.35687255859375,0.4581146240234375,0.3077545166015625
1784804404355365632,16.501102924346924,0.3621368408203125,0.1821136474609375,0.353424072265625
1784804404365285888,16.51102304458618,0.330413818359375,-0.2586212158203125,0.4264678955078125
1784804404375204864,16.520941972732544,0.3148345947265625,-0.656494140625,0.3431396484375
1784804404385124864,16.5308620929718,0.3582000732421875,-0.815765380859375,0.267486572265625
1784804404395043840,16.540781021118164,0.3631591796875,-0.802093505859375,0.0592803955078125
1784804404404964096,16.550701141357422,0.4594879150390625,-0.702484130859375,-0.204254150390625
1784804404414883840,16.5606210231781,0.590850830078125,-0.568023681640625,-0.329620361328125
1784804404424802816,16.570539951324463,0.7224273681640625,-0.6753082275390625,-0.414276123046875
1784804404434722816,16.58046007156372,0.796539306640625,-0.837158203125,-0.451080322265625
1784804404444641792,16.590378999710083,0.7387847900390625,-0.7607269287109375,-0.504791259765625
1784804404454562048,16.60029911994934,0.713165283203125,-0.4697723388671875,-0.609405517578125
1784804404464481792,16.61021900177002,0.868865966796875,-0.3919525146484375,-1.1085052490234375
1784804404474400768,16.620137929916382,1.22515869140625,-0.7251739501953125,-1.452239990234375
1784804404484320768,16.63005805015564,1.57391357421875,-1.3006591796875,-1.443115234375
1784804404494239744,16.639976978302002,1.8541412353515625,-1.8048248291015625,-1.5010833740234375
1784804404504160000,16.64989709854126,2.18206787109375,-1.54949951171875,-1.5641632080078125
1784804404514078976,16.659816026687622,2.24835205078125,-1.1259765625,-1.565643310546875
1784804404523998976,16.66973614692688,2.3100433349609375,-0.919525146484375,-1.43182373046875
1784804404533918976,16.67965602874756,2.2949981689453125,-1.2320709228515625,-1.4593048095703125
1784804404543837696,16.68957495689392,2.1422119140625,-1.7242431640625,-1.6405029296875
1784804404553757952,16.69949507713318,2.1286163330078125,-1.5849456787109375,-1.5706939697265625
1784804404563676928,16.70941400527954,2.06658935546875,-1.29852294921875,-1.630706787109375
1784804404573596928,16.7193341255188,2.2698211669921875,-0.8846435546875,-1.5674285888671875
1784804404583516928,16.729254007339478,2.2245635986328125,-0.8625030517578125,-1.3204345703125
1784804404593435648,16.73917293548584,1.9553375244140625,-0.835479736328125,-0.947357177734375
1784804404603355904,16.749093055725098,1.41864013671875,-0.4728546142578125,-0.28643798828125
1784804404613274880,16.75901198387146,1.1602935791015625,0.3240203857421875,0.0937957763671875
1784804404623194880,16.768932104110718,0.9652099609375,0.977020263671875,0.1339874267578125
1784804404633114880,16.778851985931396,0.3810577392578125,1.600860595703125,0.34185791015625
1784804404643033856,16.788771152496338,0.5227203369140625,1.5807647705078125,0.3742218017578125
1784804404652953856,16.798691034317017,1.4519500732421875,1.5257568359375,0.41729736328125
1784804404662872832,16.80860996246338,2.2355804443359375,1.26165771484375,-0.1745758056640625
1784804404672792832,16.818530082702637,2.3418121337890625,0.869049072265625,-0.6141510009765625
1784804404682712832,16.828449964523315,2.629180908203125,0.6503448486328125,-0.462860107421875
1784804404692632064,16.838369131088257,3.9633941650390625,-0.3677825927734375,-0.7537689208984375
1784804404702551808,16.848289012908936,3.743316650390625,-1.495849609375,-0.803802490234375
1784804404712470784,16.858207941055298,2.630859375,-0.975921630859375,-0.967132568359375
1784804404722390784,16.868128061294556,2.4162139892578125,-0.254058837890625,-1.454010009765625
1784804404732310784,16.878047943115234,2.2991943359375,0.006103515625,-1.5099639892578125
1784804404742230016,16.887967109680176,3.745086669921875,0.1504974365234375,-1.04339599609375
1784804404752149760,16.897886991500854,3.2397613525390625,-0.04638671875,-1.1678009033203125
1784804404762068992,16.907806158065796,2.8151397705078125,-0.3491668701171875,-1.2380218505859375
1784804404771988992,16.917726039886475,2.7728729248046875,-0.2338409423828125,-0.67803955078125
1784804404781907712,16.927644968032837,2.914642333984375,0.2783203125,-0.5595550537109375
1784804404791827968,16.937565088272095,3.3116302490234375,-0.1923065185546875,-0.90472412109375
1784804404801747712,16.947484970092773,2.9371337890625,-0.677001953125,-0.51800537109375
1784804404811666944,16.957404136657715,2.85174560546875,-0.477935791015625,-1.014617919921875
1784804404821586944,16.967324018478394,2.8293304443359375,-0.9064483642578125,-1.114288330078125
1784804404831505664,16.977242946624756,2.6318817138671875,-0.768463134765625,-1.0418548583984375
1784804404841425920,16.987163066864014,2.3253173828125,-0.1473236083984375,-1.316192626953125
1784804404851345664,16.997082948684692,1.97900390625,0.09136962890625,-1.5782470703125
1784804404861264896,17.007002115249634,2.22576904296875,0.051025390625,-1.458709716796875
1784804404871184896,17.016921997070312,2.0677642822265625,-0.31158447265625,-1.8510894775390625
1784804404881103872,17.026840925216675,1.8376312255859375,-0.511077880859375,-1.77142333984375
1784804404891023872,17.036761045455933,1.7518157958984375,-0.3514404296875,-2.08392333984375
1784804404900943872,17.04668092727661,1.567169189453125,0.6446685791015625,-2.1319122314453125
1784804404910862848,17.056600093841553,1.66204833984375,1.581451416015625,-2.8816986083984375
1784804404920782848,17.06651997566223,2.0160064697265625,2.24310302734375,-2.750518798828125
1784804404930702080,17.076439142227173,2.4691009521484375,1.75982666015625,-2.926544189453125
1784804404940621824,17.08635902404785,2.718048095703125,0.4154815673828125,-2.76434326171875
1784804404950542080,17.09627914428711,3.0449371337890625,-0.4514007568359375,-1.831939697265625
1784804404960460800,17.10619807243347,3.048828125,-0.951507568359375,-0.8275299072265625
1784804404970380800,17.11611795425415,3.49884033203125,-0.747100830078125,0.0091705322265625
1784804404980300032,17.126037120819092,3.478057861328125,-0.661285400390625,-0.0552978515625
1784804404990219776,17.13595700263977,2.832366943359375,-0.316497802734375,-0.116058349609375
1784804405000140032,17.14587712287903,2.4478912353515625,0.00140380859375,-0.4649505615234375
1784804405010058752,17.15579605102539,2.5178070068359375,0.561798095703125,-0.4543304443359375
1784804405019978752,17.16571593284607,2.8597412109375,0.9544830322265625,-0.6577301025390625
1784804405029897984,17.17563509941101,3.1435394287109375,1.2523040771484375,-0.9682464599609375
1784804405039817728,17.18555498123169,3.3460693359375,1.4837646484375,-1.21954345703125
1784804405049737984,17.195475101470947,3.6550445556640625,1.5284423828125,-1.2540130615234375
1784804405059656960,17.20539402961731,3.942474365234375,1.2788543701171875,-0.6845703125
1784804405069576960,17.215314149856567,4.297149658203125,1.0224456787109375,-0.0382843017578125
1784804405079495936,17.22523307800293,4.6290740966796875,0.83062744140625,0.2975616455078125
1784804405089415680,17.23515295982361,4.82354736328125,0.7560272216796875,0.37188720703125
1784804405099335936,17.245073080062866,4.898284912109375,0.927215576171875,0.2816925048828125
1784804405109254912,17.25499200820923,4.872344970703125,1.3045654296875,0.2075958251953125
1784804405119174912,17.264912128448486,4.820709228515625,1.5153656005859375,0.302947998046875
1784804405129093888,17.27483105659485,4.82391357421875,1.5572357177734375,0.7645721435546875
1784804405139013888,17.284750938415527,4.7863006591796875,1.6475067138671875,1.2596588134765625
1784804405148933888,17.294671058654785,4.5459136962890625,1.507049560546875,1.63775634765625
1784804405158852864,17.304589986801147,4.138519287109375,1.0973358154296875,1.84820556640625
1784804405168772864,17.314510107040405,3.949737548828125,0.7681427001953125,1.8945465087890625
1784804405178691840,17.324429035186768,4.070526123046875,0.5320587158203125,2.31622314453125
1784804405188612096,17.334349155426025,3.704345703125,0.4947967529296875,2.6047821044921875
1784804405198531840,17.344269037246704,3.0399017333984375,1.382659912109375,1.68951416015625
1784804405208450816,17.354187965393066,4.1055145263671875,4.4826202392578125,2.2506256103515625
1784804405218370816,17.364108085632324,3.2005157470703125,11.385177612304688,3.379913330078125
1784804405228289792,17.374027013778687,0.5081329345703125,5.74969482421875,3.3228607177734375
1784804405238210048,17.383947134017944,-0.31524658203125,0.158660888671875,1.212493896484375
1784804405248129792,17.393867015838623,0.2286224365234375,1.7841949462890625,2.1850738525390625
1784804405258048768,17.403785943984985,0.1628265380859375,2.2689208984375,2.163482666015625
1784804405267968768,17.413706064224243,-0.0360107421875,1.9102783203125,1.3549041748046875
1784804405277887744,17.423624992370605,0.111846923828125,1.47625732421875,0.9236297607421875
1784804405287808000,17.433545112609863,0.075714111328125,1.1623077392578125,0.8589935302734375
1784804405297727744,17.443464994430542,0.16461181640625,1.2458648681640625,0.7649383544921875
1784804405307646720,17.453383922576904,0.134490966796875,1.3173675537109375,0.485626220703125
1784804405317566976,17.463304042816162,0.0958099365234375,1.112335205078125,0.2520904541015625
1784804405327485696,17.473222970962524,0.1810150146484375,0.8872222900390625,0.0600433349609375
1784804405337405952,17.483143091201782,0.3437652587890625,1.034759521484375,-0.231689453125
1784804405347324928,17.493062019348145,0.3274688720703125,1.3852081298828125,-0.6146697998046875
1784804405357244928,17.502982139587402,0.18756103515625,1.715728759765625,-0.8256683349609375
1784804405367164928,17.51290202140808,0.1602935791015625,1.7418060302734375,-0.971923828125
1784804405377083904,17.522820949554443,0.1385955810546875,1.56719970703125,-1.1378936767578125
1784804405387003904,17.5327410697937,0.0734405517578125,1.2958984375,-1.1320953369140625
1784804405396922880,17.542659997940063,0.171112060546875,1.078033447265625,-1.384033203125
1784804405406842880,17.55258011817932,0.01824951171875,0.6071319580078125,-1.4835357666015625
1784804405416762880,17.5625,-0.4088897705078125,0.72076416015625,-1.2867889404296875
1784804405426681856,17.572418928146362,-0.51348876953125,0.6112213134765625,-0.6941680908203125
1784804405436601856,17.58233904838562,0.214874267578125,0.6357879638671875,-1.111602783203125
1784804405446520832,17.592257976531982,0.262115478515625,0.4699249267578125,-1.20013427734375
1784804405456440832,17.60217809677124,0.282440185546875,0.6751251220703125,-0.990142822265625
1784804405466360832,17.61209797859192,0.2807159423828125,1.0923614501953125,-0.388702392578125
1784804405476280064,17.62201714515686,0.518341064453125,0.9116363525390625,-0.89935302734375
1784804405486199808,17.63193702697754,0.4712982177734375,0.4571685791015625,-0.995269775390625
1784804405496118784,17.6418559551239,0.267059326171875,0.0794830322265625,-1.0069122314453125
1784804405506038784,17.65177607536316,0.18743896484375,-0.01300048828125,-0.968017578125
1784804405515958784,17.661695957183838,0.37908935546875,0.0427703857421875,-0.793426513671875
1784804405525878016,17.67161512374878,0.5160369873046875,0.2212982177734375,-0.752716064453125
1784804405535797760,17.681535005569458,0.5587005615234375,0.3833770751953125,-0.8381805419921875
1784804405545716736,17.69145393371582,0.5321197509765625,0.517364501953125,-0.91436767578125
1784804405555636992,17.701374053955078,0.47283935546875,0.7935943603515625,-0.8404693603515625
1784804405565556736,17.711293935775757,0.28350830078125,1.159759521484375,-0.8546142578125
1784804405575475968,17.7212131023407,0.2500762939453125,1.2494659423828125,-1.0698394775390625
1784804405585395712,17.731132984161377,0.3806304931640625,1.1995697021484375,-1.2909088134765625
1784804405595314944,17.74105215072632,0.4306793212890625,1.332427978515625,-1.278961181640625
1784804405605234944,17.750972032546997,0.47100830078125,1.40875244140625,-1.42266845703125
1784804405615154944,17.760892152786255,0.492279052734375,1.3789825439453125,-1.4086456298828125
1784804405625073920,17.770811080932617,0.62713623046875,1.45184326171875,-1.3501129150390625
1784804405634993664,17.780730962753296,0.6683349609375,1.5273284912109375,-1.3186492919921875
1784804405644912896,17.790650129318237,0.6403350830078125,1.4323272705078125,-1.2850341796875
1784804405654832896,17.800570011138916,0.5780029296875,1.2879638671875,-1.3592681884765625
1784804405664752896,17.810490131378174,0.4913787841796875,1.40264892578125,-1.2398529052734375
1784804405674671872,17.820409059524536,0.323822021484375,1.461883544921875,-1.1171417236328125
1784804405684591872,17.830328941345215,0.347625732421875,1.0913543701171875,-1.2228240966796875
1784804405694510848,17.840248107910156,0.2280731201171875,1.07501220703125,-0.991058349609375
1784804405704430848,17.850167989730835,0.2119903564453125,1.0348358154296875,-0.764373779296875
1784804405714350848,17.860088109970093,0.190673828125,0.9207000732421875,-0.5561981201171875
1784804405724269824,17.870007038116455,0.1501922607421875,0.6597747802734375,-0.2689971923828125
1784804405734190080,17.879927158355713,0.1629486083984375,0.3639373779296875,-0.2060394287109375
1784804405744108800,17.889846086502075,0.1203765869140625,0.1134796142578125,-0.263946533203125
1784804405754028800,17.899765968322754,0.0855865478515625,0.0936431884765625,-0.2861175537109375
1784804405763948800,17.90968608856201,0.149261474609375,0.074615478515625,-0.1273040771484375
1784804405773867776,17.919605016708374,0.240997314453125,-0.1786956787109375,0.043426513671875
1784804405783788032,17.929525136947632,0.2593994140625,-0.3201904296875,0.2936248779296875
1784804405793707008,17.939444065093994,0.2664794921875,-0.189117431640625,0.4317474365234375
1784804405803626752,17.949363946914673,0.2609710693359375,0.0808563232421875,0.4771728515625
1784804405813547008,17.95928406715393,0.2884979248046875,0.141693115234375,0.388519287109375
1784804405823465728,17.969202995300293,0.44036865234375,0.08209228515625,0.2271728515625
1784804405833385984,17.97912311553955,0.5324554443359375,-0.0465087890625,-0.0507659912109375
1784804405843304960,17.989042043685913,0.5903167724609375,-0.2688751220703125,-0.2564697265625
1784804405853224704,17.998961925506592,0.573333740234375,-0.647369384765625,-0.3584442138671875
1784804405863143936,18.008881092071533,0.61260986328125,-0.877777099609375,-0.6353912353515625
1784804405873063680,18.018800973892212,0.6961822509765625,-0.8575592041015625,-0.7387542724609375
1784804405882983936,18.02872109413147,0.6582489013671875,-0.787322998046875,-0.8404388427734375
1784804405892902912,18.038640022277832,0.595550537109375,-0.756378173828125,-0.87762451171875
1784804405902822912,18.04856014251709,0.644927978515625,-0.928436279296875,-0.90020751953125
1784804405912742912,18.05848002433777,0.842010498046875,-1.00885009765625,-1.0340118408203125
1784804405922661888,18.06839895248413,0.9749298095703125,-1.053863525390625,-1.07098388671875
1784804405932581888,18.07831907272339,1.2554779052734375,-1.1970977783203125,-1.116363525390625
1784804405942500864,18.08823800086975,1.54486083984375,-1.5192413330078125,-1.148345947265625
1784804405952420864,18.09815812110901,1.8552093505859375,-1.813507080078125,-1.368438720703125
1784804405962339840,18.10807704925537,2.07232666015625,-1.8437957763671875,-1.5800628662109375
1784804405972259840,18.11799693107605,2.3029937744140625,-1.7267913818359375,-1.567413330078125
1784804405982179840,18.127917051315308,2.35565185546875,-1.5353851318359375,-1.49871826171875
1784804405992098816,18.13783597946167,2.3118896484375,-1.2113189697265625,-1.4399566650390625
1784804406002018816,18.147756099700928,2.06903076171875,-1.2889404296875,-1.0109405517578125
1784804406011938816,18.157675981521606,2.1200714111328125,-1.677520751953125,-1.1649627685546875
1784804406021858048,18.167595148086548,2.14794921875,-1.3857269287109375,-1.0249481201171875
1784804406031777280,18.17751455307007,2.3599090576171875,-1.1911468505859375,-1.3017425537109375
1784804406041696512,18.18743371963501,2.421173095703125,-0.8901824951171875,-1.3882598876953125
1784804406051616512,18.19735360145569,2.0991363525390625,-0.0075531005859375,-0.844879150390625
1784804406061536512,18.207273721694946,1.888916015625,0.2720947265625,-0.601104736328125
1784804406071455488,18.21719264984131,2.3739471435546875,0.2441558837890625,-0.22821044921875
1784804406081375488,18.227112770080566,1.512939453125,1.1065216064453125,0.069122314453125
1784804406091294464,18.23703169822693,0.6823272705078125,1.397796630859375,0.012908935546875
1784804406101214464,18.246951580047607,0.87738037109375,0.7998504638671875,0.3199615478515625
1784804406111134464,18.256871700286865,1.258758544921875,1.2900238037109375,0.897674560546875
1784804406121053440,18.266790628433228,0.542816162109375,0.8377227783203125,0.186248779296875
1784804406130973696,18.276710748672485,1.0608978271484375,0.3156280517578125,-0.01190185546875
1784804406140892416,18.286629676818848,2.8007659912109375,0.9311370849609375,0.361572265625
1784804406150812416,18.296549558639526,4.00128173828125,-0.1658477783203125,-0.7817230224609375
1784804406160732416,18.306469678878784,3.85870361328125,-0.3986053466796875,-1.467254638671875
1784804406170651392,18.316388607025146,2.9101409912109375,-0.3979339599609375,-1.8237152099609375
1784804406180571648,18.326308727264404,2.5885009765625,0.0301513671875,-1.36383056640625
1784804406190490368,18.336227655410767,2.2904510498046875,-0.4532928466796875,-1.1758270263671875
1784804406200410624,18.346147775650024,2.984375,-0.9806060791015625,-1.032623291015625
1784804406210330368,18.356067657470703,3.3010711669921875,-0.6108245849609375,-0.7139129638671875
1784804406220249344,18.365986585617065,2.966644287109375,-0.2864227294921875,-1.013214111328125
1784804406230169600,18.375906705856323,2.398712158203125,-0.3947296142578125,-1.05828857421875
1784804406240088576,18.385825634002686,2.77178955078125,-0.7038116455078125,-0.7631683349609375
1784804406250008576,18.395745754241943,2.8090667724609375,-0.8770904541015625,-0.6130828857421875
1784804406259928576,18.405665636062622,3.0749359130859375,-1.0060272216796875,-0.6313629150390625
1784804406269847296,18.415584564208984,2.2606201171875,-0.928497314453125,-0.866241455078125
1784804406279767552,18.425504684448242,2.2851104736328125,-0.515350341796875,-0.9581298828125
1784804406289686528,18.435423612594604,2.4710235595703125,-0.1957855224609375,-1.5562286376953125
1784804406299606528,18.445343732833862,2.3062744140625,0.1223907470703125,-1.708831787109375
1784804406309526528,18.45526361465454,2.1475067138671875,0.022552490234375,-1.7971343994140625
1784804406319445504,18.465182781219482,1.9738006591796875,0.0489349365234375,-1.885009765625
1784804406329365504,18.47510266304016,1.89801025390625,0.416259765625,-2.13470458984375
1784804406339284480,18.485021591186523,1.716766357421875,0.43109130859375,-2.2177581787109375
1784804406349204480,18.49494171142578,1.4239349365234375,0.30780029296875,-1.7763214111328125
1784804406359124480,18.50486159324646,1.289093017578125,0.7445831298828125,-1.59521484375
1784804406369043712,18.5147807598114,1.3726348876953125,1.7110595703125,-1.5908050537109375
1784804406378963456,18.52470064163208,2.413055419921875,1.1334686279296875,-1.5240936279296875
1784804406388882432,18.534619569778442,2.5829925537109375,0.7719573974609375,-1.3722991943359375
1784804406398802432,18.5445396900177,3.289276123046875,0.1029205322265625,-1.969146728515625
1784804406408722432,18.55445957183838,3.1933135986328125,-1.3679351806640625,-1.99609375
1784804406418641664,18.56437873840332,2.7793426513671875,-1.5589447021484375,-1.5213165283203125
1784804406428561408,18.574298620224,2.6521148681640625,-0.9935455322265625,-1.15753173828125
1784804406438480384,18.58421754837036,2.7162628173828125,0.1481475830078125,-0.621551513671875
1784804406448400384,18.59413766860962,2.482330322265625,0.557403564453125,-0.371490478515625
1784804406458320384,18.604057550430298,2.7567138671875,0.8566436767578125,-0.3900604248046875
1784804406468239616,18.61397671699524,2.905364990234375,0.801239013671875,-0.5333709716796875
1784804406478159360,18.623896598815918,2.9781951904296875,0.81951904296875,-0.5715179443359375
1784804406488078592,18.63381576538086,3.232208251953125,1.0003814697265625,-0.867584228515625
1784804406497998592,18.643735647201538,3.4359130859375,1.2490997314453125,-1.1634368896484375
1784804406507918592,18.653655767440796,3.6579437255859375,1.3816986083984375,-1.3513336181640625
1784804406517837568,18.663574695587158,3.9064788818359375,1.5438995361328125,-1.1233673095703125
1784804406527757312,18.673494577407837,4.3545684814453125,1.653900146484375,-0.699066162109375
1784804406537676544,18.68341374397278,4.8404998779296875,1.4375,-0.199554443359375
1784804406547596544,18.693333625793457,5.109405517578125,1.024810791015625,0.2263336181640625
1784804406557516544,18.703253746032715,5.29608154296875,1.266876220703125,0.498077392578125
1784804406567435520,18.713172674179077,5.4099578857421875,1.7240447998046875,0.5882720947265625
1784804406577355264,18.723092555999756,5.155029296875,1.8557586669921875,0.9021759033203125
1784804406587274496,18.733011722564697,4.7216033935546875,1.456817626953125,1.2398681640625
1784804406597194496,18.742931604385376,4.53314208984375,0.8350830078125,1.3842315673828125
1784804406607114496,18.752851724624634,4.6031951904296875,0.341461181640625,1.5965423583984375
1784804406617033472,18.762770652770996,4.460906982421875,-0.0631103515625,1.903167724609375
1784804406626953728,18.772690773010254,4.1541900634765625,-0.2277679443359375,1.860931396484375
1784804406636872448,18.782609701156616,4.08795166015625,0.2848052978515625,1.657196044921875
1784804406646792448,18.792529582977295,4.2884521484375,0.9229736328125,1.6578521728515625
1784804406656712448,18.802449703216553,3.9117584228515625,1.6237030029296875,1.5279998779296875
1784804406666631424,18.812368631362915,3.4617919921875,3.560546875,1.1312255859375
1784804406676551680,18.822288751602173,5.2845001220703125,8.519699096679688,0.235626220703125
1784804406686470400,18.832207679748535,0.8470001220703125,11.446609497070312,4.01263427734375
1784804406696390400,18.842127561569214,-0.2291107177734375,2.0484161376953125,2.632843017578125
1784804406706310400,18.85204768180847,-0.1261749267578125,0.22882080078125,1.7023162841796875
1784804406716229376,18.861966609954834,0.548583984375,0.8003082275390625,2.095001220703125
1784804406726149632,18.871886730194092,0.4753875732421875,0.95391845703125,2.0324554443359375
1784804406736068608,18.881805658340454,0.35968017578125,1.3197021484375,1.6294708251953125
1784804406745988608,18.891725778579712,0.0914764404296875,1.5932769775390625,1.26129150390625
1784804406755908608,18.90164566040039,0.093902587890625,1.8611297607421875,0.812744140625
1784804406765827328,18.911564588546753,0.439361572265625,2.081939697265625,0.491973876953125
1784804406775747584,18.92148470878601,0.493621826171875,1.927093505859375,0.2572174072265625
1784804406785666560,18.931403636932373,0.470123291015625,1.5364837646484375,0.0735931396484375
1784804406795586560,18.94132375717163,0.4147186279296875,1.2084808349609375,-0.41070556640625
1784804406805506560,18.95124363899231,0.3303070068359375,1.1331634521484375,-0.415740966796875
1784804406815425280,18.961162567138672,0.35308837890625,1.1309814453125,-0.6410369873046875
1784804406825345536,18.97108268737793,0.45465087890625,1.084869384765625,-0.8512420654296875
1784804406835264512,18.981001615524292,0.5022430419921875,1.1898651123046875,-0.8494415283203125
1784804406845184512,18.99092173576355,0.549896240234375,1.4539642333984375,-0.9207000732421875
1784804406855104512,19.00084161758423,0.462158203125,1.314239501953125,-0.9858856201171875
1784804406865023488,19.01076078414917,0.0079193115234375,1.1434478759765625,-0.970703125
1784804406874943488,19.02068066596985,-0.5688934326171875,1.12548828125,-0.334747314453125
1784804406884862464,19.03059959411621,-0.607086181640625,1.1630401611328125,-0.473663330078125
1784804406894782464,19.04051971435547,-0.156341552734375,1.1862030029296875,-0.54510498046875
1784804406904702464,19.050439596176147,0.1029815673828125,1.195037841796875,-0.7912139892578125
1784804406914621696,19.06035876274109,0.2677459716796875,1.06536865234375,-0.6478271484375
1784804406924541440,19.070278644561768,0.5467681884765625,0.8792877197265625,-0.5189361572265625
1784804406934460416,19.08019757270813,0.6269989013671875,0.6735687255859375,-0.539794921875
1784804406944380416,19.090117692947388,0.4326934814453125,0.519439697265625,-0.620208740234375
1784804406954300416,19.100037574768066,0.2359619140625,0.5230712890625,-0.5478515625
1784804406964219648,19.109956741333008,0.258209228515625,0.579132080078125,-0.6309356689453125
1784804406974139392,19.119876623153687,0.4091949462890625,0.6490631103515625,-0.6232147216796875
1784804406984058368,19.12979555130005,0.6287994384765625,0.5345458984375,-0.6226806640625
1784804406993978624,19.139715671539307,0.745269775390625,0.4331817626953125,-0.7193450927734375
1784804407003898368,19.149635553359985,0.7241973876953125,0.5525970458984375,-0.7873077392578125
1784804407013817600,19.159554719924927,0.7720184326171875,0.73095703125,-0.916107177734375
1784804407023737344,19.169474601745605,0.739044189453125,0.9717559814453125,-0.9416046142578125
1784804407033656576,19.179393768310547,0.645751953125,1.037994384765625,-1.0567779541015625
1784804407043576576,19.189313650131226,0.669464111328125,1.1597137451171875,-1.036041259765625
1784804407053496576,19.199233770370483,0.7095794677734375,1.0571746826171875,-1.0006866455078125
1784804407063415552,19.209152698516846,0.6689605712890625,0.76214599609375,-1.0019683837890625
1784804407073335552,19.219072818756104,0.552734375,0.471954345703125,-0.8823699951171875
1784804407083254528,19.228991746902466,0.5030364990234375,0.0562286376953125,-0.8806915283203125
1784804407093174528,19.238911628723145,0.44635009765625,-0.29449462890625,-0.9412078857421875
1784804407103094528,19.248831748962402,0.443939208984375,-0.48785400390625,-1.0315704345703125
1784804407113013504,19.258750677108765,0.427764892578125,-0.4546356201171875,-1.1563873291015625
1784804407122933504,19.268670797348022,0.4044952392578125,-0.2085723876953125,-1.3797454833984375
1784804407132852480,19.278589725494385,0.445709228515625,0.066009521484375,-1.581878662109375
1784804407142772480,19.288509607315063,0.4909820556640625,0.2041778564453125,-1.5326385498046875
1784804407152692480,19.29842972755432,0.44952392578125,0.0767974853515625,-1.449859619140625
1784804407162611456,19.308348655700684,0.447601318359375,-0.2446441650390625,-1.4384765625
1784804407172531712,19.31826877593994,0.475982666015625,-0.5454559326171875,-1.4282684326171875
1784804407182450432,19.328187704086304,0.5216217041015625,-0.594696044921875,-1.503326416015625
1784804407192370688,19.33810782432556,0.506317138671875,-0.492279052734375,-1.538818359375
1784804407202290432,19.34802770614624,0.33709716796875,-0.583648681640625,-1.34600830078125
1784804407212209408,19.357946634292603,0.31524658203125,-0.7747802734375,-1.500518798828125
1784804407222129664,19.36786675453186,0.2679595947265625,-0.9418792724609375,-1.1563568115234375
1784804407232049408,19.37778663635254,0.284332275390625,-1.0995941162109375,-1.0378570556640625
1784804407241968640,19.38770580291748,0.267181396484375,-1.148468017578125,-1.0192413330078125
1784804407251888640,19.39762568473816,0.2668914794921875,-1.16510009765625,-1.1291656494140625
1784804407261807360,19.40754461288452,0.3093414306640625,-1.0961761474609375,-1.252593994140625
1784804407271727616,19.41746473312378,0.2566375732421875,-0.9983673095703125,-1.3022613525390625
1784804407281647360,19.427384614944458,0.18255615234375,-0.9489898681640625,-1.2185516357421875
1784804407291566592,19.4373037815094,0.20391845703125,-0.9634552001953125,-1.1312255859375
1784804407301486592,19.447223663330078,0.2819061279296875,-0.9857940673828125,-1.0674591064453125
1784804407311405312,19.45714259147644,0.3020172119140625,-0.9713592529296875,-1.017913818359375
1784804407321325568,19.4670627117157,0.2630462646484375,-0.9597930908203125,-1.0079803466796875
1784804407331244544,19.47698163986206,0.19915771484375,-0.9557647705078125,-1.0364837646484375
1784804407341164544,19.48690176010132,0.2044677734375,-0.996337890625,-1.0679779052734375
1784804407351084544,19.496821641921997,0.20294189453125,-1.026702880859375,-0.9911041259765625
1784804407361003520,19.50674080848694,0.1639404296875,-1.0210113525390625,-0.885986328125
1784804407370923520,19.516660690307617,0.21795654296875,-1.047210693359375,-0.9005279541015625
1784804407380843520,19.526580810546875,0.2515106201171875,-0.9598236083984375,-0.9979705810546875
1784804407390762496,19.536499738693237,0.1792755126953125,-0.871612548828125,-0.9955291748046875
1784804407400682496,19.546419620513916,0.13427734375,-0.9240570068359375,-0.9401092529296875
1784804407410601728,19.556338787078857,0.1423187255859375,-0.943695068359375,-0.931793212890625
1784804407420521472,19.566258668899536,0.15142822265625,-0.8780364990234375,-0.9017333984375
1784804407430441728,19.576178789138794,0.1548919677734375,-0.779052734375,-0.878021240234375
1784804407440360448,19.586097717285156,0.1284637451171875,-0.7841033935546875,-0.8364105224609375
1784804407450280448,19.596017599105835,0.1357879638671875,-0.8347015380859375,-0.8195648193359375
1784804407460199680,19.605936765670776,0.1243438720703125,-0.8235321044921875,-0.769989013671875
1784804407470119424,19.615856647491455,0.10614013671875,-0.820770263671875,-0.742401123046875
1784804407480039680,19.625776767730713,0.0914306640625,-0.813262939453125,-0.6850738525390625
1784804407489958400,19.635695695877075,0.077117919921875,-0.84027099609375,-0.6693878173828125
1784804407499878656,19.645615816116333,0.051177978515625,-0.8379669189453125,-0.668609619140625
1784804407509797632,19.655534744262695,0.02886962890625,-0.7959136962890625,-0.643890380859375
1784804407519717376,19.665454626083374,0.042877197265625,-0.7568206787109375,-0.611846923828125
1784804407529637632,19.675374746322632,0.02960205078125,-0.690460205078125,-0.62890625
1784804407539556608,19.685293674468994,-0.000244140625,-0.627532958984375,-0.6454620361328125
1784804407549476608,19.695213794708252,-0.0373687744140625,-0.6083221435546875,-0.6475372314453125
1784804407559395584,19.705132722854614,-0.0468597412109375,-0.607177734375,-0.6727294921875
1784804407569315328,19.715052604675293,-0.0711212158203125,-0.5843353271484375,-0.6892547607421875
1784804407579235584,19.72497272491455,-0.0752716064453125,-0.5223541259765625,-0.7515106201171875
1784804407589154560,19.734891653060913,-0.061126708984375,-0.4349822998046875,-0.817626953125
1784804407599074560,19.74481177330017,-0.0438385009765625,-0.32904052734375,-0.872894287109375
1784804407608993536,19.754730701446533,-0.0638580322265625,-0.2730712890625,-0.914886474609375
1784804407618913536,19.76465082168579,-0.10479736328125,-0.3512725830078125,-0.933990478515625
1784804407628833536,19.77457070350647,-0.10455322265625,-0.447723388671875,-0.882171630859375
1784804407638752512,19.784489631652832,-0.068634033203125,-0.4438934326171875,-0.8291473388671875
1784804407648672512,19.79440975189209,-0.093780517578125,-0.3643341064453125,-0.8031463623046875
1784804407658591488,19.804328680038452,-0.133880615234375,-0.3260345458984375,-0.8514404296875
1784804407668511744,19.81424880027771,-0.114959716796875,-0.317108154296875,-0.8590850830078125
1784804407678431488,19.82416868209839,-0.1372222900390625,-0.3798980712890625,-0.8536834716796875
1784804407688350464,19.83408761024475,-0.1831512451171875,-0.45574951171875,-0.8395233154296875
1784804407698270464,19.84400773048401,-0.2174072265625,-0.5119781494140625,-0.842437744140625
1784804407708189440,19.85392665863037,-0.229522705078125,-0.4953765869140625,-0.839202880859375
1784804407718109696,19.86384677886963,-0.210052490234375,-0.4144134521484375,-0.864044189453125
1784804407728029440,19.873766660690308,-0.2184600830078125,-0.30059814453125,-0.8508758544921875
1784804407737948416,19.88368558883667,-0.257598876953125,-0.2013397216796875,-0.8643341064453125
1784804407747868416,19.893605709075928,-0.3057098388671875,-0.125518798828125,-0.842437744140625
1784804407757787392,19.90352463722229,-0.3298492431640625,-0.084228515625,-0.811553955078125
1784804407767707648,19.913444757461548,-0.338775634765625,-0.0634613037109375,-0.7835235595703125
1784804407777627392,19.923364639282227,-0.308624267578125,-0.0377960205078125,-0.7668609619140625
1784804407787546624,19.933283805847168,-0.291015625,-0.0610809326171875,-0.759002685546875
1784804407797466624,19.943203687667847,-0.2766571044921875,-0.058380126953125,-0.7385711669921875
1784804407807385344,19.95312261581421,-0.286865234375,-0.023773193359375,-0.638763427734375
1784804407817305600,19.963042736053467,-0.304168701171875,0.0318603515625,-0.588836669921875
1784804407827225344,19.972962617874146,-0.2924041748046875,0.110931396484375,-0.5758514404296875
1784804407837144576,19.982881784439087,-0.3093719482421875,0.2012786865234375,-0.4527435302734375
1784804407847064576,19.992801666259766,-0.2803955078125,0.18536376953125,-0.3885345458984375
1784804407856983296,20.002720594406128,-0.20794677734375,0.117889404296875,-0.34332275390625
1784804407866903552,20.012640714645386,-0.1762847900390625,0.1005401611328125,-0.207366943359375
1784804407876823552,20.022560596466064,-0.063934326171875,0.1236724853515625,-0.2421722412109375
1784804407886742528,20.032479763031006,0.001190185546875,0.3389739990234375,-0.2854156494140625
1784804407896662528,20.042399644851685,0.0268402099609375,0.5703887939453125,-0.3352813720703125
1784804407906581760,20.052318811416626,0.0260772705078125,0.7040863037109375,-0.3980712890625
1784804407916501504,20.062238693237305,0.010162353515625,0.77581787109375,-0.3716583251953125
1784804407926421760,20.072158813476562,0.0213165283203125,0.7075958251953125,-0.24578857421875
1784804407936340480,20.082077741622925,0.0040130615234375,0.598358154296875,-0.0084686279296875
1784804407946260480,20.091997623443604,0.06964111328125,0.5167694091796875,0.2667236328125
1784804407956179712,20.101916790008545,0.1513671875,0.3839263916015625,0.2913818359375
1784804407966099456,20.111836671829224,0.2039642333984375,0.3373565673828125,0.130279541015625
1784804407976019712,20.12175679206848,0.24786376953125,0.370452880859375,0.0126800537109375
1784804407985938432,20.131675720214844,0.3040771484375,0.33209228515625,-0.003875732421875
1784804407995858432,20.141595602035522,0.3170623779296875,0.2369842529296875,0.2515411376953125
1784804408005777664,20.151514768600464,0.1652374267578125,-0.1502838134765625,0.376678466796875
1784804408015697408,20.161434650421143,-0.0627288818359375,-0.959075927734375,-1.84295654296875
1784804408025617664,20.1713547706604,0.38909912109375,-0.926849365234375,-1.9336395263671875
1784804408035536640,20.181273937225342,1.5587158203125,-0.141845703125,-2.2041168212890625
1784804408045456640,20.19119381904602,1.6641387939453125,0.18511962890625,-3.66619873046875
1784804408055375616,20.201112747192383,0.5722503662109375,0.3408355712890625,-3.925537109375
1784804408065295616,20.21103286743164,-0.3723907470703125,0.5186767578125,-3.0165863037109375
1784804408075215616,20.22095274925232,0.04302978515625,0.218505859375,-1.4180145263671875
1784804408085134848,20.23087191581726,0.627197265625,-0.23480224609375,-0.88031005859375
1784804408095054592,20.24079179763794,0.1120758056640625,-0.565826416015625,-0.3787689208984375
1784804408104973568,20.2507107257843,-0.8668975830078125,-0.4405517578125,-0.505615234375
1784804408114893568,20.26063084602356,-1.2942962646484375,0.383087158203125,-0.6755218505859375
1784804408124813568,20.27055072784424,-1.2714385986328125,1.0648956298828125,-0.941619873046875
1784804408134732800,20.28046989440918,-0.7725372314453125,0.9341583251953125,-1.0743255615234375
1784804408144652544,20.29038977622986,-0.157440185546875,0.2388916015625,-1.168548583984375
1784804408154571776,20.3003089427948,-0.054168701171875,-0.256439208984375,-1.1370849609375
1784804408164491776,20.31022882461548,-0.376739501953125,-0.1953582763671875,-0.99749755859375
1784804408174411776,20.320148944854736,-0.4059906005859375,-0.01873779296875,-1.2553253173828125
1784804408184330752,20.3300678730011,0.0179443359375,0.0761260986328125,-1.2766876220703125
1784804408194250496,20.339987754821777,0.195098876953125,0.2750091552734375,-1.2021331787109375
1784804408204169728,20.34990692138672,-0.057403564453125,0.40283203125,-1.1053924560546875
1784804408214089728,20.359826803207397,-0.2927398681640625,0.3348541259765625,-1.018280029296875
1784804408224009728,20.369746923446655,-0.2854461669921875,0.196502685546875,-0.91741943359375
1784804408233928704,20.379665851593018,-0.2420654296875,0.1115570068359375,-0.9362335205078125
1784804408243848448,20.389585733413696,-0.1815338134765625,0.0436859130859375,-1.14080810546875
1784804408253767680,20.399504899978638,-0.2333221435546875,0.02618408203125,-1.1443939208984375
1784804408263687680,20.409424781799316,-0.365234375,0.063323974609375,-1.0643310546875
1784804408273607680,20.419344902038574,-0.267242431640625,-0.0218048095703125,-1.075042724609375
1784804408283526656,20.429263830184937,-0.1049041748046875,-0.06842041015625,-1.041595458984375
1784804408293446656,20.439183950424194,-0.087890625,0.09210205078125,-1.01654052734375
1784804408303365632,20.449102878570557,0.0249481201171875,0.2137603759765625,-1.0113372802734375
1784804408313285632,20.459022760391235,0.0739288330078125,0.22332763671875,-0.975067138671875
1784804408323205632,20.468942880630493,-0.0037994384765625,0.1436309814453125,-0.99737548828125
1784804408333124608,20.478861808776855,-0.052154541015625,0.0557861328125,-0.9562835693359375
1784804408343044864,20.488781929016113,-0.117340087890625,0.0774993896484375,-0.968994140625
1784804408352963584,20.498700857162476,-0.0686187744140625,-0.025299072265625,-1.123321533203125
1784804408362883584,20.508620738983154,0.0084686279296875,-0.1612701416015625,-1.2561187744140625
1784804408372803584,20.518540859222412,0.0537567138671875,-0.2212371826171875,-1.2467803955078125
1784804408382722560,20.528459787368774,0.1300048828125,-0.083831787109375,-1.10858154296875
1784804408392642816,20.538379907608032,0.1457061767578125,0.1522369384765625,-0.989593505859375
1784804408402561792,20.548298835754395,0.0579376220703125,0.2298431396484375,-0.80609130859375
1784804408412481536,20.558218717575073,0.0705718994140625,0.2397308349609375,-0.812164306640625
1784804408422401792,20.56813883781433,0.1236114501953125,0.023101806640625,-0.9630889892578125
1784804408432320512,20.578057765960693,0.3393096923828125,-0.2672119140625,-1.06634521484375
1784804408442240768,20.58797788619995,0.532806396484375,-0.4982757568359375,-1.1107635498046875
1784804408452159744,20.597896814346313,0.5208587646484375,-0.43792724609375,-1.078643798828125
1784804408462079744,20.60781693458557,0.5013580322265625,-0.249969482421875,-0.9230194091796875
1784804408471999744,20.61773681640625,0.62371826171875,0.065155029296875,-0.973358154296875
1784804408481918464,20.627655744552612,0.62884521484375,0.1282501220703125,-0.8832550048828125
1784804408491838720,20.63757586479187,0.8061065673828125,0.132568359375,-0.94000244140625
1784804408501757696,20.647494792938232,0.929443359375,0.178192138671875,-1.0404052734375
1784804408511677696,20.65741491317749,1.0289154052734375,0.15655517578125,-1.1138916015625
1784804408521597696,20.66733479499817,1.04779052734375,0.092681884765625,-1.469573974609375
1784804408531516672,20.67725372314453,1.0460052490234375,0.3089141845703125,-1.44659423828125
1784804408541436672,20.68717384338379,1.1445159912109375,0.26055908203125,-1.0892181396484375
1784804408551355648,20.69709277153015,1.176422119140625,-0.1963958740234375,-1.1330108642578125
1784804408561275648,20.70701289176941,1.04107666015625,-0.4490966796875,-1.2960662841796875
1784804408571195648,20.716932773590088,0.8430328369140625,-0.4105377197265625,-1.472412109375
1784804408581114880,20.72685194015503,0.7082061767578125,-0.2319793701171875,-1.5732421875
1784804408591034624,20.736771821975708,0.4183502197265625,-0.1063995361328125,-1.6264495849609375
1784804408600954880,20.746691942214966,0.4586029052734375,-0.0078582763671875,-1.733123779296875
1784804408610873600,20.756610870361328,0.851806640625,0.29449462890625,-1.7589569091796875
1784804408620793600,20.766530752182007,0.763397216796875,0.575286865234375,-1.6625823974609375
1784804408630712832,20.77644991874695,0.7063140869140625,1.253692626953125,-1.335052490234375
1784804408640632576,20.786369800567627,1.4220733642578125,1.6848602294921875,-1.1377716064453125
1784804408650552832,20.796289920806885,1.577545166015625,1.600799560546875,-1.1554412841796875
1784804408660471552,20.806208848953247,1.6408233642578125,1.036865234375,-1.23687744140625
1784804408670391552,20.816128730773926,1.6808929443359375,0.374969482421875,-1.42681884765625
1784804408680310784,20.826047897338867,1.3968505859375,0.0621337890625,-1.4379119873046875
1784804408690230528,20.835967779159546,1.008270263671875,-0.0577392578125,-1.1551971435546875
1784804408700150784,20.845887899398804,0.3992156982421875,-1.0414886474609375,-0.35186767578125
1784804408710069760,20.855806827545166,0.034271240234375,-2.1074676513671875,-0.7180328369140625
1784804408719989760,20.865726947784424,0.191650390625,-2.5068817138671875,-0.6765594482421875
1784804408729908736,20.875645875930786,0.701416015625,-2.7531585693359375,-0.8074188232421875
1784804408739828480,20.885565757751465,1.276458740234375,-2.5906219482421875,-1.0475616455078125
1784804408749748736,20.895485877990723,1.8695220947265625,-2.0316162109375,-1.1515655517578125
1784804408759667712,20.905404806137085,2.245574951171875,-1.6885986328125,-1.3972930908203125
1784804408769587712,20.915324926376343,2.222564697265625,-1.464080810546875,-1.3973846435546875
1784804408779506688,20.925243854522705,2.16497802734375,-1.5275726318359375,-1.5064849853515625
1784804408789426688,20.935163736343384,2.14617919921875,-1.671295166015625,-1.5491485595703125
1784804408799346688,20.94508385658264,2.1873779296875,-1.6976776123046875,-1.6179351806640625
1784804408809265664,20.955002784729004,2.1020355224609375,-1.9553985595703125,-1.720611572265625
1784804408819185664,20.96492290496826,2.2080535888671875,-2.149169921875,-1.595123291015625
1784804408829104640,20.974841833114624,2.5144500732421875,-2.119720458984375,-1.5430450439453125
1784804408839024640,20.984761714935303,2.918182373046875,-2.095947265625,-1.407806396484375
1784804408848944640,20.99468183517456,3.14935302734375,-2.1011962890625,-0.9798583984375
1784804408858863616,21.004600763320923,3.23370361328125,-2.1313018798828125,-0.410491943359375
1784804408868783616,21.01452088356018,3.2996368408203125,-2.2176666259765625,0.0691986083984375
1784804408878702592,21.024439811706543,3.4008636474609375,-2.2912445068359375,0.47052001953125
1784804408888622848,21.0343599319458,3.5823211669921875,-2.1644134521484375,0.829376220703125
1784804408898542592,21.04427981376648,3.7653961181640625,-1.908721923828125,0.96612548828125
1784804408908461568,21.054198741912842,3.907135009765625,-1.916656494140625,1.018463134765625
1784804408918381568,21.0641188621521,4.03924560546875,-2.00347900390625,1.1446075439453125
1784804408928300544,21.074037790298462,4.1597442626953125,-1.8755950927734375,1.475799560546875
1784804408938220800,21.08395791053772,4.272003173828125,-1.788787841796875,1.972991943359375
1784804408948140544,21.0938777923584,4.3833770751953125,-1.9548797607421875,2.018768310546875
1784804408958059520,21.10379672050476,4.4539031982421875,-2.1781158447265625,1.868621826171875
1784804408967979776,21.11371684074402,4.6197357177734375,-2.5310821533203125,1.972930908203125
1784804408977898496,21.12363576889038,4.894317626953125,-2.756072998046875,2.3339080810546875
1784804408987818752,21.13355588912964,5.1983795166015625,-2.671661376953125,2.7627410888671875
1784804408997738496,21.143475770950317,5.4051513671875,-2.6885833740234375,2.9662628173828125
1784804409007657728,21.15339493751526,5.217559814453125,-2.7610931396484375,3.0683746337890625
1784804409017577728,21.163314819335938,5.116485595703125,-2.7978057861328125,2.80340576171875
1784804409027496960,21.173234224319458,5.42462158203125,-2.3726806640625,2.2402496337890625
1784804409037416960,21.183154106140137,15.310317993164062,14.484512329101562,6.70196533203125
1784804409047336960,21.193074226379395,-0.50970458984375,5.256622314453125,2.8168182373046875
1784804409057255936,21.202993154525757,3.8111724853515625,5.710357666015625,0.5719451904296875
1784804409067176192,21.212913274765015,0.3791961669921875,2.9207305908203125,-0.0377349853515625
1784804409077095936,21.222833156585693,2.7508392333984375,0.58270263671875,1.65545654296875
1784804409087014912,21.232752084732056,4.9017181396484375,0.2838897705078125,2.00067138671875
1784804409096934912,21.242672204971313,4.588653564453125,2.279998779296875,1.726593017578125
1784804409106853888,21.252591133117676,3.5524444580078125,4.18865966796875,0.7204132080078125
1784804409116774144,21.262511253356934,2.1804046630859375,4.9985504150390625,0.4102935791015625
1784804409126693888,21.272431135177612,0.22296142578125,5.050445556640625,0.255889892578125
1784804409136612864,21.282350063323975,0.0612335205078125,3.3219757080078125,0.691131591796875
1784804409146533120,21.292270183563232,-0.95989990234375,1.2843017578125,0.861907958984375
1784804409156451840,21.302189111709595,0.0238494873046875,0.9941558837890625,1.158050537109375
1784804409166372096,21.312109231948853,1.359832763671875,1.2032012939453125,1.2233734130859375
1784804409176291840,21.32202911376953,0.6748809814453125,1.416839599609375,0.922760009765625
1784804409186211072,21.331948280334473,0.9800262451171875,1.9758453369140625,1.08795166015625
1784804409196131072,21.34186816215515,0.9139862060546875,3.0580902099609375,1.1971435546875
1784804409206049792,21.351787090301514,1.0678558349609375,2.8006134033203125,0.5933837890625
1784804409215970048,21.36170721054077,0.79388427734375,2.367523193359375,0.622283935546875
1784804409225890048,21.37162709236145,0.5154571533203125,1.420501708984375,0.408050537109375
1784804409235809024,21.38154625892639,-0.1845703125,1.425933837890625,0.7108917236328125
1784804409245729024,21.39146614074707,0.7712860107421875,0.9432830810546875,0.72161865234375
1784804409255648000,21.401385068893433,1.30029296875,1.214080810546875,0.2348175048828125
1784804409265568000,21.41130518913269,-0.29058837890625,1.9190826416015625,-0.679351806640625
1784804409275488000,21.42122507095337,-0.7594146728515625,2.3157501220703125,-0.514495849609375
1784804409285406976,21.43114423751831,0.935882568359375,1.3175506591796875,-0.1154632568359375
1784804409295326976,21.44106411933899,0.789215087890625,1.20477294921875,0.3307037353515625
1784804409305245952,21.45098304748535,0.5197601318359375,1.3553009033203125,0.58343505859375
1784804409315165952,21.46090316772461,0.1977996826171875,1.3896484375,0.3475189208984375
1784804409325085952,21.470823049545288,0.7816619873046875,1.2253875732421875,0.5785064697265625
1784804409335004928,21.48074221611023,0.932891845703125,0.8068695068359375,0.6551361083984375
1784804409344924928,21.490662097930908,1.4826507568359375,0.23956298828125,0.6360321044921875
1784804409354844160,21.50058126449585,1.360076904296875,0.6973114013671875,0.7137451171875
1784804409364763904,21.51050114631653,1.8256683349609375,0.24267578125,-0.14959716796875
1784804409374684160,21.520421266555786,1.433685302734375,0.4034271240234375,-0.22998046875
1784804409384603136,21.53034019470215,1.3000640869140625,0.893463134765625,-0.8257904052734375
1784804409394522880,21.540260076522827,1.3791961669921875,1.29730224609375,-0.7780609130859375
1784804409404442112,21.55017924308777,1.0217437744140625,1.2059478759765625,-0.8598175048828125
1784804409414361856,21.560099124908447,0.2776947021484375,1.035675048828125,-0.466339111328125
1784804409424282112,21.570019245147705,0.0972747802734375,0.8126220703125,-0.3008575439453125
1784804409434201088,21.579938173294067,0.2470855712890625,0.7137298583984375,-0.3541717529296875
1784804409444120832,21.589858055114746,1.0529022216796875,0.4513092041015625,-0.190216064453125
1784804409454040064,21.599777221679688,0.9021759033203125,0.8031463623046875,-0.0789031982421875
1784804409463959808,21.609697103500366,0.9252777099609375,0.6225433349609375,-0.113372802734375
1784804409473880064,21.619617223739624,0.8030242919921875,0.558380126953125,-0.290771484375
1784804409483799040,21.629536151885986,0.6336212158203125,0.4604339599609375,-0.294586181640625
1784804409493719040,21.639456272125244,0.55712890625,0.5525970458984375,-0.4240570068359375
1784804409503638016,21.649375200271606,0.627716064453125,0.8695068359375,-0.64727783203125
1784804409513558016,21.659295082092285,0.5540924072265625,1.228057861328125,-0.89453125
1784804409523478016,21.669215202331543,0.58404541015625,1.3474578857421875,-0.9722900390625
1784804409533396992,21.679134130477905,0.5623626708984375,0.7380523681640625,-0.765350341796875
1784804409543316992,21.689054250717163,0.334747314453125,0.27374267578125,-0.431976318359375
1784804409553236992,21.698974132537842,0.423858642578125,0.21063232421875,-0.3376312255859375
1784804409563155968,21.708893060684204,0.5414276123046875,0.1752471923828125,-0.33538818359375
1784804409573075968,21.718813180923462,0.3856201171875,0.4347686767578125,-0.343994140625
1784804409582994944,21.728732109069824,0.4444427490234375,0.7297821044921875,-0.2790985107421875
1784804409592914944,21.738652229309082,0.44256591796875,0.72784423828125,-0.456085205078125
1784804409602834944,21.74857211112976,0.39947509765625,0.7186279296875,-0.43353271484375
1784804409612754176,21.758491277694702,0.4678192138671875,0.5778656005859375,-0.502349853515625
1784804409622673920,21.76841115951538,0.41851806640625,0.55987548828125,-0.52197265625
1784804409632592896,21.778330087661743,0.493743896484375,0.4693756103515625,-0.5771942138671875
1784804409642513152,21.788250207901,0.3700408935546875,0.498138427734375,-0.5979156494140625
1784804409652432896,21.79817008972168,0.3924560546875,0.6223297119140625,-0.7124786376953125
1784804409662352128,21.80808925628662,0.4409332275390625,0.8575897216796875,-0.6343231201171875
1784804409672271872,21.8180091381073,0.391632080078125,0.9025115966796875,-0.58526611328125
1784804409682190848,21.827928066253662,0.39483642578125,0.7860260009765625,-0.5444488525390625
1784804409692111104,21.83784818649292,0.380218505859375,0.701629638671875,-0.5497894287109375
1784804409702030848,21.8477680683136,0.4747467041015625,0.748992919921875,-0.6307830810546875
1784804409711950080,21.85768723487854,0.329864501953125,0.879608154296875,-0.6171722412109375
1784804409721869824,21.86760711669922,0.5600433349609375,0.8645172119140625,-0.795166015625
1784804409731789056,21.87752628326416,0.5622406005859375,0.7669219970703125,-0.7460174560546875
1784804409741709056,21.88744616508484,0.3319244384765625,0.6964263916015625,-0.865509033203125
1784804409751629056,21.897366285324097,0.3989105224609375,0.7159576416015625,-0.8851776123046875
1784804409761548032,21.90728521347046,0.5453033447265625,0.703033447265625,-0.955108642578125
1784804409771468032,21.917205095291138,0.528076171875,0.877105712890625,-0.8278656005859375
1784804409781387008,21.92712426185608,0.500640869140625,0.998321533203125,-0.816802978515625
1784804409791307008,21.937044143676758,0.3905029296875,0.976043701171875,-0.7621002197265625
1784804409801227008,21.946964263916016,0.4945220947265625,0.6755218505859375,-0.8521881103515625
1784804409811145984,21.956883192062378,0.4396820068359375,0.5862884521484375,-0.7704315185546875
1784804409821065984,21.966803073883057,0.374298095703125,0.5625,-0.763092041015625
1784804409830984960,21.976722240447998,0.365142822265625,0.5644683837890625,-0.7171630859375
1784804409840904960,21.986642122268677,0.4850006103515625,0.4707794189453125,-0.7541351318359375
1784804409850824960,21.996562242507935,0.385711669921875,0.39459228515625,-0.6866607666015625
1784804409860743936,22.006481170654297,0.3677520751953125,0.35211181640625,-0.7231292724609375
1784804409870663936,22.016401052474976,0.2697601318359375,0.3125457763671875,-0.721954345703125
1784804409880583168,22.026320219039917,0.3837738037109375,0.4358367919921875,-0.6763763427734375
1784804409890502912,22.036240100860596,0.415618896484375,0.4432373046875,-0.7938385009765625
1784804409900423168,22.046160221099854,0.3047332763671875,0.50592041015625,-0.8150177001953125
1784804409910341888,22.056079149246216,0.325958251953125,0.48394775390625,-0.8396759033203125
1784804409920262144,22.065999269485474,0.3875274658203125,0.40118408203125,-0.847198486328125
1784804409930181888,22.075919151306152,0.3696441650390625,0.4481353759765625,-0.799468994140625
1784804409940100864,22.085838079452515,0.292022705078125,0.43017578125,-0.89617919921875
1784804409950021120,22.095758199691772,0.346527099609375,0.4833526611328125,-0.8307647705078125
1784804409959939840,22.105677127838135,0.429229736328125,0.4698028564453125,-0.8604888916015625
1784804409969860096,22.115597248077393,0.4253997802734375,0.41387939453125,-0.832183837890625
1784804409979779840,22.12551712989807,0.3348846435546875,0.4156036376953125,-0.8117523193359375
1784804409989698816,22.135436058044434,0.3612213134765625,0.4876861572265625,-0.8851165771484375
1784804409999619072,22.14535617828369,0.4000396728515625,0.5630340576171875,-0.9327239990234375
1784804410009538048,22.155275106430054,0.33575439453125,0.62451171875,-0.912811279296875
1784804410019458048,22.16519522666931,0.3986053466796875,0.586456298828125,-0.9376068115234375
1784804410029378816,22.175116062164307,0.3156585693359375,0.548126220703125,-0.8824462890625
1784804410039297792,22.18503499031067,0.478424072265625,0.4745635986328125,-0.8925018310546875
1784804410049217792,22.194954872131348,0.4478607177734375,0.4881439208984375,-0.9027099609375
1784804410059136768,22.20487403869629,0.3655548095703125,0.4550323486328125,-0.984130859375
1784804410069056768,22.214793920516968,0.2774810791015625,0.4666748046875,-0.99139404296875
1784804410078976768,22.224714040756226,0.3519744873046875,0.5015411376953125,-1.0414886474609375
1784804410088895744,22.234632968902588,0.312957763671875,0.4853668212890625,-1.0515289306640625
1784804410098815744,22.244552850723267,0.2940521240234375,0.4320220947265625,-1.041900634765625
1784804410108734720,22.254472017288208,0.3482666015625,0.3992767333984375,-1.03057861328125
1784804410118654720,22.264391899108887,0.353607177734375,0.4568634033203125,-1.0094146728515625
1784804410128574976,22.274312019348145,0.38690185546875,0.3780670166015625,-1.0595550537109375
1784804410138493696,22.284230947494507,0.3466033935546875,0.3986663818359375,-1.0543670654296875
1784804410148413952,22.294151067733765,0.3162384033203125,0.3900146484375,-1.130584716796875
1784804410158332928,22.304069995880127,0.2780609130859375,0.4438323974609375,-1.1536865234375
1784804410168252672,22.313989877700806,0.327789306640625,0.4303436279296875,-1.143768310546875
1784804410178172928,22.323909997940063,0.3168182373046875,0.4039764404296875,-1.1504669189453125
1784804410188091648,22.333828926086426,0.318878173828125,0.3980865478515625,-1.10089111328125
1784804410198011904,22.343749046325684,0.237762451171875,0.460968017578125,-1.051483154296875
1784804410207931648,22.353668928146362,0.31512451171875,0.4921722412109375,-1.0936431884765625
1784804410217850624,22.363587856292725,0.3035125732421875,0.535980224609375,-1.03155517578125
1784804410227770880,22.373507976531982,0.3647003173828125,0.4603118896484375,-1.0419921875
1784804410237689856,22.383426904678345,0.309783935546875,0.446380615234375,-0.9822998046875
1784804410247609856,22.393347024917603,0.2872314453125,0.4039764404296875,-0.9503936767578125
1784804410257529856,22.40326690673828,0.3282928466796875,0.3439788818359375,-0.9320526123046875
1784804410267448832,22.413186073303223,0.2619476318359375,0.26251220703125,-0.905242919921875
1784804410277368832,22.4231059551239,0.2101898193359375,0.279083251953125,-0.830169677734375
1784804410287287808,22.433024883270264,0.2135772705078125,0.3014678955078125,-0.720550537109375
1784804410297207808,22.44294500350952,0.178680419921875,0.3150787353515625,-0.603912353515625
1784804410307127808,22.4528648853302,0.2493743896484375,0.3351898193359375,-0.5196533203125
1784804410317046784,22.46278405189514,0.2594757080078125,0.3661956787109375,-0.433685302734375
1784804410326966784,22.47270393371582,0.22637939453125,0.38140869140625,-0.3486480712890625
1784804410336885760,22.482622861862183,0.18408203125,0.3886566162109375,-0.24639892578125
1784804410346805760,22.49254298210144,0.1774749755859375,0.2242279052734375,-0.1725921630859375
1784804410356725760,22.50246286392212,0.1268768310546875,0.124053955078125,-0.0184173583984375
1784804410366644736,22.51238203048706,0.1461944580078125,0.11224365234375,0.0086212158203125
1784804410376564736,22.52230191230774,0.1044158935546875,0.2971343994140625,0.0159149169921875
1784804410386483712,22.5322208404541,0.07501220703125,0.4606170654296875,-0.0623779296875
1784804410396403712,22.54214096069336,0.014251708984375,0.3805999755859375,-0.159271240234375
1784804410406323712,22.552060842514038,0.09454345703125,0.255645751953125,-0.239593505859375
1784804410416242944,22.56198000907898,0.1627044677734375,0.2728118896484375,-0.273040771484375
1784804410426162688,22.571899890899658,0.230072021484375,0.334808349609375,-0.3428802490234375
1784804410436082944,22.581820011138916,0.312286376953125,0.5087738037109375,-0.4383392333984375
1784804410446001664,22.59173893928528,0.3389739990234375,0.7504425048828125,-0.4937591552734375
1784804410455921920,22.601659059524536,0.2656707763671875,0.8006439208984375,-0.519012451171875
1784804410465840896,22.6115779876709,0.23870849609375,0.64495849609375,-0.5855865478515625
1784804410475760640,22.621497869491577,0.2858123779296875,0.4979248046875,-0.600067138671875
1784804410485680896,22.631417989730835,0.336822509765625,0.3829498291015625,-0.585296630859375
1784804410495599872,22.641336917877197,0.387664794921875,0.2734222412109375,-0.5944671630859375
1784804410505519872,22.651257038116455,0.372161865234375,0.254364013671875,-0.6149749755859375
1784804410515438848,22.661175966262817,0.421844482421875,0.2216339111328125,-0.7380523681640625
1784804410525358592,22.671095848083496,0.31494140625,0.1992645263671875,-0.810028076171875
1784804410535278848,22.681015968322754,0.3009185791015625,0.1948699951171875,-0.88677978515625
1784804410545197824,22.690934896469116,0.2928924560546875,0.24761962890625,-0.976226806640625
1784804410555117824,22.700855016708374,0.2564239501953125,0.609100341796875,-0.950408935546875
1784804410565036800,22.710773944854736,0.3643035888671875,0.64666748046875,-1.15155029296875
1784804410574956800,22.720694065093994,0.3014984130859375,0.6989593505859375,-1.1414337158203125
1784804410584876800,22.730613946914673,0.2890472412109375,0.6541290283203125,-1.199188232421875
1784804410594795776,22.740532875061035,0.3912200927734375,0.456878662109375,-1.182098388671875
1784804410604715776,22.750452995300293,0.4243927001953125,0.3919219970703125,-1.0861053466796875
1784804410614635776,22.76037287712097,0.3629150390625,0.27392578125,-1.0968780517578125
1784804410624554752,22.770292043685913,0.3011474609375,0.2766876220703125,-1.059173583984375
1784804410634474752,22.780211925506592,0.203582763671875,0.235443115234375,-1.089508056640625
1784804410644393728,22.790130853652954,0.0204925537109375,0.1744537353515625,-1.2155914306640625
1784804410654313728,22.800050973892212,0.1074981689453125,0.1042938232421875,-1.29400634765625
1784804410664233728,22.80997085571289,0.2219696044921875,0.0391693115234375,-1.3434906005859375
1784804410674152960,22.819890022277832,0.22625732421875,0.0395355224609375,-1.357818603515625
1784804410684072704,22.82980990409851,0.103851318359375,0.161865234375,-1.246826171875
1784804410693991936,22.839729070663452,0.303253173828125,0.2097015380859375,-1.28271484375
1784804410703911680,22.84964895248413,0.5206146240234375,0.2099609375,-1.3619384765625
1784804410713831936,22.85956907272339,0.5533905029296875,0.299102783203125,-1.3042144775390625
1784804410723750912,22.86948800086975,0.6555328369140625,0.2922210693359375,-1.361968994140625
1784804410733670656,22.87940788269043,0.68011474609375,0.2433013916015625,-1.4004974365234375
1784804410743589888,22.88932704925537,0.7520294189453125,0.18328857421875,-1.4467620849609375
1784804410753509632,22.89924693107605,0.786834716796875,0.0903472900390625,-1.4402313232421875
1784804410763429888,22.909167051315308,0.76727294921875,0.0282745361328125,-1.3656768798828125
1784804410773348864,22.91908597946167,0.7046051025390625,0.1483306884765625,-1.296722412109375
1784804410783268608,22.92900586128235,0.5954132080078125,0.3109893798828125,-1.2342681884765625
1784804410793188864,22.938925981521606,0.46551513671875,0.3462371826171875,-1.158355712890625
1784804410803107840,22.94884490966797,0.389801025390625,0.252197265625,-1.0851287841796875
1784804410813027840,22.958765029907227,0.3614654541015625,0.18896484375,-1.0592803955078125
1784804410822946816,22.96868395805359,0.411376953125,0.2533416748046875,-1.127838134765625
1784804410832866560,22.978603839874268,0.4897003173828125,0.1465301513671875,-1.269012451171875
1784804410842786816,22.988523960113525,0.545654296875,-0.0432281494140625,-1.227508544921875
1784804410852705792,22.998442888259888,0.4635162353515625,0.028106689453125,-1.1532745361328125
1784804410862625792,23.008363008499146,0.384765625,0.2898101806640625,-1.1905975341796875
1784804410872544768,23.018281936645508,0.2838134765625,0.5182037353515625,-1.160797119140625
1784804410882464768,23.028202056884766,0.2308502197265625,0.5290374755859375,-1.1800537109375
1784804410892384768,23.038121938705444,0.30999755859375,0.454742431640625,-1.1330718994140625
1784804410902303744,23.048040866851807,0.3641204833984375,0.3484649658203125,-1.08856201171875
1784804410912223744,23.057960987091064,0.3379364013671875,0.3276519775390625,-1.0880279541015625
1784804410922142720,23.067879915237427,0.3014984130859375,0.2882843017578125,-1.0949554443359375
1784804410932062976,23.077800035476685,0.3016204833984375,0.22479248046875,-1.064178466796875
1784804410941982720,23.087719917297363,0.346405029296875,0.1154022216796875,-1.0431976318359375
1784804410951901696,23.097638845443726,0.287139892578125,0.1422882080078125,-0.9993743896484375
1784804410961821696,23.107558965682983,0.208648681640625,0.3087615966796875,-0.97900390625
1784804410971741696,23.117478847503662,0.210205078125,0.44476318359375,-1.035400390625
1784804410981660928,23.127398014068604,0.2134857177734375,0.4633026123046875,-1.025970458984375
1784804410991580672,23.137317895889282,0.228485107421875,0.382110595703125,-1.0046539306640625
1784804411001499904,23.147237062454224,0.19512939453125,0.2796478271484375,-0.9670562744140625
1784804411011419648,23.157156944274902,0.1920928955078125,0.2438201904296875,-0.894439697265625
1784804411021339904,23.16707706451416,0.1576080322265625,0.201080322265625,-0.7719268798828125
1784804411031258368,23.176995515823364,0.1452178955078125,0.1291961669921875,-0.65606689453125
1784804411041178368,23.186915636062622,0.146148681640625,0.07232666015625,-0.5460968017578125
1784804411051097344,23.196834564208984,0.165374755859375,0.0679779052734375,-0.4865875244140625
1784804411061017344,23.206754446029663,0.1585540771484375,0.0858154296875,-0.4288787841796875
1784804411070937344,23.21667456626892,0.1077728271484375,0.20733642578125,-0.356597900390625
1784804411080856320,23.226593494415283,0.0704803466796875,0.3392181396484375,-0.343994140625
1784804411090776320,23.23651361465454,0.0383148193359375,0.379180908203125,-0.3377838134765625
1784804411100695296,23.246432542800903,0.0697021484375,0.3699951171875,-0.3368377685546875
1784804411110615296,23.256352424621582,0.0760498046875,0.337738037109375,-0.25592041015625
1784804411120535296,23.26627254486084,0.0881805419921875,0.2589874267578125,-0.1968536376953125
1784804411130454272,23.276191473007202,0.0879058837890625,0.24371337890625,-0.2104339599609375
1784804411140374528,23.28611159324646,0.12274169921875,0.308074951171875,-0.274444580078125
1784804411150294272,23.29603147506714,0.1766204833984375,0.21551513671875,-0.3667755126953125
1784804411160213504,23.30595064163208,0.22015380859375,0.0369110107421875,-0.3560638427734375
1784804411170133248,23.31587052345276,0.2324371337890625,-0.1644439697265625,-0.267578125
1784804411180052224,23.32578945159912,0.2725677490234375,-0.270263671875,-0.2804718017578125
1784804411189972480,23.33570957183838,0.36187744140625,-0.1475372314453125,-0.3269195556640625
1784804411199892224,23.345629453659058,0.45172119140625,0.1428985595703125,-0.4282684326171875
1784804411209811456,23.355548620224,0.398681640625,0.4121246337890625,-0.5183563232421875
1784804411219731456,23.365468502044678,0.31292724609375,0.4852752685546875,-0.6470794677734375
1784804411229650176,23.37538743019104,0.321136474609375,0.4022369384765625,-0.828948974609375
1784804411239570432,23.385307550430298,0.3738555908203125,0.3092498779296875,-0.9410552978515625
1784804411249490176,23.395227432250977,0.4036407470703125,0.223175048828125,-1.0055389404296875
1784804411259409408,23.405146598815918,0.3777313232421875,0.1670989990234375,-1.080535888671875
1784804411269329408,23.415066480636597,0.32275390625,0.1026763916015625,-1.11981201171875
1784804411279248384,23.424985647201538,0.217620849609375,0.0890655517578125,-1.166961669921875
1784804411289168384,23.434905529022217,0.2022705078125,0.118682861328125,-1.257110595703125
1784804411299088384,23.444825649261475,0.272125244140625,0.162017822265625,-1.2979278564453125
1784804411309007360,23.454744577407837,0.3189697265625,0.230804443359375,-1.306854248046875
1784804411318927360,23.464664459228516,0.323150634765625,0.29339599609375,-1.3819732666015625
1784804411328847360,23.474584579467773,0.2896881103515625,0.35296630859375,-1.450714111328125
1784804411338766336,23.484503507614136,0.2694091796875,0.3837890625,-1.5416717529296875
1784804411348686336,23.494423627853394,0.228790283203125,0.33428955078125,-1.5511016845703125
1784804411358605312,23.504342555999756,0.110595703125,0.219390869140625,-1.5326080322265625
1784804411368525312,23.514262437820435,0.0844573974609375,0.1584014892578125,-1.5276031494140625
1784804411378445312,23.524182558059692,0.1072845458984375,0.1883544921875,-1.4614715576171875
1784804411388364288,23.534101486206055,0.17486572265625,0.147705078125,-1.4663238525390625
1784804411398284544,23.544021606445312,0.1905059814453125,0.1316680908203125,-1.4236297607421875
1784804411408203264,23.553940534591675,0.1887969970703125,0.161407470703125,-1.3603057861328125
1784804411418123520,23.563860654830933,0.2046966552734375,0.13592529296875,-1.346160888671875
1784804411428043264,23.57378053665161,0.233734130859375,0.145172119140625,-1.266845703125
1784804411437962240,23.583699464797974,0.26068115234375,0.14093017578125,-1.21337890625
1784804411447882496,23.59361958503723,0.283172607421875,0.1550750732421875,-1.22198486328125
1784804411457802240,23.60353946685791,0.4005889892578125,0.0576324462890625,-1.2721405029296875
1784804411467721472,23.61345863342285,0.432769775390625,-0.04681396484375,-1.2684478759765625
1784804411477641472,23.62337851524353,0.549652099609375,-0.0523681640625,-1.2654876708984375
1784804411487560192,23.633297443389893,0.626617431640625,-0.029266357421875,-1.2851715087890625
1784804411497480448,23.64321756362915,0.62713623046875,0.0260467529296875,-1.2662200927734375
1784804411507400192,23.65313744544983,0.5728759765625,0.13958740234375,-1.20361328125
1784804411517319424,23.66305661201477,0.4738006591796875,0.276824951171875,-1.199554443359375
1784804411527239424,23.67297649383545,0.3499755859375,0.31842041015625,-1.173370361328125
1784804411537158400,23.68289566040039,0.322967529296875,0.253662109375,-1.17816162109375
1784804411547078400,23.69281554222107,0.3641357421875,0.1231231689453125,-1.11566162109375
1784804411556998144,23.702735424041748,0.3356475830078125,0.1487274169921875,-1.0642242431640625
1784804411566917376,23.71265459060669,0.3136138916015625,0.290496826171875,-1.0479736328125
1784804411576837376,23.722574472427368,0.291473388671875,0.278656005859375,-1.0194244384765625
1784804411586756352,23.73249363899231,0.2770843505859375,0.3179779052734375,-1.0059661865234375
1784804411596676352,23.74241352081299,0.24725341796875,0.3759307861328125,-1.007781982421875
1784804411606596352,23.752333641052246,0.2395782470703125,0.355499267578125,-1.0565948486328125
1784804411616515328,23.76225256919861,0.1983489990234375,0.2882537841796875,-1.1008758544921875
1784804411626435328,23.772172451019287,0.16229248046875,0.185089111328125,-1.1076202392578125
1784804411636355328,23.782092571258545,0.19256591796875,0.131622314453125,-1.105438232421875
1784804411646274304,23.792011499404907,0.17449951171875,0.07623291015625,-1.1000518798828125
1784804411656194560,23.801931619644165,0.1337738037109375,0.0143585205078125,-1.0805816650390625
1784804411666113280,23.811850547790527,0.0696563720703125,-0.0495147705078125,-1.0303192138671875
1784804411676033280,23.821770429611206,0.0719451904296875,-0.0316925048828125,-0.9675445556640625
1784804411685953280,23.831690549850464,0.0977325439453125,0.0920562744140625,-0.990081787109375
1784804411695872256,23.841609477996826,0.1058807373046875,0.260589599609375,-0.981597900390625
1784804411705792512,23.851529598236084,0.07379150390625,0.300262451171875,-0.9539794921875
1784804411715711232,23.861448526382446,0.047149658203125,0.1913604736328125,-0.9175567626953125
1784804411725631488,23.871368646621704,0.058074951171875,0.15789794921875,-0.979705810546875
1784804411735551232,23.881288528442383,-0.01458740234375,0.2186126708984375,-1.0616455078125
1784804411745470208,23.891207456588745,0.012603759765625,0.3071441650390625,-1.1310577392578125
1784804411755390464,23.901127576828003,0.04010009765625,0.381988525390625,-1.1689605712890625
1784804411765310208,23.91104745864868,0.0510406494140625,0.4373626708984375,-1.1538543701171875
1784804411775229440,23.920966625213623,0.0238800048828125,0.393890380859375,-1.1285858154296875
1784804411785149440,23.9308865070343,-0.0212554931640625,0.2508697509765625,-1.1072235107421875
1784804411795068160,23.940805435180664,-0.0045928955078125,0.1707305908203125,-1.02313232421875
1784804411804988416,23.950725555419922,-0.02667236328125,0.163848876953125,-1.0316162109375
1784804411814908160,23.9606454372406,-0.0025177001953125,0.218048095703125,-0.9867706298828125
1784804411824827392,23.970564603805542,-0.029876708984375,0.225830078125,-0.9430084228515625
1784804411834747392,23.98048448562622,-0.044830322265625,0.203216552734375,-0.8880462646484375
1784804411844666368,23.990403652191162,-0.04345703125,0.18511962890625,-0.82763671875
1784804411854586368,24.00032353401184,-0.0406341552734375,0.1739654541015625,-0.7730255126953125
1784804411864506368,24.0102436542511,-0.0438385009765625,0.1901397705078125,-0.734710693359375
1784804411874425344,24.02016258239746,-0.0245208740234375,0.2723541259765625,-0.7063751220703125
1784804411884345344,24.03008246421814,-0.0323638916015625,0.341552734375,-0.690582275390625
1784804411894264576,24.04000163078308,-0.068695068359375,0.328826904296875,-0.695709228515625
1784804411904184320,24.04992151260376,-0.0807952880859375,0.319580078125,-0.620941162109375
1784804411914104576,24.059841632843018,-0.0734710693359375,0.2626495361328125,-0.5754547119140625
1784804411924023296,24.06976056098938,-0.0722198486328125,0.2453460693359375,-0.52813720703125
1784804411933943296,24.07968044281006,-0.066802978515625,0.2403411865234375,-0.47454833984375
1784804411943863296,24.089600563049316,-0.0950775146484375,0.2424163818359375,-0.4358978271484375
1784804411953782272,24.09951949119568,-0.1112213134765625,0.2780609130859375,-0.45263671875
1784804411963702528,24.109439611434937,-0.0990142822265625,0.3368682861328125,-0.4610595703125
1784804411973621248,24.1193585395813,-0.090179443359375,0.4075469970703125,-0.4886627197265625
1784804411983541504,24.129278659820557,-0.118255615234375,0.4808349609375,-0.54217529296875
1784804411993461248,24.139198541641235,-0.1179656982421875,0.4722747802734375,-0.5976104736328125
1784804412003380224,24.149117469787598,-0.15924072265625,0.4346771240234375,-0.6037750244140625
1784804412013300480,24.159037590026855,-0.1806640625,0.4117431640625,-0.5985565185546875
1784804412023219456,24.168956518173218,-0.1756134033203125,0.4062957763671875,-0.5836639404296875
1784804412033138688,24.17887592315674,-0.1639862060546875,0.36785888671875,-0.5908203125
1784804412043058944,24.188796043395996,-0.1423492431640625,0.2408905029296875,-0.599700927734375
1784804412052977920,24.19871497154236,-0.0787811279296875,0.098388671875,-0.62066650390625
1784804412062897664,24.208634853363037,-0.1085052490234375,0.0167694091796875,-0.6375579833984375
1784804412072816896,24.21855401992798,-0.0792083740234375,0.0407562255859375,-0.6445159912109375
1784804412082736640,24.228473901748657,-0.0572509765625,0.0723724365234375,-0.747650146484375
1784804412092656896,24.238394021987915,-0.1305389404296875,0.214630126953125,-0.897674560546875
1784804412102575872,24.248312950134277,-0.116851806640625,0.3198699951171875,-0.999786376953125
1784804412112495872,24.258233070373535,-0.0121307373046875,0.1320648193359375,-1.05029296875
1784804412122414848,24.268151998519897,0.010955810546875,-0.2940673828125,-1.034515380859375
1784804412132334592,24.278071880340576,-0.007080078125,-0.5067596435546875,-0.9637603759765625
1784804412142254848,24.287992000579834,-0.1192626953125,-0.2325592041015625,-0.832305908203125
1784804412152173824,24.297910928726196,-0.18695068359375,0.219268798828125,-0.846710205078125
1784804412162093824,24.307831048965454,-0.32427978515625,0.5859832763671875,-0.8798065185546875
1784804412172013824,24.317750930786133,-0.427886962890625,0.69390869140625,-0.943389892578125
1784804412181932800,24.327669858932495,-0.3684844970703125,0.6483001708984375,-1.14141845703125
1784804412191852800,24.337589979171753,-0.1600341796875,0.5613861083984375,-1.3210601806640625
1784804412201771776,24.347508907318115,-0.013824462890625,0.40582275390625,-1.3763427734375
1784804412211691776,24.357429027557373,0.0907135009765625,0.295562744140625,-1.468414306640625
1784804412221611776,24.36734890937805,-0.0006256103515625,0.3788909912109375,-1.3178863525390625
1784804412231531008,24.377268075942993,-0.1706085205078125,0.665679931640625,-1.148284912109375
1784804412241450752,24.387187957763672,-0.116363525390625,1.0364837646484375,-1.0685272216796875
1784804412251369728,24.397106885910034,0.04888916015625,1.1677398681640625,-1.098114013671875
1784804412261289728,24.407027006149292,0.1529541015625,1.0437164306640625,-1.070892333984375
1784804412271209728,24.41694688796997,0.1390228271484375,0.8338775634765625,-0.928070068359375
1784804412281128960,24.426866054534912,0.2414703369140625,0.7997589111328125,-0.8253021240234375
1784804412291048704,24.43678593635559,0.3394927978515625,0.928466796875,-0.9125823974609375
1784804412300968960,24.44670605659485,0.455657958984375,1.037933349609375,-1.0415191650390625
1784804412310887936,24.45662498474121,0.5474853515625,1.074798583984375,-1.080657958984375
1784804412320807680,24.46654486656189,0.530517578125,1.0460052490234375,-1.0180206298828125
1784804412330726912,24.47646403312683,0.4456787109375,0.9627227783203125,-0.99200439453125
1784804412340646656,24.48638391494751,0.337799072265625,1.03436279296875,-0.8947601318359375
1784804412350566912,24.496304035186768,0.2407379150390625,1.11749267578125,-0.7816619873046875
1784804412360485888,24.50622296333313,0.13909912109375,1.05340576171875,-0.668731689453125
1784804412370405632,24.51614284515381,0.1298980712890625,0.9177093505859375,-0.6346282958984375
1784804412380324864,24.52606201171875,0.1109466552734375,0.7991790771484375,-0.551239013671875
1784804412390244608,24.53598189353943,0.1033782958984375,0.62542724609375,-0.5153961181640625
1784804412400164864,24.545902013778687,0.161865234375,0.63079833984375,-0.382843017578125
1784804412410083840,24.55582094192505,0.1871185302734375,0.85284423828125,-0.3107757568359375
1784804412420003840,24.565741062164307,0.25238037109375,0.9914093017578125,-0.2435455322265625
1784804412429922816,24.57565999031067,0.224578857421875,0.974700927734375,-0.0382843017578125
1784804412439842816,24.585579872131348,0.2886199951171875,0.687469482421875,0.17449951171875
1784804412449762816,24.595499992370605,0.337890625,0.2020721435546875,0.173858642578125
1784804412459681792,24.605418920516968,0.3511810302734375,-0.244476318359375,0.20355224609375
1784804412469601792,24.615339040756226,0.3115234375,-0.3736724853515625,0.2806243896484375
1784804412479521792,24.625258922576904,0.39532470703125,-0.1963958740234375,0.3220672607421875
1784804412489440768,24.635177850723267,0.5049285888671875,0.2261962890625,0.230712890625
1784804412499360768,24.645097970962524,0.4653167724609375,0.7264404296875,0.2406158447265625
1784804412509279744,24.655016899108887,0.30413818359375,0.8228607177734375,0.0424041748046875
1784804412519199744,24.664937019348145,0.22528076171875,0.492279052734375,-0.1635894775390625
1784804412529119744,24.674856901168823,0.3147735595703125,0.0632476806640625,-0.2568817138671875
1784804412539038976,24.684776067733765,0.5214996337890625,-0.3833465576171875,-0.32037353515625
1784804412548958720,24.694695949554443,0.5680389404296875,-0.9597015380859375,-0.4228057861328125
1784804412558877696,24.704614877700806,0.5612030029296875,-1.2703094482421875,-0.498687744140625
1784804412568797952,24.714534997940063,0.3699951171875,-1.253082275390625,-0.63336181640625
1784804412578717696,24.724454879760742,0.341705322265625,-1.089263916015625,-0.7090911865234375
1784804412588636928,24.734374046325684,0.556121826171875,-1.1729736328125,-0.9404296875
1784804412598556672,24.744293928146362,0.7172393798828125,-1.367034912109375,-0.999359130859375
1784804412608475648,24.754212856292725,0.85894775390625,-1.596099853515625,-0.9991455078125
1784804412618395904,24.764132976531982,1.2034759521484375,-2.0040740966796875,-1.26318359375
1784804412628315648,24.77405285835266,1.6724090576171875,-2.1767425537109375,-1.6331329345703125
1784804412638234880,24.783972024917603,2.1176300048828125,-1.930877685546875,-1.549591064453125
1784804412648154624,24.79389190673828,2.2822265625,-1.7989044189453125,-1.563507080078125
1784804412658073856,24.803811073303223,2.0663909912109375,-1.7926788330078125,-1.8044586181640625
1784804412667993856,24.8137309551239,1.7317047119140625,-1.6881561279296875,-1.6995849609375
1784804412677913856,24.82365107536316,1.64202880859375,-1.551605224609375,-1.7091827392578125
1784804412687832832,24.83357000350952,1.8729400634765625,-1.37457275390625,-1.6110687255859375
1784804412697752832,24.8434898853302,2.0499114990234375,-1.1188812255859375,-1.4678802490234375
1784804412707672832,24.853410005569458,2.191162109375,-0.9746856689453125,-1.3720550537109375
1784804412717591808,24.86332893371582,2.1661529541015625,-1.049713134765625,-1.315093994140625
1784804412727511808,24.873249053955078,1.7296600341796875,-0.6914215087890625,-1.202972412109375
1784804412737430784,24.88316798210144,1.36614990234375,0.0989532470703125,-0.647125244140625
1784804412747350784,24.89308786392212,1.1597137451171875,1.07989501953125,-0.0885467529296875
1784804412757270784,24.903007984161377,0.94879150390625,1.2176971435546875,-0.123199462890625
1784804412767189760,24.91292691230774,1.120697021484375,1.04803466796875,0.4656829833984375
1784804412777109760,24.922847032546997,1.2960205078125,1.1400604248046875,0.6531524658203125
1784804412787028736,24.93276596069336,1.28289794921875,1.1221160888671875,0.547119140625
1784804412796948736,24.942685842514038,1.9589385986328125,1.0933990478515625,0.2148590087890625
1784804412806868736,24.952605962753296,2.2811279296875,0.5947723388671875,-0.429443359375
1784804412816787712,24.962524890899658,3.07275390625,-0.05499267578125,-0.62384033203125
1784804412826707712,24.972445011138916,4.1786956787109375,-0.3412933349609375,-1.0415802001953125
1784804412836627712,24.982364892959595,3.231475830078125,-0.3340606689453125,-1.2765350341796875
1784804412846546944,24.992284059524536,3.3173675537109375,0.05621337890625,-1.134552001953125
1784804412856466688,25.002203941345215,4.278167724609375,0.857879638671875,-1.5963287353515625
1784804412866385664,25.012122869491577,4.0514068603515625,-0.6381378173828125,-1.2546234130859375
1784804412876305920,25.022042989730835,3.391632080078125,-1.9556732177734375,-1.2808074951171875
1784804412886225664,25.031962871551514,2.9846954345703125,-1.82196044921875,-1.070770263671875
1784804412896144896,25.041882038116455,3.8020477294921875,-0.8134918212890625,-0.69842529296875
1784804412906064640,25.051801919937134,3.369415283203125,-1.0657196044921875,-1.702667236328125
1784804412915983616,25.061720848083496,3.0498809814453125,-0.9109039306640625,-1.63299560546875
1784804412925903872,25.071640968322754,2.93756103515625,-1.0501708984375,-1.8833160400390625
1784804412935823616,25.081560850143433,2.8922271728515625,-0.6096343994140625,-1.9198150634765625
1784804412945742848,25.091480016708374,2.649078369140625,-0.3905029296875,-2.2392120361328125
1784804412955662848,25.101399898529053,2.432098388671875,-0.1162872314453125,-2.451873779296875
1784804412965582848,25.11132001876831,2.4466552734375,0.435943603515625,-3.4656829833984375
1784804412975501824,25.121238946914673,2.5859222412109375,1.5136260986328125,-3.311126708984375
1784804412985421824,25.13115906715393,3.4478607177734375,1.079498291015625,-3.6558837890625
1784804412995340800,25.141077995300293,3.0906982421875,0.457061767578125,-3.85693359375
1784804413005260800,25.15099787712097,2.066497802734375,0.567230224609375,-3.723358154296875
1784804413015180800,25.16091799736023,1.585174560546875,0.82958984375,-2.8658905029296875
1784804413025099776,25.170836925506592,1.74871826171875,1.382232666015625,-1.258941650390625
1784804413035019776,25.18075704574585,2.9720001220703125,1.20379638671875,-1.01739501953125
1784804413044938752,25.190675973892212,4.6370849609375,0.5642547607421875,-0.3995361328125
1784804413054858752,25.20059585571289,4.70733642578125,-0.350799560546875,-0.28338623046875
1784804413064778752,25.21051597595215,3.582122802734375,0.13323974609375,-0.364288330078125
1784804413074697728,25.22043490409851,2.989013671875,1.0795440673828125,-0.6240692138671875
1784804413084617728,25.23035502433777,3.054229736328125,1.6934661865234375,-0.6058807373046875
1784804413094537728,25.240274906158447,3.61810302734375,1.5344390869140625,-0.8894805908203125
1784804413104456960,25.25019407272339,3.91619873046875,0.956512451171875,-1.186920166015625
1784804413114376704,25.260113954544067,4.0345001220703125,0.2958526611328125,-1.2957611083984375
1784804413124295680,25.27003288269043,4.0988311767578125,0.2749481201171875,-0.8812713623046875
1784804413134215936,25.279953002929688,4.09161376953125,0.7892913818359375,-0.5214385986328125
1784804413144135680,25.289872884750366,4.089935302734375,0.9500579833984375,-0.4480133056640625
1784804413154054912,25.299792051315308,4.30218505859375,1.0473785400390625,-0.153472900390625
1784804413163974656,25.309711933135986,4.796844482421875,1.2269744873046875,0.05743408203125
1784804413173893632,25.31963086128235,5.2985076904296875,1.3704681396484375,0.171783447265625
1784804413183813888,25.329550981521606,5.53192138671875,1.432525634765625,0.48486328125
1784804413193733632,25.339470863342285,5.4721527099609375,1.5514984130859375,0.912322998046875
1784804413203652864,25.349390029907227,5.191925048828125,1.5828399658203125,1.17095947265625
1784804413213572864,25.359309911727905,4.874847412109375,1.573974609375,1.49090576171875
1784804413223492864,25.369230031967163,4.5164947509765625,1.5777587890625,1.8015289306640625
1784804413233411840,25.379148960113525,4.0718231201171875,1.5710601806640625,1.9725494384765625
1784804413243331584,25.389068841934204,3.6812896728515625,1.3620452880859375,1.9362030029296875
1784804413253250816,25.398988008499146,3.4418792724609375,1.001739501953125,2.0630950927734375
1784804413263170816,25.408907890319824,3.2572174072265625,0.63043212890625,2.1427154541015625
1784804413273090816,25.418828010559082,3.087005615234375,0.28546142578125,1.971588134765625
1784804413283009792,25.428746938705444,3.08709716796875,0.1282806396484375,1.909423828125
1784804413292929792,25.438667058944702,3.137451171875,0.2630767822265625,1.7885284423828125
1784804413302848768,25.448585987091064,5.0655517578125,2.9451751708984375,1.9981842041015625
1784804413312768768,25.458505868911743,2.8663177490234375,12.302017211914062,3.1142578125
1784804413322688768,25.468425989151,0.9041748046875,6.529388427734375,2.7289886474609375
1784804413332607744,25.478344917297363,-0.9567718505859375,1.3690948486328125,1.721923828125
1784804413342527744,25.48826503753662,-0.11102294921875,1.2026519775390625,1.4468841552734375
1784804413352446720,25.498183965682983,0.8047027587890625,1.6247711181640625,2.0418853759765625
1784804413362366720,25.508103847503662,0.8792266845703125,1.54571533203125,1.863433837890625
1784804413372286720,25.51802396774292,0.638702392578125,1.67962646484375,1.542449951171875
1784804413382205696,25.527942895889282,0.1950531005859375,1.601776123046875,1.1366729736328125
1784804413392125952,25.53786301612854,-0.04168701171875,1.5670013427734375,0.877655029296875
1784804413402045696,25.54778289794922,0.0183258056640625,1.3933258056640625,0.7209930419921875
1784804413411964928,25.55770206451416,-0.058074951171875,1.147216796875,0.8265533447265625
1784804413421884672,25.56762194633484,-0.347686767578125,0.9498138427734375,0.7631988525390625
1784804413431803648,25.5775408744812,-0.2850799560546875,1.18218994140625,0.2135467529296875
1784804413441723904,25.58746099472046,0.102569580078125,1.6752166748046875,-0.56512451171875
1784804413451643648,25.597380876541138,0.1130828857421875,1.9971466064453125,-0.6072235107421875
1784804413461562880,25.60730004310608,0.27069091796875,1.7946014404296875,-0.8376617431640625
1784804413471482880,25.617219924926758,0.2383575439453125,1.2352752685546875,-1.230621337890625
1784804413481401600,25.62713885307312,0.182891845703125,1.2141876220703125,-1.281280517578125
1784804413491321856,25.637058973312378,0.1662445068359375,1.2642669677734375,-1.4327239990234375
1784804413501241600,25.646978855133057,0.238677978515625,1.055267333984375,-1.5325775146484375
1784804413511160832,25.656898021697998,0.104766845703125,0.7000732421875,-1.19390869140625
1784804413521080832,25.666817903518677,-0.8541717529296875,0.96868896484375,-0.7723541259765625
1784804413530999808,25.676737070083618,-0.1287078857421875,0.7604217529296875,-0.7381439208984375
1784804413540919808,25.686656951904297,0.3825225830078125,0.3577423095703125,-0.867828369140625
1784804413550839808,25.696577072143555,0.4215850830078125,0.11871337890625,-0.6105499267578125
1784804413560758784,25.706496000289917,0.1210174560546875,0.215179443359375,-0.5363922119140625
1784804413570678784,25.716415882110596,0.0473480224609375,0.502777099609375,-0.6167449951171875
1784804413580597760,25.726335048675537,0.2879180908203125,0.7017669677734375,-0.792205810546875
1784804413590517760,25.736254930496216,0.382354736328125,0.6203155517578125,-1.0582427978515625
1784804413600437760,25.746175050735474,0.4314117431640625,0.389007568359375,-1.09637451171875
1784804413610356736,25.756093978881836,0.423065185546875,0.241546630859375,-0.9992218017578125
1784804413620276736,25.766013860702515,0.4082183837890625,0.1490325927734375,-0.8430023193359375
1784804413630196736,25.775933980941772,0.4758758544921875,0.19989013671875,-0.669464111328125
1784804413640115712,25.785852909088135,0.5633087158203125,0.412811279296875,-0.6388397216796875
1784804413650035968,25.795773029327393,0.548858642578125,0.764556884765625,-0.723388671875
1784804413659954688,25.805691957473755,0.6087646484375,1.16998291015625,-0.8631591796875
1784804413669874688,25.815611839294434,0.5565948486328125,1.3963165283203125,-1.0334625244140625
1784804413679794688,25.82553195953369,0.4397125244140625,1.4220428466796875,-1.2320098876953125
1784804413689713664,25.835450887680054,0.4516448974609375,1.248321533203125,-1.4383087158203125
1784804413699633920,25.84537100791931,0.4369354248046875,1.1077117919921875,-1.526397705078125
1784804413709552640,25.855289936065674,0.50775146484375,1.190338134765625,-1.497650146484375
1784804413719472896,25.86521005630493,0.5156402587890625,1.296600341796875,-1.4924468994140625
1784804413729392640,25.87512993812561,0.5257110595703125,1.229766845703125,-1.488128662109375
1784804413739311616,25.885048866271973,0.453582763671875,1.2701873779296875,-1.2548980712890625
1784804413749231872,25.89496898651123,0.4009552001953125,1.236724853515625,-1.17974853515625
1784804413759151616,25.90488886833191,0.2723388671875,1.247802734375,-0.985870361328125
1784804413769070848,25.91480803489685,0.223846435546875,1.1755218505859375,-0.968597412109375
1784804413778990848,25.92472791671753,0.2735443115234375,0.928619384765625,-0.9565277099609375
1784804413788909568,25.93464684486389,0.411376953125,0.630096435546875,-0.8850555419921875
1784804413798829824,25.94456696510315,0.21923828125,0.7587127685546875,-0.7720947265625
1784804413808749568,25.954486846923828,0.1658172607421875,1.07177734375,-0.6870269775390625
1784804413818668800,25.96440601348877,0.174346923828125,1.2830352783203125,-0.658966064453125
1784804413828588800,25.97432589530945,0.23712158203125,1.206878662109375,-0.397308349609375
1784804413838507776,25.98424506187439,0.371124267578125,0.6763153076171875,-0.0575714111328125
1784804413848427776,25.99416494369507,0.433135986328125,-0.0165252685546875,0.2245025634765625
1784804413858347776,26.004085063934326,0.410186767578125,-0.7258453369140625,0.2634124755859375
1784804413868266752,26.01400399208069,0.281585693359375,-1.081787109375,0.35589599609375
1784804413878186752,26.023923873901367,0.1324310302734375,-0.894561767578125,0.3987884521484375
1784804413888105984,26.03384304046631,0.0370330810546875,-0.417266845703125,0.296234130859375
1784804413898025728,26.043762922286987,0.067230224609375,0.0736083984375,-0.052398681640625
1784804413907945984,26.053683042526245,0.380279541015625,0.560791015625,-0.3242950439453125
1784804413917864704,26.063601970672607,0.648590087890625,0.60943603515625,-0.4382171630859375
1784804413927784704,26.073521852493286,0.6536712646484375,0.0292816162109375,-0.5511932373046875
1784804413937703936,26.083441019058228,0.42559814453125,-0.5071563720703125,-0.5608062744140625
1784804413947623680,26.093360900878906,0.441253662109375,-0.9769134521484375,-0.7026214599609375
1784804413957543936,26.103281021118164,0.3631439208984375,-1.2607421875,-0.9160919189453125
1784804413967462656,26.113199949264526,0.328643798828125,-1.0380859375,-0.9328460693359375
1784804413977382912,26.123120069503784,0.4703521728515625,-0.8309173583984375,-1.1737518310546875
1784804413987302656,26.133039951324463,0.734222412109375,-0.7753448486328125,-1.2263641357421875
1784804413997221632,26.142958879470825,0.9181060791015625,-1.01666259765625,-1.102691650390625
1784804414007141888,26.152878999710083,1.1800079345703125,-1.5018310546875,-0.97698974609375
1784804414017060864,26.162797927856445,1.44873046875,-1.689056396484375,-0.90374755859375
1784804414026980864,26.172718048095703,1.849884033203125,-1.8006134033203125,-1.008941650390625
1784804414036900352,26.182637453079224,2.177001953125,-1.6419830322265625,-1.217193603515625
1784804414046819328,26.192556381225586,2.3023681640625,-1.28948974609375,-1.288299560546875
1784804414056739328,26.202476501464844,2.3593292236328125,-1.1267242431640625,-1.3760833740234375
1784804414066658304,26.212395429611206,2.5013580322265625,-1.2753753662109375,-1.7453155517578125
1784804414076578048,26.222315311431885,2.452392578125,-1.30914306640625,-1.8505859375
1784804414086498304,26.232235431671143,2.4373931884765625,-1.696136474609375,-1.4656524658203125
1784804414096417280,26.242154359817505,2.4454193115234375,-2.2534942626953125,-1.5545654296875
1784804414106337280,26.252074480056763,2.171051025390625,-2.183502197265625,-1.5778045654296875
1784804414116256256,26.261993408203125,1.9870147705078125,-1.0803985595703125,-1.2379608154296875
1784804414126176256,26.271913528442383,2.194366455078125,-0.0606231689453125,-0.716644287109375
1784804414136096256,26.28183341026306,1.890777587890625,-0.383880615234375,-1.0089569091796875
1784804414146015232,26.291752338409424,1.4489593505859375,0.1610870361328125,-0.3971099853515625
1784804414155935232,26.30167245864868,0.5843658447265625,0.7495574951171875,0.1376495361328125
1784804414165855232,26.31159234046936,0.58526611328125,1.6517333984375,0.2907257080078125
1784804414175774208,26.3215115070343,0.6221160888671875,2.3214569091796875,0.4474334716796875
1784804414185694208,26.33143138885498,-0.06610107421875,1.6853790283203125,0.3306121826171875
1784804414195613184,26.341350317001343,0.6326446533203125,0.777618408203125,0.0114898681640625
1784804414205533184,26.3512704372406,2.47564697265625,0.5513153076171875,0.3680419921875
1784804414215453184,26.36119031906128,4.47357177734375,-0.5261383056640625,0.07415771484375
1784804414225372416,26.37110948562622,3.9343109130859375,-0.852569580078125,-0.388671875
1784804414235292160,26.3810293674469,2.738677978515625,-0.18359375,-1.243621826171875
1784804414245211392,26.39094853401184,2.9812774658203125,0.89678955078125,-1.7143096923828125
1784804414255131136,26.40086841583252,2.9143218994140625,0.5063629150390625,-0.9351043701171875
1784804414265051136,26.4107882976532,2.968963623046875,-0.57000732421875,-1.2571258544921875
1784804414274970368,26.42070746421814,2.10540771484375,-0.3946075439453125,-0.89697265625
1784804414284890112,26.43062734603882,3.0043182373046875,-0.2689208984375,-1.0000762939453125
1784804414294810368,26.440547466278076,3.733001708984375,-0.435791015625,-0.890472412109375
1784804414304729344,26.45046639442444,3.2657623291015625,-0.6871337890625,-1.0826873779296875
1784804414314649344,26.460386514663696,2.7728118896484375,-0.50384521484375,-0.8159942626953125
1784804414324568320,26.47030544281006,3.5845184326171875,-0.2915191650390625,-0.8260650634765625
1784804414334488064,26.480225324630737,2.971771240234375,-1.1557159423828125,-1.3887481689453125
1784804414344408320,26.490145444869995,2.5087127685546875,-0.5835418701171875,-0.3436279296875
1784804414354327296,26.500064373016357,2.901641845703125,-0.901214599609375,-1.256103515625
1784804414364247296,26.509984493255615,2.680999755859375,-0.511260986328125,-1.2472381591796875
1784804414374166272,26.519903421401978,2.4454498291015625,-0.8727569580078125,-1.2691192626953125
1784804414384086016,26.529823303222656,2.3684539794921875,-0.94891357421875,-1.142791748046875
1784804414394006272,26.539743423461914,2.2023162841796875,-0.8584747314453125,-1.870849609375
1784804414403925248,26.549662351608276,2.1761322021484375,0.255523681640625,-2.3969879150390625
1784804414413845248,26.559582471847534,2.174285888671875,0.5702056884765625,-2.8256378173828125
1784804414423764224,26.569501399993896,2.130645751953125,0.9891204833984375,-2.6837158203125
1784804414433684224,26.579421520233154,1.7303924560546875,1.871429443359375,-2.6332855224609375
1784804414443604224,26.589341402053833,3.2991790771484375,2.4019317626953125,-2.7236328125
1784804414453523200,26.599260330200195,2.9171142578125,0.7095947265625,-2.9332733154296875
1784804414463443200,26.609180450439453,2.7107086181640625,-0.524566650390625,-2.805694580078125
1784804414473363200,26.619100332260132,2.4747161865234375,-0.7475128173828125,-2.4867095947265625
1784804414483282432,26.629019498825073,2.931854248046875,-0.593902587890625,-1.599273681640625
1784804414493202176,26.638939380645752,3.166748046875,-0.6696624755859375,-0.4150543212890625
1784804414503121152,26.648858308792114,3.474395751953125,-0.382720947265625,0.1305694580078125
1784804414513041152,26.658778429031372,3.4750518798828125,-0.0516815185546875,0.0646820068359375
1784804414522961152,26.66869831085205,3.15283203125,0.2439422607421875,-0.0768585205078125
1784804414532880384,26.678617477416992,3.1672821044921875,0.5160980224609375,-0.3617095947265625
1784804414542800128,26.68853735923767,3.350982666015625,0.86322021484375,-0.6189117431640625
1784804414552719360,26.698456525802612,3.4665985107421875,1.117584228515625,-0.98187255859375
1784804414562639360,26.70837640762329,3.51507568359375,1.2348175048828125,-1.2609710693359375
1784804414572559360,26.71829652786255,3.6414337158203125,1.4618988037109375,-0.9176025390625
1784804414582478336,26.72821545600891,4.15960693359375,1.734344482421875,-0.1478424072265625
1784804414592398080,26.73813533782959,4.5254669189453125,1.2286224365234375,0.192779541015625
1784804414602317312,26.74805450439453,4.721588134765625,0.7179107666015625,0.5047760009765625
1784804414612237312,26.75797438621521,5.017364501953125,0.2602996826171875,0.5150146484375
1784804414622157312,26.767894506454468,5.11322021484375,0.6414794921875,0.32037353515625
1784804414632076288,26.77781343460083,5.0537109375,1.6658477783203125,0.2752685546875
1784804414641996032,26.78773331642151,4.9267578125,2.01470947265625,0.5654296875
1784804414651915264,26.79765248298645,4.751251220703125,1.77484130859375,1.0329437255859375
1784804414661835264,26.80757236480713,4.72161865234375,1.465545654296875,1.37896728515625
1784804414671755264,26.817492485046387,4.60906982421875,1.1790008544921875,1.5831451416015625
1784804414681674240,26.82741141319275,4.224609375,1.0088043212890625,1.8442230224609375
1784804414691594240,26.837331533432007,3.8643035888671875,0.7635955810546875,1.874755859375
1784804414701513216,26.84725046157837,3.6900177001953125,0.4586181640625,1.9119720458984375
1784804414711433216,26.857170343399048,3.60107421875,0.1861419677734375,2.2726593017578125
1784804414721353216,26.867090463638306,3.5751800537109375,0.794952392578125,1.9644012451171875
1784804414731272192,26.877009391784668,3.42822265625,3.865997314453125,0.7851715087890625
1784804414741192448,26.886929512023926,4.7942962646484375,16.178802490234375,3.252166748046875
1784804414751112192,26.896849393844604,-0.87469482421875,6.0566253662109375,3.50799560546875
1784804414761031168,26.906768321990967,-0.74639892578125,-2.206878662109375,1.5516510009765625
1784804414770951168,26.916688442230225,0.579315185546875,0.76019287109375,2.19488525390625
1784804414780870144,26.926607370376587,0.660552978515625,2.2624053955078125,1.4123992919921875
1784804414790790400,26.936527490615845,0.2445220947265625,2.35693359375,0.785552978515625
1784804414800710144,26.946447372436523,0.1755218505859375,1.771759033203125,0.990447998046875
1784804414810629120,26.956366300582886,0.0122222900390625,0.9264373779296875,1.035400390625
1784804414820549376,26.966286420822144,0.0569305419921875,1.131011962890625,0.871551513671875
1784804414830468096,26.976205348968506,0.2644805908203125,1.707611083984375,0.396087646484375
1784804414840388352,26.986125469207764,0.2613677978515625,1.96075439453125,0.0033111572265625
1784804414850308096,26.996045351028442,0.180450439453125,1.8327484130859375,-0.14398193359375
1784804414860227328,27.005964517593384,0.1263275146484375,1.6009063720703125,-0.3315887451171875
1784804414870147328,27.015884399414062,0.1932220458984375,1.5354156494140625,-0.7020721435546875
1784804414880066048,27.025803327560425,0.205047607421875,1.5093231201171875,-0.7414398193359375
1784804414889986304,27.035723447799683,0.162628173828125,1.36865234375,-0.868408203125
1784804414899906048,27.04564332962036,0.0738525390625,1.07611083984375,-1.121978759765625
1784804414909825280,27.055562496185303,-0.1382293701171875,1.0575103759765625,-1.10186767578125
1784804414919745280,27.06548237800598,-0.27081298828125,1.240142822265625,-1.257232666015625
1784804414929664256,27.075401306152344,-0.0091705322265625,0.905487060546875,-1.7433624267578125
1784804414939584256,27.0853214263916,-0.1539764404296875,0.4208831787109375,-1.6442108154296875
1784804414949504256,27.09524130821228,-0.951141357421875,0.668853759765625,-0.580810546875
1784804414959423232,27.10516047477722,-0.2926788330078125,0.570159912109375,-0.9348907470703125
1784804414969343232,27.1150803565979,0.1590118408203125,0.3869171142578125,-0.59613037109375
1784804414979262464,27.124999523162842,0.55596923828125,0.210906982421875,-0.89959716796875
1784804414989182208,27.13491940498352,0.42236328125,0.576995849609375,-0.46661376953125
1784804414999102464,27.14483952522278,0.122802734375,0.9892425537109375,-0.59442138671875
1784804415009021184,27.15475845336914,-0.002410888671875,0.9597930908203125,-0.9141845703125
1784804415018941184,27.16467833518982,0.1304168701171875,0.442138671875,-1.131500244140625
1784804415028860416,27.17459750175476,0.291351318359375,0.027923583984375,-0.9415130615234375
1784804415038781184,27.184518337249756,0.44439697265625,0.0505523681640625,-0.744781494140625
1784804415048701184,27.194438457489014,0.5320587158203125,0.11004638671875,-0.8392486572265625
1784804415058620160,27.204357385635376,0.6651458740234375,0.1879119873046875,-0.892913818359375
1784804415068540416,27.214277505874634,0.564483642578125,0.412139892578125,-0.94085693359375
1784804415078460160,27.224197387695312,0.3148193359375,0.8543243408203125,-0.8489837646484375
1784804415088379136,27.234116315841675,0.2451019287109375,1.345245361328125,-0.954833984375
1784804415098299392,27.244036436080933,0.2672271728515625,1.6960296630859375,-1.17303466796875
1784804415108218112,27.253955364227295,0.2809600830078125,1.74774169921875,-1.396026611328125
1784804415118138368,27.263875484466553,0.3986053466796875,1.5746917724609375,-1.56451416015625
1784804415128058112,27.27379536628723,0.5137786865234375,1.3764801025390625,-1.6598968505859375
1784804415137977344,27.283714532852173,0.6021728515625,1.2017669677734375,-1.6183929443359375
1784804415147897344,27.29363441467285,0.7440032958984375,1.19793701171875,-1.5010223388671875
1784804415157816064,27.303553342819214,0.593994140625,1.3211517333984375,-1.33953857421875
1784804415167736320,27.31347346305847,0.548553466796875,1.4136199951171875,-1.2082977294921875
1784804415177656064,27.32339334487915,0.4303131103515625,1.6021270751953125,-1.04071044921875
1784804415187575296,27.333312511444092,0.380279541015625,1.5794677734375,-1.046173095703125
1784804415197495296,27.34323239326477,0.397430419921875,1.4612884521484375,-0.869598388671875
1784804415207414272,27.353151321411133,0.290130615234375,1.3059234619140625,-0.6559906005859375
1784804415217334272,27.36307144165039,0.203125,1.1316070556640625,-0.667236328125
1784804415227254272,27.37299132347107,0.110107421875,1.0689544677734375,-0.6691131591796875
1784804415237173248,27.38291049003601,0.055999755859375,0.88153076171875,-0.4556427001953125
1784804415247093248,27.39283037185669,0.026458740234375,0.575225830078125,-0.2264862060546875
1784804415257012224,27.40274930000305,0.1405487060546875,0.4783782958984375,-0.0997161865234375
1784804415266932224,27.41266942024231,0.2076873779296875,0.2859649658203125,-0.0158233642578125
1784804415276852224,27.42258930206299,0.2096099853515625,0.1064300537109375,-0.00738525390625
1784804415286771200,27.43250846862793,0.19390869140625,0.031982421875,0.03924560546875
1784804415296691200,27.44242835044861,0.2092742919921875,0.1629486083984375,0.1115875244140625
1784804415306610432,27.45234751701355,0.16290283203125,0.3142242431640625,0.0569610595703125
1784804415316530176,27.46226739883423,0.2000732421875,0.2942657470703125,0.00811767578125
1784804415326450432,27.472187519073486,0.329833984375,0.1480865478515625,-0.09844970703125
1784804415336369152,27.48210644721985,0.4236297607421875,0.0060882568359375,-0.184356689453125
1784804415346289152,27.492026329040527,0.4557647705078125,-0.25909423828125,-0.18939208984375
1784804415356208384,27.50194549560547,0.400299072265625,-0.5918426513671875,-0.2360687255859375
1784804415366128128,27.511865377426147,0.4275360107421875,-0.748870849609375,-0.347137451171875
1784804415376048384,27.521785497665405,0.494598388671875,-0.63079833984375,-0.3899078369140625
1784804415385967360,27.531704425811768,0.543182373046875,-0.5382843017578125,-0.6807403564453125
1784804415395887104,27.541624307632446,0.488250732421875,-0.61724853515625,-0.9438629150390625
1784804415405806336,27.551543474197388,0.4459381103515625,-0.7299346923828125,-0.9281463623046875
1784804415415726080,27.561463356018066,0.5123748779296875,-0.7943572998046875,-0.95330810546875
1784804415425646336,27.571383476257324,0.6392974853515625,-0.7957305908203125,-0.9469757080078125
1784804415435565312,27.581302404403687,0.838134765625,-0.70208740234375,-0.9110870361328125
1784804415445485312,27.591222524642944,1.048309326171875,-0.7277069091796875,-0.93988037109375
1784804415455404288,27.601141452789307,1.221710205078125,-0.9244537353515625,-0.9098358154296875
1784804415465324288,27.611061334609985,1.33538818359375,-1.1495819091796875,-0.846710205078125
1784804415475244288,27.620981454849243,1.485198974609375,-1.2903594970703125,-0.8714447021484375
1784804415485163264,27.630900382995605,1.61895751953125,-1.392486572265625,-1.1033782958984375
1784804415495083264,27.640820503234863,1.8896026611328125,-1.520233154296875,-1.328399658203125
1784804415505002240,27.650739431381226,2.22705078125,-1.8753662109375,-1.4513397216796875
1784804415514922240,27.660659313201904,2.658355712890625,-1.8770294189453125,-1.5990753173828125
1784804415524842240,27.670579433441162,2.532440185546875,-1.4497222900390625,-1.424835205078125
1784804415534761216,27.680498361587524,2.60992431640625,-1.5218505859375,-1.604888916015625
1784804415544681216,27.690418481826782,2.576995849609375,-1.689788818359375,-1.6223297119140625
1784804415554600192,27.700337409973145,2.1958465576171875,-1.3915252685546875,-1.5581817626953125
1784804415564520448,27.710257530212402,2.10516357421875,-0.919281005859375,-1.3472900390625
1784804415574440192,27.72017741203308,1.6128387451171875,-0.81097412109375,-0.68035888671875
1784804415584359168,27.730096340179443,2.00970458984375,0.0155181884765625,-0.289306640625
1784804415594279168,27.7400164604187,1.315765380859375,0.550018310546875,0.229766845703125
1784804415604199168,27.74993634223938,0.726959228515625,1.224029541015625,0.3295440673828125
1784804415614118400,27.75985550880432,0.52679443359375,1.6555023193359375,0.4248504638671875
1784804415624038144,27.769775390625,0.770751953125,1.9286346435546875,0.27899169921875
1784804415633957120,27.779694318771362,1.4136810302734375,1.71124267578125,0.111968994140625
1784804415643877376,27.78961443901062,2.1668548583984375,1.3056182861328125,0.4311370849609375
1784804415653796096,27.799533367156982,3.0995330810546875,-0.0420684814453125,-0.1337890625
1784804415663716352,27.80945348739624,3.1471405029296875,-1.2245330810546875,-0.4188690185546875
1784804415673636096,27.81937336921692,3.8803863525390625,-0.3232574462890625,-1.0303192138671875
1784804415683555072,27.82929229736328,3.3073577880859375,0.5958099365234375,-2.019439697265625
1784804415693475328,27.83921241760254,3.0016632080078125,1.48992919921875,-1.7620849609375
1784804415703395072,27.849132299423218,2.4116973876953125,0.8309326171875,-1.684661865234375
1784804415713314304,27.85905146598816,2.3661651611328125,0.4016265869140625,-1.0529022216796875
1784804415723234304,27.868971347808838,2.3878631591796875,-0.1151885986328125,-0.783721923828125
1784804415733153280,27.87889051437378,3.0497283935546875,0.2535400390625,-0.4734954833984375
1784804415743073280,27.888810396194458,3.7484588623046875,0.2502593994140625,-1.300445556640625
1784804415752993280,27.898730516433716,3.4014892578125,-0.32366943359375,-0.984130859375
1784804415762912256,27.908649444580078,2.8104705810546875,-0.978607177734375,-1.1683349609375
1784804415772832256,27.918569326400757,2.81402587890625,-0.9080352783203125,-0.8707427978515625
1784804415782751232,27.9284884929657,2.8704833984375,-0.566009521484375,-0.856109619140625
1784804415792671232,27.938408374786377,2.7790374755859375,-0.2811431884765625,-1.0397796630859375
1784804415802591232,27.948328495025635,2.6392822265625,-0.5209503173828125,-1.1209716796875
1784804415812510208,27.958247423171997,2.435516357421875,-0.9008026123046875,-1.1066436767578125
1784804415822430208,27.968167304992676,2.1562042236328125,-1.4665985107421875,-1.4439697265625
1784804415832349184,27.978086471557617,2.29510498046875,-0.94573974609375,-1.2794952392578125
1784804415842269184,27.988006353378296,2.423675537109375,-0.0987548828125,-2.1918792724609375
1784804415852189184,27.997926473617554,2.1135101318359375,0.2290191650390625,-2.9507598876953125
1784804415862108160,28.007845401763916,2.149200439453125,1.327423095703125,-3.564483642578125
1784804415872028416,28.017765522003174,2.4366607666015625,2.7728424072265625,-4.0683441162109375
1784804415881947392,28.027684450149536,2.2978668212890625,2.628021240234375,-3.76519775390625
1784804415891867136,28.037604331970215,2.5265960693359375,1.5066680908203125,-3.2122955322265625
1784804415901787392,28.047524452209473,1.96954345703125,0.9556732177734375,-2.327117919921875
1784804415911706112,28.057443380355835,2.4842681884765625,0.875396728515625,-0.8091583251953125
1784804415921626368,28.067363500595093,3.47430419921875,-0.527984619140625,-0.7516937255859375
1784804415931545344,28.077282428741455,4.146026611328125,-1.2982940673828125,0.1868438720703125
1784804415941465088,28.087202310562134,4.1714019775390625,-1.4642791748046875,0.11865234375
1784804415951385344,28.09712243080139,3.2448272705078125,0.083221435546875,-0.07000732421875
1784804415961304064,28.107041358947754,2.6178131103515625,1.149169921875,-0.4063568115234375
1784804415971224320,28.11696147918701,2.9655303955078125,1.256744384765625,-0.546356201171875
1784804415981144064,28.12688136100769,3.566070556640625,1.3121185302734375,-0.5904541015625
1784804415991063296,28.136800527572632,3.7661590576171875,1.2346954345703125,-0.8867340087890625
1784804416000983296,28.14672040939331,3.744476318359375,0.99847412109375,-1.0101165771484375
1784804416010902272,28.156639337539673,3.846038818359375,0.9618377685546875,-0.7119903564453125
1784804416020822272,28.16655945777893,4.08233642578125,0.8082427978515625,-0.5100860595703125
1784804416030741248,28.176478385925293,4.3250732421875,0.740234375,-0.27972412109375
1784804416040660736,28.186397790908813,4.66864013671875,0.981964111328125,-0.0052032470703125
1784804416050580736,28.19631791114807,5.0865325927734375,1.2442169189453125,0.1017913818359375
1784804416060499712,28.206236839294434,5.359375,1.708587646484375,0.4096221923828125
1784804416070419456,28.216156721115112,5.2934112548828125,1.864501953125,0.8374786376953125
1784804416080339712,28.22607684135437,4.960205078125,1.6378631591796875,1.1051483154296875
1784804416090258688,28.235995769500732,4.8509063720703125,1.664886474609375,1.3428802490234375
1784804416100178688,28.24591588973999,4.6792144775390625,1.7001190185546875,1.59478759765625
1784804416110097664,28.255834817886353,4.22760009765625,1.5431365966796875,1.8998260498046875
1784804416120017664,28.26575493812561,3.8410186767578125,1.178314208984375,1.9974365234375
1784804416129936640,28.275673866271973,3.7648468017578125,0.72210693359375,2.055908203125
1784804416139856640,28.28559374809265,3.713775634765625,0.3891754150390625,2.3040618896484375
1784804416149776640,28.29551386833191,3.5718536376953125,0.4211578369140625,2.4911651611328125
1784804416159695616,28.30543279647827,2.807647705078125,1.1685943603515625,2.0406646728515625
1784804416169615872,28.31535291671753,2.6849212646484375,2.856109619140625,1.07366943359375
1784804416179535616,28.325272798538208,4.75665283203125,12.082473754882812,0.9022674560546875
1784804416189454592,28.33519172668457,0.3387451171875,7.9408721923828125,3.9233856201171875
1784804416199374592,28.345111846923828,-0.6595458984375,-1.855987548828125,0.8164215087890625
1784804416209293568,28.35503077507019,0.06097412109375,1.2555084228515625,1.9856719970703125
1784804416219213824,28.36495089530945,0.6063079833984375,2.9281005859375,1.9838409423828125
1784804416229132544,28.37486982345581,0.27630615234375,2.8152923583984375,1.072113037109375
1784804416239052800,28.38478994369507,0.1145172119140625,2.059814453125,1.0084228515625
1784804416248972544,28.394709825515747,0.001617431640625,1.110687255859375,1.171661376953125
1784804416258891520,28.40462875366211,0.1037750244140625,1.066558837890625,1.1317596435546875
1784804416268811776,28.414548873901367,0.2947845458984375,1.546630859375,0.886505126953125
1784804416278730752,28.42446780204773,0.245025634765625,1.87176513671875,0.4278411865234375
1784804416288650752,28.434387922286987,0.2321319580078125,1.8918914794921875,0.2358856201171875
1784804416298570752,28.444307804107666,0.265472412109375,1.7553253173828125,-0.144927978515625
1784804416308489472,28.45422673225403,0.304962158203125,1.66986083984375,-0.6243133544921875
1784804416318409728,28.464146852493286,0.2173004150390625,1.784332275390625,-0.8518218994140625
1784804416328329472,28.474066734313965,0.2373199462890625,1.7015228271484375,-0.95989990234375
1784804416338248704,28.483985900878906,0.2339630126953125,1.2954254150390625,-1.1247711181640625
1784804416348168704,28.493905782699585,-0.10052490234375,0.9757843017578125,-1.2121124267578125
1784804416358087680,28.503824949264526,-0.2928619384765625,1.111572265625,-1.1118011474609375
1784804416368007680,28.513744831085205,-0.1065673828125,0.804931640625,-1.2460174560546875
1784804416377926656,28.523663759231567,-0.4634552001953125,0.8386688232421875,-1.4048919677734375
1784804416387846656,28.533583879470825,-0.9222869873046875,1.031982421875,-0.6480865478515625
1784804416397766656,28.543503761291504,-0.2430267333984375,0.737640380859375,-0.96142578125
1784804416407685632,28.553422927856445,0.172210693359375,0.41217041015625,-0.9626312255859375
1784804416417605632,28.563342809677124,0.642730712890625,0.115478515625,-0.845062255859375
1784804416427524608,28.573261737823486,0.4076385498046875,0.31219482421875,-0.493804931640625
1784804416437444608,28.583181858062744,0.110565185546875,0.426361083984375,-0.6405029296875
1784804416447364608,28.593101739883423,-0.06353759765625,0.2543487548828125,-0.6548919677734375
1784804416457283840,28.603020906448364,0.28863525390625,-0.0801544189453125,-0.9742889404296875
1784804416467203584,28.612940788269043,0.532012939453125,-0.1308441162109375,-0.9915924072265625
1784804416477122560,28.622859716415405,0.5489044189453125,0.0162811279296875,-0.811370849609375
1784804416487042560,28.632779836654663,0.4757843017578125,0.311492919921875,-0.6973724365234375
1784804416496962560,28.642699718475342,0.3550262451171875,0.7238922119140625,-0.7259979248046875
1784804416506881792,28.652618885040283,0.14837646484375,1.2432708740234375,-0.7485198974609375
1784804416516801536,28.662538766860962,0.2346343994140625,1.4425201416015625,-0.9694976806640625
1784804416526720768,28.672457933425903,0.3920135498046875,1.3926849365234375,-1.209259033203125
1784804416536640768,28.682377815246582,0.46337890625,1.2069549560546875,-1.3737030029296875
1784804416546560768,28.69229793548584,0.391815185546875,1.11529541015625,-1.3807373046875
1784804416556479744,28.702216863632202,0.36962890625,1.1516265869140625,-1.3086395263671875
1784804416566399488,28.71213674545288,0.4520111083984375,1.320709228515625,-1.38848876953125
1784804416576318720,28.722055912017822,0.4397430419921875,1.53045654296875,-1.4403839111328125
1784804416586238720,28.7319757938385,0.5233306884765625,1.53857421875,-1.3888702392578125
1784804416596158720,28.74189591407776,0.5629119873046875,1.3938140869140625,-1.4225921630859375
1784804416606077696,28.75181484222412,0.5172576904296875,1.4185028076171875,-1.2682037353515625
1784804416615997440,28.7617347240448,0.4907684326171875,1.0958099365234375,-1.1332550048828125
1784804416625916672,28.77165389060974,0.5083160400390625,0.73126220703125,-0.94512939453125
1784804416635836672,28.78157377243042,0.3550262451171875,0.7760772705078125,-0.8361968994140625
1784804416645756672,28.791493892669678,0.21405029296875,0.94610595703125,-0.787384033203125
1784804416655675648,28.80141282081604,0.15399169921875,1.0244140625,-0.9389801025390625
1784804416665595648,28.811332941055298,0.204925537109375,1.0200653076171875,-0.840972900390625
1784804416675514624,28.82125186920166,0.21435546875,0.9178009033203125,-0.6620330810546875
1784804416685434624,28.83117175102234,0.255859375,0.5726470947265625,-0.499786376953125
1784804416695354624,28.841091871261597,0.241546630859375,0.3011322021484375,-0.247283935546875
1784804416705273600,28.85101079940796,0.1950225830078125,0.16912841796875,-0.0128173828125
1784804416715193856,28.860930919647217,0.0928802490234375,0.0992279052734375,0.0244598388671875
1784804416725112576,28.87084984779358,0.0054473876953125,0.1854400634765625,0.251495361328125
1784804416735032576,28.880769729614258,-0.0105438232421875,0.2107391357421875,0.291015625
1784804416744952576,28.890689849853516,0.0617828369140625,0.148193359375,0.2253875732421875
1784804416754871552,28.900608777999878,0.1663055419921875,0.0484771728515625,0.1486663818359375
1784804416764791808,28.910528898239136,0.2408447265625,-0.107574462890625,-0.0956268310546875
1784804416774710528,28.920447826385498,0.257049560546875,-0.2218170166015625,-0.0213165283203125
1784804416784630784,28.930367946624756,0.27093505859375,-0.458282470703125,0.1073760986328125
1784804416794550784,28.940287828445435,0.4221343994140625,-0.58868408203125,-0.067779541015625
1784804416804469504,28.950206756591797,0.5554351806640625,-0.4769744873046875,-0.293182373046875
1784804416814389760,28.960126876831055,0.5819091796875,-0.3925018310546875,-0.5358734130859375
1784804416824308736,28.970045804977417,0.41845703125,-0.5774993896484375,-0.8016204833984375
1784804416834228736,28.979965925216675,0.3999176025390625,-0.7260589599609375,-0.91729736328125
1784804416844148736,28.989885807037354,0.5111846923828125,-0.8141326904296875,-1.047119140625
1784804416854067456,28.999804735183716,0.6228790283203125,-0.8593902587890625,-0.9599761962890625
1784804416863987712,29.009724855422974,0.7109527587890625,-0.900390625,-1.097869873046875
1784804416873906688,29.019643783569336,0.83892822265625,-0.761199951171875,-1.2447967529296875
1784804416883826688,29.029563903808594,1.0558624267578125,-0.9073486328125,-1.35699462890625
1784804416893745664,29.039482831954956,1.4398193359375,-1.3677215576171875,-1.14678955078125
1784804416903665664,29.049402952194214,1.7928924560546875,-1.8647613525390625,-1.12982177734375
1784804416913585664,29.059322834014893,2.0835723876953125,-2.058013916015625,-1.315093994140625
1784804416923504640,29.069241762161255,2.23114013671875,-1.662200927734375,-1.481201171875
1784804416933424640,29.079161882400513,2.2762451171875,-1.1133575439453125,-1.5162506103515625
1784804416943344640,29.08908176422119,2.29022216796875,-0.95526123046875,-1.473785400390625
1784804416953263872,29.099000930786133,2.5177154541015625,-1.3231048583984375,-1.3532867431640625
1784804416963183616,29.10892081260681,2.407135009765625,-1.6704559326171875,-1.4456939697265625
1784804416973102592,29.118839740753174,2.2439727783203125,-1.676055908203125,-1.2449798583984375
1784804416983022592,29.12875986099243,2.2447509765625,-1.565277099609375,-1.3078155517578125
1784804416992941568,29.138678789138794,2.3828582763671875,-1.1650238037109375,-1.1735076904296875
1784804417002861824,29.14859890937805,2.3861846923828125,-1.2138214111328125,-0.6515960693359375
1784804417012781568,29.15851879119873,2.386016845703125,-0.5191497802734375,-0.498565673828125
1784804417022700544,29.168437719345093,1.9873046875,0.1176605224609375,-0.1500091552734375
1784804417032620544,29.17835783958435,1.3767547607421875,1.0036773681640625,0.2696075439453125
1784804417042540800,29.18827795982361,0.7066802978515625,1.4173126220703125,0.0179595947265625
1784804417052460544,29.198197841644287,0.8832550048828125,1.988433837890625,0.0359039306640625
1784804417062380800,29.208117961883545,0.3513336181640625,1.749298095703125,-0.00726318359375
1784804417072299776,29.218036890029907,0.145843505859375,1.0807342529296875,-0.09796142578125
1784804417082219776,29.227957010269165,1.760589599609375,0.8557586669921875,0.1517791748046875
1784804417092138752,29.237875938415527,3.5359954833984375,0.2449188232421875,0.00079345703125
1784804417102058752,29.247795820236206,4.174957275390625,-0.331939697265625,-0.2946319580078125
1784804417111978752,29.257715940475464,3.117095947265625,-0.271881103515625,-1.665313720703125
1784804417121897728,29.267634868621826,2.669677734375,0.438385009765625,-1.448883056640625
1784804417131817728,29.277554988861084,2.8937835693359375,0.319580078125,-1.4101715087890625
1784804417141736704,29.287473917007446,2.4282073974609375,-0.02398681640625,-0.8604736328125
1784804417151656704,29.297393798828125,2.282440185546875,-0.6225128173828125,-0.9626617431640625
1784804417161576704,29.307313919067383,3.3857879638671875,-0.5880889892578125,-1.2219085693359375
1784804417171495680,29.317232847213745,4.117828369140625,-0.29705810546875,-1.4445343017578125
1784804417181415680,29.327152967453003,3.609527587890625,-0.83953857421875,-1.124267578125
1784804417191334656,29.337071895599365,3.4859161376953125,-0.5251922607421875,-1.6171722412109375
1784804417201254912,29.346992015838623,3.289093017578125,-0.508026123046875,-1.15362548828125
1784804417211174656,29.3569118976593,2.367340087890625,-1.0902252197265625,-1.417999267578125
1784804417221093632,29.366830825805664,2.7590789794921875,-1.2094268798828125,-1.02545166015625
1784804417231013888,29.376750946044922,2.780914306640625,-1.1049346923828125,-0.69232177734375
1784804417240932608,29.386669874191284,2.7454376220703125,-0.8985137939453125,-0.742156982421875
1784804417250852864,29.396589994430542,2.7315521240234375,-0.88116455078125,-0.9403076171875
1784804417260772608,29.40650987625122,2.0480194091796875,-0.9824981689453125,-1.575836181640625
1784804417270691584,29.416428804397583,1.9774169921875,-0.5594940185546875,-2.038970947265625
1784804417280611840,29.42634892463684,2.0795745849609375,-0.055755615234375,-2.5552215576171875
1784804417290530560,29.436267852783203,2.0164337158203125,0.733062744140625,-2.8587799072265625
1784804417300450816,29.44618797302246,1.3731231689453125,1.54534912109375,-2.7260284423828125
1784804417310370560,29.45610785484314,1.0504302978515625,3.06591796875,-2.3290863037109375
1784804417320289792,29.46602702140808,1.750579833984375,1.881072998046875,-2.2552337646484375
1784804417330209792,29.47594690322876,2.4220123291015625,0.7261505126953125,-2.0932159423828125
1784804417340128768,29.485865831375122,3.1128997802734375,0.539825439453125,-1.964630126953125
1784804417350048768,29.49578595161438,2.8308258056640625,-0.6503753662109375,-2.1360321044921875
1784804417359968768,29.50570583343506,2.750640869140625,-0.537628173828125,-1.061187744140625
1784804417369887744,29.515625,3.0022430419921875,0.361602783203125,-0.3475189208984375
1784804417379807744,29.52554488182068,3.4867095947265625,0.863525390625,0.0037841796875
1784804417389726720,29.53546380996704,3.433441162109375,0.7198638916015625,-0.05181884765625
1784804417399646720,29.5453839302063,3.3222503662109375,0.725128173828125,-0.23968505859375
1784804417409566720,29.555303812026978,3.2283935546875,0.6483154296875,-0.4799346923828125
1784804417419485696,29.56522297859192,3.20733642578125,0.758575439453125,-0.736785888671875
1784804417429405696,29.575142860412598,3.273529052734375,1.1508941650390625,-0.8399200439453125
1784804417439324928,29.58506202697754,3.4204559326171875,1.522430419921875,-0.9292755126953125
1784804417449244672,29.594981908798218,3.6077728271484375,1.571258544921875,-0.656494140625
1784804417459163648,29.60490083694458,3.978759765625,1.406219482421875,-0.3149566650390625
1784804417469083904,29.614820957183838,4.430938720703125,1.38275146484375,0.0265960693359375
1784804417479003648,29.624740839004517,4.7410888671875,1.216766357421875,0.2372894287109375
1784804417488922880,29.634660005569458,4.917572021484375,1.1784515380859375,0.2602691650390625
1784804417498842624,29.644579887390137,5.132659912109375,1.61627197265625,0.2790374755859375
1784804417508761600,29.6544988155365,5.2747039794921875,2.055145263671875,0.5493621826171875
1784804417518681856,29.664418935775757,5.196197509765625,2.1942596435546875,1.12213134765625
1784804417528601600,29.674338817596436,4.946044921875,1.9439697265625,1.696319580078125
1784804417538520832,29.684257984161377,4.7550506591796875,1.48809814453125,2.0849609375
1784804417548440576,29.694177865982056,4.4651947021484375,1.2949981689453125,2.2911834716796875
1784804417558359808,29.704097032546997,4.2259521484375,1.092376708984375,2.2574005126953125
1784804417568279808,29.714016914367676,4.0243377685546875,0.8577728271484375,2.265655517578125
1784804417578199808,29.723937034606934,3.5866546630859375,1.2410125732421875,2.2254791259765625
1784804417588118784,29.733855962753296,2.766998291015625,2.441070556640625,1.672882080078125
1784804417598038784,29.743775844573975,3.3085784912109375,4.8459930419921875,1.30029296875
1784804417607957760,29.753695011138916,1.820770263671875,7.43695068359375,2.6354217529296875
1784804417617877760,29.763614892959595,0.5706939697265625,4.0731353759765625,2.4304962158203125
1784804417627796736,29.773533821105957,0.7677764892578125,2.371673583984375,2.1909637451171875
1784804417637716736,29.783453941345215,1.056976318359375,1.6489715576171875,1.75421142578125
1784804417647636736,29.793373823165894,0.4556884765625,1.74688720703125,1.6031036376953125
1784804417657555712,29.803292989730835,0.11651611328125,1.9197845458984375,1.613983154296875
1784804417667475712,29.813212871551514,-0.0918121337890625,1.4853363037109375,1.4973602294921875
1784804417677394688,29.823131799697876,-0.1735992431640625,1.34991455078125,1.21014404296875
1784804417687314688,29.833051919937134,0.0760498046875,1.725921630859375,1.0269927978515625
1784804417697234688,29.842971801757812,0.21917724609375,1.78466796875,0.687164306640625
1784804417707153920,29.852890968322754,0.1274871826171875,1.3231048583984375,0.689300537109375
1784804417717073664,29.862810850143433,0.03497314453125,0.8246917724609375,0.8303680419921875
1784804417726992896,29.872730016708374,-0.072113037109375,0.64129638671875,0.5862884521484375
1784804417736912640,29.882649898529053,-0.0982666015625,0.813812255859375,0.254608154296875
1784804417746831616,29.892568826675415,0.0459442138671875,1.199371337890625,-0.294525146484375
1784804417756751872,29.902488946914673,0.008087158203125,1.484222412109375,-0.5259246826171875
1784804417766671616,29.91240882873535,-0.325775146484375,1.4145965576171875,-0.65478515625
1784804417776590848,29.922327995300293,-0.4726715087890625,1.1981048583984375,-0.7149658203125
1784804417786510592,29.93224787712097,-0.5018768310546875,1.135284423828125,-0.8353729248046875
1784804417796429568,29.942166805267334,-0.5258941650390625,1.1932373046875,-1.0344085693359375
1784804417806349824,29.952086925506592,-0.4338531494140625,1.2088623046875,-1.1675262451171875
1784804417816269568,29.96200680732727,-0.2137298583984375,1.18310546875,-1.3620147705078125
1784804417826188800,29.971925973892212,-0.1923370361328125,1.3080596923828125,-1.438720703125
1784804417836108800,29.98184585571289,-0.1515655517578125,1.3439788818359375,-1.3563385009765625
1784804417846027776,29.991765022277832,-0.1497650146484375,1.2614593505859375,-1.16497802734375
1784804417855947776,30.00168490409851,0.0368499755859375,0.918212890625,-1.1869964599609375
1784804417865866752,30.011603832244873,0.7549591064453125,0.5198516845703125,-0.69683837890625
1784804417875786752,30.02152395248413,0.9499664306640625,0.61767578125,-0.6534576416015625
1784804417885706752,30.03144383430481,1.1596221923828125,0.5967559814453125,-0.2420806884765625
1784804417895625728,30.04136300086975,0.7843017578125,0.4434051513671875,-0.0557403564453125
1784804417905545728,30.05128288269043,0.4685516357421875,0.414459228515625,-0.33697509765625
1784804417915464704,30.061201810836792,0.35009765625,0.053497314453125,-0.9409332275390625
1784804417925384704,30.07112193107605,0.2653961181640625,-0.058380126953125,-1.070648193359375
1784804417935303680,30.081040859222412,0.1532135009765625,0.3832855224609375,-0.763946533203125
1784804417945223936,30.09096097946167,0.0321807861328125,0.8829193115234375,-0.7593994140625
1784804417955143680,30.10088086128235,-0.1638946533203125,1.2866973876953125,-0.9530487060546875
1784804417965062912,30.11080002784729,-0.013946533203125,1.874908447265625,-1.10308837890625
1784804417974982656,30.12071990966797,0.369720458984375,1.9188232421875,-1.48382568359375
1784804417984901632,30.13063883781433,0.4634857177734375,1.5994415283203125,-1.575103759765625
1784804417994821888,30.14055895805359,0.515777587890625,1.38983154296875,-1.450897216796875
1784804418004740608,30.15047788619995,0.4465179443359375,1.4240875244140625,-1.356109619140625
1784804418014660864,30.16039800643921,0.52880859375,1.54681396484375,-1.3491668701171875
1784804418024580608,30.170317888259888,0.4713592529296875,1.581268310546875,-1.305938720703125
1784804418034499584,30.18023681640625,0.605560302734375,1.5637359619140625,-1.0999755859375
1784804418044419584,30.19015669822693,0.532135009765625,1.47021484375,-0.7095489501953125
1784804418054338816,30.20007586479187,0.5434112548828125,1.12188720703125,-0.9456787109375
1784804418064258560,30.20999574661255,0.3446807861328125,1.1168212890625,-0.830780029296875
1784804418074178816,30.219915866851807,0.213958740234375,1.1786041259765625,-0.7694091796875
1784804418084097536,30.22983479499817,0.154205322265625,0.94512939453125,-0.64501953125
1784804418094017536,30.239754676818848,0.094024658203125,0.824310302734375,-0.375640869140625
1784804418103936768,30.24967384338379,0.1549530029296875,0.516143798828125,-0.2480621337890625
1784804418113856512,30.259593725204468,0.126129150390625,0.208740234375,-0.0942840576171875
1784804418123775744,30.26951289176941,0.1623077392578125,0.0475921630859375,0.0182952880859375
1784804418133695488,30.279432773590088,0.24322509765625,0.0136260986328125,0.260101318359375
1784804418143614464,30.28935170173645,0.278656005859375,-0.0008544921875,0.388427734375
1784804418153534720,30.299271821975708,0.217559814453125,-0.0165863037109375,0.4304351806640625
1784804418163454464,30.309191703796387,0.15167236328125,0.02545166015625,0.4591217041015625
1784804418173373696,30.319110870361328,0.16900634765625,0.073638916015625,0.3976593017578125
1784804418183293696,30.329030752182007,0.2666778564453125,0.106475830078125,0.1851654052734375
1784804418193212416,30.33894968032837,0.3825836181640625,-0.18743896484375,-0.0811767578125
1784804418203132672,30.348869800567627,0.4416351318359375,-0.5261993408203125,-0.401763916015625
1784804418213051648,30.35878872871399,0.57647705078125,-0.5784912109375,-0.4847564697265625
1784804418222971648,30.368708848953247,0.5955963134765625,-0.52264404296875,-0.7086639404296875
1784804418232891648,30.378628730773926,0.49603271484375,-0.257843017578125,-0.826141357421875
1784804418242810624,30.388547897338867,0.458709716796875,-0.0645599365234375,-0.9698486328125
1784804418252730624,30.398467779159546,0.49169921875,0.034942626953125,-1.0848846435546875
1784804418262649600,30.408386707305908,0.58184814453125,-0.235137939453125,-1.147491455078125
1784804418272569600,30.418306827545166,0.6754150390625,-0.47039794921875,-1.2205657958984375
1784804418282488576,30.42822575569153,0.82904052734375,-0.695404052734375,-1.2977294921875
1784804418292408832,30.438145875930786,1.0504150390625,-0.9119415283203125,-1.3287353515625
1784804418302328576,30.448065757751465,1.1858062744140625,-1.1925506591796875,-0.991790771484375
1784804418312247552,30.457984685897827,1.41815185546875,-1.55035400390625,-0.8160247802734375
1784804418322167552,30.467904806137085,1.6595611572265625,-1.7702484130859375,-0.881134033203125
1784804418332086528,30.477823734283447,1.9783477783203125,-1.68817138671875,-1.107177734375
1784804418342006784,30.487743854522705,2.259368896484375,-1.560028076171875,-1.3593902587890625
1784804418351925504,30.497662782669067,2.2724151611328125,-1.3427581787109375,-1.2981719970703125
1784804418361845760,30.507582902908325,2.3077392578125,-1.37591552734375,-1.5697174072265625
1784804418371764736,30.517501831054688,2.2133026123046875,-1.700164794921875,-1.7424468994140625
1784804418381684480,30.527421712875366,2.4112396240234375,-1.58831787109375,-1.651580810546875
1784804418391604736,30.537341833114624,2.4950714111328125,-1.3728790283203125,-1.5096282958984375
1784804418401523712,30.547260761260986,2.5590057373046875,-0.98651123046875,-1.3006744384765625
1784804418411443712,30.557180881500244,2.182830810546875,-0.268280029296875,-0.9008941650390625
1784804418421362688,30.567099809646606,1.7728424072265625,-0.100372314453125,-0.4975128173828125
1784804418431282432,30.577019691467285,1.97918701171875,-0.3065338134765625,0.199310302734375
1784804418441201664,30.586938858032227,1.3714141845703125,0.1161651611328125,0.1623077392578125
1784804418451121664,30.596858739852905,0.9413604736328125,0.7478485107421875,0.7593994140625
1784804418461041664,30.606778860092163,0.9428558349609375,0.782470703125,0.3914031982421875
1784804418470960640,30.616697788238525,0.385986328125,1.28179931640625,0.2161712646484375
1784804418480880640,30.626617908477783,-0.059600830078125,0.793060302734375,-0.17681884765625
1784804418490799616,30.636536836624146,1.2497406005859375,0.9658203125,-0.1702423095703125
1784804418500719616,30.646456718444824,2.5531158447265625,1.017181396484375,-0.3131103515625
1784804418510638592,30.656375885009766,4.0356597900390625,0.48187255859375,-0.5106964111328125
1784804418520558592,30.666295766830444,4.012939453125,-0.5762176513671875,-0.9855194091796875
1784804418530477568,30.676214694976807,2.9325103759765625,-0.3322296142578125,-0.7491302490234375
1784804418540397568,30.686134815216064,3.065185546875,0.1216278076171875,-1.87615966796875
1784804418550317568,30.696054697036743,2.5382537841796875,0.898193359375,-1.402130126953125
1784804418560236800,30.705973863601685,1.7773284912109375,0.2571868896484375,-1.26568603515625
1784804418570156544,30.715893745422363,2.8533782958984375,0.04693603515625,-0.405426025390625
1784804418580075520,30.725812673568726,3.0596160888671875,-0.7381744384765625,-0.451263427734375
1784804418589995520,30.735732793807983,3.596221923828125,-0.499359130859375,-0.59429931640625
1784804418599914496,30.745651721954346,3.762725830078125,-0.0743255615234375,-1.0652618408203125
1784804418609834752,30.755571842193604,3.080810546875,-0.8585662841796875,-1.7946319580078125
1784804418619754496,30.765491724014282,2.644622802734375,-0.9994354248046875,-1.266754150390625
1784804418629673728,30.775410890579224,3.0968475341796875,-0.7732391357421875,-1.3123931884765625
1784804418639593728,30.785330772399902,2.88250732421875,-1.0836639404296875,-1.1969757080078125
1784804418649512448,30.795249700546265,2.87860107421875,-0.5816192626953125,-1.2164306640625
1784804418659432704,30.805169820785522,2.3472137451171875,-0.4074249267578125,-0.8285675048828125
1784804418669351680,30.815088748931885,1.7066497802734375,-0.4693145751953125,-0.83203125
1784804418679271680,30.825008869171143,1.6763763427734375,-0.4004058837890625,-0.60528564453125
1784804418689191680,30.83492875099182,1.828460693359375,-0.4136810302734375,-0.941741943359375
1784804418699110400,30.844847679138184,1.7702484130859375,-0.57647705078125,-1.4268951416015625
1784804418709030656,30.85476779937744,1.7375030517578125,-0.5111541748046875,-1.8220977783203125
1784804418718949632,30.864686727523804,1.711090087890625,-0.31500244140625,-2.4530487060546875
1784804418728869632,30.87460684776306,1.64404296875,0.0811767578125,-2.6570587158203125
1784804418738788608,30.884525775909424,1.35809326171875,0.618316650390625,-2.827423095703125
1784804418748708608,30.89444589614868,1.48211669921875,2.3047027587890625,-2.7869720458984375
1784804418758627584,30.904364824295044,2.0815887451171875,1.17034912109375,-2.985992431640625
1784804418768547584,30.914284706115723,2.531463623046875,0.027923583984375,-2.39471435546875
1784804418778466816,30.924203872680664,3.05035400390625,-0.5632781982421875,-2.079681396484375
1784804418788386560,30.934123754501343,2.8321075439453125,-0.76629638671875,-1.3514404296875
1784804418798306816,30.9440438747406,2.904327392578125,-0.9022216796875,-0.5777740478515625
1784804418808225536,30.953962802886963,3.0878143310546875,-0.1774444580078125,0.252349853515625
1784804418818145536,30.96388268470764,2.7947845458984375,0.1460418701171875,-0.0435333251953125
1784804418828064768,30.973801851272583,2.447021484375,0.3365631103515625,-0.343048095703125
1784804418837984512,30.98372173309326,2.5724639892578125,0.44525146484375,-0.5474395751953125
1784804418847903744,30.993640899658203,2.8882293701171875,0.462249755859375,-0.8373260498046875
1784804418857823488,31.003560781478882,3.0767059326171875,0.7317047119140625,-1.0406036376953125
1784804418867742464,31.013479709625244,3.369720458984375,1.2667694091796875,-1.116424560546875
1784804418877662720,31.023399829864502,3.710845947265625,1.6013031005859375,-1.0716705322265625
1784804418887582464,31.03331971168518,4.0962371826171875,1.628875732421875,-0.8543853759765625
1784804418897501696,31.043238878250122,4.48785400390625,1.551177978515625,-0.57196044921875
1784804418907421696,31.0531587600708,4.7641448974609375,1.4118804931640625,-0.1078948974609375
1784804418917340416,31.063077688217163,4.9131927490234375,1.47259521484375,0.2690582275390625
1784804418927260672,31.07299780845642,4.9178619384765625,1.66046142578125,0.574798583984375
1784804418937179648,31.082916736602783,4.7264404296875,1.6829071044921875,0.716461181640625
1784804418947099648,31.09283685684204,4.4796295166015625,1.6628265380859375,0.90380859375
1784804418957018624,31.102755784988403,4.3714447021484375,1.476776123046875,1.093109130859375
1784804418966938624,31.11267590522766,4.3727874755859375,1.188751220703125,1.17889404296875
1784804418976858624,31.12259578704834,4.48828125,1.196746826171875,1.4637603759765625
1784804418986777600,31.132514715194702,4.501556396484375,1.0736846923828125,1.90655517578125
1784804418996697600,31.14243483543396,3.499267578125,1.14202880859375,1.8100433349609375
1784804419006616576,31.152353763580322,2.939605712890625,1.825347900390625,0.9245452880859375
1784804419016536832,31.16227388381958,3.317901611328125,3.627105712890625,0.7901458740234375
1784804419026455552,31.172192811965942,3.655914306640625,4.83892822265625,0.8433380126953125
1784804419036375552,31.18211269378662,2.205230712890625,7.75506591796875,3.7522125244140625
1784804419046294528,31.192031621932983,0.144317626953125,3.4896240234375,1.71173095703125
1784804419056214272,31.201951503753662,0.984344482421875,1.797088623046875,2.599853515625
1784804419066133248,31.211870431900024,0.59344482421875,1.3785247802734375,1.8437957763671875
1784804419076053504,31.221790552139282,0.46240234375,1.714569091796875,1.115936279296875
1784804419085973248,31.23171043395996,0.2251739501953125,2.0166168212890625,0.881683349609375
1784804419095892480,31.241629600524902,-0.0458526611328125,2.0013427734375,0.908966064453125
1784804419105812224,31.25154948234558,-0.28118896484375,1.628204345703125,0.8917236328125
1784804419115731456,31.261468648910522,-0.20623779296875,1.115081787109375,0.812957763671875
1784804419125651456,31.2713885307312,-0.102508544921875,0.60113525390625,0.6293487548828125
1784804419135570176,31.281307458877563,-0.012725830078125,0.267333984375,0.5287933349609375
1784804419145490432,31.29122757911682,0.1568145751953125,0.2438507080078125,0.465606689453125
1784804419155409408,31.301146507263184,0.20025634765625,0.649871826171875,0.2144317626953125
1784804419165329408,31.31106662750244,0.1934661865234375,1.0712738037109375,-0.2093658447265625
1784804419175248384,31.320985555648804,0.2253875732421875,1.54949951171875,-0.614593505859375
1784804419185168384,31.330905437469482,0.1074981689453125,1.9335784912109375,-0.7006988525390625
1784804419195087360,31.340824604034424,0.0347442626953125,1.865325927734375,-0.9245147705078125
1784804419205007360,31.350744485855103,-0.0117034912109375,1.4084320068359375,-1.012664794921875
1784804419214927360,31.36066460609436,-0.1566925048828125,1.096038818359375,-0.9375457763671875
1784804419224846336,31.370583534240723,-0.2293243408203125,0.9911041259765625,-0.97918701171875
1784804419234766592,31.38050365447998,-0.168182373046875,1.0256805419921875,-1.20343017578125
1784804419244685312,31.390422582626343,-0.033050537109375,1.2905731201171875,-1.2669219970703125
1784804419254605312,31.40034246444702,0.059478759765625,1.401519775390625,-1.47149658203125
1784804419264524544,31.410261631011963,-0.1020965576171875,1.443511962890625,-1.61279296875
1784804419274444288,31.42018151283264,-0.682647705078125,1.8025665283203125,-1.0265350341796875
1784804419284363264,31.430100440979004,-0.2711639404296875,1.5462646484375,-1.06622314453125
1784804419294283264,31.44002056121826,0.4725494384765625,1.1778106689453125,-0.010009765625
1784804419304202240,31.449939489364624,0.57342529296875,0.8035125732421875,-0.109588623046875
1784804419314122496,31.459859609603882,0.6678924560546875,0.499542236328125,0.0735015869140625
1784804419324041472,31.469778537750244,0.20660400390625,0.13018798828125,-0.2020416259765625
1784804419333961472,31.479698657989502,0.0611572265625,-0.1015625,-0.5817108154296875
1784804419343881472,31.48961853981018,0.354278564453125,-0.3247222900390625,-1.108795166015625
1784804419353800192,31.499537467956543,0.7565155029296875,-0.3417205810546875,-1.130706787109375
1784804419363720448,31.5094575881958,0.8210296630859375,-0.0262908935546875,-0.9260711669921875
1784804419373639424,31.519376516342163,0.5334014892578125,0.5544281005859375,-0.799896240234375
1784804419383559424,31.52929663658142,0.2262115478515625,1.4154815673828125,-0.817962646484375
1784804419393478400,31.539215564727783,0.1075897216796875,2.3310394287109375,-1.0386810302734375
1784804419403398400,31.549135446548462,0.3358917236328125,2.552459716796875,-1.3075408935546875
1784804419413317376,31.559054613113403,0.597991943359375,1.88720703125,-1.35919189453125
1784804419423237376,31.568974494934082,0.6011199951171875,1.3148345947265625,-1.5062713623046875
1784804419433156352,31.578893423080444,0.5258636474609375,1.1663665771484375,-1.4819793701171875
1784804419443076352,31.588813543319702,0.4441986083984375,1.3581695556640625,-1.35321044921875
1784804419452995328,31.598732471466064,0.433013916015625,1.447479248046875,-1.2925567626953125
1784804419462915328,31.608652591705322,0.44305419921875,1.3148040771484375,-1.1460723876953125
1784804419472835328,31.618572473526,0.4638824462890625,0.9694671630859375,-1.2489471435546875
1784804419482754560,31.628491640090942,0.5021209716796875,0.80364990234375,-0.9730377197265625
1784804419492674304,31.63841152191162,0.3789215087890625,0.5627593994140625,-0.83929443359375
1784804419502593280,31.648330450057983,0.333526611328125,0.520721435546875,-0.6775970458984375
1784804419512513280,31.65825057029724,0.2220001220703125,0.721221923828125,-0.8294677734375
1784804419522432256,31.668169498443604,0.1781005859375,1.0307159423828125,-0.744964599609375
1784804419532352512,31.67808961868286,0.197723388671875,0.9893035888671875,-0.4340057373046875
1784804419542271488,31.688008546829224,0.145843505859375,0.732421875,-0.1158447265625
1784804419552191232,31.697928428649902,0.2026519775390625,0.5096893310546875,0.180419921875
1784804419562110464,31.707847595214844,0.1998443603515625,0.3004302978515625,0.4731597900390625
1784804419572030208,31.717767477035522,0.168182373046875,0.086181640625,0.44775390625
1784804419581949440,31.727686643600464,0.1957550048828125,-0.1223602294921875,0.3402252197265625
1784804419591869440,31.737606525421143,0.21221923828125,-0.2339324951171875,0.2168731689453125
1784804419601788160,31.747525453567505,0.202545166015625,-0.2857208251953125,0.1609649658203125
1784804419611708416,31.757445573806763,0.2670745849609375,-0.4180450439453125,0.2171173095703125
1784804419621628160,31.76736545562744,0.3838653564453125,-0.5410308837890625,-0.1436309814453125
1784804419631547392,31.777284622192383,0.4368438720703125,-0.3870391845703125,-0.4475250244140625
1784804419641467392,31.78720450401306,0.5037841796875,-0.318389892578125,-0.8590087890625
1784804419651386368,31.797123432159424,0.4259796142578125,-0.5768280029296875,-1.198272705078125
1784804419661306368,31.80704355239868,0.366058349609375,-0.6804046630859375,-1.1780242919921875
1784804419671225344,31.816962480545044,0.4304046630859375,-0.8148956298828125,-1.242919921875
1784804419681145344,31.8268826007843,0.5611724853515625,-0.816375732421875,-1.36322021484375
1784804419691064320,31.836801528930664,0.753997802734375,-0.7693939208984375,-1.23773193359375
1784804419700984576,31.846721649169922,0.8997650146484375,-0.82110595703125,-1.0822906494140625
1784804419710903296,31.856640577316284,1.11871337890625,-0.9789886474609375,-1.196624755859375
1784804419720823296,31.866560459136963,1.284942626953125,-1.0346221923828125,-1.2454376220703125
1784804419730742528,31.876479625701904,1.45166015625,-0.96856689453125,-1.1953277587890625
1784804419740662272,31.886399507522583,1.527496337890625,-0.8541412353515625,-1.017303466796875
1784804419750581248,31.896318435668945,1.7281036376953125,-1.0336151123046875,-0.887176513671875
1784804419760501504,31.906238555908203,2.0599517822265625,-1.383056640625,-0.8439483642578125
1784804419770420224,31.916157484054565,2.3225250244140625,-2.0040435791015625,-1.000274658203125
1784804419780340480,31.926077604293823,2.4115447998046875,-2.1084747314453125,-1.4921875
1784804419790260224,31.935997486114502,2.5495147705078125,-1.6223297119140625,-1.366546630859375
1784804419800179456,31.945916652679443,2.3976898193359375,-1.4542236328125,-1.3833160400390625
1784804419810099456,31.955836534500122,2.1913604736328125,-1.6292266845703125,-1.262969970703125
1784804419820018176,31.965755462646484,1.970733642578125,-1.3958587646484375,-1.0077362060546875
1784804419829938432,31.975675582885742,2.3115692138671875,-0.840423583984375,-0.8777618408203125
1784804419839857408,31.985594511032104,2.4358978271484375,-0.5336456298828125,-0.538787841796875
1784804419849777408,31.995514631271362,2.082000732421875,-0.560333251953125,-0.354095458984375
1784804419859696384,32.005433559417725,1.566680908203125,0.366546630859375,0.1363983154296875
1784804419869616384,32.0153534412384,0.97943115234375,1.410064697265625,0.4084930419921875
1784804419879535360,32.025272607803345,0.60107421875,2.341583251953125,0.294708251953125
1784804419889455360,32.03519248962402,-0.3294830322265625,2.1499786376953125,-0.0048675537109375
1784804419899374592,32.045111656188965,0.263580322265625,0.981536865234375,-0.21881103515625
1784804419909294336,32.055031538009644,1.488800048828125,0.4098358154296875,-0.135040283203125
1784804419919213312,32.064950466156006,3.483001708984375,0.6195831298828125,0.158782958984375
1784804419929133312,32.074870586395264,4.8363494873046875,0.1462860107421875,0.1413116455078125
1784804419939052288,32.084789514541626,3.0484619140625,-0.5796051025390625,-1.2351837158203125
1784804419948972544,32.094709634780884,2.0594024658203125,-0.238067626953125,-1.42572021484375
1784804419958892288,32.10462951660156,3.0051116943359375,0.8437042236328125,-1.5598602294921875
1784804419968811264,32.114548444747925,3.1172637939453125,0.4598388671875,-1.335357666015625
1784804419978731520,32.12446856498718,3.2140655517578125,-0.110992431640625,-0.954833984375
1784804419988650240,32.134387493133545,2.44305419921875,-0.8291168212890625,-0.972503662109375
1784804419998570496,32.1443076133728,2.9044647216796875,-0.8163604736328125,-0.775604248046875
1784804420008489472,32.154226541519165,3.2150726318359375,-0.4176483154296875,-0.3897857666015625
1784804420018409216,32.164146423339844,3.289031982421875,-0.655914306640625,-1.10662841796875
1784804420028328448,32.174065589904785,3.3875732421875,-1.2029876708984375,-0.9219970703125
1784804420038247936,32.183984994888306,2.9635162353515625,-0.9942626953125,-0.7902069091796875
1784804420048166912,32.19390416145325,3.1192626953125,-0.69000244140625,-1.2311248779296875
1784804420058086912,32.203824043273926,2.7490386962890625,-0.43267822265625,-0.79547119140625
1784804420068005888,32.21374297142029,2.79119873046875,-0.7911834716796875,-1.26190185546875
1784804420077925888,32.223663091659546,2.5082550048828125,-0.7818450927734375,-1.2839813232421875
1784804420087844864,32.23358201980591,2.5627593994140625,-0.662506103515625,-1.4111175537109375
1784804420097764864,32.243502140045166,2.5138397216796875,-0.2245941162109375,-1.5868988037109375
1784804420107683840,32.25342106819153,2.0888214111328125,-0.343231201171875,-2.0414581298828125
1784804420117604096,32.263341188430786,2.2281341552734375,-0.3704681396484375,-2.3797149658203125
1784804420127523072,32.27326011657715,1.9393463134765625,-0.3674468994140625,-2.612457275390625
1784804420137442816,32.28317999839783,1.6515045166015625,0.3673858642578125,-2.9354248046875
1784804420147363072,32.293100118637085,0.6656494140625,1.5257110595703125,-3.1739349365234375
1784804420157281792,32.30301904678345,2.2095489501953125,2.1311492919921875,-2.6676788330078125
1784804420167202048,32.312939167022705,2.843780517578125,1.1252899169921875,-2.1849822998046875
1784804420177121024,32.32285809516907,2.5945892333984375,-0.995513916015625,-2.372802734375
1784804420187040768,32.332777976989746,3.0548858642578125,-1.8935699462890625,-1.9061431884765625
1784804420196960000,32.34269714355469,2.8536834716796875,-1.8780670166015625,-1.343994140625
1784804420206879744,32.352617025375366,2.9382781982421875,-1.0856170654296875,-0.70721435546875
1784804420216798976,32.36253619194031,2.5878448486328125,-0.1057586669921875,-0.4920806884765625
1784804420226718976,32.372456073760986,2.5464630126953125,0.64154052734375,-0.5609283447265625
1784804420236637952,32.38237500190735,2.91986083984375,1.0005950927734375,-0.55908203125
1784804420246557952,32.392295122146606,3.1197662353515625,0.8081207275390625,-0.5420074462890625
1784804420256476928,32.40221405029297,3.0982208251953125,0.6277313232421875,-0.5009307861328125
1784804420266396928,32.41213417053223,3.1427764892578125,0.842864990234375,-0.5740966796875
1784804420276315904,32.42205309867859,3.2653656005859375,1.1204833984375,-0.805084228515625
1784804420286235904,32.43197298049927,3.4756927490234375,1.2058258056640625,-0.7539215087890625
1784804420296154880,32.44189214706421,3.8943634033203125,1.05126953125,-0.549896240234375
1784804420306074880,32.45181202888489,4.26702880859375,0.7389984130859375,-0.0913543701171875
1784804420315994112,32.46173119544983,4.4516143798828125,0.6683197021484375,0.3241729736328125
1784804420325913856,32.47165107727051,4.49609375,0.8875732421875,0.3963165283203125
1784804420335832832,32.48157000541687,4.5436859130859375,1.130828857421875,0.2305755615234375
1784804420345752832,32.49149012565613,4.7151947021484375,1.51629638671875,0.0661773681640625
1784804420355671808,32.50140905380249,4.9543914794921875,1.9779052734375,0.4523468017578125
1784804420365592064,32.51132917404175,5.06396484375,1.858245849609375,0.8187255859375
1784804420375511808,32.52124905586243,4.770263671875,1.564483642578125,1.3303985595703125
1784804420385430784,32.53116798400879,4.314453125,1.352691650390625,1.585113525390625
1784804420395351040,32.54108810424805,4.0606842041015625,1.2296600341796875,1.7255859375
1784804420405269760,32.55100703239441,4.0204925537109375,0.9383392333984375,1.8244171142578125
1784804420415190016,32.56092715263367,3.931732177734375,0.493133544921875,1.9804534912109375
1784804420425108992,32.57084608078003,3.7030487060546875,0.22442626953125,2.1876678466796875
1784804420435028992,32.58076620101929,3.253662109375,0.1530914306640625,2.4537200927734375
1784804420444947968,32.59068512916565,2.632415771484375,1.1005096435546875,2.0420989990234375
1784804420454867712,32.60060501098633,4.524505615234375,4.7811431884765625,1.7974700927734375
1784804420464786944,32.61052417755127,2.49517822265625,13.143386840820312,3.3122406005859375
1784804420474706944,32.62044405937195,-0.0493316650390625,3.5471038818359375,1.9565887451171875
1784804420484625920,32.63036298751831,-0.3538818359375,1.28851318359375,1.128936767578125
1784804420494545920,32.64028310775757,0.4952239990234375,1.9962921142578125,1.96075439453125
1784804420504464896,32.65020203590393,0.393707275390625,1.4647674560546875,1.733551025390625
1784804420514384896,32.66012215614319,0.2631988525390625,1.1313323974609375,1.4524383544921875
1784804420524303872,32.67004108428955,0.160980224609375,0.9274139404296875,1.1913909912109375
1784804420534223872,32.67996096611023,0.079681396484375,0.952484130859375,0.96331787109375
1784804420544142848,32.68988013267517,0.228729248046875,1.4605865478515625,0.899688720703125
1784804420554062848,32.69980001449585,0.2189178466796875,1.8672943115234375,0.6753997802734375
1784804420563982080,32.70971918106079,0.09405517578125,1.960540771484375,0.447967529296875
1784804420573901824,32.71963906288147,-0.0202789306640625,1.8095245361328125,0.31182861328125
1784804420583820800,32.72955799102783,0.048370361328125,1.6507110595703125,0.0422210693359375
1784804420593741056,32.73947811126709,0.0870819091796875,1.6151123046875,-0.569061279296875
1784804420603659776,32.74939703941345,-0.1068878173828125,1.608154296875,-0.77947998046875
1784804420613580032,32.75931715965271,-0.261016845703125,1.5039215087890625,-0.793060302734375
1784804420623499008,32.76923608779907,-0.247161865234375,1.1201934814453125,-0.96539306640625
1784804420633418752,32.77915596961975,-0.390655517578125,1.1205596923828125,-1.0672454833984375
1784804420643337984,32.78907513618469,-0.3361663818359375,1.464202880859375,-1.1327667236328125
1784804420653257728,32.79899501800537,0.091156005859375,1.3414764404296875,-1.3955230712890625
1784804420663176960,32.80891418457031,-0.039764404296875,0.834991455078125,-1.3090972900390625
1784804420673096960,32.81883406639099,-0.791717529296875,0.8542022705078125,-0.550994873046875
1784804420683015936,32.82875299453735,-0.1278533935546875,0.44354248046875,-0.8795166015625
1784804420692935936,32.83867311477661,0.4433441162109375,0.2013092041015625,-0.9528961181640625
1784804420702854912,32.848592042922974,0.736236572265625,0.2546844482421875,-0.8191986083984375
1784804420712774912,32.85851216316223,0.49346923828125,0.4272003173828125,-0.787841796875
1784804420722693888,32.868431091308594,0.2145233154296875,0.61553955078125,-0.8463592529296875
1784804420732613888,32.87835097312927,0.330230712890625,0.4377288818359375,-1.0996551513671875
1784804420742533888,32.88827109336853,0.6392669677734375,0.2302093505859375,-0.992218017578125
1784804420752452864,32.89819002151489,0.634185791015625,0.3061370849609375,-0.7684326171875
1784804420762372096,32.908109188079834,0.5413055419921875,0.5605316162109375,-0.6849212646484375
1784804420772291840,32.91802906990051,0.3779449462890625,0.57421875,-0.894256591796875
1784804420782212096,32.92794919013977,0.21783447265625,0.648193359375,-0.8563995361328125
1784804420792131072,32.93786811828613,0.0556488037109375,0.8840789794921875,-0.690277099609375
1784804420802050816,32.94778800010681,0.0797119140625,1.1846923828125,-0.8572540283203125
1784804420811970048,32.95770716667175,0.3198699951171875,1.546966552734375,-1.0953369140625
1784804420821889792,32.96762704849243,0.4125518798828125,1.863189697265625,-1.3154449462890625
1784804420831808768,32.977545976638794,0.622772216796875,1.8856201171875,-1.454620361328125
1784804420841729024,32.98746609687805,0.6597900390625,1.6625213623046875,-1.66168212890625
1784804420851647744,32.997385025024414,0.570037841796875,1.47955322265625,-1.6796875
1784804420861568000,33.00730514526367,0.6937408447265625,1.386871337890625,-1.4831695556640625
1784804420871486976,33.017224073410034,0.6901397705078125,1.367706298828125,-1.319793701171875
1784804420881406976,33.02714419364929,0.460723876953125,1.236419677734375,-1.2285308837890625
1784804420891325952,33.037063121795654,0.41558837890625,1.2549896240234375,-0.9484405517578125
1784804420901245952,33.04698300361633,0.4119415283203125,1.102447509765625,-0.7926025390625
1784804420911164928,33.056902170181274,0.2171783447265625,0.8749542236328125,-0.747955322265625
1784804420921084928,33.06682205200195,0.19390869140625,0.758087158203125,-0.92559814453125
1784804420931003904,33.076740980148315,0.16351318359375,0.99298095703125,-0.8385162353515625
1784804420940923904,33.08666110038757,0.135955810546875,1.1107025146484375,-0.7450103759765625
1784804420950842880,33.096580028533936,0.203369140625,0.993194580078125,-0.50830078125
1784804420960762880,33.10650014877319,0.15582275390625,0.7320098876953125,-0.321380615234375
1784804420970681856,33.116419076919556,0.1419830322265625,0.4971160888671875,-0.248870849609375
1784804420980602112,33.12633919715881,0.148681640625,0.42193603515625,0.049072265625
1784804420990520832,33.136258125305176,0.13165283203125,0.2613983154296875,0.2317962646484375
1784804421000440832,33.146178007125854,0.200042724609375,0.04425048828125,0.12640380859375
1784804421010360064,33.156097173690796,0.189483642578125,-0.089141845703125,0.10040283203125
1784804421020279808,33.166017055511475,0.12640380859375,-0.1743316650390625,0.3137359619140625
1784804421030198784,33.17593598365784,0.07049560546875,-0.25897216796875,0.35223388671875
1784804421040118272,33.18585538864136,0.13812255859375,-0.1610870361328125,0.2162017822265625
1784804421050037248,33.19577431678772,0.254486083984375,-0.0050201416015625,-0.02301025390625
1784804421059957248,33.20569443702698,0.4248809814453125,-0.1065673828125,-0.152099609375
1784804421069876224,33.21561336517334,0.6255950927734375,-0.3314666748046875,-0.528289794921875
1784804421079795968,33.22553324699402,0.7968597412109375,-0.5702972412109375,-0.8572540283203125
1784804421089715200,33.23545241355896,0.73651123046875,-0.8314361572265625,-0.961395263671875
1784804421099635200,33.24537229537964,0.6134033203125,-0.9230499267578125,-0.96209716796875
1784804421109554176,33.255291223526,0.62139892578125,-0.7821502685546875,-0.889862060546875
1784804421119474176,33.26521134376526,0.73297119140625,-0.7200164794921875,-0.954620361328125
1784804421129393152,33.27513027191162,0.7492218017578125,-0.770538330078125,-0.9554443359375
1784804421139313152,33.28505039215088,0.7395782470703125,-1.006561279296875,-1.08819580078125
1784804421149232128,33.29496932029724,0.81353759765625,-1.1226654052734375,-1.136993408203125
1784804421159152384,33.3048894405365,1.04071044921875,-1.2477569580078125,-1.112945556640625
1784804421169071104,33.31480836868286,1.4383697509765625,-1.33697509765625,-1.1549072265625
1784804421178991104,33.32472825050354,1.600860595703125,-1.360107421875,-1.2841033935546875
1784804421188910336,33.33464741706848,1.7155609130859375,-0.9691619873046875,-1.156524658203125
1784804421198830080,33.34456729888916,1.9134979248046875,-1.069580078125,-1.2837066650390625
1784804421208749056,33.35448622703552,2.0630035400390625,-1.30670166015625,-1.415069580078125
1784804421218669056,33.36440634727478,2.1602630615234375,-1.5478363037109375,-1.25946044921875
1784804421228588032,33.37432527542114,2.23895263671875,-1.7506866455078125,-1.3794097900390625
1784804421238508288,33.3842453956604,2.091522216796875,-1.699462890625,-1.487030029296875
1784804421248427264,33.39416432380676,2.2926177978515625,-1.33892822265625,-1.5605926513671875
1784804421258347264,33.40408444404602,2.3408203125,-0.7903900146484375,-0.8795013427734375
1784804421268266240,33.41400337219238,2.27777099609375,-1.1984405517578125,-0.919952392578125
1784804421278185984,33.42392325401306,1.9163055419921875,-0.683502197265625,-0.2298126220703125
1784804421288105216,33.433842420578,1.793487548828125,-0.24969482421875,0.0029754638671875
1784804421298025216,33.44376230239868,1.1951446533203125,1.0769500732421875,0.25701904296875
1784804421307943936,33.453681230545044,0.86016845703125,1.777435302734375,0.2985382080078125
1784804421317864192,33.4636013507843,0.5561676025390625,1.6014404296875,0.1492767333984375
1784804421327783168,33.473520278930664,0.5560302734375,0.8900299072265625,-0.02398681640625
1784804421337703168,33.48344039916992,1.651275634765625,0.922821044921875,-0.016998291015625
1784804421347622144,33.493359327316284,2.63006591796875,1.345794677734375,-0.400177001953125
1784804421357542400,33.50327944755554,2.9281463623046875,0.43865966796875,-1.13873291015625
1784804421367461120,33.513198375701904,2.4103851318359375,0.1246795654296875,-0.7081298828125
1784804421377381120,33.52311825752258,2.5205230712890625,-0.532012939453125,-1.2960357666015625
1784804421387300352,33.533037424087524,3.66119384765625,-0.4626007080078125,-1.0674591064453125
1784804421397220096,33.5429573059082,2.8563232421875,0.264495849609375,-1.09130859375
1784804421407139072,33.552876234054565,2.2652130126953125,0.3644256591796875,-0.904052734375
1784804421417059072,33.56279635429382,2.3682098388671875,-0.1855010986328125,-0.7651824951171875
1784804421426978048,33.572715282440186,2.3604736328125,-0.3953094482421875,-0.706329345703125
1784804421436898304,33.58263540267944,2.7045745849609375,-0.439605712890625,-0.8256683349609375
1784804421446817280,33.592554330825806,3.5030517578125,-0.0513153076171875,-0.9690093994140625
1784804421456737280,33.60247445106506,2.745086669921875,0.0595245361328125,-0.423675537109375
1784804421466656256,33.612393379211426,3.353790283203125,-0.9345855712890625,-0.9220123291015625
1784804421476576000,33.622313261032104,3.629425048828125,-1.2957000732421875,-1.012237548828125
1784804421486495232,33.632232427597046,2.7756500244140625,-0.7078857421875,-0.97198486328125
1784804421496415232,33.642152309417725,2.4921112060546875,-0.463104248046875,-0.7926025390625
1784804421506333952,33.65207123756409,2.347412109375,-0.7009735107421875,-0.969024658203125
1784804421516254208,33.661991357803345,2.66839599609375,-0.4959564208984375,-1.1425933837890625
1784804421526173184,33.67191028594971,2.5913543701171875,-0.474884033203125,-1.563385009765625
1784804421536093184,33.681830406188965,2.2810211181640625,-0.6908721923828125,-1.9470367431640625
1784804421546012160,33.69174933433533,2.28173828125,-0.034027099609375,-1.94140625
1784804421555932160,33.701669216156006,2.4748382568359375,0.387054443359375,-2.514739990234375
1784804421565851136,33.71158838272095,2.851654052734375,0.36053466796875,-3.0014190673828125
1784804421575771136,33.721508264541626,1.41680908203125,0.207763671875,-2.953857421875
1784804421585690368,33.73142743110657,1.0217742919921875,0.8411407470703125,-2.692047119140625
1784804421595610112,33.741347312927246,2.473968505859375,2.60479736328125,-2.3662872314453125
1784804421605529088,33.75126624107361,2.873748779296875,1.6331634521484375,-3.2622833251953125
1784804421615449088,33.761186361312866,2.4510040283203125,0.1799774169921875,-2.5244293212890625
1784804421625368064,33.77110528945923,3.149993896484375,-1.195587158203125,-2.051513671875
1784804421635288320,33.781025409698486,3.1176300048828125,-2.1240997314453125,-0.9731597900390625
1784804421645207040,33.79094433784485,3.2263641357421875,-1.736968994140625,-0.1992340087890625
1784804421655127040,33.80086421966553,2.9646453857421875,-0.6308135986328125,0.1423797607421875
1784804421665046272,33.81078338623047,2.5356292724609375,0.19366455078125,-0.0477752685546875
1784804421674966016,33.82070326805115,2.3934478759765625,0.6469573974609375,-0.3601226806640625
1784804421684885248,33.83062243461609,2.540863037109375,1.1074066162109375,-0.520263671875
1784804421694805248,33.84054231643677,2.82525634765625,1.4740447998046875,-0.7659454345703125
1784804421704723968,33.85046124458313,3.1447296142578125,1.7625274658203125,-1.0143280029296875
1784804421714644224,33.86038136482239,3.473175048828125,1.6966400146484375,-1.382415771484375
1784804421724563200,33.87030029296875,3.81231689453125,1.40325927734375,-1.407501220703125
1784804421734483200,33.88022041320801,4.2484588623046875,1.040283203125,-0.9974517822265625
1784804421744402176,33.89013934135437,4.61297607421875,0.715484619140625,-0.405029296875
1784804421754322176,33.90005922317505,4.842742919921875,0.73834228515625,0.2549896240234375
1784804421764241152,33.90997838973999,5.0381622314453125,0.9921112060546875,0.2477569580078125
1784804421774161152,33.91989827156067,5.2110748291015625,1.6148223876953125,0.1378631591796875
1784804421784080384,33.92981743812561,5.331756591796875,2.29449462890625,0.2205963134765625
1784804421794000128,33.93973731994629,5.282073974609375,2.376922607421875,0.5582275390625
1784804421803919104,33.94965624809265,5.0966339111328125,2.056060791015625,1.0198974609375
1784804421813839104,33.95957636833191,5.0070037841796875,1.78533935546875,1.470306396484375
1784804421823758080,33.96949529647827,4.8374786376953125,1.320526123046875,1.8578033447265625
1784804421833678336,33.97941541671753,4.587432861328125,0.9131622314453125,2.1880950927734375
1784804421843597056,33.98933434486389,4.3881988525390625,0.6232147216796875,2.7796783447265625
1784804421853517056,33.99925422668457,3.8438720703125,0.089263916015625,2.9688568115234375
1784804421863436288,34.00917339324951,3.23822021484375,-0.329254150390625,2.427703857421875
1784804421873356032,34.01909327507019,3.2650604248046875,0.356353759765625,1.54150390625
1784804421883275264,34.02901244163513,3.840972900390625,2.2495269775390625,0.5005035400390625
1784804421893195264,34.03893232345581,5.910675048828125,8.088226318359375,-0.7037506103515625
1784804421903113984,34.04885125160217,1.3440093994140625,13.184341430664062,2.0799713134765625
1784804421913034240,34.05877137184143,-0.102203369140625,4.470245361328125,2.6317291259765625
1784804421922953216,34.06869029998779,0.1199493408203125,1.6763763427734375,2.034576416015625
1784804421932873216,34.07861042022705,0.716094970703125,1.2511444091796875,1.865875244140625
1784804421942792192,34.08852934837341,0.517425537109375,1.326385498046875,1.9242095947265625
1784804421952711936,34.09844923019409,0.316436767578125,1.4170379638671875,1.5646820068359375
1784804421962631168,34.10836839675903,-0.053192138671875,1.2415313720703125,1.073089599609375
1784804421972551168,34.11828827857971,-0.105438232421875,1.3230743408203125,0.79638671875
1784804421982470400,34.12820744514465,0.1588897705078125,1.76629638671875,0.7101898193359375
1784804421992390144,34.13812732696533,0.1674652099609375,1.93212890625,0.344970703125
1784804422002309120,34.148046255111694,-0.0096435546875,1.8269195556640625,-0.2070159912109375
1784804422012229120,34.15796637535095,-0.0023345947265625,1.742462158203125,-0.471832275390625
1784804422022148096,34.167885303497314,0.0167694091796875,1.8831024169921875,-0.4716644287109375
1784804422032068352,34.17780542373657,0.11358642578125,1.85235595703125,-0.6649322509765625
1784804422041987840,34.18772506713867,0.1827239990234375,1.393951416015625,-0.9320068359375
1784804422051908096,34.19764518737793,0.1235809326171875,1.1077117919921875,-1.1238861083984375
1784804422061827072,34.20756411552429,-0.0357666015625,1.1851348876953125,-1.12841796875
1784804422071747072,34.21748423576355,-0.0284576416015625,1.2908477783203125,-1.22344970703125
1784804422081666048,34.22740316390991,0.3109588623046875,0.9123382568359375,-1.5646514892578125
1784804422091586048,34.23732328414917,-0.2576904296875,0.9458770751953125,-1.790863037109375
1784804422101505024,34.24724221229553,-0.940704345703125,0.9987335205078125,-0.87957763671875
1784804422111425024,34.25716209411621,-0.5360565185546875,0.6878662109375,-0.9168853759765625
1784804422121344000,34.26708126068115,0.1011199951171875,0.710540771484375,-0.625244140625
1784804422131264000,34.27700114250183,0.1664886474609375,0.695526123046875,-0.8365325927734375
1784804422141182976,34.28692007064819,0.080780029296875,0.585174560546875,-0.4043731689453125
1784804422151101952,34.296839237213135,0.1229705810546875,0.444061279296875,-0.5526885986328125
1784804422161021952,34.30675911903381,0.2310791015625,0.2642669677734375,-0.57366943359375
1784804422170940928,34.316678047180176,0.320037841796875,0.0682220458984375,-0.64373779296875
1784804422180860928,34.326598167419434,0.4752197265625,0.02313232421875,-0.7537689208984375
1784804422190779904,34.336517095565796,0.5679931640625,0.19500732421875,-0.93914794921875
1784804422200700160,34.346437215805054,0.4863128662109375,0.564910888671875,-0.8148193359375
1784804422210618880,34.356356143951416,0.461639404296875,0.9553375244140625,-0.8383026123046875
1784804422220539136,34.366276264190674,0.417510986328125,1.3687591552734375,-0.899627685546875
1784804422230458112,34.376195192337036,0.3107147216796875,1.69781494140625,-1.1132354736328125
1784804422240377856,34.386115074157715,0.316558837890625,1.8859405517578125,-1.28533935546875
1784804422250297088,34.396034240722656,0.3926544189453125,1.6420440673828125,-1.4174652099609375
1784804422260216832,34.405954122543335,0.308868408203125,1.5121002197265625,-1.3898773193359375
1784804422270135808,34.4158730506897,0.340545654296875,1.3462982177734375,-1.4051971435546875
1784804422280056064,34.425793170928955,0.3447723388671875,1.244720458984375,-1.313873291015625
1784804422289975040,34.43571209907532,0.397430419921875,1.216705322265625,-1.1770172119140625
1784804422299895040,34.445632219314575,0.3968353271484375,1.227325439453125,-1.036407470703125
1784804422309814016,34.45555114746094,0.3886871337890625,1.279754638671875,-0.7974853515625
1784804422319734016,34.465471267700195,0.347564697265625,1.1801605224609375,-0.7183990478515625
1784804422329652992,34.47539019584656,0.300994873046875,1.1923980712890625,-0.7837982177734375
1784804422339572992,34.485310077667236,0.2809295654296875,1.47381591796875,-0.7653045654296875
1784804422349491968,34.49522924423218,0.2432403564453125,1.4759521484375,-0.8201446533203125
1784804422359411968,34.505149126052856,0.1794891357421875,1.23583984375,-0.660003662109375
1784804422369330944,34.51506805419922,0.094940185546875,0.886322021484375,-0.5839691162109375
1784804422379250944,34.52498817443848,0.074493408203125,0.6654205322265625,-0.400054931640625
1784804422389169920,34.53490710258484,0.0627899169921875,0.6270751953125,-0.240570068359375
1784804422399090176,34.5448272228241,0.1044158935546875,0.55902099609375,-0.2319183349609375
1784804422409008896,34.55474615097046,0.198974609375,0.4368743896484375,-0.1082611083984375
1784804422418929152,34.56466627120972,0.17767333984375,0.25616455078125,0.0232696533203125
1784804422428848128,34.57458519935608,0.1949615478515625,0.1259765625,0.106109619140625
1784804422438767872,34.58450508117676,0.1986846923828125,-0.011322021484375,0.106964111328125
1784804422448687104,34.5944242477417,0.1938934326171875,-0.139495849609375,0.08209228515625
1784804422458606848,34.60434412956238,0.182464599609375,-0.22198486328125,-0.0032196044921875
1784804422468525824,34.61426305770874,0.12091064453125,-0.32476806640625,-0.0894317626953125
1784804422478446080,34.624183177948,0.1362762451171875,-0.443695068359375,-0.16851806640625
1784804422488365056,34.63410210609436,0.2729339599609375,-0.3872222900390625,-0.298065185546875
1784804422498284032,34.6440212726593,0.497283935546875,-0.43658447265625,-0.581146240234375
1784804422508204032,34.65394115447998,0.6254730224609375,-0.586822509765625,-0.6563720703125
1784804422518123008,34.66386008262634,0.580230712890625,-0.640167236328125,-0.6854248046875
1784804422528043008,34.6737802028656,0.3338470458984375,-0.66851806640625,-0.7589263916015625
1784804422537961984,34.68369913101196,0.2926025390625,-0.7096099853515625,-0.856536865234375
1784804422547881984,34.69361925125122,0.5450592041015625,-0.7041168212890625,-0.973876953125
1784804422557800960,34.70353817939758,0.7252349853515625,-0.76641845703125,-0.9633026123046875
1784804422567720960,34.71345806121826,0.7717437744140625,-0.8762969970703125,-1.08489990234375
1784804422577639936,34.7233772277832,0.94073486328125,-1.0320892333984375,-1.215850830078125
1784804422587559936,34.73329710960388,1.1742095947265625,-1.277740478515625,-1.29052734375
1784804422597479168,34.74321627616882,1.3828125,-1.486114501953125,-1.38970947265625
1784804422607398912,34.7531361579895,1.6348724365234375,-1.501708984375,-1.484771728515625
1784804422617317888,34.763055086135864,1.873779296875,-1.4590301513671875,-1.5526275634765625
1784804422627238144,34.77297520637512,2.00531005859375,-1.231781005859375,-1.433197021484375
1784804422637156864,34.782894134521484,2.081787109375,-1.103302001953125,-1.4532012939453125
1784804422647077120,34.79281425476074,1.9480438232421875,-1.2265472412109375,-1.52325439453125
1784804422656996096,34.802733182907104,1.87725830078125,-1.3270416259765625,-1.6652679443359375
1784804422666915840,34.81265306472778,1.7854156494140625,-1.0482635498046875,-1.4157867431640625
1784804422676835072,34.822572231292725,1.88763427734375,-0.7440185546875,-1.00335693359375
1784804422686754816,34.8324921131134,2.3052978515625,-1.200469970703125,-1.402496337890625
1784804422696674048,34.842411279678345,2.43804931640625,-1.210235595703125,-1.2576751708984375
1784804422706594048,34.85233116149902,2.563140869140625,-0.446441650390625,-0.3657684326171875
1784804422716513024,34.862250089645386,2.5653076171875,0.209808349609375,-0.082427978515625
1784804422726433024,34.872170209884644,1.6435394287109375,-0.0380706787109375,0.2299652099609375
1784804422736352000,34.882089138031006,1.2086181640625,-0.0710296630859375,0.3154449462890625
1784804422746272000,34.892009258270264,0.8844146728515625,0.75482177734375,0.329925537109375
1784804422756190976,34.901928186416626,0.6681671142578125,0.9268341064453125,0.012908935546875
1784804422766109952,34.91184711456299,1.1226043701171875,0.9385528564453125,0.124114990234375
1784804422776029952,34.921767234802246,1.993194580078125,1.33038330078125,0.1828765869140625
1784804422785948928,34.93168616294861,2.63037109375,1.4754486083984375,0.06048583984375
1784804422795869184,34.941606283187866,1.635406494140625,0.6103363037109375,-0.97845458984375
1784804422805788160,34.95152521133423,2.3041534423828125,-0.234039306640625,-0.7256927490234375
1784804422815707904,34.96144509315491,2.87799072265625,-0.266021728515625,-1.0909881591796875
1784804422825627136,34.97136425971985,3.3117523193359375,0.459564208984375,-0.9718780517578125
1784804422835546880,34.98128414154053,2.59515380859375,0.934661865234375,-1.013427734375
1784804422845465856,34.99120306968689,2.829193115234375,-0.110198974609375,-0.9002227783203125
1784804422855386112,35.00112318992615,3.2772216796875,-0.5792999267578125,-0.753814697265625
1784804422865304832,35.01104211807251,3.70867919921875,-0.8314056396484375,-0.8293914794921875
1784804422875225088,35.02096223831177,3.4457244873046875,-0.8311614990234375,-1.06689453125
1784804422885144064,35.03088116645813,3.4793548583984375,-0.7900390625,-1.2379608154296875
1784804422895063808,35.04080104827881,2.777923583984375,-0.97027587890625,-1.328369140625
1784804422904983040,35.05072021484375,3.2158203125,-1.12982177734375,-1.5885467529296875
1784804422914903040,35.06064009666443,2.7578125,-0.650360107421875,-0.71038818359375
1784804422924822016,35.07055926322937,2.4766387939453125,-0.9642181396484375,-0.9643707275390625
1784804422934742016,35.08047914505005,2.69244384765625,-0.51251220703125,-1.1894989013671875
1784804422944660992,35.09039807319641,2.908294677734375,-0.3344268798828125,-1.459075927734375
1784804422954580992,35.10031819343567,2.26739501953125,-0.860504150390625,-1.9289703369140625
1784804422964499968,35.11023712158203,1.938262939453125,-1.3317108154296875,-1.6244659423828125
1784804422974419968,35.12015724182129,2.1092681884765625,-0.5992279052734375,-1.6787567138671875
1784804422984338944,35.13007616996765,2.2519989013671875,0.2356414794921875,-2.2195892333984375
1784804422994258944,35.13999605178833,2.23052978515625,0.1634521484375,-2.7704010009765625
1784804423004177920,35.14991521835327,1.7868499755859375,0.48931884765625,-3.12078857421875
1784804423014097920,35.15983510017395,1.5381927490234375,1.816314697265625,-2.7785186767578125
1784804423024017152,35.16975426673889,1.9301910400390625,2.7801666259765625,-2.8333587646484375
1784804423033936896,35.17967414855957,2.4812164306640625,2.455657958984375,-2.8962249755859375
1784804423043855104,35.189592361450195,2.9114837646484375,1.3544921875,-2.4392547607421875
1784804423053774336,35.19951152801514,2.79681396484375,-0.661224365234375,-1.561126708984375
1784804423063694336,35.209431409835815,3.2219390869140625,-1.982147216796875,-1.1256561279296875
1784804423073613312,35.21935057640076,3.1439208984375,-1.561492919921875,-0.2116851806640625
1784804423083533312,35.229270458221436,3.0491790771484375,-0.060028076171875,-0.1525726318359375
1784804423093452288,35.2391893863678,2.654327392578125,0.6644287109375,-0.37811279296875
1784804423103372288,35.249109506607056,2.6009979248046875,1.0108795166015625,-0.64447021484375
1784804423113291264,35.25902843475342,2.82763671875,1.225341796875,-0.72674560546875
1784804423123211264,35.268948554992676,3.1079254150390625,1.2623138427734375,-0.698638916015625
1784804423133130240,35.27886748313904,3.2216033935546875,1.1387786865234375,-0.5906219482421875
1784804423143050240,35.28878736495972,3.2790374755859375,0.9564361572265625,-0.6402740478515625
1784804423152969472,35.29870653152466,3.4572296142578125,0.9211578369140625,-0.6387786865234375
1784804423162889216,35.30862641334534,3.7060699462890625,0.935302734375,-0.637542724609375
1784804423172808192,35.3185453414917,3.9617462158203125,1.0295867919921875,-0.4883270263671875
1784804423182728192,35.32846546173096,4.2573699951171875,1.02020263671875,-0.310760498046875
1784804423192647168,35.33838438987732,4.64569091796875,0.915313720703125,-0.167877197265625
1784804423202567424,35.34830451011658,4.984130859375,1.0912017822265625,-0.02557373046875
1784804423212486144,35.35822343826294,5.20294189453125,1.906219482421875,0.081451416015625
1784804423222406400,35.3681435585022,5.2657012939453125,2.3232879638671875,0.37420654296875
1784804423232325376,35.37806248664856,5.1484222412109375,2.2777252197265625,0.8392181396484375
1784804423242245120,35.38798236846924,5.0885467529296875,1.9470672607421875,1.2149810791015625
1784804423252164352,35.39790153503418,5.0635223388671875,1.564178466796875,1.48614501953125
1784804423262084352,35.40782141685486,5.0541229248046875,1.306304931640625,1.7649383544921875
1784804423272003072,35.41774034500122,4.857818603515625,1.13653564453125,2.157958984375
1784804423281923328,35.42766046524048,4.48028564453125,1.1177215576171875,2.876800537109375
1784804423291842304,35.43757939338684,3.634735107421875,0.8280181884765625,3.3165130615234375
1784804423301761280,35.44749855995178,2.624755859375,1.182220458984375,2.387054443359375
1784804423311681280,35.45741844177246,2.931549072265625,3.796051025390625,0.856353759765625
1784804423321600256,35.46733736991882,3.5790252685546875,9.436767578125,0.394378662109375
1784804423331520256,35.47725749015808,0.4450836181640625,7.3132171630859375,2.195709228515625
1784804423341439232,35.48717641830444,0.4526214599609375,3.150146484375,2.33575439453125
1784804423351359488,35.4970965385437,0.9875335693359375,1.3413848876953125,1.861480712890625
1784804423361278208,35.50701546669006,0.5534210205078125,1.191009521484375,1.94769287109375
1784804423371198208,35.51693534851074,0.0873870849609375,1.4893646240234375,1.8478240966796875
1784804423381117440,35.526854515075684,-0.1634368896484375,1.629791259765625,1.3073272705078125
1784804423391037184,35.53677439689636,-0.1503753662109375,1.7386474609375,0.8453521728515625
1784804423400956416,35.546693563461304,0.0523834228515625,1.9708251953125,0.639617919921875
1784804423410876160,35.55661344528198,0.2270965576171875,2.0770416259765625,0.4875030517578125
1784804423420795136,35.566532373428345,0.193572998046875,1.8322601318359375,0.2811737060546875
1784804423430715392,35.5764524936676,0.18853759765625,1.4850921630859375,-0.03125
1784804423440634368,35.586371421813965,0.38507080078125,1.391357421875,-0.673736572265625
1784804423450554368,35.59629154205322,0.3758544921875,1.502716064453125,-0.6991729736328125
1784804423460473344,35.606210470199585,0.2218170166015625,1.6544036865234375,-0.75115966796875
1784804423470393088,35.616130352020264,0.1999053955078125,1.4734649658203125,-0.922149658203125
1784804423480312320,35.626049518585205,0.1767578125,1.32861328125,-1.104400634765625
1784804423490232320,35.635969400405884,0.0167083740234375,1.3406524658203125,-1.215850830078125
1784804423500151296,35.645888566970825,-0.02947998046875,1.2611236572265625,-1.4268646240234375
1784804423510070272,35.65580749511719,0.189697265625,0.802642822265625,-1.3174285888671875
1784804423519990272,35.665727376937866,-0.552703857421875,0.905120849609375,-1.3441619873046875
1784804423529909248,35.67564654350281,-0.835723876953125,0.9287872314453125,-0.711456298828125
1784804423539829248,35.685566425323486,-0.6321868896484375,0.4427642822265625,-0.89215087890625
1784804423549748224,35.69548535346985,0.2086639404296875,0.4589385986328125,-0.8016815185546875
1784804423559668224,35.705405473709106,0.3947296142578125,0.5519256591796875,-1.28106689453125
1784804423569587200,35.71532440185547,0.3106231689453125,0.813720703125,-0.67156982421875
1784804423579507456,35.72524452209473,0.4552764892578125,1.123260498046875,-0.270233154296875
1784804423589426176,35.73516345024109,0.30267333984375,0.98046875,0.0059967041015625
1784804423599346432,35.74508357048035,0.2925567626953125,0.5051727294921875,-0.025543212890625
1784804423609265408,35.75500249862671,0.293212890625,0.1217041015625,-0.487548828125
1784804423619185152,35.76492238044739,0.3905792236328125,-0.2079315185546875,-0.7687225341796875
1784804423629104384,35.77484154701233,0.575775146484375,-0.3842010498046875,-0.852264404296875
1784804423639024384,35.78476142883301,0.563995361328125,-0.0971527099609375,-0.9228363037109375
1784804423648943104,35.79468035697937,0.5031585693359375,0.5726165771484375,-1.0753021240234375
1784804423658863360,35.80460047721863,0.3411407470703125,1.4370880126953125,-1.2098541259765625
1784804423668782336,35.81451940536499,0.2679290771484375,2.2827301025390625,-1.442657470703125
1784804423678702336,35.82443952560425,0.3182830810546875,2.4762115478515625,-1.6624908447265625
1784804423688621312,35.83435845375061,0.5553741455078125,1.80047607421875,-1.9150543212890625
1784804423698541312,35.84427857398987,0.6607666015625,1.4513092041015625,-1.6844482421875
1784804423708460288,35.85419750213623,0.752166748046875,1.2510223388671875,-1.6085205078125
1784804423718379264,35.86411643028259,0.714263916015625,1.1048736572265625,-1.5880279541015625
1784804423728299264,35.87403655052185,0.65625,1.031951904296875,-1.3149566650390625
1784804423738218240,35.88395547866821,0.654754638671875,1.108062744140625,-0.9786834716796875
1784804423748138240,35.89387536048889,0.4952850341796875,1.104766845703125,-0.9833221435546875
1784804423758057472,35.90379452705383,0.2886505126953125,0.8737030029296875,-0.998870849609375
1784804423767977216,35.91371440887451,0.3761749267578125,0.7371826171875,-0.8354034423828125
1784804423777896448,35.92363357543945,0.3514251708984375,0.8505859375,-0.832855224609375
1784804423787816192,35.93355345726013,0.26544189453125,0.948883056640625,-0.7959136962890625
1784804423797735168,35.943472385406494,0.24432373046875,0.941864013671875,-0.6455841064453125
1784804423807655424,35.95339250564575,0.2769775390625,0.8050079345703125,-0.5770721435546875
1784804423817574144,35.963311433792114,0.2762603759765625,0.639801025390625,-0.3455047607421875
1784804423827494400,35.97323155403137,0.3151702880859375,0.4541473388671875,-0.14019775390625
1784804423837413376,35.983150482177734,0.2874908447265625,0.3207550048828125,0.0260162353515625
1784804423847333120,35.99307036399841,0.2413482666015625,0.229705810546875,0.1406097412109375
1784804423857252352,36.002989530563354,0.2244110107421875,0.284271240234375,0.2147064208984375
1784804423867171328,36.01290845870972,0.147430419921875,0.301025390625,0.050048828125
1784804423877091072,36.022828340530396,0.02850341796875,0.1981201171875,0.03790283203125
1784804423887010304,36.03274750709534,-0.03192138671875,-0.0581817626953125,-0.067352294921875
1784804423896930304,36.042667388916016,0.02484130859375,-0.4611663818359375,-0.20953369140625
1784804423906849280,36.05258655548096,0.20269775390625,-0.724365234375,-0.28948974609375
1784804423916769280,36.062506437301636,0.287445068359375,-0.86981201171875,-0.41094970703125
1784804423926688256,36.072425365448,0.4904937744140625,-0.8970794677734375,-0.5330810546875
1784804423936608256,36.082345485687256,0.54510498046875,-0.928955078125,-0.7202911376953125
1784804423946527232,36.09226441383362,0.6796722412109375,-0.8336029052734375,-0.9382476806640625
1784804423956447488,36.102184534072876,0.6523284912109375,-0.7655181884765625,-0.9959564208984375
1784804423966366208,36.11210346221924,0.7479248046875,-0.8300018310546875,-1.0403900146484375
1784804423976286208,36.12202334403992,0.865997314453125,-0.8605804443359375,-1.0988922119140625
1784804423986205440,36.13194251060486,0.8935089111328125,-0.8797607421875,-1.1439361572265625
1784804423996125184,36.14186239242554,0.94677734375,-1.009246826171875,-1.175384521484375
1784804424006044416,36.15178155899048,1.074462890625,-1.1733551025390625,-1.264434814453125
1784804424015964160,36.16170144081116,1.4297637939453125,-1.1845703125,-1.1605224609375
1784804424025883136,36.17162036895752,1.801025390625,-1.0543060302734375,-1.3467559814453125
1784804424035803392,36.18154048919678,2.1203460693359375,-0.7656097412109375,-1.4021453857421875
1784804424045723136,36.191460371017456,2.31646728515625,-0.698516845703125,-1.33160400390625
1784804424055642112,36.20137929916382,2.2758941650390625,-1.058013916015625,-1.200531005859375
1784804424065562112,36.2112991809845,2.1979827880859375,-1.86468505859375,-1.1967010498046875
1784804424075481088,36.22121834754944,2.0099029541015625,-2.2371063232421875,-1.5683746337890625
1784804424085401088,36.23113822937012,1.84478759765625,-1.59259033203125,-1.742218017578125
1784804424095320320,36.24105739593506,2.1780548095703125,-0.483795166015625,-1.217315673828125
1784804424105240064,36.25097727775574,2.1412506103515625,-0.621368408203125,-1.4894866943359375
1784804424115159040,36.2608962059021,1.894500732421875,-0.761566162109375,-1.0133056640625
1784804424125079040,36.27081632614136,1.7958221435546875,-0.5300750732421875,-0.6502227783203125
1784804424134998016,36.28073525428772,1.790313720703125,0.3514404296875,-0.2907257080078125
1784804424144918272,36.29065537452698,1.5751190185546875,-0.1309356689453125,-0.5120086669921875
1784804424154837248,36.30057430267334,1.78521728515625,-0.53192138671875,-0.14935302734375
1784804424164756992,36.31049418449402,1.9821014404296875,-0.3577880859375,0.1046600341796875
1784804424174676224,36.32041335105896,1.5334625244140625,0.65130615234375,0.20440673828125
1784804424184595968,36.33033323287964,0.9938812255859375,1.2431793212890625,-0.073516845703125
1784804424194515200,36.34025239944458,0.617645263671875,1.2802276611328125,0.17828369140625
1784804424204435200,36.35017228126526,1.396331787109375,0.7553253173828125,-0.209320068359375
1784804424214353920,36.36009120941162,1.70751953125,1.297760009765625,0.485321044921875
1784804424224273152,36.37001037597656,2.8509979248046875,1.0260467529296875,0.078155517578125
1784804424234193152,36.37993025779724,2.942535400390625,0.414886474609375,-0.862518310546875
1784804424244112128,36.3898491859436,2.5796356201171875,0.0386962890625,-1.79693603515625
1784804424254032128,36.39976930618286,3.7849884033203125,0.205047607421875,-1.4790191650390625
1784804424263951104,36.409688234329224,3.440399169921875,-0.258148193359375,-1.9860687255859375
1784804424273871104,36.41960835456848,2.3351287841796875,-0.1941680908203125,-1.357330322265625
1784804424283790080,36.429527282714844,2.6578521728515625,-0.2921600341796875,-0.7996826171875
1784804424293710336,36.4394474029541,3.28753662109375,-0.7419586181640625,-0.7446136474609375
1784804424303629056,36.449366331100464,2.8249664306640625,-0.2545318603515625,-1.0493927001953125
1784804424313549056,36.45928621292114,3.265228271484375,-0.93048095703125,-1.0091552734375
1784804424323468288,36.469205379486084,3.3170166015625,-1.021728515625,-0.848602294921875
1784804424333388032,36.47912526130676,2.236724853515625,-0.962982177734375,-0.840362548828125
1784804424343307008,36.489044189453125,2.5418243408203125,-0.4627227783203125,-0.6143646240234375
1784804424353227264,36.49896430969238,2.8621978759765625,-0.2076416015625,-0.6338043212890625
1784804424363145984,36.508883237838745,2.527984619140625,-0.5576629638671875,-0.7704010009765625
1784804424373066240,36.518803358078,2.021759033203125,-0.9683380126953125,-1.106536865234375
1784804424382985216,36.528722286224365,2.4215087890625,-0.914306640625,-1.1657562255859375
1784804424392905216,36.53864240646362,2.393890380859375,-0.768524169921875,-1.79534912109375
1784804424402824192,36.548561334609985,2.513519287109375,-0.391937255859375,-2.087432861328125
1784804424412743168,36.55848026275635,2.2732696533203125,-0.3617706298828125,-2.7856292724609375
1784804424422663168,36.568400382995605,1.9793853759765625,0.120635986328125,-2.485137939453125
1784804424432582144,36.57831931114197,1.76727294921875,0.2252349853515625,-3.0205841064453125
1784804424442502144,36.58823919296265,2.1237335205078125,0.87811279296875,-3.2435302734375
1784804424452421120,36.59815835952759,2.6233673095703125,1.3419342041015625,-3.4634857177734375
1784804424462341120,36.60807824134827,2.3585662841796875,0.5834808349609375,-3.3197479248046875
1784804424472260352,36.61799740791321,2.017059326171875,-0.107818603515625,-2.5407562255859375
1784804424482180096,36.62791728973389,2.2022857666015625,0.2175750732421875,-1.15570068359375
1784804424492099072,36.63783621788025,3.1423492431640625,-0.0131378173828125,-0.7562103271484375
1784804424502019072,36.64775633811951,3.62677001953125,-0.0713958740234375,-0.28228759765625
1784804424511938048,36.65767526626587,3.2410430908203125,0.0218963623046875,-0.318511962890625
1784804424521858304,36.66759538650513,2.6248321533203125,0.5763702392578125,-0.40887451171875
1784804424531777024,36.67751431465149,2.6186370849609375,0.987640380859375,-0.564971923828125
1784804424541697024,36.68743419647217,3.0186767578125,1.16937255859375,-0.6353912353515625
1784804424551616256,36.69735336303711,3.3985443115234375,1.1060791015625,-0.7158050537109375
1784804424561536000,36.70727324485779,3.41656494140625,0.9301300048828125,-0.93084716796875
1784804424571454976,36.71719217300415,3.5145111083984375,0.9874420166015625,-0.9898681640625
1784804424581375232,36.72711229324341,3.8299713134765625,1.2015533447265625,-0.747589111328125
1784804424591293952,36.73703122138977,4.126068115234375,1.2085723876953125,-0.3976898193359375
1784804424601213184,36.74695038795471,4.4728240966796875,0.9998626708984375,-0.110809326171875
1784804424611133184,36.75687026977539,4.6789703369140625,0.8714752197265625,0.2033538818359375
1784804424621051904,36.76678919792175,4.8221893310546875,1.1051025390625,0.2868804931640625
1784804424630972160,36.77670931816101,4.91241455078125,1.5640411376953125,0.26800537109375
1784804424640891136,36.78662824630737,4.9758148193359375,1.9161834716796875,0.448944091796875
1784804424650811136,36.79654836654663,4.981109619140625,1.8858489990234375,0.7894287109375
1784804424660730112,36.80646729469299,4.92724609375,1.4856414794921875,1.1824951171875
1784804424670650112,36.81638717651367,4.8973846435546875,1.0930328369140625,1.4774017333984375
1784804424680569088,36.82630634307861,4.69903564453125,1.06170654296875,1.6890869140625
1784804424690489088,36.83622622489929,4.3192901611328125,1.2380218505859375,1.8638458251953125
1784804424700408320,36.84614539146423,3.996826171875,1.135955810546875,2.1162109375
1784804424710328064,36.85606527328491,3.6948394775390625,0.82159423828125,2.382415771484375
1784804424720247040,36.865984201431274,3.491058349609375,0.345794677734375,2.767974853515625
1784804424730167040,36.87590432167053,3.091827392578125,0.8916778564453125,1.9196624755859375
1784804424740086016,36.885823249816895,4.285858154296875,4.7823486328125,1.0207366943359375
1784804424750004992,36.89574217796326,2.4993743896484375,12.577423095703125,2.1196441650390625
1784804424759925248,36.905662298202515,0.091064453125,4.924407958984375,2.51800537109375
1784804424769843968,36.91558122634888,-0.2732391357421875,0.785614013671875,1.363128662109375
1784804424779764224,36.925501346588135,0.8929595947265625,1.854095458984375,1.8712005615234375
1784804424789683200,36.9354202747345,0.5155487060546875,2.05267333984375,1.596527099609375
1784804424799603200,36.945340394973755,0.2324676513671875,2.0738067626953125,1.1968231201171875
1784804424809522176,36.95525932312012,0.0105743408203125,1.7203521728515625,0.9502410888671875
1784804424819441920,36.965179204940796,-0.059478759765625,1.5590667724609375,0.7545318603515625
1784804424829361152,36.97509837150574,0.1100616455078125,1.896484375,0.6280975341796875
1784804424839281152,36.985018253326416,0.250946044921875,2.0608367919921875,0.408355712890625
1784804424849200128,36.99493718147278,0.1870880126953125,1.8766632080078125,0.33367919921875
1784804424859120128,37.004857301712036,0.1043548583984375,1.4860382080078125,0.2340240478515625
1784804424869039104,37.0147762298584,0.0849761962890625,1.3007049560546875,-0.3253173828125
1784804424878959104,37.024696350097656,-0.0336151123046875,1.4255218505859375,-0.5610809326171875
1784804424888878080,37.03461527824402,-0.1456756591796875,1.6128692626953125,-0.7050628662109375
1784804424898797056,37.04453420639038,-0.029937744140625,1.2154083251953125,-0.7714080810546875
1784804424908717056,37.05445432662964,-0.0881805419921875,0.779876708984375,-1.0664520263671875
1784804424918636032,37.064373254776,-0.10894775390625,1.0058746337890625,-1.206298828125
1784804424928556288,37.07429337501526,-0.0548248291015625,1.323486328125,-1.265960693359375
1784804424938475008,37.08421230316162,0.0363616943359375,1.10430908203125,-1.477203369140625
1784804424948395008,37.0941321849823,0.024322509765625,0.39752197265625,-1.255828857421875
1784804424958314240,37.10405135154724,-0.888702392578125,0.7781829833984375,-0.9342498779296875
1784804424968233984,37.11397123336792,-0.3124542236328125,0.611114501953125,-1.3094482421875
1784804424978153216,37.12389039993286,0.04876708984375,0.5661163330078125,-0.5355987548828125
1784804424988073216,37.13381028175354,0.4343414306640625,0.5548553466796875,-0.6212005615234375
1784804424997991936,37.1437292098999,0.7576141357421875,0.5766754150390625,-0.491363525390625
1784804425007912192,37.15364933013916,0.535980224609375,0.708984375,-0.698272705078125
1784804425017831168,37.16356825828552,0.259307861328125,0.5298919677734375,-0.953643798828125
1784804425027751168,37.17348837852478,0.15985107421875,0.2349853515625,-0.98175048828125
1784804425037670144,37.18340730667114,0.362396240234375,0.1716766357421875,-0.7727203369140625
1784804425047590400,37.19332766532898,0.36151123046875,0.15887451171875,-0.7835540771484375
1784804425057509376,37.20324659347534,0.2663726806640625,0.2455596923828125,-0.740936279296875
1784804425067428352,37.213165521621704,0.1571502685546875,0.5824127197265625,-0.671844482421875
1784804425077348352,37.22308564186096,0.124267578125,1.0022735595703125,-0.7683868408203125
1784804425087267328,37.233004570007324,0.2089385986328125,1.5848388671875,-0.98272705078125
1784804425097187584,37.24292469024658,0.413360595703125,1.630340576171875,-1.3961029052734375
1784804425107106560,37.252843618392944,0.5417327880859375,1.6836395263671875,-1.4180145263671875
1784804425117026304,37.26276350021362,0.4672088623046875,1.600433349609375,-1.39910888671875
1784804425126945536,37.272682666778564,0.4014892578125,1.403778076171875,-1.4036865234375
1784804425136865280,37.28260254859924,0.4882049560546875,1.143218994140625,-1.359100341796875
1784804425146784256,37.292521476745605,0.4498748779296875,1.3701171875,-1.0389404296875
1784804425156704512,37.30244159698486,0.30548095703125,1.4810791015625,-0.845794677734375
1784804425166623232,37.312360525131226,0.3623199462890625,0.9990081787109375,-0.7981109619140625
1784804425176543488,37.32228064537048,0.485260009765625,0.985809326171875,-0.5496063232421875
1784804425186462464,37.332199573516846,0.37158203125,1.297332763671875,-0.51727294921875
1784804425196381440,37.34211850166321,0.204681396484375,1.4846343994140625,-0.527496337890625
1784804425206301440,37.352038621902466,0.10772705078125,1.4379425048828125,-0.3174285888671875
1784804425216220416,37.36195755004883,0.072601318359375,1.050811767578125,-0.3508148193359375
1784804425226140416,37.371877670288086,0.156280517578125,0.8938140869140625,-0.14654541015625
1784804425236059392,37.38179659843445,0.2528839111328125,0.7485504150390625,-0.0641632080078125
1784804425245979392,37.39171648025513,0.3152008056640625,0.4810943603515625,-0.001068115234375
1784804425255898368,37.40163564682007,0.3086700439453125,0.201995849609375,0.120819091796875
1784804425265818368,37.41155552864075,0.18267822265625,-0.0575408935546875,0.3125762939453125
1784804425275737600,37.42147469520569,0.1209869384765625,-0.39910888671875,0.419647216796875
1784804425285657344,37.43139457702637,0.0550537109375,-0.57177734375,0.4017486572265625
1784804425295576320,37.44131350517273,0.1692657470703125,-0.533660888671875,0.06829833984375
1784804425305496576,37.45123362541199,0.377716064453125,-0.4352569580078125,-0.3123779296875
1784804425315415296,37.46115255355835,0.55474853515625,-0.566986083984375,-0.41357421875
1784804425325335552,37.47107267379761,0.6826019287109375,-0.6269683837890625,-0.6460723876953125
1784804425335254528,37.48099160194397,0.7945098876953125,-0.4830169677734375,-0.714141845703125
1784804425345174272,37.49091148376465,0.80828857421875,-0.576751708984375,-0.8213043212890625
1784804425355093504,37.50083065032959,0.6255950927734375,-0.770416259765625,-0.8279876708984375
1784804425365012480,37.51074957847595,0.6438140869140625,-0.936981201171875,-1.08673095703125
1784804425374932480,37.52066969871521,0.7780914306640625,-0.92376708984375,-1.3601531982421875
1784804425384851456,37.53058862686157,0.96978759765625,-0.9141082763671875,-1.46685791015625
1784804425394771456,37.54050850868225,1.0158538818359375,-0.9185791015625,-1.5450439453125
1784804425404690432,37.55042767524719,1.0971221923828125,-0.712005615234375,-1.47412109375
1784804425414610432,37.56034755706787,1.2781524658203125,-0.669525146484375,-1.2348175048828125
1784804425424529408,37.57026648521423,1.3883209228515625,-0.703033447265625,-1.032318115234375
1784804425434449408,37.58018660545349,1.5635833740234375,-0.945159912109375,-1.123992919921875
1784804425444368384,37.59010553359985,1.8169403076171875,-1.271759033203125,-1.2333221435546875
1784804425454288384,37.60002565383911,2.0438690185546875,-1.5178985595703125,-1.41058349609375
1784804425464207360,37.609944581985474,2.1944580078125,-1.475128173828125,-1.68267822265625
1784804425474127616,37.61986470222473,2.119659423828125,-1.272308349609375,-1.5171661376953125
1784804425484046336,37.629783630371094,2.3602752685546875,-1.27789306640625,-1.2461700439453125
1784804425493965312,37.639702558517456,2.39349365234375,-1.4079742431640625,-1.0658721923828125
1784804425503885568,37.649622678756714,2.2354888916015625,-1.4172210693359375,-0.8710479736328125
1784804425513804544,37.659541606903076,2.2682037353515625,-1.5225067138671875,-0.763824462890625
1784804425523724288,37.669461488723755,2.1861724853515625,-1.0361480712890625,-0.7212371826171875
1784804425533643520,37.679380655288696,2.35003662109375,0.3080596923828125,-0.1257171630859375
1784804425543563264,37.689300537109375,2.0104827880859375,0.9086761474609375,-0.53692626953125
1784804425553482240,37.69921946525574,1.512786865234375,1.5389251708984375,0.1167755126953125
1784804425563402496,37.709139585494995,0.9950408935546875,1.43377685546875,0.140106201171875
1784804425573321216,37.71905851364136,0.4171295166015625,2.06982421875,0.14794921875
1784804425583241472,37.728978633880615,0.319732666015625,2.0599212646484375,-0.23870849609375
1784804425593160448,37.73889756202698,0.9389190673828125,0.9094390869140625,-0.5270843505859375
1784804425603080448,37.748817682266235,2.256927490234375,0.03753662109375,0.255096435546875
1784804425612999424,37.7587366104126,4.079742431640625,0.5125579833984375,0.011322021484375
1784804425622919424,37.768656492233276,3.7106475830078125,-0.0077972412109375,-0.980865478515625
1784804425632838400,37.77857565879822,2.8060455322265625,0.05621337890625,-1.0565338134765625
1784804425642758400,37.7884955406189,3.0176544189453125,0.599334716796875,-0.8916778564453125
1784804425652677376,37.79841446876526,3.0436248779296875,0.0198516845703125,-1.2156219482421875
1784804425662596352,37.8083336353302,2.75714111328125,0.564422607421875,-0.651153564453125
1784804425672516352,37.81825351715088,2.7252044677734375,0.1338348388671875,-0.875946044921875
1784804425682435584,37.82817268371582,2.587860107421875,-0.4739990234375,-1.207611083984375
1784804425692355328,37.8380925655365,3.0582427978515625,-0.57098388671875,-0.6550750732421875
1784804425702274304,37.84801149368286,3.1138153076171875,0.05487060546875,-0.7993316650390625
1784804425712194560,37.85793161392212,2.7335968017578125,-0.585479736328125,-1.051513671875
1784804425722113280,37.86785054206848,2.527374267578125,-0.25439453125,-0.841461181640625
1784804425732033536,37.87777066230774,3.2121124267578125,-0.593536376953125,-1.20611572265625
1784804425741952512,37.8876895904541,2.6279754638671875,-0.7986907958984375,-1.25238037109375
1784804425751872256,37.89760947227478,2.5726470947265625,-0.929901123046875,-1.4027099609375
1784804425761791488,37.90752863883972,2.539703369140625,-0.734619140625,-1.2900543212890625
1784804425771711232,37.9174485206604,2.046295166015625,-0.4066162109375,-1.3634185791015625
1784804425781630464,37.92736768722534,2.3366241455078125,-0.0697784423828125,-1.334381103515625
1784804425791550464,37.93728756904602,2.283203125,-0.0115814208984375,-1.7794952392578125
1784804425801469440,37.94720649719238,2.255584716796875,-0.189666748046875,-2.138092041015625
1784804425811389440,37.95712661743164,1.9435272216796875,-0.382232666015625,-2.06756591796875
1784804425821308416,37.967045545578,1.98980712890625,-0.0772552490234375,-2.880523681640625
1784804425831227392,37.976964473724365,2.6034393310546875,0.790283203125,-3.813690185546875
1784804425841147392,37.98688459396362,2.449188232421875,2.1483001708984375,-4.0731658935546875
1784804425851066368,37.996803522109985,2.285308837890625,1.6549530029296875,-4.5295867919921875
1784804425860986368,38.00672364234924,1.9542236328125,1.5686798095703125,-3.1658172607421875
1784804425870905344,38.016642570495605,2.28265380859375,0.9951629638671875,-1.846832275390625
1784804425880825600,38.02656269073486,3.34075927734375,0.3509368896484375,-0.7558135986328125
1784804425890744320,38.036481618881226,4.0456085205078125,-0.231170654296875,-0.2351226806640625
1784804425900664320,38.046401500701904,3.9852752685546875,-0.7286224365234375,0.1624755859375
1784804425910583552,38.056320667266846,3.0657196044921875,-0.3231658935546875,-0.049163818359375
1784804425920503296,38.066240549087524,2.649200439453125,0.6981964111328125,-0.4048919677734375
1784804425930422272,38.07615947723389,2.949371337890625,1.11749267578125,-0.760223388671875
1784804425940342528,38.086079597473145,3.2411346435546875,0.998199462890625,-0.8696746826171875
1784804425950261248,38.09599852561951,3.3014068603515625,0.6786041259765625,-0.98681640625
1784804425960180480,38.10591769218445,3.29150390625,0.5647430419921875,-1.00103759765625
1784804425970100480,38.11583757400513,3.409393310546875,0.8093109130859375,-0.8142242431640625
1784804425980019456,38.12575650215149,3.7911376953125,1.241668701171875,-0.63800048828125
1784804425989939456,38.13567662239075,4.2799835205078125,1.5388946533203125,-0.4475860595703125
1784804425999858432,38.14559555053711,4.7494049072265625,1.547698974609375,-0.293853759765625
1784804426009778432,38.15551567077637,5.176910400390625,1.2693023681640625,0.1314544677734375
1784804426019697408,38.16543459892273,5.4502716064453125,1.20025634765625,0.358245849609375
1784804426029617408,38.17535448074341,5.4327545166015625,1.519683837890625,0.5571136474609375
1784804426039536384,38.18527364730835,5.1901092529296875,1.583221435546875,0.855987548828125
1784804426049456128,38.19519329071045,4.905517578125,1.4409637451171875,1.22991943359375
1784804426059375104,38.20511221885681,4.8139190673828125,1.3709564208984375,1.4359130859375
1784804426069294848,38.21503210067749,4.8116912841796875,1.2277374267578125,1.6093597412109375
1784804426079214080,38.22495126724243,4.626251220703125,0.8483428955078125,1.907470703125
1784804426089134080,38.23487114906311,4.267913818359375,0.5167694091796875,2.026336669921875
1784804426099053056,38.24479031562805,3.83465576171875,0.3085479736328125,1.972198486328125
1784804426108972032,38.254709243774414,3.4442138671875,0.1237030029296875,2.071990966796875
1784804426118892032,38.26462912559509,3.315673828125,0.2932586669921875,1.9151458740234375
1784804426128811008,38.274548292160034,5.4258880615234375,4.20526123046875,0.079010009765625
1784804426138731008,38.28446817398071,3.5323333740234375,16.087020874023438,3.003936767578125
1784804426148649984,38.294387102127075,-0.7310791015625,5.971405029296875,3.169677734375
1784804426158569984,38.30430722236633,-0.611968994140625,0.472076416015625,1.6265411376953125
1784804426168488960,38.314226150512695,0.6931610107421875,1.7059783935546875,1.5872344970703125
1784804426178409216,38.32414627075195,0.967315673828125,2.1804962158203125,1.377899169921875
1784804426188327936,38.334065198898315,0.710174560546875,2.147735595703125,0.9579925537109375
1784804426198248192,38.34398531913757,0.351287841796875,1.7686004638671875,1.040374755859375
1784804426208167168,38.353904247283936,-0.0763092041015625,1.4546356201171875,1.0498199462890625
1784804426218086912,38.363824129104614,-0.10491943359375,1.860687255859375,1.0335693359375
1784804426228006144,38.373743295669556,0.0986785888671875,2.2015380859375,0.7985992431640625
1784804426237925120,38.38366222381592,0.2716827392578125,2.25103759765625,0.520416259765625
1784804426247844864,38.3935821056366,0.0351104736328125,2.023956298828125,0.3934173583984375
1784804426257764096,38.40350127220154,-0.215301513671875,1.5439910888671875,0.263397216796875
1784804426267684096,38.41342115402222,-0.2964630126953125,1.287445068359375,-0.2918548583984375
1784804426277603072,38.42334032058716,-0.294921875,1.23895263671875,-0.5555877685546875
1784804426287523072,38.43326020240784,-0.216461181640625,1.2081298828125,-0.7308197021484375
1784804426297442048,38.4431791305542,-0.0838470458984375,0.9154052734375,-0.940582275390625
1784804426307362048,38.45309925079346,-0.239532470703125,0.875640869140625,-1.0545806884765625
1784804426317281024,38.46301817893982,-0.3626251220703125,1.27398681640625,-1.001373291015625
1784804426327201024,38.47293829917908,-0.3115081787109375,1.4011383056640625,-1.08880615234375
1784804426337120000,38.48285722732544,-0.1134185791015625,1.152618408203125,-1.1409149169921875
1784804426347040000,38.49277710914612,0.0435943603515625,0.802734375,-1.195281982421875
1784804426356959232,38.50269627571106,-0.254974365234375,0.5402984619140625,-0.8648529052734375
1784804426366877952,38.51261520385742,-0.286285400390625,0.6637420654296875,-0.9580230712890625
1784804426376798208,38.52253532409668,0.08648681640625,0.48883056640625,-0.802825927734375
1784804426386717184,38.53245425224304,0.6319580078125,0.298004150390625,-0.585205078125
1784804426396636928,38.54237413406372,0.78564453125,0.360626220703125,-0.4701995849609375
1784804426406556160,38.55229330062866,0.6339263916015625,0.685821533203125,-0.5131072998046875
1784804426416475904,38.56221318244934,0.5020904541015625,0.7822723388671875,-0.6687164306640625
1784804426426394880,38.5721321105957,0.4953460693359375,0.8466033935546875,-0.9584197998046875
1784804426436315136,38.58205223083496,0.5353546142578125,0.529815673828125,-1.367919921875
1784804426446234112,38.59197115898132,0.3703460693359375,0.23095703125,-1.0988311767578125
1784804426456154112,38.60189127922058,0.190826416015625,0.3011627197265625,-0.7421112060546875
1784804426466073088,38.61181020736694,0.05279541015625,0.3948974609375,-0.692901611328125
1784804426475992064,38.621729135513306,-0.0137939453125,0.5048065185546875,-0.88763427734375
1784804426485912064,38.63164925575256,0.0324554443359375,0.88922119140625,-0.9933929443359375
1784804426495831040,38.641568183898926,0.1363677978515625,1.245330810546875,-1.1845245361328125
1784804426505751040,38.651488304138184,0.2505340576171875,1.60003662109375,-1.35906982421875
1784804426515670016,38.661407232284546,0.346527099609375,1.67193603515625,-1.418975830078125
1784804426525590016,38.671327114105225,0.37103271484375,1.522857666015625,-1.4968719482421875
1784804426535508992,38.681246280670166,0.3837890625,1.1147308349609375,-1.498687744140625
1784804426545428992,38.691166162490845,0.4239959716796875,0.7878875732421875,-1.3543701171875
1784804426555347968,38.70108509063721,0.4280242919921875,0.6373291015625,-1.1742095947265625
1784804426565267968,38.711005210876465,0.3827972412109375,0.809814453125,-0.9933929443359375
1784804426575186944,38.72092413902283,0.2876434326171875,0.9483642578125,-0.9078369140625
1784804426585107200,38.730844259262085,0.1825714111328125,1.02691650390625,-0.9093017578125
1784804426595025920,38.74076318740845,0.020599365234375,0.961181640625,-0.905670166015625
1784804426604944896,38.75068211555481,0.115997314453125,0.75665283203125,-0.7566375732421875
1784804426614865152,38.76060223579407,0.2248992919921875,0.5785369873046875,-0.4512939453125
1784804426624783872,38.77052116394043,0.24139404296875,0.33038330078125,-0.280364990234375
1784804426634704128,38.78044128417969,0.1808624267578125,0.21356201171875,-0.06060791015625
1784804426644623104,38.79036021232605,0.14849853515625,0.212921142578125,0.0302886962890625
1784804426654542848,38.80028009414673,0.14013671875,0.1948089599609375,0.084014892578125
1784804426664462080,38.81019926071167,0.14886474609375,0.053466796875,-0.1059112548828125
1784804426674382080,38.82011914253235,0.1975555419921875,-0.0912933349609375,-0.11407470703125
1784804426684301056,38.83003830909729,0.2771759033203125,-0.3494110107421875,-0.1484222412109375
1784804426694221056,38.83995819091797,0.286468505859375,-0.6974945068359375,-0.438385009765625
1784804426704140032,38.84987711906433,0.2985076904296875,-0.9029388427734375,-0.543426513671875
1784804426714059008,38.85979628562927,0.3698577880859375,-0.915069580078125,-0.6755523681640625
1784804426723979008,38.86971616744995,0.4402618408203125,-0.708587646484375,-0.83306884765625
1784804426733897984,38.87963509559631,0.604217529296875,-0.5670013427734375,-0.9467926025390625
1784804426743817984,38.88955521583557,0.694000244140625,-0.4525146484375,-1.07586669921875
1784804426753736960,38.899474143981934,0.740570068359375,-0.3858184814453125,-1.1165618896484375
1784804426763657216,38.90939426422119,0.8378143310546875,-0.436279296875,-1.13397216796875
1784804426773575936,38.919313192367554,0.9584197998046875,-0.6503753662109375,-1.066864013671875
1784804426783496192,38.92923331260681,0.98687744140625,-0.9403839111328125,-0.9489898681640625
1784804426793415168,38.939152240753174,1.24542236328125,-1.027557373046875,-0.9224395751953125
1784804426803334912,38.94907212257385,1.4521942138671875,-0.9686279296875,-0.8979949951171875
1784804426813254144,38.958991289138794,1.686248779296875,-1.1981201171875,-1.0510711669921875
1784804426823173888,38.96891117095947,1.977691650390625,-1.3607940673828125,-1.18597412109375
1784804426833092864,38.978830099105835,2.04779052734375,-1.48785400390625,-1.1895294189453125
1784804426843012096,38.988749265670776,2.062896728515625,-1.692596435546875,-1.24560546875
1784804426852932096,38.998669147491455,2.29473876953125,-1.6907196044921875,-1.4170074462890625
1784804426862851072,39.0085883140564,2.3898468017578125,-1.6336822509765625,-1.2745513916015625
1784804426872771072,39.018508195877075,2.4554901123046875,-1.8931732177734375,-1.55963134765625
1784804426882690048,39.02842712402344,2.623321533203125,-1.7335662841796875,-1.637786865234375
1784804426892610048,39.038347244262695,2.6016693115234375,-1.874053955078125,-1.7282257080078125
1784804426902529024,39.04826617240906,2.6144866943359375,-1.5595245361328125,-1.4110565185546875
1784804426912449024,39.058186292648315,2.1967926025390625,-0.38104248046875,-0.9156494140625
1784804426922368000,39.06810522079468,1.6116180419921875,0.6343994140625,-0.8889923095703125
1784804426932288000,39.078025102615356,1.4112548828125,0.5140228271484375,-0.3861236572265625
1784804426942206976,39.0879442691803,1.1689605712890625,0.3419647216796875,0.085479736328125
1784804426952125952,39.09786319732666,0.891998291015625,1.0941162109375,0.40460205078125
1784804426962046208,39.10778331756592,0.545440673828125,1.5230560302734375,0.5019989013671875
1784804426971965184,39.11770224571228,0.2739410400390625,1.8632354736328125,0.3202056884765625
1784804426981884928,39.12762212753296,0.5052642822265625,1.8732757568359375,-0.3112335205078125
1784804426991804160,39.1375412940979,2.033538818359375,0.9416656494140625,-0.542236328125
1784804427001723904,39.14746117591858,3.511138916015625,0.3180084228515625,-0.2555694580078125
1784804427011642880,39.15738010406494,2.907745361328125,-0.8622589111328125,-0.7208709716796875
1784804427021563136,39.1673002243042,3.0623016357421875,0.8520660400390625,-0.0748748779296875
1784804427031481856,39.17721915245056,2.4129486083984375,0.885284423828125,-0.89617919921875
1784804427041402112,39.18713927268982,2.19384765625,0.6999359130859375,-0.74066162109375
1784804427051320320,39.197057485580444,2.7336578369140625,-0.0434112548828125,-0.544342041015625
1784804427061240320,39.20697736740112,3.22906494140625,-0.59552001953125,-0.9476776123046875
1784804427071159296,39.216896533966064,3.7873992919921875,-0.9326171875,-1.162994384765625
1784804427081078272,39.22681546211243,2.8336181640625,0.1450042724609375,-1.72967529296875
1784804427090998272,39.236735343933105,2.387939453125,-0.7601318359375,-1.6859588623046875
1784804427100917248,39.24665451049805,3.0109405517578125,-0.9824676513671875,-0.6583251953125
1784804427110837248,39.256574392318726,3.1232147216796875,-0.1276702880859375,-1.2946624755859375
1784804427120756480,39.26649355888367,2.8633270263671875,-0.0203857421875,-1.1193389892578125
1784804427130676224,39.276413440704346,2.8266448974609375,-0.6075592041015625,-1.1940155029296875
1784804427140595200,39.28633236885071,2.5433349609375,-0.424041748046875,-0.9586944580078125
1784804427150515200,39.296252489089966,2.6210174560546875,-0.5485687255859375,-0.799041748046875
1784804427160434176,39.30617141723633,2.237091064453125,-1.4368438720703125,-0.9644317626953125
1784804427170354432,39.316091537475586,2.2574615478515625,-1.0265960693359375,-1.13885498046875
1784804427180273408,39.32601046562195,2.0465850830078125,-0.7690887451171875,-1.5511627197265625
1784804427190193152,39.33593034744263,2.1641387939453125,-0.0478668212890625,-2.130706787109375
1784804427200112384,39.34584951400757,2.0578155517578125,0.6314544677734375,-2.6458282470703125
1784804427210031360,39.35576844215393,2.021148681640625,1.45794677734375,-2.6241607666015625
1784804427219951360,39.36568856239319,2.107452392578125,1.7203521728515625,-2.8675537109375
1784804427229870336,39.37560749053955,2.2635650634765625,1.7712249755859375,-3.30694580078125
1784804427239790080,39.38552737236023,2.94879150390625,1.5347747802734375,-3.58154296875
1784804427249709312,39.39544653892517,3.0421905517578125,0.725311279296875,-3.0782012939453125
1784804427259629312,39.40536642074585,3.064666748046875,-0.413330078125,-1.589813232421875
1784804427269548288,39.41528534889221,3.5670318603515625,-1.90753173828125,-0.8015594482421875
1784804427279468288,39.42520546913147,3.3189849853515625,-1.7762298583984375,-0.1722259521484375
1784804427289387264,39.43512439727783,2.827789306640625,-0.5454559326171875,-0.0744476318359375
1784804427299307264,39.44504451751709,2.895355224609375,0.32891845703125,-0.1688385009765625
1784804427309226240,39.45496344566345,2.8498077392578125,0.5955657958984375,-0.3623504638671875
1784804427319145216,39.464882373809814,2.7958526611328125,0.686126708984375,-0.521759033203125
1784804427329065216,39.47480249404907,2.9388885498046875,1.0945892333984375,-0.6461029052734375
1784804427338984192,39.484721422195435,3.195709228515625,1.5211639404296875,-0.8759307861328125
1784804427348904448,39.49464154243469,3.4208221435546875,1.435577392578125,-1.1385498046875
1784804427358823424,39.504560470581055,3.5722503662109375,1.1764068603515625,-1.0740814208984375
1784804427368743168,39.51448035240173,3.8589324951171875,0.9714202880859375,-0.6455841064453125
1784804427378662400,39.524399518966675,4.2447967529296875,0.697296142578125,-0.0991668701171875
1784804427388582144,39.53431940078735,4.5479278564453125,0.0950469970703125,0.3470916748046875
1784804427398501376,39.544238567352295,4.69171142578125,0.077178955078125,0.5540771484375
1784804427408421376,39.554158449172974,4.6708831787109375,0.80877685546875,0.3418121337890625
1784804427418340096,39.564077377319336,4.5374603271484375,1.6687469482421875,0.195404052734375
1784804427428259328,39.57399654388428,4.518829345703125,2.1188201904296875,0.232330322265625
1784804427438179328,39.583916425704956,4.5274505615234375,1.97125244140625,0.716461181640625
1784804427448098304,39.59383535385132,4.4581146240234375,1.58721923828125,1.3042755126953125
1784804427458018304,39.603755474090576,4.30035400390625,1.14727783203125,1.4196319580078125
1784804427467937280,39.61367440223694,4.040985107421875,0.9547119140625,1.4000396728515625
1784804427477857280,39.623594522476196,3.829864501953125,1.0420379638671875,1.4612884521484375
1784804427487776256,39.63351345062256,3.83563232421875,1.15130615234375,1.590484619140625
1784804427497696512,39.643433570861816,4.2823028564453125,1.5102996826171875,1.805511474609375
1784804427507615232,39.65335249900818,3.1031494140625,2.755645751953125,1.7548370361328125
1784804427517535232,39.66327238082886,2.4250030517578125,4.371246337890625,0.82208251953125
1784804427527454464,39.6731915473938,1.9575347900390625,5.7129669189453125,0.255615234375
1784804427537373184,39.68311047554016,2.840850830078125,4.6542816162109375,0.6652069091796875
1784804427547293184,39.69303035736084,1.1923980712890625,4.9619293212890625,0.0754852294921875
1784804427557212416,39.70294952392578,0.76995849609375,4.81610107421875,1.6275787353515625
1784804427567132160,39.71286940574646,0.6172027587890625,3.1596221923828125,1.12811279296875
1784804427577051392,39.7227885723114,0.6054229736328125,2.3674468994140625,1.33941650390625
1784804427586971392,39.73270845413208,0.1725616455078125,1.9620208740234375,0.7474212646484375
1784804427596890112,39.74262738227844,-0.036834716796875,2.0802001953125,0.56390380859375
1784804427606810368,39.7525475025177,-0.0240631103515625,1.9792633056640625,0.493927001953125
1784804427616729344,39.76246643066406,0.0398406982421875,1.57421875,0.40606689453125
1784804427626648064,39.772385358810425,-0.0141143798828125,1.1573028564453125,-0.0439605712890625
1784804427636568320,39.78230547904968,-0.0936737060546875,1.1992950439453125,-0.3661041259765625
1784804427646487296,39.792224407196045,-0.0396270751953125,1.4848175048828125,-0.57476806640625
1784804427656407296,39.8021445274353,0.062713623046875,1.208831787109375,-0.5344696044921875
1784804427666326272,39.812063455581665,0.1333770751953125,1.3175811767578125,-0.5642852783203125
1784804427676246528,39.82198357582092,0.1222076416015625,1.3772735595703125,-0.586456298828125
1784804427686165248,39.831902503967285,0.180419921875,1.1119384765625,-0.650177001953125
1784804427696085248,39.841822385787964,0.2914581298828125,0.821929931640625,-0.7398529052734375
1784804427706004480,39.851741552352905,0.3805999755859375,0.636199951171875,-0.9466400146484375
1784804427715924224,39.861661434173584,0.3809967041015625,0.378662109375,-1.37945556640625
1784804427725843200,39.871580362319946,0.3596343994140625,0.070556640625,-1.322540283203125
1784804427735762432,39.88149952888489,0.1339874267578125,0.1111602783203125,-0.3682861328125
1784804427745682176,39.891419410705566,-0.23309326171875,0.701629638671875,1.290985107421875
1784804427755601408,39.90133857727051,0.007110595703125,0.4616241455078125,-1.5655364990234375
1784804427765521408,39.91125845909119,0.48956298828125,0.7876129150390625,-2.404327392578125
1784804427775440128,39.92117738723755,0.7086334228515625,1.3310546875,-1.682708740234375
1784804427785360384,39.93109750747681,0.6753082275390625,0.6419830322265625,-1.6409912109375
1784804427795279360,39.94101643562317,1.5309906005859375,-0.4277191162109375,-1.3307037353515625
1784804427805199360,39.95093655586243,3.00067138671875,-1.3746185302734375,-2.165130615234375
1784804427815118336,39.96085548400879,1.7950439453125,-4.8826446533203125,-6.7125701904296875
1784804427825037312,39.97077441215515,-0.295501708984375,1.22119140625,-0.275390625
1784804427834957312,39.98069453239441,1.796051025390625,3.058563232421875,-1.3433380126953125
1784804427844876288,39.99061346054077,-0.66424560546875,1.3632965087890625,-0.77435302734375
1784804427854796288,40.00053334236145,-0.4816436767578125,0.472412109375,-0.475860595703125
1784804427864715264,40.01045250892639,-0.48529052734375,0.01544189453125,-0.5882568359375
1784804427874635264,40.02037239074707,-0.529296875,-0.3465728759765625,-0.9951019287109375
1784804427884554496,40.03029155731201,-0.2753753662109375,-0.2716827392578125,-1.17962646484375
1784804427894474240,40.04021143913269,-0.395660400390625,0.0489501953125,-1.17938232421875
1784804427904393216,40.05013036727905,-0.8644256591796875,0.257537841796875,-1.1063385009765625
1784804427914313216,40.06005048751831,-1.02471923828125,0.1134796142578125,-1.141204833984375
1784804427924232192,40.06996941566467,-0.682952880859375,-0.3221893310546875,-0.86285400390625
1784804427934151168,40.079888343811035,-0.39471435546875,-0.36981201171875,-0.731842041015625
1784804427944071168,40.08980846405029,-0.1816558837890625,-0.1695556640625,-0.8258056640625
1784804427953990144,40.099727392196655,-0.0583038330078125,0.1449432373046875,-0.8138580322265625
1784804427963910400,40.10964751243591,-0.1017303466796875,0.4907073974609375,-0.9445648193359375
1784804427973829376,40.119566440582275,-0.217620849609375,0.71246337890625,-1.005157470703125
1784804427983749376,40.12948656082153,-0.3120269775390625,0.6680450439453125,-0.9984130859375
1784804427993668352,40.139405488967896,-0.347412109375,0.5268707275390625,-1.03192138671875
1784804428003588096,40.149325370788574,-0.3485565185546875,0.285797119140625,-0.9750213623046875
1784804428013507328,40.159244537353516,-0.4131011962890625,0.1051483154296875,-0.8510589599609375
1784804428023426304,40.16916346549988,-0.446624755859375,0.0576324462890625,-0.8733062744140625
1784804428033346304,40.17908334732056,-0.43408203125,0.0733184814453125,-0.837158203125
1784804428043265280,40.1890025138855,-0.3811492919921875,0.235107421875,-0.843597412109375
1784804428053186048,40.198923110961914,-0.3176422119140625,0.369964599609375,-0.9151763916015625
1784804428063105024,40.208842277526855,-0.3300628662109375,0.4416351318359375,-0.914520263671875
1784804428073025024,40.218762159347534,-0.327606201171875,0.4478607177734375,-0.979400634765625
1784804428082944256,40.228681325912476,-0.313812255859375,0.402435302734375,-0.972503662109375
1784804428092864000,40.238601207733154,-0.273590087890625,0.3978729248046875,-0.92333984375
1784804428102782976,40.24852013587952,-0.315673828125,0.3501739501953125,-0.8780517578125
1784804428112702208,40.25843930244446,-0.44140625,0.2593231201171875,-0.9456329345703125
1784804428122621952,40.26835918426514,-0.459197998046875,0.2427825927734375,-0.950042724609375
1784804428132540928,40.2782781124115,-0.390716552734375,0.2448272705078125,-0.9224395751953125
1784804428142461184,40.28819823265076,-0.31396484375,0.2286834716796875,-0.910980224609375
1784804428152379904,40.29811716079712,-0.367462158203125,0.1941375732421875,-0.956787109375
1784804428162300160,40.30803728103638,-0.435821533203125,0.2478790283203125,-1.0009765625
1784804428172219136,40.31795620918274,-0.4351348876953125,0.290679931640625,-1.018951416015625
1784804428182138880,40.32787609100342,-0.3898468017578125,0.307098388671875,-1.000091552734375
1784804428192058112,40.33779525756836,-0.3375091552734375,0.2913055419921875,-0.935089111328125
1784804428201977088,40.34771418571472,-0.395416259765625,0.24151611328125,-0.90960693359375
1784804428211897088,40.35763430595398,-0.376312255859375,0.220428466796875,-0.9256591796875
1784804428221816064,40.36755323410034,-0.2754974365234375,0.2113189697265625,-0.9925079345703125
1784804428231736064,40.37747311592102,-0.2117919921875,0.2125396728515625,-0.950347900390625
1784804428241655040,40.38739228248596,-0.27392578125,0.1922760009765625,-0.940399169921875
1784804428251575040,40.39731216430664,-0.277496337890625,0.17095947265625,-0.9671478271484375
1784804428261494016,40.407231092453,-0.2176055908203125,0.1774444580078125,-0.968597412109375
1784804428271414016,40.41715121269226,-0.18701171875,0.195068359375,-1.0139007568359375
1784804428281332992,40.42707014083862,-0.1571197509765625,0.227874755859375,-1.07470703125
1784804428291252992,40.43699026107788,-0.1181182861328125,0.2491607666015625,-1.0038909912109375
1784804428301171968,40.44690918922424,-0.1184844970703125,0.2252960205078125,-0.9875640869140625
1784804428311090944,40.456828117370605,-0.0833587646484375,0.271697998046875,-1.002655029296875
1784804428321010944,40.46674823760986,-0.0146026611328125,0.2913360595703125,-1.0469970703125
1784804428330929920,40.476667165756226,0.1231231689453125,0.283172607421875,-1.0385894775390625
1784804428340850176,40.48658728599548,0.1009674072265625,0.279876708984375,-1.03521728515625
1784804428350769152,40.496506214141846,0.0453948974609375,0.2895355224609375,-1.135833740234375
1784804428360688896,40.506426095962524,0.0225067138671875,0.3206939697265625,-1.1512908935546875
1784804428370608128,40.516345262527466,0.044342041015625,0.3406829833984375,-1.1613616943359375
1784804428380527104,40.52626419067383,0.0858306884765625,0.3404998779296875,-1.200836181640625
1784804428390447104,40.536184310913086,0.134765625,0.3306427001953125,-1.151947021484375
1784804428400366080,40.54610323905945,0.1673126220703125,0.300811767578125,-1.181976318359375
1784804428410285824,40.55602312088013,0.131103515625,0.1761322021484375,-1.2641754150390625
1784804428420205056,40.56594228744507,-0.029449462890625,0.1739501953125,-1.197235107421875
1784804428430125056,40.57586216926575,0.0040130615234375,0.173095703125,-1.2396087646484375
1784804428440044032,40.58578109741211,0.1745452880859375,0.1073455810546875,-1.2063751220703125
1784804428449964032,40.59570121765137,0.1728515625,0.0811614990234375,-1.31195068359375
1784804428459883008,40.60562014579773,0.1931304931640625,0.180633544921875,-1.425689697265625
1784804428469803008,40.61554026603699,0.2263946533203125,0.3256683349609375,-1.45709228515625
1784804428479721984,40.62545919418335,0.212799072265625,0.29718017578125,-1.5459136962890625
1784804428489640960,40.63537812232971,0.2171173095703125,0.23516845703125,-1.5211181640625
1784804428499560960,40.64529824256897,0.2399139404296875,0.1405792236328125,-1.53460693359375
1784804428509479936,40.65521717071533,0.1919403076171875,0.156524658203125,-1.5539398193359375
1784804428519400192,40.66513729095459,0.095367431640625,0.283416748046875,-1.4884185791015625
1784804428529319168,40.67505621910095,0.1010894775390625,0.3302001953125,-1.467193603515625
1784804428539238912,40.68497610092163,0.049285888671875,0.24261474609375,-1.4738922119140625
1784804428549158144,40.69489526748657,-0.02081298828125,0.165802001953125,-1.337005615234375
1784804428559077888,40.70481514930725,-0.0344085693359375,0.037750244140625,-1.1135406494140625
1784804428568997120,40.71473431587219,-0.1403045654296875,-0.0954742431640625,-0.99151611328125
1784804428578916096,40.724653244018555,-0.06146240234375,-0.0710296630859375,-0.7975006103515625
1784804428588835840,40.73457312583923,-0.0224456787109375,-0.1056976318359375,-0.6612091064453125
1784804428598755072,40.744492292404175,0.1002349853515625,-0.2592315673828125,-0.56573486328125
1784804428608675072,40.75441217422485,0.0847320556640625,-0.5062255859375,-0.4294891357421875
1784804428618594048,40.764331102371216,0.0667877197265625,-0.740234375,-0.345916748046875
1784804428628514048,40.774251222610474,0.035247802734375,-0.6645965576171875,-0.3651123046875
1784804428638433024,40.784170150756836,0.0030059814453125,-0.369293212890625,-0.4599151611328125
1784804428648353024,40.794090270996094,-0.0767364501953125,-0.1795654296875,-0.643096923828125
1784804428658272000,40.804009199142456,-0.070892333984375,-0.1066436767578125,-0.748321533203125
1784804428668190976,40.81392812728882,-0.0372772216796875,-0.0322113037109375,-0.8281707763671875
1784804428678110976,40.823848247528076,-0.0050201416015625,0.113494873046875,-0.7870025634765625
1784804428688029952,40.83376717567444,0.017822265625,0.3392333984375,-0.6883544921875
1784804428697950208,40.843687295913696,-0.0882415771484375,0.5403289794921875,-0.63916015625
1784804428707868928,40.85360622406006,-0.218292236328125,0.6843109130859375,-0.5671234130859375
1784804428717788928,40.86352610588074,-0.2272796630859375,0.7389678955078125,-0.51898193359375
1784804428727708160,40.87344527244568,-0.2429656982421875,0.6838531494140625,-0.5102691650390625
1784804428737627136,40.88336420059204,-0.273162841796875,0.595977783203125,-0.5725250244140625
1784804428747547136,40.8932843208313,-0.2208099365234375,0.55364990234375,-0.7808380126953125
1784804428757466112,40.90320324897766,-0.163299560546875,0.4886627197265625,-0.975128173828125
1784804428767385856,40.91312313079834,-0.2335052490234375,0.5135345458984375,-0.9472503662109375
1784804428777305088,40.92304229736328,-0.3303070068359375,0.5910491943359375,-0.8459014892578125
1784804428787225088,40.93296217918396,-0.338104248046875,0.5583038330078125,-0.7328643798828125
1784804428797144064,40.94288110733032,-0.321258544921875,0.428253173828125,-0.633026123046875
1784804428807064064,40.95280122756958,-0.284393310546875,0.3360595703125,-0.483673095703125
1784804428816983040,40.96272015571594,-0.2003936767578125,0.2511749267578125,-0.4286346435546875
1784804428826902272,40.972639322280884,-0.1099853515625,0.248687744140625,-0.431243896484375
1784804428836822016,40.98255920410156,-0.0517120361328125,0.3202667236328125,-0.440521240234375
1784804428846740992,40.992478132247925,-0.011505126953125,0.368072509765625,-0.46954345703125
1784804428856660992,41.00239825248718,-0.000732421875,0.442138671875,-0.46197509765625
1784804428866579968,41.012317180633545,-0.021514892578125,0.5254058837890625,-0.4860382080078125
1784804428876500224,41.0222373008728,-0.049072265625,0.5823516845703125,-0.5587158203125
1784804428886418944,41.032156229019165,-0.0650177001953125,0.602325439453125,-0.6119842529296875
1784804428896338944,41.042076110839844,-0.0650787353515625,0.6112060546875,-0.648590087890625
1784804428906258176,41.051995277404785,-0.0596160888671875,0.61468505859375,-0.6425323486328125
1784804428916177152,41.06191420555115,-0.050201416015625,0.6497802734375,-0.6252899169921875
1784804428926097152,41.071834325790405,-0.0417633056640625,0.6898345947265625,-0.63836669921875
1784804428936016128,41.08175325393677,-0.0327911376953125,0.725982666015625,-0.6607513427734375
1784804428945935872,41.091673135757446,-0.036285400390625,0.752960205078125,-0.66552734375
1784804428955855104,41.10159230232239,-0.0549774169921875,0.7476043701171875,-0.65985107421875
1784804428965775104,41.111512184143066,-0.062530517578125,0.71307373046875,-0.6147613525390625
1784804428975693824,41.12143111228943,-0.070953369140625,0.6419830322265625,-0.530792236328125
1784804428985614080,41.13135123252869,-0.0841064453125,0.5940704345703125,-0.458770751953125
1784804428995533056,41.14127016067505,-0.0906524658203125,0.6085662841796875,-0.406463623046875
1784804429005452032,41.15118932723999,-0.085723876953125,0.62371826171875,-0.4402618408203125
1784804429015372032,41.16110920906067,-0.0816192626953125,0.662322998046875,-0.4558258056640625
1784804429025291008,41.17102813720703,-0.0865936279296875,0.7321624755859375,-0.4994049072265625
1784804429035211008,41.18094825744629,-0.08563232421875,0.7965240478515625,-0.531524658203125
1784804429045129984,41.19086718559265,-0.0921630859375,0.84271240234375,-0.533203125
1784804429055049472,41.20078659057617,-0.0114898681640625,0.8691558837890625,-0.5246124267578125
1784804429064968448,41.210705518722534,0.2811126708984375,1.1583251953125,-0.401611328125
1784804429074887424,41.220624685287476,0.36126708984375,1.351348876953125,-0.65521240234375
1784804429084807424,41.230544567108154,0.19805908203125,1.4359588623046875,-0.5444183349609375
1784804429094726400,41.24046349525452,-0.2682952880859375,1.116424560546875,-0.53466796875
1784804429104646400,41.250383615493774,-0.458770751953125,0.6509857177734375,-0.507598876953125
1784804429114565376,41.26030254364014,-0.2093963623046875,0.4871978759765625,-0.5192413330078125
1784804429124485376,41.270222663879395,-0.0399169921875,0.4344329833984375,-0.57830810546875
1784804429134404352,41.28014159202576,-0.00531005859375,0.5285186767578125,-0.5348052978515625
1784804429144324352,41.290061473846436,-0.03240966796875,0.7145233154296875,-0.449005126953125
1784804429154243584,41.29998064041138,0.061126708984375,0.8451385498046875,-0.4202423095703125
1784804429164162304,41.30989956855774,-0.0663909912109375,0.9469451904296875,-0.4420013427734375
1784804429174082560,41.319819688797,-0.133697509765625,1.0363922119140625,-0.45220947265625
1784804429184001536,41.32973861694336,-0.0313873291015625,0.959808349609375,-0.42547607421875
1784804429193921280,41.33965849876404,0.173370361328125,0.87237548828125,-0.5381317138671875
1784804429203840512,41.34957766532898,0.0563507080078125,0.9418487548828125,-0.546875
1784804429213760256,41.35949754714966,-0.136322021484375,0.873779296875,-0.6025238037109375
1784804429223679232,41.36941647529602,-0.17333984375,0.7801513671875,-0.5636749267578125
1784804429233599488,41.37933659553528,-0.0923614501953125,0.7100067138671875,-0.555328369140625
1784804429243518464,41.38925552368164,-0.0230712890625,0.6920166015625,-0.56170654296875
1784804429253437440,41.39917469024658,-0.06439208984375,0.7887420654296875,-0.5583038330078125
1784804429263357440,41.40909457206726,-0.02728271484375,0.94085693359375,-0.619659423828125
1784804429273276416,41.41901350021362,0.001922607421875,0.9760894775390625,-0.68505859375
1784804429283196416,41.42893362045288,-0.0387420654296875,0.9171295166015625,-0.6507415771484375
1784804429293115392,41.43885254859924,-0.106658935546875,0.9455718994140625,-0.5966033935546875
1784804429303035392,41.4487726688385,-0.10394287109375,1.0151519775390625,-0.556671142578125
1784804429312954368,41.45869159698486,-0.0549774169921875,1.0397491455078125,-0.5251312255859375
1784804429322873344,41.468610525131226,-0.03973388671875,0.967864990234375,-0.4697113037109375
1784804429332793600,41.47853064537048,-0.0277862548828125,0.846923828125,-0.4344940185546875
1784804429342712320,41.488449573516846,0.0045318603515625,0.8612213134765625,-0.403289794921875
1784804429352632576,41.4983696937561,0.030670166015625,0.9309539794921875,-0.4303436279296875
1784804429362551552,41.508288621902466,0.0283660888671875,0.975067138671875,-0.4842071533203125
1784804429372471296,41.518208503723145,-0.0008544921875,0.9852447509765625,-0.5201568603515625
1784804429382390528,41.528127670288086,-0.046142578125,0.981903076171875,-0.5065765380859375
1784804429392310272,41.538047552108765,-0.08587646484375,0.9759674072265625,-0.4570159912109375
1784804429402229248,41.54796648025513,-0.0886077880859375,0.9709320068359375,-0.3946990966796875
1784804429412148480,41.55788564682007,-0.09808349609375,0.96063232421875,-0.36395263671875
1784804429422068480,41.56780552864075,-0.092926025390625,0.9216766357421875,-0.3389129638671875
1784804429431987456,41.57772469520569,-0.1025390625,0.882049560546875,-0.3057708740234375
1784804429441907456,41.58764457702637,-0.1201324462890625,0.85235595703125,-0.3374176025390625
1784804429451826432,41.59756350517273,-0.10076904296875,0.885406494140625,-0.3907470703125
1784804429461746432,41.60748362541199,-0.0769195556640625,0.927490234375,-0.434539794921875
1784804429471665408,41.61740255355835,-0.12164306640625,0.969970703125,-0.44775390625
1784804429481585408,41.62732267379761,-0.1143798828125,0.9626007080078125,-0.46429443359375
1784804429491504384,41.63724160194397,-0.0776824951171875,0.91949462890625,-0.4593658447265625
1784804429501423360,41.64716053009033,-0.0796051025390625,0.922271728515625,-0.434326171875
1784804429511343360,41.65708065032959,-0.0753936767578125,0.942352294921875,-0.3959197998046875
1784804429521262336,41.66699957847595,-0.06756591796875,0.9220733642578125,-0.3820953369140625
1784804429531182592,41.67691969871521,-0.09722900390625,0.9581298828125,-0.3490447998046875
1784804429541101568,41.68683862686157,-0.1148529052734375,0.9590301513671875,-0.35028076171875
1784804429551021312,41.69675850868225,-0.119384765625,0.9592742919921875,-0.3795166015625
1784804429560940544,41.70667767524719,-0.1121368408203125,0.97967529296875,-0.408843994140625
1784804429570859520,41.716596603393555,-0.1128692626953125,0.96160888671875,-0.43280029296875
1784804429580779264,41.72651648521423,-0.107879638671875,0.856414794921875,-0.391357421875
1784804429590698496,41.736435651779175,-0.0904388427734375,0.852691650390625,-0.3508758544921875
1784804429600618240,41.74635553359985,-0.064422607421875,0.910186767578125,-0.349151611328125
1784804429610537472,41.756274700164795,-0.07293701171875,0.948883056640625,-0.330108642578125
1784804429620457472,41.766194581985474,-0.1153717041015625,0.947357177734375,-0.33026123046875
1784804429630376448,41.776113510131836,-0.139404296875,0.9503631591796875,-0.344757080078125
1784804429640296448,41.786033630371094,-0.1189117431640625,0.9183807373046875,-0.400054931640625
1784804429650215424,41.795952558517456,-0.11907958984375,0.9040069580078125,-0.4496612548828125
1784804429660134400,41.80587148666382,-0.144439697265625,0.9260101318359375,-0.4777374267578125
1784804429670054400,41.815791606903076,-0.1467742919921875,0.919891357421875,-0.4623565673828125
1784804429679973376,41.82571053504944,-0.11651611328125,0.9055938720703125,-0.4143524169921875
1784804429689893376,41.835630655288696,-0.11822509765625,0.9244232177734375,-0.371063232421875
1784804429699812352,41.84554958343506,-0.12982177734375,0.9886474609375,-0.3653564453125
1784804429709732352,41.85546946525574,-0.14141845703125,0.98114013671875,-0.3584442138671875
1784804429719651584,41.86538863182068,-0.1304779052734375,0.9246673583984375,-0.302215576171875
