time,seconds_elapsed,x,y,z
1784719747080809216,0.19962120056152344,-0.063018798828125,0.92987060546875,-0.4843292236328125
1784719747090727936,0.20954012870788574,-0.0279388427734375,0.8940887451171875,-0.4667510986328125
1784719747100648192,0.21946024894714355,0.000335693359375,0.851226806640625,-0.46038818359375
1784719747110567936,0.22938013076782227,0.0013885498046875,0.78131103515625,-0.4739227294921875
1784719747120488192,0.23930025100708008,-0.0188140869140625,0.7569732666015625,-0.49200439453125
1784719747130407936,0.2492201328277588,-0.0407562255859375,0.8162689208984375,-0.499755859375
1784719747140328192,0.2591402530670166,-0.0609130859375,0.877166748046875,-0.5119781494140625
1784719747150247168,0.2690591812133789,-0.0534515380859375,0.8963623046875,-0.5372161865234375
1784719747160167168,0.2789793014526367,-0.0204010009765625,0.888824462890625,-0.5466461181640625
1784719747170087168,0.28889918327331543,-0.003997802734375,0.8446502685546875,-0.551605224609375
1784719747180007168,0.29881930351257324,0.0040435791015625,0.8208770751953125,-0.5423736572265625
1784719747189927168,0.30873918533325195,0.00726318359375,0.822906494140625,-0.5373077392578125
1784719747199847168,0.31865930557250977,-0.00732421875,0.81439208984375,-0.5286407470703125
1784719747209766144,0.32857823371887207,-0.02142333984375,0.810272216796875,-0.5085601806640625
1784719747219686144,0.3384981155395508,-0.029998779296875,0.81988525390625,-0.5104522705078125
1784719747229606144,0.3484182357788086,-0.0110626220703125,0.8532867431640625,-0.5469207763671875
1784719747239526144,0.3583381175994873,0.003936767578125,0.8456573486328125,-0.5623626708984375
1784719747249446144,0.3682582378387451,-0.0010528564453125,0.8409271240234375,-0.5727691650390625
1784719747259366144,0.37817811965942383,-0.0209808349609375,0.8565826416015625,-0.5581817626953125
1784719747269285120,0.38809728622436523,-0.069488525390625,0.86700439453125,-0.544525146484375
1784719747279205120,0.39801716804504395,-0.0912017822265625,0.8975677490234375,-0.5372467041015625
1784719747289125120,0.40793728828430176,-0.064117431640625,0.8905792236328125,-0.5643463134765625
1784719747299045120,0.41785717010498047,-0.0126190185546875,0.8639068603515625,-0.5860748291015625
1784719747308965120,0.4277772903442383,0.026763916015625,0.841583251953125,-0.588348388671875
1784719747318885120,0.437697172164917,0.044464111328125,0.804779052734375,-0.5680999755859375
1784719747328804096,0.4476161003112793,0.0343780517578125,0.7967071533203125,-0.5171051025390625
1784719747338724096,0.4575362205505371,-0.00506591796875,0.827392578125,-0.46722412109375
1784719747348644096,0.4674561023712158,-0.0533905029296875,0.8691253662109375,-0.4491119384765625
1784719747358564096,0.47737622261047363,-0.064727783203125,0.8957061767578125,-0.4668426513671875
1784719747368484096,0.48729610443115234,-0.055206298828125,0.926116943359375,-0.4844207763671875
1784719747378404096,0.49721622467041016,-0.026336669921875,0.908050537109375,-0.537994384765625
1784719747388323072,0.5071351528167725,0.0095367431640625,0.8469085693359375,-0.57318115234375
1784719747398243072,0.5170552730560303,0.0208892822265625,0.784210205078125,-0.558013916015625
1784719747408163072,0.526975154876709,-0.0023193359375,0.758514404296875,-0.53778076171875
1784719747418083072,0.5368952751159668,-0.020843505859375,0.7693939208984375,-0.521759033203125
1784719747428003072,0.5468151569366455,-0.0332794189453125,0.802886962890625,-0.4959564208984375
1784719747437923072,0.5567352771759033,-0.0253448486328125,0.842437744140625,-0.5082550048828125
1784719747447842048,0.5666542053222656,-0.004913330078125,0.8509521484375,-0.5180816650390625
1784719747457762304,0.5765743255615234,0.013397216796875,0.8374176025390625,-0.52532958984375
1784719747467682048,0.5864942073822021,0.0057525634765625,0.8225250244140625,-0.518707275390625
1784719747477602048,0.5964140892028809,-0.032318115234375,0.8063507080078125,-0.5279541015625
1784719747487522048,0.6063342094421387,-0.0851593017578125,0.83319091796875,-0.5672454833984375
1784719747497442048,0.6162540912628174,-0.091766357421875,0.8439178466796875,-0.5863494873046875
1784719747507361280,0.6261732578277588,-0.0767364501953125,0.86480712890625,-0.5803680419921875
1784719747517281024,0.6360931396484375,-0.0330963134765625,0.8772735595703125,-0.585052490234375
1784719747527201280,0.6460132598876953,0.001739501953125,0.8408203125,-0.58502197265625
1784719747537121024,0.655933141708374,0.0268096923828125,0.829803466796875,-0.556915283203125
1784719747547041280,0.6658532619476318,0.0382232666015625,0.8271026611328125,-0.52313232421875
1784719747556961024,0.6757731437683105,0.0231170654296875,0.8314056396484375,-0.505706787109375
1784719747566880256,0.685692310333252,0.00079345703125,0.8172454833984375,-0.49700927734375
1784719747576800000,0.6956121921539307,-0.018768310546875,0.8090057373046875,-0.5026092529296875
1784719747586720256,0.7055323123931885,-0.035919189453125,0.844390869140625,-0.520111083984375
1784719747596640000,0.7154521942138672,-0.0408477783203125,0.8658447265625,-0.5572357177734375
1784719747606560256,0.725372314453125,-0.0196380615234375,0.8454132080078125,-0.57928466796875
1784719747616480000,0.7352921962738037,0.00030517578125,0.8180389404296875,-0.57037353515625
1784719747626398976,0.745211124420166,-0.0123748779296875,0.8480377197265625,-0.5458221435546875
1784719747636319232,0.7551312446594238,-0.0181121826171875,0.8607940673828125,-0.5235137939453125
1784719747646238976,0.7650511264801025,-0.037872314453125,0.8506011962890625,-0.4999237060546875
1784719747656159232,0.7749712467193604,-0.0588531494140625,0.84027099609375,-0.4930419921875
1784719747666078976,0.7848911285400391,-0.0553741455078125,0.8387298583984375,-0.49139404296875
1784719747675999232,0.7948112487792969,-0.0245361328125,0.8393096923828125,-0.520477294921875
1784719747685918208,0.8047301769256592,0.0023193359375,0.836883544921875,-0.57037353515625
1784719747695838208,0.814650297164917,0.018890380859375,0.8090362548828125,-0.59344482421875
1784719747705758208,0.8245701789855957,0.0404205322265625,0.7666015625,-0.5771331787109375
1784719747715678208,0.8344902992248535,0.046661376953125,0.7837371826171875,-0.52691650390625
1784719747725597440,0.8444094657897949,0.0498046875,0.812164306640625,-0.4791259765625
1784719747735516416,0.8543283939361572,0.0654449462890625,0.8057861328125,-0.443450927734375
1784719747745436416,0.864248514175415,0.097869873046875,0.7955474853515625,-0.4252777099609375
1784719747755356416,0.8741683959960938,0.166534423828125,0.783599853515625,-0.410858154296875
1784719747765276416,0.8840885162353516,0.17059326171875,0.7362213134765625,-0.4563140869140625
1784719747775196416,0.8940083980560303,0.2053070068359375,0.64019775390625,-0.4788818359375
1784719747785116416,0.9039285182952881,0.2542572021484375,0.506195068359375,-0.4220428466796875
1784719747795035392,0.9138474464416504,0.1561431884765625,0.402679443359375,-0.389923095703125
1784719747804955392,0.9237675666809082,-0.0108184814453125,0.4883270263671875,-0.3470916748046875
1784719747814875392,0.9336874485015869,-0.119384765625,0.6854095458984375,-0.3101348876953125
1784719747824795392,0.9436075687408447,-0.1553955078125,0.836212158203125,-0.2634124755859375
1784719747834715392,0.9535274505615234,-0.162017822265625,0.9499359130859375,-0.274261474609375
1784719747844635392,0.9634475708007812,-0.1179046630859375,0.9738616943359375,-0.2914886474609375
1784719747854554368,0.9733664989471436,-0.0770111083984375,0.8700408935546875,-0.3900909423828125
1784719747864474368,0.9832863807678223,-0.0554962158203125,0.7759246826171875,-0.5420989990234375
1784719747874394368,0.9932065010070801,0.00408935546875,0.7591094970703125,-0.7318115234375
1784719747884314368,1.0031263828277588,0.1250152587890625,0.854827880859375,-0.88970947265625
1784719747894234368,1.0130465030670166,0.0328369140625,0.901519775390625,-0.813079833984375
1784719747904153344,1.022965431213379,0.070281982421875,0.8433380126953125,-0.707855224609375
1784719747914073344,1.0328855514526367,0.0162811279296875,0.745208740234375,-0.7538604736328125
1784719747923993344,1.0428054332733154,-0.0048980712890625,0.7945709228515625,-0.812164306640625
1784719747933913344,1.0527255535125732,0.051300048828125,0.8570098876953125,-0.9195709228515625
1784719747943833344,1.062645435333252,0.187652587890625,0.8805084228515625,-0.9782867431640625
1784719747953753344,1.0725655555725098,0.3622589111328125,0.8648529052734375,-0.956756591796875
1784719747963672320,1.082484483718872,0.4725189208984375,0.8123626708984375,-0.8936920166015625
1784719747973592320,1.0924043655395508,0.474700927734375,0.7508697509765625,-0.841064453125
1784719747983512320,1.1023244857788086,0.3583221435546875,0.671905517578125,-0.779876708984375
1784719747993432320,1.1122443675994873,0.1968231201171875,0.6439056396484375,-0.7021484375
1784719748003352320,1.1221644878387451,0.1044158935546875,0.658721923828125,-0.6345062255859375
1784719748013272320,1.1320843696594238,0.1523284912109375,0.6680908203125,-0.5667266845703125
1784719748023191552,1.1420035362243652,0.25469970703125,0.61328125,-0.509063720703125
1784719748033111296,1.151923418045044,0.2704010009765625,0.57196044921875,-0.498870849609375
1784719748043031552,1.1618435382843018,0.212921142578125,0.5942230224609375,-0.5769805908203125
1784719748052951296,1.1717634201049805,0.12744140625,0.683837890625,-0.7071380615234375
1784719748062871552,1.1816835403442383,0.0123138427734375,0.824066162109375,-0.828338623046875
1784719748072790272,1.1916024684906006,-0.086578369140625,0.92694091796875,-1.025543212890625
1784719748082710272,1.2015223503112793,-0.0944671630859375,0.8709869384765625,-1.27630615234375
1784719748092630272,1.211442470550537,-0.0584259033203125,0.6761474609375,-1.319122314453125
1784719748102550272,1.2213623523712158,-0.0461883544921875,0.5324249267578125,-1.090057373046875
1784719748112470272,1.2312824726104736,-0.05047607421875,0.5392303466796875,-0.802947998046875
1784719748122390272,1.2412023544311523,-0.020172119140625,0.629638671875,-0.6284332275390625
1784719748132309504,1.2511215209960938,0.0861053466796875,0.6610260009765625,-0.559234619140625
1784719748142229248,1.2610414028167725,0.1793212890625,0.67803955078125,-0.533782958984375
1784719748152149504,1.2709615230560303,0.2423858642578125,0.723358154296875,-0.643768310546875
1784719748162069248,1.280881404876709,0.239471435546875,0.79840087890625,-0.8563690185546875
1784719748171989504,1.2908015251159668,0.152252197265625,0.8256378173828125,-0.8683624267578125
1784719748181909248,1.3007214069366455,-0.01422119140625,0.730255126953125,-0.811737060546875
1784719748191828480,1.310640573501587,-0.1501617431640625,0.59649658203125,-0.6932373046875
1784719748201748480,1.3205604553222656,-0.10174560546875,0.4894866943359375,-0.6550750732421875
1784719748211668480,1.3304805755615234,-0.0248870849609375,0.4244537353515625,-0.7110443115234375
1784719748221588480,1.3404004573822021,0.0255889892578125,0.465972900390625,-0.7872467041015625
1784719748231508224,1.3503203392028809,0.113494873046875,0.4852447509765625,-0.9605865478515625
1784719748241428480,1.3602404594421387,0.2053985595703125,0.4918670654296875,-0.9341583251953125
1784719748251347200,1.370159387588501,0.359588623046875,0.4636688232421875,-0.9240570068359375
1784719748261267456,1.3800795078277588,0.424713134765625,0.2600555419921875,-0.9527130126953125
1784719748271187200,1.3899993896484375,0.4033660888671875,0.1044464111328125,-0.806884765625
1784719748281107456,1.3999195098876953,0.254058837890625,0.0667266845703125,-0.704193115234375
1784719748291027200,1.409839391708374,0.1337432861328125,0.1029205322265625,-0.721832275390625
1784719748300946432,1.4197585582733154,0.192047119140625,0.1699981689453125,-0.7816162109375
1784719748310866432,1.4296784400939941,0.333465576171875,0.2366943359375,-0.8465728759765625
1784719748320786432,1.439598560333252,0.4418487548828125,0.2574920654296875,-0.851470947265625
1784719748330706432,1.4495184421539307,0.498199462890625,0.10882568359375,-0.79144287109375
1784719748340626432,1.4594385623931885,0.5175628662109375,-0.097503662109375,-0.63775634765625
1784719748350546432,1.4693584442138672,0.433837890625,-0.0028533935546875,-0.6886444091796875
1784719748360465408,1.4792773723602295,0.3197021484375,0.1371612548828125,-0.826171875
1784719748370385408,1.4891974925994873,0.1164093017578125,0.19232177734375,-0.8994140625
1784719748380305408,1.499117374420166,0.093719482421875,0.30621337890625,-0.8201751708984375
1784719748390225408,1.5090374946594238,0.131500244140625,0.4184112548828125,-0.692230224609375
1784719748400145408,1.5189573764801025,0.1338653564453125,0.3199920654296875,-0.5064849853515625
1784719748410065408,1.5288774967193604,0.3944244384765625,0.0478973388671875,-0.4431915283203125
1784719748419984384,1.5387964248657227,0.24322509765625,0.1367950439453125,-0.501312255859375
1784719748429904384,1.5487165451049805,0.081146240234375,0.95867919921875,-0.668365478515625
1784719748439824384,1.5586364269256592,0.673797607421875,0.9906768798828125,-0.658843994140625
1784719748449744384,1.568556547164917,1.17633056640625,0.265045166015625,-0.5759124755859375
1784719748459664384,1.5784764289855957,0.926666259765625,-0.2129058837890625,-1.037017822265625
1784719748469584384,1.5883965492248535,0.64349365234375,-0.2527923583984375,-1.2342681884765625
1784719748479503360,1.5983154773712158,0.594146728515625,-0.7318115234375,-1.0526885986328125
1784719748489423360,1.6082353591918945,0.5743560791015625,-1.125457763671875,-1.07208251953125
1784719748499343360,1.6181554794311523,0.505523681640625,-0.386932373046875,-1.3040313720703125
1784719748509263360,1.628075361251831,0.52801513671875,0.15142822265625,-1.515411376953125
1784719748519183360,1.6379954814910889,0.778564453125,0.3350830078125,-1.6067047119140625
1784719748529102336,1.6479144096374512,0.9793243408203125,0.4649200439453125,-1.445068359375
1784719748539022336,1.657834529876709,1.0090179443359375,0.40032958984375,-1.221893310546875
1784719748548942336,1.6677544116973877,0.862396240234375,0.1122283935546875,-1.2642364501953125
1784719748558862336,1.6776745319366455,0.689422607421875,-0.0040740966796875,-1.52813720703125
1784719748568782336,1.6875944137573242,0.6844482421875,0.16668701171875,-1.4401702880859375
1784719748578702336,1.697514533996582,0.7170257568359375,0.0937957763671875,-1.4512176513671875
1784719748588621312,1.7074334621429443,0.627105712890625,-0.0840301513671875,-1.228668212890625
1784719748598541312,1.717353343963623,0.5051727294921875,-0.202301025390625,-1.144866943359375
1784719748608461312,1.7272734642028809,0.4102935791015625,-0.326141357421875,-1.231048583984375
1784719748618381312,1.7371933460235596,0.3094329833984375,-0.3406982421875,-1.2441558837890625
1784719748628301312,1.7471134662628174,0.300140380859375,-0.3416748046875,-1.30108642578125
1784719748638221312,1.757033348083496,0.2450103759765625,-0.4277496337890625,-1.281951904296875
1784719748648140544,1.7669525146484375,0.25408935546875,-0.4978485107421875,-1.31243896484375
1784719748658060288,1.7768723964691162,0.352752685546875,-0.5825042724609375,-1.396697998046875
1784719748667980544,1.786792516708374,0.388641357421875,-0.744232177734375,-1.4059295654296875
1784719748677900288,1.7967123985290527,0.40234375,-0.913330078125,-1.326202392578125
1784719748687820544,1.8066325187683105,0.369384765625,-0.9718780517578125,-1.2475128173828125
1784719748697739264,1.8165514469146729,0.3680419921875,-0.8499908447265625,-1.085662841796875
1784719748707659520,1.8264715671539307,0.4228515625,-0.9153289794921875,-0.8683929443359375
1784719748717579264,1.8363914489746094,0.4938507080078125,-1.2775421142578125,-0.6986541748046875
1784719748727499520,1.8463115692138672,0.652679443359375,-1.51171875,-0.458038330078125
1784719748737419520,1.856231689453125,0.541717529296875,-1.940643310546875,-0.2960052490234375
1784719748747339520,1.8661515712738037,0.295440673828125,-2.071014404296875,0.000885009765625
1784719748757258752,1.8760707378387451,0.3330078125,-2.1088104248046875,0.2752227783203125
1784719748767178496,1.8859906196594238,0.219818115234375,-2.0792388916015625,0.4997711181640625
1784719748777098752,1.8959107398986816,0.2796173095703125,-1.941741943359375,0.636932373046875
1784719748787018496,1.9058306217193604,0.235137939453125,-1.86798095703125,0.3901824951171875
1784719748796938752,1.9157507419586182,0.1305999755859375,-1.829742431640625,0.010162353515625
1784719748806858496,1.9256706237792969,0.0759124755859375,-1.73394775390625,-0.283203125
1784719748816777472,1.9355895519256592,0.11346435546875,-1.69818115234375,-0.5027313232421875
1784719748826697472,1.945509672164917,0.3235015869140625,-1.734222412109375,-0.4075164794921875
1784719748836617472,1.9554295539855957,0.35870361328125,-1.85552978515625,-0.1704559326171875
1784719748846537472,1.9653496742248535,0.388214111328125,-1.9281768798828125,0.1923675537109375
1784719748856457472,1.9752695560455322,0.3616943359375,-1.9375457763671875,0.4932861328125
1784719748866377472,1.98518967628479,0.342437744140625,-2.0198211669921875,0.567718505859375
1784719748876296448,1.9951086044311523,0.3429718017578125,-2.1391754150390625,0.5243988037109375
1784719748886216704,2.00502872467041,0.3075103759765625,-2.216644287109375,0.544189453125
1784719748896136448,2.014948606491089,0.3067169189453125,-2.188507080078125,0.5335845947265625
1784719748906056704,2.0248687267303467,0.38470458984375,-2.0284423828125,0.5906219482421875
1784719748915976448,2.0347886085510254,0.4920806884765625,-1.736663818359375,0.576873779296875
1784719748925895424,2.0447075366973877,0.5880279541015625,-1.423095703125,0.4964752197265625
1784719748935815680,2.0546276569366455,0.6338043212890625,-1.2037811279296875,0.42340087890625
1784719748945735424,2.064547538757324,0.654937744140625,-1.100189208984375,0.40380859375
1784719748955655680,2.074467658996582,0.6839599609375,-1.11865234375,0.3973236083984375
1784719748965575424,2.0843875408172607,0.7459869384765625,-1.1558685302734375,0.435516357421875
1784719748975495680,2.0943076610565186,0.827728271484375,-1.1602783203125,0.4869384765625
1784719748985414400,2.104226589202881,0.9026031494140625,-1.0886688232421875,0.6031646728515625
1784719748995334656,2.1141467094421387,0.9836883544921875,-0.9881439208984375,0.683013916015625
1784719749005254400,2.1240665912628174,1.0555267333984375,-0.8803863525390625,0.742645263671875
1784719749015174656,2.133986711502075,1.109466552734375,-0.8403778076171875,0.793731689453125
1784719749025094400,2.143906593322754,1.0977325439453125,-0.80535888671875,0.9105682373046875
1784719749035014656,2.1538267135620117,1.098724365234375,-0.7376556396484375,0.9573974609375
1784719749044933632,2.163745641708374,1.1597442626953125,-0.6556854248046875,0.894073486328125
1784719749054853376,2.1736655235290527,1.253173828125,-0.631500244140625,0.8271331787109375
1784719749064773632,2.1835856437683105,1.3423919677734375,-0.615509033203125,0.87078857421875
1784719749074693376,2.1935055255889893,1.43426513671875,-0.606292724609375,0.855682373046875
1784719749084613632,2.203425645828247,1.50079345703125,-0.5705718994140625,0.78692626953125
1784719749094533376,2.213345527648926,1.5223236083984375,-0.4939422607421875,0.75250244140625
1784719749104452608,2.223264694213867,1.5160064697265625,-0.4400787353515625,0.776397705078125
1784719749114372608,2.233184576034546,1.5098114013671875,-0.46844482421875,0.7578277587890625
1784719749124292608,2.2431046962738037,1.5749359130859375,-0.3871917724609375,0.72021484375
1784719749134212608,2.2530245780944824,1.6989898681640625,-0.33868408203125,0.73785400390625
1784719749144132608,2.2629446983337402,1.8170623779296875,-0.4617156982421875,0.796173095703125
1784719749154052608,2.272864580154419,1.9027862548828125,-0.5731964111328125,0.8055877685546875
1784719749163971328,2.2827835083007812,1.9014892578125,-0.516571044921875,0.90740966796875
1784719749173891584,2.292703628540039,1.85516357421875,-0.3277130126953125,0.9929046630859375
1784719749183811328,2.3026235103607178,5.1479949951171875,2.3253173828125,0.2664337158203125
1784719749193731584,2.3125436305999756,2.2262420654296875,4.79510498046875,2.644073486328125
1784719749203651328,2.3224635124206543,-0.1457366943359375,1.440521240234375,1.684783935546875
1784719749213571584,2.332383632659912,1.2652435302734375,2.1350860595703125,1.714630126953125
1784719749223490560,2.3423025608062744,1.5421600341796875,1.306121826171875,1.1674346923828125
1784719749233410560,2.3522226810455322,2.4347381591796875,1.1322021484375,1.361572265625
1784719749243330560,2.362142562866211,3.4691314697265625,1.058685302734375,0.8659820556640625
1784719749253250560,2.3720626831054688,3.5141754150390625,1.325531005859375,1.134002685546875
1784719749263170560,2.3819825649261475,2.159942626953125,2.097869873046875,0.7178955078125
1784719749273090560,2.3919026851654053,0.9058074951171875,2.7775421142578125,0.341552734375
1784719749283009536,2.4018216133117676,0.2175140380859375,2.2631072998046875,0.081207275390625
1784719749292929536,2.4117417335510254,0.2129974365234375,1.247528076171875,0.03546142578125
1784719749302849536,2.421661615371704,-0.155517578125,0.80206298828125,0.32794189453125
1784719749312769536,2.431581735610962,0.31304931640625,1.5384063720703125,0.222503662109375
1784719749322689536,2.4415016174316406,1.536773681640625,1.5755157470703125,-0.133209228515625
1784719749332609536,2.4514217376708984,1.5701446533203125,1.306884765625,-0.049774169921875
1784719749342528512,2.4613406658172607,1.1005859375,1.06939697265625,0.1202850341796875
1784719749352448512,2.4712605476379395,0.6802520751953125,1.3400115966796875,0.2314453125
1784719749362368512,2.4811806678771973,0.49383544921875,1.5886077880859375,0.0721282958984375
1784719749372288512,2.491100549697876,0.6808929443359375,1.4996490478515625,-0.2752227783203125
1784719749382208512,2.501020669937134,0.7283477783203125,1.295440673828125,-0.3416595458984375
1784719749392128512,2.5109405517578125,0.6175537109375,1.1223602294921875,-0.29925537109375
1784719749402047744,2.520859718322754,0.565582275390625,1.111236572265625,-0.2391204833984375
1784719749411967488,2.5307796001434326,0.4913177490234375,1.3402862548828125,-0.176788330078125
1784719749421887744,2.5406997203826904,0.495758056640625,1.5274810791015625,-0.1499481201171875
1784719749431807488,2.550619602203369,0.4744415283203125,1.4012451171875,-0.1009674072265625
1784719749441727744,2.560539722442627,0.3997802734375,1.1996002197265625,-0.039276123046875
1784719749451647488,2.5704596042633057,0.43121337890625,1.0826873779296875,0.008941650390625
1784719749461566464,2.580378532409668,0.4984893798828125,1.082061767578125,-0.1146087646484375
1784719749471486464,2.590298652648926,0.492279052734375,1.1698455810546875,-0.2598114013671875
1784719749481406464,2.6002185344696045,0.56890869140625,1.233489990234375,-0.3422088623046875
1784719749491326464,2.6101386547088623,0.4106903076171875,1.438873291015625,-0.318572998046875
1784719749501246464,2.620058536529541,0.2243194580078125,1.6461181640625,-0.42047119140625
1784719749511166464,2.629978656768799,-0.0295257568359375,1.7616119384765625,-0.4361724853515625
1784719749521085440,2.639897584915161,-0.051513671875,1.4151611328125,-0.3810272216796875
1784719749531005696,2.649817705154419,0.0582427978515625,1.023345947265625,-0.375701904296875
1784719749540925440,2.6597375869750977,0.19415283203125,1.059234619140625,-0.5191497802734375
1784719749550845696,2.6696577072143555,0.3023529052734375,1.285888671875,-0.7237091064453125
1784719749560765440,2.679577589035034,0.111328125,1.518524169921875,-0.6720123291015625
1784719749570685696,2.689497709274292,-0.09100341796875,1.731109619140625,-0.6148834228515625
1784719749580604672,2.6994166374206543,-0.0330352783203125,1.574371337890625,-0.6899261474609375
1784719749590524416,2.709336519241333,-0.1324615478515625,1.46807861328125,-0.6652984619140625
1784719749600444672,2.719256639480591,0.217376708984375,1.2033843994140625,-0.662384033203125
1784719749610364416,2.7291765213012695,0.34844970703125,1.082183837890625,-1.1102752685546875
1784719749620284672,2.7390966415405273,0.237213134765625,1.0316314697265625,-1.0525054931640625
1784719749630204416,2.749016523361206,0.215667724609375,0.822052001953125,-1.0962371826171875
1784719749640124672,2.758936643600464,0.4721221923828125,0.7110748291015625,-0.7761383056640625
1784719749650043392,2.768855571746826,0.3674774169921875,0.397552490234375,-0.5704193115234375
1784719749659963648,2.778775691986084,0.7786865234375,0.4849853515625,-0.3992462158203125
1784719749669883392,2.7886955738067627,1.06365966796875,0.868988037109375,-0.3804473876953125
1784719749679803648,2.7986156940460205,1.146331787109375,0.7696533203125,-0.7732391357421875
1784719749689723392,2.808535575866699,1.5023040771484375,0.423126220703125,-0.9373779296875
1784719749699643648,2.818455696105957,1.4575653076171875,0.2015533447265625,-0.6724853515625
1784719749709562624,2.8283746242523193,1.17059326171875,0.3985443115234375,-0.418609619140625
1784719749719482368,2.838294506072998,1.067962646484375,0.5738372802734375,-0.2315826416015625
1784719749729402112,2.8482141494750977,0.4667510986328125,0.573944091796875,-0.2791595458984375
1784719749739322112,2.8581342697143555,0.409149169921875,0.405517578125,-0.77337646484375
1784719749749242112,2.868054151535034,0.584381103515625,0.5866851806640625,-1.0807647705078125
1784719749759162112,2.877974271774292,0.46435546875,0.676300048828125,-1.260986328125
1784719749769082112,2.8878941535949707,0.325927734375,0.53363037109375,-1.2784576416015625
1784719749779001344,2.897813320159912,0.5521697998046875,0.3413238525390625,-1.1142730712890625
1784719749788921088,2.907733201980591,0.547576904296875,0.5655059814453125,-1.14398193359375
1784719749798841344,2.9176533222198486,0.6614990234375,0.617218017578125,-0.9851226806640625
1784719749808761088,2.9275732040405273,0.5637359619140625,0.3002166748046875,-0.676483154296875
1784719749818681344,2.937493324279785,0.77490234375,0.04742431640625,-0.5845489501953125
1784719749828601088,2.947413206100464,0.6610565185546875,0.0949249267578125,-0.57904052734375
1784719749838520064,2.957332134246826,0.49462890625,0.273406982421875,-0.5850830078125
1784719749848440064,2.967252254486084,0.4730682373046875,0.3184814453125,-0.5686798095703125
1784719749858360064,2.9771721363067627,0.4694061279296875,0.039459228515625,-0.606048583984375
1784719749868280064,2.9870922565460205,0.4102020263671875,0.10235595703125,-0.591400146484375
1784719749878200064,2.997012138366699,0.4112701416015625,0.1973876953125,-0.6642913818359375
1784719749888120064,3.006932258605957,0.3557891845703125,0.3697509765625,-0.6656646728515625
1784719749898039040,3.0168511867523193,0.411468505859375,0.5146484375,-0.7064666748046875
1784719749907959296,3.026771306991577,0.446563720703125,0.5553741455078125,-0.7922821044921875
1784719749917879040,3.036691188812256,0.3447265625,0.5116729736328125,-0.8424072265625
1784719749927799296,3.0466113090515137,0.3666229248046875,0.521331787109375,-0.8410186767578125
1784719749937719040,3.0565311908721924,0.3964691162109375,0.4384002685546875,-0.8733367919921875
1784719749947639296,3.06645131111145,0.35552978515625,0.2275848388671875,-0.8998260498046875
1784719749957559040,3.076371192932129,0.4542388916015625,0.2069854736328125,-0.958251953125
1784719749967478272,3.0862903594970703,0.4241790771484375,0.3184661865234375,-0.996795654296875
1784719749977398272,3.096210241317749,0.4102630615234375,0.40496826171875,-1.064544677734375
1784719749987318272,3.106130361557007,0.4104156494140625,0.301849365234375,-1.072296142578125
1784719749997238272,3.1160502433776855,0.355712890625,0.297698974609375,-0.980926513671875
1784719750007158272,3.1259703636169434,0.38275146484375,0.2704010009765625,-0.93408203125
1784719750017078272,3.135890245437622,0.39483642578125,0.26995849609375,-0.8719024658203125
1784719750026996992,3.1458091735839844,0.37982177734375,0.2153778076171875,-0.8423919677734375
1784719750036917248,3.155729293823242,0.4364166259765625,0.1604766845703125,-0.8067169189453125
1784719750046836992,3.165649175643921,0.411865234375,0.1451263427734375,-0.9178619384765625
1784719750056757248,3.1755692958831787,0.3808135986328125,0.227081298828125,-0.9306488037109375
1784719750066676992,3.1854891777038574,0.279327392578125,0.1728363037109375,-0.95556640625
1784719750076597248,3.1954092979431152,0.2870330810546875,0.1085662841796875,-1.005096435546875
1784719750086516992,3.205329179763794,0.2399749755859375,0.10968017578125,-1.00640869140625
1784719750096436224,3.2152483463287354,0.276397705078125,0.1279449462890625,-0.9962005615234375
1784719750106356224,3.225168228149414,0.370452880859375,0.115570068359375,-1.028533935546875
1784719750116276224,3.235088348388672,0.343994140625,0.122711181640625,-1.0513153076171875
1784719750126196224,3.2450082302093506,0.33245849609375,0.164459228515625,-1.055389404296875
1784719750136116224,3.2549283504486084,0.3791961669921875,0.2207489013671875,-1.0938568115234375
1784719750146036224,3.264848232269287,0.2646636962890625,0.2409210205078125,-1.1221923828125
1784719750155956224,3.274768352508545,0.3089141845703125,0.251983642578125,-1.10308837890625
1784719750165875200,3.2846872806549072,0.3426055908203125,0.295196533203125,-1.0879058837890625
1784719750175795200,3.294607162475586,0.3150177001953125,0.2569122314453125,-1.088958740234375
1784719750185715200,3.3045272827148438,0.3391571044921875,0.107421875,-1.04180908203125
1784719750195635200,3.3144471645355225,0.3470458984375,0.0854949951171875,-1.035675048828125
1784719750205555200,3.3243672847747803,0.33544921875,0.149932861328125,-1.116790771484375
1784719750215475200,3.334287166595459,0.2749481201171875,0.1335296630859375,-1.1485443115234375
1784719750225394176,3.3442063331604004,0.2550201416015625,0.0708160400390625,-1.10595703125
1784719750235314176,3.354126214981079,0.33477783203125,0.10052490234375,-1.0850067138671875
1784719750245234176,3.364046335220337,0.267822265625,0.082244873046875,-1.0991973876953125
1784719750255154176,3.3739662170410156,0.3035430908203125,0.0851898193359375,-1.0860595703125
1784719750265074176,3.3838863372802734,0.2936553955078125,0.0934906005859375,-1.085235595703125
1784719750274994176,3.393806219100952,0.2867889404296875,0.124359130859375,-1.068572998046875
1784719750284914176,3.40372633934021,0.2663421630859375,0.0921630859375,-1.0688018798828125
1784719750294833152,3.4136452674865723,0.2696380615234375,0.0799102783203125,-1.0933074951171875
1784719750304753152,3.423565149307251,0.26922607421875,0.09222412109375,-1.159912109375
1784719750314673152,3.433485269546509,0.2962188720703125,0.1058807373046875,-1.2028350830078125
1784719750324593152,3.4434051513671875,0.3194427490234375,0.10699462890625,-1.2116546630859375
1784719750334513152,3.4533252716064453,0.3220672607421875,0.1304168701171875,-1.2201690673828125
1784719750344433152,3.463245153427124,0.2782440185546875,0.141571044921875,-1.2082061767578125
1784719750354353152,3.473165273666382,0.2537994384765625,0.128662109375,-1.1876373291015625
1784719750364272128,3.483084201812744,0.2650299072265625,0.1270294189453125,-1.1727294921875
1784719750374192128,3.493004322052002,0.247528076171875,0.1173553466796875,-1.1759185791015625
1784719750384112128,3.5029242038726807,0.2276153564453125,0.1023101806640625,-1.175140380859375
1784719750394032128,3.5128443241119385,0.206451416015625,0.122894287109375,-1.183197021484375
1784719750403952128,3.522764205932617,0.2364349365234375,0.10906982421875,-1.198883056640625
1784719750413872128,3.532684326171875,0.2365875244140625,0.061187744140625,-1.0968017578125
1784719750423791104,3.5426032543182373,0.2588958740234375,0.0072479248046875,-1.0569000244140625
1784719750433711104,3.552523136138916,0.2245330810546875,0.016204833984375,-1.0361175537109375
1784719750443631104,3.562443256378174,0.229888916015625,0.02044677734375,-1.063140869140625
1784719750453551104,3.5723631381988525,0.206268310546875,-0.0068206787109375,-1.0450897216796875
1784719750463471104,3.5822832584381104,0.133575439453125,-0.0035858154296875,-1.038604736328125
1784719750473391104,3.592203140258789,0.1175994873046875,0.0763092041015625,-1.0477142333984375
1784719750483311104,3.602123260498047,0.1746673583984375,0.134368896484375,-1.118377685546875
1784719750493230080,3.612042188644409,0.12921142578125,0.1219635009765625,-1.1139984130859375
1784719750503150336,3.621962308883667,0.130462646484375,0.0509796142578125,-1.0970611572265625
1784719750513070080,3.6318821907043457,0.087127685546875,0.0487823486328125,-1.055908203125
1784719750522990336,3.6418023109436035,0.061798095703125,0.074005126953125,-1.0466766357421875
1784719750532910080,3.6517221927642822,0.070556640625,0.081695556640625,-1.0369720458984375
1784719750542830336,3.66164231300354,0.041107177734375,0.09771728515625,-0.9829559326171875
1784719750552750080,3.6715621948242188,0.009918212890625,0.1239471435546875,-0.9157562255859375
1784719750562669312,3.68148136138916,0.006927490234375,0.076751708984375,-0.8329010009765625
1784719750572589056,3.691401243209839,0.0312042236328125,0.033447265625,-0.7126922607421875
1784719750582509312,3.7013213634490967,-0.0110626220703125,-0.0418548583984375,-0.5701446533203125
1784719750592429056,3.7112412452697754,-0.0648956298828125,-0.1264495849609375,-0.4509124755859375
1784719750602349312,3.721161365509033,-0.0150299072265625,-0.06298828125,-0.3881988525390625
1784719750612269056,3.731081247329712,0.01409912109375,0.13836669921875,-0.4202880859375
1784719750622189312,3.7410013675689697,0.0257568359375,0.330108642578125,-0.49072265625
1784719750632108288,3.750920295715332,-0.082977294921875,0.3321075439453125,-0.489654541015625
1784719750642028032,3.7608401775360107,-0.1357574462890625,0.2320098876953125,-0.4366912841796875
1784719750651948288,3.7707602977752686,-0.0864410400390625,0.1226959228515625,-0.364715576171875
1784719750661868032,3.7806801795959473,-0.04541015625,0.035369873046875,-0.3177642822265625
1784719750671788288,3.790600299835205,-0.0618743896484375,-0.0838470458984375,-0.304168701171875
1784719750681708032,3.800520181655884,-0.0708770751953125,-0.1566009521484375,-0.304931640625
1784719750691628288,3.8104403018951416,-0.03533935546875,-0.0914459228515625,-0.3560638427734375
1784719750701547264,3.820359230041504,0.0237274169921875,0.033416748046875,-0.4359130859375
1784719750711467264,3.8302793502807617,0.1089324951171875,0.12835693359375,-0.5296783447265625
1784719750721388544,3.840200662612915,0.138397216796875,0.188934326171875,-0.60321044921875
1784719750731308544,3.8501205444335938,0.1287078857421875,0.1773529052734375,-0.6402130126953125
1784719750741228544,3.8600406646728516,0.1832733154296875,0.134429931640625,-0.6570587158203125
1784719750751148544,3.8699605464935303,0.1285552978515625,0.1116790771484375,-0.6340179443359375
1784719750761068544,3.879880666732788,0.0789794921875,0.1010894775390625,-0.6371002197265625
1784719750770987520,3.8897995948791504,0.106170654296875,0.087127685546875,-0.6900787353515625
1784719750780907520,3.899719476699829,0.0675811767578125,0.0752105712890625,-0.7047882080078125
1784719750790827520,3.909639596939087,0.1510162353515625,0.13812255859375,-0.7655487060546875
1784719750800747520,3.9195594787597656,0.188507080078125,0.2069091796875,-0.8350982666015625
1784719750810667520,3.9294795989990234,0.21527099609375,0.205108642578125,-0.885772705078125
1784719750820587520,3.939399480819702,0.233367919921875,0.0752410888671875,-0.9391021728515625
1784719750830507520,3.94931960105896,0.243560791015625,-0.105224609375,-0.953948974609375
1784719750840426496,3.9592385292053223,0.273590087890625,-0.16424560546875,-1.0610809326171875
1784719750850346496,3.96915864944458,0.3167572021484375,-0.149261474609375,-1.16558837890625
1784719750860266496,3.979078531265259,0.297698974609375,-0.0687408447265625,-1.2919921875
1784719750870186496,3.9889986515045166,0.2473907470703125,0.0291748046875,-1.362091064453125
1784719750880106496,3.9989185333251953,0.1504669189453125,0.1264801025390625,-1.426422119140625
1784719750890026496,4.008838653564453,0.0714874267578125,0.223236083984375,-1.46429443359375
1784719750899946496,4.018758535385132,-0.015106201171875,0.265838623046875,-1.4493865966796875
1784719750909865472,4.028677463531494,-0.034759521484375,0.235687255859375,-1.4260711669921875
1784719750919785472,4.038597583770752,0.0421295166015625,0.0910491943359375,-1.4390716552734375
1784719750929705472,4.048517465591431,0.0551910400390625,-0.024505615234375,-1.415191650390625
1784719750939625472,4.0584375858306885,0.148345947265625,-0.0517425537109375,-1.40545654296875
1784719750949545472,4.068357467651367,0.290008544921875,0.0152435302734375,-1.425201416015625
1784719750959465472,4.078277587890625,0.2296295166015625,0.0467376708984375,-1.371795654296875
1784719750969384448,4.088196516036987,0.200592041015625,-0.04473876953125,-1.341766357421875
1784719750979304448,4.098116636276245,0.24578857421875,-0.078125,-1.308013916015625
1784719750989224448,4.108036518096924,0.32623291015625,-0.11981201171875,-1.294158935546875
1784719750999144448,4.117956638336182,0.405975341796875,-0.17474365234375,-1.2835845947265625
1784719751009064448,4.12787652015686,0.4481201171875,-0.1882171630859375,-1.295257568359375
1784719751018984448,4.137796640396118,0.520355224609375,-0.1219482421875,-1.31561279296875
1784719751028904448,4.147716522216797,0.6051788330078125,-0.0645294189453125,-1.333770751953125
1784719751038823680,4.157635688781738,0.6541290283203125,-0.04083251953125,-1.345947265625
1784719751048743424,4.167555570602417,0.623748779296875,-0.03619384765625,-1.3302154541015625
1784719751058663680,4.177475690841675,0.5590972900390625,-0.0523834228515625,-1.21942138671875
1784719751068583424,4.1873955726623535,0.3732757568359375,-0.05126953125,-1.12286376953125
1784719751078503680,4.197315692901611,0.2286224365234375,0.0302581787109375,-1.146240234375
1784719751088423424,4.20723557472229,0.22662353515625,0.007781982421875,-1.2148590087890625
1784719751098343680,4.217155694961548,0.1942138671875,-0.0643463134765625,-1.193206787109375
1784719751108263424,4.227075576782227,0.254638671875,-0.079437255859375,-1.179931640625
1784719751118182400,4.236994504928589,0.2563934326171875,-0.0189666748046875,-1.1668548583984375
1784719751128102656,4.246914625167847,0.265777587890625,0.0457611083984375,-1.1749725341796875
1784719751138022400,4.256834506988525,0.24102783203125,0.0563201904296875,-1.16119384765625
1784719751147942656,4.266754627227783,0.291259765625,0.01068115234375,-1.1526031494140625
1784719751157862400,4.276674509048462,0.3135986328125,0.03961181640625,-1.166778564453125
1784719751167782656,4.28659462928772,0.2611083984375,0.110992431640625,-1.1892852783203125
1784719751177701376,4.296513557434082,0.19732666015625,0.1290283203125,-1.2063140869140625
1784719751187621632,4.30643367767334,0.181549072265625,0.0792083740234375,-1.224853515625
1784719751197541376,4.3163535594940186,0.13665771484375,0.0561065673828125,-1.2182464599609375
1784719751207461632,4.326273679733276,0.1527557373046875,0.073760986328125,-1.208984375
1784719751217381376,4.336193561553955,0.1420440673828125,0.13751220703125,-1.21405029296875
1784719751227301632,4.346113681793213,0.14501953125,0.16864013671875,-1.218780517578125
1784719751237221376,4.356033563613892,0.1189727783203125,0.1146697998046875,-1.166595458984375
1784719751247141632,4.365953683853149,0.0550537109375,0.098236083984375,-1.1348419189453125
1784719751257060608,4.375872611999512,0.0358734130859375,0.1227264404296875,-1.1190338134765625
1784719751266980352,4.38579249382019,0.0342254638671875,0.1224212646484375,-1.1082763671875
1784719751276900608,4.395712614059448,0.036590576171875,0.0526275634765625,-1.0585174560546875
1784719751286820352,4.405632495880127,0.0555572509765625,0.0223236083984375,-1.0283355712890625
1784719751296740608,4.415552616119385,0.0363006591796875,0.0453643798828125,-1.0361480712890625
1784719751306660352,4.4254724979400635,0.0306854248046875,0.0118560791015625,-1.034423828125
1784719751316580608,4.435392618179321,0.0283203125,0.0245208740234375,-1.0301513671875
1784719751326499584,4.445311546325684,-0.0180816650390625,0.038818359375,-1.032928466796875
1784719751336419584,4.455231666564941,-0.0341339111328125,0.053436279296875,-1.01361083984375
1784719751346339584,4.46515154838562,-0.0317840576171875,0.077880859375,-0.999755859375
1784719751356259584,4.475071668624878,0.0009918212890625,0.0582427978515625,-0.956695556640625
1784719751366179584,4.484991550445557,-0.022064208984375,0.0433807373046875,-0.886932373046875
1784719751376099584,4.4949116706848145,-0.0440216064453125,0.088165283203125,-0.8133087158203125
1784719751386018560,4.504830598831177,-0.0724639892578125,0.0937957763671875,-0.72454833984375
1784719751395938304,4.5147504806518555,-0.1441650390625,0.046783447265625,-0.576812744140625
1784719751405858560,4.524670600891113,-0.2050018310546875,0.032806396484375,-0.431060791015625
1784719751415778304,4.534590482711792,-0.185943603515625,0.082275390625,-0.365020751953125
1784719751425698560,4.54451060295105,-0.1619110107421875,0.1446990966796875,-0.3851318359375
1784719751435618304,4.5544304847717285,-0.1232757568359375,0.1818084716796875,-0.4143829345703125
1784719751445538560,4.564350605010986,-0.0286407470703125,0.2119598388671875,-0.44903564453125
1784719751455457536,4.574269533157349,0.030517578125,0.22943115234375,-0.4859466552734375
1784719751465377536,4.5841896533966064,0.0094146728515625,0.2321014404296875,-0.5424041748046875
1784719751475297536,4.594109535217285,-0.0446624755859375,0.2340545654296875,-0.6260986328125
1784719751485217536,4.604029655456543,-0.0436553955078125,0.280975341796875,-0.7081146240234375
1784719751495137536,4.613949537277222,-0.0155487060546875,0.3389892578125,-0.7383575439453125
1784719751505057536,4.6238696575164795,-0.0124053955078125,0.2872161865234375,-0.64300537109375
1784719751514977536,4.633789539337158,-0.00689697265625,0.088775634765625,-0.5464935302734375
1784719751524896256,4.6437084674835205,0.0401763916015625,-0.0932464599609375,-0.5013427734375
1784719751534816512,4.653628587722778,0.0812530517578125,-0.1784515380859375,-0.5116729736328125
1784719751544736512,4.663548469543457,0.105438232421875,-0.131927490234375,-0.5514068603515625
1784719751554656512,4.673468589782715,0.1060333251953125,0.0060882568359375,-0.613983154296875
1784719751564576512,4.6833884716033936,0.0833740234375,0.1606292724609375,-0.6702728271484375
1784719751574496512,4.693308591842651,0.056060791015625,0.2068634033203125,-0.749237060546875
1784719751584416512,4.70322847366333,0.0274658203125,0.1891021728515625,-0.7987518310546875
1784719751594335488,4.7131476402282715,0.04290771484375,0.1868438720703125,-0.8690948486328125
1784719751604255488,4.72306752204895,0.111968994140625,0.2179412841796875,-0.9569854736328125
1784719751614175488,4.732987642288208,0.1597747802734375,0.2628631591796875,-1.068023681640625
1784719751624095488,4.742907524108887,0.1709136962890625,0.227508544921875,-1.187164306640625
1784719751634015488,4.7528276443481445,0.1256256103515625,0.072845458984375,-1.2576446533203125
1784719751643935488,4.762747526168823,0.017913818359375,-0.072845458984375,-1.266845703125
1784719751653855488,4.772667646408081,-0.0493621826171875,-0.1114349365234375,-1.27899169921875
1784719751663774464,4.782586574554443,-0.089752197265625,-0.0593109130859375,-1.2588348388671875
1784719751673694720,4.792506694793701,-0.113006591796875,0.01165771484375,-1.2663421630859375
1784719751683614464,4.80242657661438,-0.1181488037109375,0.124053955078125,-1.3058929443359375
1784719751693534720,4.812346696853638,-0.13726806640625,0.1540374755859375,-1.3150787353515625
1784719751703454464,4.822266578674316,-0.180572509765625,0.1298065185546875,-1.2946014404296875
1784719751713374720,4.832186698913574,-0.1423797607421875,0.0452117919921875,-1.30841064453125
1784719751723294720,4.842106819152832,-0.053192138671875,-0.033599853515625,-1.268035888671875
1784719751733213696,4.852025747299194,-0.0233917236328125,-0.05615234375,-1.253326416015625
1784719751743133440,4.861945629119873,0.01287841796875,-0.0230865478515625,-1.238677978515625
1784719751753053696,4.871865749359131,-0.0998992919921875,-0.0557403564453125,-1.214019775390625
1784719751762973440,4.88178563117981,-0.119384765625,-0.0458221435546875,-1.1905364990234375
1784719751772893696,4.891705751419067,-0.0950164794921875,-0.066864013671875,-1.149169921875
1784719751782813440,4.901625633239746,0.03338623046875,-0.116912841796875,-1.1566619873046875
1784719751792733696,4.911545753479004,0.1287078857421875,-0.082489013671875,-1.168121337890625
1784719751802652672,4.921464681625366,0.2200164794921875,-0.0600128173828125,-1.1817626953125
1784719751812572672,4.931384801864624,0.3039398193359375,-0.0349884033203125,-1.1985321044921875
1784719751822492672,4.941304683685303,0.40496826171875,-0.04083251953125,-1.2248382568359375
1784719751832412672,4.9512248039245605,0.3841400146484375,-0.059814453125,-1.2166748046875
1784719751842332672,4.961144685745239,0.350860595703125,-0.0655670166015625,-1.2144012451171875
1784719751852252672,4.971064805984497,0.303558349609375,-0.0435638427734375,-1.22735595703125
1784719751862172672,4.980984687805176,0.2340545654296875,-0.0202789306640625,-1.2213134765625
1784719751872091648,4.990903615951538,0.1519317626953125,-0.0155792236328125,-1.18182373046875
1784719751882011648,5.000823736190796,0.058319091796875,-0.0079193115234375,-1.12835693359375
1784719751891931648,5.010743618011475,0.033966064453125,-0.04248046875,-1.1000213623046875
1784719751901851648,5.020663738250732,0.0345001220703125,-0.080352783203125,-1.075714111328125
1784719751911771648,5.030583620071411,0.070770263671875,-0.02923583984375,-1.052215576171875
1784719751921691648,5.040503740310669,0.1127166748046875,0.02655029296875,-1.0698394775390625
1784719751931611648,5.050423622131348,0.109710693359375,0.0359649658203125,-1.069366455078125
1784719751941530624,5.060342788696289,0.122467041015625,0.060394287109375,-1.08953857421875
1784719751951450624,5.070262670516968,0.128204345703125,0.11431884765625,-1.12762451171875
1784719751961370624,5.080182790756226,0.1345672607421875,0.1550140380859375,-1.149810791015625
1784719751971290624,5.090102672576904,0.059814453125,0.140411376953125,-1.1289825439453125
1784719751981210624,5.100022792816162,0.0182037353515625,0.10577392578125,-1.105682373046875
1784719751991130624,5.109942674636841,-0.024627685546875,0.060302734375,-1.1496734619140625
1784719752001050624,5.119862794876099,-0.007049560546875,0.0533599853515625,-1.149444580078125
1784719752010969600,5.129781723022461,0.0250244140625,0.1118927001953125,-1.22808837890625
1784719752020889600,5.13970160484314,0.008331298828125,0.2443084716796875,-1.24151611328125
1784719752030809600,5.1496217250823975,0.0269622802734375,0.291748046875,-1.160614013671875
1784719752040729600,5.159541606903076,-0.0059356689453125,0.2998809814453125,-1.1949310302734375
1784719752050649600,5.169461727142334,-0.0612335205078125,0.351776123046875,-1.15130615234375
1784719752060569600,5.179381608963013,-0.1153564453125,0.32781982421875,-1.0738677978515625
1784719752070489600,5.1893017292022705,-0.1500244140625,0.275909423828125,-0.950592041015625
1784719752080408576,5.199220657348633,-0.154693603515625,0.2672271728515625,-0.792022705078125
1784719752090328576,5.209140777587891,-0.2082061767578125,0.375640869140625,-0.582275390625
1784719752100248576,5.219060659408569,-0.25750732421875,0.445709228515625,-0.5109100341796875
1784719752110168576,5.228980779647827,-0.284820556640625,0.3917999267578125,-0.452545166015625
1784719752120088576,5.238900661468506,-0.2894439697265625,0.1705322265625,-0.5297393798828125
1784719752130008576,5.248820781707764,-0.23193359375,0.018890380859375,-0.566131591796875
1784719752139928576,5.258740663528442,-0.13140869140625,-0.02801513671875,-0.5010986328125
1784719752149847552,5.268659591674805,0.077178955078125,0.0783233642578125,-0.51373291015625
1784719752159767552,5.2785797119140625,0.077606201171875,0.1515045166015625,-0.5813446044921875
1784719752169687552,5.288499593734741,-0.04278564453125,0.2158660888671875,-0.5040740966796875
1784719752179607552,5.298419713973999,-0.1086273193359375,0.368743896484375,-0.601654052734375
1784719752189527552,5.308339595794678,-0.145172119140625,0.565765380859375,-0.7192840576171875
1784719752199447552,5.3182597160339355,-0.1365814208984375,0.6874237060546875,-0.701934814453125
1784719752209367552,5.328179597854614,-0.093780517578125,0.621185302734375,-0.7552642822265625
1784719752219286784,5.338098764419556,-0.08233642578125,0.4864959716796875,-0.90411376953125
1784719752229206528,5.348018646240234,-0.0444488525390625,0.4519805908203125,-0.8541259765625
1784719752239126784,5.357938766479492,-0.0292816162109375,0.3746795654296875,-0.83203125
1784719752249046528,5.367858648300171,-0.041900634765625,0.372711181640625,-0.8097991943359375
1784719752258966784,5.377778768539429,-0.0668792724609375,0.39306640625,-0.8082122802734375
1784719752268886528,5.387698650360107,-0.0443267822265625,0.4088287353515625,-0.85162353515625
1784719752278806784,5.397618770599365,-0.0262908935546875,0.452178955078125,-0.8904876708984375
1784719752288725504,5.4075376987457275,0.0009613037109375,0.604644775390625,-0.8871002197265625
1784719752298645760,5.417457818984985,0.10009765625,0.681427001953125,-0.925323486328125
1784719752308565504,5.427377700805664,0.202423095703125,0.63690185546875,-0.9745025634765625
1784719752318485760,5.437297821044922,0.2481231689453125,0.71197509765625,-1.01007080078125
1784719752328405504,5.447217702865601,0.2595672607421875,0.8087615966796875,-1.062164306640625
1784719752338325760,5.457137823104858,0.18023681640625,0.9622650146484375,-1.128631591796875
1784719752348245504,5.467057704925537,0.095458984375,1.1113128662109375,-1.0805206298828125
1784719752358164480,5.476976633071899,0.062896728515625,1.200531005859375,-1.0494842529296875
1784719752368084736,5.486896753311157,0.0974273681640625,1.273193359375,-0.9916229248046875
1784719752378004480,5.496816635131836,0.144378662109375,1.3188323974609375,-0.8851470947265625
1784719752387924736,5.506736755371094,0.20892333984375,1.292205810546875,-0.793243408203125
1784719752397844480,5.5166566371917725,0.2495574951171875,1.175506591796875,-0.6473236083984375
1784719752407764736,5.52657675743103,0.2781524658203125,0.86956787109375,-0.4408416748046875
1784719752417684480,5.536496639251709,0.2515106201171875,0.5317230224609375,-0.2299346923828125
1784719752427603712,5.54641580581665,0.24700927734375,0.260101318359375,-0.0976409912109375
1784719752437523712,5.556335687637329,0.3267364501953125,0.0760955810546875,-0.0696868896484375
1784719752447443712,5.566255807876587,0.3202972412109375,-0.1478271484375,0.0571136474609375
1784719752457363712,5.576175689697266,0.326934814453125,-0.5380859375,0.298095703125
1784719752467283712,5.586095809936523,0.35296630859375,-0.5968780517578125,0.4109344482421875
1784719752477203712,5.596015691757202,0.29583740234375,-0.3750457763671875,0.2526397705078125
1784719752487122432,5.6059346199035645,0.345672607421875,-0.2250518798828125,0.00518798828125
1784719752497042688,5.615854740142822,0.3880462646484375,-0.12811279296875,-0.245635986328125
1784719752506962432,5.625774621963501,0.35980224609375,-0.1474456787109375,-0.42022705078125
1784719752516882688,5.635694742202759,0.50836181640625,-0.184112548828125,-0.449615478515625
1784719752526802432,5.6456146240234375,0.7010955810546875,-0.4405517578125,-0.5746002197265625
1784719752536722688,5.655534744262695,0.8658599853515625,-0.584014892578125,-0.61376953125
1784719752546642432,5.665454626083374,0.9340667724609375,-0.7081451416015625,-0.7910308837890625
1784719752556561664,5.675373792648315,0.9026947021484375,-1.086456298828125,-1.1416168212890625
1784719752566481664,5.685293674468994,0.8335723876953125,-1.34466552734375,-1.1236572265625
1784719752576401664,5.695213794708252,0.8633270263671875,-1.6143035888671875,-1.091278076171875
1784719752586321664,5.705133676528931,1.034576416015625,-1.798980712890625,-1.293609619140625
1784719752596241664,5.7150537967681885,1.257965087890625,-1.5114288330078125,-1.360687255859375
1784719752606161664,5.724973678588867,1.637786865234375,-1.263763427734375,-1.2023773193359375
1784719752616081664,5.734893798828125,1.8336944580078125,-1.371612548828125,-1.1132659912109375
1784719752626000640,5.744812726974487,1.7729339599609375,-1.8983917236328125,-1.0269012451171875
1784719752635920640,5.754732608795166,1.6024627685546875,-2.340911865234375,-1.0547332763671875
1784719752645840640,5.764652729034424,1.5234527587890625,-2.20294189453125,-1.261474609375
1784719752655760640,5.7745726108551025,1.734405517578125,-1.61968994140625,-1.47015380859375
1784719752665680640,5.78449273109436,1.9444122314453125,-1.0503082275390625,-1.5925140380859375
1784719752675600640,5.794412612915039,1.993255615234375,-0.6904754638671875,-1.4739227294921875
1784719752685520640,5.804332733154297,1.931427001953125,-0.94439697265625,-1.29266357421875
1784719752695439616,5.814251661300659,1.9799346923828125,-1.0194549560546875,-1.1113739013671875
1784719752705359616,5.824171781539917,1.54052734375,0.05865478515625,-0.71710205078125
1784719752715279616,5.834091663360596,1.057098388671875,0.65093994140625,-0.2159576416015625
1784719752725199104,5.844011306762695,0.809326171875,0.92047119140625,0.206939697265625
1784719752735119104,5.853931188583374,0.6872711181640625,0.6977386474609375,0.1735382080078125
1784719752745039104,5.863851308822632,0.6779327392578125,0.3147125244140625,0.3917388916015625
1784719752754959104,5.8737711906433105,1.26470947265625,-0.323577880859375,-0.039642333984375
1784719752764878080,5.883690118789673,1.9074859619140625,-0.176605224609375,-0.390411376953125
1784719752774798080,5.893610239028931,3.07470703125,0.2290802001953125,-0.912139892578125
1784719752784718080,5.903530120849609,4.079559326171875,-0.2200775146484375,-0.6068878173828125
1784719752794638080,5.913450241088867,3.13873291015625,-0.9677276611328125,-0.940521240234375
1784719752804558080,5.923370122909546,2.9651947021484375,-0.43048095703125,-1.4390716552734375
1784719752814478080,5.933290243148804,3.3424072265625,0.5043792724609375,-2.0047454833984375
1784719752824398080,5.943210124969482,3.0194854736328125,0.5581817626953125,-2.0225677490234375
1784719752834317312,5.953129291534424,3.22601318359375,0.204864501953125,-1.6983489990234375
1784719752844237056,5.9630491733551025,2.7308197021484375,-0.3430938720703125,-1.2366485595703125
1784719752854157312,5.97296929359436,2.8313751220703125,-0.861785888671875,-0.95599365234375
1784719752864077056,5.982889175415039,3.4573211669921875,-0.90673828125,-0.99700927734375
1784719752873997312,5.992809295654297,3.2951202392578125,-0.655914306640625,-1.445953369140625
1784719752883917056,6.002729177474976,3.0726776123046875,-1.529327392578125,-1.6241302490234375
1784719752893837312,6.012649297714233,2.251220703125,-1.48931884765625,-1.79156494140625
1784719752903756032,6.022568225860596,2.3756103515625,-0.565460205078125,-1.534515380859375
1784719752913676032,6.032488107681274,2.2848968505859375,-0.2896270751953125,-1.8611297607421875
1784719752923596032,6.042408227920532,1.6567535400390625,0.207611083984375,-1.6326904296875
1784719752933516032,6.052328109741211,1.9278106689453125,0.5391693115234375,-1.97943115234375
1784719752943436032,6.062248229980469,2.0332794189453125,0.4751434326171875,-1.8438873291015625
1784719752953356032,6.0721681118011475,2.2594146728515625,0.7852935791015625,-1.7614593505859375
1784719752963276032,6.082088232040405,2.259490966796875,0.9033355712890625,-2.2408599853515625
1784719752973195008,6.092007160186768,2.3570098876953125,1.24169921875,-2.0453033447265625
1784719752983115264,6.101927280426025,2.111602783203125,2.100494384765625,-2.50518798828125
1784719752993035008,6.111847162246704,1.768524169921875,1.7480621337890625,-3.0020599365234375
1784719753002955264,6.121767282485962,1.7742919921875,1.3120574951171875,-2.548553466796875
1784719753012875008,6.131687164306641,1.65533447265625,0.9963226318359375,-2.2345733642578125
1784719753022795264,6.141607284545898,1.913177490234375,1.6119384765625,-1.873016357421875
1784719753032715008,6.151527166366577,2.6967620849609375,1.645751953125,-1.280242919921875
1784719753042633984,6.1614460945129395,3.457275390625,1.1204376220703125,-0.77911376953125
1784719753052554240,6.171366214752197,4.166412353515625,0.13299560546875,-0.7010040283203125
1784719753062473984,6.181286096572876,4.1452484130859375,-0.6004486083984375,-0.4984588623046875
1784719753072394240,6.191206216812134,3.1779937744140625,-0.4999542236328125,-0.4246063232421875
1784719753082313984,6.2011260986328125,2.6357574462890625,0.0657501220703125,-0.6116790771484375
1784719753092234240,6.21104621887207,2.6192626953125,0.5481414794921875,-1.0301971435546875
1784719753102152960,6.220965147018433,2.9850311279296875,1.18341064453125,-1.269927978515625
1784719753112073216,6.23088526725769,3.6712646484375,1.6590423583984375,-1.34466552734375
1784719753121992960,6.240805149078369,4.3714599609375,1.624420166015625,-1.3437652587890625
1784719753131913216,6.250725269317627,4.760101318359375,0.961456298828125,-0.86962890625
1784719753141832960,6.260645151138306,4.766937255859375,0.2380828857421875,-0.2606658935546875
1784719753151753216,6.2705652713775635,4.6531829833984375,0.0006866455078125,-0.0032196044921875
1784719753161672960,6.280485153198242,4.6266937255859375,0.370635986328125,0.0275115966796875
1784719753171592192,6.290404319763184,4.7263946533203125,1.08544921875,0.1057891845703125
1784719753181512192,6.300324201583862,4.89385986328125,1.53839111328125,0.2952880859375
1784719753191432192,6.31024432182312,4.82440185546875,1.6020050048828125,0.571502685546875
1784719753201352192,6.320164203643799,4.8110504150390625,1.4597320556640625,0.8118133544921875
1784719753211272192,6.330084323883057,4.76025390625,1.43255615234375,1.036529541015625
1784719753221192192,6.340004205703735,4.4812469482421875,1.6680755615234375,1.250396728515625
1784719753231112192,6.349924325942993,4.05560302734375,1.7922210693359375,1.31011962890625
1784719753241031168,6.3598432540893555,3.7343292236328125,1.88226318359375,1.2324066162109375
1784719753250951168,6.369763135910034,3.609619140625,1.79766845703125,1.198150634765625
1784719753260871168,6.379683256149292,3.570648193359375,1.6888580322265625,1.449371337890625
1784719753270791168,6.389603137969971,3.116729736328125,1.49993896484375,2.0011138916015625
1784719753280711168,6.3995232582092285,2.555389404296875,0.9541168212890625,2.21185302734375
1784719753290631168,6.409443140029907,2.313934326171875,0.4945068359375,2.1250762939453125
1784719753300551168,6.419363260269165,2.1872100830078125,0.5792694091796875,1.683074951171875
1784719753310470144,6.429282188415527,2.25323486328125,1.52392578125,1.0028228759765625
1784719753320390144,6.439202308654785,2.3971405029296875,2.8500213623046875,0.2213287353515625
1784719753330310144,6.449122190475464,2.512725830078125,4.00323486328125,-0.2637939453125
1784719753340230144,6.459042310714722,2.7710418701171875,7.1632232666015625,-1.6504669189453125
1784719753350150144,6.4689621925354,0.7334136962890625,6.58575439453125,2.08013916015625
1784719753360070144,6.478882312774658,0.43524169921875,0.65576171875,1.63800048828125
1784719753369990144,6.488802194595337,-0.0482940673828125,1.04248046875,1.6717376708984375
1784719753379909120,6.498721122741699,0.1072998046875,1.57781982421875,0.9212188720703125
1784719753389829120,6.508641242980957,0.2355194091796875,1.7361297607421875,0.83642578125
1784719753399749120,6.518561124801636,0.2515869140625,1.371337890625,0.906036376953125
1784719753409669120,6.5284812450408936,0.2493133544921875,1.295562744140625,0.7135772705078125
1784719753419589120,6.538401126861572,0.2691192626953125,1.745819091796875,0.3919830322265625
1784719753429509120,6.54832124710083,0.29315185546875,2.036865234375,-0.067413330078125
1784719753439428096,6.558240175247192,0.1332855224609375,1.9792633056640625,-0.1118011474609375
1784719753449348096,6.56816029548645,0.11810302734375,1.75341796875,-0.3826446533203125
1784719753459268096,6.578080177307129,0.1279144287109375,1.6221160888671875,-0.45220947265625
1784719753469188096,6.588000297546387,0.143310546875,1.4857025146484375,-0.74383544921875
1784719753479108096,6.597920179367065,0.02581787109375,1.54571533203125,-0.8781585693359375
1784719753489028096,6.607840299606323,0.0608062744140625,1.3326568603515625,-1.040374755859375
1784719753498948096,6.617760181427002,0.010528564453125,0.8932342529296875,-1.2095947265625
1784719753508867072,6.627679109573364,-0.17022705078125,0.74822998046875,-1.152313232421875
1784719753518787072,6.637599229812622,-0.3202667236328125,0.9075164794921875,-1.2668609619140625
1784719753528707072,6.647519111633301,-0.2335205078125,0.9112548828125,-0.98931884765625
1784719753538627072,6.657439231872559,0.0134429931640625,0.8658447265625,-1.09710693359375
1784719753548547072,6.667359113693237,-0.0638885498046875,0.965240478515625,-0.8625030517578125
1784719753558467072,6.677279233932495,0.0435791015625,0.853729248046875,-0.804962158203125
1784719753568387072,6.687199115753174,0.6317138671875,0.506744384765625,-0.762054443359375
1784719753578306304,6.697118282318115,0.2872772216796875,0.198883056640625,-0.4661102294921875
1784719753588226048,6.707038164138794,-0.097900390625,0.218994140625,-0.79522705078125
1784719753598146304,6.716958284378052,0.13134765625,0.2146453857421875,-0.891021728515625
1784719753608066048,6.7268781661987305,0.434844970703125,0.0808258056640625,-0.918609619140625
1784719753617986304,6.736798286437988,0.44195556640625,0.0359344482421875,-0.8709869384765625
1784719753627906048,6.746718168258667,0.3358306884765625,-0.002410888671875,-0.819610595703125
1784719753637825024,6.756637096405029,0.305419921875,0.1431427001953125,-0.875274658203125
1784719753647745024,6.766557216644287,0.368743896484375,0.555999755859375,-0.955108642578125
1784719753657665024,6.776477098464966,0.39599609375,0.8669891357421875,-1.102874755859375
1784719753667585024,6.786397218704224,0.4075927734375,0.9809417724609375,-1.26202392578125
1784719753677505024,6.796317100524902,0.5045623779296875,0.8405914306640625,-1.3565521240234375
1784719753687425024,6.80623722076416,0.56182861328125,0.3462677001953125,-1.4214630126953125
1784719753697345024,6.816157102584839,0.46112060546875,-0.1112060546875,-1.2610626220703125
1784719753707264256,6.82607626914978,0.228607177734375,-0.110687255859375,-1.02783203125
1784719753717184000,6.835996150970459,0.1056365966796875,0.491058349609375,-0.84698486328125
1784719753727104000,6.845916032791138,0.077545166015625,1.107696533203125,-0.80718994140625
1784719753737024000,6.8558361530303955,0.081878662109375,1.2462615966796875,-0.790802001953125
1784719753746944000,6.865756034851074,0.077606201171875,1.0337371826171875,-0.996826171875
1784719753756864000,6.875676155090332,0.074249267578125,0.8908538818359375,-1.119903564453125
1784719753766784000,6.885596036911011,0.1551055908203125,0.883056640625,-1.189910888671875
1784719753776702976,6.895514965057373,0.2517242431640625,0.9185333251953125,-1.2891387939453125
1784719753786622976,6.905435085296631,0.2724151611328125,0.969451904296875,-1.2876739501953125
1784719753796542976,6.91535496711731,0.2295379638671875,1.035675048828125,-1.1694793701171875
1784719753806462976,6.925275087356567,0.2063140869140625,1.173919677734375,-0.9850921630859375
1784719753816382976,6.935194969177246,0.2373809814453125,1.18994140625,-1.0182342529296875
1784719753826302976,6.945115089416504,0.2748565673828125,1.15087890625,-1.182342529296875
1784719753836221952,6.955034017562866,0.31475830078125,1.2093048095703125,-1.19677734375
1784719753846141952,6.964954137802124,0.3824005126953125,1.1878814697265625,-1.205718994140625
1784719753856061952,6.974874019622803,0.363128662109375,1.2084197998046875,-1.211761474609375
1784719753865981952,6.9847941398620605,0.2930908203125,1.197723388671875,-1.09832763671875
1784719753875901952,6.994714021682739,0.24725341796875,1.252166748046875,-0.9540863037109375
1784719753885821952,7.004634141921997,0.210662841796875,1.2623748779296875,-0.7742919921875
1784719753895741952,7.014554023742676,0.1525115966796875,1.246490478515625,-0.6808013916015625
1784719753905661184,7.024473190307617,0.08807373046875,1.293121337890625,-0.594390869140625
1784719753915580928,7.034393072128296,0.1092681884765625,1.20782470703125,-0.529388427734375
1784719753925501184,7.044313192367554,0.1423797607421875,1.05364990234375,-0.43511962890625
1784719753935420928,7.054233074188232,0.1536865234375,0.988372802734375,-0.379547119140625
1784719753945341184,7.06415319442749,0.15618896484375,0.9612274169921875,-0.3790130615234375
1784719753955260928,7.074073076248169,0.113037109375,1.0095062255859375,-0.3459930419921875
1784719753965181184,7.083993196487427,0.100799560546875,1.0382232666015625,-0.395599365234375
1784719753975100160,7.093912124633789,0.16290283203125,1.0970001220703125,-0.5851593017578125
1784719753985019904,7.103832006454468,0.233734130859375,1.1856536865234375,-0.677703857421875
1784719753994940160,7.113752126693726,0.21295166015625,1.06427001953125,-0.4447479248046875
1784719754004859904,7.123672008514404,0.142120361328125,0.613067626953125,-0.083984375
1784719754014780160,7.133592128753662,0.0250244140625,0.088104248046875,0.0724639892578125
1784719754024699904,7.143512010574341,-0.0785369873046875,-0.1730499267578125,0.09710693359375
1784719754034620160,7.153432130813599,-0.11004638671875,-0.1746063232421875,0.128387451171875
1784719754044538880,7.163351058959961,-0.059326171875,-0.127197265625,0.265960693359375
1784719754054459136,7.173271179199219,0.0110626220703125,-0.1345977783203125,0.44891357421875
1784719754064378880,7.1831910610198975,0.084716796875,-0.102386474609375,0.501251220703125
1784719754074299136,7.193111181259155,0.162353515625,-0.0749359130859375,0.4252166748046875
1784719754084218880,7.203031063079834,0.24737548828125,-0.21893310546875,0.3497467041015625
1784719754094139136,7.212951183319092,0.324127197265625,-0.55584716796875,0.2127532958984375
1784719754104058112,7.222870111465454,0.42034912109375,-0.8055419921875,-0.13043212890625
1784719754113977856,7.232789993286133,0.4576873779296875,-0.7192840576171875,-0.472412109375
1784719754123898112,7.242710113525391,0.488433837890625,-0.418670654296875,-0.6171112060546875
1784719754133817856,7.252629995346069,0.50103759765625,-0.334625244140625,-0.6894073486328125
1784719754143738112,7.262550115585327,0.46942138671875,-0.2990875244140625,-0.681915283203125
1784719754153657856,7.272469997406006,0.5471649169921875,-0.4259033203125,-0.6473236083984375
1784719754163577088,7.282389163970947,0.6287078857421875,-0.630645751953125,-0.517913818359375
1784719754173497088,7.292309045791626,0.7748870849609375,-0.9171600341796875,-0.5509185791015625
1784719754183417088,7.302229166030884,0.92083740234375,-1.2135162353515625,-0.5251617431640625
1784719754193337088,7.3121490478515625,1.1378173828125,-1.3975067138671875,-0.4983062744140625
1784719754203257088,7.32206916809082,1.382232666015625,-1.438232421875,-0.68353271484375
1784719754213177088,7.331989049911499,1.739105224609375,-1.3998870849609375,-0.9232025146484375
1784719754223097088,7.341909170150757,2.1854248046875,-1.54400634765625,-1.27667236328125
1784719754233016064,7.351828098297119,2.5381622314453125,-1.6732940673828125,-1.441680908203125
1784719754242935808,7.361747980117798,2.6094970703125,-1.771392822265625,-1.377838134765625
1784719754252856064,7.371668100357056,2.3966522216796875,-1.7014923095703125,-1.535003662109375
1784719754262775808,7.381587982177734,1.82305908203125,-1.3328399658203125,-1.6233673095703125
1784719754272696064,7.391508102416992,1.785552978515625,-1.1443939208984375,-1.6008453369140625
1784719754282615808,7.401427984237671,2.0411529541015625,-0.95208740234375,-1.329559326171875
1784719754292536064,7.411348104476929,2.2501373291015625,-0.79559326171875,-1.40667724609375
1784719754302455040,7.421267032623291,2.0807342529296875,-0.60931396484375,-1.332000732421875
1784719754312375040,7.431187152862549,1.705169677734375,-0.6090087890625,-1.3445281982421875
1784719754322295040,7.4411070346832275,1.74407958984375,-0.5104217529296875,-0.6638946533203125
1784719754332215040,7.451027154922485,0.8293609619140625,-0.3127899169921875,-0.3659820556640625
1784719754342135040,7.460947036743164,0.4989776611328125,0.4794464111328125,-0.1239013671875
1784719754352055040,7.470867156982422,0.6416473388671875,0.910125732421875,0.070953369140625
1784719754361974016,7.480786085128784,0.50762939453125,1.016815185546875,0.2156982421875
1784719754371893760,7.490705966949463,1.6916351318359375,0.452362060546875,-0.03778076171875
1784719754381814016,7.500626087188721,2.9491424560546875,0.2254638671875,-0.0345916748046875
1784719754391733760,7.510545969009399,2.770599365234375,0.4906005859375,-0.2029266357421875
1784719754401654016,7.520466089248657,2.2019805908203125,-0.101409912109375,-0.929656982421875
1784719754411573760,7.530385971069336,2.2949676513671875,-0.90753173828125,-1.020233154296875
1784719754421494016,7.540306091308594,2.728759765625,-0.3962249755859375,-1.598907470703125
1784719754431412992,7.550225019454956,3.224365234375,0.332611083984375,-1.7669830322265625
1784719754441332992,7.560145139694214,3.1934051513671875,0.3790283203125,-1.780517578125
1784719754451252992,7.570065021514893,2.62542724609375,-0.869964599609375,-1.4286041259765625
1784719754461172992,7.57998514175415,2.8533782958984375,-1.4994659423828125,-1.0450439453125
1784719754471092992,7.589905023574829,2.5614013671875,-0.7383270263671875,-0.9586029052734375
1784719754481012992,7.599825143814087,2.985382080078125,0.1945037841796875,-1.25469970703125
1784719754490931968,7.609744071960449,3.0467681884765625,-0.2238311767578125,-1.501068115234375
1784719754500852224,7.619664192199707,2.8065948486328125,-1.0422821044921875,-1.5306549072265625
1784719754510771968,7.629584074020386,2.6440277099609375,-0.3289947509765625,-1.392974853515625
1784719754520692224,7.6395041942596436,2.728240966796875,0.13848876953125,-1.6807708740234375
1784719754530611968,7.649424076080322,2.6584014892578125,-0.0652008056640625,-1.6736602783203125
1784719754540532224,7.65934419631958,2.819549560546875,-0.23968505859375,-1.7067108154296875
1784719754550451968,7.669264078140259,2.6876983642578125,-0.340911865234375,-1.5300445556640625
1784719754560370944,7.679183006286621,2.260955810546875,0.1546173095703125,-1.8437347412109375
1784719754570290944,7.689103126525879,2.210723876953125,0.5501251220703125,-1.9306640625
1784719754580210944,7.699023008346558,2.34613037109375,0.2314300537109375,-1.831085205078125
1784719754590130944,7.708943128585815,1.9229736328125,0.490936279296875,-1.9637603759765625
1784719754600050944,7.718863010406494,2.404052734375,1.1350250244140625,-2.295989990234375
1784719754609970944,7.728783130645752,2.3955535888671875,0.9326934814453125,-2.524200439453125
1784719754619889920,7.738702058792114,2.1541595458984375,1.0287933349609375,-2.78485107421875
1784719754629810176,7.748622179031372,1.7627716064453125,1.461944580078125,-2.8256072998046875
1784719754639729920,7.758542060852051,1.88958740234375,1.235107421875,-2.775543212890625
1784719754649650176,7.768462181091309,2.3350067138671875,1.156829833984375,-1.7688751220703125
1784719754659569920,7.778382062911987,2.9501953125,0.7424774169921875,-1.065521240234375
1784719754669490176,7.788302183151245,3.225738525390625,0.65350341796875,-0.9323577880859375
1784719754679409920,7.798222064971924,3.5755767822265625,0.9927215576171875,-0.8768310546875
1784719754689328896,7.808140993118286,4.014739990234375,1.0803070068359375,-0.9796905517578125
1784719754699249152,7.818061113357544,3.87225341796875,0.65179443359375,-0.9694976806640625
1784719754709168896,7.827980995178223,3.7857513427734375,0.291259765625,-0.8159332275390625
1784719754719089152,7.8379011154174805,3.68603515625,0.2833709716796875,-0.9477691650390625
1784719754729010432,7.847822427749634,3.673248291015625,0.474029541015625,-1.2681732177734375
1784719754738930176,7.8577423095703125,3.898895263671875,0.6347198486328125,-1.2573089599609375
1784719754748849152,7.867661237716675,4.404266357421875,0.77099609375,-0.709381103515625
1784719754758769152,7.877581357955933,4.816650390625,0.79974365234375,-0.302154541015625
1784719754768689152,7.887501239776611,5.0467681884765625,0.9328765869140625,-0.0577545166015625
1784719754778609152,7.897421360015869,5.2006378173828125,0.959625244140625,0.1720428466796875
1784719754788529152,7.907341241836548,5.2758636474609375,0.8239288330078125,0.2445526123046875
1784719754798449152,7.917261362075806,5.2226715087890625,0.923248291015625,0.5243377685546875
1784719754808369152,7.927181243896484,5.065155029296875,1.07330322265625,0.877349853515625
1784719754818288384,7.937100410461426,4.8757171630859375,1.2554931640625,1.0341033935546875
1784719754828208128,7.9470202922821045,4.81439208984375,1.6505126953125,1.1940460205078125
1784719754838128384,7.956940412521362,4.5384979248046875,1.9789581298828125,1.4645538330078125
1784719754848048128,7.966860294342041,4.066192626953125,2.33856201171875,1.62744140625
1784719754857968384,7.976780414581299,3.6878509521484375,2.4722747802734375,1.6627960205078125
1784719754867888128,7.9867002964019775,3.4358673095703125,2.0439453125,1.728759765625
1784719754877807104,7.99661922454834,3.2774200439453125,1.6639862060546875,1.861724853515625
1784719754887727360,8.006539344787598,3.33111572265625,1.2162933349609375,2.3533935546875
1784719754897647104,8.016459226608276,2.6404266357421875,1.0621795654296875,2.549346923828125
1784719754907567360,8.026379346847534,1.5112762451171875,1.5737762451171875,2.261016845703125
1784719754917487104,8.036299228668213,1.64215087890625,1.785247802734375,1.7855377197265625
1784719754927407360,8.04621934890747,2.0378265380859375,1.89434814453125,0.746856689453125
1784719754937327104,8.05613923072815,1.8690338134765625,3.4947662353515625,0.386749267578125
1784719754947246336,8.06605839729309,2.0563507080078125,7.9188232421875,1.5002593994140625
1784719754957166080,8.07597827911377,1.170318603515625,2.9773406982421875,1.81671142578125
1784719754967086336,8.085898399353027,0.0675506591796875,0.5078277587890625,2.1466064453125
1784719754977006080,8.095818281173706,-0.3268585205078125,1.415802001953125,1.910247802734375
1784719754986926336,8.105738401412964,0.0440673828125,2.3185882568359375,1.230316162109375
1784719754996846080,8.115658283233643,0.2456207275390625,2.1247406005859375,1.0055389404296875
1784719755006765312,8.125577449798584,0.231689453125,1.361907958984375,1.1729278564453125
1784719755016685312,8.135497331619263,0.124114990234375,1.324310302734375,0.9936065673828125
1784719755026605056,8.145417213439941,0.095428466796875,1.654266357421875,0.5150146484375
1784719755036525312,8.1553373336792,0.2370452880859375,1.7696533203125,0.0429229736328125
1784719755046445056,8.165257215499878,0.3245697021484375,1.752227783203125,-0.7006683349609375
1784719755056365312,8.175177335739136,0.151153564453125,1.588775634765625,-0.529022216796875
1784719755066284288,8.185096263885498,0.042938232421875,0.9970703125,-0.6746673583984375
1784719755076204288,8.195016384124756,-0.0243072509765625,0.7113494873046875,-0.8224639892578125
1784719755086124288,8.204936265945435,-0.348236083984375,0.9127655029296875,-0.852081298828125
1784719755096044288,8.214856386184692,-0.340057373046875,1.3974761962890625,-0.99822998046875
1784719755105964288,8.224776268005371,-0.2248687744140625,1.377471923828125,-1.157745361328125
1784719755115884288,8.234696388244629,-0.10211181640625,1.1311492919921875,-1.19677734375
1784719755125803264,8.244615316390991,-0.026275634765625,0.9168701171875,-1.33123779296875
1784719755135723264,8.254535436630249,-0.0726470947265625,0.83837890625,-1.37158203125
1784719755145643264,8.264455318450928,-0.227752685546875,0.865509033203125,-0.859649658203125
1784719755155563264,8.274375438690186,0.2078094482421875,0.3948822021484375,-0.530609130859375
1784719755165483264,8.284295320510864,0.3866424560546875,0.0521087646484375,-0.9249725341796875
1784719755175403264,8.294215440750122,0.465972900390625,0.171051025390625,-0.759246826171875
1784719755185323264,8.3041353225708,0.3648529052734375,0.557861328125,-0.81927490234375
1784719755195242240,8.314054250717163,0.36370849609375,0.6333160400390625,-0.845947265625
1784719755205162240,8.323974370956421,0.4141845703125,0.7799072265625,-1.089935302734375
1784719755215082240,8.3338942527771,0.3810882568359375,0.7491912841796875,-1.0927886962890625
1784719755225002240,8.343814373016357,0.2751922607421875,0.5989227294921875,-1.04931640625
1784719755234922240,8.353734254837036,0.2788238525390625,0.465850830078125,-0.8592681884765625
1784719755244842240,8.363654375076294,0.391815185546875,0.3510284423828125,-0.847747802734375
1784719755254761216,8.373573303222656,0.2379608154296875,0.4862213134765625,-0.879302978515625
1784719755264681216,8.383493423461914,0.2778167724609375,0.5462646484375,-0.940948486328125
1784719755274601216,8.393413305282593,0.3226165771484375,0.3529815673828125,-0.9615631103515625
1784719755284521216,8.40333342552185,0.24371337890625,0.2996673583984375,-0.79345703125
1784719755294441216,8.41325330734253,0.125457763671875,0.4386138916015625,-0.754180908203125
1784719755304361216,8.423173427581787,0.147247314453125,0.6300506591796875,-0.950836181640625
1784719755314280192,8.43309235572815,0.2537994384765625,0.7762603759765625,-1.2032470703125
1784719755324200192,8.443012237548828,0.313568115234375,0.95330810546875,-1.3862152099609375
1784719755334120192,8.452932357788086,0.4023590087890625,1.234161376953125,-1.3513031005859375
1784719755344040192,8.462852239608765,0.3973388671875,1.377471923828125,-1.243377685546875
1784719755353960192,8.472772359848022,0.3558502197265625,1.270965576171875,-1.2350311279296875
1784719755363880192,8.482692241668701,0.3030242919921875,1.1072235107421875,-1.264495849609375
1784719755373799424,8.492611408233643,0.2981719970703125,1.067962646484375,-1.22967529296875
1784719755383719168,8.502531290054321,0.25970458984375,1.1596832275390625,-1.3331451416015625
1784719755393639424,8.512451410293579,0.249267578125,1.3534088134765625,-1.3148040771484375
1784719755403559168,8.522371292114258,0.22503662109375,1.60205078125,-1.1704559326171875
1784719755413479424,8.532291412353516,0.165985107421875,1.716339111328125,-1.0059356689453125
1784719755423399168,8.542211294174194,0.169281005859375,1.4295654296875,-0.9130096435546875
1784719755433319424,8.552131414413452,0.2082366943359375,1.0430908203125,-0.8617401123046875
1784719755443238144,8.562050342559814,0.2022247314453125,0.8749847412109375,-0.8640594482421875
1784719755453158144,8.571970224380493,0.19036865234375,1.0228271484375,-0.88983154296875
1784719755463078144,8.581890344619751,0.2010345458984375,1.1988372802734375,-0.9743194580078125
1784719755472998144,8.59181022644043,0.1664886474609375,1.1611785888671875,-0.876556396484375
1784719755482918144,8.601730346679688,0.1566314697265625,0.875823974609375,-0.66766357421875
1784719755492838144,8.611650228500366,0.1271514892578125,0.6569366455078125,-0.5634765625
1784719755502757376,8.621569395065308,0.0782928466796875,0.5974884033203125,-0.543365478515625
1784719755512677120,8.631489276885986,0.028076171875,0.5112152099609375,-0.562286376953125
1784719755522597376,8.641409397125244,0.03485107421875,0.396881103515625,-0.46978759765625
1784719755532517120,8.651329278945923,0.0058135986328125,0.299407958984375,-0.361572265625
1784719755542437376,8.66124939918518,-0.006683349609375,0.321258544921875,-0.4131011962890625
1784719755552357120,8.67116928100586,-0.0170440673828125,0.4655609130859375,-0.5294036865234375
1784719755562276352,8.6810884475708,-0.0331573486328125,0.6175384521484375,-0.5036468505859375
1784719755572196352,8.69100832939148,0.0159149169921875,0.6169891357421875,-0.35528564453125
1784719755582116352,8.700928449630737,0.079345703125,0.4547882080078125,-0.17724609375
1784719755592036352,8.710848331451416,0.1134185791015625,0.19921875,-0.0430450439453125
1784719755601956096,8.720768213272095,0.1309051513671875,0.02386474609375,-0.048126220703125
1784719755611876352,8.730688333511353,0.1243438720703125,-0.0221710205078125,-0.0023345947265625
1784719755621795072,8.740607261657715,0.1114349365234375,-0.0722198486328125,0.1317596435546875
1784719755631715328,8.750527381896973,0.1345672607421875,-0.141021728515625,0.1797943115234375
1784719755641635072,8.760447263717651,0.1745147705078125,-0.1221466064453125,0.1403961181640625
1784719755651555328,8.77036738395691,0.176177978515625,-0.05767822265625,-0.0613555908203125
1784719755661475072,8.780287265777588,0.171600341796875,0.155303955078125,-0.322998046875
1784719755671395328,8.790207386016846,0.2037200927734375,0.2707366943359375,-0.4330291748046875
1784719755681314304,8.800126314163208,0.2412567138671875,0.012603759765625,-0.443603515625
1784719755691234304,8.810046434402466,0.313446044921875,-0.2476959228515625,-0.379425048828125
1784719755701154304,8.819966316223145,0.4554901123046875,-0.46331787109375,-0.3275146484375
1784719755711074304,8.829886436462402,0.5573577880859375,-0.6592864990234375,-0.293975830078125
1784719755720994304,8.839806318283081,0.697052001953125,-0.7754058837890625,-0.316009521484375
1784719755730913536,8.849725723266602,0.8177337646484375,-0.8647918701171875,-0.2881317138671875
1784719755740832768,8.859644889831543,0.9661712646484375,-0.905792236328125,-0.464569091796875
1784719755750752768,8.869564771652222,1.0497589111328125,-0.9076385498046875,-0.58148193359375
1784719755760672768,8.87948489189148,1.1555633544921875,-0.86810302734375,-0.7508544921875
1784719755770592768,8.889404773712158,1.34783935546875,-0.8947601318359375,-0.9270782470703125
1784719755780512768,8.899324893951416,1.5728912353515625,-1.1234130859375,-1.02252197265625
1784719755790432768,8.909244775772095,1.763214111328125,-1.437835693359375,-1.048858642578125
1784719755800351744,8.919163942337036,1.8975372314453125,-1.592864990234375,-0.9920501708984375
1784719755810271744,8.929083824157715,2.0536651611328125,-1.655731201171875,-1.07867431640625
1784719755820191744,8.939003944396973,2.0240936279296875,-1.6127471923828125,-1.134765625
1784719755830111744,8.948923826217651,1.9716339111328125,-1.508056640625,-1.1361083984375
1784719755840031744,8.95884394645691,1.9254608154296875,-1.438873291015625,-1.3256988525390625
1784719755849951744,8.968763828277588,2.22503662109375,-1.20599365234375,-1.4949493408203125
1784719755859870720,8.97868275642395,2.735015869140625,-1.0974578857421875,-1.5677642822265625
1784719755869790720,8.988602876663208,2.450103759765625,-1.0520477294921875,-1.333953857421875
1784719755879710720,8.998522758483887,1.844390869140625,-0.7582244873046875,-1.013824462890625
1784719755889630720,9.008442878723145,1.637786865234375,-1.0592041015625,-0.6817169189453125
1784719755899550720,9.018362760543823,1.2561798095703125,-0.4958953857421875,-0.36883544921875
1784719755909470720,9.028282880783081,1.06488037109375,0.27264404296875,-0.06982421875
1784719755919389696,9.038201808929443,0.6527252197265625,1.0453948974609375,-0.120025634765625
1784719755929309952,9.048121929168701,0.32940673828125,1.07275390625,-0.2308807373046875
1784719755939229696,9.05804181098938,1.2114105224609375,1.4266815185546875,0.2351226806640625
1784719755949149952,9.067961931228638,2.12457275390625,1.05377197265625,-0.7215728759765625
1784719755959069696,9.077881813049316,2.2738494873046875,0.33843994140625,-0.987640380859375
1784719755968989952,9.087801933288574,2.780059814453125,-0.52294921875,-0.982635498046875
1784719755978908672,9.097720861434937,2.8094024658203125,-0.389404296875,-1.1971588134765625
1784719755988828672,9.107640743255615,2.76513671875,0.059234619140625,-1.857177734375
1784719755998748672,9.117560863494873,2.963226318359375,-0.3879547119140625,-1.9716033935546875
1784719756008668672,9.127480745315552,3.561279296875,-1.2632598876953125,-1.5226898193359375
1784719756018588672,9.13740086555481,2.7284698486328125,-0.50225830078125,-1.4600982666015625
1784719756028508672,9.147320747375488,2.192169189453125,0.1956024169921875,-1.55548095703125
1784719756038427904,9.15723991394043,2.722198486328125,-0.255035400390625,-1.085540771484375
1784719756048347648,9.167159795761108,2.5515594482421875,-0.938690185546875,-0.8388671875
1784719756058267904,9.177079916000366,2.453155517578125,-0.9105377197265625,-0.6254425048828125
1784719756068187648,9.186999797821045,2.537109375,-0.7169036865234375,-0.5305938720703125
1784719756078107904,9.196919918060303,2.92315673828125,-0.7363433837890625,-1.028656005859375
1784719756088027648,9.206839799880981,2.3986053466796875,-0.6284637451171875,-0.95257568359375
1784719756097946624,9.216758728027344,2.5011749267578125,-0.4035797119140625,-1.0843963623046875
1784719756107866880,9.226678848266602,2.3420257568359375,-0.6520233154296875,-1.2292327880859375
1784719756117786624,9.23659873008728,2.2736663818359375,-0.1867218017578125,-1.06243896484375
1784719756127706880,9.246518850326538,2.32342529296875,-0.0390167236328125,-1.20489501953125
1784719756137626624,9.256438732147217,2.0912933349609375,-0.138946533203125,-1.5986785888671875
1784719756147546880,9.266358852386475,2.403411865234375,-0.1098785400390625,-1.8116607666015625
1784719756157465600,9.276277780532837,2.554168701171875,-0.2686767578125,-2.1320037841796875
1784719756167385856,9.286197900772095,2.2115631103515625,0.062835693359375,-2.6923065185546875
1784719756177305600,9.296117782592773,2.1907806396484375,0.7907562255859375,-2.9998931884765625
1784719756187225856,9.306037902832031,2.1345062255859375,1.358917236328125,-3.1422882080078125
1784719756197145600,9.31595778465271,2.0475311279296875,1.5213470458984375,-3.1052093505859375
1784719756207065856,9.325877904891968,1.9410552978515625,1.3714141845703125,-3.2019195556640625
1784719756216984832,9.33579683303833,1.7394866943359375,1.0761566162109375,-2.8251953125
1784719756226904576,9.345716714859009,1.9560394287109375,0.7670745849609375,-2.055328369140625
1784719756236824832,9.355636835098267,2.1982879638671875,0.6729736328125,-0.828277587890625
1784719756246744576,9.365556716918945,2.9069671630859375,0.27703857421875,-0.7356719970703125
1784719756256664832,9.375476837158203,3.156097412109375,0.2773590087890625,-0.6112213134765625
1784719756266584576,9.385396718978882,3.269012451171875,0.531158447265625,-0.54058837890625
1784719756276503808,9.395315885543823,3.157257080078125,0.930145263671875,-0.674041748046875
1784719756286423808,9.405235767364502,3.0387115478515625,1.3087310791015625,-0.7772064208984375
1784719756296343808,9.41515588760376,3.1566619873046875,1.47528076171875,-0.939849853515625
1784719756306263808,9.425075769424438,3.492431640625,1.3383331298828125,-1.2080230712890625
1784719756316183808,9.434995889663696,3.763336181640625,0.9988250732421875,-1.2587738037109375
1784719756326103808,9.444915771484375,4.036834716796875,0.747802734375,-0.9241180419921875
1784719756336022784,9.454834938049316,4.3546600341796875,0.6822052001953125,-0.4662017822265625
1784719756345942784,9.464754819869995,4.698333740234375,0.7154998779296875,-0.146942138671875
1784719756355862784,9.474674940109253,4.9224853515625,0.811279296875,0.00341796875
1784719756365782784,9.484594821929932,4.8578033447265625,0.7834930419921875,0.26202392578125
1784719756375702784,9.49451494216919,4.741546630859375,0.85626220703125,0.498046875
1784719756385622784,9.504434823989868,4.7718658447265625,1.0980987548828125,0.5474853515625
1784719756395541760,9.51435375213623,4.8727569580078125,1.4689178466796875,0.690185546875
1784719756405461760,9.524273872375488,4.8471221923828125,1.6125640869140625,0.94439697265625
1784719756415381760,9.534193754196167,4.6486053466796875,1.5974884033203125,1.0901031494140625
1784719756425301760,9.544113874435425,4.4010009765625,1.5480804443359375,1.213134765625
1784719756435221760,9.554033756256104,4.1042938232421875,1.5636138916015625,1.4886322021484375
1784719756445141760,9.563953876495361,3.71160888671875,1.6163482666015625,1.701263427734375
1784719756455060736,9.573872804641724,3.4295196533203125,1.4533843994140625,2.010284423828125
1784719756464980736,9.583792924880981,3.150390625,0.9809722900390625,2.2743682861328125
1784719756474900736,9.59371280670166,2.9368438720703125,0.5183868408203125,2.484405517578125
1784719756484820736,9.603632926940918,2.22845458984375,0.4637908935546875,2.654388427734375
1784719756494740736,9.613552808761597,1.7246551513671875,0.81256103515625,2.0046539306640625
1784719756504659712,9.623471736907959,2.1922149658203125,1.6291656494140625,0.8511962890625
1784719756514579712,9.633391857147217,2.4649810791015625,2.716094970703125,-0.338226318359375
1784719756524499712,9.643311738967896,2.1490478515625,6.6644287109375,-1.037109375
1784719756534419712,9.653231859207153,2.3690948486328125,7.83380126953125,3.788543701171875
1784719756544339712,9.663151741027832,0.6335601806640625,-0.37060546875,1.8153533935546875
1784719756554259712,9.67307186126709,0.0647125244140625,0.9538421630859375,2.4408111572265625
1784719756564178688,9.682990789413452,-0.2398681640625,2.0590057373046875,1.526947021484375
1784719756574098944,9.69291090965271,0.2879180908203125,2.78997802734375,0.8621826171875
1784719756584018688,9.702830791473389,0.4700469970703125,2.28619384765625,0.5724334716796875
1784719756593938944,9.712750911712646,0.445343017578125,1.5787811279296875,0.6005859375
1784719756603858688,9.722670793533325,0.3966217041015625,1.3065338134765625,0.610443115234375
1784719756613778944,9.732590913772583,0.2866058349609375,1.3166961669921875,0.367156982421875
1784719756623697664,9.742509841918945,0.06787109375,1.27978515625,-0.057220458984375
1784719756633617664,9.752429723739624,0.055267333984375,1.0914306640625,-0.59033203125
1784719756643537664,9.762349843978882,0.121307373046875,1.121246337890625,-0.876678466796875
1784719756653457664,9.77226972579956,-0.1128082275390625,1.0372314453125,-0.748809814453125
1784719756663377664,9.782189846038818,-0.2311248779296875,0.9209442138671875,-0.924072265625
1784719756673297664,9.792109727859497,-0.28076171875,1.26611328125,-1.130706787109375
1784719756683216896,9.802028894424438,-0.169708251953125,1.6090087890625,-1.3661041259765625
1784719756693136640,9.811948776245117,-0.0374908447265625,1.54034423828125,-1.512603759765625
1784719756703056896,9.821868896484375,0.3890838623046875,0.7923431396484375,-1.5866851806640625
1784719756712976640,9.831788778305054,-0.1279754638671875,0.9527435302734375,-1.3979034423828125
1784719756722896896,9.841708898544312,-0.45062255859375,1.0941925048828125,-1.0312652587890625
1784719756732815616,9.851627826690674,0.174652099609375,0.5498199462890625,-0.998138427734375
1784719756742735872,9.861547946929932,0.0060577392578125,0.3697967529296875,-0.8014373779296875
1784719756752655872,9.87146782875061,0.5253448486328125,-0.259490966796875,-1.152587890625
1784719756762575872,9.881387948989868,0.5914764404296875,0.1089935302734375,-0.642913818359375
1784719756772495872,9.891307830810547,0.378173828125,0.561553955078125,-0.8982696533203125
1784719756782415872,9.901227951049805,0.428436279296875,0.7264404296875,-0.7939453125
1784719756792334848,9.911146879196167,0.4579010009765625,0.6705474853515625,-0.956085205078125
1784719756802254592,9.921066761016846,0.371917724609375,0.650848388671875,-1.079498291015625
1784719756812174848,9.930986881256104,0.354736328125,0.503173828125,-1.0531005859375
1784719756822094592,9.940906763076782,0.3224945068359375,0.3440093994140625,-0.9765472412109375
1784719756832014848,9.95082688331604,0.29315185546875,0.343475341796875,-0.7542572021484375
1784719756841934592,9.960746765136719,0.2591400146484375,0.337890625,-0.793609619140625
1784719756851853824,9.97066593170166,0.2273712158203125,0.476959228515625,-0.6995849609375
1784719756861773824,9.980585813522339,0.2689666748046875,0.37213134765625,-0.73028564453125
1784719756871693824,9.990505933761597,0.2776947021484375,0.2969970703125,-0.9756317138671875
1784719756881613824,10.000425815582275,0.250946044921875,0.450225830078125,-1.0345916748046875
1784719756891533824,10.010345935821533,0.2397918701171875,0.75823974609375,-0.972076416015625
1784719756901452800,10.020264863967896,0.27471923828125,0.9411468505859375,-1.0410003662109375
1784719756911372544,10.030184745788574,0.3031005859375,0.9328765869140625,-1.0192718505859375
1784719756921292800,10.040104866027832,0.288116455078125,0.83465576171875,-1.0214691162109375
1784719756931212544,10.05002474784851,0.34368896484375,0.79547119140625,-1.1026153564453125
1784719756941132800,10.059944868087769,0.3990631103515625,0.864105224609375,-1.169647216796875
1784719756951052544,10.069864749908447,0.342041015625,1.11566162109375,-1.118621826171875
1784719756960971776,10.079783916473389,0.217315673828125,1.574127197265625,-1.05035400390625
1784719756970891776,10.089703798294067,0.1732940673828125,1.825408935546875,-1.207672119140625
1784719756980811776,10.099623918533325,0.2781524658203125,1.7451019287109375,-1.4102325439453125
1784719756990731776,10.109543800354004,0.4336395263671875,1.5507354736328125,-1.4944610595703125
1784719757000651776,10.119463920593262,0.5197906494140625,1.400390625,-1.4416351318359375
1784719757010570752,10.129382848739624,0.5859222412109375,1.3362579345703125,-1.2964630126953125
1784719757020490752,10.139302730560303,0.50189208984375,1.319061279296875,-1.1460723876953125
1784719757030410752,10.14922285079956,0.3007659912109375,1.222869873046875,-0.90985107421875
1784719757040330752,10.15914273262024,0.189971923828125,0.988037109375,-0.713958740234375
1784719757050250752,10.169062852859497,0.1416778564453125,0.8859710693359375,-0.5928955078125
1784719757060170752,10.178982734680176,0.12994384765625,0.90911865234375,-0.5944671630859375
1784719757070089728,10.188901901245117,0.14959716796875,0.9449310302734375,-0.6269683837890625
1784719757080009728,10.198821783065796,0.20770263671875,0.950408935546875,-0.6230621337890625
1784719757089929728,10.208741903305054,0.250946044921875,0.9691314697265625,-0.5966033935546875
1784719757099849728,10.218661785125732,0.2486419677734375,0.9197235107421875,-0.491455078125
1784719757109769728,10.22858190536499,0.257965087890625,0.8852386474609375,-0.439361572265625
1784719757119688704,10.238500833511353,0.223388671875,0.8642120361328125,-0.353759765625
1784719757129608704,10.248420715332031,0.1119384765625,0.880645751953125,-0.328155517578125
1784719757139528704,10.258340835571289,0.05950927734375,0.865020751953125,-0.402099609375
1784719757149448704,10.268260717391968,0.084228515625,0.800201416015625,-0.4092254638671875
1784719757159368704,10.278180837631226,0.045074462890625,0.738128662109375,-0.3701324462890625
1784719757169288704,10.288100719451904,0.0402374267578125,0.7095794677734375,-0.360687255859375
1784719757179207680,10.298019886016846,0.01776123046875,0.675537109375,-0.32281494140625
1784719757189127680,10.307939767837524,0.0138092041015625,0.615753173828125,-0.2173309326171875
1784719757199047680,10.317859888076782,0.0223236083984375,0.584075927734375,-0.149139404296875
1784719757208967680,10.327779769897461,0.0688934326171875,0.5973052978515625,-0.0773162841796875
1784719757218887680,10.337699890136719,0.1131591796875,0.4841766357421875,0.09686279296875
1784719757228806656,10.347618818283081,0.080322265625,0.195556640625,0.2129974365234375
1784719757238726912,10.357538938522339,0.027587890625,-0.11419677734375,0.3597564697265625
1784719757248646656,10.367458820343018,0.089996337890625,-0.4504852294921875,0.303985595703125
1784719757258566912,10.377378940582275,0.2363433837890625,-0.6569366455078125,0.01397705078125
1784719757268486656,10.387298822402954,0.3261260986328125,-0.508056640625,-0.1775360107421875
1784719757278406912,10.397218942642212,0.3873138427734375,-0.105072021484375,-0.4729766845703125
1784719757288325888,10.407137870788574,0.4134368896484375,0.248291015625,-0.6591644287109375
1784719757298245632,10.417057752609253,0.3816986083984375,0.2054595947265625,-0.66326904296875
1784719757308165888,10.42697787284851,0.3307037353515625,-0.1718597412109375,-0.48614501953125
1784719757318085632,10.43689775466919,0.2282562255859375,-0.6446380615234375,-0.481201171875
1784719757328005888,10.446817874908447,0.243133544921875,-0.763916015625,-0.640533447265625
1784719757337924608,10.45673680305481,0.323974609375,-0.556671142578125,-0.7798614501953125
1784719757347844864,10.466656923294067,0.483734130859375,-0.48614501953125,-0.82568359375
1784719757357764608,10.476576805114746,0.7064056396484375,-0.540069580078125,-0.8550567626953125
1784719757367684864,10.486496925354004,0.808441162109375,-0.4275360107421875,-0.818572998046875
1784719757377604608,10.496416807174683,0.823883056640625,-0.2206878662109375,-0.692413330078125
1784719757387523584,10.506335735321045,0.8719024658203125,-0.37872314453125,-0.68719482421875
1784719757397443840,10.516255855560303,0.9173583984375,-0.756622314453125,-0.6284942626953125
1784719757407363584,10.526175737380981,1.126129150390625,-1.079071044921875,-0.677947998046875
1784719757417283840,10.53609585762024,1.512054443359375,-1.260955810546875,-0.7622222900390625
1784719757427203584,10.546015739440918,1.9492340087890625,-1.324005126953125,-0.756988525390625
1784719757437123840,10.555935859680176,2.4066619873046875,-1.4091796875,-0.7716217041015625
1784719757447042816,10.565854787826538,2.5962066650390625,-1.604766845703125,-0.8243255615234375
1784719757456962816,10.575774908065796,2.2885894775390625,-1.7495880126953125,-0.8072967529296875
1784719757466882816,10.585694789886475,2.12591552734375,-1.8026123046875,-0.8467559814453125
1784719757476802816,10.595614910125732,2.1921539306640625,-1.7517547607421875,-1.119964599609375
1784719757486722816,10.605534791946411,2.4489898681640625,-1.5333404541015625,-1.2790374755859375
1784719757496641536,10.615453720092773,2.1870574951171875,-1.142913818359375,-1.2870330810546875
1784719757506561792,10.625373840332031,2.168914794921875,-1.19903564453125,-1.7962646484375
1784719757516481536,10.63529372215271,2.0790252685546875,-0.3769378662109375,-1.0805816650390625
1784719757526401792,10.645213842391968,1.2682647705078125,0.4517974853515625,-0.8436737060546875
1784719757536321536,10.655133724212646,0.3852691650390625,0.8626708984375,-0.5232086181640625
1784719757546241792,10.665053844451904,-0.1551055908203125,1.0562744140625,0.0936737060546875
1784719757556160768,10.674972772598267,0.290740966796875,0.9219818115234375,-0.0234375
1784719757566080768,10.684892892837524,1.11614990234375,0.387451171875,0.0977783203125
1784719757576000768,10.694812774658203,2.3027801513671875,0.7254486083984375,-0.176300048828125
1784719757585920768,10.704732894897461,2.5170745849609375,0.4076385498046875,-0.554656982421875
1784719757595840768,10.71465277671814,2.72650146484375,-0.20123291015625,-0.8038787841796875
1784719757605759744,10.724571943283081,2.994384765625,-0.290679931640625,-1.1738739013671875
1784719757615679744,10.73449182510376,2.4565582275390625,-0.0526123046875,-1.552764892578125
1784719757625599744,10.744411945343018,2.944915771484375,-0.0033111572265625,-1.6013336181640625
1784719757635519744,10.754331827163696,3.1209564208984375,-0.231109619140625,-1.552703857421875
1784719757645439744,10.764251947402954,3.14208984375,-0.4100494384765625,-1.3752899169921875
1784719757655358720,10.774170875549316,2.9437408447265625,-0.2283477783203125,-0.967041015625
1784719757665278720,10.784090757369995,3.15032958984375,-0.30987548828125,-0.94482421875
1784719757675198720,10.794010877609253,3.4365081787109375,-0.9909515380859375,-1.264068603515625
1784719757685118720,10.803930759429932,2.9618377685546875,-1.204986572265625,-1.0318145751953125
1784719757695038720,10.81385087966919,3.1487884521484375,-1.1079559326171875,-1.0305328369140625
1784719757704958720,10.823770761489868,2.711822509765625,-0.5853118896484375,-1.2646942138671875
1784719757714877952,10.83368992805481,2.7809906005859375,-0.295501708984375,-1.192626953125
1784719757724797696,10.843609809875488,2.50006103515625,-0.518829345703125,-1.3771820068359375
1784719757734716160,10.853528261184692,2.5236968994140625,-0.2959747314453125,-1.40423583984375
1784719757744636160,10.863448143005371,2.4631500244140625,-0.527252197265625,-1.5040435791015625
1784719757754556160,10.873368263244629,2.1768035888671875,-0.16375732421875,-1.6680908203125
1784719757764475136,10.883287191390991,2.3870849609375,0.298736572265625,-2.435760498046875
1784719757774395136,10.893207311630249,2.19207763671875,0.6834716796875,-2.6833648681640625
1784719757784315136,10.903127193450928,2.3114471435546875,0.523834228515625,-2.5760498046875
1784719757794235136,10.913047313690186,2.3728485107421875,1.3773651123046875,-2.367279052734375
1784719757804155136,10.922967195510864,2.03961181640625,1.059906005859375,-2.643646240234375
1784719757814074368,10.932886362075806,1.9386444091796875,1.0750274658203125,-2.336761474609375
1784719757823994112,10.942806243896484,1.9073028564453125,1.3095550537109375,-2.732086181640625
1784719757833914368,10.952726364135742,1.865203857421875,1.675537109375,-2.8488922119140625
1784719757843834112,10.962646245956421,2.2476806640625,1.239593505859375,-2.35040283203125
1784719757853754368,10.972566366195679,2.4841156005859375,0.479522705078125,-1.398162841796875
1784719757863674112,10.982486248016357,2.94659423828125,0.039337158203125,-0.334381103515625
1784719757873593088,10.99240517616272,3.37347412109375,0.0779876708984375,-0.28338623046875
1784719757883513088,11.002325296401978,3.36749267578125,0.4807891845703125,-0.4217987060546875
1784719757893433088,11.012245178222656,3.1397857666015625,0.6968841552734375,-0.6715240478515625
1784719757903353088,11.022165298461914,3.0194854736328125,0.8143768310546875,-0.7564849853515625
1784719757913273088,11.032085180282593,3.18792724609375,0.9304656982421875,-0.831634521484375
1784719757923192320,11.042004346847534,3.522125244140625,1.1970977783203125,-1.0742645263671875
1784719757933112064,11.051924228668213,3.829833984375,1.151214599609375,-1.2491302490234375
1784719757943032320,11.06184434890747,4.0039215087890625,0.8379364013671875,-0.955078125
1784719757952952064,11.07176423072815,4.1833038330078125,0.7941436767578125,-0.55419921875
1784719757962872320,11.081684350967407,4.4044952392578125,0.7881622314453125,-0.2768096923828125
1784719757972791296,11.09160327911377,4.600860595703125,0.8252105712890625,0.00860595703125
1784719757982711040,11.101523160934448,4.8459320068359375,0.9019775390625,0.23663330078125
1784719757992631296,11.111443281173706,5.041351318359375,0.8421173095703125,0.4149017333984375
1784719758002551040,11.121363162994385,4.9933013916015625,0.83758544921875,0.915618896484375
1784719758012471296,11.131283283233643,4.645233154296875,0.9369964599609375,1.557220458984375
1784719758022390016,11.141202211380005,4.0564727783203125,0.7951812744140625,1.7207794189453125
1784719758032310272,11.151122331619263,3.757568359375,0.7672882080078125,1.2556304931640625
1784719758042230016,11.161042213439941,3.794891357421875,0.975341796875,0.8979644775390625
1784719758052150272,11.1709623336792,3.8014373779296875,1.464111328125,0.7913055419921875
1784719758062070016,11.180882215499878,3.7062835693359375,1.958953857421875,0.7425537109375
1784719758071990272,11.190802335739136,3.50738525390625,1.7959136962890625,0.7679901123046875
1784719758081909248,11.200721263885498,3.367431640625,1.5032806396484375,1.1284332275390625
1784719758091828992,11.210641145706177,3.2856292724609375,1.5189056396484375,1.8224639892578125
1784719758101749248,11.220561265945435,3.0099029541015625,1.2599945068359375,2.50543212890625
1784719758111668992,11.230481147766113,2.2050323486328125,1.188629150390625,2.3975982666015625
1784719758121589248,11.240401268005371,1.769866943359375,1.3144989013671875,1.54541015625
1784719758131508224,11.250320196151733,1.88037109375,2.6619110107421875,0.9251556396484375
1784719758141428224,11.260240316390991,3.320648193359375,7.7244110107421875,-0.8395233154296875
1784719758151348224,11.27016019821167,0.900665283203125,6.1060333251953125,3.2920379638671875
1784719758161268224,11.280080318450928,0.5809478759765625,-0.502471923828125,1.5369873046875
1784719758171188224,11.290000200271606,-0.0846099853515625,1.3865966796875,2.3459930419921875
1784719758181107200,11.299919366836548,0.1693115234375,2.19061279296875,1.2728271484375
1784719758191027200,11.309839248657227,0.1467742919921875,2.6913604736328125,1.2121124267578125
1784719758200946944,11.319759130477905,0.07989501953125,1.9781494140625,1.122894287109375
1784719758210867200,11.329679250717163,0.122314453125,1.3502655029296875,1.0652618408203125
1784719758220786944,11.339599132537842,0.155303955078125,1.3837890625,0.7855072021484375
1784719758230706176,11.349518299102783,0.1648712158203125,1.5827178955078125,0.538421630859375
1784719758240626176,11.359438180923462,0.0897674560546875,1.4521026611328125,0.39569091796875
1784719758250546176,11.36935830116272,-0.0255279541015625,1.268951416015625,0.1551361083984375
1784719758260466176,11.379278182983398,0.090240478515625,1.33074951171875,-0.4713134765625
1784719758270386176,11.389198303222656,0.1434326171875,1.3909912109375,-0.5368804931640625
1784719758280305152,11.399117231369019,0.0672607421875,1.1764678955078125,-0.6304168701171875
1784719758290225152,11.409037351608276,0.011444091796875,0.9086456298828125,-0.8095703125
1784719758300145152,11.418957233428955,-0.2400054931640625,1.2867431640625,-0.8175201416015625
1784719758310065152,11.428877353668213,-0.2698516845703125,1.66387939453125,-1.0034332275390625
1784719758319985152,11.438797235488892,-0.2170257568359375,1.53497314453125,-1.1134185791015625
1784719758329904128,11.448716163635254,-0.0273895263671875,1.029266357421875,-1.1646270751953125
1784719758339824128,11.458636283874512,-0.248016357421875,0.91546630859375,-1.11822509765625
1784719758349744128,11.46855616569519,-0.3993072509765625,1.093963623046875,-0.888427734375
1784719758359664128,11.478476285934448,0.217071533203125,0.6820220947265625,-0.594512939453125
1784719758369584128,11.488396167755127,0.85186767578125,0.39349365234375,-0.9285888671875
1784719758379503360,11.498315334320068,0.4310302734375,0.36871337890625,-0.68597412109375
1784719758389423104,11.508235216140747,0.0784759521484375,0.1982269287109375,-0.86981201171875
1784719758399343360,11.518155336380005,0.14617919921875,0.1755828857421875,-0.884368896484375
1784719758409263104,11.528075218200684,0.3697662353515625,0.2745819091796875,-0.869140625
1784719758419183360,11.537995338439941,0.4246826171875,0.3649139404296875,-0.81158447265625
1784719758429102080,11.547914266586304,0.4512481689453125,0.4221343994140625,-0.796417236328125
1784719758439022080,11.557834148406982,0.4058990478515625,0.5262451171875,-0.755340576171875
1784719758448942080,11.56775426864624,0.385528564453125,0.6500244140625,-0.799346923828125
1784719758458862080,11.577674150466919,0.3498687744140625,0.6679840087890625,-0.881591796875
1784719758468782080,11.587594270706177,0.37811279296875,0.5228118896484375,-1.0609283447265625
1784719758478701056,11.597513198852539,0.3387603759765625,0.1944122314453125,-1.119598388671875
1784719758488621312,11.607433319091797,0.335235595703125,-0.25360107421875,-1.306549072265625
1784719758498541056,11.617353200912476,0.2763824462890625,-0.393218994140625,-1.1787261962890625
1784719758508461312,11.627273321151733,0.337890625,-0.1618804931640625,-1.0846099853515625
1784719758518381056,11.637193202972412,0.3381500244140625,0.28680419921875,-0.7767333984375
1784719758528300032,11.647112131118774,0.3057098388671875,0.6612548828125,-0.6847991943359375
1784719758538220288,11.657032251358032,0.262237548828125,0.9493865966796875,-0.75152587890625
1784719758548140032,11.666952133178711,0.2184295654296875,1.027252197265625,-0.9328460693359375
1784719758558060288,11.676872253417969,0.227142333984375,0.9528656005859375,-1.0636138916015625
1784719758567980032,11.686792135238647,0.2573699951171875,0.8335723876953125,-1.196380615234375
1784719758577899264,11.696711301803589,0.3582611083984375,0.81805419921875,-1.3472747802734375
1784719758587819008,11.706631183624268,0.344696044921875,1.056365966796875,-1.3564910888671875
1784719758597739264,11.716551303863525,0.23406982421875,1.4699249267578125,-1.1810150146484375
1784719758607659008,11.726471185684204,0.15966796875,1.6883087158203125,-1.0980377197265625
1784719758617579264,11.736391305923462,0.190032958984375,1.551605224609375,-1.1815338134765625
1784719758627498240,11.746310234069824,0.2896728515625,1.308990478515625,-1.301513671875
1784719758637418240,11.756230354309082,0.3853302001953125,1.176513671875,-1.368072509765625
1784719758647338240,11.76615023612976,0.4899749755859375,1.158233642578125,-1.3340301513671875
1784719758657258240,11.776070356369019,0.5044097900390625,1.130401611328125,-1.2479705810546875
1784719758667178240,11.785990238189697,0.4006805419921875,1.17022705078125,-1.0906219482421875
1784719758677096960,11.79590916633606,0.3271636962890625,1.209686279296875,-0.9265594482421875
1784719758687017216,11.805829286575317,0.3639373779296875,1.1175689697265625,-0.9636688232421875
1784719758696936960,11.815749168395996,0.4183502197265625,1.106353759765625,-0.994659423828125
1784719758706857216,11.825669288635254,0.4435272216796875,1.2079620361328125,-1.0405426025390625
1784719758716776960,11.835589170455933,0.4238739013671875,1.2181854248046875,-1.010894775390625
1784719758726696192,11.845508337020874,0.41015625,1.187347412109375,-0.7935333251953125
1784719758736618240,11.855430364608765,0.3335113525390625,1.1792144775390625,-0.673675537109375
1784719758746538240,11.865350246429443,0.2493438720703125,1.186767578125,-0.577880859375
1784719758756458240,11.875270366668701,0.181610107421875,1.063995361328125,-0.4826202392578125
1784719758766378240,11.88519024848938,0.23529052734375,0.8904266357421875,-0.3164825439453125
1784719758776297216,11.895109415054321,0.23541259765625,0.7770843505859375,-0.23516845703125
1784719758786217216,11.905029296875,0.1624603271484375,0.7063751220703125,-0.231231689453125
1784719758796137216,11.914949417114258,0.0869598388671875,0.6959228515625,-0.2490997314453125
1784719758806057216,11.924869298934937,0.0291900634765625,0.6649017333984375,-0.3146209716796875
1784719758815977216,11.934789419174194,0.0535125732421875,0.645782470703125,-0.42987060546875
1784719758825896192,11.944708347320557,0.10198974609375,0.7056427001953125,-0.55859375
1784719758835816192,11.954628229141235,0.0962371826171875,0.8319854736328125,-0.6319580078125
1784719758845736192,11.964548349380493,0.1231231689453125,0.8145294189453125,-0.6336517333984375
1784719758855656192,11.974468231201172,0.09051513671875,0.618255615234375,-0.424285888671875
1784719758865576192,11.98438835144043,0.077667236328125,0.3553924560546875,-0.1183929443359375
1784719758875495168,11.994307279586792,0.0608978271484375,0.0528564453125,0.052642822265625
1784719758885415424,12.00422739982605,0.052093505859375,-0.11993408203125,0.0766448974609375
1784719758895335168,12.014147281646729,0.0156097412109375,-0.0894775390625,0.09521484375
1784719758905255424,12.024067401885986,-0.0100860595703125,-0.004730224609375,0.0856475830078125
1784719758915175168,12.033987283706665,-0.022918701171875,-0.0614776611328125,0.040985107421875
1784719758925094400,12.043906450271606,-0.020599365234375,-0.35992431640625,0.1402435302734375
1784719758935014144,12.053826332092285,-0.0082550048828125,-0.803436279296875,0.1486663818359375
1784719758944934144,12.063746213912964,0.0457000732421875,-0.9914398193359375,-0.0831451416015625
1784719758954854144,12.073666334152222,0.1613006591796875,-0.7736358642578125,-0.3416900634765625
1784719758964774144,12.0835862159729,0.2458953857421875,-0.395751953125,-0.5597991943359375
1784719758974693376,12.093505382537842,0.3819580078125,-0.2323455810546875,-0.6688690185546875
1784719758984613120,12.10342526435852,0.3697509765625,-0.231414794921875,-0.7123870849609375
1784719758994533376,12.113345384597778,0.3765106201171875,-0.24261474609375,-0.8064117431640625
1784719759004453120,12.123265266418457,0.3958892822265625,-0.222808837890625,-0.8388824462890625
1784719759014373376,12.133185386657715,0.50531005859375,-0.294677734375,-0.7898101806640625
1784719759024292352,12.143104314804077,0.7084503173828125,-0.609710693359375,-0.7075653076171875
1784719759034212352,12.153024435043335,0.78631591796875,-0.9417572021484375,-0.53173828125
1784719759044132352,12.162944316864014,0.804534912109375,-1.1647491455078125,-0.441802978515625
1784719759054052352,12.172864437103271,0.8527984619140625,-1.1568603515625,-0.4723052978515625
1784719759063972352,12.18278431892395,0.94287109375,-0.9637603759765625,-0.6815338134765625
1784719759073891072,12.192703247070312,1.2195892333984375,-0.67138671875,-0.765716552734375
1784719759083811328,12.20262336730957,1.6050567626953125,-0.6790771484375,-0.8993682861328125
1784719759093731072,12.212543249130249,2.008941650390625,-0.9351654052734375,-1.0224609375
1784719759103651328,12.222463369369507,2.3166961669921875,-1.2969970703125,-1.0023040771484375
1784719759113570304,12.23238229751587,2.3972320556640625,-1.5556793212890625,-0.980316162109375
1784719759123490304,12.242302417755127,2.377166748046875,-1.563507080078125,-0.928466796875
1784719759133410304,12.252222299575806,2.2558135986328125,-1.584930419921875,-1.0084991455078125
1784719759143330304,12.262142419815063,2.347442626953125,-1.7048492431640625,-1.193511962890625
1784719759153250304,12.272062301635742,2.21734619140625,-1.381683349609375,-1.3771514892578125
1784719759163169024,12.281981229782104,1.856414794921875,-1.043243408203125,-1.43963623046875
1784719759173089280,12.291901350021362,2.008209228515625,-0.89483642578125,-1.4201202392578125
1784719759183009024,12.301821231842041,2.0496978759765625,-0.75714111328125,-1.379302978515625
1784719759192929280,12.311741352081299,1.7015228271484375,-0.338348388671875,-1.2943115234375
1784719759202849024,12.321661233901978,0.8688507080078125,0.5714874267578125,-0.73822021484375
1784719759212768256,12.331580400466919,0.352142333984375,0.75335693359375,-0.3227081298828125
1784719759222688256,12.341500282287598,0.608978271484375,1.112274169921875,-0.0608978271484375
1784719759232608256,12.351420402526855,0.5157012939453125,1.0452728271484375,-0.1715087890625
1784719759242528256,12.361340284347534,1.3841400146484375,0.4822235107421875,-0.495513916015625
1784719759252448256,12.371260404586792,2.6674957275390625,0.82818603515625,-0.56390380859375
1784719759262367232,12.381179332733154,2.855010986328125,0.4604644775390625,-0.6454925537109375
1784719759272287232,12.391099214553833,2.636566162109375,0.258331298828125,-0.67919921875
1784719759282207232,12.40101933479309,2.3422088623046875,-0.4256591796875,-0.689727783203125
1784719759292127232,12.41093921661377,2.49493408203125,-1.186737060546875,-1.1416778564453125
1784719759302047232,12.420859336853027,3.34710693359375,-0.193023681640625,-1.7213134765625
1784719759311966208,12.43077826499939,3.0766448974609375,-0.0792388916015625,-1.97283935546875
1784719759321886208,12.440698385238647,2.7365570068359375,-0.9524688720703125,-1.481170654296875
1784719759331806208,12.450618267059326,2.777740478515625,-0.9731903076171875,-1.2525634765625
1784719759341726208,12.460538387298584,2.4484710693359375,-0.463348388671875,-1.21746826171875
1784719759351646208,12.470458269119263,2.8042449951171875,-0.218353271484375,-1.212860107421875
1784719759361565440,12.480377435684204,2.6458740234375,-0.5312042236328125,-0.814849853515625
1784719759371485184,12.490297317504883,2.7122039794921875,-0.7401275634765625,-0.72393798828125
1784719759381405440,12.50021743774414,2.614532470703125,-0.5021209716796875,-1.1394500732421875
1784719759391325184,12.51013731956482,2.5916290283203125,-0.36383056640625,-1.2710723876953125
1784719759401245440,12.520057439804077,2.5320892333984375,-0.7691650390625,-1.41912841796875
1784719759411164160,12.52997636795044,2.4471435546875,-0.99853515625,-1.3059844970703125
1784719759421084160,12.539896249771118,2.1224822998046875,-1.1090545654296875,-1.09429931640625
1784719759431004160,12.549816370010376,2.1097259521484375,-0.500946044921875,-1.31072998046875
1784719759440924160,12.559736251831055,2.0947265625,-0.0708770751953125,-1.490264892578125
1784719759450843392,12.569655418395996,1.91552734375,0.0400238037109375,-1.537078857421875
1784719759460763136,12.579575300216675,2.17205810546875,0.17388916015625,-1.7709808349609375
1784719759470683392,12.589495420455933,1.9013214111328125,0.2782135009765625,-1.8940277099609375
1784719759480603136,12.599415302276611,1.552947998046875,0.8017730712890625,-2.162261962890625
1784719759490523392,12.60933542251587,1.9487457275390625,1.239959716796875,-2.5157623291015625
1784719759500442368,12.619254350662231,1.82232666015625,1.600341796875,-2.795318603515625
1784719759510362112,12.62917423248291,1.85601806640625,1.7676849365234375,-3.172332763671875
1784719759520282368,12.639094352722168,1.7766571044921875,1.5947418212890625,-3.4380340576171875
1784719759530202112,12.649014234542847,1.75634765625,1.571990966796875,-2.782073974609375
1784719759540122368,12.658934354782104,2.15435791015625,1.473052978515625,-0.8705902099609375
1784719759550041088,12.668853282928467,2.9034271240234375,0.47894287109375,-0.0408935546875
1784719759559961344,12.678773403167725,3.4272613525390625,-0.0877532958984375,-0.2426605224609375
1784719759569881088,12.688693284988403,3.5355072021484375,0.0468292236328125,-0.5152587890625
1784719759579801344,12.698613405227661,3.2334747314453125,0.43267822265625,-0.7932586669921875
1784719759589721088,12.70853328704834,3.06378173828125,0.757080078125,-0.79840087890625
1784719759599640064,12.718452215194702,3.2013092041015625,1.1957855224609375,-0.8244476318359375
1784719759609560320,12.72837233543396,3.4723358154296875,1.3924560546875,-1.139556884765625
1784719759619480064,12.738292217254639,3.6842803955078125,1.3136749267578125,-1.3158111572265625
1784719759629400320,12.748212337493896,3.8503265380859375,0.99810791015625,-0.9075927734375
1784719759639320064,12.758132219314575,3.998321533203125,0.77606201171875,-0.41644287109375
1784719759649239296,12.768051385879517,4.1898193359375,0.651519775390625,-0.25830078125
1784719759659159296,12.777971267700195,4.4439849853515625,0.6190185546875,-0.2647857666015625
1784719759669079296,12.787891387939453,4.6809844970703125,0.4912872314453125,-0.1140594482421875
1784719759678999296,12.797811269760132,4.7139129638671875,0.5127716064453125,0.243194580078125
1784719759688918272,12.807730436325073,4.7532196044921875,0.672943115234375,0.3056640625
1784719759698838272,12.817650318145752,4.7417144775390625,1.108917236328125,0.4980316162109375
1784719759708758272,12.82757043838501,4.823883056640625,1.344207763671875,0.6552276611328125
1784719759718678272,12.837490320205688,4.8150634765625,1.248016357421875,0.8377838134765625
1784719759728598272,12.847410440444946,4.664337158203125,1.2440185546875,0.9786834716796875
1784719759738516992,12.85732913017273,4.364288330078125,1.5001220703125,1.232025146484375
1784719759748437248,12.867249250411987,3.937591552734375,1.557098388671875,1.5178985595703125
1784719759758356992,12.877169132232666,3.628143310546875,1.5015869140625,1.8405609130859375
1784719759768277248,12.887089252471924,3.380615234375,1.238800048828125,2.162200927734375
1784719759778196992,12.897009134292603,3.133453369140625,1.0534820556640625,2.3678436279296875
1784719759788116224,12.906928300857544,2.6190643310546875,1.1845855712890625,2.2665252685546875
1784719759798036224,12.916848182678223,1.980743408203125,1.8101348876953125,1.75775146484375
1784719759807956224,12.92676830291748,1.90106201171875,2.2935943603515625,1.0514984130859375
1784719759817876224,12.93668818473816,2.2132568359375,3.094268798828125,0.1082305908203125
1784719759827794944,12.946607112884521,3.8385162353515625,4.6419830322265625,-0.987945556640625
1784719759837715200,12.95652723312378,1.302825927734375,8.012588500976562,3.247711181640625
1784719759847634944,12.966447114944458,0.8549957275390625,0.83746337890625,1.8350830078125
1784719759857555200,12.976367235183716,0.6363372802734375,0.5469818115234375,2.0314788818359375
1784719759867474944,12.986287117004395,0.1534881591796875,1.876007080078125,1.292083740234375
1784719759877394176,12.996206283569336,0.125274658203125,2.708648681640625,1.09674072265625
1784719759887314176,13.006126165390015,0.01031494140625,2.1027069091796875,1.0511627197265625
1784719759897234176,13.016046285629272,0.020599365234375,1.20123291015625,0.9594268798828125
1784719759907154176,13.025966167449951,0.0033416748046875,1.10382080078125,0.632232666015625
1784719759917074176,13.035886287689209,0.015380859375,1.5147857666015625,0.2725372314453125
1784719759926993152,13.045805215835571,0.0772857666015625,1.525115966796875,-0.2349700927734375
1784719759936912896,13.05572509765625,0.1396942138671875,1.3123626708984375,-0.51348876953125
1784719759946833152,13.065645217895508,0.1088104248046875,1.1762237548828125,-0.47454833984375
1784719759956752896,13.075565099716187,0.1337738037109375,1.1146697998046875,-0.5346832275390625
1784719759966672128,13.085484266281128,0.0748443603515625,1.186126708984375,-0.7744140625
1784719759976592128,13.095404148101807,0.0194091796875,1.382232666015625,-0.9418487548828125
1784719759986512128,13.105324268341064,-0.0247802734375,1.6097869873046875,-1.1010894775390625
1784719759996432128,13.115244150161743,-0.031982421875,1.5677337646484375,-1.224365234375
1784719760006352128,13.125164270401001,0.04315185546875,1.2009124755859375,-1.4522552490234375
1784719760016271104,13.135083198547363,-0.123504638671875,0.8403778076171875,-1.317413330078125
1784719760026191360,13.145003318786621,-0.468353271484375,1.217376708984375,-1.344635009765625
1784719760036111104,13.1549232006073,-0.3901519775390625,1.004241943359375,-0.86395263671875
1784719760046031360,13.164843320846558,-0.0175933837890625,0.7879180908203125,-0.60137939453125
1784719760055951104,13.174763202667236,-0.0567779541015625,0.3974456787109375,-1.03009033203125
1784719760065870080,13.184682130813599,0.73828125,0.1479644775390625,-0.502044677734375
1784719760075790080,13.194602251052856,0.37701416015625,0.3179473876953125,-0.3851470947265625
1784719760085710080,13.204522132873535,0.0889434814453125,0.536773681640625,-0.5773468017578125
1784719760095630080,13.214442253112793,0.275177001953125,0.56390380859375,-0.73583984375
1784719760105550080,13.224362134933472,0.26556396484375,0.438140869140625,-0.7220611572265625
1784719760115469312,13.234281301498413,0.255279541015625,0.3936309814453125,-0.7370758056640625
1784719760125389056,13.244201183319092,0.3067474365234375,0.3935089111328125,-0.799102783203125
1784719760135309312,13.25412130355835,0.3478546142578125,0.54339599609375,-1.01959228515625
1784719760145229056,13.264041185379028,0.3942108154296875,1.00372314453125,-0.867767333984375
1784719760155148032,13.27396011352539,0.5619049072265625,1.2234649658203125,-0.912078857421875
1784719760165068032,13.283880233764648,0.6466522216796875,1.00689697265625,-1.18328857421875
1784719760174988032,13.293800115585327,0.457916259765625,0.3921051025390625,-1.05389404296875
1784719760184908032,13.303720235824585,0.2905120849609375,-0.1138153076171875,-0.8793487548828125
1784719760194828032,13.313640117645264,0.2612762451171875,-0.1201019287109375,-0.921234130859375
1784719760204747264,13.323559284210205,0.2263946533203125,0.1128082275390625,-0.97027587890625
1784719760214667008,13.333479166030884,0.282684326171875,0.32952880859375,-1.080810546875
1784719760224587264,13.343399286270142,0.3447723388671875,0.53948974609375,-1.0573272705078125
1784719760234507008,13.35331916809082,0.3050384521484375,0.68548583984375,-1.001495361328125
1784719760244425984,13.363238096237183,0.2632598876953125,0.8302001953125,-0.988800048828125
1784719760254346240,13.37315821647644,0.219451904296875,1.0389404296875,-1.0416717529296875
1784719760264265984,13.38307809829712,0.233673095703125,1.1842803955078125,-1.1449432373046875
1784719760274186240,13.392998218536377,0.3017120361328125,1.179718017578125,-1.1995697021484375
1784719760284105984,13.402918100357056,0.3232421875,1.093536376953125,-1.206695556640625
1784719760294025216,13.412837266921997,0.2950897216796875,1.0291290283203125,-1.149932861328125
1784719760303944960,13.422757148742676,0.2360076904296875,0.9940032958984375,-1.051605224609375
1784719760313865216,13.432677268981934,0.315093994140625,0.93353271484375,-0.9961090087890625
1784719760323784960,13.442597150802612,0.30181884765625,0.9164886474609375,-1.0588226318359375
1784719760333705216,13.45251727104187,0.2851409912109375,1.010833740234375,-1.10687255859375
1784719760343624192,13.462436199188232,0.295501708984375,1.1506500244140625,-1.1590728759765625
1784719760353544192,13.47235631942749,0.2743072509765625,1.2657928466796875,-1.1632843017578125
1784719760363464192,13.482276201248169,0.2763671875,1.33123779296875,-1.0667877197265625
1784719760373384192,13.492196321487427,0.281219482421875,1.3225555419921875,-0.9125518798828125
1784719760383303168,13.502115249633789,0.3359222412109375,1.193756103515625,-0.9027252197265625
1784719760393223168,13.512035131454468,0.3780975341796875,1.111328125,-0.8979949951171875
1784719760403143168,13.521955251693726,0.346466064453125,1.123992919921875,-0.8609619140625
1784719760413063168,13.531875133514404,0.308135986328125,1.1358795166015625,-0.8406829833984375
1784719760422983168,13.541795253753662,0.2935333251953125,1.145294189453125,-0.745086669921875
1784719760432902144,13.551714181900024,0.2203369140625,1.1912689208984375,-0.5524139404296875
1784719760442822144,13.561634302139282,0.20166015625,1.2971343994140625,-0.4163665771484375
1784719760452742144,13.571554183959961,0.1720733642578125,1.321533203125,-0.467193603515625
1784719760462662144,13.581474304199219,0.1733551025390625,1.219879150390625,-0.5087432861328125
1784719760472581120,13.591393232345581,0.1826629638671875,1.057098388671875,-0.5029144287109375
1784719760482501120,13.60131311416626,0.1893157958984375,0.931243896484375,-0.5227813720703125
1784719760492421120,13.611233234405518,0.1720733642578125,0.8816986083984375,-0.5231170654296875
1784719760502341120,13.621153116226196,0.1298675537109375,0.821380615234375,-0.496368408203125
1784719760512261120,13.631073236465454,0.0958404541015625,0.769256591796875,-0.479644775390625
1784719760522180096,13.640992164611816,0.1024627685546875,0.8054656982421875,-0.54998779296875
1784719760532100096,13.650912284851074,0.107513427734375,0.9367218017578125,-0.575469970703125
1784719760542020096,13.660832166671753,0.0794219970703125,1.0003204345703125,-0.5060577392578125
1784719760551940096,13.67075228691101,0.05029296875,0.9715576171875,-0.3868560791015625
1784719760561859072,13.680671215057373,0.0443572998046875,0.8006591796875,-0.24853515625
1784719760571779072,13.690591096878052,0.04315185546875,0.6133880615234375,-0.0262451171875
1784719760581699072,13.70051121711731,0.005157470703125,0.39666748046875,0.1799468994140625
1784719760591619072,13.710431098937988,0.00970458984375,0.2127685546875,0.3338470458984375
1784719760601539072,13.720351219177246,0.04193115234375,0.070770263671875,0.26129150390625
1784719760611458048,13.730270147323608,0.0262451171875,0.007110595703125,0.1901702880859375
1784719760621378304,13.740190267562866,0.009002685546875,-0.0595855712890625,0.080535888671875
1784719760631298048,13.750110149383545,-0.0361175537109375,-0.103790283203125,0.0342559814453125
1784719760641218304,13.760030269622803,-0.05242919921875,-0.1721343994140625,-0.0364227294921875
1784719760651137024,13.769949197769165,-0.0357513427734375,-0.098785400390625,-0.0715484619140625
1784719760661057280,13.779869318008423,0.0519866943359375,0.1315155029296875,-0.1392974853515625
1784719760670977024,13.789789199829102,0.1326141357421875,0.1823883056640625,-0.3040008544921875
1784719760680897280,13.79970932006836,0.1982269287109375,0.0646514892578125,-0.430328369140625
1784719760690817024,13.809629201889038,0.2548675537109375,-0.16192626953125,-0.5051116943359375
1784719760700736000,13.8195481300354,0.301025390625,-0.4283447265625,-0.560638427734375
1784719760710656256,13.829468250274658,0.334747314453125,-0.6066436767578125,-0.6365203857421875
1784719760720576000,13.839388132095337,0.3724365234375,-0.5657196044921875,-0.6413421630859375
1784719760730496256,13.849308252334595,0.434967041015625,-0.5274505615234375,-0.64276123046875
1784719760740414976,13.859226942062378,0.540069580078125,-0.5175933837890625,-0.7548828125
1784719760750334976,13.869147062301636,0.63946533203125,-0.6064453125,-0.7386474609375
1784719760760254976,13.879066944122314,0.666229248046875,-0.832305908203125,-0.7227783203125
1784719760770174976,13.888987064361572,0.7026214599609375,-1.01910400390625,-0.685150146484375
1784719760780094976,13.898906946182251,0.7901153564453125,-0.9701080322265625,-0.6867828369140625
1784719760790013696,13.908825874328613,0.904052734375,-0.914031982421875,-0.6829986572265625
1784719760799933952,13.918745994567871,1.1698455810546875,-0.9347991943359375,-0.645538330078125
1784719760809853696,13.92866587638855,1.385284423828125,-1.0368804931640625,-0.645263671875
1784719760819773952,13.938585996627808,1.6003875732421875,-1.2032470703125,-0.875885009765625
1784719760829692928,13.94850492477417,1.9104461669921875,-1.4954681396484375,-1.0584564208984375
1784719760839612928,13.958425045013428,2.168853759765625,-1.6652679443359375,-1.107574462890625
1784719760849532928,13.968344926834106,2.35528564453125,-1.5980377197265625,-1.258148193359375
1784719760859452928,13.978265047073364,2.448028564453125,-1.2654876708984375,-1.428985595703125
1784719760869372928,13.988184928894043,2.353668212890625,-0.96417236328125,-1.4677734375
1784719760879291648,13.998103857040405,2.20611572265625,-1.05938720703125,-1.375274658203125
1784719760889211904,14.008023977279663,1.8969268798828125,-1.282806396484375,-1.10479736328125
1784719760899131648,14.017943859100342,1.8470001220703125,-1.0548095703125,-0.9900665283203125
1784719760909051904,14.0278639793396,1.5044708251953125,-0.7578887939453125,-1.0278167724609375
1784719760918970880,14.037782907485962,1.08026123046875,0.1004791259765625,-0.6233673095703125
1784719760928890880,14.04770302772522,1.07745361328125,0.0673980712890625,-0.5306396484375
1784719760938810880,14.057622909545898,0.87762451171875,0.3975067138671875,-0.2198486328125
1784719760948730880,14.067543029785156,0.73138427734375,0.411773681640625,-0.00677490234375
1784719760958650880,14.077462911605835,1.4874114990234375,0.3923797607421875,0.0893402099609375
1784719760968569856,14.087381839752197,1.7564849853515625,0.570098876953125,-0.431427001953125
1784719760978489856,14.097301959991455,1.802825927734375,0.8053131103515625,-0.537811279296875
1784719760988409856,14.107221841812134,2.471893310546875,0.8696136474609375,-0.681671142578125
1784719760998329856,14.117141962051392,2.574615478515625,0.3609466552734375,-1.108489990234375
1784719761008248832,14.127060890197754,2.3894195556640625,-0.029693603515625,-1.516937255859375
1784719761018168832,14.136981010437012,2.533233642578125,-0.012298583984375,-1.064666748046875
1784719761028088832,14.14690089225769,2.73883056640625,-0.4672393798828125,-1.4334259033203125
1784719761038008832,14.156821012496948,2.738922119140625,-0.1834564208984375,-0.8569793701171875
1784719761047928832,14.166740894317627,2.83746337890625,-0.414886474609375,-0.972503662109375
1784719761057848064,14.176660060882568,3.050689697265625,-0.427978515625,-0.619171142578125
1784719761067767808,14.186579942703247,2.920166015625,-0.5336761474609375,-0.90179443359375
1784719761077688064,14.196500062942505,3.3291168212890625,-0.9214019775390625,-1.3471527099609375
1784719761087607808,14.206419944763184,2.9836883544921875,-1.389251708984375,-1.0550079345703125
1784719761097526784,14.216338872909546,2.821380615234375,-1.2146453857421875,-1.2305145263671875
1784719761107446784,14.226258993148804,2.7387542724609375,-0.559722900390625,-1.652587890625
1784719761117366784,14.236178874969482,2.834930419921875,-0.389556884765625,-1.3209228515625
1784719761127286784,14.24609899520874,2.2413482666015625,-0.6932220458984375,-1.2640228271484375
1784719761137206784,14.256018877029419,2.4316558837890625,-0.387664794921875,-1.0986785888671875
1784719761147126016,14.26593804359436,2.2323760986328125,-0.368865966796875,-1.2185211181640625
1784719761157045760,14.275857925415039,1.7897796630859375,-0.5619049072265625,-1.2214202880859375
1784719761166966016,14.285778045654297,1.6394195556640625,-0.1689300537109375,-1.300628662109375
1784719761176885760,14.295697927474976,1.7287750244140625,0.1583099365234375,-1.4781494140625
1784719761186804736,14.305616855621338,2.010406494140625,0.3180999755859375,-1.855438232421875
1784719761196724992,14.315536975860596,2.3346405029296875,0.10137939453125,-1.67034912109375
1784719761206644736,14.325456857681274,1.807861328125,0.1038055419921875,-1.6638946533203125
1784719761216564992,14.335376977920532,1.6648101806640625,0.70306396484375,-1.90606689453125
1784719761226483712,14.345295906066895,1.3042144775390625,0.901580810546875,-1.9896697998046875
1784719761236403968,14.355216026306152,1.4851531982421875,0.8800048828125,-1.6324310302734375
1784719761246323712,14.365135908126831,1.4319610595703125,1.23004150390625,-1.957763671875
1784719761256243968,14.375056028366089,1.981842041015625,1.3230743408203125,-2.6533660888671875
1784719761266163712,14.384975910186768,2.1067962646484375,0.977569580078125,-3.2321929931640625
1784719761276082688,14.39489483833313,1.8524169921875,0.5652618408203125,-2.593048095703125
1784719761286002944,14.404814958572388,1.9701080322265625,0.3226318359375,-1.3504638671875
1784719761295922688,14.414734840393066,2.578887939453125,0.03631591796875,-0.6532745361328125
1784719761305842944,14.424654960632324,3.0087890625,0.2674560546875,-0.506622314453125
1784719761315761920,14.434573888778687,2.980560302734375,0.4829864501953125,-0.6143646240234375
1784719761325681920,14.444494009017944,2.930633544921875,0.7995452880859375,-0.7053680419921875
1784719761335601920,14.454413890838623,2.956451416015625,1.0091705322265625,-0.8053131103515625
1784719761345521920,14.46433401107788,3.1454925537109375,1.1097564697265625,-0.85736083984375
1784719761355441920,14.47425389289856,3.2645111083984375,1.2057342529296875,-0.9770660400390625
1784719761365360896,14.484173059463501,3.488616943359375,1.16021728515625,-1.2263946533203125
1784719761375280896,14.49409294128418,3.735137939453125,0.9429473876953125,-1.1430511474609375
1784719761385200896,14.504013061523438,4.0243377685546875,0.75347900390625,-0.573211669921875
1784719761395120896,14.513932943344116,4.2049407958984375,0.400543212890625,-0.1498260498046875
1784719761405039872,14.523851871490479,4.279876708984375,0.334930419921875,-0.0456085205078125
1784719761414959872,14.533771991729736,4.3606719970703125,0.5129547119140625,-0.108306884765625
1784719761424879872,14.543691873550415,4.4316864013671875,0.7439727783203125,-0.1378021240234375
1784719761434799872,14.553611993789673,4.524810791015625,1.09954833984375,0.0999603271484375
1784719761444718848,14.563530921936035,4.5228118896484375,1.443023681640625,0.3905792236328125
1784719761454638848,14.573451042175293,4.5207366943359375,1.4333343505859375,0.555816650390625
1784719761464558848,14.583370923995972,4.56402587890625,1.2374725341796875,0.5955047607421875
1784719761474478848,14.59329104423523,4.6177520751953125,1.1331787109375,0.8183135986328125
1784719761484398848,14.603210926055908,4.3987274169921875,1.2080841064453125,1.3205108642578125
1784719761494317824,14.61312985420227,3.967742919921875,1.417236328125,1.643768310546875
1784719761504237824,14.623049974441528,3.6624755859375,1.4667510986328125,1.6631927490234375
1784719761514157824,14.632969856262207,3.4936981201171875,1.223419189453125,1.7604217529296875
1784719761524077824,14.642889976501465,3.438568115234375,0.9100494384765625,2.120880126953125
1784719761533996800,14.652808904647827,2.8398895263671875,0.9948272705078125,2.3482666015625
1784719761543917056,14.662729024887085,1.723968505859375,1.4199371337890625,1.8195037841796875
1784719761553836800,14.672648906707764,1.905609130859375,1.802947998046875,1.04840087890625
1784719761563757056,14.682569026947021,2.4154815673828125,2.8498687744140625,0.3051300048828125
1784719761573675776,14.692487955093384,2.057464599609375,5.2929229736328125,-0.8267059326171875
1784719761583596032,14.702408075332642,2.40106201171875,7.8565826416015625,3.757049560546875
1784719761593515776,14.71232795715332,0.7082061767578125,0.6421356201171875,1.48284912109375
1784719761603435776,14.722247838973999,0.17828369140625,0.809326171875,2.40777587890625
1784719761613355776,14.732167959213257,0.00537109375,1.6351165771484375,1.4077911376953125
1784719761623274752,14.74208688735962,-0.1603546142578125,2.2845001220703125,1.209197998046875
1784719761633195008,14.752007007598877,-0.0171051025390625,2.0499267578125,1.0372772216796875
1784719761643114752,14.761926889419556,0.1367034912109375,1.4884185791015625,0.912017822265625
1784719761653035008,14.771847009658813,0.200897216796875,1.3379364013671875,0.8295135498046875
1784719761662953728,14.781765937805176,0.1366729736328125,1.5767974853515625,0.590118408203125
1784719761672873984,14.791686058044434,0.0469970703125,1.69476318359375,0.2720794677734375
1784719761682793728,14.801605939865112,0.1017303466796875,1.64892578125,-0.0684967041015625
1784719761692713984,14.81152606010437,0.2921600341796875,1.487945556640625,-0.5891265869140625
1784719761702632960,14.821444988250732,0.2357940673828125,1.378448486328125,-0.48699951171875
1784719761712552704,14.831364870071411,0.149169921875,1.217376708984375,-0.6021881103515625
1784719761722472960,14.841284990310669,0.0018768310546875,0.9941558837890625,-0.8586273193359375
1784719761732393216,14.851205348968506,-0.0956878662109375,1.348480224609375,-0.9805145263671875
1784719761742312448,14.861124515533447,-0.063629150390625,1.5037384033203125,-1.1569976806640625
1784719761752232192,14.871044397354126,-0.070220947265625,1.44146728515625,-1.2908935546875
1784719761762152448,14.880964517593384,0.083587646484375,0.7242584228515625,-1.3137054443359375
1784719761772072192,14.890884399414062,-0.474609375,1.136474609375,-1.2259063720703125
1784719761781992448,14.90080451965332,-0.4332733154296875,1.00543212890625,-0.982391357421875
1784719761791911424,14.910723447799683,-0.087890625,0.9774322509765625,-0.4649200439453125
1784719761801831424,14.92064356803894,0.51068115234375,0.1550140380859375,-1.2320404052734375
1784719761811751424,14.93056344985962,0.6767120361328125,0.0545806884765625,-0.45538330078125
1784719761821671424,14.940483570098877,0.0848388671875,0.1930999755859375,-0.4242095947265625
1784719761831590400,14.95040249824524,0.0775299072265625,0.2670135498046875,-0.6558837890625
1784719761841510400,14.960322380065918,0.36749267578125,0.4622802734375,-0.7543487548828125
1784719761851430400,14.970242500305176,0.4536590576171875,0.5268096923828125,-0.78118896484375
1784719761861350400,14.980162382125854,0.38702392578125,0.5602569580078125,-0.857666015625
1784719761871269376,14.990081548690796,0.2470245361328125,0.6055908203125,-1.00653076171875
1784719761881189376,15.000001430511475,0.1890716552734375,0.7555694580078125,-0.683502197265625
1784719761891109376,15.009921550750732,0.2739715576171875,0.85577392578125,-0.8218536376953125
1784719761901029376,15.019841432571411,0.422210693359375,0.6996612548828125,-0.98553466796875
1784719761910949376,15.029761552810669,0.393310546875,0.2647552490234375,-0.9453277587890625
1784719761920868352,15.039680480957031,0.3626251220703125,-0.082000732421875,-1.0155792236328125
1784719761930788352,15.04960036277771,0.268157958984375,-0.162628173828125,-1.2211151123046875
1784719761940708352,15.059520483016968,0.133087158203125,0.1144256591796875,-0.94696044921875
1784719761950628352,15.069440364837646,0.2461090087890625,0.3466796875,-0.983978271484375
1784719761960547328,15.079359531402588,0.22344970703125,0.5554046630859375,-0.8707427978515625
1784719761970467328,15.089279413223267,0.2577362060546875,0.54034423828125,-0.92022705078125
1784719761980387328,15.099199533462524,0.2552642822265625,0.4893341064453125,-0.9634552001953125
1784719761990307328,15.109119415283203,0.3399658203125,0.5545806884765625,-1.04766845703125
1784719762000226304,15.119038343429565,0.4188232421875,0.62921142578125,-1.1382293701171875
1784719762010146304,15.128958463668823,0.368011474609375,0.8185272216796875,-1.204498291015625
1784719762020066304,15.138878345489502,0.363739013671875,1.0077667236328125,-1.276031494140625
1784719762029986304,15.14879846572876,0.378936767578125,1.0449676513671875,-1.403228759765625
1784719762039906304,15.158718347549438,0.40765380859375,1.05950927734375,-1.44769287109375
1784719762049825536,15.16863751411438,0.42724609375,1.0978240966796875,-1.4532318115234375
1784719762059745280,15.178557395935059,0.41229248046875,1.1669769287109375,-1.340484619140625
1784719762069665536,15.188477516174316,0.3980560302734375,1.31439208984375,-1.2359161376953125
1784719762079585280,15.198397397994995,0.35052490234375,1.411102294921875,-1.2787628173828125
1784719762089504512,15.208316564559937,0.358917236328125,1.3969573974609375,-1.41552734375
1784719762099424256,15.218236446380615,0.386138916015625,1.3094329833984375,-1.4796142578125
1784719762109344512,15.228156566619873,0.4559326171875,1.225128173828125,-1.3645477294921875
1784719762119264256,15.238076448440552,0.43798828125,1.1713714599609375,-1.227630615234375
1784719762129183232,15.247995376586914,0.364776611328125,1.15850830078125,-1.066558837890625
1784719762139103488,15.257915496826172,0.31842041015625,1.254486083984375,-0.9566497802734375
1784719762149023232,15.26783537864685,0.3162841796875,1.298309326171875,-0.8863525390625
1784719762158943488,15.277755498886108,0.3545684814453125,1.1986236572265625,-0.8000030517578125
1784719762168862464,15.28767442703247,0.3141632080078125,1.0931396484375,-0.6961212158203125
1784719762178782464,15.297594547271729,0.3421630859375,1.0673980712890625,-0.5689697265625
1784719762188702464,15.307514429092407,0.2807464599609375,0.97625732421875,-0.4316253662109375
1784719762198622464,15.317434549331665,0.2522430419921875,0.7642974853515625,-0.4294891357421875
1784719762208541440,15.327353477478027,0.2089385986328125,0.6239776611328125,-0.4192352294921875
1784719762218461184,15.337273359298706,0.19036865234375,0.606048583984375,-0.396728515625
1784719762228381440,15.347193479537964,0.194183349609375,0.6908721923828125,-0.3875885009765625
1784719762238301184,15.357113361358643,0.17364501953125,0.7233123779296875,-0.3470001220703125
1784719762248221440,15.3670334815979,0.15985107421875,0.668975830078125,-0.201080322265625
1784719762258140416,15.376952409744263,0.135711669921875,0.589874267578125,-0.16387939453125
1784719762268060416,15.38687252998352,0.0962066650390625,0.681304931640625,-0.1912841796875
1784719762277980416,15.3967924118042,0.1042633056640625,0.788116455078125,-0.2883148193359375
1784719762287900416,15.406712532043457,0.10504150390625,0.74713134765625,-0.2870330810546875
1784719762297819392,15.41663146018982,0.1375885009765625,0.593505859375,-0.1827392578125
1784719762307739136,15.426551342010498,0.1109161376953125,0.386871337890625,-0.1789703369140625
1784719762317659392,15.436471462249756,-0.0084991455078125,0.2442779541015625,-0.1534423828125
1784719762327579136,15.446391344070435,-0.1634368896484375,0.21466064453125,-0.12408447265625
1784719762337498368,15.456310510635376,-0.23577880859375,0.197784423828125,-0.14654541015625
1784719762347418368,15.466230392456055,-0.12908935546875,0.1445159912109375,-0.1475067138671875
1784719762357338368,15.476150512695312,0.01959228515625,-0.000946044921875,-0.134796142578125
1784719762367258368,15.486070394515991,0.04364013671875,-0.2498626708984375,0.0465850830078125
1784719762377177600,15.495989561080933,0.037628173828125,-0.531341552734375,0.0135345458984375
1784719762387097344,15.505909442901611,0.06158447265625,-0.6334686279296875,-0.2253265380859375
1784719762397017600,15.51582956314087,0.171966552734375,-0.6124267578125,-0.4635467529296875
1784719762406937344,15.525749444961548,0.3214569091796875,-0.5913238525390625,-0.669921875
1784719762416857600,15.535669565200806,0.4239044189453125,-0.4505615234375,-0.8318328857421875
1784719762426776320,15.545588493347168,0.5106964111328125,-0.345794677734375,-0.930633544921875
1784719762436696320,15.555508375167847,0.5536956787109375,-0.488311767578125,-0.9589691162109375
1784719762446616320,15.565428495407104,0.582794189453125,-0.6915435791015625,-1.1741943359375
1784719762456536320,15.575348377227783,0.6425933837890625,-0.7896575927734375,-1.2367095947265625
1784719762466455552,15.585267543792725,0.65960693359375,-0.77490234375,-1.0982818603515625
1784719762476375296,15.595187425613403,0.71832275390625,-0.68170166015625,-0.991241455078125
1784719762486295552,15.605107545852661,0.7776641845703125,-0.619049072265625,-0.9697723388671875
1784719762496215296,15.61502742767334,0.9141845703125,-0.5745849609375,-0.96575927734375
1784719762506134272,15.624946355819702,1.1374359130859375,-0.6200408935546875,-0.881744384765625
1784719762516054272,15.63486647605896,1.2490386962890625,-0.6568450927734375,-0.800323486328125
1784719762525974272,15.644786357879639,1.3590850830078125,-0.5411834716796875,-0.8500823974609375
1784719762535894272,15.654706478118896,1.4992523193359375,-0.640533447265625,-0.8484344482421875
1784719762545813248,15.664625406265259,1.6600189208984375,-1.0936126708984375,-0.7832489013671875
1784719762555733504,15.674545526504517,1.934967041015625,-1.4824676513671875,-0.73321533203125
1784719762565653248,15.684465408325195,2.379425048828125,-1.67926025390625,-0.7103118896484375
1784719762575573504,15.694385528564453,2.61749267578125,-1.6054534912109375,-0.91412353515625
1784719762585493248,15.704305410385132,2.4331512451171875,-1.4250335693359375,-1.240325927734375
1784719762595412224,15.714224338531494,2.286163330078125,-1.0227203369140625,-1.0926055908203125
1784719762605332480,15.724144458770752,2.3217926025390625,-0.8388519287109375,-1.1527099609375
1784719762615252224,15.73406434059143,1.8266754150390625,-0.509979248046875,-0.8730010986328125
1784719762625172480,15.743984460830688,1.415679931640625,-0.3432159423828125,-0.5954742431640625
1784719762635091200,15.75390338897705,0.97406005859375,-0.09356689453125,-0.393829345703125
1784719762645011456,15.763823509216309,0.920867919921875,0.0542755126953125,-0.32110595703125
1784719762654931200,15.773743391036987,0.9221343994140625,0.3997039794921875,-0.1804351806640625
1784719762664851456,15.783663511276245,1.0301971435546875,0.5859375,-0.430816650390625
1784719762674770432,15.793582439422607,1.182861328125,0.710235595703125,-0.2172393798828125
1784719762684690432,15.803502559661865,1.2819671630859375,0.9949951171875,-0.497314453125
1784719762694610432,15.813422441482544,1.9772491455078125,1.1230010986328125,-0.6833953857421875
1784719762704530432,15.823342561721802,3.02789306640625,0.739654541015625,-0.718170166015625
1784719762714449408,15.833261489868164,3.0571136474609375,0.108062744140625,-1.420501708984375
1784719762724369408,15.843181371688843,2.829376220703125,-0.5472412109375,-1.7038421630859375
1784719762734288128,15.853100299835205,2.4763946533203125,-0.823486328125,-1.439117431640625
1784719762744208128,15.863020181655884,2.88818359375,-0.631378173828125,-1.363372802734375
1784719762754128128,15.872940301895142,3.181732177734375,-0.3929595947265625,-1.6605224609375
1784719762764047104,15.882859230041504,2.4043121337890625,-0.85797119140625,-1.2977142333984375
1784719762773967360,15.892779350280762,2.43804931640625,-0.832550048828125,-0.681121826171875
1784719762783887104,15.90269923210144,3.2376251220703125,-0.983306884765625,-1.0739288330078125
1784719762793807360,15.912619352340698,2.42919921875,-0.459136962890625,-1.0952606201171875
1784719762803726080,15.92253828048706,2.2976837158203125,-0.28143310546875,-1.083343505859375
1784719762813646080,15.93245816230774,2.908233642578125,-0.2690887451171875,-1.1081390380859375
1784719762823566080,15.942378282546997,2.5225982666015625,-0.6837310791015625,-1.006805419921875
1784719762833486080,15.952298164367676,2.69244384765625,-0.7787017822265625,-1.0251922607421875
1784719762843405312,15.962217330932617,2.58990478515625,-0.7361297607421875,-1.1381683349609375
1784719762853325056,15.972137212753296,2.49884033203125,-0.8746490478515625,-1.0404815673828125
1784719762863245312,15.982057332992554,2.0830841064453125,-1.261566162109375,-1.1798095703125
1784719762873165056,15.991977214813232,1.979949951171875,-0.945220947265625,-0.8418731689453125
1784719762883085312,16.00189733505249,1.784393310546875,-0.563507080078125,-1.3844757080078125
1784719762893004288,16.011816263198853,2.09539794921875,-0.1845550537109375,-1.5939483642578125
1784719762902924032,16.02173614501953,2.202392578125,0.302978515625,-1.4268798828125
1784719762912844288,16.03165626525879,2.0576324462890625,0.4233245849609375,-1.822296142578125
1784719762922764032,16.041576147079468,1.9104156494140625,0.5850677490234375,-1.9724578857421875
1784719762932683264,16.05149531364441,1.8956756591796875,0.95123291015625,-2.04718017578125
1784719762942603008,16.061415195465088,1.3589630126953125,1.1179046630859375,-2.33319091796875
1784719762952523264,16.071335315704346,1.8857574462890625,1.7529296875,-2.7413330078125
1784719762962443008,16.081255197525024,1.9204254150390625,1.468017578125,-3.0310516357421875
1784719762972362240,16.091174364089966,1.6705474853515625,1.099212646484375,-3.4029388427734375
1784719762982282240,16.101094245910645,1.5152435302734375,1.704345703125,-3.1854400634765625
1784719762992202240,16.111014366149902,1.649658203125,2.139892578125,-1.79345703125
1784719763002122240,16.12093424797058,2.2968902587890625,1.596343994140625,-0.5288238525390625
1784719763012041216,16.130853176116943,3.2203369140625,0.471710205078125,-0.40386962890625
1784719763021961216,16.1407732963562,3.654754638671875,-0.1150360107421875,-0.468414306640625
1784719763031881216,16.15069317817688,3.6257781982421875,-0.0733795166015625,-0.47479248046875
1784719763041801216,16.160613298416138,3.317047119140625,0.3705291748046875,-0.43988037109375
1784719763051721216,16.170533180236816,3.0963134765625,0.8767547607421875,-0.4793853759765625
1784719763061640192,16.180452346801758,3.0830535888671875,1.2926177978515625,-0.734130859375
1784719763071560192,16.190372228622437,3.257904052734375,1.416839599609375,-1.1603240966796875
1784719763081480192,16.200292348861694,3.4384765625,1.2437286376953125,-1.3249053955078125
1784719763091400192,16.210212230682373,3.6951904296875,0.920074462890625,-0.869384765625
1784719763101319168,16.220131158828735,4.0984649658203125,0.7239227294921875,-0.35394287109375
1784719763111239168,16.230051279067993,4.5222320556640625,0.673187255859375,-0.1388092041015625
1784719763121159168,16.239971160888672,4.74554443359375,0.5548095703125,-0.0059356689453125
1784719763131079168,16.24989128112793,4.7856292724609375,0.6718902587890625,0.18182373046875
1784719763140998144,16.259810209274292,4.9240875244140625,1.0290985107421875,0.264312744140625
1784719763150918144,16.26973032951355,4.9408721923828125,1.2902679443359375,0.40802001953125
1784719763160838144,16.27965021133423,4.8606719970703125,1.277862548828125,0.6099853515625
1784719763170758144,16.289570331573486,4.9178924560546875,1.2096405029296875,0.8141632080078125
1784719763180677120,16.29948925971985,4.838287353515625,1.26971435546875,1.123870849609375
1784719763190597120,16.309409141540527,4.4179840087890625,1.4719696044921875,1.4314117431640625
1784719763200517120,16.319329261779785,3.9814910888671875,1.6042022705078125,1.5730133056640625
1784719763210437120,16.329249143600464,3.850799560546875,1.5309600830078125,1.7890777587890625
1784719763220357120,16.33916926383972,3.71832275390625,1.3297271728515625,2.10870361328125
1784719763230276096,16.349088191986084,2.775177001953125,1.3043212890625,2.31005859375
1784719763240196352,16.359008312225342,2.628509521484375,1.26361083984375,2.3331451416015625
1784719763250116096,16.36892819404602,2.045562744140625,1.562591552734375,1.7032318115234375
1784719763260036352,16.37884831428528,2.20782470703125,2.61358642578125,0.5763092041015625
1784719763269955072,16.38876724243164,3.8049163818359375,5.0902252197265625,-0.8647918701171875
1784719763279875328,16.3986873626709,1.487152099609375,8.738632202148438,4.2718963623046875
1784719763289795072,16.408607244491577,1.0236968994140625,0.5474395751953125,1.2299346923828125
1784719763299715328,16.418527364730835,0.4827117919921875,1.0958709716796875,2.4471282958984375
1784719763309634304,16.428446292877197,0.0437164306640625,2.0603790283203125,1.684539794921875
1784719763319554048,16.438366174697876,0.0077972412109375,2.508453369140625,1.021209716796875
1784719763329474304,16.448286294937134,0.045562744140625,2.3421478271484375,0.7513885498046875
1784719763339394048,16.458206176757812,0.23675537109375,1.497894287109375,0.6921539306640625
1784719763349313280,16.468125343322754,0.247528076171875,1.2219696044921875,0.716796875
1784719763359233024,16.478045225143433,0.173583984375,1.3080902099609375,0.6230621337890625
1784719763369153280,16.48796534538269,0.022857666015625,1.1515350341796875,0.4870147705078125
1784719763379073024,16.49788522720337,0.056396484375,0.8880157470703125,0.085357666015625
1784719763388992000,16.50780415534973,0.2672119140625,0.91680908203125,-0.4628753662109375
1784719763398912256,16.51772427558899,0.282470703125,1.081390380859375,-0.46942138671875
1784719763408832000,16.527644157409668,0.1144866943359375,1.155487060546875,-0.5535736083984375
1784719763418752256,16.537564277648926,0.059356689453125,1.058074951171875,-0.8634796142578125
1784719763428671232,16.547483205795288,-0.05706787109375,1.282196044921875,-0.9597320556640625
1784719763438591232,16.557403326034546,-0.0803680419921875,1.549957275390625,-1.10479736328125
1784719763448511232,16.567323207855225,-0.1309051513671875,1.3784332275390625,-1.2190093994140625
1784719763458431232,16.577243328094482,-0.1301116943359375,0.9614105224609375,-1.30059814453125
1784719763468351232,16.58716320991516,-0.2969970703125,0.8626251220703125,-1.1702728271484375
1784719763478269952,16.597082138061523,-0.4033355712890625,0.9930267333984375,-1.1967620849609375
1784719763488190208,16.60700225830078,-0.015594482421875,0.93536376953125,-1.0524444580078125
1784719763498109952,16.61692214012146,-0.120361328125,0.69366455078125,-0.7363433837890625
1784719763508030208,16.626842260360718,0.67864990234375,0.0771942138671875,-0.9222259521484375
1784719763517949184,16.63676118850708,0.6551361083984375,0.2442474365234375,-0.405242919921875
1784719763527869184,16.646681308746338,0.26763916015625,0.2756500244140625,-0.5287322998046875
1784719763537789184,16.656601190567017,0.1580352783203125,0.470367431640625,-0.696807861328125
1784719763547709184,16.666521310806274,0.245452880859375,0.5572967529296875,-0.77471923828125
1784719763557628160,16.676440238952637,0.23797607421875,0.5442962646484375,-0.803985595703125
1784719763567548160,16.686360359191895,0.2489013671875,0.3865966796875,-0.8334808349609375
1784719763577468160,16.696280241012573,0.3425445556640625,0.4301910400390625,-0.7967987060546875
1784719763587388160,16.70620036125183,0.442474365234375,0.6111602783203125,-0.9003448486328125
1784719763597307136,16.716119289398193,0.5426177978515625,0.775299072265625,-1.055145263671875
1784719763607227136,16.726039171218872,0.556976318359375,0.9971771240234375,-1.1796417236328125
1784719763617147136,16.73595929145813,0.558197021484375,1.0588531494140625,-1.2530670166015625
1784719763627067136,16.74587917327881,0.501007080078125,0.87841796875,-1.1332855224609375
1784719763636987136,16.755799293518066,0.418487548828125,0.406280517578125,-0.9647979736328125
1784719763646906112,16.76571822166443,0.2650299072265625,0.080169677734375,-0.96429443359375
1784719763656826368,16.775638341903687,0.240631103515625,0.2126007080078125,-0.868438720703125
1784719763666746112,16.785558223724365,0.322723388671875,0.4783172607421875,-1.0023193359375
1784719763676666368,16.795478343963623,0.4360809326171875,0.5303497314453125,-1.1302337646484375
1784719763686585088,16.805397272109985,0.5190582275390625,0.4215087890625,-1.065032958984375
1784719763696505088,16.815317153930664,0.3888092041015625,0.359588623046875,-1.0330047607421875
1784719763706425088,16.825237274169922,0.2569732666015625,0.466552734375,-0.86376953125
1784719763716345088,16.8351571559906,0.243621826171875,0.3844757080078125,-0.9619140625
1784719763726264320,16.845076322555542,0.2532501220703125,0.279510498046875,-1.010040283203125
1784719763736183552,16.854995727539062,0.278289794921875,0.3936767578125,-1.0312042236328125
1784719763746103808,16.86491584777832,0.318572998046875,0.6278076171875,-1.14410400390625
1784719763756023552,16.874835729599,0.3382720947265625,0.93133544921875,-1.2388763427734375
1784719763765942784,16.88475489616394,0.28509521484375,1.24749755859375,-1.296142578125
1784719763775862784,16.89467477798462,0.243682861328125,1.531341552734375,-1.333984375
1784719763785782784,16.904594898223877,0.2835235595703125,1.634674072265625,-1.413055419921875
1784719763795702784,16.914514780044556,0.365936279296875,1.4237518310546875,-1.466949462890625
1784719763805622784,16.924434900283813,0.41082763671875,1.1257781982421875,-1.4534454345703125
1784719763815541760,16.934353828430176,0.40673828125,0.96014404296875,-1.3927764892578125
1784719763825461760,16.944273948669434,0.3775787353515625,1.00701904296875,-1.252105712890625
1784719763835381760,16.954193830490112,0.3265838623046875,1.1365203857421875,-1.049285888671875
1784719763845301760,16.96411395072937,0.3111114501953125,1.146881103515625,-0.8675689697265625
1784719763855220736,16.974032878875732,0.325286865234375,1.0469970703125,-0.74505615234375
1784719763865140736,16.98395276069641,0.3924560546875,0.9490966796875,-0.8188323974609375
1784719763875060736,16.99387288093567,0.415802001953125,0.987762451171875,-0.8525238037109375
1784719763884980736,17.003792762756348,0.4377593994140625,1.0513763427734375,-0.920166015625
1784719763894899968,17.01371192932129,0.36224365234375,1.0358428955078125,-0.8687896728515625
1784719763904819712,17.023631811141968,0.2543182373046875,0.9970703125,-0.6851348876953125
1784719763914739968,17.033551931381226,0.16607666015625,1.008514404296875,-0.407958984375
1784719763924659712,17.043471813201904,0.1623992919921875,1.1187744140625,-0.346832275390625
1784719763934578688,17.053390741348267,0.2536773681640625,1.1688079833984375,-0.3236236572265625
1784719763944498688,17.063310861587524,0.3750152587890625,0.9587249755859375,-0.36334228515625
1784719763954418688,17.073230743408203,0.4233856201171875,0.8662872314453125,-0.3927459716796875
1784719763964338688,17.08315086364746,0.368743896484375,0.838531494140625,-0.48260498046875
1784719763974257664,17.093069791793823,0.2417755126953125,0.8716583251953125,-0.458709716796875
1784719763984177920,17.10298991203308,0.1756134033203125,0.89996337890625,-0.46978759765625
1784719763994097664,17.11290979385376,0.1495208740234375,0.9433441162109375,-0.47723388671875
1784719764004017920,17.122829914093018,0.122222900390625,0.9647064208984375,-0.4839935302734375
1784719764013937664,17.132749795913696,0.08392333984375,0.9364471435546875,-0.5133514404296875
1784719764023856640,17.14266872406006,0.0241546630859375,0.929351806640625,-0.520904541015625
1784719764033776640,17.152588844299316,0.0201416015625,0.8819427490234375,-0.4815521240234375
1784719764043696640,17.162508726119995,0.048370361328125,0.7606353759765625,-0.4338531494140625
1784719764053616640,17.172428846359253,0.0807342529296875,0.63873291015625,-0.348663330078125
1784719764063535616,17.182347774505615,0.13427734375,0.48052978515625,-0.15875244140625
1784719764073455872,17.192267894744873,0.1522064208984375,0.3102874755859375,-0.0175628662109375
1784719764083375616,17.20218777656555,0.125885009765625,0.2425994873046875,0.0902099609375
1784719764093295872,17.21210789680481,0.0828094482421875,0.2159423828125,0.1208648681640625
1784719764103214848,17.222026824951172,0.01708984375,0.2087554931640625,0.1344451904296875
1784719764113134848,17.23194694519043,-0.0191497802734375,0.248931884765625,0.33184814453125
1784719764123054848,17.24186682701111,0.032135009765625,0.0986480712890625,0.465667724609375
1784719764132974848,17.251786947250366,0.1044921875,-0.2332916259765625,0.2894439697265625
1784719764142893824,17.26170587539673,0.1275482177734375,-0.4169158935546875,0.149444580078125
1784719764152813568,17.271625757217407,0.1930694580078125,-0.4224853515625,-0.0305023193359375
1784719764162733824,17.281545877456665,0.28094482421875,-0.3649444580078125,-0.2653961181640625
1784719764172653568,17.291465759277344,0.3582305908203125,-0.1632232666015625,-0.3784637451171875
1784719764182573824,17.3013858795166,0.402008056640625,0.0638275146484375,-0.456787109375
1784719764192492800,17.311304807662964,0.451263427734375,-0.0054473876953125,-0.534759521484375
1784719764202412800,17.32122492790222,0.4482574462890625,-0.3806304931640625,-0.584869384765625
1784719764212332800,17.3311448097229,0.3765411376953125,-0.6427764892578125,-0.5796356201171875
1784719764222252800,17.341064929962158,0.412078857421875,-0.7256622314453125,-0.6047210693359375
1784719764232171776,17.35098385810852,0.5412750244140625,-0.7781982421875,-0.64349365234375
1784719764242091776,17.3609037399292,0.7298431396484375,-0.82427978515625,-0.6622772216796875
1784719764252011776,17.370823860168457,0.90301513671875,-0.807708740234375,-0.7584991455078125
1784719764261931776,17.380743741989136,1.00421142578125,-0.8348388671875,-0.7580108642578125
1784719764271850752,17.390662908554077,1.1283416748046875,-1.00921630859375,-0.82269287109375
1784719764281770752,17.400582790374756,1.2826690673828125,-1.2690582275390625,-0.7609710693359375
1784719764291690752,17.410502910614014,1.45098876953125,-1.4957427978515625,-0.7460174560546875
1784719764301610752,17.420422792434692,1.6473846435546875,-1.487701416015625,-0.8737945556640625
1784719764311529728,17.430341720581055,1.7726593017578125,-1.4242706298828125,-0.9330291748046875
1784719764321449728,17.440261840820312,2.0498199462890625,-1.5463104248046875,-1.0171661376953125
1784719764331369728,17.45018172264099,2.2236785888671875,-1.6553192138671875,-1.096435546875
1784719764341289728,17.46010184288025,2.381561279296875,-1.5473480224609375,-1.2682647705078125
1784719764351209728,17.470021724700928,2.240325927734375,-1.5134735107421875,-1.274169921875
1784719764361128704,17.47994089126587,1.988189697265625,-1.4108428955078125,-1.18048095703125
1784719764371048704,17.489860773086548,1.87139892578125,-1.4755401611328125,-1.295166015625
1784719764380968704,17.499780893325806,1.8927764892578125,-1.245361328125,-1.251617431640625
1784719764390888704,17.509700775146484,1.7250518798828125,-0.5770111083984375,-1.06256103515625
1784719764400807936,17.519619941711426,1.404754638671875,0.0540771484375,-0.7823638916015625
1784719764410727680,17.529539823532104,1.004058837890625,0.6861572265625,-0.4043121337890625
1784719764420647936,17.539459943771362,0.7995147705078125,1.360931396484375,-0.296478271484375
1784719764430567680,17.54937982559204,0.7151641845703125,1.2780303955078125,-0.052490234375
1784719764440486656,17.559298753738403,0.8840789794921875,0.9748077392578125,-0.0870513916015625
1784719764450406912,17.56921887397766,1.218719482421875,0.4456329345703125,-0.26129150390625
1784719764460326656,17.57913875579834,2.17242431640625,0.1914215087890625,-0.217926025390625
1784719764470246912,17.589058876037598,3.087371826171875,-0.000579833984375,-0.5984039306640625
1784719764480165632,17.59897780418396,2.66400146484375,-0.0823974609375,-0.7758026123046875
1784719764490085888,17.608897924423218,2.7141265869140625,-0.5863800048828125,-1.4089508056640625
1784719764500005632,17.618817806243896,2.6012115478515625,-0.3179779052734375,-1.339599609375
1784719764509925888,17.628737926483154,2.296722412109375,-0.2677001953125,-1.2180328369140625
1784719764519844864,17.638656854629517,2.510284423828125,0.1454925537109375,-0.97943115234375
1784719764529764608,17.648576736450195,2.575347900390625,-0.2971954345703125,-0.8938140869140625
1784719764539684864,17.658496856689453,2.6385955810546875,-0.80712890625,-0.8006591796875
1784719764549604608,17.668416738510132,2.3657684326171875,-0.510833740234375,-0.69305419921875
1784719764559524864,17.67833685874939,2.942413330078125,-0.02728271484375,-1.0229644775390625
1784719764569443584,17.688255786895752,3.0949249267578125,-0.8593597412109375,-1.3515472412109375
1784719764579363840,17.69817590713501,2.6671142578125,-1.1081390380859375,-1.33843994140625
1784719764589283584,17.70809578895569,2.5448150634765625,-0.87017822265625,-1.500640869140625
1784719764599203840,17.718015909194946,2.717681884765625,-0.1893157958984375,-1.263427734375
1784719764609122816,17.72793483734131,2.805023193359375,-0.2178802490234375,-1.0990753173828125
1784719764619042560,17.737854719161987,2.359161376953125,-0.454620361328125,-0.97601318359375
1784719764628962816,17.747774839401245,1.881439208984375,-0.466217041015625,-0.9503021240234375
1784719764638882560,17.757694721221924,1.7696990966796875,-0.27789306640625,-0.7974090576171875
1784719764648801792,17.767613887786865,1.8194122314453125,-0.37530517578125,-0.8208465576171875
1784719764658721792,17.777533769607544,1.858306884765625,-0.3433685302734375,-0.972991943359375
1784719764668641792,17.7874538898468,1.97296142578125,-0.10479736328125,-1.0447845458984375
1784719764678561792,17.79737377166748,1.847320556640625,-0.214385986328125,-1.1453704833984375
1784719764688480768,17.807292938232422,1.9232635498046875,-0.0310516357421875,-1.211578369140625
1784719764698400768,17.8172128200531,1.5524749755859375,0.150146484375,-1.429168701171875
1784719764708320768,17.82713294029236,1.41595458984375,0.5457611083984375,-1.8144989013671875
1784719764718240768,17.837052822113037,1.430816650390625,1.35845947265625,-2.206451416015625
1784719764728160768,17.846972942352295,1.953369140625,1.9264678955078125,-2.5758514404296875
1784719764738081024,17.856893062591553,1.77685546875,1.94671630859375,-2.7853546142578125
1784719764748000768,17.86681294441223,1.7315673828125,1.4502410888671875,-2.863922119140625
1784719764757921024,17.87673306465149,1.6132049560546875,1.233642578125,-2.1285247802734375
1784719764767840768,17.886652946472168,1.827606201171875,1.3610382080078125,-1.4256439208984375
1784719764777760000,17.89657211303711,2.5425567626953125,0.950927734375,-1.2708587646484375
1784719764787680000,17.906491994857788,3.0104522705078125,0.6668548583984375,-0.685302734375
1784719764797600000,17.916412115097046,3.311553955078125,0.4708099365234375,-0.4924774169921875
1784719764807520000,17.926331996917725,3.2314453125,0.5185546875,-0.4767608642578125
1784719764817438720,17.936250925064087,3.0424957275390625,0.777069091796875,-0.421234130859375
1784719764827358976,17.946171045303345,3.0370635986328125,0.9737548828125,-0.569061279296875
1784719764837278720,17.956090927124023,3.1470947265625,1.013336181640625,-0.8755035400390625
1784719764847198976,17.96601104736328,3.24224853515625,0.77325439453125,-1.2386322021484375
1784719764857118720,17.97593092918396,3.321014404296875,0.553924560546875,-1.133575439453125
1784719764867037952,17.9858500957489,3.5973968505859375,0.6527862548828125,-0.7952117919921875
1784719764876957952,17.99576997756958,3.94146728515625,0.86492919921875,-0.55828857421875
1784719764886877952,18.005690097808838,4.308837890625,0.98321533203125,-0.39630126953125
1784719764896797952,18.015609979629517,4.5020904541015625,0.940185546875,-0.113616943359375
1784719764906716928,18.02552890777588,4.5376129150390625,0.965789794921875,0.114837646484375
1784719764916636928,18.035449028015137,4.5574798583984375,1.16455078125,0.264862060546875
1784719764926556928,18.045368909835815,4.6035614013671875,1.3900604248046875,0.4521026611328125
1784719764936476928,18.055289030075073,4.6231842041015625,1.3988189697265625,0.6665496826171875
1784719764946395904,18.065207958221436,4.537078857421875,1.209381103515625,0.8849639892578125
1784719764956315904,18.075128078460693,4.4707489013671875,1.0582275390625,0.9725341796875
1784719764966235904,18.085047960281372,4.334136962890625,1.133453369140625,1.1482696533203125
1784719764976155904,18.09496808052063,4.1385345458984375,1.1206817626953125,1.3490142822265625
1784719764986074880,18.104887008666992,3.834808349609375,1.06591796875,1.637542724609375
1784719764995994880,18.11480689048767,3.555206298828125,0.9538116455078125,1.9206390380859375
1784719765005914880,18.12472701072693,3.4068603515625,0.6588897705078125,2.42333984375
1784719765015834880,18.134646892547607,2.4848480224609375,0.9591064453125,2.576141357421875
1784719765025754880,18.144567012786865,2.00897216796875,1.5351104736328125,2.1143341064453125
1784719765035673856,18.154485940933228,2.333282470703125,1.9570770263671875,1.052520751953125
1784719765045593856,18.164406061172485,2.9517822265625,3.4942779541015625,-0.4057159423828125
1784719765055513856,18.174325942993164,3.8802337646484375,10.958267211914062,0.61016845703125
1784719765065433856,18.184246063232422,0.388458251953125,3.868438720703125,2.0611572265625
1784719765075352832,18.194164991378784,0.1813201904296875,-0.200592041015625,2.01617431640625
1784719765085273088,18.204085111618042,-0.1687774658203125,1.2620086669921875,2.1815948486328125
1784719765095192832,18.21400499343872,0.115753173828125,2.135986328125,1.089813232421875
1784719765105113088,18.22392511367798,0.173095703125,2.6334686279296875,0.8560638427734375
1784719765115032064,18.23384404182434,0.29638671875,1.8148651123046875,0.7893829345703125
1784719765124951808,18.24376392364502,0.249176025390625,1.0733795166015625,0.8024749755859375
1784719765134872064,18.253684043884277,0.162841796875,1.24505615234375,0.530181884765625
1784719765144791808,18.263603925704956,0.1147918701171875,1.576507568359375,0.104461669921875
1784719765154711040,18.273523092269897,0.17449951171875,1.484619140625,-0.2745208740234375
1784719765164630784,18.283442974090576,0.253631591796875,1.1988067626953125,-0.6927490234375
1784719765174551040,18.293363094329834,0.259307861328125,1.11138916015625,-0.533203125
1784719765184470784,18.303282976150513,0.3153533935546875,1.1209869384765625,-0.6265411376953125
1784719765194391040,18.31320309638977,0.2938385009765625,0.9592742919921875,-0.8034210205078125
1784719765204310016,18.323122024536133,0.2288055419921875,1.1803741455078125,-0.80718994140625
1784719765214229760,18.33304190635681,0.241973876953125,1.3163909912109375,-0.971588134765625
1784719765224150016,18.34296202659607,0.3524932861328125,0.929779052734375,-1.0775146484375
1784719765234069760,18.352881908416748,-0.2225189208984375,0.93011474609375,-1.0893402099609375
1784719765243988992,18.36280107498169,-0.374298095703125,1.1700286865234375,-1.2611541748046875
1784719765253908992,18.372720956802368,-0.4253692626953125,1.0901947021484375,-0.7704620361328125
1784719765263828992,18.382641077041626,-0.0429534912109375,1.088897705078125,-0.6728057861328125
1784719765273748992,18.392560958862305,-0.1594085693359375,0.72943115234375,-1.1905670166015625
1784719765283667712,18.402479887008667,0.6178741455078125,0.597259521484375,-0.784393310546875
1784719765293587968,18.412400007247925,0.54583740234375,0.5025787353515625,-0.42291259765625
1784719765303507712,18.422319889068604,-0.0231781005859375,0.3892059326171875,-0.6780548095703125
1784719765313427968,18.43224000930786,-0.0078582763671875,0.37884521484375,-0.7661895751953125
1784719765323346944,18.442158937454224,0.20989990234375,0.526947021484375,-0.846038818359375
1784719765333266944,18.45207905769348,0.48052978515625,0.4716339111328125,-0.921051025390625
1784719765343186944,18.46199893951416,0.5286865234375,0.4071807861328125,-0.9682159423828125
1784719765353106944,18.471919059753418,0.4943695068359375,0.4627532958984375,-0.5064849853515625
1784719765363026944,18.481838941574097,0.7328033447265625,0.6929931640625,-0.6197357177734375
1784719765372945920,18.491758108139038,0.7731170654296875,1.035980224609375,-1.0054931640625
1784719765382865920,18.501677989959717,0.66680908203125,1.1022796630859375,-1.310791015625
1784719765392785920,18.511598110198975,0.5648040771484375,1.000579833984375,-1.3423919677734375
1784719765402705920,18.521517992019653,0.4102630615234375,0.8760986328125,-1.2893524169921875
1784719765412624896,18.531436920166016,0.38507080078125,0.71148681640625,-1.0545196533203125
1784719765422544896,18.541357040405273,0.459503173828125,0.485015869140625,-0.7521514892578125
1784719765432464896,18.551276922225952,0.2845611572265625,0.3447265625,-0.910919189453125
1784719765442384896,18.56119704246521,0.211456298828125,0.420654296875,-0.89898681640625
1784719765452303872,18.571115970611572,0.338592529296875,0.4452056884765625,-0.9637451171875
1784719765462224128,18.58103609085083,0.4099884033203125,0.3975982666015625,-0.951019287109375
1784719765472143872,18.59095597267151,0.402313232421875,0.4413909912109375,-0.8142547607421875
1784719765482064128,18.600876092910767,0.4214019775390625,0.54412841796875,-0.718475341796875
1784719765491983872,18.610795974731445,0.4349517822265625,0.5363616943359375,-0.7721710205078125
1784719765501902848,18.620714902877808,0.4049224853515625,0.48126220703125,-0.7947540283203125
1784719765511822848,18.630635023117065,0.36187744140625,0.5769805908203125,-0.7996673583984375
1784719765521742848,18.640554904937744,0.3153076171875,0.874786376953125,-0.8067779541015625
1784719765531662848,18.650475025177002,0.307647705078125,1.2321624755859375,-0.9150543212890625
1784719765541581824,18.660393953323364,0.3447723388671875,1.3121337890625,-1.0433349609375
1784719765551502080,18.670314073562622,0.374114990234375,1.119384765625,-1.2001495361328125
1784719765561421824,18.6802339553833,0.435882568359375,0.9048309326171875,-1.3694915771484375
1784719765571342080,18.69015407562256,0.429962158203125,1.0330047607421875,-1.3760986328125
1784719765581260800,18.70007300376892,0.453338623046875,1.232147216796875,-1.349578857421875
1784719765591180800,18.7099928855896,0.43865966796875,1.40826416015625,-1.243316650390625
1784719765601100800,18.719913005828857,0.389862060546875,1.457305908203125,-1.12939453125
1784719765611020800,18.729832887649536,0.4005889892578125,1.4483489990234375,-0.93597412109375
1784719765620940032,18.739752054214478,0.5031585693359375,1.4236907958984375,-0.9264984130859375
1784719765630859776,18.749671936035156,0.5862884521484375,1.4057464599609375,-1.0172882080078125
1784719765640780032,18.759592056274414,0.59014892578125,1.222412109375,-1.0439453125
1784719765650699776,18.769511938095093,0.5135040283203125,1.071533203125,-0.94964599609375
1784719765660620032,18.77943205833435,0.4121246337890625,1.1440582275390625,-0.795135498046875
1784719765670539008,18.789350986480713,0.310546875,1.141326904296875,-0.7214202880859375
1784719765680459008,18.79927110671997,0.2868194580078125,1.0517578125,-0.68255615234375
1784719765690379008,18.80919098854065,0.30816650390625,0.928009033203125,-0.65533447265625
1784719765700299008,18.819111108779907,0.4036407470703125,0.790985107421875,-0.650238037109375
1784719765710217984,18.82903003692627,0.375885009765625,0.8533477783203125,-0.60626220703125
1784719765720137728,18.83894991874695,0.3219146728515625,0.945343017578125,-0.5746612548828125
1784719765730057984,18.848870038986206,0.2559661865234375,1.0679779052734375,-0.493438720703125
1784719765739977728,18.858789920806885,0.224029541015625,1.0641632080078125,-0.44140625
1784719765749896704,18.868708848953247,0.2134857177734375,1.0010986328125,-0.3578338623046875
1784719765759816960,18.878628969192505,0.2225799560546875,0.9297637939453125,-0.370819091796875
1784719765769736704,18.888548851013184,0.247711181640625,0.86737060546875,-0.347747802734375
1784719765779656960,18.89846897125244,0.200531005859375,0.859619140625,-0.29351806640625
1784719765789575936,18.908387899398804,0.179473876953125,0.8309783935546875,-0.2891693115234375
1784719765799495680,18.918307781219482,0.1290283203125,0.8296966552734375,-0.2270355224609375
1784719765809415936,18.92822790145874,0.0778961181640625,0.82745361328125,-0.170745849609375
1784719765819335680,18.93814778327942,0.0320892333984375,0.8701324462890625,-0.1287689208984375
1784719765829255936,18.948067903518677,0.00726318359375,0.92169189453125,-0.148956298828125
1784719765839174656,18.95798683166504,0.01263427734375,0.9434967041015625,-0.27044677734375
1784719765849094912,18.967906951904297,0.0404205322265625,0.9240264892578125,-0.4344024658203125
1784719765859014656,18.977826833724976,0.05633544921875,0.8532562255859375,-0.4603118896484375
1784719765868934912,18.987746953964233,0.0569610595703125,0.6864776611328125,-0.365966796875
1784719765878853888,18.997665882110596,0.083709716796875,0.5357818603515625,-0.26519775390625
1784719765888773632,19.007585763931274,0.0888519287109375,0.4564971923828125,-0.1835174560546875
1784719765898693888,19.017505884170532,0.052642822265625,0.399658203125,-0.1165008544921875
1784719765908613632,19.02742576599121,0.0094146728515625,0.34222412109375,-0.058868408203125
1784719765918532864,19.037344932556152,-0.05120849609375,0.206390380859375,0.05859375
1784719765928452608,19.04726481437683,-0.097381591796875,0.00189208984375,0.1584625244140625
1784719765938372864,19.05718493461609,-0.0618133544921875,-0.121551513671875,0.2208709716796875
1784719765948292608,19.067104816436768,0.0639801025390625,-0.18212890625,0.2080078125
1784719765958212864,19.077024936676025,0.16107177734375,-0.262451171875,0.0725860595703125
1784719765968131840,19.086943864822388,0.19378662109375,-0.2597808837890625,-0.0506134033203125
1784719765978051840,19.096863985061646,0.2021331787109375,-0.228546142578125,-0.1490631103515625
1784719765987971840,19.106783866882324,0.190948486328125,-0.274383544921875,-0.2606964111328125
1784719765997891840,19.116703987121582,0.2348480224609375,-0.1995086669921875,-0.36566162109375
1784719766007810816,19.126622915267944,0.28271484375,-0.10107421875,-0.42181396484375
1784719766017730816,19.136542797088623,0.28192138671875,-0.173858642578125,-0.4558563232421875
1784719766027650816,19.14646291732788,0.329864501953125,-0.369537353515625,-0.600250244140625
1784719766037570816,19.15638279914856,0.412689208984375,-0.5704803466796875,-0.7428436279296875
1784719766047489792,19.1663019657135,0.5722808837890625,-0.7701263427734375,-0.868408203125
1784719766057409792,19.17622184753418,0.6729278564453125,-0.91619873046875,-0.97943115234375
1784719766067329792,19.186141967773438,0.8499298095703125,-0.910980224609375,-0.8846588134765625
1784719766077249792,19.196061849594116,0.901123046875,-0.824462890625,-0.9101715087890625
1784719766087169792,19.205981969833374,0.864776611328125,-0.80694580078125,-0.876708984375
1784719766097088768,19.215900897979736,0.84857177734375,-0.8950347900390625,-1.0382843017578125
1784719766107008768,19.225820779800415,1.0140228271484375,-1.0442962646484375,-1.16357421875
1784719766116928768,19.235740900039673,1.3063507080078125,-1.2197723388671875,-1.391937255859375
1784719766126848768,19.24566078186035,1.662109375,-1.2458038330078125,-1.4525146484375
1784719766136767744,19.255579948425293,2.1011505126953125,-1.141693115234375,-1.558074951171875
1784719766146687744,19.26549983024597,2.4322967529296875,-1.1865692138671875,-1.4440765380859375
1784719766156607744,19.27541995048523,2.280975341796875,-1.2469329833984375,-1.0368499755859375
1784719766166527744,19.285339832305908,1.8579864501953125,-1.4333038330078125,-0.9261322021484375
1784719766176446720,19.29525876045227,1.568939208984375,-1.37554931640625,-0.7447662353515625
1784719766186366720,19.30517888069153,1.7176361083984375,-1.2138671875,-0.7742156982421875
1784719766196286720,19.315098762512207,1.8231964111328125,-0.966583251953125,-0.843597412109375
1784719766206206720,19.325018882751465,2.0002593994140625,-0.8448333740234375,-0.8800048828125
1784719766216126720,19.334938764572144,2.0510711669921875,-0.7730255126953125,-0.841522216796875
1784719766226045952,19.344857931137085,1.7187347412109375,-0.06072998046875,-0.502227783203125
1784719766235965696,19.354777812957764,1.11737060546875,0.4683990478515625,-0.2908782958984375
1784719766245885952,19.36469793319702,0.803619384765625,0.8420562744140625,-0.1652679443359375
1784719766255805696,19.3746178150177,0.546661376953125,1.1195831298828125,-0.1069793701171875
1784719766265724928,19.38453698158264,0.71417236328125,0.9957733154296875,-0.0477294921875
1784719766275644672,19.39445686340332,1.5251007080078125,0.569915771484375,-0.3504638671875
1784719766285564928,19.404376983642578,1.89569091796875,0.788665771484375,-0.574432373046875
1784719766295484672,19.414296865463257,2.17596435546875,0.5399932861328125,-1.0360260009765625
1784719766305403648,19.42421579360962,2.455474853515625,0.2326202392578125,-1.1688079833984375
1784719766315323904,19.434135913848877,2.883514404296875,-0.5402069091796875,-1.134429931640625
1784719766325243648,19.444055795669556,2.5618133544921875,-0.959808349609375,-1.1909942626953125
1784719766335163904,19.453975915908813,2.329437255859375,-0.7303619384765625,-1.160247802734375
1784719766345082880,19.463894844055176,2.6135711669921875,-0.106689453125,-1.225189208984375
1784719766355002880,19.473814964294434,2.6367034912109375,0.18505859375,-1.3578338623046875
1784719766364922880,19.483734846115112,2.8702392578125,-0.293609619140625,-1.01470947265625
1784719766374842880,19.49365496635437,2.8037109375,-0.7099609375,-0.9763031005859375
1784719766384762880,19.50357484817505,2.3128204345703125,-0.9327850341796875,-0.924774169921875
1784719766394681600,19.51349377632141,2.6274871826171875,-0.7942352294921875,-0.91217041015625
1784719766404601856,19.52341389656067,2.812225341796875,-0.380828857421875,-0.8280792236328125
1784719766414521600,19.533333778381348,3.040802001953125,-0.476593017578125,-1.08905029296875
1784719766424441856,19.543253898620605,2.647247314453125,-0.722381591796875,-1.243682861328125
1784719766434360832,19.553172826766968,2.8414154052734375,-0.54803466796875,-1.2544097900390625
1784719766444280832,19.563092947006226,2.655609130859375,-0.664947509765625,-1.3897857666015625
1784719766454200832,19.573012828826904,2.1806640625,-0.9923248291015625,-1.333282470703125
1784719766464120832,19.582932949066162,2.032073974609375,-0.644195556640625,-1.214569091796875
1784719766474040832,19.59285283088684,2.1877288818359375,-0.48040771484375,-1.0029144287109375
1784719766483959552,19.602771759033203,2.008941650390625,-0.5802764892578125,-0.79693603515625
1784719766493879808,19.61269187927246,1.86309814453125,-0.488494873046875,-0.9891357421875
1784719766503799552,19.62261176109314,1.733612060546875,-0.1463623046875,-1.0777587890625
1784719766513719808,19.632531881332397,1.8228759765625,0.5009765625,-1.4835662841796875
1784719766523638784,19.64245080947876,1.556671142578125,0.6294097900390625,-1.8776092529296875
1784719766533558784,19.652370929718018,1.592681884765625,0.6739044189453125,-2.1781005859375
1784719766543478784,19.662290811538696,1.545745849609375,0.7779388427734375,-2.1876983642578125
1784719766553398784,19.672210931777954,1.6088104248046875,1.6569366455078125,-2.27874755859375
1784719766563318784,19.682130813598633,1.881134033203125,1.730712890625,-2.9982452392578125
1784719766573238016,19.692049980163574,1.72772216796875,0.9063262939453125,-3.190826416015625
1784719766583157760,19.701969861984253,1.91497802734375,0.5074615478515625,-2.394927978515625
1784719766593078016,19.71188998222351,2.2767486572265625,-0.02471923828125,-1.79547119140625
1784719766602997760,19.72180986404419,2.8184356689453125,0.27020263671875,-1.0458831787109375
1784719766612916736,19.73172879219055,3.269775390625,0.5351715087890625,-0.9549560546875
1784719766622836736,19.74164891242981,3.300018310546875,0.5764617919921875,-0.876678466796875
1784719766632756736,19.75156879425049,3.106292724609375,0.3306884765625,-0.94244384765625
1784719766642676736,19.761488914489746,2.845611572265625,0.3751373291015625,-0.891387939453125
1784719766652596736,19.771408796310425,2.8687591552734375,0.534454345703125,-0.9333038330078125
1784719766662515968,19.781327962875366,3.0063018798828125,0.633880615234375,-1.0135345458984375
1784719766672435712,19.791247844696045,3.29473876953125,0.7860565185546875,-0.9083404541015625
1784719766682355968,19.801167964935303,3.5788116455078125,0.5977020263671875,-0.923187255859375
1784719766692275712,19.81108784675598,3.72454833984375,0.5560302734375,-0.7223663330078125
1784719766702194688,19.821006774902344,3.9208984375,0.682708740234375,-0.428466796875
1784719766712114688,19.8309268951416,4.1615753173828125,0.8526458740234375,-0.22821044921875
1784719766722034688,19.84084677696228,4.349945068359375,0.857574462890625,-0.1960906982421875
1784719766731954688,19.850766897201538,4.48468017578125,0.78497314453125,-0.2081451416015625
1784719766741873408,19.86068558692932,4.5698699951171875,0.9339447021484375,-0.12457275390625
1784719766751793408,19.87060546875,4.6942901611328125,1.283905029296875,0.1920928955078125
1784719766761713408,19.880525588989258,4.765106201171875,1.6876678466796875,0.5553131103515625
1784719766771633408,19.890445470809937,4.7041168212890625,1.7787017822265625,0.805419921875
1784719766781552640,19.900364637374878,4.5207672119140625,1.52276611328125,0.9181365966796875
1784719766791472384,19.910284519195557,4.3265228271484375,1.15875244140625,1.02227783203125
1784719766801392640,19.920204639434814,4.1185760498046875,0.747833251953125,1.31854248046875
1784719766811312384,19.930124521255493,3.876556396484375,0.3570098876953125,1.67559814453125
1784719766821231616,19.940043687820435,3.8450775146484375,0.292205810546875,1.8932952880859375
1784719766831151360,19.949963569641113,3.335174560546875,0.625823974609375,2.0089263916015625
1784719766841071616,19.95988368988037,2.6382904052734375,1.3899078369140625,1.9541778564453125
1784719766850991360,19.96980357170105,2.4273529052734375,2.1289520263671875,1.254730224609375
1784719766860911616,19.979723691940308,2.59344482421875,3.32952880859375,0.426849365234375
1784719766870830592,19.98964262008667,4.1589202880859375,6.7611846923828125,-1.375732421875
1784719766880750336,19.99956250190735,0.944549560546875,8.359649658203125,3.832611083984375
1784719766890670592,20.009482622146606,0.652862548828125,0.120849609375,1.46624755859375
1784719766900590336,20.019402503967285,0.17987060546875,1.2849578857421875,2.642852783203125
1784719766910509568,20.029321670532227,0.319671630859375,1.4881744384765625,1.7743682861328125
1784719766920429568,20.039241552352905,0.4993438720703125,1.8497161865234375,1.3240966796875
1784719766930349568,20.049161672592163,0.3887786865234375,1.848968505859375,1.12176513671875
1784719766940269568,20.059081554412842,0.27984619140625,1.529205322265625,1.03955078125
1784719766950188288,20.069000482559204,0.305511474609375,1.4183349609375,0.9534912109375
1784719766960108544,20.078920602798462,0.403778076171875,1.5290985107421875,0.73333740234375
1784719766970028288,20.08884048461914,0.386566162109375,1.4821624755859375,0.52899169921875
1784719766979948544,20.0987606048584,0.2279815673828125,1.3799285888671875,0.447998046875
1784719766989868288,20.108680486679077,0.1608123779296875,1.2157440185546875,0.2646484375
1784719766999787520,20.11859965324402,0.199554443359375,1.27032470703125,-0.3307037353515625
1784719767009707520,20.128519535064697,0.1703643798828125,1.453155517578125,-0.55914306640625
1784719767019627520,20.138439655303955,0.168701171875,1.5287628173828125,-0.5878143310546875
1784719767029547520,20.148359537124634,0.2537078857421875,1.37445068359375,-0.6440277099609375
1784719767039466496,20.158278465270996,0.1907806396484375,1.0721588134765625,-0.9354248046875
1784719767049386496,20.168198585510254,0.1907958984375,1.186309814453125,-0.899261474609375
1784719767059306496,20.178118467330933,0.101654052734375,0.8782958984375,-0.945831298828125
1784719767069226496,20.18803858757019,-0.416595458984375,1.2638397216796875,-0.7773590087890625
1784719767079145472,20.197957515716553,-0.3925628662109375,0.9374847412109375,-0.8446502685546875
1784719767089065472,20.20787763595581,0.0070343017578125,1.208831787109375,-0.585784912109375
1784719767098985472,20.21779751777649,0.0755767822265625,0.9441680908203125,-0.909210205078125
1784719767108905472,20.227717638015747,0.6031341552734375,0.8194732666015625,-0.6162109375
1784719767118825472,20.237637519836426,0.6706695556640625,0.75115966796875,-0.3489990234375
1784719767128744704,20.247556686401367,0.215576171875,0.3145294189453125,-0.2822418212890625
1784719767138664448,20.257476568222046,-0.0566864013671875,0.151153564453125,-0.2802276611328125
1784719767148584704,20.267396688461304,0.0272979736328125,0.131866455078125,-0.383331298828125
1784719767158504448,20.277316570281982,0.31787109375,0.3879241943359375,-0.4999237060546875
1784719767168423424,20.287235498428345,0.430633544921875,0.5432281494140625,-0.5878753662109375
1784719767178343424,20.297155618667603,0.53704833984375,0.5589141845703125,-0.6768035888671875
1784719767188263424,20.30707550048828,0.5709686279296875,0.5897216796875,-0.7450408935546875
1784719767198183424,20.31699562072754,0.635711669921875,0.6345977783203125,-0.8158416748046875
1784719767208102400,20.3269145488739,0.6851348876953125,0.6404266357421875,-0.815704345703125
1784719767218022656,20.33683466911316,0.6255950927734375,0.5584564208984375,-0.815673828125
1784719767227942400,20.346754550933838,0.5263671875,0.5961456298828125,-0.7515411376953125
1784719767237862656,20.356674671173096,0.430816650390625,0.5529327392578125,-0.744110107421875
1784719767247782400,20.366594552993774,0.4435577392578125,0.516693115234375,-0.67333984375
1784719767257701376,20.376513481140137,0.479766845703125,0.623260498046875,-0.6483612060546875
1784719767267621632,20.386433601379395,0.5009613037109375,0.7659912109375,-0.5937957763671875
1784719767277541376,20.396353483200073,0.495574951171875,0.8936920166015625,-0.6436309814453125
1784719767287461632,20.40627360343933,0.5096282958984375,0.9769287109375,-0.7164459228515625
1784719767297380352,20.416192531585693,0.4903106689453125,0.9962615966796875,-0.7908477783203125
1784719767307300608,20.42611265182495,0.5511322021484375,1.0445709228515625,-0.90753173828125
1784719767317220352,20.43603253364563,0.58331298828125,1.0583953857421875,-0.980926513671875
1784719767327140608,20.445952653884888,0.520111083984375,1.020782470703125,-0.966064453125
1784719767337059584,20.45587158203125,0.53173828125,0.89276123046875,-0.93853759765625
1784719767346979328,20.46579146385193,0.6119384765625,0.61431884765625,-0.974273681640625
1784719767356899584,20.475711584091187,0.59735107421875,0.303436279296875,-1.0648651123046875
1784719767366819328,20.485631465911865,0.4514617919921875,0.0361328125,-1.1012420654296875
1784719767376739584,20.495551586151123,0.364501953125,-0.034820556640625,-1.095611572265625
1784719767386658304,20.505470514297485,0.366729736328125,0.093719482421875,-1.193328857421875
1784719767396578560,20.515390634536743,0.445953369140625,0.3043060302734375,-1.3218536376953125
1784719767406498560,20.525310516357422,0.5175018310546875,0.52081298828125,-1.4553070068359375
1784719767416418560,20.53523063659668,0.563507080078125,0.6365966796875,-1.50933837890625
1784719767426337536,20.545149564743042,0.6148223876953125,0.536163330078125,-1.49188232421875
1784719767436257536,20.5550696849823,0.607757568359375,0.275177001953125,-1.459747314453125
1784719767446177536,20.56498956680298,0.545257568359375,0.1727142333984375,-1.462921142578125
1784719767456097536,20.574909687042236,0.54571533203125,-0.01568603515625,-1.408966064453125
1784719767466016512,20.5848286151886,0.5340728759765625,-0.0939788818359375,-1.358917236328125
1784719767475936512,20.594748497009277,0.5341644287109375,-0.1490936279296875,-1.332977294921875
1784719767485856512,20.604668617248535,0.5344696044921875,-0.153289794921875,-1.406341552734375
1784719767495776512,20.614588499069214,0.5442657470703125,-0.12957763671875,-1.4423370361328125
1784719767505695488,20.624507665634155,0.5095062255859375,-0.2732391357421875,-1.4349212646484375
1784719767515615488,20.634427547454834,0.462005615234375,-0.3925933837890625,-1.3266754150390625
1784719767525535488,20.644347667694092,0.5047149658203125,-0.42889404296875,-1.2590789794921875
1784719767535455488,20.65426754951477,0.507965087890625,-0.4209136962890625,-1.152801513671875
1784719767545375488,20.66418766975403,0.47711181640625,-0.44097900390625,-1.079345703125
1784719767555294464,20.67410659790039,0.441619873046875,-0.427276611328125,-1.042572021484375
1784719767565214464,20.68402647972107,0.4200592041015625,-0.44989013671875,-1.0029754638671875
1784719767575134464,20.693946599960327,0.3671722412109375,-0.439849853515625,-1.0274810791015625
1784719767585054464,20.703866481781006,0.321136474609375,-0.4425201416015625,-1.0444488525390625
1784719767594973440,20.713785648345947,0.3186798095703125,-0.454376220703125,-1.111083984375
1784719767604893440,20.723705530166626,0.3397216796875,-0.450958251953125,-1.0955963134765625
1784719767614813440,20.733625650405884,0.3743743896484375,-0.4827423095703125,-1.0693206787109375
1784719767624733440,20.743545532226562,0.38006591796875,-0.486907958984375,-1.037353515625
1784719767634652672,20.753464698791504,0.391632080078125,-0.4720916748046875,-1.05413818359375
1784719767644572416,20.763384580612183,0.38763427734375,-0.4473114013671875,-1.0410003662109375
1784719767654492672,20.77330470085144,0.3566131591796875,-0.438262939453125,-1.026763916015625
1784719767664412416,20.78322458267212,0.333831787109375,-0.43829345703125,-0.99444580078125
1784719767674332416,20.793144464492798,0.32568359375,-0.470458984375,-0.9658660888671875
1784719767684251648,20.80306363105774,0.3104248046875,-0.475372314453125,-0.927490234375
1784719767694171392,20.812983512878418,0.307220458984375,-0.4558563232421875,-0.9431610107421875
1784719767704091648,20.822903633117676,0.3103485107421875,-0.4506378173828125,-0.9477996826171875
1784719767714011392,20.832823514938354,0.2653961181640625,-0.498565673828125,-0.9539337158203125
1784719767723930624,20.842742681503296,0.2464599609375,-0.5248870849609375,-0.966033935546875
1784719767733850368,20.852662563323975,0.244354248046875,-0.441162109375,-0.995819091796875
1784719767743769600,20.862581729888916,0.2586822509765625,-0.4040679931640625,-0.9767303466796875
1784719767753689856,20.872501850128174,0.2335052490234375,-0.4472503662109375,-0.9335784912109375
1784719767763608576,20.882420778274536,0.1939239501953125,-0.4833984375,-0.8966064453125
1784719767773528576,20.892340660095215,0.181182861328125,-0.490142822265625,-0.899871826171875
1784719767783448576,20.902260780334473,0.182403564453125,-0.4907989501953125,-0.90045166015625
1784719767793368576,20.91218066215515,0.1760101318359375,-0.50994873046875,-0.8885498046875
1784719767803288576,20.92210078239441,0.169158935546875,-0.5044403076171875,-0.9091033935546875
1784719767813207552,20.93201971054077,0.169677734375,-0.453155517578125,-0.939483642578125
1784719767823127808,20.94193983078003,0.1931304931640625,-0.4475250244140625,-0.951995849609375
1784719767833047552,20.951859712600708,0.14508056640625,-0.50372314453125,-0.9274139404296875
1784719767842967808,20.961779832839966,0.1200103759765625,-0.563079833984375,-0.895843505859375
1784719767852886784,20.971698760986328,0.1145782470703125,-0.6005401611328125,-0.885772705078125
1784719767862806528,20.981618642807007,0.1194610595703125,-0.540863037109375,-0.899688720703125
1784719767872726784,20.991538763046265,0.1197662353515625,-0.449432373046875,-0.8768157958984375
1784719767882646528,21.001458644866943,0.0923004150390625,-0.4123077392578125,-0.857330322265625
1784719767892565760,21.011377811431885,0.0618743896484375,-0.415863037109375,-0.8486785888671875
1784719767902485504,21.021297693252563,0.0403289794921875,-0.4181976318359375,-0.847137451171875
1784719767912405760,21.03121781349182,0.0549163818359375,-0.419830322265625,-0.8545379638671875
1784719767922325504,21.0411376953125,0.075897216796875,-0.4100341796875,-0.849578857421875
1784719767932245760,21.051057815551758,0.0931549072265625,-0.378143310546875,-0.8768310546875
1784719767942164736,21.06097674369812,0.0788421630859375,-0.293365478515625,-0.9074859619140625
1784719767952084736,21.070896863937378,0.0474090576171875,-0.240875244140625,-0.938018798828125
1784719767962004736,21.080816745758057,0.0153045654296875,-0.2400054931640625,-0.96478271484375
1784719767971924736,21.090736865997314,0.0184326171875,-0.280303955078125,-0.9557647705078125
1784719767981843712,21.100655794143677,0.0421295166015625,-0.3179168701171875,-0.9546051025390625
1784719767991763712,21.110575675964355,0.055023193359375,-0.3219146728515625,-0.955657958984375
1784719768001683712,21.120495796203613,0.032684326171875,-0.29742431640625,-0.9429168701171875
1784719768011603712,21.130415678024292,0.01593017578125,-0.2959136962890625,-0.938720703125
1784719768021522688,21.140334844589233,0.0026702880859375,-0.312286376953125,-0.933746337890625
1784719768031442688,21.150254726409912,-0.0298614501953125,-0.325408935546875,-0.92681884765625
1784719768041362688,21.16017484664917,-0.0432891845703125,-0.3226165771484375,-0.930633544921875
1784719768051282688,21.17009472846985,-0.03857421875,-0.296295166015625,-0.9586181640625
1784719768061202688,21.180014848709106,-0.0206756591796875,-0.2297210693359375,-0.9883270263671875
1784719768071121664,21.18993377685547,-0.0118255615234375,-0.20513916015625,-1.0026702880859375
1784719768081041664,21.199853658676147,-0.037322998046875,-0.229644775390625,-0.999786376953125
1784719768090961664,21.209773778915405,-0.04339599609375,-0.25579833984375,-0.99163818359375
1784719768100881664,21.219693660736084,-0.047149658203125,-0.263458251953125,-0.984100341796875
1784719768110800640,21.229612827301025,-0.053558349609375,-0.2738800048828125,-0.9806060791015625
1784719768120720640,21.239532709121704,-0.049957275390625,-0.2977447509765625,-0.9596099853515625
1784719768130640640,21.249452829360962,-0.0500030517578125,-0.3273773193359375,-0.9272613525390625
1784719768140560640,21.25937271118164,-0.0467529296875,-0.36065673828125,-0.918304443359375
1784719768150479616,21.269291639328003,-0.0738372802734375,-0.3478240966796875,-0.91326904296875
1784719768160399616,21.27921175956726,-0.083740234375,-0.3070831298828125,-0.938873291015625
1784719768170319616,21.28913164138794,-0.0932769775390625,-0.2891998291015625,-0.9539947509765625
1784719768180239616,21.299051761627197,-0.0923309326171875,-0.290985107421875,-0.9581451416015625
1784719768190158592,21.30897068977356,-0.0948333740234375,-0.279510498046875,-0.9610137939453125
1784719768200078848,21.318890810012817,-0.0879058837890625,-0.280487060546875,-0.967926025390625
1784719768209998592,21.328810691833496,-0.1010894775390625,-0.2820281982421875,-0.9742584228515625
1784719768219918848,21.338730812072754,-0.095916748046875,-0.258636474609375,-0.987945556640625
1784719768229838592,21.348650693893433,-0.092071533203125,-0.2511749267578125,-0.9840087890625
1784719768239757824,21.358569860458374,-0.107696533203125,-0.286224365234375,-0.9664154052734375
1784719768249677568,21.368489742279053,-0.12347412109375,-0.3186492919921875,-0.9558868408203125
1784719768259597824,21.37840986251831,-0.146636962890625,-0.3351898193359375,-0.939208984375
1784719768269517568,21.38832974433899,-0.14727783203125,-0.3522186279296875,-0.929046630859375
1784719768279436544,21.39824867248535,-0.141357421875,-0.3565826416015625,-0.9266204833984375
1784719768289356800,21.40816879272461,-0.1394805908203125,-0.3450469970703125,-0.937713623046875
1784719768299276544,21.418088674545288,-0.1322479248046875,-0.3079681396484375,-0.9541473388671875
1784719768309196800,21.428008794784546,-0.146728515625,-0.2688751220703125,-0.9584503173828125
1784719768319116544,21.437928676605225,-0.167266845703125,-0.289398193359375,-0.9687652587890625
1784719768329035776,21.447847843170166,-0.184600830078125,-0.313262939453125,-0.95550537109375
1784719768338955520,21.457767724990845,-0.1933746337890625,-0.34130859375,-0.9459228515625
1784719768348875776,21.467687845230103,-0.1940155029296875,-0.347442626953125,-0.953033447265625
1784719768358795520,21.47760772705078,-0.18682861328125,-0.352874755859375,-0.9712677001953125
1784719768368714496,21.487526655197144,-0.1845245361328125,-0.3796539306640625,-0.940216064453125
1784719768378634752,21.4974467754364,-0.19244384765625,-0.413360595703125,-0.9064178466796875
1784719768388554496,21.50736665725708,-0.1946563720703125,-0.407257080078125,-0.9358673095703125
1784719768398474752,21.517286777496338,-0.174346923828125,-0.26580810546875,-1.0047607421875
1784719768408394496,21.527206659317017,-0.15625,-0.102996826171875,-1.0333251953125
1784719768418313728,21.537125825881958,-0.146759033203125,-0.0957489013671875,-1.0458831787109375
1784719768428233728,21.547045707702637,-0.1657867431640625,-0.1486053466796875,-1.0067291259765625
1784719768438153728,21.556965827941895,-0.2049102783203125,-0.198089599609375,-0.949005126953125
1784719768448073728,21.566885709762573,-0.22021484375,-0.222259521484375,-0.8675079345703125
1784719768457992448,21.576804637908936,-0.2349700927734375,-0.186126708984375,-0.790313720703125
1784719768467912704,21.586724758148193,-0.2256927490234375,-0.126129150390625,-0.747589111328125
1784719768477832448,21.596644639968872,-0.2447052001953125,-0.0654449462890625,-0.7256317138671875
1784719768487752704,21.60656476020813,-0.23809814453125,-0.0014801025390625,-0.735107421875
1784719768497671680,21.616483688354492,-0.2469024658203125,0.0760345458984375,-0.782318115234375
1784719768507591680,21.62640380859375,-0.2375335693359375,0.145111083984375,-0.830657958984375
1784719768517511680,21.63632369041443,-0.1982421875,0.1897430419921875,-0.8794097900390625
1784719768527431680,21.646243810653687,-0.1571502685546875,0.181121826171875,-0.8756866455078125
1784719768537351680,21.656163692474365,-0.1499481201171875,0.1457366943359375,-0.8246917724609375
1784719768547270656,21.666082859039307,-0.136688232421875,0.091949462890625,-0.8017120361328125
1784719768557190656,21.676002740859985,-0.1411590576171875,0.1070556640625,-0.8010101318359375
1784719768567110656,21.685922861099243,-0.1309661865234375,0.1983489990234375,-0.7834014892578125
1784719768577030656,21.695842742919922,-0.108245849609375,0.238189697265625,-0.7825927734375
1784719768586949632,21.705761671066284,-0.0803680419921875,0.2768096923828125,-0.72772216796875
1784719768596869632,21.715681791305542,-0.0572509765625,0.338470458984375,-0.70904541015625
1784719768606789632,21.72560167312622,-0.0240936279296875,0.4596099853515625,-0.744384765625
1784719768616709632,21.73552179336548,0.0103912353515625,0.5758514404296875,-0.720733642578125
1784719768626629632,21.745441675186157,0.0497283935546875,0.52117919921875,-0.6510772705078125
1784719768636548864,21.7553608417511,0.090423583984375,0.38470458984375,-0.553497314453125
1784719768646468608,21.765280723571777,0.1181182861328125,0.2543182373046875,-0.4662933349609375
1784719768656388864,21.775200843811035,0.125,0.08282470703125,-0.4110870361328125
1784719768666308608,21.785120725631714,0.0957489013671875,0.0015106201171875,-0.3720550537109375
1784719768676227584,21.795039653778076,0.07342529296875,0.1172027587890625,-0.33837890625
1784719768686147584,21.804959774017334,0.0838470458984375,0.2652435302734375,-0.3135528564453125
1784719768696067584,21.814879655838013,0.0819854736328125,0.40618896484375,-0.264617919921875
1784719768705987584,21.82479977607727,0.0774688720703125,0.440826416015625,-0.1279754638671875
1784719768715906560,21.834718704223633,0.1144866943359375,0.148193359375,-0.149749755859375
1784719768725826816,21.84463882446289,0.1756744384765625,-0.453826904296875,0.0566558837890625
1784719768735746560,21.85455870628357,0.2609405517578125,-1.0191650390625,-0.28253173828125
1784719768745668352,21.86448049545288,0.331268310546875,-0.8297119140625,-1.201416015625
1784719768755587328,21.874399423599243,0.2344207763671875,0.2425079345703125,-1.3298492431640625
1784719768765507584,21.8843195438385,0.181854248046875,0.891448974609375,-1.1890411376953125
1784719768775427328,21.89423942565918,0.238555908203125,0.6136627197265625,-1.604339599609375
1784719768785347584,21.904159545898438,0.3426055908203125,0.2248077392578125,-1.614227294921875
1784719768795267328,21.914079427719116,0.09625244140625,-0.2020721435546875,-2.0194091796875
1784719768805186304,21.92399835586548,-0.4091644287109375,-0.3802032470703125,-2.0973358154296875
1784719768815106304,21.933918476104736,-0.834808349609375,-0.0402069091796875,-2.54302978515625
1784719768825026304,21.943838357925415,-1.0561981201171875,0.388916015625,-1.938629150390625
1784719768834946304,21.953758478164673,-0.7896270751953125,0.0684967041015625,-1.0412445068359375
1784719768844865280,21.963677406311035,-0.196319580078125,-0.2093353271484375,-0.7469329833984375
1784719768854785536,21.973597526550293,-0.343902587890625,-0.0496978759765625,-0.47747802734375
1784719768864705280,21.98351740837097,-0.9361419677734375,0.522430419921875,-0.391937255859375
1784719768874625536,21.99343752861023,-1.0406646728515625,0.9137725830078125,-0.6479034423828125
1784719768884545280,22.003357410430908,-0.50323486328125,0.5052337646484375,-1.0974273681640625
1784719768894464256,22.01327633857727,0.0207672119140625,-0.2751312255859375,-1.49285888671875
1784719768904384256,22.02319645881653,0.37542724609375,-0.6519622802734375,-1.6920928955078125
1784719768914304256,22.033116340637207,0.3937530517578125,-0.1570587158203125,-1.293487548828125
1784719768924224256,22.043036460876465,-0.0517730712890625,0.6087188720703125,-1.08880615234375
1784719768934143232,22.052955389022827,-0.4013214111328125,0.721649169921875,-1.019989013671875
1784719768944063488,22.062875509262085,-0.3699188232421875,0.3236846923828125,-0.951263427734375
1784719768953983232,22.072795391082764,-0.3081817626953125,-0.0223541259765625,-0.9175262451171875
1784719768963903488,22.08271551132202,-0.3103179931640625,-0.07421875,-1.0601654052734375
1784719768973823232,22.0926353931427,-0.28082275390625,-0.0040435791015625,-1.0917816162109375
1784719768983742464,22.10255455970764,-0.270477294921875,0.144805908203125,-1.040283203125
1784719768993662464,22.11247444152832,-0.2736968994140625,0.1695556640625,-1.093536376953125
1784719769003582464,22.122394561767578,-0.198883056640625,0.12982177734375,-1.0976409912109375
1784719769013502464,22.132314443588257,-0.184783935546875,0.08203125,-1.1193389892578125
1784719769023421184,22.14223337173462,-0.2352447509765625,0.1080780029296875,-1.05322265625
1784719769033341440,22.152153491973877,-0.2474517822265625,0.100830078125,-1.0779571533203125
1784719769043261184,22.162073373794556,-0.14251708984375,0.0177154541015625,-1.0587921142578125
1784719769053181440,22.171993494033813,-0.067108154296875,0.0177459716796875,-1.0175018310546875
1784719769063100416,22.181912422180176,0.004058837890625,0.05914306640625,-1.0258636474609375
1784719769073020416,22.191832542419434,0.0733795166015625,0.06451416015625,-0.9908599853515625
1784719769082940416,22.201752424240112,0.089385986328125,0.0946044921875,-1.006011962890625
1784719769092860416,22.21167254447937,0.0468292236328125,0.1558990478515625,-1.058135986328125
1784719769102780416,22.22159242630005,-0.00250244140625,0.158477783203125,-1.121826171875
1784719769112699392,22.23151135444641,-0.03839111328125,0.0268402099609375,-1.0936737060546875
1784719769122619392,22.24143147468567,0.0614776611328125,-0.088409423828125,-1.11798095703125
1784719769132539392,22.251351356506348,0.12139892578125,-0.0685272216796875,-1.0984649658203125
1784719769142459392,22.261271476745605,0.18487548828125,0.0688323974609375,-1.0373687744140625
1784719769152378368,22.271190404891968,0.1716766357421875,0.1982421875,-0.9612884521484375
1784719769162298368,22.281110525131226,0.0474395751953125,0.2197113037109375,-0.8946685791015625
1784719769172218368,22.291030406951904,0.0446929931640625,0.06866455078125,-0.885894775390625
1784719769182138368,22.300950527191162,0.104400634765625,-0.17266845703125,-0.9434814453125
1784719769192057344,22.310869455337524,0.136260986328125,-0.2991485595703125,-0.9800872802734375
1784719769201977600,22.320789575576782,0.284027099609375,-0.2852020263671875,-1.000030517578125
1784719769211897344,22.33070945739746,0.378021240234375,-0.159820556640625,-0.995635986328125
1784719769221817344,22.34062933921814,0.468231201171875,-0.00335693359375,-0.9712982177734375
1784719769231737344,22.350549459457397,0.530120849609375,0.0876922607421875,-0.9673614501953125
1784719769241656320,22.36046838760376,0.6703643798828125,-0.10333251953125,-1.1077728271484375
1784719769251576320,22.370388507843018,0.9182281494140625,-0.4574432373046875,-1.1944427490234375
1784719769261496320,22.380308389663696,1.0113677978515625,-0.5175933837890625,-1.2364349365234375
1784719769271416320,22.390228509902954,1.000152587890625,-0.257171630859375,-1.281036376953125
1784719769281335296,22.400147438049316,0.992523193359375,0.0424346923828125,-1.2581939697265625
1784719769291255552,22.410067558288574,0.98419189453125,0.10321044921875,-1.1692352294921875
1784719769301175296,22.419987440109253,0.9769439697265625,-0.0582275390625,-1.1993560791015625
1784719769311095552,22.42990756034851,0.9827117919921875,-0.005889892578125,-1.2547149658203125
1784719769321015296,22.43982744216919,0.9991607666015625,0.1913299560546875,-1.451751708984375
1784719769330934272,22.44974637031555,0.9759979248046875,0.1844024658203125,-1.501220703125
1784719769340854528,22.45966649055481,0.8768310546875,-0.017608642578125,-1.6452178955078125
1784719769350774272,22.46958637237549,0.7342529296875,-0.1641998291015625,-1.5546112060546875
1784719769360694528,22.479506492614746,0.548828125,-0.1551361083984375,-1.4875030517578125
1784719769370613248,22.48942542076111,0.4244537353515625,0.371612548828125,-0.506500244140625
1784719769380533504,22.499345541000366,0.6833343505859375,0.4634246826171875,-1.156402587890625
1784719769390453248,22.509265422821045,0.974151611328125,0.4184112548828125,-1.3359527587890625
1784719769400373504,22.519185543060303,1.0730438232421875,0.3612213134765625,-1.05609130859375
1784719769410293248,22.52910542488098,1.1690216064453125,0.4847412109375,-1.0560150146484375
1784719769420212224,22.539024353027344,1.1202850341796875,0.5776519775390625,-1.26214599609375
1784719769430132480,22.5489444732666,1.1885986328125,0.745574951171875,-2.5006256103515625
1784719769440052224,22.55886435508728,1.0892333984375,0.37274169921875,-2.347412109375
1784719769449972480,22.568784475326538,0.6352996826171875,-0.4362640380859375,-1.504791259765625
1784719769459891200,22.5787034034729,0.57037353515625,-0.77978515625,-1.2938690185546875
1784719769469811456,22.588623523712158,0.7928314208984375,-0.826629638671875,-1.3606109619140625
1784719769479731200,22.598543405532837,1.1220855712890625,-0.9797210693359375,-1.7603302001953125
1784719769489651456,22.608463525772095,1.425018310546875,-1.089447021484375,-1.8495330810546875
1784719769499571200,22.618383407592773,1.504180908203125,-0.9287567138671875,-1.9211883544921875
1784719769509490432,22.628302574157715,1.5287322998046875,-0.7872161865234375,-1.946197509765625
1784719769519410432,22.638222455978394,1.525421142578125,-0.7426300048828125,-2.15478515625
1784719769529330176,22.648142337799072,1.4910736083984375,-0.6519622802734375,-2.1900787353515625
1784719769539250432,22.65806245803833,1.7187042236328125,-0.7315826416015625,-2.278228759765625
1784719769549169408,22.667981386184692,1.95977783203125,-1.0193634033203125,-2.1351165771484375
1784719769559089408,22.67790150642395,2.162200927734375,-1.4779815673828125,-1.87255859375
1784719769569009408,22.68782138824463,2.2943572998046875,-1.831634521484375,-1.4855194091796875
1784719769578929408,22.697741508483887,2.51031494140625,-1.932525634765625,-1.1627655029296875
1784719769588848384,22.70766043663025,2.789642333984375,-1.9969940185546875,-0.998138427734375
1784719769598768384,22.717580556869507,2.850982666015625,-1.9886932373046875,-0.7945709228515625
1784719769608688384,22.727500438690186,2.8843994140625,-1.6902618408203125,-0.4578399658203125
1784719769618608384,22.737420558929443,2.9544677734375,-1.469146728515625,-0.1746368408203125
1784719769628528384,22.747340440750122,3.0598602294921875,-1.543853759765625,0.1715240478515625
1784719769638447360,22.757259368896484,3.12811279296875,-1.7291717529296875,0.46527099609375
1784719769648367360,22.767179489135742,3.228271484375,-1.7688140869140625,0.544708251953125
1784719769658287360,22.77709937095642,3.352569580078125,-1.6486358642578125,0.60302734375
1784719769668207360,22.78701949119568,3.4605865478515625,-1.506866455078125,0.6513671875
1784719769678126336,22.79693841934204,3.540252685546875,-1.5272216796875,0.71649169921875
1784719769688046336,22.8068585395813,3.5854339599609375,-1.526123046875,0.93353271484375
1784719769697966336,22.816778421401978,3.6843109130859375,-1.5224761962890625,1.1764068603515625
1784719769707886336,22.826698541641235,3.78265380859375,-1.5825958251953125,1.2677764892578125
1784719769717806336,22.836618423461914,3.8736572265625,-1.718902587890625,1.2877349853515625
1784719769727725312,22.846537351608276,4.004150390625,-1.9436187744140625,1.383636474609375
1784719769737645312,22.856457471847534,4.1360626220703125,-2.1846160888671875,1.415069580078125
1784719769747563776,22.86637592315674,4.2572174072265625,-2.123077392578125,1.53094482421875
1784719769757483776,22.876295804977417,4.3335723876953125,-1.9337310791015625,1.625579833984375
1784719769767403008,22.88621497154236,4.37353515625,-1.7916107177734375,1.627349853515625
1784719769777322752,22.896134853363037,4.3712158203125,-1.834930419921875,1.7575531005859375
1784719769787243008,22.906054973602295,5.1542816162109375,-0.9083099365234375,1.21295166015625
1784719769797162752,22.915974855422974,11.112625122070312,10.159683227539062,5.666839599609375
1784719769807081728,22.925893783569336,-0.6239776611328125,3.207733154296875,-0.167816162109375
1784719769817001728,22.935813903808594,2.4612884521484375,5.0233001708984375,1.3222808837890625
1784719769826921728,22.945733785629272,2.6235198974609375,2.0156097412109375,-0.678863525390625
1784719769836841728,22.95565390586853,4.492919921875,0.8558807373046875,1.703857421875
1784719769846761728,22.96557378768921,6.1017303466796875,0.7124786376953125,2.324798583984375
1784719769856680960,22.97549295425415,4.4409942626953125,2.44158935546875,1.3892822265625
1784719769866600704,22.98541283607483,1.6536102294921875,4.4849853515625,0.5027618408203125
1784719769876520960,22.995332956314087,-0.113037109375,4.5141448974609375,0.537261962890625
1784719769886440704,23.005252838134766,-1.0762481689453125,3.2768096923828125,0.8773193359375
1784719769896359680,23.015171766281128,-0.06890869140625,2.0520172119140625,1.1150970458984375
1784719769906279680,23.025091886520386,0.4947357177734375,0.1416473388671875,0.6781158447265625
1784719769916199680,23.035011768341064,0.416778564453125,2.27899169921875,0.9211578369140625
1784719769926119680,23.044931888580322,1.2549591064453125,2.31292724609375,0.2130889892578125
1784719769936039680,23.054851770401,1.352325439453125,1.8955230712890625,0.381439208984375
1784719769945958912,23.064770936965942,0.892425537109375,2.255157470703125,0.8046417236328125
1784719769955878656,23.07469081878662,0.554779052734375,2.2890472412109375,0.64813232421875
1784719769965798912,23.08461093902588,0.5015869140625,2.1776123046875,0.5177154541015625
1784719769975718656,23.094530820846558,0.4131317138671875,1.7541656494140625,0.48675537109375
1784719769985637888,23.1044499874115,0.3777008056640625,1.5529022216796875,0.6617584228515625
1784719769995557888,23.114369869232178,0.5791015625,1.43475341796875,0.4807891845703125
1784719770005477888,23.124289989471436,0.2519378662109375,1.8628082275390625,0.388641357421875
1784719770015397888,23.134209871292114,0.4837188720703125,1.6086273193359375,0.060150146484375
1784719770025316608,23.144128799438477,0.344635009765625,1.2648773193359375,0.471710205078125
1784719770035236864,23.154048919677734,0.2970733642578125,1.3119354248046875,0.24432373046875
1784719770045156608,23.163968801498413,0.031524658203125,1.367645263671875,0.1110687255859375
1784719770055076864,23.17388892173767,-0.12835693359375,1.577880859375,0.340972900390625
1784719770064996608,23.18380880355835,0.4618988037109375,1.0760650634765625,0.3834381103515625
1784719770074915840,23.19372797012329,0.6588897705078125,0.8667755126953125,0.069091796875
1784719770084835840,23.20364785194397,0.25054931640625,0.90185546875,0.1834564208984375
1784719770094755840,23.213567972183228,0.885650634765625,0.822418212890625,0.5406494140625
1784719770104675840,23.223487854003906,1.3489532470703125,0.6374359130859375,0.3322601318359375
1784719770114594816,23.23340678215027,1.162109375,0.9586639404296875,0.263946533203125
1784719770124514816,23.243326902389526,1.6776580810546875,1.13055419921875,0.2589263916015625
1784719770134434816,23.253246784210205,1.766937255859375,0.9628753662109375,0.1376953125
1784719770144354816,23.263166904449463,1.477020263671875,0.9342041015625,0.2581329345703125
1784719770154273792,23.273085832595825,1.25616455078125,0.9306182861328125,0.4416656494140625
1784719770164193792,23.283005952835083,0.90936279296875,0.749298095703125,0.270782470703125
1784719770174113792,23.29292583465576,0.5572967529296875,0.75885009765625,0.1938018798828125
1784719770184033792,23.30284595489502,0.4243011474609375,0.757568359375,0.1305694580078125
1784719770193953792,23.3127658367157,0.2778778076171875,0.85394287109375,0.096588134765625
1784719770203872768,23.32268476486206,0.44110107421875,0.99786376953125,-0.187835693359375
1784719770213792768,23.33260488510132,0.6747589111328125,1.249725341796875,-0.4881134033203125
1784719770223712768,23.342524766921997,1.0528564453125,0.9495391845703125,-0.5296173095703125
1784719770233632768,23.352444887161255,0.9556427001953125,0.72015380859375,-0.41632080078125
1784719770243551744,23.362363815307617,0.846099853515625,0.64141845703125,-0.4661712646484375
1784719770253471744,23.372283935546875,0.5195770263671875,0.7133941650390625,-0.3053436279296875
1784719770263391744,23.382203817367554,0.624969482421875,0.8948211669921875,-0.2248687744140625
1784719770273311744,23.39212393760681,0.5596466064453125,0.6749267578125,-0.410003662109375
1784719770283231744,23.40204381942749,0.5633697509765625,0.6983184814453125,-0.519989013671875
1784719770293150976,23.41196298599243,0.5896759033203125,0.74072265625,-0.6028594970703125
1784719770303070720,23.42188286781311,0.6331787109375,0.7321624755859375,-0.5823516845703125
1784719770312990976,23.431802988052368,0.4921875,0.796295166015625,-0.5563201904296875
1784719770322910720,23.441722869873047,0.4970855712890625,0.69073486328125,-0.573486328125
1784719770332829696,23.45164179801941,0.5020904541015625,0.5577392578125,-0.4739837646484375
1784719770342749952,23.461561918258667,0.5352020263671875,0.5796966552734375,-0.543121337890625
1784719770352669696,23.471481800079346,0.50518798828125,0.7062225341796875,-0.547821044921875
1784719770362589952,23.481401920318604,0.4087677001953125,0.7162933349609375,-0.573089599609375
1784719770372509696,23.491321802139282,0.3966217041015625,0.6813201904296875,-0.4756317138671875
1784719770382428928,23.501240968704224,0.3676605224609375,0.569427490234375,-0.4626312255859375
1784719770392348672,23.511160850524902,0.48870849609375,0.5758514404296875,-0.4405059814453125
1784719770402268928,23.52108097076416,0.4686737060546875,0.5834808349609375,-0.4666900634765625
1784719770412188672,23.53100085258484,0.4708404541015625,0.5557708740234375,-0.5136260986328125
1784719770422107648,23.5409197807312,0.49853515625,0.530975341796875,-0.611572265625
1784719770432027904,23.55083990097046,0.47467041015625,0.6311187744140625,-0.6994171142578125
1784719770441947648,23.560759782791138,0.498077392578125,0.672271728515625,-0.7286224365234375
1784719770451867904,23.570679903030396,0.4697418212890625,0.681182861328125,-0.698699951171875
1784719770461786624,23.580598831176758,0.3970794677734375,0.671722412109375,-0.6889801025390625
1784719770471706880,23.590518951416016,0.3344879150390625,0.7115020751953125,-0.7351226806640625
1784719770481626624,23.600438833236694,0.3932952880859375,0.654022216796875,-0.8291473388671875
1784719770491546880,23.610358953475952,0.421875,0.635711669921875,-0.8679656982421875
1784719770501466624,23.62027883529663,0.4356842041015625,0.5589752197265625,-0.8295135498046875
1784719770511385600,23.630197763442993,0.471282958984375,0.490234375,-0.8082122802734375
1784719770521305856,23.64011788368225,0.3741302490234375,0.492431640625,-0.7461395263671875
1784719770531225600,23.65003776550293,0.361297607421875,0.5229034423828125,-0.7530975341796875
1784719770541145856,23.659957885742188,0.3937835693359375,0.6086883544921875,-0.7411346435546875
1784719770551064832,23.66987681388855,0.404541015625,0.6575775146484375,-0.7969970703125
1784719770560984832,23.679796934127808,0.2959442138671875,0.6566009521484375,-0.7839813232421875
1784719770570904832,23.689716815948486,0.3621063232421875,0.7119140625,-0.85845947265625
1784719770580824832,23.699636936187744,0.4251708984375,0.711761474609375,-0.9167938232421875
1784719770590744832,23.709556818008423,0.4033660888671875,0.5995635986328125,-0.8818817138671875
1784719770600663808,23.719475984573364,0.3005523681640625,0.5030975341796875,-0.809326171875
1784719770610583808,23.729395866394043,0.3540802001953125,0.427520751953125,-0.7631378173828125
1784719770620503808,23.7393159866333,0.3974609375,0.3450775146484375,-0.795196533203125
1784719770630423808,23.74923586845398,0.397857666015625,0.3994598388671875,-0.8379058837890625
1784719770640342784,23.759154796600342,0.3646240234375,0.4580230712890625,-0.89776611328125
1784719770650262784,23.7690749168396,0.37078857421875,0.4723052978515625,-0.9221343994140625
1784719770660182784,23.77899479866028,0.37371826171875,0.4744415283203125,-0.8987884521484375
1784719770670102784,23.788914918899536,0.32275390625,0.424591064453125,-0.90753173828125
1784719770680021760,23.7988338470459,0.37200927734375,0.4479217529296875,-0.8809661865234375
1784719770689941760,23.808753967285156,0.298187255859375,0.489654541015625,-0.848358154296875
1784719770699861760,23.818673849105835,0.2812957763671875,0.4651336669921875,-0.88671875
1784719770709781760,23.828593969345093,0.2628326416015625,0.394500732421875,-0.84765625
1784719770719701760,23.83851385116577,0.32891845703125,0.322265625,-0.8055877685546875
1784719770729620736,23.848432779312134,0.3226165771484375,0.3282012939453125,-0.8228302001953125
1784719770739540736,23.85835289955139,0.3685150146484375,0.373931884765625,-0.8319091796875
1784719770749461760,23.868273735046387,0.4242401123046875,0.4041748046875,-0.8394012451171875
1784719770759381760,23.878193855285645,0.3608856201171875,0.3870849609375,-0.8153076171875
1784719770769301760,23.888113737106323,0.3652191162109375,0.4003448486328125,-0.8259429931640625
1784719770779220736,23.898032903671265,0.3162384033203125,0.4885711669921875,-0.90887451171875
1784719770789140736,23.907952785491943,0.2446746826171875,0.48931884765625,-0.8801727294921875
1784719770799060736,23.9178729057312,0.2520294189453125,0.4223480224609375,-0.8792572021484375
1784719770808980736,23.92779278755188,0.2508392333984375,0.4009246826171875,-0.8704681396484375
1784719770818899712,23.937711715698242,0.2608795166015625,0.3794403076171875,-0.859527587890625
1784719770828819712,23.9476318359375,0.277496337890625,0.353759765625,-0.87811279296875
1784719770838739712,23.95755171775818,0.281280517578125,0.3135833740234375,-0.8558502197265625
1784719770848659712,23.967471837997437,0.325469970703125,0.29132080078125,-0.88348388671875
1784719770858579712,23.977391719818115,0.3064117431640625,0.2826690673828125,-0.9064483642578125
1784719770868498688,23.987310886383057,0.3220672607421875,0.299896240234375,-0.9376220703125
1784719770878418688,23.997230768203735,0.3136749267578125,0.323516845703125,-0.934478759765625
1784719770888338688,24.007150888442993,0.3030853271484375,0.3344573974609375,-0.941802978515625
1784719770898258688,24.017070770263672,0.2981719970703125,0.3428955078125,-0.9538116455078125
1784719770908177920,24.026989936828613,0.2784271240234375,0.3408355712890625,-0.9752960205078125
1784719770918097664,24.036909818649292,0.3030548095703125,0.3358917236328125,-0.9842376708984375
1784719770928017920,24.04682993888855,0.2933502197265625,0.313140869140625,-1.0272369384765625
1784719770937937664,24.05674982070923,0.2511138916015625,0.2736053466796875,-1.0220489501953125
1784719770947857920,24.066669940948486,0.213714599609375,0.158050537109375,-0.9856109619140625
1784719770957776896,24.07658886909485,0.2331085205078125,0.1509246826171875,-0.950408935546875
1784719770967696640,24.086508750915527,0.25311279296875,0.185821533203125,-0.945465087890625
1784719770977616896,24.096428871154785,0.2841339111328125,0.22174072265625,-0.9696044921875
1784719770987536640,24.106348752975464,0.2836456298828125,0.3012847900390625,-0.9976348876953125
1784719770997455872,24.116267919540405,0.2707061767578125,0.317474365234375,-1.02325439453125
1784719771007375616,24.126187801361084,0.277862548828125,0.2960357666015625,-1.02838134765625
1784719771017295872,24.136107921600342,0.2567901611328125,0.2443695068359375,-0.99957275390625
1784719771027215616,24.14602780342102,0.2330474853515625,0.217559814453125,-0.9932708740234375
1784719771037134592,24.155946731567383,0.23846435546875,0.185546875,-1.00445556640625
1784719771047054848,24.16586685180664,0.2384796142578125,0.2022705078125,-0.98626708984375
1784719771056974592,24.17578673362732,0.2492218017578125,0.2305450439453125,-0.999969482421875
1784719771066894848,24.185706853866577,0.2297210693359375,0.218719482421875,-1.0639801025390625
1784719771076814592,24.195626735687256,0.197784423828125,0.2310943603515625,-1.0581207275390625
1784719771086733824,24.205545902252197,0.233184814453125,0.2136688232421875,-1.066253662109375
1784719771096653824,24.215465784072876,0.2498626708984375,0.1608734130859375,-1.062774658203125
1784719771106573824,24.225385904312134,0.24945068359375,0.13311767578125,-1.0781097412109375
1784719771116493824,24.235305786132812,0.23699951171875,0.15625,-1.087738037109375
1784719771126413824,24.24522590637207,0.238525390625,0.2025604248046875,-1.117156982421875
1784719771136332800,24.255144834518433,0.24664306640625,0.212615966796875,-1.0965118408203125
1784719771146252544,24.26506471633911,0.2086181640625,0.1731719970703125,-1.0925750732421875
1784719771156172800,24.27498483657837,0.201904296875,0.1468658447265625,-1.1139678955078125
1784719771166092544,24.284904718399048,0.1894378662109375,0.149658203125,-1.147125244140625
1784719771176011776,24.29482388496399,0.200439453125,0.137481689453125,-1.1321258544921875
1784719771185931776,24.304743766784668,0.1941375732421875,0.151153564453125,-1.127960205078125
1784719771195851776,24.314663887023926,0.179779052734375,0.154449462890625,-1.14312744140625
1784719771205771776,24.324583768844604,0.221282958984375,0.13861083984375,-1.1229248046875
1784719771215691776,24.334503889083862,0.208404541015625,0.1116485595703125,-1.0972900390625
1784719771225610752,24.344422817230225,0.2144622802734375,0.081207275390625,-1.1094818115234375
1784719771235530752,24.354342937469482,0.1623382568359375,0.0810699462890625,-1.106292724609375
1784719771245450752,24.36426281929016,0.09783935546875,0.072723388671875,-1.1131744384765625
1784719771255370752,24.37418293952942,0.11224365234375,0.077239990234375,-1.093780517578125
1784719771265289728,24.38410186767578,0.1229095458984375,0.11553955078125,-1.10162353515625
1784719771275209728,24.39402174949646,0.1466217041015625,0.1275787353515625,-1.1011962890625
1784719771285129728,24.403941869735718,0.14837646484375,0.140655517578125,-1.0901031494140625
1784719771295049728,24.413861751556396,0.15240478515625,0.118865966796875,-1.0846710205078125
1784719771304969728,24.423781871795654,0.12982177734375,0.0921173095703125,-1.09033203125
1784719771314888704,24.433700799942017,0.1274871826171875,0.1237335205078125,-1.102264404296875
1784719771324808960,24.443620920181274,0.1204681396484375,0.140350341796875,-1.0859222412109375
1784719771334728704,24.453540802001953,0.09967041015625,0.1260528564453125,-1.085418701171875
1784719771344648960,24.46346092224121,0.094451904296875,0.1398468017578125,-1.0711517333984375
1784719771354567680,24.473379850387573,0.0836944580078125,0.169921875,-1.0798492431640625
1784719771364487680,24.483299732208252,0.076751708984375,0.187408447265625,-1.0611114501953125
1784719771374407680,24.49321985244751,0.077606201171875,0.189453125,-1.049560546875
1784719771384327680,24.50313973426819,0.0600128173828125,0.1888427734375,-1.0424652099609375
1784719771394247680,24.513059854507446,0.05023193359375,0.1906585693359375,-1.058929443359375
1784719771404166656,24.52297878265381,0.03070068359375,0.1930389404296875,-1.0269927978515625
1784719771414086912,24.532898902893066,0.017059326171875,0.1624755859375,-1.017822265625
1784719771424006656,24.542818784713745,-0.00787353515625,0.178466796875,-1.0101165771484375
1784719771433926912,24.552738904953003,0.0160980224609375,0.1990509033203125,-0.9813079833984375
1784719771443846656,24.56265878677368,0.0194854736328125,0.2174530029296875,-0.9674530029296875
1784719771453765632,24.572577714920044,-0.011138916015625,0.225372314453125,-0.9416656494140625
1784719771463685632,24.5824978351593,-0.03582763671875,0.2199859619140625,-0.918792724609375
1784719771473605632,24.59241771697998,-0.051116943359375,0.18243408203125,-0.87152099609375
1784719771483525632,24.60233783721924,-0.07513427734375,0.1344146728515625,-0.815673828125
1784719771493444608,24.6122567653656,-0.0879058837890625,0.09075927734375,-0.7728424072265625
1784719771503364864,24.62217688560486,-0.0901641845703125,0.0500946044921875,-0.7347869873046875
1784719771513284608,24.632096767425537,-0.07861328125,0.01922607421875,-0.7173309326171875
1784719771523204864,24.642016887664795,-0.0916748046875,0.0316925048828125,-0.6496734619140625
1784719771533123840,24.651935815811157,-0.1170654296875,0.1649627685546875,-0.566009521484375
1784719771543043840,24.661855936050415,-0.077056884765625,0.3686370849609375,-0.575439453125
1784719771552963840,24.671775817871094,-0.077667236328125,0.4630279541015625,-0.62249755859375
1784719771562883840,24.68169593811035,-0.07196044921875,0.3983612060546875,-0.626251220703125
1784719771572803840,24.69161581993103,-0.0148773193359375,0.2645111083984375,-0.582061767578125
1784719771582722560,24.701534748077393,-0.05535888671875,0.203704833984375,-0.4945526123046875
1784719771592642816,24.71145486831665,-0.0998382568359375,0.1973114013671875,-0.3810882568359375
1784719771602562560,24.72137475013733,-0.1424713134765625,0.153717041015625,-0.36944580078125
1784719771612482816,24.731294870376587,-0.186248779296875,0.129150390625,-0.3715972900390625
1784719771622401792,24.74121379852295,-0.127471923828125,0.1246490478515625,-0.44085693359375
1784719771632321792,24.751133918762207,-0.0479736328125,0.2413482666015625,-0.5098876953125
1784719771642241792,24.761053800582886,0.0044708251953125,0.3665771484375,-0.5764923095703125
1784719771652161792,24.770973920822144,0.0225830078125,0.39996337890625,-0.6142120361328125
1784719771662081792,24.780893802642822,0.0400848388671875,0.31976318359375,-0.652313232421875
1784719771672000768,24.790812730789185,0.0277862548828125,0.1558380126953125,-0.5820770263671875
1784719771681920768,24.800732851028442,0.025665283203125,-0.0711822509765625,-0.543792724609375
1784719771691840768,24.81065273284912,0.0361328125,-0.1692962646484375,-0.5808563232421875
1784719771701760768,24.82057285308838,0.066986083984375,-0.0986480712890625,-0.642730712890625
1784719771711679744,24.83049178123474,0.1177825927734375,0.04095458984375,-0.70782470703125
1784719771721599744,24.840411901474,0.180755615234375,0.2431182861328125,-0.8018341064453125
1784719771731519744,24.850331783294678,0.22686767578125,0.3716583251953125,-0.8724517822265625
1784719771741439744,24.860251903533936,0.24041748046875,0.3898468017578125,-0.83721923828125
1784719771751358208,24.87017035484314,0.2030487060546875,0.2783660888671875,-0.817138671875
1784719771761277184,24.880089282989502,0.13897705078125,0.1732025146484375,-0.7557525634765625
1784719771771197440,24.89000940322876,0.1517486572265625,0.0264129638671875,-0.743011474609375
1784719771781117184,24.89992928504944,0.1850128173828125,-0.03240966796875,-0.757720947265625
1784719771791037440,24.909849405288696,0.2496337890625,0.03558349609375,-0.854522705078125
1784719771800956160,24.91976833343506,0.290283203125,0.13690185546875,-0.9660491943359375
1784719771810876160,24.929688215255737,0.1929168701171875,0.105010986328125,-1.06488037109375
1784719771820796160,24.939608335494995,0.16180419921875,0.0540008544921875,-1.1523590087890625
1784719771830716160,24.949528217315674,0.1609954833984375,0.0938873291015625,-1.2264251708984375
1784719771840636160,24.95944833755493,0.1536712646484375,0.147613525390625,-1.307769775390625
1784719771850555136,24.969367265701294,0.0997467041015625,0.1663970947265625,-1.3876495361328125
1784719771860475392,24.97928738594055,0.009521484375,0.224578857421875,-1.408721923828125
1784719771870395136,24.98920726776123,0.04656982421875,0.2295379638671875,-1.4093017578125
1784719771880315392,24.99912738800049,0.0177764892578125,0.167388916015625,-1.4114227294921875
1784719771890235136,25.009047269821167,0.11358642578125,0.073822021484375,-1.40948486328125
1784719771900154368,25.01896643638611,0.1749267578125,0.023681640625,-1.40386962890625
1784719771910074112,25.028886318206787,0.235565185546875,-0.0312652587890625,-1.4028472900390625
1784719771919994368,25.038806438446045,0.1998443603515625,-0.0983734130859375,-1.321258544921875
1784719771929914112,25.048726320266724,0.147247314453125,-0.0605316162109375,-1.2916412353515625
1784719771939833088,25.058645248413086,0.153656005859375,-0.0120086669921875,-1.36822509765625
1784719771949753344,25.068565368652344,0.2021026611328125,0.0263214111328125,-1.39263916015625
1784719771959673088,25.078485250473022,0.2962799072265625,0.0313720703125,-1.4075469970703125
1784719771969593344,25.08840537071228,0.3163909912109375,-0.0717620849609375,-1.3727874755859375
1784719771979513088,25.09832525253296,0.4116058349609375,-0.1281280517578125,-1.29583740234375
1784719771989432320,25.1082444190979,0.5087890625,-0.1343536376953125,-1.23260498046875
1784719771999352320,25.11816430091858,0.6298828125,-0.175994873046875,-1.1836090087890625
1784719772009272320,25.128084421157837,0.56793212890625,-0.2350311279296875,-1.1905517578125
1784719772019192320,25.138004302978516,0.5207672119140625,-0.214141845703125,-1.21905517578125
1784719772029111040,25.147923231124878,0.484100341796875,-0.1211700439453125,-1.2720184326171875
1784719772039031296,25.157843351364136,0.4080352783203125,-0.025604248046875,-1.3238525390625
1784719772048951040,25.167763233184814,0.3413543701171875,-0.00555419921875,-1.2890472412109375
1784719772058871296,25.177683353424072,0.27587890625,-0.030670166015625,-1.2432403564453125
1784719772068791040,25.18760323524475,0.2433319091796875,-0.0053558349609375,-1.159912109375
1784719772078710272,25.197522401809692,0.282745361328125,-0.00555419921875,-1.16522216796875
1784719772088630272,25.20744228363037,0.265838623046875,-0.0520172119140625,-1.1505279541015625
1784719772098550272,25.21736240386963,0.2693328857421875,-0.0359039306640625,-1.0821075439453125
1784719772108470272,25.227282285690308,0.342803955078125,-0.0020751953125,-1.0484466552734375
1784719772118389248,25.23720121383667,0.322113037109375,0.0503692626953125,-1.0363616943359375
1784719772128309248,25.247121334075928,0.2446441650390625,0.0763092041015625,-1.0379791259765625
1784719772138229248,25.257041215896606,0.2569427490234375,0.0560760498046875,-1.0811767578125
1784719772148149248,25.266961336135864,0.200836181640625,0.1197662353515625,-1.1089324951171875
1784719772158069248,25.276881217956543,0.147918701171875,0.1400299072265625,-1.1002197265625
1784719772167988224,25.286800384521484,0.1309814453125,0.1485137939453125,-1.0767669677734375
1784719772177908224,25.296720266342163,0.1130828857421875,0.179351806640625,-1.0886077880859375
1784719772187828224,25.30664038658142,0.1014556884765625,0.1726837158203125,-1.1433258056640625
1784719772197748224,25.3165602684021,0.102081298828125,0.1275482177734375,-1.1626129150390625
1784719772207667456,25.32647943496704,0.113922119140625,0.097442626953125,-1.152313232421875
1784719772217587200,25.33639931678772,0.1128082275390625,0.1113739013671875,-1.1520233154296875
1784719772227507456,25.346319437026978,0.116058349609375,0.0911102294921875,-1.173553466796875
1784719772237427200,25.356239318847656,0.100616455078125,0.043548583984375,-1.14654541015625
1784719772247347456,25.366159439086914,0.1326751708984375,0.000701904296875,-1.153106689453125
1784719772257266176,25.376078367233276,0.1285400390625,0.0298614501953125,-1.1488189697265625
1784719772267186176,25.385998249053955,0.1090087890625,0.0786285400390625,-1.13311767578125
1784719772277106176,25.395918369293213,0.1117401123046875,0.11932373046875,-1.087371826171875
1784719772287026176,25.40583825111389,0.1026458740234375,0.1441802978515625,-1.0704345703125
1784719772296945408,25.415757417678833,0.12139892578125,0.1019287109375,-1.0775299072265625
1784719772306865152,25.42567729949951,0.1044769287109375,0.0389404296875,-1.0706634521484375
1784719772316785408,25.43559741973877,0.092498779296875,0.022216796875,-1.0746002197265625
1784719772326705152,25.44551730155945,0.08050537109375,0.0426788330078125,-1.05816650390625
1784719772336625408,25.455437421798706,0.0889892578125,0.0823516845703125,-1.08502197265625
1784719772346544384,25.46535634994507,0.0276031494140625,0.104583740234375,-1.0812835693359375
1784719772356464128,25.475276231765747,-0.0163116455078125,0.0892181396484375,-1.070587158203125
1784719772366384384,25.485196352005005,0.003143310546875,0.1189727783203125,-1.09600830078125
1784719772376304128,25.495116233825684,0.002716064453125,0.1259307861328125,-1.097320556640625
1784719772386223360,25.505035400390625,-0.02325439453125,0.108489990234375,-1.0512847900390625
1784719772396143104,25.514955282211304,-0.057525634765625,0.0915679931640625,-0.9799346923828125
1784719772406063360,25.52487540245056,-0.0502471923828125,0.0941162109375,-0.9185333251953125
1784719772415983104,25.53479528427124,-0.075347900390625,0.0736236572265625,-0.8571014404296875
1784719772425902336,25.54471445083618,-0.060211181640625,0.0396881103515625,-0.81292724609375
1784719772435822336,25.55463433265686,-0.0758056640625,0.0458984375,-0.816162109375
1784719772445742080,25.56455421447754,-0.0698394775390625,0.0669708251953125,-0.8022613525390625
1784719772455662336,25.574474334716797,-0.07391357421875,0.0762176513671875,-0.782958984375
1784719772465582080,25.584394216537476,-0.10614013671875,0.127197265625,-0.7836761474609375
1784719772475501312,25.594313383102417,-0.1114959716796875,0.1335601806640625,-0.74310302734375
1784719772485421056,25.604233264923096,-0.1123504638671875,0.1269073486328125,-0.6925811767578125
1784719772495341312,25.614153385162354,-0.0933685302734375,0.1680908203125,-0.677581787109375
1784719772505261056,25.624073266983032,-0.0781707763671875,0.243194580078125,-0.6934967041015625
1784719772515181312,25.63399338722229,-0.070068359375,0.286163330078125,-0.712982177734375
1784719772525100288,25.643912315368652,-0.0909881591796875,0.2990875244140625,-0.688934326171875
1784719772535020288,25.65383243560791,-0.117156982421875,0.2416534423828125,-0.6646575927734375
1784719772544940288,25.66375231742859,-0.114776611328125,0.1553192138671875,-0.64251708984375
1784719772554860288,25.673672437667847,-0.122222900390625,0.1479644775390625,-0.6199493408203125
1784719772564779264,25.68359136581421,-0.103271484375,0.1621551513671875,-0.63775634765625
1784719772574699264,25.693511247634888,-0.0836944580078125,0.1795654296875,-0.644073486328125
1784719772584619264,25.703431367874146,-0.0595550537109375,0.1815338134765625,-0.6384429931640625
1784719772594539264,25.713351249694824,-0.066009521484375,0.1966094970703125,-0.6720123291015625
1784719772604458240,25.723270416259766,-0.0844879150390625,0.25408935546875,-0.68487548828125
1784719772614378240,25.733190298080444,-0.0982666015625,0.30450439453125,-0.7236785888671875
1784719772624298240,25.743110418319702,-0.0985260009765625,0.330108642578125,-0.72613525390625
1784719772634218240,25.75303030014038,-0.0899810791015625,0.30950927734375,-0.7186279296875
1784719772644138240,25.76295042037964,-0.0797271728515625,0.2407073974609375,-0.663604736328125
1784719772654057216,25.772869348526,-0.062408447265625,0.1618499755859375,-0.609283447265625
1784719772663977216,25.78278923034668,-0.0141143798828125,0.07879638671875,-0.6346282958984375
1784719772673897216,25.792709350585938,-0.039215087890625,0.034881591796875,-0.6480865478515625
1784719772683817216,25.802629232406616,-0.082916259765625,0.0309295654296875,-0.6757659912109375
1784719772693736192,25.812548398971558,-0.1007080078125,0.0243072509765625,-0.718719482421875
1784719772703656192,25.822468280792236,-0.0770721435546875,0.0024566650390625,-0.7444610595703125
1784719772713576192,25.832388401031494,-0.06982421875,-0.0324249267578125,-0.7981414794921875
1784719772723496192,25.842308282852173,-0.08062744140625,-0.00665283203125,-0.8840179443359375
1784719772733416192,25.85222840309143,-0.0166168212890625,-0.019989013671875,-1.0216522216796875
1784719772743335424,25.862147569656372,-0.0241241455078125,0.0277252197265625,-1.1222076416015625
1784719772753255680,25.87206768989563,-0.004302978515625,0.093902587890625,-1.240478515625
1784719772763175424,25.88198757171631,-0.0453338623046875,0.0449981689453125,-1.1592559814453125
1784719772773095680,25.891907691955566,-0.1386260986328125,-0.0358428955078125,-1.0546417236328125
1784719772783014656,25.90182662010193,-0.183990478515625,0.0341949462890625,-0.972259521484375
1784719772792934656,25.911746740341187,-0.257080078125,0.3002777099609375,-1.010589599609375
1784719772802854656,25.921666622161865,-0.2295989990234375,0.5595245361328125,-1.1104583740234375
1784719772812774656,25.931586742401123,-0.1483001708984375,0.6774139404296875,-1.183074951171875
1784719772822693632,25.941505670547485,-0.1378936767578125,0.631011962890625,-1.1246490478515625
1784719772832613376,25.951425552368164,-0.1526947021484375,0.4665069580078125,-1.0626220703125
1784719772842533632,25.961345672607422,-0.189605712890625,0.388031005859375,-0.9138946533203125
1784719772852453376,25.9712655544281,-0.2137908935546875,0.4104766845703125,-0.841827392578125
1784719772862373632,25.98118567466736,-0.10791015625,0.4046783447265625,-0.8277130126953125
1784719772872292608,25.99110460281372,-0.030364990234375,0.328765869140625,-0.88653564453125
1784719772882212608,26.00102472305298,0.0837554931640625,0.20599365234375,-0.9343109130859375
1784719772892132608,26.010944604873657,0.16925048828125,0.0841217041015625,-1.0220794677734375
1784719772902052608,26.020864725112915,0.3181610107421875,-0.0179595947265625,-1.1627960205078125
1784719772911971584,26.030783653259277,0.3542938232421875,-0.0547027587890625,-1.2654266357421875
1784719772921891328,26.040703535079956,0.2982635498046875,0.206878662109375,-1.089691162109375
1784719772931811584,26.050623655319214,0.2965240478515625,0.73980712890625,-0.9922943115234375
1784719772941731328,26.060543537139893,0.3001556396484375,0.99749755859375,-1.0415496826171875
1784719772951651584,26.07046365737915,0.25286865234375,0.9293975830078125,-0.96868896484375
1784719772961570560,26.080382585525513,0.2033843994140625,0.71820068359375,-0.8229827880859375
1784719772971490560,26.09030270576477,0.199920654296875,0.647064208984375,-0.8574676513671875
1784719772981410560,26.10022258758545,0.179840087890625,0.798797607421875,-0.8411712646484375
1784719772991330560,26.110142707824707,0.1623687744140625,0.860015869140625,-0.8404541015625
1784719773001249536,26.12006163597107,0.0830841064453125,0.961334228515625,-0.7918243408203125
1784719773011169536,26.129981517791748,-0.010345458984375,1.0963897705078125,-0.7451171875
1784719773021089536,26.139901638031006,0.04559326171875,1.167236328125,-0.7968902587890625
1784719773031009536,26.149821519851685,0.1847991943359375,1.2115936279296875,-0.875457763671875
1784719773040929536,26.159741640090942,0.310150146484375,1.2454071044921875,-0.95233154296875
1784719773050848512,26.169660568237305,0.336181640625,1.2012939453125,-0.9425506591796875
1784719773060768512,26.179580688476562,0.3268585205078125,1.136932373046875,-0.898681640625
1784719773070688512,26.18950057029724,0.34344482421875,1.1946258544921875,-0.8797607421875
1784719773080608512,26.1994206905365,0.2879638671875,1.2656097412109375,-0.84613037109375
1784719773090527488,26.20933961868286,0.2553558349609375,1.128692626953125,-0.7500457763671875
1784719773100447744,26.21925973892212,0.26788330078125,0.8756256103515625,-0.6285858154296875
1784719773110367488,26.229179620742798,0.233001708984375,0.700927734375,-0.463470458984375
1784719773120287744,26.239099740982056,0.1434478759765625,0.57745361328125,-0.3742218017578125
1784719773130206464,26.249018669128418,0.060089111328125,0.5667572021484375,-0.3020477294921875
1784719773140126464,26.258938550949097,0.0968170166015625,0.639129638671875,-0.237640380859375
1784719773150046464,26.268858671188354,0.1815185546875,0.72222900390625,-0.190338134765625
1784719773159966464,26.278778553009033,0.256378173828125,0.68890380859375,-0.1907958984375
1784719773169886464,26.28869867324829,0.33697509765625,0.576934814453125,-0.115447998046875
1784719773179805440,26.298617601394653,0.3948822021484375,0.386688232421875,-0.035675048828125
1784719773189725696,26.30853772163391,0.3720855712890625,0.163330078125,0.046173095703125
1784719773199645440,26.31845760345459,0.220855712890625,0.049652099609375,0.1938629150390625
1784719773209565696,26.328377723693848,0.2761077880859375,0.08575439453125,0.23614501953125
1784719773219484672,26.33829665184021,0.3271484375,0.304840087890625,0.3213348388671875
1784719773229404416,26.34821653366089,0.347930908203125,0.424224853515625,0.22979736328125
1784719773239324672,26.358136653900146,0.449493408203125,0.1488494873046875,0.144317626953125
1784719773249244416,26.368056535720825,0.5267181396484375,-0.32855224609375,-0.12530517578125
1784719773259163648,26.377975702285767,0.490081787109375,-0.68560791015625,-0.2264404296875
1784719773269083392,26.387895584106445,0.4542083740234375,-0.9637908935546875,-0.297027587890625
1784719773279003648,26.397815704345703,0.5045013427734375,-0.9496002197265625,-0.3950653076171875
1784719773288923392,26.407735586166382,0.6619873046875,-0.6835479736328125,-0.390960693359375
1784719773298843648,26.41765570640564,0.719970703125,-0.529144287109375,-0.4876251220703125
1784719773308762624,26.427574634552002,0.7250213623046875,-0.494964599609375,-0.576812744140625
1784719773318682368,26.43749451637268,0.8300628662109375,-0.8869476318359375,-0.6642303466796875
1784719773328602624,26.44741463661194,1.02081298828125,-1.3195037841796875,-0.7568511962890625
1784719773338522368,26.457334518432617,1.2518768310546875,-1.7276458740234375,-0.8680877685546875
1784719773348441600,26.46725368499756,1.4651641845703125,-1.981170654296875,-0.9552154541015625
1784719773358361600,26.477173566818237,1.6855010986328125,-2.0791168212890625,-1.003814697265625
1784719773368281600,26.487093687057495,1.891265869140625,-2.232879638671875,-1.159912109375
1784719773378201600,26.497013568878174,2.06280517578125,-2.1649017333984375,-1.2900390625
1784719773388121600,26.50693368911743,2.128997802734375,-1.8762359619140625,-1.2595062255859375
1784719773398040576,26.516852617263794,2.1990509033203125,-1.849609375,-1.4030609130859375
1784719773407960576,26.52677273750305,1.9645538330078125,-1.9011688232421875,-1.7091064453125
1784719773417880576,26.53669261932373,1.7552947998046875,-1.3314056396484375,-1.754730224609375
1784719773427800576,26.54661273956299,1.876373291015625,-0.5845794677734375,-1.3279571533203125
1784719773437719552,26.55653166770935,1.947296142578125,-0.5251617431640625,-1.12603759765625
1784719773447639552,26.56645154953003,1.6297149658203125,-0.4734344482421875,-0.7935638427734375
1784719773457559552,26.576371669769287,1.3172149658203125,-0.3205413818359375,-0.4743499755859375
1784719773467479552,26.586291551589966,1.0240936279296875,0.0985260009765625,0.1017303466796875
1784719773477398528,26.596210718154907,0.7679290771484375,0.50286865234375,0.4964447021484375
1784719773487318528,26.606130599975586,0.8303985595703125,0.688446044921875,0.219146728515625
1784719773497238528,26.616050720214844,1.0796661376953125,0.8212890625,-0.0601654052734375
1784719773507158528,26.625970602035522,1.499298095703125,0.819488525390625,0.0115509033203125
1784719773517078528,26.63589072227478,2.171661376953125,0.6979522705078125,-0.1594085693359375
1784719773526997504,26.645809650421143,2.6032867431640625,0.9048309326171875,-0.3831634521484375
1784719773536917504,26.65572953224182,3.0714111328125,0.4619293212890625,-0.91119384765625
1784719773546837504,26.66564965248108,3.8494720458984375,-0.26007080078125,-1.6136016845703125
1784719773556757504,26.675569534301758,4.011810302734375,-0.1078338623046875,-1.760284423828125
1784719773566676736,26.6854887008667,3.4315185546875,0.4764862060546875,-1.88946533203125
1784719773576596480,26.695408582687378,3.559478759765625,-0.0843658447265625,-1.647705078125
1784719773586516736,26.705328702926636,3.0816802978515625,-0.3793182373046875,-1.0414276123046875
1784719773596436480,26.715248584747314,2.7592315673828125,-0.83453369140625,-0.5797119140625
1784719773606356736,26.725168704986572,3.2982330322265625,-0.8590240478515625,-0.610076904296875
1784719773616275456,26.735087633132935,3.3900299072265625,-0.51971435546875,-0.8887176513671875
1784719773626195456,26.745007514953613,3.6033935546875,-0.6512451171875,-1.3758697509765625
1784719773636115456,26.75492763519287,3.1797943115234375,-0.8930816650390625,-1.2900238037109375
1784719773646035456,26.76484751701355,3.22955322265625,-0.949066162109375,-1.3362274169921875
1784719773655954688,26.77476668357849,3.2104034423828125,-0.7562103271484375,-1.71380615234375
1784719773665874432,26.78468656539917,2.981964111328125,-0.07000732421875,-2.0272979736328125
1784719773675794688,26.794606685638428,2.8827972412109375,0.28564453125,-2.6705474853515625
1784719773685714432,26.804526567459106,2.419403076171875,0.2357940673828125,-2.917510986328125
1784719773695633664,26.814445734024048,2.7379608154296875,0.7838287353515625,-2.5047760009765625
1784719773705553408,26.824365615844727,2.9874420166015625,1.1675262451171875,-2.8414154052734375
1784719773715473664,26.834285736083984,2.2447357177734375,1.4666290283203125,-3.44580078125
1784719773725393408,26.844205617904663,2.02740478515625,1.4659423828125,-3.3576202392578125
1784719773735313664,26.85412573814392,2.0382080078125,0.91668701171875,-2.587310791015625
1784719773745232896,26.864044904708862,2.0138702392578125,0.5172271728515625,-2.410888671875
1784719773755152896,26.87396502494812,2.234649658203125,0.9012908935546875,-1.73638916015625
1784719773765072896,26.8838849067688,2.474853515625,1.239654541015625,-0.8246612548828125
1784719773774992896,26.893805027008057,3.1858367919921875,1.8574066162109375,-0.25836181640625
1784719773784911872,26.90372395515442,4.082672119140625,2.1258697509765625,-0.2129058837890625
1784719773794831872,26.913644075393677,4.2928619384765625,1.604705810546875,-0.304840087890625
1784719773804751872,26.923563957214355,4.1085052490234375,0.8827362060546875,-0.3160552978515625
1784719773814671872,26.933484077453613,3.7876434326171875,0.6458587646484375,-0.6212615966796875
1784719773824590848,26.943403005599976,3.5355224609375,0.981964111328125,-1.2836456298828125
1784719773834510848,26.953322887420654,3.456024169921875,1.2093963623046875,-1.7112579345703125
1784719773844430848,26.963243007659912,3.717437744140625,1.0360870361328125,-1.39923095703125
1784719773854350848,26.97316288948059,4.217010498046875,0.838104248046875,-0.771575927734375
1784719773864270848,26.98308300971985,4.5892333984375,0.7939910888671875,-0.2474212646484375
1784719773874189824,26.99300193786621,5.0611419677734375,0.986724853515625,0.0810699462890625
1784719773884110080,27.00292205810547,5.4211273193359375,1.210052490234375,0.2155609130859375
1784719773894029824,27.012841939926147,5.4289093017578125,1.3714599609375,0.4265289306640625
1784719773903950080,27.022762060165405,5.3612823486328125,1.411651611328125,0.609619140625
1784719773913868800,27.032680988311768,5.2234649658203125,1.38458251953125,0.8045654296875
1784719773923789056,27.042601108551025,4.983917236328125,1.510284423828125,1.021942138671875
1784719773933708800,27.052520990371704,4.92974853515625,1.71392822265625,1.309234619140625
1784719773943629056,27.062441110610962,4.7235870361328125,1.94158935546875,1.5893096923828125
1784719773953548032,27.072360038757324,4.1932220458984375,2.0864715576171875,1.839508056640625
1784719773963467776,27.082279920578003,3.588470458984375,1.98126220703125,1.9579010009765625
1784719773973388032,27.09220004081726,3.2051544189453125,1.750732421875,2.02740478515625
1784719773983307776,27.10211992263794,3.0675201416015625,1.33526611328125,1.962310791015625
1784719773993228032,27.112040042877197,2.85430908203125,0.9639892578125,2.0194854736328125
1784719774003147008,27.12195897102356,2.1228790283203125,1.264556884765625,1.9348907470703125
1784719774013067008,27.131879091262817,2.5884857177734375,2.3661041259765625,1.37933349609375
1784719774022987008,27.141798973083496,2.2716522216796875,2.6349639892578125,0.85784912109375
1784719774032907008,27.151719093322754,2.3419952392578125,2.7544403076171875,0.7965240478515625
1784719774042825984,27.161638021469116,2.79351806640625,7.143829345703125,0.216949462890625
1784719774052745728,27.171557903289795,1.3698883056640625,4.988677978515625,2.0404510498046875
1784719774062665984,27.181478023529053,0.3628082275390625,1.2587127685546875,1.27154541015625
1784719774072585728,27.19139790534973,-0.088623046875,1.698455810546875,1.721527099609375
1784719774082504960,27.201317071914673,-0.0526275634765625,1.984771728515625,1.1613616943359375
1784719774092424960,27.21123695373535,0.385650634765625,1.9622650146484375,1.0684967041015625
1784719774102344960,27.22115707397461,0.45489501953125,1.29022216796875,0.92132568359375
1784719774112264960,27.231076955795288,0.23193359375,1.1460418701171875,0.71820068359375
1784719774122184960,27.240997076034546,0.2540435791015625,1.4634246826171875,0.44287109375
1784719774132103936,27.250916004180908,0.2068023681640625,1.6423492431640625,0.1557159423828125
1784719774142023680,27.260835886001587,0.1245880126953125,1.5591278076171875,-0.3331298828125
1784719774151943936,27.270756006240845,0.0567474365234375,1.26953125,-0.302734375
1784719774161863680,27.280675888061523,0.0724639892578125,1.0374298095703125,-0.4319000244140625
1784719774171782912,27.290595054626465,0.17169189453125,0.91204833984375,-0.5217437744140625
1784719774181702912,27.300514936447144,0.1919708251953125,0.8276519775390625,-0.8083038330078125
1784719774191622912,27.3104350566864,0.0343475341796875,1.11309814453125,-0.908233642578125
1784719774201542912,27.32035493850708,-0.0847015380859375,1.339111328125,-1.04022216796875
1784719774211462144,27.33027410507202,-0.1094512939453125,1.2833251953125,-1.2523040771484375
1784719774221381888,27.3401939868927,-0.11199951171875,0.8224945068359375,-1.2638702392578125
1784719774231302144,27.350114107131958,-0.4097137451171875,0.92120361328125,-1.17633056640625
1784719774241221888,27.360033988952637,-0.2692718505859375,1.0411224365234375,-1.28570556640625
1784719774251140864,27.369952917099,-0.318511962890625,0.9152069091796875,-0.7677001953125
1784719774261060864,27.379873037338257,-0.0238189697265625,0.8239593505859375,-0.877166748046875
1784719774270980864,27.389792919158936,0.009490966796875,0.3641357421875,-0.7916107177734375
1784719774280900864,27.399713039398193,0.7640838623046875,0.144866943359375,-0.513427734375
1784719774290820864,27.409632921218872,0.12823486328125,0.368988037109375,-0.351959228515625
1784719774300740096,27.419552087783813,-0.1225128173828125,0.5877227783203125,-0.6522369384765625
1784719774310659840,27.429471969604492,0.13079833984375,0.6633758544921875,-0.74407958984375
1784719774320580096,27.43939208984375,0.430450439453125,0.4897003173828125,-0.921295166015625
1784719774330499840,27.44931197166443,0.446746826171875,0.3331756591796875,-0.854827880859375
1784719774340418816,27.45923089981079,0.4003448486328125,0.3937225341796875,-0.909088134765625
1784719774350338816,27.46915102005005,0.4347686767578125,0.62835693359375,-0.95379638671875
1784719774360258816,27.479070901870728,0.570098876953125,0.852813720703125,-1.0987396240234375
1784719774370178816,27.488991022109985,0.5035247802734375,0.8953094482421875,-1.0534515380859375
1784719774380097792,27.498909950256348,0.516021728515625,0.6912994384765625,-1.1173248291015625
1784719774390018048,27.508830070495605,0.45452880859375,0.4108734130859375,-1.2304840087890625
1784719774399937792,27.518749952316284,0.3123779296875,0.161773681640625,-1.1923828125
1784719774409858048,27.528670072555542,0.22564697265625,0.0872344970703125,-0.9500579833984375
1784719774419777792,27.53858995437622,0.1631622314453125,0.1966400146484375,-0.731414794921875
1784719774429696768,27.548508882522583,0.1747589111328125,0.3666229248046875,-0.709930419921875
1784719774439617024,27.55842900276184,0.1813507080078125,0.6804046630859375,-0.7538299560546875
1784719774449536768,27.56834888458252,0.130096435546875,0.8560333251953125,-1.00555419921875
1784719774459457024,27.578269004821777,0.1773529052734375,0.953704833984375,-1.12457275390625
1784719774469375744,27.58818793296814,0.271209716796875,1.056304931640625,-1.1804962158203125
1784719774479296000,27.598108053207397,0.286590576171875,1.0860595703125,-1.384002685546875
1784719774489215744,27.608027935028076,0.31268310546875,1.1151885986328125,-1.4442901611328125
1784719774499136000,27.617948055267334,0.3232269287109375,1.1785430908203125,-1.374603271484375
1784719774509054976,27.627866983413696,0.327392578125,1.2470855712890625,-1.2866363525390625
1784719774518974976,27.637787103652954,0.3307647705078125,1.4086761474609375,-1.2761383056640625
1784719774528894976,27.647706985473633,0.337005615234375,1.4946136474609375,-1.37811279296875
1784719774538814976,27.65762710571289,0.3192138671875,1.4247283935546875,-1.4331817626953125
1784719774548734976,27.66754698753357,0.2589874267578125,1.3412933349609375,-1.3759613037109375
1784719774558653952,27.67746591567993,0.3080902099609375,1.246734619140625,-1.335418701171875
1784719774568573952,27.68738603591919,0.4240875244140625,1.1627349853515625,-1.2151641845703125
1784719774578493952,27.697305917739868,0.48089599609375,1.143798828125,-1.049957275390625
1784719774588413952,27.707226037979126,0.4160919189453125,1.2225799560546875,-0.884674072265625
1784719774598332928,27.71714496612549,0.3219146728515625,1.2626495361328125,-0.838226318359375
1784719774608252928,27.727065086364746,0.246124267578125,1.174713134765625,-0.734375
1784719774618172928,27.736984968185425,0.1903533935546875,1.1107635498046875,-0.59918212890625
1784719774628092928,27.746905088424683,0.2161712646484375,0.9581146240234375,-0.5569610595703125
1784719774638012928,27.75682497024536,0.199554443359375,0.854766845703125,-0.4567413330078125
1784719774647931904,27.766743898391724,0.188690185546875,0.796356201171875,-0.4585418701171875
1784719774657851904,27.77666401863098,0.171966552734375,0.8251953125,-0.4457855224609375
1784719774667771904,27.78658390045166,0.179107666015625,0.871826171875,-0.442474365234375
1784719774677691904,27.796504020690918,0.1539306640625,0.9149322509765625,-0.466796875
1784719774687610880,27.80642294883728,0.1743011474609375,0.9064178466796875,-0.54296875
1784719774697530880,27.816343069076538,0.135833740234375,0.7521514892578125,-0.52227783203125
1784719774707450880,27.826262950897217,0.1783447265625,0.511749267578125,-0.3967437744140625
1784719774717370880,27.836183071136475,0.147491455078125,0.30548095703125,-0.3017578125
1784719774727289856,27.846101999282837,0.156951904296875,0.1982574462890625,-0.2144012451171875
1784719774737209856,27.856021881103516,0.0916595458984375,0.1583404541015625,-0.1182403564453125
1784719774747130624,27.86594271659851,0.0445709228515625,0.213836669921875,-0.0184783935546875
1784719774757050880,27.87586283683777,0.0117034912109375,0.2799224853515625,0.0875701904296875
1784719774766970624,27.885782718658447,-0.0072479248046875,0.1885986328125,0.135528564453125
1784719774776889856,27.89570188522339,-0.0110931396484375,-0.0291290283203125,0.08148193359375
1784719774786809600,27.905621767044067,0.0260772705078125,-0.234954833984375,-0.0028228759765625
1784719774796729856,27.915541887283325,0.1016998291015625,-0.3719024658203125,-0.040191650390625
1784719774806649600,27.925461769104004,0.186981201171875,-0.4319305419921875,-0.1310577392578125
1784719774816568832,27.935380935668945,0.2374267578125,-0.3033905029296875,-0.171173095703125
1784719774826488832,27.945300817489624,0.225738525390625,-0.0659027099609375,-0.2418975830078125
1784719774836408832,27.955220937728882,0.174591064453125,-0.08856201171875,-0.2651214599609375
1784719774846328832,27.96514081954956,0.174072265625,-0.3917083740234375,-0.2913665771484375
1784719774856247552,27.975059747695923,0.1748504638671875,-0.6587066650390625,-0.3524017333984375
1784719774866167808,27.98497986793518,0.2851104736328125,-0.81695556640625,-0.4511871337890625
1784719774876087552,27.99489974975586,0.49713134765625,-0.758544921875,-0.615692138671875
1784719774886007808,28.004819869995117,0.6231536865234375,-0.45355224609375,-0.65081787109375
1784719774895927552,28.014739751815796,0.8228912353515625,-0.2882080078125,-0.756256103515625
1784719774905846784,28.024658918380737,0.98388671875,-0.2718963623046875,-0.7896728515625
1784719774915766784,28.034578800201416,1.09967041015625,-0.439239501953125,-0.7974090576171875
1784719774925686784,28.044498920440674,1.2299346923828125,-0.887603759765625,-0.841583251953125
1784719774935606784,28.054418802261353,1.34539794921875,-1.19500732421875,-1.0762939453125
1784719774945525760,28.064337730407715,1.4711761474609375,-1.065216064453125,-1.0779266357421875
1784719774955445760,28.074257850646973,1.6028900146484375,-1.0720062255859375,-1.2030029296875
1784719774965365760,28.08417773246765,1.780792236328125,-1.2342987060546875,-1.196502685546875
1784719774975285760,28.09409785270691,1.93389892578125,-1.5548095703125,-1.2120513916015625
1784719774985205760,28.104017734527588,2.042083740234375,-1.8642425537109375,-1.3192291259765625
1784719774995124736,28.11393690109253,1.96307373046875,-1.795013427734375,-1.4668121337890625
1784719775005044736,28.123856782913208,2.133514404296875,-1.505767822265625,-1.751983642578125
1784719775014964736,28.133776903152466,2.3617401123046875,-1.252960205078125,-1.73406982421875
1784719775024884736,28.143696784973145,2.523345947265625,-1.062530517578125,-1.7984161376953125
1784719775034803712,28.153615713119507,2.39532470703125,-0.6700897216796875,-1.5955352783203125
1784719775044723712,28.163535833358765,2.290618896484375,-0.5089874267578125,-1.32037353515625
1784719775054643712,28.173455715179443,1.9556427001953125,-0.1539154052734375,-0.7261199951171875
1784719775064563712,28.1833758354187,1.1739349365234375,0.088836669921875,-0.42755126953125
1784719775074483712,28.19329571723938,0.8619842529296875,0.8985443115234375,-0.07366943359375
1784719775084402688,28.20321488380432,-0.0306549072265625,1.1300048828125,-0.0758819580078125
1784719775094322688,28.213134765625,0.385986328125,0.8364105224609375,0.3199615478515625
1784719775104242688,28.223054885864258,1.5985870361328125,0.7491912841796875,0.20623779296875
1784719775114162688,28.232974767684937,2.787689208984375,1.035736083984375,0.1693115234375
1784719775124081920,28.242893934249878,2.546783447265625,0.853118896484375,-0.4170379638671875
1784719775134001664,28.252813816070557,2.2900238037109375,0.3707427978515625,-0.5452880859375
1784719775143921920,28.262733936309814,2.5401763916015625,0.010345458984375,-0.8967742919921875
1784719775153841664,28.272653818130493,2.9414215087890625,-0.1382293701171875,-1.515045166015625
1784719775163760640,28.282572746276855,3.0119781494140625,-0.143646240234375,-1.7643890380859375
1784719775173680896,28.292492866516113,2.7357177734375,-0.43359375,-1.2618560791015625
1784719775183600640,28.302412748336792,2.5316314697265625,-0.2835235595703125,-0.8043670654296875
1784719775193520896,28.31233286857605,2.9558258056640625,-0.4758453369140625,-0.8212127685546875
1784719775203440640,28.32225275039673,2.8473663330078125,-0.763519287109375,-0.8062286376953125
1784719775213359872,28.33217191696167,2.99493408203125,-0.4872589111328125,-0.7989501953125
1784719775223279616,28.34209179878235,3.0330810546875,-0.531982421875,-0.967437744140625
1784719775233199872,28.352011919021606,3.375,-0.8125152587890625,-1.1465606689453125
1784719775243119616,28.361931800842285,2.948333740234375,-1.18463134765625,-0.9383392333984375
1784719775253039872,28.371851921081543,2.92755126953125,-0.838165283203125,-1.1124114990234375
1784719775262958848,28.381770849227905,2.5764617919921875,-0.57000732421875,-1.00439453125
1784719775272878592,28.391690731048584,2.2257232666015625,-0.4804229736328125,-1.040191650390625
1784719775282798848,28.401610851287842,2.0929412841796875,-0.371337890625,-1.1642303466796875
1784719775292718592,28.41153073310852,2.309906005859375,-0.147064208984375,-1.1475372314453125
1784719775302637824,28.421449899673462,1.9884185791015625,-0.47735595703125,-1.6418304443359375
1784719775312557824,28.43136978149414,2.1358642578125,-0.4324493408203125,-1.7321014404296875
1784719775322477824,28.4412899017334,2.4890289306640625,-0.13189697265625,-1.83282470703125
1784719775332397824,28.451209783554077,2.4176025390625,0.4948577880859375,-2.206695556640625
1784719775342317824,28.461129903793335,1.75079345703125,1.282806396484375,-1.8473968505859375
1784719775352236800,28.471048831939697,1.69744873046875,1.36236572265625,-2.1272125244140625
1784719775362156544,28.480968713760376,1.65118408203125,0.9670257568359375,-2.2502899169921875
1784719775372076800,28.490888833999634,2.0798492431640625,1.0741729736328125,-2.2227325439453125
1784719775381996544,28.500808715820312,2.063751220703125,1.2451019287109375,-3.0616455078125
1784719775391915776,28.510727882385254,1.9247894287109375,0.805877685546875,-3.1011810302734375
1784719775401835776,28.520647764205933,2.0518798828125,0.2339935302734375,-2.3584442138671875
1784719775411755776,28.53056788444519,2.36407470703125,-0.1427459716796875,-1.261566162109375
1784719775421675776,28.54048776626587,2.6761474609375,-0.0689849853515625,-0.6841888427734375
1784719775431594752,28.55040693283081,2.9097442626953125,0.438568115234375,-0.67437744140625
1784719775441514752,28.56032681465149,3.1121826171875,0.750823974609375,-0.8008575439453125
1784719775451434752,28.570246934890747,3.1834716796875,0.8201446533203125,-0.8293304443359375
1784719775461354752,28.580166816711426,3.157684326171875,0.8032073974609375,-0.655792236328125
1784719775471274752,28.590086936950684,3.2233428955078125,1.0368194580078125,-0.698211669921875
1784719775481193728,28.600005865097046,3.415740966796875,1.2020111083984375,-1.089691162109375
1784719775491113728,28.609925746917725,3.4748382568359375,1.2721710205078125,-1.219940185546875
1784719775501033728,28.619845867156982,3.7269439697265625,1.038909912109375,-1.052215576171875
1784719775510953728,28.62976574897766,4.0134429931640625,0.7423095703125,-0.4635162353515625
1784719775520873728,28.63968586921692,4.367950439453125,0.61962890625,-0.007568359375
1784719775530792704,28.64960479736328,4.5597381591796875,0.6054840087890625,0.0767059326171875
1784719775540712960,28.65952491760254,4.6027374267578125,0.676055908203125,0.1601104736328125
1784719775550632704,28.669444799423218,4.619354248046875,0.947479248046875,0.1879730224609375
1784719775560552960,28.679364919662476,4.700927734375,1.3628082275390625,0.1319580078125
1784719775570471680,28.689283847808838,4.8388519287109375,1.6294097900390625,0.37640380859375
1784719775580391680,28.699203729629517,4.868621826171875,1.751190185546875,0.7980499267578125
1784719775590311680,28.709123849868774,4.69482421875,1.6409454345703125,1.096221923828125
1784719775600231680,28.719043731689453,4.473541259765625,1.51373291015625,1.3858184814453125
1784719775610151680,28.72896385192871,4.0588531494140625,1.4568634033203125,1.63372802734375
1784719775620070656,28.738882780075073,3.6064453125,1.42596435546875,1.719451904296875
1784719775629990912,28.74880290031433,3.37677001953125,1.33197021484375,1.798736572265625
1784719775639910656,28.75872278213501,3.0535430908203125,1.263671875,1.9302825927734375
1784719775649830912,28.768642902374268,2.6089019775390625,1.4385833740234375,1.91107177734375
1784719775659749632,28.77856183052063,2.2218780517578125,2.0363922119140625,1.6534423828125
1784719775669669888,28.788481950759888,2.0860595703125,2.3154754638671875,0.9231109619140625
1784719775679589632,28.798401832580566,2.53717041015625,2.5500030517578125,0.8233489990234375
1784719775689509632,28.808321714401245,3.3280181884765625,3.3070526123046875,-0.01983642578125
1784719775699429632,28.818241834640503,1.79461669921875,7.938995361328125,2.795745849609375
1784719775709348608,28.828160762786865,0.3865203857421875,2.2600250244140625,1.4037933349609375
1784719775719268864,28.838080883026123,0.2653350830078125,1.11431884765625,1.8446044921875
1784719775729188608,28.8480007648468,-0.0650787353515625,1.4987335205078125,1.658935546875
1784719775739108864,28.85792088508606,0.225860595703125,1.7208251953125,1.5142822265625
1784719775749028608,28.86784076690674,0.203948974609375,1.488372802734375,1.2399139404296875
1784719775758947840,28.87775993347168,0.2806396484375,0.9865264892578125,1.0223388671875
1784719775768867840,28.88767981529236,0.40679931640625,1.071380615234375,0.7277984619140625
1784719775778787840,28.897599935531616,0.4431610107421875,1.4096221923828125,0.521270751953125
1784719775788707840,28.907519817352295,0.2279510498046875,1.5148468017578125,0.286590576171875
1784719775798626560,28.917438745498657,0.11474609375,1.337615966796875,0.03839111328125
1784719775808546816,28.927358865737915,0.207916259765625,1.22320556640625,-0.34979248046875
1784719775818466560,28.937278747558594,0.205078125,1.351409912109375,-0.3538970947265625
1784719775828386816,28.94719886779785,0.1802520751953125,1.2917022705078125,-0.5435028076171875
1784719775838306560,28.95711874961853,0.25592041015625,1.2109375,-0.74639892578125
1784719775848225792,28.96703791618347,0.1689453125,1.1649932861328125,-0.935760498046875
1784719775858145792,28.97695779800415,0.010650634765625,1.2917327880859375,-1.0264739990234375
1784719775868065792,28.986877918243408,-0.0953521728515625,1.3777008056640625,-1.1470184326171875
1784719775877985792,28.996797800064087,-0.1915130615234375,1.1676177978515625,-1.1501312255859375
1784719775887904768,29.00671672821045,-0.4135284423828125,1.12750244140625,-1.078643798828125
1784719775897824768,29.016636848449707,-0.3876953125,1.0431365966796875,-1.023468017578125
1784719775907744768,29.026556730270386,-0.2908477783203125,1.16375732421875,-0.85894775390625
1784719775917664768,29.036476850509644,-0.2377166748046875,0.7883453369140625,-0.59002685546875
1784719775927584768,29.046396732330322,0.900909423828125,0.208099365234375,-0.7782135009765625
1784719775937503744,29.056315898895264,0.6623382568359375,0.4427947998046875,-0.3863067626953125
1784719775947423744,29.066235780715942,0.04345703125,0.40325927734375,-0.61370849609375
1784719775957343744,29.0761559009552,-0.0322265625,0.6004486083984375,-0.7917327880859375
1784719775967263744,29.08607578277588,0.19390869140625,0.5855865478515625,-0.8855743408203125
1784719775977182976,29.09599494934082,0.27423095703125,0.51824951171875,-0.7960052490234375
1784719775987102720,29.1059148311615,0.2849884033203125,0.3892974853515625,-0.759490966796875
1784719775997022720,29.115834712982178,0.3570098876953125,0.3542022705078125,-0.7237091064453125
1784719776006942720,29.125754833221436,0.389678955078125,0.495635986328125,-0.8209075927734375
1784719776016862720,29.135674715042114,0.50482177734375,0.608734130859375,-1.0236968994140625
1784719776026781696,29.145593881607056,0.5329132080078125,0.7668304443359375,-1.144744873046875
1784719776036701696,29.155513763427734,0.5188140869140625,0.822509765625,-1.2839813232421875
1784719776046621696,29.165433883666992,0.5165252685546875,0.591156005859375,-1.2701263427734375
1784719776056541696,29.17535376548767,0.356597900390625,0.172882080078125,-1.2783050537109375
1784719776066460928,29.185272932052612,0.265411376953125,0.049652099609375,-1.1641845703125
1784719776076380672,29.19519281387329,0.2308807373046875,0.1018829345703125,-1.05218505859375
1784719776086300928,29.20511293411255,0.3280487060546875,0.3160858154296875,-0.9951324462890625
1784719776096220672,29.215032815933228,0.385223388671875,0.5377655029296875,-0.993499755859375
1784719776106140928,29.224952936172485,0.458892822265625,0.787994384765625,-0.838104248046875
1784719776116059904,29.234871864318848,0.428253173828125,0.85162353515625,-1.0465087890625
1784719776125979648,29.244791746139526,0.3149871826171875,0.8751373291015625,-0.95513916015625
1784719776135899904,29.254711866378784,0.3868560791015625,0.824127197265625,-1.01898193359375
1784719776145819648,29.264631748199463,0.4869842529296875,0.8147735595703125,-1.089141845703125
1784719776155738880,29.274550914764404,0.550933837890625,0.9085693359375,-1.1147308349609375
1784719776165658624,29.284470796585083,0.493560791015625,1.2076568603515625,-1.012298583984375
1784719776175578880,29.29439091682434,0.3963775634765625,1.588226318359375,-0.9994354248046875
1784719776185498624,29.30431079864502,0.3685760498046875,1.810546875,-1.1461334228515625
1784719776195418880,29.314230918884277,0.3426055908203125,1.7132568359375,-1.2991943359375
1784719776205337856,29.32414984703064,0.30499267578125,1.3984527587890625,-1.2271575927734375
1784719776215257600,29.33406972885132,0.3424072265625,1.26092529296875,-1.0855865478515625
1784719776225177856,29.343989849090576,0.394775390625,1.264617919921875,-1.053985595703125
1784719776235097600,29.353909730911255,0.4143829345703125,1.287872314453125,-0.9817352294921875
1784719776245017856,29.363829851150513,0.3203277587890625,1.2554168701171875,-0.852325439453125
1784719776254936576,29.373748779296875,0.3934478759765625,1.1429595947265625,-0.744171142578125
1784719776264856832,29.383668899536133,0.39410400390625,1.0200653076171875,-0.7068634033203125
1784719776274776576,29.39358878135681,0.3775634765625,1.04547119140625,-0.7094268798828125
1784719776284696832,29.40350890159607,0.399200439453125,1.0744171142578125,-0.7303314208984375
1784719776294615808,29.41342782974243,0.402435302734375,1.0657501220703125,-0.6572418212890625
1784719776304535808,29.42334794998169,0.4009857177734375,1.0399322509765625,-0.5113067626953125
1784719776314455808,29.433267831802368,0.339996337890625,1.0388641357421875,-0.4007720947265625
1784719776324375552,29.443187713623047,0.28448486328125,1.136627197265625,-0.39874267578125
1784719776334295808,29.453107833862305,0.218719482421875,1.16851806640625,-0.4144439697265625
1784719776344214784,29.463026762008667,0.2197265625,1.1699676513671875,-0.379913330078125
1784719776354134784,29.472946882247925,0.2431793212890625,1.10821533203125,-0.3219757080078125
1784719776364054784,29.482866764068604,0.2255401611328125,1.03173828125,-0.2777252197265625
1784719776373974784,29.49278688430786,0.230712890625,1.03717041015625,-0.2771453857421875
1784719776383893760,29.502705812454224,0.233551025390625,0.9910430908203125,-0.2125396728515625
1784719776393813760,29.51262593269348,0.1911163330078125,0.8770751953125,-0.0998382568359375
1784719776403733760,29.52254581451416,0.1695556640625,0.7852630615234375,-0.1617584228515625
1784719776413653760,29.532465934753418,0.129791259765625,0.870819091796875,-0.2983551025390625
1784719776423573760,29.542385816574097,0.0916900634765625,0.9803466796875,-0.3445587158203125
1784719776433492736,29.55230474472046,0.0669403076171875,0.94561767578125,-0.3162384033203125
1784719776443412736,29.562224864959717,0.08953857421875,0.7796783447265625,-0.181732177734375
1784719776453332736,29.572144746780396,0.163604736328125,0.4495086669921875,-0.0215606689453125
1784719776463252736,29.582064867019653,0.2209320068359375,0.121185302734375,0.00634765625
1784719776473171712,29.591983795166016,0.2523193359375,-0.0040283203125,-0.0151519775390625
1784719776483091712,29.601903915405273,0.1475982666015625,0.0245208740234375,0.004669189453125
1784719776493011712,29.611823797225952,0.07342529296875,0.0808258056640625,0.044219970703125
1784719776502931712,29.62174391746521,0.039886474609375,0.0262298583984375,0.1468353271484375
1784719776512851712,29.63166379928589,0.0554656982421875,-0.0959320068359375,0.214996337890625
1784719776522770688,29.64158272743225,0.1361236572265625,-0.24725341796875,0.177947998046875
1784719776532690688,29.65150284767151,0.236572265625,-0.4084625244140625,0.0710601806640625
1784719776542610688,29.661422729492188,0.2861480712890625,-0.5158538818359375,-0.079986572265625
1784719776552530688,29.671342849731445,0.3492431640625,-0.5124053955078125,-0.1988067626953125
1784719776562449664,29.681261777877808,0.3935699462890625,-0.452392578125,-0.3690185546875
1784719776572369920,29.691181898117065,0.3224639892578125,-0.3532562255859375,-0.4949798583984375
1784719776582289664,29.701101779937744,0.35687255859375,-0.3158111572265625,-0.6844635009765625
1784719776592209920,29.711021900177002,0.4008331298828125,-0.3564300537109375,-0.774383544921875
1784719776602129664,29.72094178199768,0.4969482421875,-0.5189666748046875,-0.748504638671875
1784719776612048896,29.730860948562622,0.597320556640625,-0.777374267578125,-0.6139984130859375
1784719776621968640,29.7407808303833,0.732818603515625,-0.89227294921875,-0.596343994140625
1784719776631888896,29.75070095062256,1.0247955322265625,-1.065826416015625,-0.7636871337890625
1784719776641808640,29.760620832443237,1.2566986083984375,-1.3363037109375,-0.9330902099609375
1784719776651727616,29.7705397605896,1.429779052734375,-1.583160400390625,-1.0478973388671875
1784719776661647872,29.780459880828857,1.5900421142578125,-1.57049560546875,-1.067962646484375
1784719776671567616,29.790379762649536,1.6823883056640625,-1.3584136962890625,-1.1895294189453125
1784719776681487872,29.800299882888794,1.737335205078125,-1.037811279296875,-1.2669677734375
1784719776691407616,29.810219764709473,1.728546142578125,-0.837677001953125,-1.180938720703125
1784719776701326848,29.820138931274414,1.756591796875,-1.0045928955078125,-1.0393524169921875
1784719776711246848,29.830058813095093,1.8351287841796875,-1.4203033447265625,-1.0371246337890625
1784719776721166848,29.83997893333435,1.9767303466796875,-1.4804229736328125,-1.0352783203125
1784719776731086848,29.84989881515503,1.9508056640625,-1.2293548583984375,-0.9451141357421875
1784719776741006848,29.859818935394287,1.9485015869140625,-0.8724212646484375,-1.0152587890625
1784719776750926592,29.869738578796387,1.4980926513671875,-0.767425537109375,-1.03851318359375
1784719776760846336,29.879658460617065,1.6188201904296875,-0.6874542236328125,-0.89215087890625
1784719776770766592,29.889578580856323,1.5987548828125,-0.46331787109375,-0.8189239501953125
1784719776780686336,29.899498462677002,1.60504150390625,-0.0561676025390625,-0.562347412109375
1784719776790605312,29.909417390823364,1.3304290771484375,0.3282928466796875,-0.26776123046875
1784719776800525312,29.919337511062622,1.2225799560546875,0.6474151611328125,-0.132720947265625
1784719776810445312,29.9292573928833,1.055938720703125,0.8823699951171875,0.08489990234375
1784719776820365312,29.93917751312256,1.0319671630859375,1.0035552978515625,-0.12701416015625
1784719776830285312,29.949097394943237,1.11724853515625,1.2359771728515625,-0.3789215087890625
1784719776840204544,29.95901656150818,1.836822509765625,0.851531982421875,-0.6648406982421875
1784719776850124288,29.968936443328857,2.753875732421875,0.311737060546875,-0.8421478271484375
1784719776860044544,29.978856563568115,3.1310577392578125,0.2046966552734375,-0.769622802734375
1784719776869964288,29.988776445388794,3.2302703857421875,-0.5151519775390625,-1.2375640869140625
1784719776879884544,29.99869656562805,2.6475067138671875,-0.480712890625,-1.2594757080078125
1784719776889803520,30.008615493774414,2.43280029296875,-0.3730010986328125,-1.2772979736328125
1784719776899723520,30.018535614013672,2.7284698486328125,-0.1044464111328125,-1.0363311767578125
1784719776909643520,30.02845549583435,2.7595977783203125,-0.3183135986328125,-1.022796630859375
1784719776919563520,30.03837561607361,2.3795623779296875,-1.1741943359375,-0.6572265625
1784719776929482496,30.04829454421997,2.99212646484375,-1.340301513671875,-0.76739501953125
1784719776939402240,30.05821442604065,2.8794403076171875,-0.2672576904296875,-1.1688079833984375
1784719776949322496,30.068134546279907,2.642486572265625,0.0595855712890625,-0.9990234375
1784719776959242240,30.078054428100586,2.675750732421875,-0.214630126953125,-0.867950439453125
1784719776969162496,30.087974548339844,3.323455810546875,-0.7356414794921875,-1.209716796875
1784719776979081472,30.097893476486206,2.4539947509765625,-1.17626953125,-1.3780670166015625
1784719776989001472,30.107813596725464,2.664642333984375,-0.7095184326171875,-0.9018707275390625
1784719776998921472,30.117733478546143,2.4784698486328125,-0.1910400390625,-1.325225830078125
1784719777008841472,30.1276535987854,2.114959716796875,-0.09149169921875,-1.0423736572265625
1784719777018760448,30.137572526931763,1.9538116455078125,-0.3552398681640625,-1.142852783203125
1784719777028680448,30.14749240875244,1.8079376220703125,-0.1866912841796875,-1.3751068115234375
1784719777038600448,30.1574125289917,2.1591033935546875,0.0137939453125,-1.3260040283203125
1784719777048520448,30.167332410812378,1.9659423828125,0.2294158935546875,-1.3487548828125
1784719777058440448,30.177252531051636,1.8536376953125,0.2686920166015625,-1.1362152099609375
1784719777068359424,30.187171459197998,1.69464111328125,0.2928619384765625,-1.410369873046875
1784719777078279424,30.197091579437256,1.4958343505859375,0.350250244140625,-1.7963714599609375
1784719777088199424,30.207011461257935,1.6128082275390625,0.0996551513671875,-2.043243408203125
1784719777098119424,30.216931581497192,1.2212677001953125,0.36090087890625,-2.247802734375
1784719777108039424,30.22685146331787,1.23419189453125,1.377685546875,-2.4931182861328125
1784719777117958400,30.236770391464233,1.78759765625,1.7522125244140625,-2.8176422119140625
1784719777127878400,30.24669051170349,2.1611328125,1.41339111328125,-2.838226318359375
1784719777137798400,30.25661039352417,1.6997528076171875,-0.1249847412109375,-2.44927978515625
1784719777147718400,30.266530513763428,1.7164459228515625,-0.8027191162109375,-1.9135284423828125
1784719777157638400,30.276450395584106,2.207794189453125,-0.40594482421875,-0.5099639892578125
1784719777167557376,30.286369562149048,2.43109130859375,0.1458587646484375,-0.3627777099609375
1784719777177477376,30.296289443969727,2.66363525390625,0.9517669677734375,-0.45452880859375
1784719777187397376,30.306209564208984,2.5780181884765625,1.2084503173828125,-0.8772735595703125
1784719777197317376,30.316129446029663,2.561859130859375,1.3280792236328125,-1.2004547119140625
1784719777207237376,30.32604956626892,2.8801422119140625,1.450836181640625,-1.2805633544921875
1784719777217156352,30.335968494415283,3.1682891845703125,1.4860382080078125,-1.17144775390625
1784719777227076608,30.34588861465454,3.4913330078125,1.2460174560546875,-0.8863677978515625
1784719777236996352,30.35580849647522,3.6242523193359375,0.7648468017578125,-0.61810302734375
1784719777246916608,30.365728616714478,3.6989288330078125,0.4611968994140625,-0.47003173828125
1784719777256835584,30.37564754486084,3.9101409912109375,0.3970184326171875,-0.442138671875
1784719777266755328,30.38556742668152,4.2013092041015625,0.3326568603515625,-0.49652099609375
1784719777276675584,30.395487546920776,4.4496307373046875,0.6021270751953125,-0.2171478271484375
1784719777286595328,30.405407428741455,4.5704345703125,1.1031646728515625,-0.0108489990234375
1784719777296515584,30.415327548980713,4.6916656494140625,1.6778564453125,0.0172119140625
1784719777306434304,30.425246477127075,4.62322998046875,1.8940277099609375,0.211334228515625
1784719777316354560,30.435166597366333,4.536895751953125,1.8919219970703125,0.60400390625
1784719777326274304,30.44508647918701,4.5294647216796875,1.6643829345703125,0.90460205078125
1784719777336194560,30.45500659942627,4.484222412109375,1.3538360595703125,1.025604248046875
1784719777346114304,30.46492648124695,4.44525146484375,1.090728759765625,1.160614013671875
1784719777356033280,30.47484540939331,4.3146514892578125,0.9220428466796875,1.4407958984375
1784719777365953536,30.48476552963257,4.197967529296875,1.0578155517578125,1.5260009765625
1784719777375873280,30.494685411453247,3.7630462646484375,1.4287567138671875,1.5455474853515625
1784719777385793536,30.504605531692505,3.0708160400390625,1.9442291259765625,1.294525146484375
1784719777395712256,30.514524459838867,2.739166259765625,2.8332366943359375,0.5690765380859375
1784719777405632512,30.524444580078125,2.1483001708984375,4.3899993896484375,0.6490020751953125
1784719777415552256,30.534364461898804,2.7287750244140625,4.1859893798828125,0.991851806640625
1784719777425472512,30.54428458213806,1.8059539794921875,4.6738433837890625,1.05767822265625
1784719777435392256,30.55420446395874,1.0711669921875,4.870147705078125,1.2549591064453125
1784719777445311232,30.564123392105103,0.849334716796875,1.7637481689453125,1.4331817626953125
1784719777455231488,30.57404351234436,0.2730255126953125,0.764373779296875,1.712677001953125
1784719777465151232,30.58396339416504,0.2468414306640625,0.641815185546875,1.598663330078125
1784719777475071488,30.593883514404297,0.1541595458984375,1.0626678466796875,1.254547119140625
1784719777484991232,30.603803396224976,0.207855224609375,1.5254669189453125,0.7364349365234375
1784719777494910464,30.613722562789917,0.3675689697265625,1.8744354248046875,0.3889007568359375
1784719777504830464,30.623642444610596,0.2960357666015625,1.7711029052734375,0.313018798828125
1784719777514750464,30.633562564849854,0.2108001708984375,1.53131103515625,0.1509857177734375
1784719777524670464,30.643482446670532,0.0371856689453125,1.4411773681640625,-0.031341552734375
1784719777534589440,30.653401613235474,0.0857391357421875,1.4266510009765625,-0.317169189453125
1784719777544509440,30.663321495056152,0.134796142578125,1.362762451171875,-0.4053192138671875
1784719777554429440,30.67324161529541,0.1745758056640625,1.319000244140625,-0.7174072265625
1784719777564349440,30.68316149711609,0.20721435546875,1.2932281494140625,-0.880126953125
1784719777574269440,30.693081617355347,0.194671630859375,1.225616455078125,-1.0950927734375
1784719777584188416,30.70300054550171,0.13470458984375,1.1851959228515625,-1.22625732421875
1784719777594108416,30.712920427322388,0.05914306640625,1.10430908203125,-1.259521484375
1784719777604028416,30.722840547561646,0.0247039794921875,0.9742584228515625,-1.3236846923828125
1784719777613948416,30.732760429382324,-0.0364532470703125,0.63427734375,-1.3085784912109375
1784719777623868416,30.742680549621582,-0.346221923828125,0.80108642578125,-1.278717041015625
1784719777633787392,30.752599477767944,-0.495819091796875,1.01959228515625,-1.4488372802734375
1784719777643707392,30.762519598007202,-0.4330291748046875,0.696990966796875,-1.10137939453125
1784719777653627392,30.77243947982788,0.105438232421875,0.72564697265625,-0.422882080078125
1784719777663547392,30.78235960006714,0.20233154296875,0.4068603515625,-1.05029296875
1784719777673466368,30.7922785282135,0.761077880859375,0.1884765625,-0.4956817626953125
1784719777683386368,30.80219841003418,0.3628387451171875,0.45245361328125,-0.3238677978515625
1784719777693306368,30.812118530273438,-0.12725830078125,0.3242645263671875,-0.6488037109375
1784719777703226368,30.822038412094116,-0.0649871826171875,0.1540985107421875,-0.7330780029296875
1784719777713146368,30.831958532333374,0.3608245849609375,0.09844970703125,-0.9054107666015625
1784719777723065344,30.841877460479736,0.6339874267578125,0.099639892578125,-1.0597076416015625
1784719777732985600,30.851797580718994,0.694122314453125,0.2774658203125,-1.1855010986328125
1784719777742905344,30.861717462539673,0.7699737548828125,0.4247589111328125,-1.18170166015625
1784719777752823040,30.87163519859314,0.775634765625,0.3873443603515625,-1.2486572265625
1784719777762743296,30.881555318832397,0.6795806884765625,0.288604736328125,-1.176910400390625
1784719777772662272,30.89147424697876,0.51959228515625,0.2711181640625,-1.1371612548828125
1784719777782582272,30.901394367218018,0.3734130859375,0.4100494384765625,-0.99151611328125
1784719777792502272,30.911314249038696,0.25421142578125,0.5371246337890625,-0.8262481689453125
1784719777802422016,30.921234130859375,0.160888671875,0.4702606201171875,-0.748931884765625
1784719777812342272,30.931154251098633,0.1362762451171875,0.5395050048828125,-0.7682037353515625
1784719777822260992,30.941073179244995,0.13299560546875,0.575714111328125,-0.9809112548828125
1784719777832181248,30.950993299484253,0.1806182861328125,0.4151763916015625,-1.026275634765625
1784719777842100992,30.96091318130493,0.18780517578125,0.3030548095703125,-0.9778900146484375
1784719777852021248,30.97083330154419,0.2679901123046875,0.3837432861328125,-1.028533935546875
1784719777861940224,30.98075222969055,0.42803955078125,0.6501007080078125,-1.1711273193359375
1784719777871860224,30.99067234992981,0.5528564453125,0.9825592041015625,-1.3111724853515625
1784719777881780224,31.00059223175049,0.609161376953125,1.31500244140625,-1.347198486328125
1784719777891700224,31.010512351989746,0.6293792724609375,1.44561767578125,-1.425689697265625
1784719777901620224,31.020432233810425,0.64959716796875,1.3461761474609375,-1.454315185546875
1784719777911539200,31.030351161956787,0.6499176025390625,1.1583404541015625,-1.4859771728515625
1784719777921459200,31.040271282196045,0.653778076171875,1.1558074951171875,-1.4741668701171875
1784719777931379200,31.050191164016724,0.626373291015625,1.305145263671875,-1.4424285888671875
1784719777941299200,31.06011128425598,0.5297393798828125,1.555816650390625,-1.43402099609375
1784719777951219200,31.07003116607666,0.3958892822265625,1.810211181640625,-1.3599090576171875
1784719777961138176,31.0799503326416,0.361541748046875,1.8377685546875,-1.2039337158203125
1784719777971058176,31.08987021446228,0.399261474609375,1.477691650390625,-1.1006622314453125
1784719777980978176,31.099790334701538,0.433135986328125,1.1026153564453125,-1.0562591552734375
1784719777990898176,31.109710216522217,0.4662628173828125,0.9761505126953125,-1.036865234375
1784719778000817152,31.11962914466858,0.4309234619140625,1.0533905029296875,-1.0066070556640625
1784719778010737152,31.129549264907837,0.346405029296875,1.115814208984375,-0.914154052734375
1784719778020657152,31.139469146728516,0.323028564453125,1.024627685546875,-0.7277679443359375
1784719778030577152,31.149389266967773,0.289764404296875,0.86419677734375,-0.703216552734375
1784719778040497152,31.159309148788452,0.296417236328125,0.7097625732421875,-0.670928955078125
1784719778050416128,31.169228315353394,0.2844696044921875,0.62640380859375,-0.563140869140625
1784719778060336128,31.179148197174072,0.2514190673828125,0.5749359130859375,-0.49908447265625
1784719778070256128,31.18906831741333,0.233795166015625,0.588897705078125,-0.411773681640625
1784719778080176128,31.19898819923401,0.2006683349609375,0.6153411865234375,-0.40948486328125
1784719778090096128,31.208908319473267,0.1788482666015625,0.6605377197265625,-0.4085235595703125
1784719778100015104,31.21882724761963,0.1630096435546875,0.6460418701171875,-0.486328125
1784719778109935360,31.228747367858887,0.1461181640625,0.6394500732421875,-0.5579376220703125
1784719778119855104,31.238667249679565,0.181640625,0.70343017578125,-0.595611572265625
1784719778129775104,31.248587131500244,0.17852783203125,0.817626953125,-0.508209228515625
1784719778139694336,31.258506298065186,0.13958740234375,0.8178558349609375,-0.34857177734375
1784719778149614080,31.268426179885864,0.104034423828125,0.6302032470703125,-0.0870513916015625
1784719778159534336,31.278346300125122,0.076995849609375,0.3280029296875,0.123626708984375
1784719778169454080,31.2882661819458,0.0573577880859375,0.086761474609375,0.2264404296875
1784719778179374336,31.29818630218506,0.08770751953125,-0.04998779296875,0.242767333984375
1784719778189293056,31.30810523033142,0.1061553955078125,-0.1410980224609375,0.195404052734375
1784719778199213312,31.31802535057068,0.136962890625,-0.1307220458984375,0.1632843017578125
1784719778209133056,31.327945232391357,0.16571044921875,-0.0367584228515625,0.2052764892578125
1784719778219053312,31.337865352630615,0.15667724609375,0.0111846923828125,0.1225433349609375
1784719778228973056,31.347785234451294,0.20458984375,-0.091064453125,-0.00701904296875
1784719778238892032,31.357704162597656,0.251068115234375,-0.3577117919921875,-0.0254058837890625
1784719778248812288,31.367624282836914,0.33758544921875,-0.6915740966796875,-0.0617828369140625
1784719778258732032,31.377544164657593,0.4103240966796875,-0.8677825927734375,-0.1446075439453125
1784719778268652288,31.38746428489685,0.49664306640625,-0.8807830810546875,-0.344879150390625
1784719778278571008,31.397383213043213,0.4903106689453125,-0.767425537109375,-0.5283966064453125
1784719778288491264,31.40730333328247,0.506744384765625,-0.5507354736328125,-0.623779296875
1784719778298411008,31.41722321510315,0.539794921875,-0.3770294189453125,-0.811248779296875
1784719778308331264,31.427143335342407,0.5197601318359375,-0.401641845703125,-0.8794403076171875
1784719778318251008,31.437063217163086,0.5482025146484375,-0.68109130859375,-0.895233154296875
1784719778328169984,31.44698214530945,0.723968505859375,-0.9765472412109375,-0.86932373046875
1784719778338090240,31.456902265548706,0.9402618408203125,-1.29498291015625,-0.7808380126953125
1784719778348009984,31.466822147369385,1.18267822265625,-1.3693084716796875,-0.871612548828125
1784719778357930240,31.476742267608643,1.357086181640625,-1.17816162109375,-0.882659912109375
1784719778367849984,31.48666214942932,1.541351318359375,-1.068389892578125,-0.8964996337890625
1784719778377769216,31.496581315994263,1.7004852294921875,-1.20263671875,-0.9662933349609375
1784719778387689216,31.50650119781494,1.928314208984375,-1.3712005615234375,-1.015594482421875
1784719778397609216,31.5164213180542,2.1623077392578125,-1.5531005859375,-1.03076171875
1784719778407529216,31.526341199874878,2.405548095703125,-1.64227294921875,-1.2478485107421875
1784719778417448192,31.53626036643982,2.5515594482421875,-1.359375,-1.323974609375
1784719778427368192,31.546180248260498,2.484893798828125,-1.170989990234375,-1.421112060546875
1784719778437287936,31.556100130081177,2.233428955078125,-1.1448516845703125,-1.443206787109375
1784719778447208192,31.566020250320435,2.2166748046875,-0.98883056640625,-1.098236083984375
1784719778457127936,31.575940132141113,2.2159881591796875,-0.83966064453125,-0.9301300048828125
1784719778467047168,31.585859298706055,2.283599853515625,-0.4145355224609375,-0.8878021240234375
1784719778476967168,31.595779180526733,1.9795989990234375,-0.1474761962890625,-0.759918212890625
1784719778486887168,31.60569930076599,1.1512603759765625,-0.039886474609375,-0.454376220703125
1784719778496807168,31.61561918258667,0.72259521484375,0.11065673828125,0.011199951171875
1784719778506727168,31.625539302825928,0.5523223876953125,1.07977294921875,0.253082275390625
1784719778516646144,31.63545823097229,0.4318389892578125,1.5637664794921875,0.2648162841796875
1784719778526566144,31.645378351211548,0.9279022216796875,1.394256591796875,-0.10308837890625
1784719778536486144,31.655298233032227,2.0222625732421875,1.1551513671875,-0.449127197265625
1784719778546406144,31.665218353271484,3.0589752197265625,0.20263671875,-0.606842041015625
1784719778556325120,31.675137281417847,2.924072265625,-0.4919891357421875,-0.8297576904296875
1784719778566245120,31.685057163238525,2.45758056640625,-0.2484893798828125,-1.3155670166015625
1784719778576165120,31.694977283477783,2.4077911376953125,0.467437744140625,-1.62738037109375
1784719778586085120,31.704897165298462,2.51593017578125,0.01739501953125,-1.8269195556640625
1784719778596005120,31.71481728553772,3.1099090576171875,-0.70916748046875,-1.1876220703125
1784719778605924096,31.724736213684082,3.289581298828125,-0.939971923828125,-1.1508941650390625
1784719778615844352,31.73465633392334,2.753448486328125,-0.4228363037109375,-1.285308837890625
1784719778625764096,31.74457621574402,2.5901336669921875,-0.0680389404296875,-0.8574066162109375
1784719778635684352,31.754496335983276,2.8218841552734375,-0.1925506591796875,-0.5889434814453125
1784719778645604096,31.764416217803955,2.7559814453125,-0.443115234375,-0.679901123046875
1784719778655523072,31.774335145950317,3.1032867431640625,-0.7816009521484375,-0.947296142578125
1784719778665443072,31.784255266189575,2.6771087646484375,-0.76910400390625,-1.3312530517578125
1784719778675363072,31.794175148010254,2.650054931640625,-0.9666290283203125,-0.9798583984375
1784719778685283072,31.80409526824951,2.54595947265625,-0.82208251953125,-1.0496978759765625
1784719778695202048,31.814014196395874,2.1969451904296875,-1.035552978515625,-0.864166259765625
1784719778705122304,31.823934316635132,1.8429718017578125,-1.1710357666015625,-0.7067108154296875
1784719778715042048,31.83385419845581,1.67022705078125,-0.9316558837890625,-0.825836181640625
1784719778724962304,31.84377431869507,2.01971435546875,-0.26568603515625,-1.4321441650390625
1784719778734882048,31.853694200515747,2.222137451171875,0.0843048095703125,-1.760589599609375
1784719778744801280,31.86361336708069,2.0348358154296875,0.0655517578125,-2.1957550048828125
1784719778754722560,31.873534679412842,1.871063232421875,-0.006256103515625,-2.285614013671875
1784719778764642816,31.8834547996521,1.3212127685546875,-0.0879364013671875,-2.6830596923828125
1784719778774562560,31.89337468147278,0.909393310546875,0.6161651611328125,-2.8000335693359375
1784719778784482816,31.903294801712036,0.9793853759765625,1.734710693359375,-2.5354156494140625
1784719778794401536,31.9132137298584,1.08099365234375,3.1845550537109375,-2.8690032958984375
1784719778804321792,31.923133850097656,2.0513916015625,2.4777069091796875,-3.1199951171875
1784719778814241536,31.933053731918335,2.084136962890625,1.279693603515625,-2.7653656005859375
1784719778824161792,31.942973852157593,2.70751953125,0.25299072265625,-2.2806549072265625
1784719778834080768,31.952892780303955,2.98992919921875,-0.93255615234375,-1.2782440185546875
1784719778844000512,31.962812662124634,3.203704833984375,-0.8765106201171875,-0.622039794921875
1784719778853920768,31.97273278236389,3.434722900390625,-0.2176361083984375,-0.3506011962890625
1784719778863840512,31.98265266418457,3.1989898681640625,0.3013916015625,-0.254119873046875
1784719778873760768,31.992572784423828,2.764068603515625,0.555511474609375,-0.3646392822265625
1784719778883679744,32.00249171257019,2.5713043212890625,0.7387847900390625,-0.570404052734375
1784719778893599744,32.01241183280945,2.604034423828125,0.8079681396484375,-1.050811767578125
1784719778903519744,32.02233171463013,2.7541656494140625,0.973968505859375,-1.24468994140625
1784719778913439744,32.032251834869385,3.1263275146484375,1.16973876953125,-1.2021026611328125
1784719778923358720,32.04217076301575,3.4996795654296875,1.3378753662109375,-1.0090789794921875
1784719778933278464,32.052090644836426,3.878570556640625,1.45843505859375,-0.7896575927734375
1784719778943198720,32.062010765075684,4.2685699462890625,1.4475250244140625,-0.5620880126953125
1784719778953118464,32.07193064689636,4.624969482421875,1.2830352783203125,-0.1362152099609375
1784719778963038720,32.08185076713562,4.8399505615234375,0.982330322265625,0.2399444580078125
1784719778972957696,32.09176969528198,4.820343017578125,1.0164337158203125,0.434173583984375
1784719778982877696,32.10168981552124,4.6594390869140625,1.1908416748046875,0.475860595703125
1784719778992797696,32.11160969734192,4.458740234375,1.2359466552734375,0.7023468017578125
1784719779002717696,32.12152981758118,4.4176025390625,1.2061309814453125,1.01885986328125
1784719779012637696,32.131449699401855,4.3586883544921875,1.102203369140625,1.0841217041015625
1784719779022556672,32.1413688659668,4.18121337890625,1.045745849609375,1.0058135986328125
1784719779032476672,32.151288747787476,4.0592193603515625,0.934661865234375,1.0294647216796875
1784719779042396672,32.161208629608154,3.9671630859375,0.7686004638671875,1.1741790771484375
1784719779052316672,32.17112874984741,3.8232879638671875,0.80718994140625,1.496002197265625
1784719779062235648,32.181047677993774,3.291229248046875,0.9792327880859375,1.74359130859375
1784719779072155648,32.19096779823303,2.6682281494140625,1.6396942138671875,1.749298095703125
1784719779082075648,32.20088768005371,2.3443450927734375,2.187225341796875,1.3030853271484375
1784719779091995648,32.21080780029297,2.335784912109375,2.5156097412109375,0.96209716796875
1784719779101915648,32.22072768211365,2.037017822265625,2.2504425048828125,0.5684661865234375
1784719779111834880,32.23064684867859,1.5336456298828125,3.015960693359375,1.0203094482421875
1784719779121754624,32.24056673049927,3.0959014892578125,5.182220458984375,1.31964111328125
1784719779131674880,32.250486850738525,0.9185028076171875,4.990386962890625,2.4569854736328125
1784719779141594624,32.260406732559204,0.6699066162109375,1.4156494140625,1.789825439453125
1784719779151513600,32.270325660705566,-0.078369140625,1.0105133056640625,1.71820068359375
1784719779161433600,32.280245780944824,-0.190582275390625,1.62042236328125,1.451507568359375
1784719779171353600,32.2901656627655,-0.0130157470703125,1.809722900390625,1.0695037841796875
1784719779181273600,32.30008578300476,0.222869873046875,1.69964599609375,0.967437744140625
1784719779191193600,32.31000566482544,0.3470916748046875,1.4581146240234375,0.7965087890625
1784719779201112832,32.31992483139038,0.315032958984375,1.5499420166015625,0.60223388671875
1784719779211032576,32.32984471321106,0.248687744140625,1.557098388671875,0.416473388671875
1784719779220952832,32.33976483345032,0.124267578125,1.3631439208984375,0.31463623046875
1784719779230872576,32.349684715270996,0.1650238037109375,1.2228546142578125,0.075042724609375
1784719779240792832,32.359604835510254,0.22296142578125,1.1905364990234375,-0.4785308837890625
1784719779250711552,32.369523763656616,0.1823272705078125,1.33489990234375,-0.368194580078125
1784719779260631552,32.379443645477295,0.162445068359375,1.3162689208984375,-0.5151824951171875
1784719779270551808,32.38936376571655,0.1424560546875,1.007232666015625,-0.78643798828125
1784719779280471552,32.39928364753723,-0.031890869140625,1.180145263671875,-0.8223114013671875
1784719779290390784,32.40920281410217,-0.119140625,1.1959991455078125,-0.9263458251953125
1784719779300310528,32.41912269592285,-0.171783447265625,1.0498809814453125,-1.0271759033203125
1784719779310230784,32.42904281616211,-0.2912445068359375,0.864288330078125,-1.0913543701171875
1784719779320150528,32.43896269798279,-0.48138427734375,1.3988494873046875,-1.1325225830078125
1784719779330070784,32.448882818222046,-0.2641448974609375,1.4524078369140625,-0.982177734375
1784719779339989760,32.45880174636841,-0.151611328125,1.1631927490234375,-0.866943359375
1784719779349909760,32.468721866607666,0.1155853271484375,0.70233154296875,-0.9510040283203125
1784719779359829760,32.478641748428345,0.978607177734375,0.4799041748046875,-0.6731719970703125
1784719779369749504,32.48856163024902,0.405517578125,0.357757568359375,-0.4223480224609375
1784719779379668736,32.498480796813965,-0.120269775390625,0.2503662109375,-0.5891265869140625
1784719779389588480,32.508400678634644,-0.0476837158203125,0.2010345458984375,-0.838653564453125
1784719779399508736,32.5183207988739,0.193634033203125,0.4003448486328125,-0.8610687255859375
1784719779409428480,32.52824068069458,0.4001617431640625,0.5597381591796875,-0.902496337890625
1784719779419348736,32.53816080093384,0.455657958984375,0.5560455322265625,-0.753997802734375
1784719779429267712,32.5480797290802,0.5680694580078125,0.5717926025390625,-0.85443115234375
1784719779439187712,32.55799984931946,0.564666748046875,0.8911590576171875,-0.86376953125
1784719779449107712,32.56791973114014,0.604705810546875,1.2397003173828125,-0.863525390625
1784719779459027712,32.577839851379395,0.605499267578125,1.2932891845703125,-0.9921875
1784719779468946688,32.58775877952576,0.4711456298828125,1.0401153564453125,-1.06982421875
1784719779478866688,32.597678661346436,0.3323211669921875,0.6016693115234375,-1.1025848388671875
1784719779488786688,32.60759878158569,0.0958404541015625,0.2695159912109375,-0.8858184814453125
1784719779498706688,32.61751866340637,0.1010894775390625,0.0039215087890625,-0.620513916015625
1784719779508626688,32.62743878364563,0.119384765625,0.1146392822265625,-0.531890869140625
1784719779518545664,32.63735771179199,0.2940826416015625,0.5312042236328125,-0.5623626708984375
1784719779528465664,32.64727783203125,0.43414306640625,0.7990570068359375,-0.7507781982421875
1784719779538385664,32.65719771385193,0.4512786865234375,0.8282928466796875,-0.970306396484375
1784719779548305664,32.66711783409119,0.4257049560546875,0.5561981201171875,-0.951507568359375
1784719779558224640,32.67703676223755,0.33154296875,0.3314971923828125,-0.8605194091796875
1784719779568144640,32.68695664405823,0.250640869140625,0.38092041015625,-0.895965576171875
1784719779578064640,32.696876764297485,0.2453460693359375,0.737823486328125,-0.9215087890625
1784719779587984640,32.706796646118164,0.2954254150390625,1.265411376953125,-1.0372772216796875
1784719779597904640,32.71671676635742,0.376556396484375,1.742279052734375,-1.14190673828125
1784719779607823616,32.726635694503784,0.45452880859375,1.846466064453125,-1.2944183349609375
1784719779617743616,32.73655581474304,0.478363037109375,1.6103363037109375,-1.3725128173828125
1784719779627663616,32.74647569656372,0.4683685302734375,1.3541107177734375,-1.371429443359375
1784719779637583616,32.75639581680298,0.4748992919921875,1.281524658203125,-1.3089752197265625
1784719779647502592,32.76631474494934,0.4793853759765625,1.3448333740234375,-1.26824951171875
1784719779657422848,32.7762348651886,0.48773193359375,1.4087677001953125,-1.1485443115234375
1784719779667342592,32.78615474700928,0.43310546875,1.451171875,-0.9882049560546875
1784719779677262848,32.796074867248535,0.3807525634765625,1.475250244140625,-0.934234619140625
1784719779687182592,32.805994749069214,0.332733154296875,1.333221435546875,-0.9939422607421875
1784719779697101568,32.815913677215576,0.341064453125,1.1142120361328125,-1.0081634521484375
1784719779707021824,32.825833797454834,0.303497314453125,1.0247955322265625,-0.8777618408203125
1784719779716941568,32.83575367927551,0.287811279296875,1.0353240966796875,-0.7746734619140625
1784719779726861824,32.84567379951477,0.2785186767578125,1.129150390625,-0.75213623046875
1784719779736780544,32.85559272766113,0.26708984375,1.1117401123046875,-0.6431732177734375
1784719779746700800,32.86551284790039,0.3095550537109375,1.06268310546875,-0.5832061767578125
1784719779756620800,32.87543296813965,0.301788330078125,1.080902099609375,-0.4515228271484375
1784719779766541056,32.885353088378906,0.2547454833984375,0.98077392578125,-0.3975982666015625
1784719779776460800,32.895272970199585,0.2071685791015625,0.87860107421875,-0.3428192138671875
1784719779786380032,32.905192136764526,0.1897125244140625,0.8197021484375,-0.3481292724609375
1784719779796300032,32.915112018585205,0.1834259033203125,0.8780975341796875,-0.3511810302734375
1784719779806220032,32.92503213882446,0.178497314453125,0.9584808349609375,-0.3992919921875
1784719779816140032,32.93495202064514,0.155670166015625,1.017303466796875,-0.4392852783203125
1784719779826060032,32.9448721408844,0.0962371826171875,1.080902099609375,-0.441375732421875
1784719779835979008,32.95479106903076,0.03863525390625,1.155731201171875,-0.476837158203125
1784719779845899008,32.96471118927002,0.069000244140625,1.146759033203125,-0.4553070068359375
1784719779855819008,32.9746310710907,0.083404541015625,0.9893798828125,-0.361846923828125
1784719779865739008,32.984551191329956,0.14215087890625,0.770965576171875,-0.2596435546875
1784719779875657984,32.99447011947632,0.1156005859375,0.664398193359375,-0.1203765869140625
1784719779885577984,33.004390001297,0.0486297607421875,0.5480804443359375,0.000701904296875
1784719779895497984,33.014310121536255,0.040130615234375,0.3887939453125,0.04742431640625
1784719779905417984,33.024230003356934,0.0730743408203125,0.2245330810546875,0.1689910888671875
1784719779915337984,33.03415012359619,0.116668701171875,0.0033416748046875,0.238525390625
1784719779925256960,33.044069051742554,0.121490478515625,-0.1597747802734375,0.2527313232421875
1784719779935176960,33.05398917198181,0.116058349609375,-0.189117431640625,0.2059478759765625
1784719779945096960,33.06390905380249,0.0850830078125,-0.19024658203125,0.234130859375
1784719779955017216,33.07382917404175,0.090972900390625,-0.2671966552734375,0.222259521484375
1784719779964935936,33.08374810218811,0.180572509765625,-0.2718963623046875,0.07952880859375
1784719779974855936,33.09366798400879,0.2808837890625,-0.130096435546875,-0.028900146484375
1784719779984775936,33.10358810424805,0.3284759521484375,0.0085601806640625,-0.167388916015625
1784719779994695936,33.113507986068726,0.3149871826171875,0.055267333984375,-0.2928009033203125
1784719780004615168,33.12342715263367,0.2657470703125,-0.063720703125,-0.376861572265625
1784719780014534912,33.133347034454346,0.3280029296875,-0.2447967529296875,-0.4585113525390625
1784719780024455168,33.1432671546936,0.3587799072265625,-0.4407196044921875,-0.511505126953125
1784719780034374912,33.15318703651428,0.321533203125,-0.61798095703125,-0.5030975341796875
1784719780044295168,33.16310715675354,0.2924957275390625,-0.6462554931640625,-0.56646728515625
1784719780054213888,33.1730260848999,0.35162353515625,-0.4865875244140625,-0.619873046875
1784719780064133888,33.18294596672058,0.5258331298828125,-0.356231689453125,-0.69476318359375
1784719780074053888,33.19286608695984,0.705169677734375,-0.40216064453125,-0.6547393798828125
1784719780083973888,33.20278596878052,0.780975341796875,-0.7485504150390625,-0.6343841552734375
1784719780093893120,33.21270513534546,0.908782958984375,-1.1873931884765625,-0.7430877685546875
1784719780103812864,33.22262501716614,1.097747802734375,-1.4888916015625,-0.9020233154296875
1784719780113733120,33.232545137405396,1.4426116943359375,-1.686004638671875,-1.1201019287109375
1784719780123652864,33.242465019226074,1.7666473388671875,-1.5250091552734375,-1.19195556640625
1784719780133573120,33.25238513946533,2.068603515625,-1.34356689453125,-1.2779388427734375
1784719780143492096,33.262304067611694,2.4097137451171875,-1.2444610595703125,-1.3880462646484375
1784719780153412096,33.27222418785095,2.3921661376953125,-1.3075408935546875,-1.4164886474609375
1784719780163332096,33.28214406967163,2.1912994384765625,-1.33856201171875,-1.33795166015625
1784719780173252096,33.29206418991089,2.0481109619140625,-1.237640380859375,-1.3201751708984375
1784719780183171072,33.30198311805725,2.0758819580078125,-0.99853515625,-1.1257171630859375
1784719780193090816,33.31190299987793,2.1965484619140625,-1.017364501953125,-0.978240966796875
1784719780203011072,33.32182312011719,2.10430908203125,-1.0560760498046875,-1.0389862060546875
1784719780212930816,33.331743001937866,1.922393798828125,-0.8137664794921875,-1.201202392578125
1784719780222851072,33.341663122177124,1.582550048828125,-0.4529876708984375,-0.90509033203125
1784719780232770048,33.351582050323486,1.147186279296875,0.23480224609375,-0.5364532470703125
1784719780242690048,33.361502170562744,1.0117034912109375,0.8593902587890625,-0.4165496826171875
1784719780252610048,33.37142205238342,0.540496826171875,1.325103759765625,0.0390777587890625
1784719780262530048,33.38134217262268,0.536285400390625,0.951751708984375,-0.23333740234375
1784719780272449024,33.39126110076904,0.9223175048828125,0.4782562255859375,-0.2794189453125
1784719780282369024,33.40118098258972,1.9973907470703125,0.934967041015625,-0.1999053955078125
1784719780292289024,33.41110110282898,2.577789306640625,0.703765869140625,-0.5697021484375
1784719780302209024,33.42102098464966,2.549346923828125,0.4630126953125,-0.7395172119140625
1784719780312129024,33.430941104888916,2.2566680908203125,0.3826141357421875,-1.01953125
1784719780322048000,33.44086003303528,2.67926025390625,-0.1017913818359375,-1.41845703125
1784719780331968000,33.450780153274536,3.0780181884765625,-0.1589813232421875,-1.504547119140625
1784719780341888000,33.460700035095215,2.919952392578125,0.1811370849609375,-1.2926025390625
1784719780351808000,33.47062015533447,3.035797119140625,-0.4925079345703125,-1.4174346923828125
1784719780361726976,33.480539083480835,2.8095550537109375,-1.2373046875,-0.722381591796875
1784719780371646976,33.490458965301514,3.264434814453125,-0.5850830078125,-0.7471160888671875
1784719780381566976,33.50037908554077,2.9713592529296875,-0.8291778564453125,-1.10943603515625
1784719780391486976,33.51029896736145,2.4319915771484375,-1.153167724609375,-0.8537750244140625
1784719780401406976,33.52021908760071,2.848785400390625,-0.8843536376953125,-1.0163421630859375
1784719780411325952,33.53013801574707,3.0001983642578125,-0.7316436767578125,-1.26898193359375
1784719780421245952,33.54005813598633,2.6300811767578125,-0.3633880615234375,-0.83538818359375
1784719780431165952,33.54997801780701,2.3423614501953125,-0.357513427734375,-0.9903564453125
1784719780441085952,33.559898138046265,2.4349212646484375,-0.1355743408203125,-0.8008880615234375
1784719780451005952,33.56981801986694,2.1062774658203125,-0.6298828125,-0.8615264892578125
1784719780460925184,33.579737186431885,1.9176177978515625,-1.2989654541015625,-1.126220703125
1784719780470844928,33.58965706825256,1.7720489501953125,-1.4866180419921875,-1.25421142578125
1784719780480765184,33.59957718849182,1.8728179931640625,-0.6743927001953125,-1.543212890625
1784719780490684928,33.6094970703125,2.01507568359375,0.3043670654296875,-1.6422271728515625
1784719780500603904,33.61941599845886,1.7666473388671875,0.7190399169921875,-1.907012939453125
1784719780510524160,33.62933611869812,2.055206298828125,0.5072021484375,-1.942138671875
1784719780520443904,33.6392560005188,1.6381072998046875,0.4613800048828125,-2.294769287109375
1784719780530364160,33.64917612075806,1.4030609130859375,0.345947265625,-2.504974365234375
1784719780540283904,33.659096002578735,1.397186279296875,1.2127685546875,-2.433685302734375
1784719780550203136,33.66901516914368,2.1041259765625,1.811309814453125,-3.1537628173828125
1784719780560122880,33.678935050964355,2.30413818359375,0.970947265625,-3.0497894287109375
1784719780570043136,33.68885517120361,2.0346832275390625,-0.08660888671875,-2.6588592529296875
1784719780579962880,33.69877505302429,1.626220703125,-0.4890594482421875,-1.6538543701171875
1784719780589881856,33.708693981170654,1.7477264404296875,-0.0898590087890625,-0.609527587890625
1784719780599802112,33.71861410140991,2.3372650146484375,0.410736083984375,-0.644622802734375
1784719780609721856,33.72853398323059,2.4669342041015625,0.9915924072265625,-0.79425048828125
1784719780619642112,33.73845410346985,2.5991058349609375,1.302276611328125,-1.001983642578125
1784719780629561856,33.74837398529053,2.57098388671875,1.417938232421875,-0.9877471923828125
1784719780639481088,33.75829315185547,2.6984710693359375,1.4598388671875,-1.099395751953125
1784719780649400832,33.76821303367615,2.92218017578125,1.7801666259765625,-1.0354156494140625
1784719780659321088,33.778133153915405,3.2124176025390625,1.74224853515625,-0.9994659423828125
1784719780669240832,33.788053035736084,3.5987091064453125,1.545257568359375,-0.8655548095703125
1784719780679161088,33.79797315597534,4.022735595703125,1.169677734375,-0.737060546875
1784719780689080064,33.807892084121704,4.3679046630859375,0.67437744140625,-0.518280029296875
1784719780698999808,33.81781196594238,4.57794189453125,0.276214599609375,-0.2030792236328125
1784719780708920064,33.82773208618164,4.6414794921875,0.19573974609375,0.3218994140625
1784719780718839808,33.83765196800232,4.59759521484375,0.3727569580078125,0.4036712646484375
1784719780728759040,33.84757113456726,4.5611724853515625,0.844451904296875,0.205535888671875
1784719780738679040,33.85749101638794,4.7005157470703125,1.3913116455078125,0.1856689453125
1784719780748599040,33.8674111366272,4.74798583984375,1.7406158447265625,0.4170684814453125
1784719780758519296,33.877331256866455,4.6562652587890625,1.7409820556640625,0.7239227294921875
1784719780768439040,33.887251138687134,4.5738372802734375,1.683929443359375,1.047576904296875
1784719780778358272,33.897170305252075,4.306976318359375,1.61761474609375,1.264739990234375
1784719780788278016,33.907090187072754,3.9542236328125,1.5065460205078125,1.42962646484375
1784719780798198272,33.91701030731201,4.021697998046875,1.2933197021484375,1.5250701904296875
1784719780808118016,33.92693018913269,3.7143402099609375,1.4413909912109375,1.6251068115234375
1784719780818036992,33.93684911727905,2.985687255859375,1.8270263671875,1.597381591796875
1784719780827957248,33.94676923751831,2.64898681640625,1.9180755615234375,1.7752838134765625
1784719780837876992,33.95668911933899,2.9085540771484375,1.2866668701171875,1.9720306396484375
1784719780847797248,33.96660923957825,2.0901031494140625,1.2033233642578125,1.5978240966796875
1784719780857716992,33.976529121398926,1.9210662841796875,1.7531890869140625,0.62176513671875
1784719780867636224,33.98644828796387,1.7595062255859375,2.6527099609375,0.617401123046875
1784719780877555968,33.996368169784546,2.985382080078125,3.6684722900390625,-0.1597747802734375
1784719780887476224,34.006288290023804,1.7110137939453125,6.2923583984375,1.282196044921875
1784719780897395968,34.01620817184448,1.27496337890625,3.2628326416015625,1.19061279296875
1784719780907314944,34.026127099990845,0.3106536865234375,1.0154266357421875,1.7689056396484375
1784719780917235200,34.0360472202301,-0.0832366943359375,0.9117584228515625,1.5339813232421875
1784719780927154944,34.04596710205078,-0.245391845703125,1.40447998046875,1.21044921875
1784719780937075200,34.05588722229004,-0.0556640625,1.738861083984375,0.916778564453125
1784719780946994944,34.06580710411072,0.1805572509765625,1.65545654296875,0.83502197265625
1784719780956914176,34.07572627067566,0.2335357666015625,1.6235504150390625,0.7432861328125
1784719780966834176,34.08564615249634,0.2172393798828125,1.64801025390625,0.53912353515625
1784719780976754176,34.095566272735596,0.1771087646484375,1.5929718017578125,0.33746337890625
1784719780986674176,34.105486154556274,0.1314849853515625,1.46356201171875,0.135650634765625
1784719780996593152,34.115405321121216,0.16241455078125,1.408935546875,-0.2902984619140625
1784719781006513152,34.125325202941895,0.1845245361328125,1.26324462890625,-0.4306793212890625
1784719781016433152,34.13524532318115,0.14654541015625,1.2372894287109375,-0.3762359619140625
1784719781026353152,34.14516520500183,0.1084442138671875,0.9777374267578125,-0.605804443359375
1784719781036273152,34.15508532524109,-0.0784149169921875,1.2271270751953125,-0.6768951416015625
1784719781046192128,34.16500425338745,-0.11785888671875,1.3984375,-0.9033355712890625
1784719781056112128,34.17492413520813,-0.1602325439453125,1.3868865966796875,-1.079803466796875
1784719781066032128,34.18484425544739,-0.0821075439453125,1.0313568115234375,-1.114501953125
1784719781075952128,34.194764137268066,-0.2667694091796875,0.957611083984375,-1.13714599609375
1784719781085872128,34.204684257507324,-0.233856201171875,1.1186370849609375,-1.209747314453125
1784719781095791104,34.21460318565369,-0.3131256103515625,1.118560791015625,-0.8317108154296875
1784719781105711104,34.224523305892944,0.1647796630859375,1.13946533203125,-0.693145751953125
1784719781115631104,34.23444318771362,-0.1373443603515625,0.6611480712890625,-0.70904541015625
1784719781125551104,34.24436330795288,1.0821990966796875,0.411376953125,-0.523040771484375
1784719781135470080,34.25428223609924,0.778564453125,0.37506103515625,0.0523223876953125
1784719781145390080,34.26420211791992,0.0419769287109375,0.38787841796875,-0.262847900390625
1784719781155310080,34.27412223815918,-0.19757080078125,0.4058685302734375,-0.5278167724609375
1784719781165230080,34.28404211997986,0.1155548095703125,0.523468017578125,-0.8081207275390625
1784719781175150080,34.293962240219116,0.3742828369140625,0.4398193359375,-0.821624755859375
1784719781185069056,34.30388116836548,0.4593658447265625,0.49456787109375,-0.9516143798828125
1784719781194989312,34.313801288604736,0.5127716064453125,0.5996246337890625,-1.0426483154296875
1784719781204909056,34.323721170425415,0.55706787109375,0.653106689453125,-0.894927978515625
1784719781214829312,34.33364129066467,0.5942230224609375,0.4591217041015625,-0.9757843017578125
1784719781224748032,34.343560218811035,0.5330657958984375,0.7735443115234375,-1.200225830078125
1784719781234668032,34.353480100631714,0.398651123046875,1.2008514404296875,-1.0025177001953125
1784719781244588032,34.36340022087097,0.4391632080078125,1.1145782470703125,-1.1683807373046875
1784719781254508032,34.37332010269165,0.3980255126953125,0.515106201171875,-1.268890380859375
1784719781264428032,34.38324022293091,0.2578125,-0.1085968017578125,-1.1465911865234375
1784719781274347008,34.39315915107727,0.1954498291015625,-0.3115234375,-1.085418701171875
1784719781284267264,34.40307927131653,0.2876739501953125,-0.1121063232421875,-1.1131134033203125
1784719781294187008,34.41299915313721,0.3402252197265625,0.2046051025390625,-1.0002899169921875
1784719781304107264,34.422919273376465,0.3650665283203125,0.4717864990234375,-0.81573486328125
1784719781314027008,34.432839155197144,0.3195037841796875,0.723663330078125,-0.7486419677734375
1784719781323946240,34.442758321762085,0.2967376708984375,1.05047607421875,-0.79339599609375
1784719781333866240,34.452678203582764,0.3277435302734375,1.1627960205078125,-0.994781494140625
1784719781343786240,34.46259832382202,0.410125732421875,0.9888153076171875,-1.17486572265625
1784719781353706240,34.4725182056427,0.447113037109375,0.758453369140625,-1.273529052734375
1784719781363624960,34.48243713378906,0.4078521728515625,0.7955474853515625,-1.3013458251953125
1784719781373545216,34.49235725402832,0.3910980224609375,1.0992431640625,-1.222503662109375
1784719781383464960,34.502277135849,0.37322998046875,1.4474639892578125,-1.1346588134765625
1784719781393385216,34.51219725608826,0.3166351318359375,1.4954986572265625,-1.2021636962890625
1784719781403304960,34.522117137908936,0.3686370849609375,1.38250732421875,-1.3192901611328125
1784719781413224192,34.53203630447388,0.40643310546875,1.2270050048828125,-1.332550048828125
1784719781423144192,34.541956186294556,0.455902099609375,1.1516876220703125,-1.3035888671875
1784719781433064192,34.55187630653381,0.48114013671875,1.126434326171875,-1.2034912109375
1784719781442984192,34.56179618835449,0.47454833984375,1.0624847412109375,-1.00164794921875
1784719781452902912,34.571715116500854,0.3283233642578125,1.1558990478515625,-0.5679168701171875
1784719781462823168,34.58163523674011,0.244659423828125,1.2311248779296875,-0.4620513916015625
1784719781472742912,34.59155511856079,0.2659149169921875,1.202362060546875,-0.6677398681640625
1784719781482663168,34.60147523880005,0.379058837890625,1.154693603515625,-0.8780364990234375
1784719781492582912,34.61139512062073,0.4803009033203125,1.1666259765625,-0.9720458984375
1784719781502502144,34.62131428718567,0.477294921875,1.1804962158203125,-0.96990966796875
1784719781512422144,34.63123416900635,0.44744873046875,1.116180419921875,-0.9014739990234375
1784719781522342144,34.641154289245605,0.4195404052734375,0.9906463623046875,-0.7872161865234375
1784719781532262144,34.651074171066284,0.3574371337890625,0.965087890625,-0.677490234375
1784719781542182144,34.66099429130554,0.31353759765625,1.0285491943359375,-0.6468353271484375
1784719781552101120,34.670913219451904,0.3039093017578125,1.02520751953125,-0.6764678955078125
1784719781562021120,34.68083310127258,0.3156280517578125,0.98199462890625,-0.6517333984375
1784719781571941120,34.69075322151184,0.255218505859375,0.938323974609375,-0.57672119140625
1784719781581861120,34.70067310333252,0.206268310546875,0.94110107421875,-0.49432373046875
1784719781591780096,34.71059226989746,0.1964111328125,0.9618072509765625,-0.429901123046875
1784719781601700096,34.72051215171814,0.1782684326171875,0.950347900390625,-0.3291015625
1784719781611620096,34.7304322719574,0.1700286865234375,0.8867340087890625,-0.290771484375
1784719781621540096,34.740352153778076,0.11517333984375,0.78717041015625,-0.2335052490234375
1784719781631460096,34.750272274017334,0.0692138671875,0.7674713134765625,-0.168914794921875
1784719781641379072,34.760191202163696,0.062530517578125,0.7444610595703125,-0.1433563232421875
1784719781651299328,34.770111322402954,0.084869384765625,0.6793060302734375,-0.1192474365234375
1784719781661219072,34.78003120422363,0.1396484375,0.5478668212890625,-0.1387481689453125
1784719781671139328,34.78995132446289,0.1647186279296875,0.45294189453125,-0.17266845703125
1784719781681059072,34.79987120628357,0.1317901611328125,0.3924713134765625,-0.2017364501953125
1784719781690978048,34.80979013442993,0.0594635009765625,0.442138671875,-0.11456298828125
1784719781700898048,34.81971025466919,0.0259552001953125,0.4908294677734375,0.0137939453125
1784719781710818048,34.82963013648987,0.0579071044921875,0.42401123046875,0.0595550537109375
1784719781720738048,34.839550256729126,0.06060791015625,0.364349365234375,0.2659759521484375
1784719781730657024,34.84946918487549,0.025482177734375,0.325958251953125,0.3983154296875
1784719781740577280,34.859389305114746,-0.0170745849609375,0.3521270751953125,0.34698486328125
1784719781750497024,34.869309186935425,-0.060455322265625,0.3191680908203125,0.239654541015625
1784719781760415488,34.87922763824463,-0.0391693115234375,0.105194091796875,0.1406707763671875
1784719781770335744,34.88914775848389,0.05712890625,-0.20611572265625,0.0733795166015625
1784719781780254720,34.89906668663025,0.1806793212890625,-0.4590911865234375,-0.10552978515625
1784719781790174720,34.90898680686951,0.2161712646484375,-0.50726318359375,-0.1620330810546875
1784719781800094720,34.918906688690186,0.258514404296875,-0.4501190185546875,-0.293212890625
1784719781810014720,34.92882680892944,0.3592681884765625,-0.4494171142578125,-0.5267486572265625
1784719781819933696,34.938745737075806,0.3609466552734375,-0.44921875,-0.7882537841796875
1784719781829853696,34.94866585731506,0.4403228759765625,-0.466644287109375,-0.95343017578125
1784719781839773696,34.95858573913574,0.5027923583984375,-0.56683349609375,-1.004608154296875
1784719781849693696,34.968505859375,0.5060577392578125,-0.726226806640625,-1.0346527099609375
1784719781859613696,34.97842574119568,0.47894287109375,-0.8408050537109375,-0.9635009765625
1784719781869532672,34.98834466934204,0.5529632568359375,-0.870513916015625,-0.87872314453125
1784719781879452672,34.9982647895813,0.6786651611328125,-0.9673309326171875,-0.7389678955078125
1784719781889372672,35.00818467140198,0.7357330322265625,-1.0202789306640625,-0.683441162109375
1784719781899292672,35.018104791641235,0.910186767578125,-1.0816802978515625,-0.672393798828125
1784719781909212672,35.028024673461914,1.1163787841796875,-1.1606903076171875,-0.79766845703125
1784719781919131648,35.037943840026855,1.4681549072265625,-1.08929443359375,-0.9629364013671875
1784719781929051648,35.047863721847534,1.8015899658203125,-1.056976318359375,-1.1368408203125
1784719781938971648,35.05778384208679,2.1220703125,-1.1484375,-1.132843017578125
1784719781948891648,35.06770372390747,2.2775115966796875,-1.377777099609375,-0.868316650390625
1784719781958810624,35.07762265205383,2.1465911865234375,-1.712615966796875,-0.7720184326171875
1784719781968730624,35.08754277229309,1.9976806640625,-1.7278900146484375,-0.9521331787109375
1784719781978650624,35.09746265411377,2.0096282958984375,-1.3793792724609375,-1.056884765625
1784719781988570624,35.10738277435303,2.053863525390625,-1.12933349609375,-1.1430206298828125
1784719781998490624,35.117302656173706,2.1444244384765625,-0.96337890625,-1.080230712890625
1784719782008409856,35.12722182273865,2.0342559814453125,-0.9575653076171875,-1.0504608154296875
1784719782018329600,35.137141704559326,1.7401580810546875,-0.5818328857421875,-0.8206024169921875
1784719782028249856,35.147061824798584,1.3743743896484375,0.030731201171875,-0.7428436279296875
1784719782038169600,35.15698170661926,0.9630584716796875,0.2548370361328125,-0.76617431640625
1784719782048089856,35.16690182685852,1.0205078125,0.522674560546875,-0.3684539794921875
1784719782058008576,35.17682075500488,0.8888092041015625,0.8169708251953125,-0.4296417236328125
1784719782067928576,35.18674063682556,0.6645355224609375,0.994842529296875,-0.3087615966796875
1784719782077848576,35.19666075706482,0.997283935546875,1.419097900390625,-0.4662322998046875
1784719782087768576,35.2065806388855,1.6242523193359375,1.3081817626953125,-0.9102020263671875
1784719782097687808,35.21649980545044,2.4828033447265625,0.043792724609375,-0.7308197021484375
1784719782107607552,35.22641968727112,3.275970458984375,-0.6361541748046875,-0.74462890625
1784719782117527808,35.236339807510376,3.554656982421875,-0.8509368896484375,-0.8599853515625
1784719782127447552,35.246259689331055,3.18609619140625,-0.349365234375,-1.6017913818359375
1784719782137367808,35.25617980957031,2.5281982421875,-0.02703857421875,-1.3990325927734375
1784719782147286528,35.266098737716675,2.7373504638671875,-0.247650146484375,-1.3230743408203125
1784719782157206784,35.27601885795593,2.4728851318359375,-0.1879425048828125,-0.9202423095703125
1784719782167126528,35.28593873977661,2.6251983642578125,-0.783721923828125,-0.7756805419921875
1784719782177046784,35.29585886001587,2.9937591552734375,-0.8343658447265625,-0.951141357421875
1784719782186966784,35.30577874183655,2.5160064697265625,-0.8717041015625,-1.2277374267578125
1784719782196885504,35.31569766998291,2.4502410888671875,-0.6185150146484375,-0.9422454833984375
1784719782206805760,35.32561779022217,2.9625091552734375,-0.2844085693359375,-1.2414398193359375
1784719782216725504,35.33553767204285,2.953582763671875,0.054901123046875,-1.421875
1784719782226645760,35.345457792282104,2.3846435546875,-0.294708251953125,-1.2682647705078125
1784719782236565504,35.35537767410278,2.26129150390625,-0.464691162109375,-1.0493927001953125
1784719782246484736,35.365296840667725,2.243255615234375,-0.6179351806640625,-1.1116180419921875
1784719782256404736,35.3752167224884,2.082550048828125,-0.661468505859375,-0.7686309814453125
1784719782266324736,35.38513684272766,1.8634796142578125,-1.116790771484375,-0.93670654296875
1784719782276244736,35.39505672454834,1.8343048095703125,-0.729278564453125,-0.975250244140625
1784719782286163456,35.4049756526947,1.630279541015625,-0.354888916015625,-1.265380859375
1784719782296083712,35.41489577293396,1.5628509521484375,-0.0289459228515625,-1.1998748779296875
1784719782306003456,35.42481565475464,1.69476318359375,0.355133056640625,-1.38665771484375
1784719782315923712,35.4347357749939,1.831756591796875,0.2763214111328125,-1.6156768798828125
1784719782325843456,35.444655656814575,1.65765380859375,0.2405242919921875,-1.813720703125
1784719782335762688,35.45457482337952,1.6775360107421875,0.5794219970703125,-2.0988922119140625
1784719782345682688,35.464494705200195,1.6343231201171875,0.6838531494140625,-2.4621429443359375
1784719782355602688,35.47441482543945,1.898773193359375,1.307464599609375,-2.933685302734375
1784719782365522688,35.48433470726013,1.9073028564453125,1.23248291015625,-3.250518798828125
1784719782375442688,35.49425482749939,1.7471923828125,1.03021240234375,-3.6557769775390625
1784719782385361664,35.50417375564575,1.6450653076171875,1.3815765380859375,-2.788543701171875
1784719782395281664,35.51409363746643,1.79998779296875,1.3815460205078125,-1.4142303466796875
1784719782405201664,35.52401375770569,2.41815185546875,0.9886474609375,-0.672332763671875
1784719782415121664,35.53393363952637,3.0508575439453125,0.651153564453125,-0.51409912109375
1784719782425041664,35.543853759765625,3.4488372802734375,0.4836273193359375,-0.552001953125
1784719782434960640,35.55377268791199,3.3480072021484375,0.4248199462890625,-0.5464019775390625
1784719782444880640,35.563692808151245,3.0799102783203125,0.6567840576171875,-0.5459136962890625
1784719782454800640,35.573612689971924,3.0038604736328125,1.0020751953125,-0.6716766357421875
1784719782464720640,35.58353281021118,3.14599609375,1.288848876953125,-0.9720306396484375
1784719782474639616,35.593451738357544,3.329193115234375,1.2333221435546875,-1.1510162353515625
1784719782484559872,35.6033718585968,3.544586181640625,0.872772216796875,-0.9885406494140625
1784719782494479616,35.61329174041748,3.7985382080078125,0.579254150390625,-0.5709686279296875
1784719782504399872,35.62321186065674,4.055145263671875,0.4850311279296875,-0.2179412841796875
1784719782514319616,35.63313174247742,4.3027801513671875,0.610076904296875,-0.1034698486328125
1784719782524238592,35.64305067062378,4.59271240234375,0.970733642578125,-0.0727691650390625
1784719782534158592,35.65297079086304,4.798583984375,1.3285369873046875,-0.0409698486328125
1784719782544078592,35.662890672683716,4.86834716796875,1.530975341796875,0.120758056640625
1784719782553998592,35.672810792922974,4.850250244140625,1.5835113525390625,0.4229583740234375
1784719782563918592,35.68273067474365,4.73895263671875,1.517608642578125,0.7084197998046875
1784719782573837824,35.692649841308594,4.6882476806640625,1.37579345703125,0.9547882080078125
1784719782583757568,35.70256972312927,4.520599365234375,1.3330535888671875,1.2359771728515625
1784719782593677824,35.71248984336853,4.218719482421875,1.3009033203125,1.4220733642578125
1784719782603597568,35.72240972518921,3.8783721923828125,1.2418060302734375,1.57623291015625
1784719782613516544,35.73232865333557,3.57318115234375,1.263580322265625,1.6605377197265625
1784719782623436800,35.74224877357483,3.186676025390625,1.3009185791015625,1.7149810791015625
1784719782633356544,35.75216865539551,2.957183837890625,1.422607421875,1.6249542236328125
1784719782643276800,35.762088775634766,2.652435302734375,1.6776123046875,1.419647216796875
1784719782653196544,35.772008657455444,2.232452392578125,1.9463653564453125,0.9892120361328125
1784719782663115776,35.781927824020386,2.1448974609375,2.6077117919921875,0.1841583251953125
1784719782673035520,35.791847705841064,2.819183349609375,4.1062164306640625,-0.419189453125
1784719782682955776,35.80176782608032,1.8400726318359375,7.3093414306640625,1.36572265625
1784719782692875520,35.811687707901,1.4856719970703125,3.4249114990234375,1.438507080078125
1784719782702795776,35.82160782814026,0.615966796875,1.008514404296875,1.4705657958984375
1784719782712714752,35.83152675628662,0.3263702392578125,1.0066986083984375,1.522430419921875
1784719782722634496,35.8414466381073,0.0309906005859375,1.3658447265625,1.43780517578125
1784719782732554752,35.85136675834656,-0.0601806640625,1.42999267578125,1.1033782958984375
1784719782742474496,35.861286640167236,0.1284027099609375,1.5401458740234375,0.914764404296875
1784719782752394496,35.871206521987915,0.300933837890625,1.6947479248046875,0.8021697998046875
1784719782762314496,35.88112664222717,0.30621337890625,1.835601806640625,0.62860107421875
1784719782772234496,35.89104652404785,0.2160186767578125,1.709686279296875,0.4253387451171875
1784719782782154496,35.90096664428711,0.1326904296875,1.5897216796875,0.2873382568359375
1784719782792074496,35.91088652610779,0.1373443603515625,1.5925445556640625,0.0451507568359375
1784719782801993728,35.92080569267273,0.1219024658203125,1.513214111328125,-0.1328125
1784719782811913472,35.93072557449341,0.2092132568359375,1.60906982421875,-0.3034210205078125
1784719782821833728,35.940645694732666,0.4096221923828125,1.461517333984375,-0.5337066650390625
1784719782831753472,35.950565576553345,0.324066162109375,1.15093994140625,-0.6579132080078125
1784719782841673728,35.9604856967926,0.1521759033203125,1.0606536865234375,-0.6748809814453125
1784719782851592448,35.970404624938965,0.025482177734375,1.1749420166015625,-0.7900848388671875
1784719782861512448,35.980324506759644,-0.0541839599609375,0.9164581298828125,-0.9084625244140625
1784719782871432448,35.9902446269989,-0.4720001220703125,1.24847412109375,-0.91510009765625
1784719782881352448,36.00016450881958,-0.4466094970703125,1.2296142578125,-1.0713348388671875
1784719782891271680,36.01008367538452,-0.566558837890625,1.465728759765625,-0.6935577392578125
1784719782901191424,36.0200035572052,-0.172332763671875,1.4226226806640625,-0.7925262451171875
1784719782911111680,36.02992367744446,0.1312713623046875,0.943634033203125,-0.7323150634765625
1784719782921031424,36.03984355926514,0.6100921630859375,0.5761566162109375,-0.7757415771484375
1784719782930951680,36.049763679504395,0.412567138671875,0.4401397705078125,-0.504638671875
1784719782940870400,36.05968260765076,0.21893310546875,0.2882537841796875,-0.6158447265625
1784719782950790656,36.069602727890015,0.206207275390625,0.4039459228515625,-0.756439208984375
1784719782960710400,36.07952260971069,0.2799224853515625,0.453216552734375,-0.8437652587890625
1784719782970630656,36.08944272994995,0.30303955078125,0.544189453125,-0.7947845458984375
1784719782980550400,36.09936261177063,0.420806884765625,0.5435638427734375,-0.8792877197265625
1784719782990469376,36.10928153991699,0.3932647705078125,0.60980224609375,-0.8411407470703125
1784719783000389632,36.11920166015625,0.3994140625,0.828033447265625,-0.7912139892578125
1784719783010309376,36.12912154197693,0.56866455078125,1.02716064453125,-0.8756103515625
1784719783020229632,36.13904166221619,0.6041717529296875,0.8965301513671875,-0.99468994140625
1784719783030148608,36.14896059036255,0.563262939453125,0.65643310546875,-1.0346527099609375
1784719783040068608,36.15888071060181,0.4000244140625,0.545135498046875,-1.06256103515625
1784719783049988608,36.168800592422485,0.2825164794921875,0.55218505859375,-1.0644378662109375
1784719783059908608,36.17872071266174,0.262359619140625,0.41937255859375,-1.0290069580078125
1784719783069828608,36.18864059448242,0.359710693359375,0.2832183837890625,-0.897247314453125
1784719783079747328,36.198559522628784,0.3542633056640625,0.4710235595703125,-0.79888916015625
1784719783089667584,36.20847964286804,0.3558502197265625,0.7296600341796875,-0.6300811767578125
1784719783099587328,36.21839952468872,0.436279296875,0.7888946533203125,-0.7336578369140625
1784719783109507584,36.22831964492798,0.4652252197265625,0.721099853515625,-0.8332061767578125
1784719783119426560,36.23823857307434,0.4783935546875,0.633453369140625,-0.9440460205078125
1784719783129346560,36.2481586933136,0.4402008056640625,0.578948974609375,-1.0445709228515625
1784719783139266560,36.25807857513428,0.3489532470703125,0.6254425048828125,-1.0841827392578125
1784719783149186560,36.267998695373535,0.3500518798828125,0.78546142578125,-1.1443023681640625
1784719783159106560,36.277918577194214,0.3542327880859375,1.017730712890625,-1.2021331787109375
1784719783169025536,36.287837505340576,0.3897552490234375,1.154876708984375,-1.3306884765625
1784719783178945536,36.297757625579834,0.396331787109375,1.22723388671875,-1.411163330078125
1784719783188865536,36.30767750740051,0.412567138671875,1.263885498046875,-1.39361572265625
1784719783198785536,36.31759762763977,0.4257965087890625,1.2563018798828125,-1.359649658203125
1784719783208705536,36.32751750946045,0.4449920654296875,1.243743896484375,-1.2826995849609375
1784719783218624512,36.33743667602539,0.47003173828125,1.308258056640625,-1.189666748046875
1784719783228544512,36.34735655784607,0.43927001953125,1.39984130859375,-0.9551239013671875
1784719783238464512,36.35727667808533,0.4251556396484375,1.328643798828125,-0.8704071044921875
1784719783248384512,36.367196559906006,0.4293975830078125,1.1565399169921875,-0.9048309326171875
1784719783258303744,36.37711572647095,0.45904541015625,0.9943695068359375,-0.8752899169921875
1784719783268223488,36.387035608291626,0.467559814453125,0.9283294677734375,-0.8517303466796875
1784719783278143744,36.396955728530884,0.445953369140625,1.066650390625,-0.842681884765625
1784719783288063488,36.40687561035156,0.391754150390625,1.1310577392578125,-0.8026885986328125
1784719783297983744,36.41679573059082,0.3319091796875,1.1524658203125,-0.6463165283203125
1784719783307902464,36.42671465873718,0.2782440185546875,1.213623046875,-0.5121002197265625
1784719783317822464,36.43663454055786,0.273162841796875,1.246185302734375,-0.4473876953125
1784719783327742464,36.44655466079712,0.273162841796875,1.109130859375,-0.374359130859375
1784719783337662464,36.4564745426178,0.30023193359375,0.932342529296875,-0.385650634765625
1784719783347582464,36.466394662857056,0.2851715087890625,0.8542633056640625,-0.37451171875
1784719783357501440,36.47631359100342,0.260009765625,0.84344482421875,-0.339385986328125
1784719783367421696,36.486233711242676,0.26031494140625,0.8534393310546875,-0.364410400390625
1784719783377341440,36.496153593063354,0.2308502197265625,0.8751373291015625,-0.37213134765625
1784719783387261696,36.50607371330261,0.25103759765625,0.8950958251953125,-0.407012939453125
1784719783397180672,36.515992641448975,0.24346923828125,0.9284210205078125,-0.4222412109375
1784719783407100416,36.52591252326965,0.20751953125,0.9430694580078125,-0.3676605224609375
1784719783417020672,36.53583264350891,0.1754302978515625,0.92523193359375,-0.340423583984375
1784719783426940416,36.54575252532959,0.1529998779296875,0.9084625244140625,-0.3578643798828125
1784719783436860672,36.55567264556885,0.1447601318359375,0.83038330078125,-0.3896942138671875
1784719783446779392,36.56559157371521,0.16082763671875,0.754638671875,-0.3816375732421875
1784719783456699648,36.57551169395447,0.148651123046875,0.65533447265625,-0.33428955078125
1784719783466619392,36.58543157577515,0.1021881103515625,0.5677947998046875,-0.262115478515625
1784719783476539648,36.595351696014404,0.0675811767578125,0.565521240234375,-0.168365478515625
1784719783486458624,36.60527062416077,0.07476806640625,0.5478363037109375,0.0293426513671875
1784719783496378368,36.615190505981445,0.146820068359375,0.380615234375,0.132293701171875
1784719783506298624,36.6251106262207,0.1919097900390625,0.182220458984375,0.1410675048828125
1784719783516218368,36.63503050804138,0.1644439697265625,0.0577392578125,0.1387176513671875
1784719783526138624,36.64495062828064,0.16229248046875,0.0207366943359375,0.08538818359375
1784719783536057600,36.654869556427,0.1710052490234375,0.0400848388671875,0.0257720947265625
1784719783545977600,36.66478967666626,0.1182098388671875,0.006134033203125,0.0659332275390625
1784719783555897600,36.67470955848694,0.110687255859375,-0.1902313232421875,0.0806732177734375
1784719783565817600,36.684629678726196,0.1818389892578125,-0.3704833984375,-0.0264434814453125
1784719783575737600,36.694549560546875,0.2144012451171875,-0.350341796875,-0.1613922119140625
1784719783585656576,36.704468727111816,0.203948974609375,-0.35357666015625,-0.260009765625
1784719783595576576,36.714388608932495,0.268463134765625,-0.39288330078125,-0.4884490966796875
1784719783605496576,36.72430872917175,0.35089111328125,-0.4420623779296875,-0.5334320068359375
1784719783615416576,36.73422861099243,0.4269866943359375,-0.5834503173828125,-0.47314453125
1784719783625335552,36.744147539138794,0.42559814453125,-0.5753021240234375,-0.4774932861328125
1784719783635255552,36.75406765937805,0.4322509765625,-0.4858245849609375,-0.39862060546875
1784719783645175552,36.76398754119873,0.5343780517578125,-0.50762939453125,-0.361572265625
1784719783655095552,36.77390766143799,0.7879486083984375,-0.743194580078125,-0.4298248291015625
1784719783665015552,36.78382754325867,0.9951324462890625,-1.0429534912109375,-0.476318359375
1784719783674934528,36.79374670982361,1.233551025390625,-1.21142578125,-0.651580810546875
1784719783684854528,36.80366659164429,1.4651947021484375,-1.0289306640625,-0.82177734375
1784719783694774528,36.813586711883545,1.493804931640625,-0.7478485107421875,-0.965972900390625
1784719783704694528,36.823506593704224,1.5054168701171875,-0.5210418701171875,-1.06890869140625
1784719783714614528,36.83342671394348,1.723175048828125,-0.780975341796875,-1.1986083984375
1784719783724533504,36.843345642089844,1.95343017578125,-1.3413848876953125,-1.23919677734375
1784719783734453504,36.85326552391052,2.0872955322265625,-1.6421966552734375,-1.3218994140625
1784719783744373504,36.86318564414978,2.2964935302734375,-1.7120208740234375,-1.42669677734375
1784719783754293760,36.87310576438904,2.37823486328125,-1.610076904296875,-1.3714752197265625
1784719783764212736,36.88302493095398,2.188385009765625,-1.4707183837890625,-1.2277984619140625
1784719783774132736,36.89294481277466,1.93218994140625,-1.36968994140625,-1.164154052734375
1784719783784052736,36.902864933013916,1.884765625,-1.35235595703125,-1.286407470703125
1784719783793972736,36.912784814834595,1.7940216064453125,-0.7676544189453125,-1.203277587890625
1784719783803892736,36.92270493507385,1.7589569091796875,-0.173828125,-1.0704193115234375
1784719783813811712,36.932623863220215,1.6941375732421875,-0.055938720703125,-0.811370849609375
1784719783823731968,36.94254398345947,1.341796875,0.39739990234375,-0.180023193359375
1784719783833651712,36.95246386528015,0.6316070556640625,0.8343353271484375,-0.0399169921875
1784719783843571968,36.96238398551941,0.4015045166015625,1.401519775390625,-0.0108489990234375
1784719783853490944,36.97230291366577,0.235626220703125,1.2473907470703125,-0.0764923095703125
1784719783863410688,36.98222279548645,1.1238250732421875,0.7762908935546875,-0.1889495849609375
1784719783873330944,36.99214291572571,2.3794097900390625,0.1153564453125,-0.6324310302734375
1784719783883250688,37.00206279754639,3.48828125,-0.1622772216796875,-0.534088134765625
1784719783893170944,37.011982917785645,3.1057281494140625,-0.2507171630859375,-0.9468841552734375
1784719783903089664,37.02190184593201,2.1801300048828125,-0.05169677734375,-1.16046142578125
1784719783913009920,37.031821966171265,2.4456787109375,-0.0939178466796875,-1.3535003662109375
1784719783922929664,37.04174184799194,2.7261505126953125,0.171722412109375,-1.1058807373046875
1784719783932849920,37.0516619682312,2.460662841796875,0.2476654052734375,-0.89788818359375
1784719783942769664,37.06158185005188,2.5594482421875,-0.1042938232421875,-0.8468780517578125
1784719783952688640,37.07150077819824,2.54498291015625,-0.18255615234375,-0.9834442138671875
1784719783962608896,37.0814208984375,2.8064422607421875,-0.335906982421875,-0.806854248046875
1784719783972528640,37.09134078025818,2.934814453125,-0.00396728515625,-0.888885498046875
1784719783982448896,37.10126090049744,2.31378173828125,0.0265960693359375,-0.99298095703125
1784719783992367872,37.1111798286438,2.4810943603515625,-0.374298095703125,-0.88446044921875
1784719784002287872,37.12109994888306,2.481781005859375,-0.5879669189453125,-0.9159393310546875
1784719784012207872,37.131019830703735,2.7748565673828125,-0.7421112060546875,-0.975341796875
1784719784022127872,37.14093995094299,2.492431640625,-0.81170654296875,-0.9083251953125
1784719784032047872,37.15085983276367,2.457733154296875,-0.74432373046875,-0.97845458984375
1784719784041966592,37.160778760910034,2.0838165283203125,-0.787445068359375,-0.9229736328125
1784719784051886848,37.17069888114929,1.9837799072265625,-0.31585693359375,-1.092864990234375
1784719784061806592,37.18061876296997,1.9587860107421875,-0.09661865234375,-1.05084228515625
1784719784071726848,37.19053888320923,1.9390869140625,0.037322998046875,-0.905975341796875
1784719784081646592,37.20045876502991,1.6017303466796875,0.1990966796875,-1.09710693359375
1784719784091565824,37.21037793159485,1.7942352294921875,-0.1417999267578125,-1.014251708984375
1784719784101485824,37.22029781341553,1.6806640625,-0.3073577880859375,-1.405670166015625
1784719784111405824,37.230217933654785,1.6409759521484375,0.1874237060546875,-1.7453155517578125
1784719784121325824,37.240137815475464,1.3827667236328125,0.6547393798828125,-2.284271240234375
1784719784131245824,37.25005793571472,1.4521331787109375,1.5283660888671875,-2.6638031005859375
1784719784141164800,37.259976863861084,1.6774139404296875,2.5774688720703125,-2.7196502685546875
1784719784151084800,37.26989698410034,1.8113861083984375,1.6045684814453125,-3.0728302001953125
1784719784161004800,37.27981686592102,1.517242431640625,0.768341064453125,-2.5665130615234375
1784719784170924800,37.28973698616028,1.7281494140625,0.8509063720703125,-2.0282745361328125
1784719784180843776,37.29965591430664,2.1902313232421875,0.8209991455078125,-1.3617706298828125
1784719784190763776,37.30957579612732,2.7122039794921875,0.3130340576171875,-1.0335845947265625
1784719784200683776,37.31949591636658,2.922698974609375,0.1573028564453125,-0.8358154296875
1784719784210603776,37.329415798187256,2.9550323486328125,0.382110595703125,-0.8385162353515625
1784719784220523776,37.339335918426514,2.8331298828125,0.7254486083984375,-0.701171875
1784719784230442752,37.349254846572876,2.7506561279296875,0.7868194580078125,-0.584991455078125
1784719784240363008,37.359174966812134,2.809326171875,0.8384552001953125,-0.583038330078125
1784719784250282752,37.36909484863281,2.9376678466796875,0.677459716796875,-0.922698974609375
1784719784260203008,37.37901496887207,2.95477294921875,0.33392333984375,-1.2111358642578125
1784719784270121728,37.38893389701843,3.0101165771484375,0.186676025390625,-1.2774200439453125
1784719784280041728,37.39885377883911,3.396484375,0.3165740966796875,-1.1839752197265625
1784719784289961728,37.40877389907837,3.924346923828125,0.552459716796875,-0.942413330078125
1784719784299881728,37.41869378089905,4.4508209228515625,0.8645172119140625,-0.55596923828125
1784719784309801728,37.428613901138306,4.85784912109375,1.021514892578125,-0.173736572265625
1784719784319720704,37.43853282928467,4.9093170166015625,1.04705810546875,0.1442108154296875
1784719784329640960,37.448452949523926,4.69830322265625,1.0209197998046875,0.2840576171875
1784719784339560704,37.458372831344604,4.51507568359375,1.036865234375,0.4864349365234375
1784719784349480960,37.46829295158386,4.4838104248046875,1.0729827880859375,0.6680450439453125
1784719784359400704,37.47821283340454,4.4782867431640625,1.062957763671875,0.7250518798828125
1784719784369319680,37.4881317615509,4.37841796875,1.0399169921875,0.8092803955078125
1784719784379239680,37.49805188179016,4.1370086669921875,1.090362548828125,0.897735595703125
1784719784389159680,37.50797176361084,4.008056640625,1.03155517578125,1.0671539306640625
1784719784399079680,37.5178918838501,4.053070068359375,0.9118499755859375,1.265777587890625
1784719784408998656,37.52781081199646,3.50128173828125,1.1221771240234375,1.4013214111328125
1784719784418918912,37.53773093223572,3.09564208984375,1.470245361328125,1.3303680419921875
1784719784428838656,37.5476508140564,3.1607818603515625,2.390655517578125,0.9739532470703125
1784719784438758912,37.557570934295654,2.9557647705078125,3.2624664306640625,0.240325927734375
1784719784448678656,37.56749081611633,2.6790771484375,4.3704376220703125,0.5343475341796875
1784719784458597888,37.577409982681274,2.246429443359375,6.1501007080078125,0.4200592041015625
1784719784468517888,37.58732986450195,1.2138824462890625,5.386505126953125,2.0760650634765625
1784719784478437888,37.59724998474121,0.7328948974609375,1.64788818359375,1.344757080078125
1784719784488357888,37.60716986656189,0.5285186767578125,1.0853729248046875,1.52740478515625
1784719784498277888,37.61708998680115,0.1328277587890625,1.1049957275390625,1.20550537109375
1784719784508196864,37.62700891494751,0.050628662109375,1.1626434326171875,1.1213531494140625
1784719784518116608,37.63692879676819,0.1792144775390625,1.02838134765625,1.01806640625
1784719784528036864,37.646848917007446,0.127532958984375,1.3353118896484375,0.9574737548828125
1784719784537956608,37.656768798828125,0.2129669189453125,1.8367919921875,0.5796051025390625
1784719784547875840,37.666687965393066,0.2956085205078125,1.91455078125,0.27227783203125
1784719784557795840,37.676607847213745,0.22869873046875,1.6081085205078125,0.1915435791015625
1784719784567715840,37.686527967453,0.1042938232421875,1.452880859375,0.2023162841796875
1784719784577635840,37.69644784927368,0.1196136474609375,1.43328857421875,-0.064239501953125
1784719784587555840,37.70636796951294,0.122802734375,1.402130126953125,-0.310516357421875
1784719784597474816,37.7162868976593,0.1392974853515625,1.4318389892578125,-0.410675048828125
1784719784607394816,37.72620677947998,0.1602630615234375,1.4795379638671875,-0.5572967529296875
1784719784617314816,37.73612689971924,0.113983154296875,1.332489013671875,-0.760345458984375
1784719784627234816,37.74604678153992,-0.01251220703125,1.3386688232421875,-0.8126220703125
1784719784637153792,37.75596594810486,-0.09344482421875,1.3587188720703125,-0.915740966796875
1784719784647073792,37.76588582992554,-0.1089019775390625,1.263336181640625,-1.03759765625
1784719784656993792,37.775805950164795,-0.1776123046875,1.1514129638671875,-1.113861083984375
1784719784666913792,37.785725831985474,-0.163421630859375,1.2021484375,-1.1665191650390625
1784719784676833792,37.79564595222473,-0.4317169189453125,1.49151611328125,-1.0030670166015625
1784719784686752768,37.805564880371094,-0.01239013671875,1.33380126953125,-1.076568603515625
1784719784696672768,37.81548476219177,-0.1906280517578125,1.2201385498046875,-0.715179443359375
1784719784706592768,37.82540488243103,1.0369873046875,0.5201416015625,-1.0267791748046875
1784719784716512768,37.83532476425171,0.778900146484375,0.61279296875,-0.241729736328125
1784719784726432768,37.84524488449097,-0.165557861328125,0.2853546142578125,-0.478057861328125
1784719784736351744,37.85516381263733,-0.27288818359375,0.2783355712890625,-0.6269989013671875
1784719784746271744,37.86508393287659,0.1516571044921875,0.32147216796875,-0.69744873046875
1784719784756192000,37.875004053115845,0.4144744873046875,0.233184814453125,-0.6899261474609375
1784719784766111744,37.88492393493652,0.494232177734375,0.2376251220703125,-0.742156982421875
1784719784776030720,37.894842863082886,0.5747833251953125,0.36181640625,-0.86419677734375
1784719784785950976,37.904762983322144,0.5509185791015625,0.2519989013671875,-1.1163482666015625
1784719784795870720,37.91468286514282,0.48101806640625,0.1986846923828125,-1.1511383056640625
1784719784805790976,37.92460298538208,0.3450164794921875,0.1373748779296875,-1.1237335205078125
1784719784815710720,37.93452286720276,0.3444366455078125,0.2584075927734375,-1.1216888427734375
1784719784825629952,37.9444420337677,0.33563232421875,0.3503875732421875,-1.0498809814453125
1784719784835549952,37.95436191558838,0.3115692138671875,0.4024200439453125,-1.01849365234375
1784719784845469952,37.96428203582764,0.2857818603515625,0.417449951171875,-0.930633544921875
1784719784855389952,37.974201917648315,0.32830810546875,0.303314208984375,-0.906494140625
1784719784865308672,37.98412084579468,0.34783935546875,0.0894317626953125,-0.9700164794921875
1784719784875228928,37.994040966033936,0.412078857421875,-0.1473541259765625,-1.0805816650390625
1784719784885148672,38.003960847854614,0.394683837890625,-0.0180206298828125,-0.9631500244140625
1784719784895068928,38.01388096809387,0.3157501220703125,0.3209381103515625,-0.9124755859375
1784719784904988672,38.02380084991455,0.265472412109375,0.568695068359375,-0.9441986083984375
1784719784914907904,38.03372001647949,0.2586517333984375,0.58612060546875,-0.96453857421875
1784719784924827904,38.04363989830017,0.2566680908203125,0.5924530029296875,-1.04632568359375
1784719784934747904,38.05356001853943,0.311981201171875,0.7444000244140625,-1.1416473388671875
1784719784944667904,38.06347990036011,0.37200927734375,0.9837646484375,-1.1902618408203125
1784719784954587904,38.073400020599365,0.3965301513671875,1.1820526123046875,-1.246856689453125
1784719784964506880,38.08331894874573,0.358184814453125,1.343505859375,-1.2917327880859375
1784719784974426880,38.093239068984985,0.3179931640625,1.435150146484375,-1.36676025390625
1784719784984346880,38.103158950805664,0.3348846435546875,1.4123992919921875,-1.4158172607421875
1784719784994266880,38.11307907104492,0.4351959228515625,1.31353759765625,-1.48101806640625
1784719785004185856,38.122997999191284,0.5140228271484375,1.2151641845703125,-1.3346710205078125
1784719785014105856,38.13291788101196,0.564697265625,1.176116943359375,-1.2957916259765625
1784719785024025856,38.14283800125122,0.5623626708984375,1.2272796630859375,-1.189666748046875
1784719785033945856,38.1527578830719,0.4743804931640625,1.317474365234375,-0.97247314453125
1784719785043865088,38.16267704963684,0.3976593017578125,1.3535919189453125,-0.925323486328125
1784719785053784832,38.17259693145752,0.4120330810546875,1.2637176513671875,-0.9792327880859375
1784719785063705088,38.18251705169678,0.4858856201171875,1.1298675537109375,-1.04876708984375
1784719785073624832,38.192436933517456,0.515899658203125,1.1463775634765625,-1.040771484375
1784719785083545088,38.202357053756714,0.3943939208984375,1.2579498291015625,-0.9578704833984375
1784719785093463808,38.212275981903076,0.2564544677734375,1.2313232421875,-0.841827392578125
1784719785103383808,38.222195863723755,0.22088623046875,1.1011962890625,-0.7272491455078125
1784719785113303808,38.23211598396301,0.224639892578125,1.0324249267578125,-0.5151824951171875
1784719785123223808,38.24203586578369,0.224517822265625,1.0016326904296875,-0.3889617919921875
1784719785133143808,38.25195598602295,0.2742919921875,0.93231201171875,-0.452117919921875
1784719785143062784,38.26187491416931,0.28729248046875,0.86187744140625,-0.3884429931640625
1784719785152983040,38.27179503440857,0.2771148681640625,0.8572845458984375,-0.2555389404296875
1784719785162902784,38.28171491622925,0.2922515869140625,0.8606414794921875,-0.2332763671875
1784719785172823040,38.291635036468506,0.2822265625,0.814544677734375,-0.242034912109375
1784719785182741760,38.30155396461487,0.23162841796875,0.7524566650390625,-0.280731201171875
1784719785192661760,38.31147384643555,0.2025604248046875,0.747161865234375,-0.3877105712890625
1784719785202581760,38.321393966674805,0.166778564453125,0.843414306640625,-0.488677978515625
1784719785212501760,38.33131384849548,0.132293701171875,0.89862060546875,-0.4488067626953125
1784719785222421760,38.34123396873474,0.088897705078125,0.7826690673828125,-0.29400634765625
1784719785232340736,38.3511528968811,0.060089111328125,0.5345916748046875,-0.0641326904296875
1784719785242260992,38.36107301712036,0.05621337890625,0.2210693359375,0.15423583984375
1784719785252180736,38.37099289894104,0.0916748046875,-7.62939453125e-05,0.2595977783203125
1784719785262100992,38.3809130191803,0.154052734375,-0.03594970703125,0.2528533935546875
1784719785272019968,38.39083194732666,0.1973724365234375,0.074676513671875,0.1534881591796875
1784719785281939968,38.40075206756592,0.1767730712890625,0.1773834228515625,0.053680419921875
1784719785291859968,38.4106719493866,0.148406982421875,0.1829681396484375,0.0347900390625
1784719785301779968,38.420592069625854,0.1484375,0.043670654296875,0.072784423828125
1784719785311699968,38.43051195144653,0.214691162109375,-0.1065673828125,0.0900421142578125
1784719785321618688,38.440430879592896,0.3123626708984375,-0.1970977783203125,0.1090850830078125
1784719785331538944,38.45035099983215,0.3683319091796875,-0.3410491943359375,0.0001373291015625
1784719785341458688,38.46027088165283,0.361083984375,-0.4616546630859375,-0.1602783203125
1784719785351378944,38.47019100189209,0.350677490234375,-0.4833831787109375,-0.353973388671875
1784719785361297920,38.48010993003845,0.34686279296875,-0.4507293701171875,-0.513580322265625
1784719785371217920,38.49003005027771,0.318389892578125,-0.451019287109375,-0.660400390625
1784719785381137920,38.49994993209839,0.4090423583984375,-0.4456787109375,-0.631683349609375
1784719785391057920,38.50987005233765,0.4996795654296875,-0.3992919921875,-0.6287994384765625
1784719785400977920,38.519789934158325,0.7133941650390625,-0.2646942138671875,-0.6822509765625
1784719785410896896,38.52970886230469,0.82470703125,-0.218170166015625,-0.6034088134765625
1784719785420816896,38.539628982543945,0.8758544921875,-0.457000732421875,-0.5469512939453125
1784719785430736896,38.549548864364624,0.8951416015625,-0.7404632568359375,-0.4452667236328125
1784719785440656896,38.55946898460388,1.0305328369140625,-1.012237548828125,-0.519256591796875
1784719785450576896,38.56938886642456,1.190185546875,-1.3329925537109375,-0.8029327392578125
1784719785460495872,38.5793080329895,1.40411376953125,-1.47650146484375,-1.0677032470703125
1784719785470415872,38.58922791481018,1.7069549560546875,-1.55657958984375,-1.28472900390625
1784719785480335872,38.59914803504944,2.0504608154296875,-1.519775390625,-1.3955841064453125
1784719785490255872,38.60906791687012,2.2323150634765625,-1.515167236328125,-1.30780029296875
1784719785500174848,38.61898684501648,2.2071990966796875,-1.528106689453125,-1.118804931640625
1784719785510094848,38.62890696525574,1.973175048828125,-1.4894561767578125,-1.0989990234375
1784719785520014848,38.638826847076416,1.8968658447265625,-1.388397216796875,-1.3011474609375
1784719785529934848,38.648746967315674,2.12921142578125,-1.008819580078125,-1.3524169921875
1784719785539854848,38.65866684913635,2.396392822265625,-0.9002838134765625,-1.19915771484375
1784719785549773824,38.668586015701294,2.243988037109375,-0.964752197265625,-1.2253265380859375
1784719785559693824,38.67850589752197,1.878753662109375,-0.844329833984375,-1.2546844482421875
1784719785569613824,38.68842601776123,1.69781494140625,-0.4291534423828125,-0.88525390625
1784719785579533824,38.69834589958191,1.3582916259765625,0.241607666015625,-0.5502471923828125
1784719785589453056,38.70826506614685,0.649261474609375,1.03155517578125,-0.2343597412109375
1784719785599372800,38.71818494796753,0.0869293212890625,1.6303863525390625,0.125885009765625
1784719785609293056,38.72810506820679,-0.039581298828125,1.8299102783203125,-0.0192108154296875
1784719785619212800,38.738024950027466,0.4861907958984375,1.394439697265625,-0.2406768798828125
1784719785629133056,38.747945070266724,1.1436767578125,0.5882720947265625,-0.477386474609375
1784719785639052032,38.757863998413086,2.399749755859375,0.348876953125,-0.7298736572265625
1784719785648971776,38.767783880233765,3.6243438720703125,0.218231201171875,-0.837890625
1784719785658892032,38.77770400047302,4.123565673828125,0.307952880859375,-1.31243896484375
1784719785668811776,38.7876238822937,2.876922607421875,0.4109649658203125,-1.72900390625
1784719785678732032,38.79754400253296,2.468505859375,0.2681732177734375,-1.4835357666015625
1784719785688650752,38.80746293067932,3.057952880859375,-0.3041229248046875,-0.9471893310546875
1784719785698571008,38.81738305091858,3.0059661865234375,-0.991241455078125,-0.62994384765625
1784719785708490752,38.82730293273926,2.6753692626953125,-1.3861541748046875,-0.42626953125
1784719785718411008,38.837223052978516,3.0512847900390625,-0.9280853271484375,-0.6277008056640625
1784719785728329984,38.84714198112488,2.738922119140625,-0.43023681640625,-0.917266845703125
1784719785738249728,38.85706186294556,2.4857635498046875,-0.2293243408203125,-1.182281494140625
1784719785748169984,38.866981983184814,2.5464324951171875,-0.011932373046875,-1.026702880859375
1784719785758089728,38.87690186500549,2.7449951171875,-0.434844970703125,-1.3564453125
1784719785768009728,38.88682174682617,2.5668487548828125,-0.6986541748046875,-1.01116943359375
1784719785777928704,38.896740674972534,2.456451416015625,-0.5356903076171875,-0.838653564453125
1784719785787848704,38.90666079521179,2.3732147216796875,-0.3712310791015625,-0.7946929931640625
1784719785797768704,38.91658067703247,2.3115692138671875,-0.0996551513671875,-1.086273193359375
1784719785807688704,38.92650079727173,2.1501617431640625,-0.5836334228515625,-1.0372772216796875
1784719785817607680,38.93641972541809,1.8373565673828125,-0.83575439453125,-1.30303955078125
1784719785827527680,38.94633984565735,1.6102294921875,-0.3724365234375,-1.2632598876953125
1784719785837447680,38.95625972747803,1.461456298828125,0.27398681640625,-1.5558929443359375
1784719785847367680,38.966179847717285,1.428741455078125,0.8326568603515625,-1.8488311767578125
1784719785857287680,38.976099729537964,1.46337890625,0.6530914306640625,-1.8378143310546875
1784719785867206656,38.986018657684326,1.1914520263671875,0.148529052734375,-1.710235595703125
1784719785877126656,38.995938777923584,0.852691650390625,0.5755157470703125,-1.775421142578125
1784719785887046656,39.00585865974426,0.714996337890625,1.35107421875,-1.8854522705078125
1784719785896966656,39.01577877998352,1.5775299072265625,1.3012847900390625,-2.271728515625
1784719785906886656,39.0256986618042,2.298797607421875,0.6237030029296875,-2.47296142578125
1784719785916805632,39.03561782836914,2.06964111328125,-0.023040771484375,-3.3824920654296875
1784719785926725632,39.04553771018982,1.6820526123046875,-0.467071533203125,-2.5967254638671875
1784719785936645632,39.05545783042908,1.8655548095703125,-0.8434906005859375,-2.1083984375
1784719785946565632,39.065377712249756,2.251434326171875,-0.28314208984375,-1.0359344482421875
1784719785956484608,39.07529664039612,2.822479248046875,0.072662353515625,-0.6567840576171875
1784719785966404608,39.085216760635376,2.9356689453125,0.31304931640625,-0.6220855712890625
1784719785976324608,39.095136642456055,2.745819091796875,0.5036773681640625,-0.720977783203125
1784719785986244608,39.10505676269531,2.4781036376953125,0.7980804443359375,-0.8214111328125
1784719785996164608,39.11497664451599,2.4545440673828125,1.047332763671875,-0.895294189453125
1784719786006083840,39.12489581108093,2.6148223876953125,1.319366455078125,-1.053924560546875
1784719786016003584,39.13481569290161,2.8831787109375,1.3826751708984375,-1.3457794189453125
1784719786025923840,39.14473581314087,3.0767364501953125,1.400421142578125,-1.3348541259765625
1784719786035843584,39.15465569496155,3.365936279296875,1.0621795654296875,-1.17144775390625
1784719786045762816,39.16457486152649,3.62957763671875,0.744598388671875,-0.8170013427734375
1784719786055682560,39.17449474334717,3.981414794921875,0.685272216796875,-0.450927734375
1784719786065602816,39.184414863586426,4.3634033203125,0.8152923583984375,-0.2473602294921875
1784719786075522560,39.194334745407104,4.720672607421875,0.9494781494140625,-0.1525421142578125
1784719786085442816,39.20425486564636,4.9378204345703125,1.25244140625,-0.0546722412109375
1784719786095361792,39.214173793792725,4.9200286865234375,1.676971435546875,0.015625
1784719786105281536,39.2240936756134,4.841705322265625,1.8697509765625,0.2714080810546875
1784719786115201792,39.23401379585266,4.797576904296875,1.596710205078125,0.6120452880859375
1784719786125121536,39.24393367767334,4.6983795166015625,1.110809326171875,0.8489837646484375
1784719786135040768,39.25385284423828,4.5554046630859375,0.9255828857421875,1.033721923828125
1784719786144960768,39.26377272605896,4.2728271484375,1.1081695556640625,1.263671875
1784719786154880768,39.27369284629822,4.056182861328125,1.0518798828125,1.5183868408203125
1784719786164800768,39.2836127281189,3.9202423095703125,0.6508941650390625,1.83050537109375
1784719786174720768,39.293532848358154,3.797271728515625,0.2974090576171875,2.11358642578125
1784719786184639744,39.30345177650452,2.98773193359375,0.536651611328125,1.9675750732421875
1784719786194559488,39.313371658325195,2.2332763671875,1.1272430419921875,1.1410369873046875
1784719786204479744,39.32329177856445,3.01800537109375,2.1396636962890625,0.095001220703125
1784719786214399488,39.33321166038513,3.9019012451171875,4.7095489501953125,0.28887939453125
1784719786224318720,39.34313082695007,3.5722808837890625,9.560379028320312,1.52520751953125
1784719786234238720,39.35305070877075,0.3169403076171875,5.781219482421875,2.6244354248046875
1784719786244158720,39.36297082901001,0.33447265625,0.942840576171875,1.595489501953125
1784719786254078720,39.37289071083069,0.26092529296875,2.0818328857421875,2.1993408203125
1784719786263998720,39.382810831069946,0.156005859375,1.7335662841796875,1.4350128173828125
1784719786273917696,39.39272975921631,0.209075927734375,1.6031036376953125,1.306671142578125
1784719786283837440,39.40264964103699,0.289276123046875,1.2185211181640625,0.9563446044921875
1784719786293757696,39.412569761276245,0.35308837890625,1.133819580078125,0.74871826171875
1784719786303677440,39.422489643096924,0.4694976806640625,1.375701904296875,0.6098785400390625
1784719786313596672,39.432408809661865,0.3798828125,1.4147491455078125,0.342559814453125
1784719786323516672,39.442328691482544,0.16357421875,1.3328857421875,0.2322845458984375
1784719786333436672,39.4522488117218,0.1620941162109375,1.284912109375,-0.28302001953125
1784719786343356672,39.46216869354248,0.19915771484375,1.3687744140625,-0.487701416015625
1784719786353275648,39.47208786010742,0.239776611328125,1.30963134765625,-0.5610504150390625
1784719786363195648,39.4820077419281,0.23486328125,1.148162841796875,-0.6839141845703125
1784719786373115904,39.49192786216736,0.1197357177734375,1.0700531005859375,-0.9081573486328125
1784719786383035648,39.50184774398804,-0.1002044677734375,1.3814544677734375,-0.9412841796875
1784719786392955904,39.511767864227295,-0.143310546875,1.5010833740234375,-1.1482696533203125
1784719786402874624,39.52168679237366,-0.0971527099609375,1.24176025390625,-1.2936859130859375
1784719786412794624,39.531606674194336,-0.3643798828125,0.9293365478515625,-1.136322021484375
1784719786422714624,39.541526794433594,-0.4617156982421875,1.188323974609375,-1.0750274658203125
1784719786432634624,39.55144667625427,-0.21417236328125,1.08746337890625,-1.09637451171875
1784719786442554624,39.56136679649353,0.018280029296875,1.0649871826171875,-0.5949859619140625
1784719786452473600,39.57128572463989,0.39642333984375,0.658721923828125,-0.95794677734375
1784719786462393856,39.58120584487915,0.769134521484375,0.6182861328125,-0.38690185546875
1784719786472313600,39.59112572669983,0.4112396240234375,0.495849609375,-0.39300537109375
1784719786482233856,39.60104584693909,-0.028350830078125,0.4183502197265625,-0.480255126953125
1784719786492152576,39.61096477508545,-0.009185791015625,0.525848388671875,-0.6077117919921875
1784719786502072576,39.62088465690613,0.317169189453125,0.614837646484375,-0.7215118408203125
1784719786511992576,39.630804777145386,0.4127197265625,0.6209259033203125,-0.7083587646484375
1784719786521912576,39.640724658966064,0.4762725830078125,0.6715240478515625,-0.7099151611328125
1784719786531832576,39.65064477920532,0.457855224609375,0.7012939453125,-0.855377197265625
1784719786541751552,39.660563707351685,0.452606201171875,0.6103515625,-0.997039794921875
1784719786551671808,39.67048382759094,0.485015869140625,0.4575653076171875,-1.0325927734375
1784719786561591552,39.68040370941162,0.4886627197265625,0.4082183837890625,-1.010223388671875
1784719786571511808,39.69032382965088,0.41595458984375,0.6080322265625,-0.9174346923828125
1784719786581430784,39.70024275779724,0.41943359375,0.6019287109375,-1.009002685546875
1784719786591350528,39.71016263961792,0.40374755859375,0.404022216796875,-1.0979156494140625
1784719786601270784,39.72008275985718,0.3690338134765625,0.239227294921875,-1.13201904296875
1784719786611190528,39.730002641677856,0.391845703125,0.038055419921875,-1.1045379638671875
1784719786621110784,39.739922761917114,0.35723876953125,0.043975830078125,-0.9481964111328125
1784719786631029504,39.74984169006348,0.4339141845703125,0.23992919921875,-0.83428955078125
1784719786640949760,39.759761810302734,0.4460296630859375,0.460113525390625,-0.7866363525390625
1784719786650869504,39.76968169212341,0.41033935546875,0.6908721923828125,-0.8127593994140625
1784719786660789760,39.77960181236267,0.364166259765625,0.9033355712890625,-0.9037628173828125
1784719786670708736,39.78952074050903,0.367034912109375,1.023040771484375,-1.1281890869140625
1784719786680628736,39.79944086074829,0.2582855224609375,0.9692230224609375,-1.1869049072265625
1784719786690548736,39.80936074256897,0.3252716064453125,0.9150543212890625,-1.2163848876953125
1784719786700468736,39.81928086280823,0.4090118408203125,1.059661865234375,-1.32550048828125
1784719786710388736,39.829200744628906,0.466033935546875,1.281890869140625,-1.3912200927734375
1784719786720307712,39.83911967277527,0.5082550048828125,1.397552490234375,-1.4481658935546875
1784719786730227712,39.849039793014526,0.5437469482421875,1.3323822021484375,-1.4428253173828125
1784719786740147712,39.858959674835205,0.5758056640625,1.1742401123046875,-1.3617095947265625
1784719786750067712,39.86887979507446,0.5685882568359375,1.1483306884765625,-1.3052825927734375
1784719786759985664,39.87879776954651,0.5055999755859375,1.2690582275390625,-1.1871185302734375
1784719786769905920,39.88871788978577,0.436279296875,1.2644195556640625,-1.058746337890625
1784719786779825664,39.898637771606445,0.4230499267578125,1.161224365234375,-0.974029541015625
1784719786789745920,39.9085578918457,0.468505859375,1.1234283447265625,-0.9248046875
1784719786799665664,39.91847777366638,0.490386962890625,1.22076416015625,-0.924591064453125
1784719786809584896,39.92839694023132,0.4784698486328125,1.2801971435546875,-0.9326629638671875
1784719786819504640,39.938316822052,0.408355712890625,1.2723236083984375,-0.94049072265625
1784719786829424896,39.94823694229126,0.3423004150390625,1.23046875,-0.8963470458984375
1784719786839344640,39.95815682411194,0.3387908935546875,1.2076263427734375,-0.741790771484375
1784719786849263616,39.9680757522583,0.335662841796875,1.2392578125,-0.6312255859375
1784719786859183872,39.97799587249756,0.402099609375,1.165771484375,-0.542938232421875
1784719786869103616,39.98791575431824,0.413970947265625,1.091949462890625,-0.501251220703125
1784719786879023872,39.997835874557495,0.38330078125,1.042083740234375,-0.410919189453125
1784719786888943616,40.007755756378174,0.3446197509765625,0.9713592529296875,-0.37591552734375
1784719786898862848,40.017674922943115,0.34503173828125,0.886810302734375,-0.2992401123046875
1784719786908782848,40.027594804763794,0.2491302490234375,0.9414825439453125,-0.2017059326171875
1784719786918702848,40.03751492500305,0.1893310546875,1.019805908203125,-0.223052978515625
1784719786928622848,40.04743480682373,0.1725006103515625,1.003997802734375,-0.2422332763671875
1784719786938541568,40.05735373497009,0.214447021484375,0.8574371337890625,-0.2457427978515625
1784719786948461824,40.06727385520935,0.178680419921875,0.7728271484375,-0.23187255859375
1784719786958381568,40.07719373703003,0.1245574951171875,0.716888427734375,-0.2206878662109375
1784719786968301824,40.08711385726929,0.102020263671875,0.6991424560546875,-0.312469482421875
1784719786978220800,40.09703278541565,0.120147705078125,0.7222137451171875,-0.4827117919921875
1784719786988140800,40.10695290565491,0.1428375244140625,0.78759765625,-0.644683837890625
1784719786998060800,40.116872787475586,0.1264801025390625,0.892913818359375,-0.6346435546875
1784719787007980800,40.126792907714844,0.077606201171875,0.9379119873046875,-0.49951171875
1784719787017900800,40.13671278953552,0.0427703857421875,0.878570556640625,-0.3278350830078125
1784719787027819520,40.146631717681885,-0.000335693359375,0.7160797119140625,-0.051605224609375
1784719787037739776,40.15655183792114,-0.0322723388671875,0.354705810546875,0.1898956298828125
1784719787047659520,40.16647171974182,-0.10308837890625,-0.0711822509765625,0.325469970703125
1784719787057579776,40.17639183998108,-0.184967041015625,-0.3339385986328125,0.4060211181640625
1784719787067498752,40.18631076812744,-0.20458984375,-0.408538818359375,0.3718414306640625
1784719787077418752,40.1962308883667,-0.157470703125,-0.4144287109375,0.2232513427734375
1784719787087338752,40.20615077018738,-0.1004638671875,-0.372772216796875,0.056243896484375
1784719787097258752,40.216070890426636,-0.048004150390625,-0.2747039794921875,-0.0325469970703125
1784719787107178752,40.225990772247314,0.0522308349609375,-0.2867889404296875,-0.1615753173828125
1784719787117097728,40.235909938812256,0.1206207275390625,-0.41510009765625,-0.3116912841796875
1784719787127017728,40.245829820632935,0.1582489013671875,-0.5172271728515625,-0.4277801513671875
1784719787136937984,40.25574994087219,0.248321533203125,-0.569427490234375,-0.535675048828125
1784719787146857728,40.26566982269287,0.2834930419921875,-0.5059661865234375,-0.5497894287109375
1784719787156776704,40.27558875083923,0.354248046875,-0.3621368408203125,-0.659088134765625
1784719787166696704,40.28550887107849,0.4577789306640625,-0.30194091796875,-0.742279052734375
1784719787176616704,40.29542875289917,0.6309356689453125,-0.417022705078125,-0.8554534912109375
1784719787186536704,40.30534887313843,0.6840972900390625,-0.47088623046875,-0.813568115234375
1784719787196456704,40.315268754959106,0.7079315185546875,-0.65167236328125,-0.7974395751953125
1784719787206375936,40.32518792152405,0.8539581298828125,-0.8118743896484375,-0.78326416015625
1784719787216295680,40.33510780334473,0.993011474609375,-0.7778472900390625,-0.9116973876953125
1784719787226215936,40.345027923583984,1.0709991455078125,-0.70025634765625,-0.9073333740234375
1784719787236135680,40.35494780540466,1.1208648681640625,-0.770965576171875,-0.8115997314453125
1784719787246054656,40.364866733551025,1.1127166748046875,-0.8399658203125,-0.86968994140625
1784719787255974656,40.37478685379028,1.250274658203125,-0.9127655029296875,-0.9111480712890625
1784719787265894656,40.38470673561096,1.532958984375,-1.09613037109375,-0.9368438720703125
1784719787275814656,40.39462685585022,1.8811187744140625,-1.3555908203125,-0.932220458984375
1784719787285734656,40.4045467376709,2.167388916015625,-1.4185638427734375,-1.0016937255859375
1784719787295653888,40.41446590423584,2.304107666015625,-1.3397064208984375,-1.0251007080078125
1784719787305573632,40.42438578605652,2.261505126953125,-1.2903289794921875,-0.9755859375
1784719787315493888,40.434305906295776,2.194549560546875,-1.4076995849609375,-0.9664764404296875
1784719787325413632,40.444225788116455,2.088714599609375,-1.344696044921875,-0.956756591796875
1784719787335332608,40.45414471626282,1.9042205810546875,-1.0507659912109375,-1.0414581298828125
1784719787345252864,40.464064836502075,1.8430328369140625,-0.8734893798828125,-1.016937255859375
1784719787355172608,40.473984718322754,1.743804931640625,-0.64544677734375,-0.83038330078125
1784719787365092864,40.48390483856201,1.4347076416015625,-0.6040191650390625,-0.7838287353515625
1784719787375012608,40.49382472038269,1.3115997314453125,-0.374786376953125,-0.66900634765625
1784719787384931840,40.50374388694763,1.16552734375,0.0980072021484375,-0.534271240234375
1784719787394851584,40.51366376876831,0.9439849853515625,0.7762603759765625,-0.279632568359375
1784719787404771840,40.52358388900757,0.70330810546875,1.3190765380859375,-0.1583404541015625
1784719787414691584,40.53350377082825,0.4046478271484375,1.394195556640625,-0.3379669189453125
1784719787424610816,40.54342293739319,0.936187744140625,1.234375,-0.5668792724609375
1784719787434530816,40.55334281921387,1.980316162109375,0.7618560791015625,-0.9473114013671875
1784719787444450816,40.563262939453125,2.5751190185546875,0.089080810546875,-0.9905548095703125
1784719787454370816,40.573182821273804,3.5106201171875,-0.4927215576171875,-0.9457550048828125
1784719787464290816,40.58310294151306,2.7171783447265625,-0.71649169921875,-1.39111328125
1784719787474209792,40.593021869659424,2.642669677734375,-0.7006988525390625,-1.427154541015625
1784719787484129792,40.6029417514801,2.73016357421875,-0.5077972412109375,-1.4873504638671875
1784719787494049792,40.61286187171936,2.69989013671875,0.081390380859375,-1.4260101318359375
1784719787503969792,40.62278175354004,2.8345794677734375,-0.1621551513671875,-1.411163330078125
1784719787513888768,40.63270092010498,2.411407470703125,-0.5825042724609375,-1.0839691162109375
1784719787523808768,40.64262080192566,2.5437774658203125,-1.0329742431640625,-1.18853759765625
1784719787533728768,40.65254092216492,2.2189483642578125,-0.6490936279296875,-1.0246429443359375
1784719787543648768,40.662460803985596,2.7692413330078125,-0.4541168212890625,-0.908294677734375
1784719787553568768,40.67238092422485,2.524566650390625,-0.382568359375,-1.0529632568359375
1784719787563487744,40.682299852371216,2.746978759765625,-0.3870086669921875,-0.8640899658203125
1784719787573407744,40.692219734191895,2.446929931640625,-0.550323486328125,-1.0374755859375
1784719787583327744,40.70213985443115,2.333831787109375,-0.376617431640625,-1.055633544921875
1784719787593247744,40.71205973625183,2.3449859619140625,-0.3358306884765625,-1.1600799560546875
1784719787603166720,40.72197890281677,2.0776519775390625,-0.4115753173828125,-0.8564300537109375
1784719787613086720,40.73189878463745,1.84661865234375,-0.2570953369140625,-0.7565460205078125
1784719787623006720,40.74181890487671,1.820953369140625,-0.0630340576171875,-0.9853057861328125
1784719787632926720,40.75173878669739,1.856475830078125,-0.2489471435546875,-1.141326904296875
1784719787642846720,40.761658906936646,1.8482208251953125,-0.3099822998046875,-1.1762237548828125
1784719787652765696,40.77157783508301,1.6033935546875,0.0453033447265625,-1.34765625
1784719787662685696,40.78149771690369,1.6081695556640625,0.0150146484375,-1.6360015869140625
1784719787672605696,40.791417837142944,1.635772705078125,0.0734710693359375,-2.013580322265625
1784719787682525696,40.80133771896362,1.802093505859375,-0.22357177734375,-1.8970947265625
1784719787692445696,40.81125783920288,1.478912353515625,0.10455322265625,-1.929931640625
1784719787702364672,40.82117676734924,1.724365234375,1.442901611328125,-2.2052764892578125
1784719787712284928,40.8310968875885,2.07818603515625,1.534423828125,-2.74188232421875
1784719787722204672,40.84101676940918,2.0560760498046875,0.9815216064453125,-2.6079254150390625
1784719787732124928,40.85093688964844,1.8469390869140625,0.6054840087890625,-2.3650360107421875
1784719787742043648,40.8608558177948,1.892974853515625,0.1337738037109375,-1.906158447265625
1784719787751963904,40.87077593803406,2.16778564453125,-0.030731201171875,-0.94488525390625
1784719787761884160,40.880696296691895,2.3739013671875,-0.086273193359375,-0.6474609375
1784719787771804416,40.89061641693115,2.415618896484375,0.2128143310546875,-0.5605621337890625
1784719787781724160,40.90053629875183,2.3441162109375,0.5827178955078125,-0.627105712890625
1784719787791643136,40.91045522689819,2.2783355712890625,0.94635009765625,-0.7405853271484375
1784719787801563136,40.92037534713745,2.42742919921875,1.3975067138671875,-0.9179840087890625
1784719787811483136,40.93029522895813,2.7412872314453125,1.6761474609375,-1.1555938720703125
1784719787821403392,40.94021534919739,3.0390777587890625,1.526336669921875,-1.1907196044921875
1784719787831322112,40.95013427734375,3.2353363037109375,1.057861328125,-1.23480224609375
1784719787841242368,40.96005439758301,3.394989013671875,0.6559600830078125,-1.1188507080078125
1784719787851162112,40.96997427940369,3.6505279541015625,0.4020538330078125,-0.7957611083984375
1784719787861082368,40.979894399642944,4.0300750732421875,0.5475006103515625,-0.4570465087890625
1784719787871002112,40.98981428146362,4.4300689697265625,0.7761077880859375,-0.313507080078125
1784719787880921344,40.999733448028564,4.686798095703125,1.067718505859375,-0.1864166259765625
1784719787890841344,41.00965332984924,4.8032684326171875,1.2706756591796875,0.081298828125
1784719787900761344,41.0195734500885,4.765960693359375,1.3698883056640625,0.1800994873046875
1784719787910681344,41.02949333190918,4.730499267578125,1.38787841796875,0.288177490234375
1784719787920600064,41.03941226005554,4.6679534912109375,1.270843505859375,0.5295562744140625
1784719787930520320,41.0493323802948,4.6097564697265625,1.084625244140625,0.6947784423828125
1784719787940440064,41.05925226211548,4.5796356201171875,0.910369873046875,0.8855133056640625
1784719787950360320,41.069172382354736,4.4498443603515625,0.9647674560546875,1.115570068359375
1784719787960280064,41.079092264175415,4.2033233642578125,1.0067901611328125,1.27496337890625
1784719787970199296,41.089011430740356,3.9776458740234375,0.8944549560546875,1.5493621826171875
1784719787980119296,41.098931312561035,3.7421112060546875,0.56976318359375,1.9947357177734375
1784719787990039296,41.10885143280029,3.590789794921875,0.2694244384765625,2.4653167724609375
1784719787999959296,41.11877131462097,2.6352691650390625,0.650177001953125,2.13848876953125
1784719788009878272,41.128690242767334,2.3154144287109375,1.687896728515625,1.4148712158203125
1784719788019798272,41.13861036300659,2.8082122802734375,2.6857452392578125,0.642120361328125
1784719788029718272,41.14853024482727,2.5073394775390625,4.3416290283203125,0.6840057373046875
1784719788039638272,41.15845036506653,4.035614013671875,8.515548706054688,0.41455078125
1784719788049558272,41.16837024688721,0.11456298828125,6.212677001953125,3.11383056640625
1784719788059477248,41.17828941345215,0.1869354248046875,0.249237060546875,1.5832977294921875
1784719788069397248,41.18820929527283,0.167388916015625,1.4928741455078125,2.4244384765625
1784719788079317248,41.198129415512085,0.254638671875,1.4478759765625,1.5565032958984375
1784719788089237248,41.208049297332764,0.34649658203125,1.7961273193359375,1.37237548828125
1784719788099156224,41.217968225479126,0.2692108154296875,1.610595703125,0.930816650390625
1784719788109076224,41.227888345718384,0.2783203125,1.46966552734375,0.8062896728515625
1784719788118996224,41.23780822753906,0.3315277099609375,1.5360107421875,0.686798095703125
1784719788128916224,41.24772834777832,0.26959228515625,1.6172027587890625,0.4693145751953125
1784719788138836224,41.257648229599,0.1840057373046875,1.54815673828125,0.2608795166015625
1784719788148755200,41.26756739616394,0.24749755859375,1.5829620361328125,-0.101837158203125
1784719788158675200,41.27748727798462,0.23345947265625,1.7312469482421875,-0.4008941650390625
1784719788168595200,41.28740739822388,0.0889434814453125,1.689361572265625,-0.4138946533203125
1784719788178515200,41.297327280044556,0.123199462890625,1.4591827392578125,-0.579681396484375
1784719788188435200,41.30724740028381,0.039581298828125,1.3130645751953125,-0.7397918701171875
1784719788198354176,41.317166328430176,-0.15374755859375,1.4462890625,-0.79278564453125
1784719788208274432,41.327086448669434,-0.018096923828125,1.5409698486328125,-0.91644287109375
1784719788218194176,41.33700633049011,-0.086395263671875,1.0536346435546875,-1.0584259033203125
1784719788228114432,41.34692645072937,-0.304656982421875,1.195037841796875,-1.0004730224609375
1784719788238033408,41.35684537887573,-0.3294830322265625,1.268798828125,-0.707122802734375
1784719788247953152,41.36676526069641,0.189544677734375,1.0114288330078125,-0.6223907470703125
1784719788257873408,41.37668538093567,-0.2067718505859375,0.7817230224609375,-0.838043212890625
1784719788267793152,41.38660526275635,0.3972625732421875,0.5233001708984375,-0.7959747314453125
1784719788277713408,41.396525382995605,0.6650848388671875,0.6204071044921875,-0.1776123046875
1784719788287632128,41.40644431114197,0.2799530029296875,0.3851165771484375,-0.3470916748046875
1784719788297552384,41.416364431381226,0.02642822265625,0.3787689208984375,-0.5414886474609375
1784719788307472128,41.426284313201904,0.1838226318359375,0.6009674072265625,-0.7923126220703125
1784719788317392384,41.43620443344116,0.2440948486328125,0.5006866455078125,-0.9541473388671875
1784719788327311360,41.446123361587524,0.3621063232421875,0.4612274169921875,-0.920684814453125
1784719788337231104,41.4560432434082,0.5175323486328125,0.454833984375,-0.9377899169921875
1784719788347151360,41.46596336364746,0.483306884765625,0.51898193359375,-0.7631378173828125
1784719788357071104,41.47588324546814,0.4655914306640625,0.78631591796875,-0.8366546630859375
1784719788366991360,41.4858033657074,0.5671844482421875,0.98187255859375,-0.9470977783203125
1784719788376910336,41.49572229385376,0.570953369140625,1.0004730224609375,-1.0824127197265625
1784719788386830336,41.50564241409302,0.5141448974609375,0.974578857421875,-1.156036376953125
1784719788396750336,41.515562295913696,0.4019775390625,0.91802978515625,-1.225555419921875
1784719788406670336,41.525482416152954,0.318115234375,0.8559722900390625,-1.185638427734375
1784719788416590336,41.53540229797363,0.3784027099609375,0.5783538818359375,-1.10675048828125
1784719788426509056,41.545321226119995,0.3192291259765625,0.1548919677734375,-0.83807373046875
1784719788436429312,41.55524134635925,0.31854248046875,-0.1112518310546875,-0.6784210205078125
1784719788446349056,41.56516122817993,0.4363555908203125,-0.1354522705078125,-0.6762847900390625
1784719788456269312,41.57508134841919,0.4243927001953125,0.1736602783203125,-0.7335662841796875
1784719788466188288,41.58500027656555,0.360198974609375,0.5369415283203125,-0.8891448974609375
1784719788476108288,41.59492039680481,0.302825927734375,0.80596923828125,-0.9551239013671875
1784719788486028288,41.60484027862549,0.3330535888671875,0.9659271240234375,-1.0369415283203125
1784719788495948288,41.614760398864746,0.367095947265625,1.138763427734375,-1.0254669189453125
1784719788505868288,41.624680280685425,0.406219482421875,1.416046142578125,-1.0763702392578125
1784719788515787264,41.634599447250366,0.469940185546875,1.5999908447265625,-1.1827239990234375
1784719788525707264,41.644519329071045,0.4179229736328125,1.46087646484375,-1.15618896484375
1784719788535627264,41.6544394493103,0.34130859375,1.2213287353515625,-1.1026153564453125
1784719788545547264,41.66435933113098,0.336761474609375,1.323333740234375,-1.1574249267578125
1784719788555466240,41.674278259277344,0.393951416015625,1.408233642578125,-1.2812347412109375
1784719788565386240,41.6841983795166,0.4966278076171875,1.383514404296875,-1.2602386474609375
1784719788575306240,41.69411826133728,0.5481414794921875,1.324249267578125,-1.185638427734375
1784719788585226240,41.70403838157654,0.520538330078125,1.3077392578125,-1.125244140625
1784719788595146240,41.71395826339722,0.45648193359375,1.347625732421875,-1.110015869140625
1784719788605065472,41.72387742996216,0.3948516845703125,1.3794097900390625,-1.087127685546875
1784719788614985216,41.73379731178284,0.4042205810546875,1.289337158203125,-0.945556640625
1784719788624905472,41.743717432022095,0.449462890625,1.0336151123046875,-0.750701904296875
1784719788634825216,41.75363731384277,0.4493865966796875,0.90289306640625,-0.6084747314453125
1784719788644744192,41.763556241989136,0.410400390625,1.0095367431640625,-0.638092041015625
1784719788654664192,41.773476362228394,0.3178558349609375,1.1632080078125,-0.6980438232421875
1784719788664584192,41.78339624404907,0.2744293212890625,1.152801513671875,-0.6052398681640625
1784719788674504192,41.79331636428833,0.27471923828125,1.0465087890625,-0.462005615234375
1784719788684424192,41.80323624610901,0.2262115478515625,0.9720916748046875,-0.40838623046875
1784719788694343424,41.81315541267395,0.222900390625,0.9757232666015625,-0.472869873046875
1784719788704263168,41.82307529449463,0.2358856201171875,0.97265625,-0.488616943359375
1784719788714183424,41.83299541473389,0.2547454833984375,0.8966522216796875,-0.31219482421875
1784719788724103168,41.842915296554565,0.2314300537109375,0.7999420166015625,-0.1761474609375
1784719788734022144,41.85283422470093,0.1863555908203125,0.7790985107421875,-0.1867828369140625
1784719788743942144,41.862754344940186,0.1462860107421875,0.7667999267578125,-0.225982666015625
1784719788753862144,41.872674226760864,0.1026153564453125,0.7212066650390625,-0.2917022705078125
1784719788763783424,41.88259553909302,0.1143798828125,0.6953582763671875,-0.340423583984375
1784719788773703424,41.892515420913696,0.1139373779296875,0.7127685546875,-0.3669586181640625
1784719788783622144,41.90243434906006,0.1013031005859375,0.7669677734375,-0.404266357421875
1784719788793542400,41.912354469299316,0.1054229736328125,0.7694244384765625,-0.4121246337890625
1784719788803462144,41.922274351119995,0.091644287109375,0.7018585205078125,-0.3326416015625
1784719788813382400,41.93219447135925,0.085205078125,0.551361083984375,-0.2037811279296875
1784719788823302144,41.94211435317993,0.0408477783203125,0.3445892333984375,-0.0302734375
1784719788833221376,41.95203351974487,0.0220489501953125,0.15216064453125,0.1106719970703125
1784719788843141376,41.96195340156555,0.0450897216796875,0.01287841796875,0.1045684814453125
1784719788853061376,41.97187352180481,0.0660247802734375,-0.0034942626953125,0.0717620849609375
1784719788862981376,41.98179340362549,0.1124114990234375,-0.024749755859375,0.0557098388671875
1784719788872900608,41.99171257019043,0.143402099609375,-0.0538482666015625,0.11834716796875
1784719788882820352,42.00163245201111,0.16851806640625,-0.1443023681640625,0.0999298095703125
1784719788892740608,42.011552572250366,0.213531494140625,-0.3383941650390625,-0.013702392578125
1784719788902660352,42.021472454071045,0.23193359375,-0.508758544921875,-0.1607513427734375
1784719788912580608,42.0313925743103,0.2717132568359375,-0.62762451171875,-0.2769775390625
1784719788922499328,42.041311502456665,0.3550872802734375,-0.62103271484375,-0.3853912353515625
1784719788932419328,42.051231384277344,0.4443511962890625,-0.5249481201171875,-0.5727386474609375
1784719788942339328,42.0611515045166,0.4275360107421875,-0.4033203125,-0.6628265380859375
1784719788952259328,42.07107138633728,0.44140625,-0.289154052734375,-0.749847412109375
1784719788962178560,42.08099055290222,0.5166168212890625,-0.2220001220703125,-0.8743743896484375
1784719788972098304,42.0909104347229,0.6314239501953125,-0.2361297607421875,-0.7829742431640625
1784719788982018560,42.10083055496216,0.7588348388671875,-0.42498779296875,-0.8122711181640625
1784719788991938304,42.11075043678284,0.805145263671875,-0.6210479736328125,-0.7562408447265625
1784719789001858560,42.120670557022095,0.855865478515625,-0.7679901123046875,-0.737518310546875
1784719789011777280,42.13058948516846,0.8986358642578125,-0.9484405517578125,-0.7202911376953125
1784719789021697280,42.140509366989136,0.9962921142578125,-1.14398193359375,-0.7718353271484375
1784719789031617280,42.150429487228394,1.2677459716796875,-1.0670013427734375,-0.9200592041015625
1784719789041537280,42.16034936904907,1.6742401123046875,-0.9762115478515625,-1.2484588623046875
1784719789051456512,42.170268535614014,2.1092376708984375,-1.0906829833984375,-1.417327880859375
1784719789061376256,42.18018841743469,2.3823089599609375,-1.2153472900390625,-1.408721923828125
1784719789071296512,42.19010853767395,2.4205780029296875,-1.5065155029296875,-1.33013916015625
1784719789081216256,42.20002841949463,2.385650634765625,-1.7048492431640625,-1.2884368896484375
1784719789091136512,42.20994853973389,2.081390380859375,-1.5118408203125,-1.46240234375
1784719789101055488,42.21986746788025,2.1753997802734375,-1.116180419921875,-1.465850830078125
1784719789110975232,42.22978734970093,2.268646240234375,-0.77484130859375,-1.47100830078125
1784719789120895488,42.239707469940186,2.2309417724609375,-1.005096435546875,-1.4555816650390625
1784719789130815232,42.249627351760864,2.085601806640625,-0.925506591796875,-1.0857086181640625
1784719789140735488,42.25954747200012,1.892425537109375,-0.2507476806640625,-0.9060821533203125
1784719789150654208,42.269466400146484,1.3361663818359375,0.0974273681640625,-0.419525146484375
1784719789160574464,42.27938652038574,0.7980804443359375,0.0246429443359375,-0.2895965576171875
1784719789170494208,42.28930640220642,0.1886749267578125,0.744903564453125,-0.016082763671875
1784719789180414464,42.29922652244568,0.3114776611328125,1.118682861328125,-0.1090087890625
1784719789190333440,42.30914545059204,0.87347412109375,1.2560272216796875,-0.1953277587890625
1784719789200253440,42.3190655708313,1.2595367431640625,1.0147705078125,-0.2844390869140625
1784719789210173440,42.32898545265198,2.298370361328125,0.238311767578125,-0.4222259521484375
1784719789220093440,42.338905572891235,2.810394287109375,-0.0911407470703125,-0.33843994140625
1784719789230013440,42.348825454711914,2.6582794189453125,-0.3549346923828125,-1.176361083984375
1784719789239932416,42.358744382858276,1.8368682861328125,-0.0153350830078125,-1.5791015625
1784719789249852416,42.368664503097534,2.2162933349609375,-0.0977783203125,-1.4508056640625
1784719789259772416,42.37858438491821,2.8520050048828125,-0.0994873046875,-1.281829833984375
1784719789269692416,42.38850450515747,2.6728515625,-0.08203125,-1.0710296630859375
1784719789279611392,42.39842343330383,2.732574462890625,-0.41650390625,-1.0919647216796875
1784719789289531392,42.40834355354309,2.9067230224609375,-0.326995849609375,-1.001556396484375
1784719789299451392,42.41826343536377,2.6768798828125,0.014678955078125,-1.1408233642578125
1784719789309371392,42.42818355560303,2.85748291015625,-0.01495361328125,-0.951141357421875
1784719789319291392,42.438103437423706,2.96307373046875,-0.55950927734375,-1.2444305419921875
1784719789329210368,42.44802236557007,2.956512451171875,-0.6804046630859375,-1.3584747314453125
1784719789339130368,42.457942485809326,2.9088592529296875,-0.8949737548828125,-0.9782562255859375
1784719789349050368,42.467862367630005,3.0501861572265625,-0.377105712890625,-1.1812896728515625
1784719789358970368,42.47778248786926,2.7221527099609375,-0.4485321044921875,-1.5026702880859375
1784719789368890368,42.48770236968994,2.5054779052734375,-1.12908935546875,-1.2144317626953125
1784719789378809344,42.49762153625488,2.185211181640625,-0.969329833984375,-1.3845977783203125
1784719789388729344,42.50754141807556,2.068145751953125,-0.1142425537109375,-1.396697998046875
1784719789398649344,42.51746153831482,1.90582275390625,0.6025390625,-1.379150390625
1784719789408569344,42.5273814201355,1.5023651123046875,0.4643096923828125,-1.75140380859375
1784719789418489344,42.537301540374756,1.3166656494140625,0.6038055419921875,-1.9594879150390625
1784719789428408320,42.54722046852112,1.51611328125,0.84356689453125,-2.3181610107421875
1784719789438328320,42.5571403503418,1.7258758544921875,0.8792572021484375,-2.601654052734375
1784719789448248320,42.567060470581055,1.9220428466796875,1.076507568359375,-2.68194580078125
1784719789458168320,42.57698035240173,1.861846923828125,1.7708740234375,-2.69317626953125
1784719789468087552,42.586899518966675,1.7791595458984375,1.7827301025390625,-2.4813690185546875
1784719789478007296,42.59681940078735,1.849822998046875,0.9017791748046875,-2.038360595703125
1784719789487927552,42.60673952102661,2.063201904296875,-0.255706787109375,-1.56732177734375
1784719789497847296,42.61665940284729,2.30499267578125,-0.38409423828125,-1.388519287109375
1784719789507767552,42.62657952308655,2.72381591796875,-0.169921875,-0.5035400390625
1784719789517686272,42.63649845123291,3.1305084228515625,-0.608856201171875,-0.343109130859375
1784719789527606528,42.64641857147217,2.8985443115234375,-0.5131378173828125,-0.30389404296875
1784719789537526272,42.65633845329285,2.4985198974609375,-0.082733154296875,-0.4571990966796875
1784719789547446528,42.666258573532104,2.204925537109375,0.708984375,-0.5869140625
1784719789557365504,42.67617750167847,2.2852935791015625,1.419891357421875,-0.9044342041015625
1784719789567285248,42.686097383499146,2.4339447021484375,1.8616485595703125,-1.2315826416015625
1784719789577205504,42.6960175037384,2.6775054931640625,1.7773284912109375,-1.477386474609375
1784719789587125248,42.70593738555908,2.971099853515625,1.295806884765625,-1.47454833984375
1784719789597045504,42.71585750579834,3.28228759765625,0.9632415771484375,-1.1710357666015625
1784719789606964224,42.7257764339447,3.7698974609375,0.9156646728515625,-0.7906646728515625
1784719789616884480,42.73569655418396,4.302764892578125,0.9539947509765625,-0.382965087890625
1784719789626804224,42.74561643600464,4.6921539306640625,0.834869384765625,-0.0507659912109375
1784719789636724480,42.7555365562439,4.7565765380859375,0.6942901611328125,0.116424560546875
1784719789646644480,42.765456438064575,4.622222900390625,0.803985595703125,0.1418304443359375
1784719789656563200,42.77537536621094,4.58428955078125,1.0537872314453125,0.14599609375
1784719789666483456,42.785295486450195,4.54052734375,1.2799530029296875,0.2356414794921875
1784719789676403200,42.795215368270874,4.585296630859375,1.2316741943359375,0.37261962890625
1784719789686323456,42.80513548851013,4.5258636474609375,1.1060943603515625,0.774383544921875
1784719789696242432,42.815054416656494,4.4449615478515625,0.790313720703125,0.9656982421875
1784719789706162432,42.82497453689575,4.41510009765625,0.6544036865234375,1.123016357421875
1784719789716082432,42.83489441871643,4.2564849853515625,0.620635986328125,1.2899017333984375
1784719789726002432,42.84481453895569,3.9757080078125,0.7504119873046875,1.3797454833984375
1784719789735922432,42.85473442077637,3.788818359375,0.7075042724609375,1.612518310546875
1784719789745841152,42.86465334892273,3.231414794921875,0.753570556640625,2.0410003662109375
1784719789755761408,42.87457346916199,2.377349853515625,1.550750732421875,1.6310882568359375
1784719789765680128,42.88449215888977,2.751068115234375,2.6495513916015625,0.663421630859375
1784719789775599872,42.89441204071045,2.8816375732421875,4.7020263671875,0.3700408935546875
1784719789785520128,42.90433216094971,3.808502197265625,8.75311279296875,0.1291656494140625
1784719789795439104,42.91425108909607,0.4253082275390625,6.812469482421875,3.1959381103515625
1784719789805359104,42.92417120933533,0.5455474853515625,0.2140350341796875,1.6640777587890625
1784719789815279104,42.934091091156006,0.3533935546875,1.046630859375,2.376312255859375
1784719789825199104,42.944011211395264,0.2485198974609375,1.580780029296875,1.4432220458984375
1784719789835118080,42.953930139541626,0.0780181884765625,2.068634033203125,1.1251983642578125
1784719789845037824,42.963850021362305,-0.02105712890625,1.943115234375,0.9072418212890625
1784719789854958080,42.97377014160156,0.1701202392578125,1.6882781982421875,0.833251953125
1784719789864877824,42.98369002342224,0.178863525390625,1.684478759765625,0.69171142578125
1784719789874798080,42.9936101436615,0.04595947265625,1.8732757568359375,0.5075836181640625
1784719789884717056,43.00352907180786,-0.086395263671875,1.7994842529296875,0.29266357421875
1784719789894637056,43.01344919204712,-0.0278167724609375,1.675933837890625,-0.2831268310546875
1784719789904557056,43.0233690738678,0.1212310791015625,1.5816497802734375,-0.4278717041015625
1784719789914477056,43.033289194107056,0.1499786376953125,1.5235748291015625,-0.49658203125
1784719789924396032,43.04320812225342,0.2682952880859375,1.2636260986328125,-0.558807373046875
1784719789934316032,43.053128242492676,0.1385345458984375,1.0470123291015625,-0.667999267578125
1784719789944236032,43.063048124313354,-0.0556488037109375,1.2106781005859375,-0.6582183837890625
1784719789954156032,43.07296800613403,-0.0528106689453125,1.3870391845703125,-0.8576507568359375
1784719789964076032,43.08288812637329,0.0276947021484375,0.9408721923828125,-1.0348968505859375
1784719789973995008,43.09280705451965,-0.1063079833984375,1.003448486328125,-0.992156982421875
1784719789983915008,43.10272717475891,-0.2849884033203125,0.978363037109375,-0.8825531005859375
1784719789993835008,43.11264705657959,0.005126953125,1.1030120849609375,-0.9392547607421875
1784719790003755008,43.12256717681885,-0.0330047607421875,0.75054931640625,-0.5326995849609375
1784719790013675008,43.132487058639526,0.429595947265625,0.4598236083984375,-0.92669677734375
1784719790023594240,43.14240622520447,0.3360595703125,0.5241851806640625,-0.4062652587890625
1784719790033513984,43.15232610702515,-0.0727691650390625,0.5284881591796875,-0.6240386962890625
1784719790043434240,43.162246227264404,0.2343902587890625,0.5594482421875,-0.828125
1784719790053353984,43.17216610908508,0.6217041015625,0.739532470703125,-0.9879150390625
1784719790063272960,43.182085037231445,0.7949981689453125,0.8333892822265625,-1.016143798828125
1784719790073192960,43.1920051574707,0.726776123046875,0.8011474609375,-0.95416259765625
1784719790083112960,43.20192503929138,0.5920562744140625,0.708038330078125,-0.8578643798828125
1784719790093032960,43.21184515953064,0.3722991943359375,0.655548095703125,-0.7679595947265625
1784719790102951936,43.221764087677,0.19464111328125,0.7031707763671875,-0.666961669921875
1784719790112872192,43.23168420791626,0.2577972412109375,0.7765960693359375,-0.7238616943359375
1784719790122791936,43.24160408973694,0.380828857421875,0.7532806396484375,-0.7977447509765625
1784719790132712192,43.251524209976196,0.3589630126953125,0.6974029541015625,-0.80810546875
1784719790142631936,43.261444091796875,0.26702880859375,0.546966552734375,-0.8925018310546875
1784719790152550912,43.27136301994324,0.181549072265625,0.29962158203125,-0.869354248046875
1784719790162471168,43.281283140182495,0.15301513671875,0.186492919921875,-0.838165283203125
1784719790172390912,43.291203022003174,0.126556396484375,-0.0799102783203125,-0.811248779296875
1784719790182311168,43.30112314224243,0.039764404296875,-0.269561767578125,-0.7205047607421875
1784719790192230912,43.31104302406311,0.0500640869140625,-0.27288818359375,-0.7001953125
1784719790202150144,43.32096219062805,0.148162841796875,-0.06732177734375,-0.6823272705078125
1784719790212069888,43.33088207244873,0.29718017578125,0.2598114013671875,-0.7723236083984375
1784719790221990144,43.34080219268799,0.377471923828125,0.6056060791015625,-0.93951416015625
1784719790231909888,43.35072207450867,0.4744720458984375,0.8257904052734375,-1.2248992919921875
1784719790241829120,43.36064124107361,0.6005401611328125,0.83929443359375,-1.497955322265625
1784719790251749120,43.37056112289429,0.6309356689453125,0.7404022216796875,-1.6256103515625
1784719790261668864,43.380481004714966,0.6080169677734375,0.6617584228515625,-1.6040496826171875
1784719790271589120,43.390401124954224,0.538238525390625,0.7110443115234375,-1.5217132568359375
1784719790281508864,43.4003210067749,0.4032440185546875,0.90087890625,-1.469329833984375
1784719790291428096,43.410240173339844,0.2762908935546875,1.0465240478515625,-1.48193359375
1784719790301348096,43.42016005516052,0.2295989990234375,1.0358734130859375,-1.477142333984375
1784719790311268096,43.43008017539978,0.2611236572265625,0.92767333984375,-1.4936065673828125
1784719790321188096,43.44000005722046,0.3155364990234375,0.8496551513671875,-1.45599365234375
1784719790331107072,43.4499192237854,0.37493896484375,0.7820281982421875,-1.4339141845703125
1784719790341027072,43.45983910560608,0.3522796630859375,0.703826904296875,-1.381378173828125
1784719790350947072,43.46975922584534,0.33660888671875,0.6214447021484375,-1.2789306640625
1784719790360867072,43.479679107666016,0.3581085205078125,0.579315185546875,-1.1612548828125
1784719790370787072,43.48959922790527,0.3881988525390625,0.506622314453125,-1.0887908935546875
1784719790380706048,43.499518156051636,0.3630523681640625,0.4340667724609375,-1.0587921142578125
1784719790390626048,43.509438037872314,0.33074951171875,0.3853759765625,-1.05291748046875
1784719790400546048,43.51935815811157,0.2854766845703125,0.377410888671875,-1.02618408203125
1784719790410466048,43.52927803993225,0.2778778076171875,0.340789794921875,-1.01519775390625
1784719790420385024,43.53919720649719,0.252105712890625,0.2959442138671875,-0.965850830078125
1784719790430305024,43.54911708831787,0.2125244140625,0.2187957763671875,-0.9267578125
1784719790440225024,43.55903720855713,0.2190704345703125,0.185760498046875,-0.8811492919921875
1784719790450145024,43.56895709037781,0.224639892578125,0.2020263671875,-0.880157470703125
1784719790460065024,43.578877210617065,0.243988037109375,0.2191619873046875,-0.9058685302734375
1784719790469984000,43.58879613876343,0.2108154296875,0.2278594970703125,-0.92059326171875
1784719790479904000,43.598716020584106,0.1702880859375,0.2424468994140625,-0.9364776611328125
1784719790489824000,43.608636140823364,0.1566925048828125,0.2484588623046875,-0.9432373046875
1784719790499744000,43.61855602264404,0.1663818359375,0.2452545166015625,-0.9285888671875
1784719790509664000,43.6284761428833,0.1794891357421875,0.2475738525390625,-0.9252777099609375
1784719790519582976,43.63839507102966,0.1655120849609375,0.2611541748046875,-0.8968963623046875
1784719790529503232,43.64831519126892,0.13348388671875,0.2227020263671875,-0.8741607666015625
1784719790539422976,43.6582350730896,0.12353515625,0.19598388671875,-0.873870849609375
1784719790549343232,43.66815519332886,0.117431640625,0.2130889892578125,-0.9122161865234375
1784719790559261952,43.67807412147522,0.1142425537109375,0.258056640625,-0.9608612060546875
1784719790569182208,43.68799424171448,0.1166839599609375,0.3244781494140625,-1.0185699462890625
1784719790579101952,43.697914123535156,0.1277313232421875,0.333160400390625,-1.043487548828125
1784719790589021952,43.707834005355835,0.1651611328125,0.2863311767578125,-0.99169921875
1784719790598941952,43.71775412559509,0.2005157470703125,0.2149505615234375,-0.94195556640625
1784719790608860928,43.727673053741455,0.227996826171875,0.1963348388671875,-0.900146484375
1784719790618781184,43.73759317398071,0.243377685546875,0.1973876953125,-0.921783447265625
1784719790628700928,43.74751305580139,0.2442474365234375,0.2223968505859375,-0.956451416015625
1784719790638621184,43.75743317604065,0.241851806640625,0.2855377197265625,-0.988861083984375
1784719790648539904,43.76735210418701,0.2227935791015625,0.344970703125,-0.9949493408203125
1784719790658460160,43.77727222442627,0.1798553466796875,0.3795318603515625,-1.0290985107421875
1784719790668379904,43.78719210624695,0.1240081787109375,0.4187774658203125,-1.01165771484375
1784719790678300160,43.797112226486206,0.116729736328125,0.42523193359375,-0.9584503173828125
1784719790688219904,43.807032108306885,0.1493072509765625,0.4359130859375,-0.9278411865234375
1784719790698138880,43.81695103645325,0.1865692138671875,0.4636993408203125,-0.9578857421875
1784719790708059136,43.826871156692505,0.2147064208984375,0.4920654296875,-1.001434326171875
1784719790717978880,43.836791038513184,0.2288360595703125,0.47412109375,-1.0190887451171875
1784719790727899136,43.84671115875244,0.2203216552734375,0.46319580078125,-1.0006866455078125
1784719790737818112,43.856630086898804,0.1891021728515625,0.477325439453125,-0.9615020751953125
1784719790747738112,43.86655020713806,0.169097900390625,0.48150634765625,-0.9210205078125
1784719790757658112,43.87647008895874,0.1660003662109375,0.4952545166015625,-0.8909912109375
1784719790767579392,43.886391401290894,0.159088134765625,0.50823974609375,-0.8766326904296875
1784719790777499392,43.89631152153015,0.1594085693359375,0.5203399658203125,-0.8936309814453125
1784719790787418368,43.906230449676514,0.1424102783203125,0.471221923828125,-0.865325927734375
1784719790797338368,43.91615056991577,0.13653564453125,0.414398193359375,-0.8212738037109375
1784719790807258368,43.92607045173645,0.1468963623046875,0.399322509765625,-0.80816650390625
1784719790817178368,43.93599057197571,0.1486663818359375,0.3984222412109375,-0.79083251953125
1784719790827098368,43.94591045379639,0.1681671142578125,0.40264892578125,-0.76544189453125
1784719790837017344,43.95582938194275,0.186553955078125,0.401580810546875,-0.74700927734375
1784719790846937344,43.96574950218201,0.1970062255859375,0.384674072265625,-0.7416839599609375
1784719790856857344,43.975669384002686,0.1965484619140625,0.36993408203125,-0.730316162109375
1784719790866777344,43.98558950424194,0.1278533935546875,0.3902740478515625,-0.429046630859375
1784719790876696320,43.995508432388306,0.11639404296875,0.356536865234375,-0.42657470703125
1784719790886616576,44.00542855262756,0.1619110107421875,0.35693359375,-0.2057342529296875
1784719790896536320,44.01534843444824,0.23345947265625,0.2983245849609375,-0.1528472900390625
1784719790906456576,44.0252685546875,0.3041534423828125,0.192657470703125,0.086029052734375
1784719790916376320,44.03518843650818,0.477783203125,0.2300872802734375,-0.446990966796875
1784719790926295296,44.04510736465454,0.30126953125,0.6079559326171875,-0.0931396484375
1784719790936215296,44.0550274848938,0.5103759765625,0.5242156982421875,-0.873687744140625
1784719790946135296,44.06494736671448,0.8771514892578125,-0.1367950439453125,-1.395294189453125
1784719790956055296,44.074867486953735,0.83563232421875,-0.4040985107421875,-1.02685546875
1784719790965974272,44.0847864151001,0.6902008056640625,-0.530242919921875,-1.1173858642578125
1784719790975894528,44.094706535339355,0.5878143310546875,-0.244659423828125,-1.1993255615234375
1784719790985814272,44.104626417160034,0.555908203125,0.2753143310546875,-1.1981201171875
1784719790995734528,44.11454653739929,0.5953521728515625,0.5142822265625,-1.121734619140625
1784719791005654272,44.12446641921997,0.618438720703125,0.4346160888671875,-1.0937042236328125
1784719791015573248,44.13438534736633,0.6352081298828125,0.350372314453125,-1.0979461669921875
1784719791025493504,44.14430546760559,0.6463470458984375,0.299835205078125,-1.09619140625
1784719791035413248,44.15422534942627,0.602508544921875,0.21337890625,-1.0348052978515625
1784719791045333504,44.16414546966553,0.52532958984375,0.1950531005859375,-0.94879150390625
1784719791055252224,44.17406439781189,0.3745574951171875,0.365814208984375,-0.938812255859375
1784719791065172480,44.18398451805115,0.2682037353515625,0.3835906982421875,-0.9591522216796875
1784719791075092224,44.193904399871826,0.2440643310546875,0.2584686279296875,-0.94708251953125
1784719791085012480,44.203824520111084,0.2513580322265625,0.175628662109375,-0.981109619140625
1784719791094932224,44.21374440193176,0.29144287109375,0.1217803955078125,-0.999542236328125
1784719791104851456,44.223663568496704,0.2185821533203125,0.238067626953125,-0.94036865234375
1784719791114771456,44.23358345031738,0.0205841064453125,0.4737396240234375,-0.91766357421875
1784719791124691456,44.24350357055664,-0.142425537109375,0.527252197265625,-0.865692138671875
1784719791134611456,44.25342345237732,-0.155975341796875,0.424072265625,-0.8275299072265625
1784719791144531456,44.26334357261658,0.0443878173828125,0.238555908203125,-0.8856048583984375
1784719791154450432,44.27326250076294,0.2697296142578125,0.11181640625,-1.030792236328125
1784719791164370176,44.28318238258362,0.3711395263671875,0.049224853515625,-1.11376953125
1784719791174290432,44.293102502822876,0.4062652587890625,-0.0173797607421875,-1.1014556884765625
1784719791184210176,44.303022384643555,0.4383392333984375,-0.055816650390625,-1.0750732421875
1784719791194129408,44.312941551208496,0.3696136474609375,0.066741943359375,-0.974639892578125
1784719791204049408,44.322861433029175,0.231109619140625,0.3210601806640625,-0.9211273193359375
1784719791213969408,44.33278155326843,0.2015533447265625,0.388641357421875,-0.913665771484375
1784719791223889408,44.34270143508911,0.277435302734375,0.3505706787109375,-0.8765106201171875
1784719791233809408,44.35262155532837,0.3256683349609375,0.348388671875,-0.9146270751953125
1784719791243728384,44.36254048347473,0.36993408203125,0.3213958740234375,-0.927825927734375
1784719791253648384,44.37246036529541,0.4316558837890625,0.30145263671875,-0.9233551025390625
1784719791263568384,44.38238048553467,0.442291259765625,0.2911834716796875,-0.917816162109375
1784719791273488384,44.39230036735535,0.438385009765625,0.263580322265625,-0.918731689453125
1784719791283407360,44.40221953392029,0.40008544921875,0.2727508544921875,-0.88909912109375
1784719791293327360,44.41213941574097,0.2838592529296875,0.3620147705078125,-0.841796875
1784719791303247360,44.422059535980225,0.12939453125,0.478057861328125,-0.7706298828125
1784719791313167360,44.4319794178009,0.1136932373046875,0.4186248779296875,-0.777740478515625
1784719791323087360,44.44189953804016,0.240509033203125,0.262481689453125,-0.8453521728515625
1784719791333006336,44.45181846618652,0.3142852783203125,0.1902618408203125,-0.855682373046875
1784719791342926336,44.4617383480072,0.3746337890625,0.200347900390625,-0.9000396728515625
1784719791352846336,44.47165846824646,0.393157958984375,0.2050018310546875,-0.9345245361328125
1784719791362766336,44.48157835006714,0.3489532470703125,0.2171630859375,-0.9089508056640625
1784719791372686336,44.4914984703064,0.2983245849609375,0.2697296142578125,-0.880767822265625
1784719791382605312,44.50141739845276,0.3192291259765625,0.2565460205078125,-0.8798828125
1784719791392525312,44.51133751869202,0.355255126953125,0.2516937255859375,-0.8632354736328125
1784719791402445312,44.521257400512695,0.3531341552734375,0.3088531494140625,-0.858123779296875
1784719791412365312,44.53117752075195,0.352508544921875,0.315673828125,-0.856597900390625
1784719791422284288,44.541096448898315,0.37237548828125,0.285186767578125,-0.8521881103515625
1784719791432204544,44.55101656913757,0.3881072998046875,0.273040771484375,-0.8504180908203125
1784719791442124288,44.56093645095825,0.39093017578125,0.256103515625,-0.863800048828125
1784719791452044544,44.57085657119751,0.4142913818359375,0.2505645751953125,-0.868621826171875
1784719791461964288,44.58077645301819,0.4455413818359375,0.2645721435546875,-0.8776397705078125
1784719791471883264,44.59069538116455,0.478759765625,0.2897491455078125,-0.8753509521484375
1784719791481803520,44.60061550140381,0.4951629638671875,0.294677734375,-0.8746795654296875
1784719791491723264,44.61053538322449,0.5193939208984375,0.265899658203125,-0.8728485107421875
1784719791501643520,44.620455503463745,0.4935150146484375,0.2645263671875,-0.8666229248046875
1784719791511562240,44.63037443161011,0.384246826171875,0.330902099609375,-0.8349151611328125
1784719791521482496,44.640294551849365,0.3151092529296875,0.3350067138671875,-0.8437042236328125
1784719791531402240,44.650214433670044,0.313873291015625,0.309814453125,-0.849365234375
1784719791541322496,44.6601345539093,0.282623291015625,0.328369140625,-0.8311309814453125
1784719791551242240,44.67005443572998,0.2877197265625,0.317596435546875,-0.8351287841796875
1784719791561161216,44.67997336387634,0.3383331298828125,0.2978363037109375,-0.8466949462890625
1784719791571081472,44.6898934841156,0.397430419921875,0.28680419921875,-0.886871337890625
1784719791581001216,44.69981336593628,0.4362945556640625,0.2887115478515625,-0.9174957275390625
1784719791590921472,44.70973348617554,0.455169677734375,0.281707763671875,-0.936187744140625
1784719791600841216,44.719653367996216,0.4268798828125,0.2770538330078125,-0.950927734375
1784719791610760448,44.72957253456116,0.4087371826171875,0.264404296875,-0.947509765625
1784719791620680448,44.739492416381836,0.3720855712890625,0.2863311767578125,-0.91888427734375
1784719791630600448,44.749412536621094,0.27606201171875,0.35687255859375,-0.849884033203125
1784719791640520448,44.75933241844177,0.239349365234375,0.382354736328125,-0.815765380859375
1784719791650439168,44.769251346588135,0.2897796630859375,0.35687255859375,-0.808563232421875
1784719791660359424,44.77917146682739,0.3509063720703125,0.342742919921875,-0.8248138427734375
1784719791670279168,44.78909134864807,0.3940277099609375,0.3334503173828125,-0.847564697265625
1784719791680199424,44.79901146888733,0.41632080078125,0.313323974609375,-0.8495025634765625
1784719791690119168,44.80893135070801,0.423492431640625,0.303192138671875,-0.85516357421875
1784719791700038400,44.81885051727295,0.4180145263671875,0.296417236328125,-0.85418701171875
1784719791709958400,44.82877039909363,0.40118408203125,0.2937164306640625,-0.8545074462890625
1784719791719878400,44.838690519332886,0.3709259033203125,0.2943267822265625,-0.8392181396484375
1784719791729798400,44.848610401153564,0.3427276611328125,0.3107757568359375,-0.8185577392578125
1784719791739717376,44.858529567718506,0.341888427734375,0.325225830078125,-0.8206634521484375
1784719791749637376,44.868449449539185,0.3711395263671875,0.3233642578125,-0.8197479248046875
1784719791759557376,44.87836956977844,0.3993988037109375,0.317413330078125,-0.8276824951171875
1784719791769477120,44.88828921318054,0.3986663818359375,0.3111419677734375,-0.8326263427734375
1784719791779397376,44.8982093334198,0.4217376708984375,0.2976837158203125,-0.83392333984375
1784719791789316096,44.90812826156616,0.4352874755859375,0.28033447265625,-0.8396453857421875
1784719791799236352,44.91804838180542,0.4232025146484375,0.2644805908203125,-0.8558807373046875
1784719791809156096,44.9279682636261,0.4094696044921875,0.2603759765625,-0.8598480224609375
1784719791819076352,44.937888383865356,0.396881103515625,0.2760162353515625,-0.864410400390625
1784719791828995328,44.94780731201172,0.392486572265625,0.2831268310546875,-0.8599700927734375
1784719791838915328,44.95772743225098,0.3835601806640625,0.2926788330078125,-0.8538818359375
1784719791848835328,44.967647314071655,0.3739776611328125,0.3052825927734375,-0.8487548828125
1784719791858755328,44.97756743431091,0.373687744140625,0.2877655029296875,-0.82794189453125
1784719791868675328,44.98748731613159,0.36419677734375,0.2386322021484375,-0.820709228515625
1784719791878594048,44.997406244277954,0.361175537109375,0.2341766357421875,-0.8267059326171875
1784719791888514304,45.00732636451721,0.367889404296875,0.254058837890625,-0.8463287353515625
1784719791898434048,45.01724624633789,0.3723602294921875,0.2618408203125,-0.857879638671875
1784719791908354304,45.02716636657715,0.3687744140625,0.2444915771484375,-0.8560638427734375
1784719791918274048,45.03708624839783,0.3622283935546875,0.2469635009765625,-0.87225341796875
1784719791928193280,45.04700541496277,0.361572265625,0.2879791259765625,-0.8789215087890625
1784719791938113280,45.05692529678345,0.359039306640625,0.3061065673828125,-0.88671875
1784719791948033280,45.066845417022705,0.36163330078125,0.29510498046875,-0.89068603515625
1784719791957953280,45.076765298843384,0.3632965087890625,0.2910003662109375,-0.8946685791015625
1784719791967872256,45.086684226989746,0.3597259521484375,0.3003692626953125,-0.913055419921875
1784719791977792256,45.096604347229004,0.367401123046875,0.3045806884765625,-0.929840087890625
1784719791987712256,45.10652422904968,0.3891754150390625,0.2984619140625,-0.9451141357421875
1784719791997632256,45.11644434928894,0.4060516357421875,0.285186767578125,-0.94989013671875
1784719792007552256,45.12636423110962,0.404266357421875,0.281402587890625,-0.951751708984375
1784719792017471232,45.13628339767456,0.3668975830078125,0.309722900390625,-0.9151763916015625
1784719792027391232,45.14620327949524,0.29534912109375,0.3668212890625,-0.88934326171875
1784719792037311232,45.1561233997345,0.2594757080078125,0.384765625,-0.8762054443359375
1784719792047231232,45.166043281555176,0.28289794921875,0.3776702880859375,-0.88262939453125
1784719792057150464,45.17596244812012,0.3181610107421875,0.35491943359375,-0.8951263427734375
1784719792067070208,45.185882329940796,0.336395263671875,0.3312835693359375,-0.9040679931640625
1784719792076990464,45.195802450180054,0.3444061279296875,0.3080291748046875,-0.9140625
1784719792086910208,45.20572233200073,0.3496551513671875,0.2894744873046875,-0.917388916015625
1784719792096830208,45.21564221382141,0.3550262451171875,0.2747955322265625,-0.9213409423828125
1784719792106749184,45.22556138038635,0.3480224609375,0.2669219970703125,-0.9166717529296875
1784719792116669184,45.23548126220703,0.3218536376953125,0.2706451416015625,-0.912933349609375
1784719792126589184,45.24540138244629,0.3041534423828125,0.282012939453125,-0.9161834716796875
1784719792136509184,45.25532126426697,0.2979888916015625,0.285186767578125,-0.92401123046875
1784719792146428416,45.26524043083191,0.3055572509765625,0.287811279296875,-0.9366607666015625
1784719792156348160,45.27516031265259,0.312530517578125,0.2874908447265625,-0.944061279296875
1784719792166268416,45.285080432891846,0.3251190185546875,0.2822265625,-0.9516754150390625
1784719792176188160,45.295000314712524,0.3407135009765625,0.2823028564453125,-0.956634521484375
1784719792186108416,45.30492043495178,0.3521881103515625,0.2862396240234375,-0.9591827392578125
1784719792196027392,45.314839363098145,0.3543853759765625,0.2896575927734375,-0.9673309326171875
1784719792205947136,45.32475924491882,0.34576416015625,0.2972564697265625,-0.9786834716796875
1784719792215867392,45.33467936515808,0.3413848876953125,0.301727294921875,-0.9791259765625
1784719792225787136,45.34459924697876,0.3374481201171875,0.298797607421875,-0.978668212890625
1784719792235706368,45.3545184135437,0.3379974365234375,0.298004150390625,-0.9807281494140625
1784719792245626112,45.36443829536438,0.3463287353515625,0.2966766357421875,-0.9817352294921875
1784719792255546368,45.37435841560364,0.3471527099609375,0.30401611328125,-0.9678497314453125
1784719792265466112,45.384278297424316,0.3503570556640625,0.3100433349609375,-0.9428558349609375
1784719792275386368,45.394198417663574,0.3686065673828125,0.313690185546875,-0.918609619140625
1784719792285305344,45.40411734580994,0.3895111083984375,0.3213653564453125,-0.8973236083984375
1784719792295225088,45.414037227630615,0.3966827392578125,0.323333740234375,-0.8801422119140625
1784719792305145344,45.42395734786987,0.3979339599609375,0.3164520263671875,-0.8685150146484375
1784719792315065088,45.43387722969055,0.4025726318359375,0.30645751953125,-0.859710693359375
1784719792324985344,45.44379734992981,0.412506103515625,0.289947509765625,-0.855743408203125
1784719792334904320,45.45371627807617,0.4291534423828125,0.2854156494140625,-0.8509979248046875
1784719792344824320,45.46363639831543,0.44232177734375,0.295440673828125,-0.857177734375
1784719792354744320,45.47355628013611,0.4462432861328125,0.310699462890625,-0.8628997802734375
1784719792364664320,45.483476400375366,0.4467010498046875,0.316070556640625,-0.8647613525390625
1784719792374583296,45.49339532852173,0.4490814208984375,0.3131103515625,-0.86151123046875
1784719792384503296,45.503315448760986,0.4571075439453125,0.31536865234375,-0.8677978515625
1784719792394423296,45.513235330581665,0.4563140869140625,0.336212158203125,-0.871826171875
1784719792404343296,45.52315545082092,0.4569091796875,0.3466949462890625,-0.8663482666015625
1784719792414263296,45.5330753326416,0.47613525390625,0.3381195068359375,-0.8516387939453125
1784719792424182272,45.542994260787964,0.5004730224609375,0.3150177001953125,-0.8472747802734375
1784719792434102272,45.55291438102722,0.5340423583984375,0.2979888916015625,-0.8562164306640625
1784719792444022272,45.5628342628479,0.5763092041015625,0.287750244140625,-0.8789825439453125
1784719792453942272,45.57275438308716,0.578857421875,0.2999420166015625,-0.883514404296875
1784719792463861248,45.58267331123352,0.5653533935546875,0.31524658203125,-0.887664794921875
1784719792473781248,45.59259343147278,0.5347747802734375,0.3439788818359375,-0.8947296142578125
1784719792483701248,45.60251331329346,0.502227783203125,0.391448974609375,-0.8966522216796875
1784719792493621248,45.612433433532715,0.47802734375,0.41619873046875,-0.8870697021484375
1784719792503541248,45.622353315353394,0.4620361328125,0.401397705078125,-0.8946380615234375
1784719792513460224,45.632272243499756,0.4608306884765625,0.4052276611328125,-0.9017791748046875
1784719792523380224,45.642192363739014,0.4664154052734375,0.3902130126953125,-0.91375732421875
1784719792533300224,45.65211224555969,0.475982666015625,0.3565521240234375,-0.954803466796875
1784719792543220224,45.66203236579895,0.469757080078125,0.380523681640625,-0.9904632568359375
1784719792553139200,45.67195129394531,0.4473114013671875,0.423797607421875,-1.0221710205078125
1784719792563059456,45.68187141418457,0.41876220703125,0.4336395263671875,-1.0381011962890625
1784719792572979200,45.69179129600525,0.37860107421875,0.4215545654296875,-1.0290985107421875
1784719792582899456,45.70171141624451,0.340087890625,0.4194793701171875,-1.0129547119140625
1784719792592819200,45.711631298065186,0.2979278564453125,0.41168212890625,-1.0133056640625
1784719792602738176,45.72155022621155,0.2588348388671875,0.3791046142578125,-0.9969482421875
1784719792612658176,45.731470346450806,0.257568359375,0.3940582275390625,-0.987640380859375
1784719792622578176,45.741390228271484,0.27630615234375,0.4306640625,-1.025054931640625
1784719792632498176,45.75131034851074,0.275115966796875,0.4636993408203125,-0.98480224609375
1784719792642417152,45.761229276657104,0.2651824951171875,0.4598236083984375,-1.043701171875
1784719792652337408,45.77114939689636,0.251007080078125,0.2796783447265625,-0.9731597900390625
1784719792662257152,45.78106927871704,0.2118072509765625,0.1954803466796875,-0.99114990234375
1784719792672177408,45.7909893989563,0.20977783203125,0.26483154296875,-0.96612548828125
1784719792682097152,45.80090928077698,0.2310333251953125,0.3192596435546875,-0.9864044189453125
1784719792692016384,45.81082844734192,0.2379302978515625,0.3074188232421875,-0.9948883056640625
1784719792701936128,45.8207483291626,0.2267608642578125,0.24688720703125,-1.0081787109375
1784719792711856384,45.830668449401855,0.217864990234375,0.19232177734375,-1.020751953125
1784719792721776128,45.840588331222534,0.2219696044921875,0.1671142578125,-1.075775146484375
1784719792731695104,45.8505072593689,0.2425384521484375,0.1641387939453125,-1.147491455078125
1784719792741615360,45.860427379608154,0.260833740234375,0.142578125,-1.153564453125
1784719792751535104,45.87034726142883,0.2580413818359375,0.114227294921875,-1.1280670166015625
1784719792761455616,45.88026762008667,0.2316436767578125,0.106597900390625,-1.087738037109375
1784719792771375616,45.89018774032593,0.175384521484375,0.109588623046875,-1.062255859375
1784719792781294592,45.90010666847229,0.119232177734375,0.1369781494140625,-1.02972412109375
1784719792791214592,45.91002655029297,0.0737762451171875,0.213165283203125,-0.9879913330078125
1784719792801134592,45.91994667053223,0.0408782958984375,0.3044891357421875,-0.90875244140625
1784719792811054592,45.929866552352905,0.03619384765625,0.3013153076171875,-0.862945556640625
1784719792820973568,45.93978571891785,0.0462188720703125,0.190521240234375,-0.875396728515625
1784719792830893568,45.949705600738525,0.06646728515625,0.0427093505859375,-0.858062744140625
1784719792840813568,45.95962572097778,0.10931396484375,-0.096710205078125,-0.8966217041015625
1784719792850733568,45.96954560279846,0.1450653076171875,-0.1981658935546875,-0.9379730224609375
1784719792860653568,45.97946572303772,0.1439208984375,-0.2306976318359375,-0.952056884765625
1784719792870572544,45.98938465118408,0.0951080322265625,-0.1870269775390625,-0.9664154052734375
1784719792880492544,45.99930453300476,0.03204345703125,-0.0989837646484375,-1.01068115234375
1784719792890412544,46.00922465324402,-0.0323486328125,0.0166168212890625,-1.022308349609375
1784719792900332544,46.0191445350647,-0.075286865234375,0.14129638671875,-0.991424560546875
1784719792910251520,46.02906370162964,-0.080352783203125,0.2569580078125,-0.9908905029296875
1784719792920171520,46.03898358345032,-0.0680084228515625,0.3226318359375,-0.9915618896484375
1784719792930091520,46.048903703689575,-0.039947509765625,0.3003082275390625,-1.00799560546875
1784719792940011520,46.058823585510254,-0.001312255859375,0.121063232421875,-0.965789794921875
1784719792949931520,46.06874370574951,0.0113983154296875,-0.1010894775390625,-0.96124267578125
1784719792959850496,46.078662633895874,-0.0031585693359375,-0.243377685546875,-0.91864013671875
1784719792969770496,46.08858251571655,-0.0548553466796875,-0.1765594482421875,-0.7535552978515625
1784719792979690496,46.09850263595581,-0.1739044189453125,0.134124755859375,-0.5699005126953125
1784719792989610496,46.10842251777649,-0.240447998046875,0.4747314453125,-0.417083740234375
1784719792999529728,46.11834168434143,-0.210540771484375,0.590789794921875,-0.375335693359375
1784719793009449472,46.12826156616211,-0.109466552734375,0.51702880859375,-0.3746795654296875
1784719793019369728,46.13818168640137,-0.06695556640625,0.44830322265625,-0.3807830810546875
1784719793029289472,46.148101568222046,-0.0239715576171875,0.4348907470703125,-0.419708251953125
1784719793039208704,46.15802073478699,-0.0208740234375,0.503021240234375,-0.469635009765625
1784719793049128448,46.167940616607666,-0.111846923828125,0.6154937744140625,-0.514678955078125
1784719793059048704,46.177860736846924,-0.1528778076171875,0.72021484375,-0.594818115234375
1784719793068968448,46.1877806186676,-0.113311767578125,0.762481689453125,-0.639373779296875
1784719793078888704,46.19770073890686,-0.0464630126953125,0.779449462890625,-0.6316986083984375
1784719793088807680,46.20761966705322,-0.04754638671875,0.827362060546875,-0.5866546630859375
1784719793098727424,46.2175395488739,-0.090606689453125,0.878814697265625,-0.555999755859375
1784719793108647680,46.22745966911316,-0.11944580078125,0.8912353515625,-0.501129150390625
1784719793118567424,46.23737955093384,-0.1366119384765625,0.9001007080078125,-0.4099273681640625
1784719793128486656,46.24729871749878,-0.101898193359375,0.895294189453125,-0.37579345703125
1784719793138406400,46.25721859931946,-0.03472900390625,0.8538360595703125,-0.392791748046875
1784719793148326656,46.267138719558716,0.0198516845703125,0.7726287841796875,-0.4621124267578125
1784719793158246400,46.277058601379395,0.03802490234375,0.7094879150390625,-0.5517120361328125
1784719793168166656,46.28697872161865,0.013275146484375,0.6695404052734375,-0.576568603515625
1784719793178085632,46.296897649765015,-0.0390167236328125,0.7325592041015625,-0.6019744873046875
1784719793188005376,46.30681753158569,-0.0706634521484375,0.8622589111328125,-0.6847991943359375
1784719793197925632,46.31673765182495,-0.0422515869140625,0.936553955078125,-0.7386627197265625
1784719793207845376,46.32665753364563,-0.024871826171875,0.93572998046875,-0.6846923828125
1784719793217764608,46.33657670021057,-0.032318115234375,0.9085235595703125,-0.644134521484375
1784719793227684608,46.34649658203125,-0.0412750244140625,0.904205322265625,-0.62481689453125
1784719793237604608,46.35641670227051,-0.0581817626953125,0.864166259765625,-0.608673095703125
1784719793247524608,46.36633658409119,-0.09332275390625,0.77783203125,-0.596160888671875
1784719793257444608,46.376256704330444,-0.130706787109375,0.6946868896484375,-0.5643463134765625
1784719793267363584,46.38617563247681,-0.1483917236328125,0.6524810791015625,-0.542266845703125
1784719793277283328,46.396095514297485,-0.1479949951171875,0.651763916015625,-0.54486083984375
1784719793287203584,46.40601563453674,-0.1223907470703125,0.620086669921875,-0.5212860107421875
1784719793297123328,46.41593551635742,-0.0878448486328125,0.608551025390625,-0.5124053955078125
1784719793307042560,46.42585468292236,-0.068756103515625,0.675018310546875,-0.4875946044921875
1784719793316962560,46.43577456474304,-0.0666351318359375,0.7612457275390625,-0.506591796875
1784719793326882560,46.4456946849823,-0.07391357421875,0.8096771240234375,-0.530914306640625
1784719793336802560,46.45561456680298,-0.076629638671875,0.8175048828125,-0.563323974609375
1784719793346721536,46.46553373336792,-0.062225341796875,0.754547119140625,-0.6055450439453125
1784719793356641536,46.4754536151886,-0.05023193359375,0.667449951171875,-0.625640869140625
1784719793366561536,46.485373735427856,-0.045257568359375,0.6410675048828125,-0.6150360107421875
1784719793376481536,46.495293617248535,-0.0307159423828125,0.65625,-0.6316986083984375
1784719793386401536,46.50521373748779,0.0005645751953125,0.6873779296875,-0.6526336669921875
1784719793396320512,46.515132665634155,0.00872802734375,0.730926513671875,-0.6658935546875
1784719793406240512,46.525052547454834,-0.0090789794921875,0.7990264892578125,-0.65325927734375
1784719793416160512,46.53497266769409,-0.0365447998046875,0.8591766357421875,-0.665252685546875
1784719793426080512,46.54489254951477,-0.05084228515625,0.88922119140625,-0.688323974609375
1784719793435999744,46.55481171607971,-0.0408935546875,0.8748016357421875,-0.7136688232421875
1784719793445919488,46.56473159790039,-0.0198822021484375,0.804473876953125,-0.7407073974609375
1784719793455839744,46.57465171813965,-0.0154876708984375,0.697265625,-0.758087158203125
1784719793465759488,46.58457159996033,-0.0186767578125,0.6138763427734375,-0.7217559814453125
1784719793475679744,46.594491720199585,-0.0310821533203125,0.5807342529296875,-0.6739044189453125
1784719793485598464,46.60441064834595,-0.0358428955078125,0.59814453125,-0.66925048828125
1784719793495518464,46.614330530166626,-0.032958984375,0.6712188720703125,-0.66790771484375
1784719793505438464,46.624250650405884,-0.0378570556640625,0.7548065185546875,-0.679656982421875
1784719793515358464,46.63417053222656,-0.0394287109375,0.8113250732421875,-0.6824951171875
1784719793525277696,46.644089698791504,-0.0406646728515625,0.810516357421875,-0.7005462646484375
1784719793535197440,46.65400958061218,-0.03680419921875,0.75775146484375,-0.6645660400390625
1784719793545117696,46.66392970085144,-0.0408477783203125,0.6135711669921875,-0.64056396484375
1784719793555037440,46.67384958267212,-0.037506103515625,0.5084075927734375,-0.62640380859375
1784719793564956416,46.68376851081848,-0.0290069580078125,0.488677978515625,-0.64263916015625
1784719793574876672,46.69368863105774,0.005096435546875,0.59259033203125,-0.7007904052734375
1784719793584796416,46.70360851287842,0.057403564453125,0.716033935546875,-0.7531890869140625
1784719793594716672,46.713528633117676,0.0866851806640625,0.8026885986328125,-0.7744598388671875
1784719793604636416,46.723448514938354,0.0862884521484375,0.8474884033203125,-0.78643798828125
1784719793614555648,46.733367681503296,0.07012939453125,0.85650634765625,-0.7764434814453125
1784719793624475392,46.743287563323975,0.0687713623046875,0.75445556640625,-0.681121826171875
1784719793634395648,46.75320768356323,0.0499267578125,0.5438079833984375,-0.6141510009765625
1784719793644315392,46.76312756538391,0.03546142578125,0.45635986328125,-0.570343017578125
1784719793654234624,46.77304673194885,0.0474700927734375,0.4866180419921875,-0.626678466796875
1784719793664154624,46.78296661376953,0.0792236328125,0.512603759765625,-0.70440673828125
1784719793674074624,46.79288673400879,0.0867156982421875,0.53472900390625,-0.7438507080078125
1784719793683994624,46.80280661582947,0.08319091796875,0.6680755615234375,-0.7608184814453125
1784719793693914624,46.812726736068726,0.08135986328125,0.8162841796875,-0.802490234375
1784719793703833600,46.82264566421509,0.098358154296875,0.9044952392578125,-0.8309478759765625
1784719793713753344,46.83256554603577,0.123809814453125,0.9055938720703125,-0.80194091796875
1784719793723673600,46.842485666275024,0.1495819091796875,0.8539581298828125,-0.7300567626953125
1784719793733593344,46.8524055480957,0.1732635498046875,0.749053955078125,-0.65289306640625
1784719793743512576,46.862324714660645,0.1984710693359375,0.705780029296875,-0.6331024169921875
1784719793753432576,46.87224459648132,0.20697021484375,0.72906494140625,-0.639404296875
1784719793763352064,46.88216423988342,0.196014404296875,0.71923828125,-0.63568115234375
1784719793773272064,46.8920841217041,0.167449951171875,0.651336669921875,-0.623504638671875
1784719793783192064,46.90200424194336,0.1361083984375,0.6147003173828125,-0.5908203125
1784719793793111040,46.91192317008972,0.104644775390625,0.6519927978515625,-0.587158203125
1784719793803031040,46.9218430519104,0.0877685546875,0.716827392578125,-0.6102752685546875
1784719793812951040,46.93176317214966,0.0992889404296875,0.747314453125,-0.608642578125
1784719793822871040,46.94168305397034,0.11419677734375,0.7561492919921875,-0.574615478515625
1784719793832790016,46.95160222053528,0.1067962646484375,0.7432708740234375,-0.5258636474609375
1784719793842710016,46.96152210235596,0.0593719482421875,0.7051544189453125,-0.545196533203125
1784719793852630016,46.971442222595215,0.01251220703125,0.729766845703125,-0.5982208251953125
1784719793862550016,46.981362104415894,-0.0009307861328125,0.8138580322265625,-0.655303955078125
1784719793872468992,46.991281032562256,0.0093231201171875,0.9131622314453125,-0.6653594970703125
1784719793882388992,47.001201152801514,0.1262969970703125,0.8336181640625,-0.6518402099609375
1784719793892308992,47.01112103462219,0.2905731201171875,0.4405975341796875,-0.6829833984375
1784719793902228992,47.02104115486145,0.2870025634765625,0.22882080078125,-0.5321197509765625
1784719793912148992,47.03096103668213,0.222259521484375,0.0843658447265625,-0.77252197265625
1784719793922068224,47.04088020324707,0.2363739013671875,0.1481475830078125,-0.9684295654296875
1784719793931987968,47.05080008506775,0.1696624755859375,0.4024658203125,-1.135345458984375
1784719793941908224,47.06072020530701,0.2652130126953125,0.5375823974609375,-1.2230072021484375
1784719793951827968,47.070640087127686,0.4478759765625,0.234405517578125,-1.192413330078125
1784719793961746944,47.08055901527405,0.5224761962890625,0.0775146484375,-1.043426513671875
1784719793971666944,47.090479135513306,0.5273895263671875,0.0496978759765625,-0.98065185546875
1784719793981586944,47.100399017333984,0.307525634765625,0.2493743896484375,-0.930877685546875
1784719793991506944,47.11031913757324,-0.007171630859375,0.510223388671875,-0.8994293212890625
1784719794001426944,47.12023901939392,-0.1488037109375,0.5235137939453125,-0.93829345703125
1784719794011346176,47.13015818595886,-0.07623291015625,0.2725830078125,-0.9496002197265625
1784719794021265920,47.14007806777954,0.066558837890625,-0.041259765625,-0.9322357177734375
1784719794031186176,47.1499981880188,0.126434326171875,-0.2684478759765625,-0.984283447265625
1784719794041105920,47.15991806983948,0.0271148681640625,-0.29144287109375,-1.0730438232421875
1784719794051025152,47.16983723640442,-0.140838623046875,-0.18609619140625,-1.1217803955078125
1784719794060945152,47.1797571182251,-0.26776123046875,0.0456390380859375,-1.139404296875
1784719794070865152,47.189677238464355,-0.23736572265625,0.209747314453125,-1.1610565185546875
1784719794080785152,47.199597120285034,-0.0952301025390625,0.440338134765625,-1.103271484375
1784719794090703872,47.2095160484314,0.1116180419921875,0.5576171875,-1.0411529541015625
1784719794100624128,47.219436168670654,0.2241668701171875,0.5070037841796875,-0.99554443359375
1784719794110543872,47.22935605049133,0.2147674560546875,0.4684906005859375,-0.96527099609375
1784719794120464128,47.23927617073059,0.1605224609375,0.398681640625,-0.906341552734375
1784719794130383872,47.24919605255127,0.0709075927734375,0.296630859375,-0.831146240234375
1784719794140303104,47.25911521911621,0.0057830810546875,0.220703125,-0.8068084716796875
1784719794150223104,47.26903510093689,0.0069732666015625,0.205810546875,-0.864166259765625
1784719794160143104,47.27895522117615,0.0435791015625,0.2573394775390625,-0.9290924072265625
1784719794170063104,47.288875102996826,0.05584716796875,0.2558441162109375,-0.96685791015625
1784719794179981824,47.29879403114319,0.0255279541015625,0.2013702392578125,-0.966522216796875
1784719794189902080,47.308714151382446,-0.011016845703125,0.158966064453125,-0.9706878662109375
1784719794199821824,47.318634033203125,-0.0424346923828125,0.1938629150390625,-0.98516845703125
1784719794209742080,47.32855415344238,-0.0330657958984375,0.2481689453125,-0.984954833984375
1784719794219661056,47.338473081588745,-0.0139923095703125,0.2554168701171875,-0.99298095703125
1784719794229581056,47.348393201828,-0.0256805419921875,0.3118896484375,-0.974456787109375
1784719794239501056,47.35831308364868,-0.0079803466796875,0.3538360595703125,-0.936248779296875
1784719794249421056,47.36823320388794,0.0300750732421875,0.2955780029296875,-0.966796875
1784719794259341056,47.37815308570862,0.0240478515625,0.29656982421875,-0.963714599609375
1784719794269260032,47.38807201385498,-0.0155487060546875,0.275970458984375,-0.9597930908203125
1784719794279180032,47.39799213409424,-0.0590362548828125,0.241119384765625,-0.96844482421875
1784719794289100032,47.40791201591492,-0.086944580078125,0.21759033203125,-0.996673583984375
1784719794299020032,47.417832136154175,-0.0753936767578125,0.1683502197265625,-0.9866180419921875
1784719794308939008,47.42775106430054,-0.064910888671875,0.090850830078125,-0.9668731689453125
1784719794318859008,47.437671184539795,-0.0955352783203125,0.046661376953125,-0.936737060546875
1784719794328779008,47.447591066360474,-0.1085968017578125,0.0753936767578125,-0.9683837890625
1784719794338699008,47.45751118659973,-0.099884033203125,0.19476318359375,-0.9620361328125
1784719794348617984,47.467430114746094,-0.0985870361328125,0.2676544189453125,-1.0157318115234375
1784719794358538240,47.47735023498535,-0.057952880859375,0.3300933837890625,-1.0891876220703125
1784719794368457984,47.48727011680603,0.008056640625,0.327545166015625,-1.1037445068359375
1784719794378378240,47.49719023704529,-0.0023345947265625,0.275634765625,-1.074127197265625
1784719794388297984,47.50711011886597,-0.06903076171875,0.2740631103515625,-1.060577392578125
1784719794398216960,47.51702904701233,-0.1016693115234375,0.2917327880859375,-1.0869140625
1784719794408136960,47.52694916725159,0.0266571044921875,0.4787750244140625,-1.2057952880859375
1784719794418056960,47.536869049072266,0.2512359619140625,0.812591552734375,-0.9521942138671875
1784719794427976960,47.54678916931152,0.2323760986328125,0.570892333984375,-0.2100830078125
1784719794437895936,47.556708097457886,-0.252838134765625,-0.637054443359375,-1.661590576171875
1784719794447816192,47.566628217697144,-0.5411376953125,-0.49462890625,-0.497833251953125
1784719794457735936,47.57654809951782,-0.255279541015625,0.1070556640625,-1.0788421630859375
1784719794467656192,47.58646821975708,-0.0159759521484375,0.0897216796875,-1.2005767822265625
1784719794477575936,47.59638810157776,0.02899169921875,0.1283111572265625,-1.0563201904296875
1784719794487494912,47.60630702972412,-0.0223541259765625,0.3471832275390625,-0.9827423095703125
1784719794497415168,47.61622714996338,-0.08001708984375,0.3203277587890625,-0.9812774658203125
1784719794507334912,47.62614703178406,-0.003662109375,0.2731475830078125,-0.9688873291015625
1784719794517255168,47.636067152023315,0.056884765625,0.343414306640625,-0.9256134033203125
1784719794527173888,47.64598608016968,0.08294677734375,0.369659423828125,-0.8708038330078125
1784719794537094144,47.655906200408936,0.0977630615234375,0.3110198974609375,-0.960113525390625
1784719794547013888,47.665826082229614,0.05816650390625,0.2445526123046875,-1.05853271484375
1784719794556934144,47.67574620246887,0.0038299560546875,0.249267578125,-1.0588531494140625
1784719794566853120,47.685665130615234,-0.0427398681640625,0.2291107177734375,-1.012664794921875
1784719794576772864,47.69558501243591,-0.0737762451171875,0.16522216796875,-0.9580841064453125
1784719794586693120,47.70550513267517,-0.03558349609375,0.1193389892578125,-0.9190216064453125
1784719794596612864,47.71542501449585,0.0356292724609375,0.10797119140625,-0.9098968505859375
1784719794606533120,47.72534513473511,0.0461578369140625,0.203399658203125,-0.8957977294921875
1784719794616452096,47.73526406288147,0.0564422607421875,0.2806243896484375,-0.886688232421875
1784719794626372096,47.74518418312073,0.098907470703125,0.246795654296875,-0.889251708984375
1784719794636292096,47.755104064941406,0.1103668212890625,0.27642822265625,-0.9201507568359375
1784719794646212096,47.765024185180664,0.076995849609375,0.32244873046875,-0.9609527587890625
1784719794656131072,47.774943113327026,0.00933837890625,0.3419647216796875,-1.001739501953125
1784719794666051072,47.784863233566284,-0.0213623046875,0.3526611328125,-1.04949951171875
1784719794675971072,47.79478311538696,0.024627685546875,0.3395233154296875,-1.0966949462890625
1784719794685891072,47.80470323562622,0.0847015380859375,0.333251953125,-1.15081787109375
1784719794695810048,47.81462216377258,0.0993804931640625,0.3462371826171875,-1.2077178955078125
1784719794705730048,47.82454204559326,0.0863037109375,0.3262786865234375,-1.239593505859375
1784719794715650048,47.83446216583252,0.0828857421875,0.2700042724609375,-1.2097320556640625
1784719794725570048,47.8443820476532,0.0843505859375,0.235748291015625,-1.1767425537109375
1784719794735489024,47.85430121421814,0.089752197265625,0.2745819091796875,-1.1573638916015625
1784719794745409024,47.86422109603882,0.1103057861328125,0.347808837890625,-1.1194610595703125
1784719794755329024,47.874141216278076,0.1542205810546875,0.37261962890625,-1.0683441162109375
1784719794765249280,47.884061336517334,0.2112579345703125,0.3679962158203125,-1.0339813232421875
1784719794775169024,47.89398121833801,0.2532196044921875,0.3779296875,-1.0164642333984375
1784719794785088256,47.903900384902954,0.27093505859375,0.4296722412109375,-1.0029144287109375
1784719794795008256,47.91382026672363,0.2668914794921875,0.477630615234375,-0.9915924072265625
1784719794804928256,47.92374038696289,0.2450714111328125,0.539520263671875,-0.9813690185546875
1784719794814848256,47.93366026878357,0.227294921875,0.5706024169921875,-0.9597625732421875
1784719794824767232,47.94357943534851,0.2308349609375,0.5492401123046875,-0.9495849609375
1784719794834687232,47.95349931716919,0.239013671875,0.567657470703125,-0.9667816162109375
1784719794844607232,47.96341943740845,0.21881103515625,0.69091796875,-0.9574127197265625
1784719794854527232,47.973339319229126,0.169586181640625,0.7335205078125,-0.9380645751953125
1784719794864446208,47.98325824737549,0.1014556884765625,0.711517333984375,-0.851531982421875
1784719794874366208,47.993178367614746,0.0779876708984375,0.6388397216796875,-0.8270416259765625
1784719794884286208,48.003098249435425,0.0768280029296875,0.56591796875,-0.870147705078125
1784719794894206208,48.01301836967468,0.0756683349609375,0.4858245849609375,-0.9398345947265625
1784719794904126208,48.02293825149536,0.0523681640625,0.3920135498046875,-0.941009521484375
1784719794914045440,48.0328574180603,0.0311126708984375,0.2443695068359375,-0.89544677734375
1784719794923965184,48.04277729988098,-0.0111083984375,0.0842437744140625,-0.7779083251953125
1784719794933885440,48.05269742012024,-0.0946044921875,-0.04425048828125,-0.6790008544921875
1784719794943805184,48.06261730194092,-0.1544952392578125,-0.0990142822265625,-0.6231536865234375
1784719794953724160,48.07253623008728,-0.2367401123046875,0.095306396484375,-0.76544189453125
1784719794963644160,48.08245635032654,-0.2648468017578125,0.452789306640625,-1.0590362548828125
1784719794973564160,48.09237623214722,-0.1825714111328125,0.35467529296875,-1.228851318359375
1784719794983484160,48.102296352386475,-0.1601104736328125,-0.043121337890625,-0.8703765869140625
1784719794993403136,48.11221528053284,-0.20404052734375,-0.5585479736328125,-0.7291259765625
1784719795003323392,48.122135400772095,-0.302154541015625,-0.7666778564453125,-0.6299896240234375
1784719795013243136,48.13205528259277,-0.3657073974609375,-0.762603759765625,-0.638427734375
1784719795023163392,48.14197540283203,-0.3345489501953125,-0.6729736328125,-0.6746673583984375
1784719795033083136,48.15189528465271,-0.2691802978515625,-0.587249755859375,-0.755523681640625
1784719795043002112,48.16181421279907,-0.22509765625,-0.4782867431640625,-0.885223388671875
1784719795052922368,48.17173433303833,-0.228607177734375,-0.346954345703125,-0.9845123291015625
1784719795062842112,48.18165421485901,-0.2692108154296875,-0.19671630859375,-0.93988037109375
1784719795072762368,48.19157433509827,-0.2490234375,-0.0391082763671875,-0.8790740966796875
1784719795082681088,48.20149326324463,-0.18914794921875,0.1047210693359375,-0.8515167236328125
1784719795092601344,48.21141338348389,-0.1228790283203125,0.2199554443359375,-0.8336029052734375
1784719795102521088,48.221333265304565,-0.0787506103515625,0.2644500732421875,-0.8169708251953125
1784719795112441344,48.23125338554382,-0.0593109130859375,0.26422119140625,-0.82550048828125
1784719795122360320,48.241172313690186,-0.1164398193359375,0.352630615234375,-0.8915252685546875
1784719795132280320,48.25109243392944,-0.2149200439453125,0.514892578125,-1.0037078857421875
1784719795142200320,48.26101231575012,-0.2564239501953125,0.5706024169921875,-1.028289794921875
1784719795152120320,48.27093243598938,-0.20428466796875,0.2394866943359375,-0.95953369140625
1784719795162039296,48.28085136413574,-0.1817474365234375,-0.181365966796875,-0.943359375
1784719795171959040,48.29077124595642,-0.1598968505859375,-0.20635986328125,-0.8788909912109375
1784719795181879296,48.30069136619568,-0.0643157958984375,-0.1131439208984375,-0.9917144775390625
1784719795191799040,48.31061124801636,0.0602264404296875,-0.1845245361328125,-1.1052398681640625
1784719795201719296,48.320531368255615,-0.09344482421875,-0.15484619140625,-1.0266265869140625
1784719795211638272,48.33045029640198,-0.200927734375,0.0654144287109375,-0.9396820068359375
1784719795221558272,48.340370416641235,-0.291839599609375,0.2454376220703125,-0.8857421875
1784719795231478272,48.350290298461914,-0.2800445556640625,0.2066802978515625,-0.85955810546875
1784719795241398272,48.36021041870117,-0.2505950927734375,0.0502777099609375,-0.80316162109375
1784719795251317248,48.370129346847534,-0.2848052978515625,-0.005401611328125,-0.7718353271484375
1784719795261237248,48.38004922866821,-0.33447265625,0.0348052978515625,-0.7782745361328125
1784719795271157248,48.38996934890747,-0.3225555419921875,0.099517822265625,-0.7450714111328125
1784719795281077248,48.39988923072815,-0.2786865234375,0.050933837890625,-0.73968505859375
1784719795290996224,48.40980839729309,-0.2577056884765625,-0.1074066162109375,-0.7337493896484375
1784719795300916224,48.41972827911377,-0.263336181640625,-0.2259521484375,-0.784637451171875
1784719795310836224,48.42964839935303,-0.236724853515625,-0.164031982421875,-0.813690185546875
1784719795320756224,48.439568281173706,-0.1910400390625,-0.022216796875,-0.8947906494140625
1784719795330675456,48.44948744773865,-0.1517181396484375,0.16912841796875,-1.006500244140625
1784719795340595200,48.459407329559326,-0.1055145263671875,0.3708648681640625,-1.0995025634765625
1784719795350515456,48.469327449798584,-0.04248046875,0.5510101318359375,-1.146453857421875
1784719795360435200,48.47924733161926,0.0153350830078125,0.6837615966796875,-1.2217559814453125
1784719795370354176,48.489166259765625,0.048065185546875,0.8028564453125,-1.2618865966796875
1784719795380274176,48.49908638000488,0.046966552734375,0.896759033203125,-1.2785186767578125
1784719795390194176,48.50900626182556,0.0633087158203125,0.8914031982421875,-1.2551116943359375
1784719795400114176,48.51892638206482,-0.013092041015625,0.7767486572265625,-1.1292877197265625
1784719795410034176,48.5288462638855,-0.1331787109375,0.7089385986328125,-1.043792724609375
1784719795419953408,48.53876543045044,-0.1714630126953125,0.704132080078125,-0.9515228271484375
1784719795429873152,48.54868531227112,-0.1572723388671875,0.696746826171875,-0.930908203125
1784719795439793408,48.558605432510376,-0.0837249755859375,0.7404022216796875,-0.9172515869140625
1784719795449713152,48.568525314331055,-0.0197296142578125,0.8696136474609375,-0.8772430419921875
1784719795459632128,48.57844424247742,-0.014556884765625,1.0501861572265625,-0.8580780029296875
1784719795469552384,48.588364362716675,-0.0351715087890625,1.197174072265625,-0.8368988037109375
1784719795479472128,48.59828424453735,0.6630859375,0.95245361328125,-0.7688751220703125
1784719795489392384,48.60820436477661,0.1728515625,0.71405029296875,-0.44818115234375
1784719795499311104,48.618123292922974,-0.12957763671875,0.6856231689453125,-0.4697418212890625
1784719795509231360,48.62804341316223,-0.0254364013671875,0.4285736083984375,-0.3921661376953125
1784719795519151104,48.63796329498291,-0.321075439453125,0.467437744140625,-0.195465087890625
1784719795529071360,48.64788341522217,0.367340087890625,0.28369140625,-0.3929901123046875
1784719795538990336,48.65780234336853,0.027801513671875,0.788970947265625,-0.415283203125
1784719795548910080,48.66772222518921,-0.095947265625,0.7860870361328125,-0.5364837646484375
1784719795558830336,48.67764234542847,-0.4234771728515625,0.7270050048828125,-0.469818115234375
1784719795568750080,48.687562227249146,-0.378143310546875,0.731109619140625,-0.5591278076171875
1784719795578669312,48.69748139381409,-0.11114501953125,0.6912994384765625,-0.4224700927734375
1784719795588589312,48.707401275634766,0.44183349609375,0.3685302734375,-0.4698638916015625
1784719795598509312,48.71732139587402,0.6412506103515625,0.459075927734375,-0.617340087890625
1784719795608429312,48.7272412776947,0.4167327880859375,0.7569732666015625,-0.662353515625
1784719795618349312,48.73716139793396,0.2016143798828125,0.846923828125,-0.7619171142578125
1784719795628268288,48.74708032608032,0.0815887451171875,0.848388671875,-0.7940521240234375
1784719795638188288,48.75700044631958,0.1131744384765625,0.8068084716796875,-0.7909698486328125
1784719795648108288,48.76692032814026,0.2236785888671875,0.7619781494140625,-0.789520263671875
1784719795658028288,48.77684044837952,0.3679962158203125,0.67169189453125,-0.7475738525390625
1784719795667947264,48.78675937652588,0.2300567626953125,0.6911773681640625,-0.778045654296875
1784719795677867264,48.79667925834656,-0.0618896484375,0.8571319580078125,-0.8275299072265625
1784719795687787264,48.806599378585815,0.6219940185546875,0.5452117919921875,-0.7608795166015625
1784719795697707264,48.816519260406494,0.14019775390625,0.7042694091796875,-0.7464141845703125
1784719795707626240,48.826438426971436,-0.2778778076171875,0.774810791015625,-0.8578338623046875
1784719795717546240,48.836358308792114,-0.36212158203125,0.647979736328125,-0.758697509765625
1784719795727466240,48.84627842903137,-0.1429290771484375,0.5384979248046875,-0.571502685546875
1784719795737386240,48.85619831085205,0.0294036865234375,0.5049591064453125,-0.4969024658203125
1784719795747305216,48.86611723899841,-0.010040283203125,0.6529541015625,-0.5487060546875
1784719795757225216,48.87603735923767,0.1725616455078125,0.728271484375,-0.650421142578125
1784719795767144704,48.88595676422119,0.2031402587890625,0.81072998046875,-0.670318603515625
1784719795777064704,48.89587688446045,0.002197265625,0.8205108642578125,-0.701995849609375
1784719795786983680,48.90579581260681,-0.060882568359375,0.7410125732421875,-0.68829345703125
1784719795796903936,48.91571593284607,0.1275482177734375,0.6995849609375,-0.581939697265625
1784719795806823680,48.92563581466675,0.044281005859375,0.6904449462890625,-0.5653533935546875
1784719795816743936,48.935555934906006,-0.23114013671875,0.722198486328125,-0.5678253173828125
1784719795826663680,48.945475816726685,-0.316741943359375,0.8804931640625,-0.543243408203125
1784719795836582912,48.955394983291626,-0.1785430908203125,1.020538330078125,-0.6424713134765625
1784719795846502656,48.965314865112305,-0.2129058837890625,1.0799713134765625,-0.6772613525390625
1784719795856422912,48.97523498535156,-0.294891357421875,0.981353759765625,-0.6498565673828125
1784719795866342656,48.98515486717224,-0.21844482421875,0.90777587890625,-0.6717071533203125
1784719795876261632,48.9950737953186,-0.0279083251953125,0.8236083984375,-0.7344970703125
1784719795886181888,49.00499391555786,0.0889129638671875,0.6792755126953125,-0.6981353759765625
1784719795896101632,49.01491379737854,-0.044464111328125,0.627716064453125,-0.6427001953125
1784719795906021888,49.0248339176178,-0.10382080078125,0.5935516357421875,-0.6678924560546875
1784719795915940864,49.03475284576416,-0.006378173828125,0.5698089599609375,-0.697784423828125
1784719795925860864,49.04467296600342,0.0728302001953125,0.54693603515625,-0.7009429931640625
1784719795935780864,49.0545928478241,0.0802459716796875,0.526611328125,-0.7089385986328125
1784719795945700864,49.064512968063354,0.065460205078125,0.5357208251953125,-0.7303009033203125
1784719795955619840,49.07443189620972,0.02032470703125,0.6160125732421875,-0.744110107421875
1784719795965539584,49.084351778030396,0.029876708984375,0.6624603271484375,-0.78033447265625
1784719795975459840,49.09427189826965,0.0841064453125,0.6428680419921875,-0.80096435546875
1784719795985379584,49.10419178009033,0.0968780517578125,0.5549163818359375,-0.78875732421875
1784719795995298816,49.11411094665527,0.1210784912109375,0.492767333984375,-0.7807464599609375
1784719796005218816,49.12403082847595,0.1089019775390625,0.5074615478515625,-0.7882537841796875
1784719796015138816,49.13395094871521,0.039276123046875,0.5672607421875,-0.8071441650390625
1784719796025058816,49.14387083053589,-0.000244140625,0.63140869140625,-0.809478759765625
1784719796034977792,49.15378975868225,-0.00872802734375,0.6678466796875,-0.801849365234375
1784719796044897792,49.16370987892151,0.0279998779296875,0.6448516845703125,-0.7726593017578125
1784719796054817792,49.17362976074219,0.02099609375,0.63250732421875,-0.78887939453125
1784719796064737792,49.183549880981445,0.01007080078125,0.6890106201171875,-0.7944793701171875
1784719796074657792,49.193469762802124,0.0468292236328125,0.6923980712890625,-0.8103179931640625
1784719796084576768,49.203388929367065,0.056976318359375,0.6607666015625,-0.846343994140625
1784719796094496768,49.213308811187744,0.0674591064453125,0.642425537109375,-0.85882568359375
1784719796104416768,49.223228931427,0.0804443359375,0.6082916259765625,-0.860687255859375
1784719796114336768,49.23314881324768,0.10211181640625,0.594879150390625,-0.8478546142578125
1784719796124256000,49.24306797981262,0.08856201171875,0.615936279296875,-0.83477783203125
1784719796134175744,49.2529878616333,0.0650482177734375,0.6558074951171875,-0.8303070068359375
1784719796144096000,49.26290798187256,0.033599853515625,0.6852264404296875,-0.8444671630859375
1784719796154015744,49.27282786369324,0.0380096435546875,0.680206298828125,-0.8221282958984375
1784719796163934720,49.2827467918396,0.0349578857421875,0.639129638671875,-0.7969512939453125
1784719796173854720,49.29266691207886,0.0205230712890625,0.625701904296875,-0.7885589599609375
1784719796183774720,49.302586793899536,-0.00390625,0.635223388671875,-0.765350341796875
1784719796193694720,49.312506914138794,-0.044403076171875,0.63861083984375,-0.7565460205078125
1784719796203613696,49.322425842285156,-0.051116943359375,0.657928466796875,-0.7313079833984375
1784719796213533952,49.332345962524414,-0.0579071044921875,0.6806488037109375,-0.7081756591796875
1784719796223453696,49.34226584434509,-0.02996826171875,0.6944122314453125,-0.7068634033203125
1784719796233373952,49.35218596458435,-0.029632568359375,0.6940460205078125,-0.7021636962890625
1784719796243292928,49.36210489273071,-0.0380401611328125,0.66571044921875,-0.692138671875
1784719796253212672,49.37202477455139,-0.0307769775390625,0.6778717041015625,-0.7058258056640625
1784719796263132928,49.38194489479065,-0.0171051025390625,0.7053985595703125,-0.70953369140625
1784719796273052672,49.39186477661133,-0.0040283203125,0.6982421875,-0.6962890625
1784719796282971904,49.40178394317627,0.008087158203125,0.6778717041015625,-0.6974945068359375
1784719796292891648,49.41170382499695,0.0130767822265625,0.6669158935546875,-0.695526123046875
1784719796302811904,49.421623945236206,0.01031494140625,0.6350860595703125,-0.69940185546875
1784719796312731648,49.431543827056885,-0.00714111328125,0.6073455810546875,-0.6961517333984375
1784719796322650624,49.44146275520325,-0.0187225341796875,0.626068115234375,-0.697509765625
1784719796332570880,49.451382875442505,-0.0172271728515625,0.6731719970703125,-0.7058563232421875
1784719796342490624,49.461302757263184,0.0136260986328125,0.7199249267578125,-0.7040557861328125
1784719796352410880,49.47122287750244,0.02178955078125,0.7494964599609375,-0.7276763916015625
1784719796362330624,49.48114275932312,0.0346832275390625,0.7417449951171875,-0.7266693115234375
1784719796372249856,49.49106192588806,0.015167236328125,0.6696014404296875,-0.72808837890625
1784719796382169600,49.50098180770874,0.014251708984375,0.6012420654296875,-0.728485107421875
1784719796392089856,49.510901927948,-0.013519287109375,0.56890869140625,-0.7061767578125
1784719796402009600,49.52082180976868,-0.0296630859375,0.5849609375,-0.7039947509765625
1784719796411928832,49.53074097633362,-0.00714111328125,0.6198577880859375,-0.7303009033203125
1784719796421848832,49.5406608581543,0.0218048095703125,0.6645355224609375,-0.7347564697265625
1784719796431768832,49.550580978393555,0.0623626708984375,0.698944091796875,-0.7308197021484375
1784719796441688832,49.56050086021423,0.05731201171875,0.688568115234375,-0.7212066650390625
1784719796451607808,49.570419788360596,0.02508544921875,0.6485595703125,-0.697021484375
1784719796461527808,49.58033990859985,-0.00103759765625,0.625213623046875,-0.6854400634765625
1784719796471447808,49.59025979042053,-0.0125885009765625,0.60809326171875,-0.7003631591796875
1784719796481367808,49.60017991065979,0.0084075927734375,0.6027374267578125,-0.690765380859375
1784719796491286784,49.61009883880615,-0.0321044921875,0.76824951171875,-0.7387237548828125
1784719796501206784,49.62001895904541,-0.0334625244140625,0.785491943359375,-0.7616729736328125
1784719796511126784,49.62993884086609,-0.007720947265625,0.7481536865234375,-0.73870849609375
1784719796521046784,49.63985896110535,-0.0172271728515625,0.6907196044921875,-0.7366180419921875
1784719796530965760,49.64977788925171,-0.0445556640625,0.6436614990234375,-0.745269775390625
1784719796540885760,49.65969777107239,-0.046844482421875,0.609405517578125,-0.7772979736328125
1784719796550805760,49.669617891311646,-0.007537841796875,0.598419189453125,-0.8059234619140625
1784719796560725760,49.679537773132324,0.0296173095703125,0.6063995361328125,-0.83441162109375
1784719796570644736,49.689456939697266,0.03643798828125,0.6395416259765625,-0.8607330322265625
1784719796580564736,49.699376821517944,0.0060882568359375,0.712738037109375,-0.8557281494140625
1784719796590484736,49.7092969417572,-0.052215576171875,0.7461700439453125,-0.8410186767578125
1784719796600404736,49.71921682357788,-0.0700531005859375,0.7547149658203125,-0.8049774169921875
1784719796610323968,49.72913599014282,-0.05474853515625,0.747711181640625,-0.77374267578125
1784719796620243712,49.7390558719635,-0.0406036376953125,0.7285614013671875,-0.7538604736328125
1784719796630163968,49.74897599220276,-0.0531463623046875,0.6877593994140625,-0.736358642578125
1784719796640083712,49.75889587402344,-0.052825927734375,0.6480255126953125,-0.7256927490234375
1784719796650003712,49.768815755844116,-0.01153564453125,0.64849853515625,-0.756134033203125
1784719796659922944,49.77873492240906,0.016021728515625,0.651519775390625,-0.76910400390625
1784719796669842688,49.788654804229736,0.0399627685546875,0.6089630126953125,-0.7710723876953125
1784719796679762944,49.798574924468994,0.0535125732421875,0.5949249267578125,-0.750701904296875
1784719796689682688,49.80849480628967,0.0505523681640625,0.6182098388671875,-0.7293243408203125
1784719796699601920,49.818413972854614,0.0347442626953125,0.6282958984375,-0.707733154296875
1784719796709521664,49.82833385467529,0.0129547119140625,0.6173095703125,-0.687835693359375
1784719796719441920,49.83825397491455,-0.037445068359375,0.632843017578125,-0.6786956787109375
1784719796729361664,49.84817385673523,-0.055511474609375,0.6634521484375,-0.6935272216796875
1784719796739280640,49.85809278488159,-0.045166015625,0.6743621826171875,-0.729339599609375
1784719796749200896,49.86801290512085,-0.0379486083984375,0.6990966796875,-0.7382965087890625
1784719796759120640,49.87793278694153,-0.0268707275390625,0.676025390625,-0.7456817626953125
1784719796769039872,49.88785195350647,0.00390625,0.6869049072265625,-0.7446746826171875
1784719796778958848,49.89777088165283,-0.0070648193359375,0.6613922119140625,-0.71807861328125
1784719796788878848,49.90769100189209,-0.002166748046875,0.6592254638671875,-0.6999969482421875
1784719796798798848,49.91761088371277,0.015167236328125,0.6640472412109375,-0.6888885498046875
1784719796808718848,49.927531003952026,0.031463623046875,0.69281005859375,-0.698150634765625
1784719796818637824,49.93744993209839,0.02587890625,0.7403717041015625,-0.6998291015625
1784719796828558080,49.94737005233765,0.016693115234375,0.763214111328125,-0.70196533203125
1784719796838477824,49.957289934158325,-0.004974365234375,0.7767791748046875,-0.70574951171875
1784719796848398080,49.96721005439758,-0.0219573974609375,0.7736358642578125,-0.7137603759765625
1784719796858316800,49.977128982543945,-0.041534423828125,0.722137451171875,-0.70172119140625
1784719796868236800,49.987048864364624,-0.072479248046875,0.6738433837890625,-0.6949005126953125
1784719796878156800,49.99696898460388,-0.0703125,0.6847381591796875,-0.7077484130859375
1784719796888076800,50.00688886642456,-0.0477447509765625,0.7128753662109375,-0.71490478515625
1784719796897996032,50.0168080329895,-0.0197601318359375,0.7201385498046875,-0.7020263671875
1784719796907915776,50.02672791481018,-0.0101318359375,0.7141876220703125,-0.695892333984375
1784719796917836032,50.03664803504944,-0.02581787109375,0.7122650146484375,-0.693572998046875
1784719796927755776,50.04656791687012,-0.0477447509765625,0.704803466796875,-0.6933135986328125
1784719796937674752,50.05648684501648,-0.0840606689453125,0.6805419921875,-0.7071380615234375
1784719796947595008,50.06640696525574,-0.097198486328125,0.6501922607421875,-0.71588134765625
1784719796957514752,50.076326847076416,-0.0752105712890625,0.6348724365234375,-0.7508087158203125
1784719796967435008,50.086246967315674,-0.0144805908203125,0.6614990234375,-0.7751922607421875
1784719796977353728,50.096165895462036,0.01605224609375,0.6662445068359375,-0.7503814697265625
1784719796987273984,50.106086015701294,0.0132904052734375,0.64654541015625,-0.7119293212890625
1784719796997193728,50.11600589752197,0.0155487060546875,0.6398162841796875,-0.6809844970703125
1784719797007113984,50.12592601776123,0.005126953125,0.6388702392578125,-0.6681060791015625
1784719797017033728,50.13584589958191,-0.0362548828125,0.621734619140625,-0.675445556640625
1784719797026952960,50.14576506614685,-0.0454254150390625,0.653839111328125,-0.7075958251953125
1784719797036872960,50.15568494796753,-0.0329132080078125,0.70989990234375,-0.750457763671875
1784719797046792960,50.16560506820679,-0.0338287353515625,0.7240753173828125,-0.760345458984375
1784719797056712960,50.175524950027466,-0.0218658447265625,0.7033843994140625,-0.7637176513671875
1784719797066631680,50.18544387817383,-0.009796142578125,0.6687774658203125,-0.7521820068359375
1784719797076551936,50.195363998413086,-0.019073486328125,0.6255645751953125,-0.7438201904296875
1784719797086471680,50.205283880233765,-0.0419769287109375,0.6029052734375,-0.732269287109375
1784719797096391936,50.21520400047302,-0.049468994140625,0.596893310546875,-0.7337646484375
1784719797106310912,50.225122928619385,-0.029541015625,0.617767333984375,-0.7499847412109375
1784719797116230912,50.23504304885864,-0.0074005126953125,0.667510986328125,-0.7673187255859375
1784719797126150912,50.24496293067932,0.02301025390625,0.7293853759765625,-0.775054931640625
1784719797136070912,50.25488305091858,0.0285797119140625,0.7537078857421875,-0.7678985595703125
1784719797145989888,50.26480197906494,0.005523681640625,0.741302490234375,-0.752471923828125
1784719797155909888,50.27472186088562,-0.0272369384765625,0.6929473876953125,-0.7373046875
1784719797165829888,50.28464198112488,-0.0654144287109375,0.6601104736328125,-0.7276458740234375
1784719797175749888,50.29456186294556,-0.0716705322265625,0.6370697021484375,-0.729339599609375
1784719797185668864,50.3044810295105,-0.0759124755859375,0.62646484375,-0.7215423583984375
1784719797195588864,50.31440091133118,-0.088897705078125,0.652191162109375,-0.720245361328125
1784719797205508864,50.324321031570435,-0.0552520751953125,0.6833343505859375,-0.7259063720703125
1784719797215428864,50.33424091339111,-0.020233154296875,0.6902923583984375,-0.7288970947265625
1784719797225347840,50.344159841537476,-0.0162506103515625,0.6876373291015625,-0.740570068359375
1784719797235267840,50.35407996177673,-0.0310821533203125,0.68896484375,-0.74566650390625
1784719797245187840,50.36399984359741,-0.0530548095703125,0.671905517578125,-0.7487335205078125
1784719797255107840,50.37391996383667,-0.07220458984375,0.6524810791015625,-0.75347900390625
1784719797265026816,50.38383889198303,-0.0779571533203125,0.64178466796875,-0.75653076171875
1784719797274946816,50.39375901222229,-0.0840606689453125,0.6428375244140625,-0.755035400390625
1784719797284866816,50.40367889404297,-0.0883636474609375,0.6651611328125,-0.747833251953125
1784719797294786816,50.41359901428223,-0.08447265625,0.682373046875,-0.7545166015625
1784719797304705792,50.42351794242859,-0.082305908203125,0.6797027587890625,-0.7594146728515625
1784719797314626048,50.43343806266785,-0.0760345458984375,0.6711578369140625,-0.7580413818359375
1784719797324545792,50.443357944488525,-0.074554443359375,0.6893768310546875,-0.7669677734375
1784719797334466048,50.45327806472778,-0.0538330078125,0.7010498046875,-0.779052734375
1784719797344385024,50.463196992874146,-0.014678955078125,0.697479248046875,-0.767486572265625
1784719797354304768,50.473116874694824,-0.0003204345703125,0.6927032470703125,-0.7368011474609375
1784719797364225024,50.48303699493408,-0.0019683837890625,0.6857757568359375,-0.698577880859375
1784719797374144768,50.49295687675476,-0.006988525390625,0.6342926025390625,-0.680511474609375
1784719797384064000,50.5028760433197,-0.044281005859375,0.6197509765625,-0.674896240234375
1784719797393983744,50.51279592514038,-0.0659332275390625,0.634674072265625,-0.6931304931640625
1784719797403904000,50.52271604537964,-0.061279296875,0.6335906982421875,-0.7255706787109375
1784719797413823744,50.53263592720032,-0.0311431884765625,0.6446533203125,-0.755126953125
1784719797423742720,50.54255485534668,-0.0050201416015625,0.665618896484375,-0.7762908935546875
1784719797433662976,50.55247497558594,0.0171051025390625,0.672149658203125,-0.7891693115234375
1784719797443582720,50.562394857406616,-0.0001068115234375,0.6778717041015625,-0.7579193115234375
1784719797453502976,50.572314977645874,-0.0378570556640625,0.6799774169921875,-0.732757568359375
1784719797463421696,50.582233905792236,-0.041351318359375,0.6783294677734375,-0.713287353515625
1784719797473341952,50.592154026031494,-0.04052734375,0.679779052734375,-0.6996612548828125
1784719797483261696,50.60207390785217,-0.033966064453125,0.6870880126953125,-0.695770263671875
1784719797493181952,50.61199402809143,-0.029937744140625,0.6924285888671875,-0.703033447265625
1784719797503101952,50.62191390991211,-0.01171875,0.69970703125,-0.7009124755859375
1784719797513020672,50.63183283805847,0.00177001953125,0.6809234619140625,-0.7032623291015625
1784719797522940928,50.64175295829773,-0.0239105224609375,0.6567535400390625,-0.698150634765625
1784719797532860672,50.65167284011841,-0.06597900390625,0.650238037109375,-0.705718994140625
1784719797542780928,50.661592960357666,-0.0878753662109375,0.66522216796875,-0.7218170166015625
1784719797552699904,50.67151188850403,-0.090545654296875,0.6817169189453125,-0.7333984375
1784719797562619904,50.681432008743286,-0.097747802734375,0.682159423828125,-0.7372589111328125
1784719797572539904,50.691351890563965,-0.0869140625,0.68939208984375,-0.7392578125
1784719797582459904,50.70127201080322,-0.0987091064453125,0.7043914794921875,-0.7298583984375
1784719797592378880,50.711190938949585,-0.1035003662109375,0.6931915283203125,-0.7146759033203125
1784719797602298880,50.72111105918884,-0.1081695556640625,0.6845855712890625,-0.7154998779296875
1784719797612218880,50.73103094100952,-0.1240386962890625,0.6844635009765625,-0.72808837890625
1784719797622138880,50.74095106124878,-0.112030029296875,0.7002410888671875,-0.740692138671875
1784719797632057856,50.75086998939514,-0.0905303955078125,0.7200927734375,-0.7426300048828125
1784719797641977856,50.76078987121582,-0.0698394775390625,0.7303466796875,-0.731964111328125
1784719797651897856,50.77070999145508,-0.0567474365234375,0.7092742919921875,-0.72479248046875
1784719797661817856,50.78062987327576,-0.040374755859375,0.6732635498046875,-0.7111358642578125
1784719797671736832,50.7905490398407,-0.0295867919921875,0.64434814453125,-0.714630126953125
1784719797681656832,50.80046892166138,-0.0406036376953125,0.6286163330078125,-0.7285919189453125
1784719797691576832,50.810389041900635,-0.06134033203125,0.6294708251953125,-0.7425537109375
1784719797701496832,50.82030892372131,-0.083343505859375,0.637237548828125,-0.756500244140625
1784719797711415808,50.830227851867676,-0.0858001708984375,0.6724090576171875,-0.7657623291015625
1784719797721335808,50.840147972106934,-0.081878662109375,0.7120361328125,-0.777374267578125
1784719797731255808,50.85006785392761,-0.080169677734375,0.709136962890625,-0.758514404296875
1784719797741175808,50.85998797416687,-0.092620849609375,0.686065673828125,-0.7294921875
1784719797751094784,50.86990690231323,-0.0974884033203125,0.656829833984375,-0.7078857421875
1784719797761015040,50.87982702255249,-0.0946197509765625,0.642547607421875,-0.682647705078125
1784719797770935040,50.88974714279175,-0.0833892822265625,0.62591552734375,-0.6514129638671875
1784719797780855296,50.899667263031006,-0.05181884765625,0.68359375,-0.6553497314453125
1784719797790774016,50.90958619117737,-0.0127716064453125,0.7314300537109375,-0.6693267822265625
1784719797800694272,50.919506311416626,-0.004302978515625,0.7354736328125,-0.7040863037109375
1784719797810614016,50.929426193237305,-0.0059814453125,0.73541259765625,-0.725494384765625
1784719797820534272,50.93934631347656,-0.0269775390625,0.6920928955078125,-0.7346343994140625
1784719797830453248,50.949265241622925,-0.0369110107421875,0.665069580078125,-0.728363037109375
1784719797840372992,50.9591851234436,-0.0340576171875,0.66265869140625,-0.718841552734375
1784719797850293248,50.96910524368286,-0.0450592041015625,0.6871490478515625,-0.7074737548828125
1784719797860212992,50.97902512550354,-0.0490570068359375,0.7225799560546875,-0.71746826171875
1784719797870132224,50.98894429206848,-0.0341949462890625,0.7476654052734375,-0.7335662841796875
1784719797880051968,50.99886417388916,-0.0261077880859375,0.739410400390625,-0.7344970703125
1784719797889972224,51.00878429412842,-0.017974853515625,0.6994476318359375,-0.7287139892578125
1784719797899891968,51.0187041759491,-0.0116119384765625,0.6904296875,-0.7565155029296875
1784719797909810944,51.02862310409546,0.0202789306640625,0.645751953125,-0.766021728515625
1784719797919731200,51.03854322433472,-0.01373291015625,0.6722412109375,-0.7639923095703125
1784719797929650944,51.048463106155396,0.01397705078125,0.7268829345703125,-0.758148193359375
1784719797939571200,51.05838322639465,0.044464111328125,0.688018798828125,-0.7166748046875
