time,seconds_elapsed,magneticBearing
1784891144701512960,0.22019410133361816,261.732421875
1784891144711431936,0.23011302947998047,261.77691650390625
1784891144721352192,0.24003314971923828,261.8494873046875
1784891144731270912,0.24995207786560059,261.9720153808594
1784891144741190912,0.2598719596862793,262.1191711425781
1784891144751110144,0.2697911262512207,262.2658386230469
1784891144761029888,0.2797110080718994,262.3759765625
1784891144770949120,0.2896301746368408,262.4233093261719
1784891144780869120,0.29955005645751953,262.42950439453125
1784891144790787840,0.30946898460388184,262.4052429199219
1784891144800708096,0.31938910484313965,262.37353515625
1784891144810627072,0.32930803298950195,262.3659973144531
1784891144820547072,0.33922815322875977,262.3770446777344
1784891144830466048,0.34914708137512207,262.4041442871094
1784891144840385792,0.3590669631958008,262.4309997558594
1784891144850305024,0.3689861297607422,262.4429016113281
1784891144860225024,0.3789060115814209,262.4376220703125
1784891144870144256,0.3888251781463623,262.4280700683594
1784891144880064000,0.398745059967041,262.4222717285156
1784891144889982976,0.4086639881134033,262.4330139160156
1784891144899902976,0.41858410835266113,262.4563293457031
1784891144909821952,0.42850303649902344,262.4840087890625
1784891144919742208,0.43842315673828125,262.5212097167969
1784891144929660928,0.44834208488464355,262.57110595703125
1784891144939580928,0.45826196670532227,262.6183776855469
1784891144949500160,0.46818113327026367,262.6729736328125
1784891144959419904,0.4781010150909424,262.7126159667969
1784891144969339136,0.4880201816558838,262.6315612792969
1784891144979259136,0.4979400634765625,262.3619689941406
1784891144989177856,0.5078589916229248,261.8580017089844
1784891144999098112,0.5177791118621826,261.0405578613281
1784891145009017088,0.5276980400085449,259.9539489746094
1784891145018937088,0.5376181602478027,258.7674865722656
1784891145028856064,0.547537088394165,253.21070861816406
1784891145038775040,0.5574560165405273,253.3795623779297
1784891145048695040,0.5673761367797852,251.9392547607422
1784891145058614016,0.5772950649261475,250.55397033691406
1784891145068534016,0.5872151851654053,249.2777862548828
1784891145078452992,0.5971341133117676,248.1933135986328
1784891145088372992,0.6070539951324463,247.3176727294922
1784891145098292224,0.6169731616973877,246.57957458496094
1784891145108211968,0.6268930435180664,246.1385040283203
1784891145118130944,0.6368119716644287,246.0050811767578
1784891145128050944,0.6467320919036865,245.8842315673828
1784891145137969920,0.6566510200500488,245.8002471923828
1784891145147890176,0.6665711402893066,245.7028350830078
1784891145157808896,0.676490068435669,245.52024841308594
1784891145167729152,0.6864101886749268,245.15086364746094
1784891145177648128,0.6963291168212891,244.9232940673828
1784891145187567872,0.7062489986419678,245.32142639160156
1784891145197487104,0.7161681652069092,245.56558227539062
1784891145207407104,0.7260880470275879,245.67393493652344
1784891145217325824,0.7360069751739502,245.79124450683594
1784891145227246080,0.745927095413208,245.8325653076172
1784891145237165056,0.7558460235595703,245.8804168701172
1784891145247085056,0.7657661437988281,246.05897521972656
1784891145257004032,0.7756850719451904,246.34400939941406
1784891145266924032,0.7856049537658691,246.7244415283203
1784891145276843008,0.7955241203308105,247.16236877441406
1784891145286763008,0.8054440021514893,247.65419006347656
1784891145296682240,0.8153631687164307,248.2283477783203
1784891145306600448,0.8252816200256348,248.9522247314453
1784891145316519424,0.8352005481719971,249.74623107910156
1784891145326439424,0.8451204299926758,250.4961700439453
1784891145336358656,0.8550395965576172,251.2138214111328
1784891145346278400,0.8649594783782959,251.93251037597656
1784891145356197632,0.8748786449432373,252.64002990722656
1784891145366117376,0.884798526763916,253.41407775878906
1784891145376036352,0.8947174549102783,254.35740661621094
1784891145385956608,0.9046375751495361,255.41465759277344
1784891145395875328,0.9145565032958984,256.4580993652344
1784891145405795584,0.9244766235351562,257.56085205078125
1784891145415714560,0.9343955516815186,258.7400817871094
1784891145425634304,0.9443154335021973,260.2726135253906
1784891145435553536,0.9542346000671387,262.01495361328125
1784891145445473536,0.9641544818878174,263.88323974609375
1784891145455392512,0.9740736484527588,265.5419006347656
1784891145465312512,0.9839935302734375,266.7143859863281
1784891145475231488,0.9939124584197998,267.7477111816406
1784891145485151488,1.0038325786590576,268.7668762207031
1784891145495070464,1.01375150680542,270.5702819824219
1784891145504990464,1.0236716270446777,272.4929504394531
1784891145514909440,1.03359055519104,273.9446105957031
1784891145524829440,1.0435104370117188,275.40045166015625
1784891145534748672,1.0534296035766602,276.981201171875
1784891145544668416,1.0633494853973389,278.5278015136719
1784891145554587392,1.0732684135437012,280.0116271972656
1784891145564507392,1.083188533782959,281.43133544921875
1784891145574426368,1.0931074619293213,282.9257507324219
1784891145584346624,1.103027582168579,284.6323547363281
1784891145594265344,1.1129465103149414,286.51971435546875
1784891145604185600,1.1228666305541992,288.50189208984375
1784891145614104576,1.1327855587005615,290.5372009277344
1784891145624024320,1.1427054405212402,292.63543701171875
1784891145633943552,1.1526246070861816,294.890380859375
1784891145643863552,1.1625444889068604,297.3500671386719
1784891145653782272,1.1724634170532227,300.02447509765625
1784891145663702528,1.1823835372924805,302.77142333984375
1784891145673621504,1.1923024654388428,305.5635681152344
1784891145683541504,1.2022225856781006,308.2452087402344
1784891145693460480,1.212141513824463,311.0985107421875
1784891145703380480,1.2220616340637207,313.8334045410156
1784891145713299456,1.231980562210083,316.3251647949219
1784891145723219456,1.2419004440307617,318.6646728515625
1784891145733138688,1.2518196105957031,320.8706970214844
1784891145743058432,1.2617394924163818,322.76275634765625
1784891145752977408,1.2716584205627441,324.36138916015625
1784891145762897408,1.281578540802002,325.56536865234375
1784891145772816384,1.2914974689483643,326.3680419921875
1784891145782736640,1.301417589187622,326.5965881347656
1784891145792655360,1.3113365173339844,326.4781494140625
1784891145802575616,1.3212566375732422,325.817138671875
1784891145812494592,1.3311755657196045,325.4853210449219
1784891145822414336,1.3410954475402832,324.69573974609375
1784891145832333568,1.3510146141052246,323.14373779296875
1784891145842253568,1.3609344959259033,320.904541015625
1784891145852172288,1.3708534240722656,318.2049255371094
1784891145862092544,1.3807735443115234,315.1615295410156
1784891145872011520,1.3906924724578857,311.8117370605469
1784891145881931520,1.4006125926971436,308.7973327636719
1784891145891850496,1.4105315208435059,305.1089172363281
1784891145901770496,1.4204516410827637,301.05731201171875
1784891145911689472,1.430370569229126,296.6576232910156
1784891145921609472,1.4402904510498047,291.92529296875
1784891145931528448,1.450209617614746,286.9794616699219
1784891145941448448,1.4601294994354248,281.7788391113281
1784891145951367424,1.470048427581787,276.3309020996094
1784891145961287424,1.479968547821045,270.7384948730469
1784891145971206400,1.4898874759674072,264.9787292480469
1784891145981126656,1.499807596206665,259.039306640625
1784891145991045376,1.5097265243530273,253.14076232910156
1784891146000965632,1.5196466445922852,247.53907775878906
1784891146010884608,1.5295655727386475,242.30105590820312
1784891146020804352,1.5394854545593262,237.28929138183594
1784891146030723584,1.5494046211242676,232.4738311767578
1784891146040643328,1.5593245029449463,227.12545776367188
1784891146050562304,1.5692434310913086,221.45274353027344
1784891146060482560,1.5791635513305664,215.5421142578125
1784891146070402304,1.5890834331512451,209.54446411132812
1784891146080321536,1.5990025997161865,203.52163696289062
1784891146090241536,1.6089224815368652,197.43655395507812
1784891146100160512,1.6188416481018066,191.22573852539062
1784891146110080512,1.6287615299224854,184.7533416748047
1784891146119999488,1.6386804580688477,178.00868225097656
1784891146129919488,1.6486005783081055,171.267578125
1784891146139838464,1.6585195064544678,162.74856567382812
1784891146149758464,1.6684396266937256,157.86683654785156
1784891146159677440,1.678358554840088,154.20797729492188
1784891146169597440,1.6882784366607666,150.15130615234375
1784891146179516672,1.698197603225708,148.23146057128906
1784891146189436416,1.7081174850463867,146.42735290527344
1784891146199355392,1.718036413192749,144.0360870361328
1784891146209275392,1.7279565334320068,140.6478729248047
1784891146219194368,1.7378754615783691,137.73011779785156
1784891146229114624,1.747795581817627,135.81942749023438
1784891146239033344,1.7577145099639893,134.9418182373047
1784891146248953600,1.767634630203247,134.71072387695312
1784891146258872576,1.7775535583496094,135.5040283203125
1784891146268792320,1.787473440170288,135.5279541015625
1784891146278711552,1.7973926067352295,135.53448486328125
1784891146288631552,1.8073124885559082,136.1938018798828
1784891146298550272,1.8172314167022705,136.92745971679688
1784891146308471040,1.8271520137786865,137.74806213378906
1784891146318390016,1.837071180343628,138.68812561035156
1784891146328310016,1.8469910621643066,139.78089904785156
1784891146338228992,1.856909990310669,141.03662109375
1784891146348148992,1.8668301105499268,142.46231079101562
1784891146358067968,1.876749038696289,144.04579162597656
1784891146367988224,1.8866691589355469,145.30630493164062
1784891146377907968,1.8965890407562256,146.47096252441406
1784891146387826944,1.906507968902588,147.6932830810547
1784891146397746944,1.9164280891418457,148.55099487304688
1784891146407665920,1.926347017288208,149.65406799316406
1784891146417586176,1.9362671375274658,150.47012329101562
1784891146427504896,1.9461860656738281,151.71446228027344
1784891146437425152,1.956106185913086,152.5371551513672
1784891146447344128,1.9660251140594482,169.18972778320312
1784891146457263872,1.975944995880127,180.63804626464844
1784891146467183104,1.9858641624450684,188.86122131347656
1784891146477103104,1.995784044265747,194.77487182617188
1784891146487021824,2.0057029724121094,194.83543395996094
1784891146496942080,2.015623092651367,195.11856079101562
1784891146506861056,2.0255420207977295,195.663818359375
1784891146516781056,2.0354621410369873,195.76475524902344
1784891146526700032,2.0453810691833496,195.89186096191406
1784891146536620032,2.0553011894226074,196.12013244628906
1784891146546539008,2.0652201175689697,196.5045623779297
1784891146556459008,2.0751399993896484,196.78897094726562
1784891146566378240,2.08505916595459,196.94692993164062
1784891146576297984,2.0949790477752686,197.30552673339844
1784891146586216960,2.104897975921631,197.3396453857422
1784891146596136960,2.1148180961608887,197.45420837402344
1784891146606056960,2.1247379779815674,197.71131896972656
1784891146615976192,2.134657144546509,197.9258575439453
1784891146625895936,2.1445770263671875,198.17184448242188
1784891146635814912,2.15449595451355,198.36788940429688
1784891146645734912,2.1644160747528076,198.49232482910156
1784891146655653888,2.17433500289917,198.6295166015625
1784891146665574144,2.1842551231384277,198.65089416503906
1784891146675493120,2.19417405128479,198.8270721435547
1784891146685413120,2.204094171524048,198.934814453125
1784891146695332096,2.21401309967041,199.1103515625
1784891146705251840,2.223932981491089,199.1781005859375
1784891146715171072,2.2338521480560303,199.23036193847656
1784891146725091072,2.243772029876709,199.31005859375
1784891146735009792,2.2536909580230713,199.22412109375
1784891146744930048,2.263611078262329,199.18983459472656
1784891146754849024,2.2735300064086914,199.08450317382812
1784891146764769024,2.283450126647949,198.95574951171875
1784891146774688000,2.2933690547943115,198.86880493164062
1784891146784608000,2.3032891750335693,198.7813720703125
1784891146794528000,2.313209056854248,198.72695922851562
1784891146804446976,2.3231279850006104,198.70068359375
1784891146814366976,2.333048105239868,198.72085571289062
1784891146824285952,2.3429670333862305,198.78224182128906
1784891146834206208,2.3528871536254883,198.85321044921875
1784891146844124928,2.3628060817718506,198.9110107421875
1784891146854044928,2.3727259635925293,199.0027313232422
1784891146863964160,2.3826451301574707,199.14089965820312
1784891146873883904,2.3925650119781494,199.29205322265625
1784891146883803136,2.402484178543091,199.4237060546875
1784891146893723136,2.4124040603637695,199.5144500732422
1784891146903641856,2.422322988510132,199.60377502441406
1784891146913562112,2.4322431087493896,199.65249633789062
1784891146923481088,2.442162036895752,199.67337036132812
1784891146933401088,2.4520821571350098,199.7095947265625
1784891146943320064,2.462001085281372,199.74989318847656
1784891146953239808,2.471920967102051,199.776123046875
1784891146963160064,2.4818410873413086,199.73756408691406
1784891146973079040,2.491760015487671,199.77584838867188
1784891146982999040,2.5016801357269287,199.83216857910156
1784891146992918016,2.511599063873291,199.79473876953125
1784891147002838016,2.521519184112549,199.80621337890625
1784891147012756992,2.531438112258911,199.7715606689453
1784891147022676992,2.54135799407959,199.8086395263672
1784891147032596224,2.5512771606445312,199.8350830078125
1784891147042515968,2.56119704246521,199.9344940185547
1784891147052434944,2.5711159706115723,199.9204864501953
1784891147062354944,2.58103609085083,199.97183227539062
1784891147072273920,2.5909550189971924,200.05824279785156
1784891147082194176,2.60087513923645,200.12149047851562
1784891147092112896,2.6107940673828125,200.1366729736328
1784891147102033152,2.6207141876220703,200.15142822265625
1784891147111952896,2.630634069442749,200.1371307373047
1784891147121871872,2.6405529975891113,200.15310668945312
1784891147131792128,2.650473117828369,200.1663055419922
1784891147141711104,2.6603920459747314,200.1376190185547
1784891147151631104,2.6703121662139893,200.1272430419922
1784891147161550080,2.6802310943603516,200.1014404296875
1784891147171469824,2.6901509761810303,200.08067321777344
1784891147181389056,2.7000701427459717,200.03024291992188
1784891147191309056,2.7099900245666504,199.94747924804688
1784891147201227776,2.7199089527130127,199.8607177734375
1784891147211148032,2.7298290729522705,199.437255859375
1784891147221067008,2.739748001098633,199.3828582763672
1784891147230987008,2.7496681213378906,199.32252502441406
1784891147240907008,2.7595880031585693,199.24989318847656
1784891147250826240,2.7695071697235107,199.1466522216797
1784891147260745984,2.7794270515441895,199.07687377929688
1784891147270664960,2.7893459796905518,204.25511169433594
1784891147280584960,2.7992660999298096,208.47705078125
1784891147290503936,2.809185028076172,211.99900817871094
1784891147300424192,2.8191051483154297,214.90121459960938
1784891147310342144,2.8290231227874756,217.430419921875
1784891147320262144,2.8389432430267334,219.54165649414062
1784891147330181120,2.8488621711730957,221.39013671875
1784891147340101120,2.8587820529937744,222.9672393798828
1784891147350020096,2.868701219558716,224.29859924316406
1784891147359940096,2.8786211013793945,225.48460388183594
1784891147369860096,2.8885412216186523,226.55177307128906
1784891147379779072,2.8984601497650146,227.4739990234375
1784891147389699328,2.9083802700042725,228.17137145996094
1784891147399618048,2.9182991981506348,228.75779724121094
1784891147409538048,2.9282190799713135,229.2643280029297
1784891147419457280,2.938138246536255,229.69435119628906
1784891147429377024,2.9480581283569336,230.06068420410156
1784891147439296000,2.957977056503296,230.40672302246094
1784891147449216000,2.9678971767425537,230.7116241455078
1784891147459134976,2.977816104888916,231.00872802734375
1784891147469055232,2.987736225128174,231.32228088378906
1784891147478974208,2.997655153274536,231.6206817626953
1784891147488894208,3.007575273513794,231.87477111816406
1784891147498814208,3.0174951553344727,232.1414031982422
1784891147508732928,3.027414083480835,232.3839111328125
1784891147518653184,3.0373342037200928,232.62062072753906
1784891147528572160,3.047253131866455,232.8497772216797
1784891147538492160,3.057173252105713,233.05014038085938
1784891147548411136,3.067092180252075,233.2572479248047
1784891147558331136,3.077012062072754,233.4460906982422
1784891147568250112,3.0869312286376953,233.6542510986328
1784891147578170112,3.096851110458374,233.85865783691406
1784891147588090112,3.106771230697632,234.06874084472656
1784891147598009088,3.116690158843994,234.2841033935547
1784891147607929088,3.126610040664673,234.5061798095703
1784891147617848064,3.1365292072296143,234.74168395996094
1784891147627768064,3.146449089050293,234.96878051757812
1784891147637687296,3.1563682556152344,235.20457458496094
1784891147647607040,3.166288137435913,235.45730590820312
1784891147657526016,3.1762070655822754,235.72116088867188
1784891147667446016,3.186127185821533,236.01927185058594
1784891147677364992,3.1960461139678955,236.31341552734375
1784891147687285248,3.2059662342071533,236.60302734375
1784891147697204224,3.2158851623535156,236.8578643798828
1784891147707123968,3.2258050441741943,237.12831115722656
1784891147717044224,3.235725164413452,237.40188598632812
1784891147726962944,3.2456440925598145,237.6742706298828
1784891147736883200,3.2555642127990723,237.9632110595703
1784891147746802176,3.2654831409454346,238.2729034423828
1784891147756722176,3.2754032611846924,238.6172637939453
1784891147766641152,3.2853221893310547,239.01165771484375
1784891147776560896,3.2952420711517334,239.41903686523438
1784891147786480128,3.305161237716675,239.78012084960938
1784891147796400128,3.3150811195373535,240.1226348876953
1784891147806319104,3.325000047683716,240.41102600097656
1784891147816239104,3.3349201679229736,240.697265625
1784891147826159104,3.3448400497436523,240.9649200439453
1784891147836078080,3.3547592163085938,241.25877380371094
1784891147845998080,3.3646790981292725,241.55682373046875
1784891147855917312,3.374598264694214,241.81002807617188
1784891147865837056,3.3845181465148926,242.0398712158203
1784891147875756032,3.394437074661255,242.1248321533203
1784891147885676032,3.4043571949005127,242.35369873046875
1784891147895595008,3.414276123046875,242.5516357421875
1784891147905515264,3.424196243286133,242.76438903808594
1784891147915435008,3.4341161251068115,242.9845428466797
1784891147925353984,3.444035053253174,243.2149200439453
1784891147935274240,3.4539551734924316,243.05899047851562
1784891147945192960,3.463874101638794,243.21702575683594
1784891147955113216,3.4737942218780518,243.39097595214844
1784891147965032192,3.483713150024414,243.63385009765625
1784891147974952192,3.493633270263672,243.86810302734375
1784891147984871168,3.503552198410034,244.09898376464844
1784891147994790912,3.513472080230713,244.30555725097656
1784891148004710144,3.5233912467956543,244.54222106933594
1784891148014630144,3.533311128616333,244.7017059326172
1784891148024550144,3.543231248855591,244.8099822998047
1784891148034469120,3.553150177001953,244.89073181152344
1784891148044389120,3.563070058822632,244.9418487548828
1784891148054308096,3.5729892253875732,244.9840545654297
1784891148064228096,3.582909107208252,245.05831909179688
1784891148074147072,3.5928280353546143,245.0867462158203
1784891148084067072,3.602748155593872,245.1362762451172
1784891148093986048,3.6126670837402344,245.1680450439453
1784891148103906048,3.622587203979492,245.20167541503906
1784891148113825024,3.6325061321258545,245.12657165527344
1784891148123745280,3.6424262523651123,245.09193420410156
1784891148133665024,3.652346134185791,245.05198669433594
1784891148143584000,3.6622650623321533,244.96812438964844
1784891148153504256,3.672185182571411,244.8824920654297
1784891148163422976,3.6821041107177734,244.75546264648438
1784891148173343232,3.6920242309570312,244.59695434570312
1784891148183262208,3.7019431591033936,244.4211883544922
1784891148193181952,3.7118630409240723,244.26747131347656
1784891148203101184,3.7217822074890137,244.51959228515625
1784891148213020928,3.7317020893096924,244.36172485351562
1784891148222941184,3.74162220954895,244.2250518798828
1784891148232860160,3.7515411376953125,244.07156372070312
1784891148242780160,3.7614612579345703,243.8988800048828
1784891148252699136,3.7713801860809326,243.7118377685547
1784891148262619136,3.7813000679016113,243.50193786621094
1784891148272538112,3.7912192344665527,243.3059844970703
1784891148282458112,3.8011391162872314,243.1134490966797
1784891148292377088,3.8110580444335938,242.9307403564453
1784891148302297088,3.8209781646728516,242.72938537597656
1784891148312218112,3.830899238586426,242.53688049316406
1784891148322137088,3.840818166732788,242.38595581054688
1784891148332057344,3.850738286972046,242.26976013183594
1784891148341976064,3.860657215118408,242.18714904785156
1784891148351896064,3.870577096939087,242.11814880371094
1784891148361815296,3.8804962635040283,242.05992126464844
1784891148371735040,3.890416145324707,242.02061462402344
1784891148381654272,3.9003353118896484,242.0067596435547
1784891148391574272,3.910255193710327,242.01837158203125
1784891148401492992,3.9201741218566895,242.0707550048828
1784891148411413248,3.9300942420959473,242.1207733154297
1784891148421332992,3.940014123916626,242.1487579345703
1784891148431252224,3.9499332904815674,242.1862335205078
1784891148441172224,3.959853172302246,242.22801208496094
1784891148451090944,3.9697721004486084,242.2799835205078
1784891148461011200,3.979692220687866,242.35691833496094
1784891148470930176,3.9896111488342285,242.5215301513672
1784891148480850176,3.9995312690734863,242.7554473876953
1784891148490769152,4.009450197219849,243.04127502441406
1784891148500689152,4.019370079040527,243.37367248535156
1784891148510609152,4.029290199279785,243.60145568847656
1784891148520528128,4.0392091274261475,243.95330810546875
1784891148530448128,4.049129247665405,244.284423828125
1784891148540367104,4.059048175811768,244.6188507080078
1784891148550287360,4.068968296051025,244.9605255126953
1784891148560206080,4.078887224197388,245.31028747558594
1784891148570126080,4.088807106018066,245.6516571044922
1784891148580045312,4.098726272583008,245.9806671142578
1784891148589965056,4.1086461544036865,246.34129333496094
1784891148599885312,4.118566274642944,246.6914825439453
1784891148609804032,4.128485202789307,246.9990692138672
1784891148619724032,4.138405084609985,247.29261779785156
1784891148629643264,4.148324251174927,247.57582092285156
1784891148639563008,4.1582441329956055,248.3320770263672
1784891148649482240,4.168163299560547,248.77821350097656
1784891148659402240,4.178083181381226,249.2065887451172
1784891148669320960,4.188002109527588,249.5952911376953
1784891148679241216,4.197922229766846,250.0790252685547
1784891148689160960,4.207842111587524,250.60911560058594
1784891148699080192,4.217761278152466,251.1363067626953
1784891148709000192,4.2276811599731445,251.62632751464844
1784891148718918912,4.237600088119507,252.07789611816406
1784891148728839168,4.247520208358765,252.4770965576172
1784891148738758144,4.257439136505127,252.8367156982422
1784891148748678144,4.267359256744385,253.1566925048828
1784891148758597120,4.277278184890747,253.4588165283203
1784891148768517376,4.287198305130005,253.73194885253906
1784891148778437120,4.297118186950684,253.98915100097656
1784891148788356096,4.307037115097046,254.22593688964844
1784891148798276096,4.316957235336304,254.4123992919922
1784891148808195072,4.326876163482666,254.5862274169922
1784891148818115328,4.336796283721924,254.7483367919922
1784891148828034048,4.346715211868286,254.8652801513672
1784891148837954048,4.356635093688965,254.97840881347656
1784891148847873280,4.366554260253906,255.0431671142578
1784891148857793024,4.376474142074585,255.0913543701172
1784891148867713280,4.386394262313843,255.19847106933594
1784891148877632256,4.396313190460205,255.33787536621094
1784891148887552256,4.406233310699463,255.53819274902344
1784891148897471232,4.416152238845825,255.69664001464844
1784891148907390976,4.426072120666504,255.8706512451172
1784891148917310208,4.435991287231445,255.99192810058594
1784891148927230208,4.445911169052124,256.1073303222656
1784891148937148928,4.455830097198486,256.1953125
1784891148947069184,4.465750217437744,256.2630310058594
1784891148956988928,4.475670099258423,256.2669677734375
1784891148966908160,4.485589265823364,256.3494873046875
1784891148976828160,4.495509147644043,256.4014892578125
1784891148986747392,4.505428314208984,256.394287109375
1784891148996667136,4.515348196029663,256.3830871582031
1784891149006586112,4.525267124176025,256.4023132324219
1784891149016506112,4.535187244415283,256.3983154296875
1784891149026425088,4.5451061725616455,256.3971252441406
1784891149036345344,4.555026292800903,256.4159240722656
1784891149046265088,4.564946174621582,256.4104309082031
1784891149056184064,4.574865102767944,256.3717956542969
1784891149066104064,4.584785223007202,256.3107604980469
1784891149076023040,4.5947041511535645,256.2205505371094
1784891149085943296,4.604624271392822,256.0908203125
1784891149095862272,4.614543199539185,255.96583557128906
1784891149105782016,4.624463081359863,255.84336853027344
1784891149115701248,4.634382247924805,255.69227600097656
1784891149125620992,4.644302129745483,255.58033752441406
1784891149135541248,4.654222249984741,255.4699249267578
1784891149145460224,4.6641411781311035,255.39479064941406
1784891149155380224,4.674061298370361,255.2433624267578
1784891149165299200,4.683980226516724,255.2135772705078
1784891149175218944,4.693900108337402,255.20545959472656
1784891149185138176,4.703819274902344,255.2100372314453
1784891149195058176,4.7137391567230225,255.1254425048828
1784891149204977152,4.723658084869385,254.9682159423828
1784891149214897152,4.733578205108643,254.82530212402344
1784891149224817152,4.743498086929321,254.70640563964844
1784891149234736128,4.753417253494263,254.59690856933594
1784891149244656128,4.763337135314941,254.50047302246094
1784891149254575360,4.773256301879883,254.39402770996094
1784891149264495104,4.7831761837005615,254.2908477783203
1784891149274414080,4.793095111846924,254.2032928466797
1784891149284334080,4.803015232086182,254.12110900878906
1784891149294254080,4.81293511390686,254.0619659423828
1784891149304173312,4.822854280471802,254.0128631591797
1784891149314093824,4.832774877548218,253.9925079345703
1784891149324012800,4.84269380569458,253.9912872314453
1784891149333932800,4.852613925933838,253.9712677001953
1784891149343851776,4.8625328540802,253.9565887451172
1784891149353771776,4.872452735900879,253.93470764160156
1784891149363690752,4.88237190246582,253.91773986816406
1784891149373610752,4.892291784286499,253.88941955566406
1784891149383530752,4.902211904525757,253.8651580810547
1784891149393449728,4.912130832672119,253.84788513183594
1784891149403369728,4.922050714492798,253.8531951904297
1784891149413288704,4.931969881057739,253.8799591064453
1784891149423208704,4.941889762878418,253.91712951660156
1784891149433127936,4.951808929443359,253.9774932861328
1784891149443047680,4.961728811264038,254.05897521972656
1784891149452967936,4.971648931503296,254.16246032714844
1784891149462886912,4.981567859649658,254.29335021972656
1784891149472806656,4.991487741470337,254.4662628173828
1784891149482725888,5.001406908035278,254.69483947753906
1784891149492645632,5.011326789855957,254.94203186035156
1784891149502564608,5.021245718002319,255.17359924316406
1784891149512484864,5.031165838241577,255.3495635986328
1784891149522403840,5.0410847663879395,255.4750518798828
1784891149532323840,5.051004886627197,255.5533905029297
1784891149542243840,5.060924768447876,255.60060119628906
1784891149552162816,5.070843935012817,255.6245574951172
1784891149562082816,5.080763816833496,255.66224670410156
1784891149572001792,5.090682744979858,255.7440948486328
1784891149581921792,5.100602865219116,255.86488342285156
1784891149591840768,5.1105217933654785,256.0277404785156
1784891149601760768,5.120441913604736,256.2574157714844
1784891149611679744,5.130360841751099,256.49713134765625
1784891149621599744,5.140280723571777,256.7579650878906
1784891149631519744,5.150200843811035,257.0323181152344
1784891149641438720,5.1601197719573975,257.3246765136719
1784891149651358720,5.170039892196655,257.6522521972656
1784891149661277696,5.179958820343018,257.9552307128906
1784891149671197696,5.189878702163696,258.18896484375
1784891149681116928,5.199797868728638,258.3518981933594
1784891149691036672,5.209717750549316,258.43096923828125
1784891149700955904,5.219636917114258,258.48065185546875
1784891149710875648,5.2295567989349365,258.4966735839844
1784891149720795904,5.239476919174194,258.52874755859375
1784891149730714880,5.249395847320557,258.59808349609375
1784891149740634624,5.259315729141235,258.7165222167969
1784891149750553856,5.269234895706177,258.8503723144531
1784891149760473856,5.2791547775268555,258.9377746582031
1784891149770392576,5.289073705673218,258.9832458496094
1784891149780312832,5.298993825912476,259.0121765136719
1784891149790232576,5.308913707733154,258.98046875
1784891149800151808,5.318832874298096,258.9184875488281
1784891149810071808,5.328752756118774,258.8689880371094
1784891149819990784,5.338671922683716,258.9325866699219
1784891149829910784,5.3485918045043945,259.1812744140625
1784891149839829760,5.358510732650757,259.5898132324219
1784891149849749760,5.368430852890015,260.0540466308594
1784891149859668736,5.378349781036377,260.5810241699219
1784891149869588736,5.388269901275635,261.1332702636719
1784891149879508736,5.3981897830963135,261.6078796386719
1784891149889427712,5.408108711242676,262.107666015625
1784891149899347712,5.418028831481934,262.7136535644531
1784891149909266688,5.427947759628296,263.4172668457031
1784891149919186944,5.437867879867554,264.2716979980469
1784891149929105664,5.447786808013916,265.1035461425781
1784891149939025920,5.457706928253174,265.8825378417969
1784891149948945664,5.4676268100738525,266.7221374511719
1784891149958864640,5.477545738220215,267.63671875
1784891149968784896,5.487465858459473,268.5843200683594
1784891149978703616,5.497384786605835,269.4671936035156
1784891149988623872,5.507304906845093,270.3003845214844
1784891149998542848,5.517223834991455,271.0864562988281
1784891150008462592,5.527143716812134,271.86346435546875
1784891150018381824,5.537062883377075,272.7345275878906
1784891150028301824,5.546982765197754,273.7214050292969
1784891150038221824,5.556902885437012,274.8316955566406
1784891150048140800,5.566821813583374,276.0586853027344
1784891150058060800,5.576741933822632,277.35296630859375
1784891150067979776,5.586660861968994,278.6321105957031
1784891150077899776,5.596580743789673,279.866943359375
1784891150087818752,5.606499910354614,281.0478515625
1784891150097738752,5.616419792175293,282.1160888671875
1784891150107658752,5.626339912414551,283.0594177246094
1784891150117577728,5.636258840560913,283.90960693359375
1784891150127497728,5.646178722381592,284.69500732421875
1784891150137416960,5.656097888946533,285.37042236328125
1784891150147336704,5.666017770767212,285.93902587890625
1784891150157255936,5.675936937332153,286.3722229003906
1784891150167175680,5.685856819152832,286.761474609375
1784891150177094656,5.695775747299194,287.1223449707031
1784891150187014912,5.705695867538452,287.42132568359375
1784891150196934656,5.715615749359131,287.6045837402344
1784891150206853888,5.725534915924072,287.6731872558594
1784891150216773632,5.735454797744751,287.63690185546875
1784891150226692608,5.745373725891113,287.5712890625
1784891150236612864,5.755293846130371,287.377197265625
1784891150246531840,5.765212774276733,286.8828430175781
1784891150256451840,5.775132894515991,286.1318359375
1784891150266371840,5.78505277633667,285.2226867675781
1784891150276290560,5.794971704483032,284.31182861328125
1784891150286210816,5.80489182472229,283.4447021484375
1784891150296129792,5.814810752868652,282.6562194824219
1784891150306049792,5.82473087310791,281.9330139160156
1784891150315969536,5.83465051651001,281.1788635253906
1784891150325889280,5.8445703983306885,280.4320068359375
1784891150335809536,5.854490518569946,279.6881408691406
1784891150345728512,5.864409446716309,278.8263244628906
1784891150355648256,5.874329328536987,277.7690734863281
1784891150365567488,5.884248495101929,276.63067626953125
1784891150375487232,5.894168376922607,275.6321716308594
1784891150385406464,5.904087543487549,274.63958740234375
1784891150395326464,5.9140074253082275,273.4939880371094
1784891150405245184,5.92392635345459,272.17437744140625
1784891150415165440,5.933846473693848,270.76806640625
1784891150425085184,5.943766355514526,269.2365417480469
1784891150435004416,5.953685522079468,267.70220947265625
1784891150444924416,5.9636054039001465,266.2992248535156
1784891150454843392,5.973524332046509,264.9635925292969
1784891150464763392,5.983444452285767,263.8078308105469
1784891150474682368,5.993363380432129,262.3463439941406
1784891150484602368,6.003283500671387,261.0810241699219
1784891150494522368,6.013203382492065,260.1800842285156
1784891150504441600,6.023122549057007,259.7347106933594
1784891150514361344,6.0330424308776855,259.8555603027344
1784891150524280320,6.042961359024048,260.6629943847656
1784891150534200320,6.052881479263306,262.1421813964844
1784891150544119296,6.062800407409668,263.3359680175781
1784891150554039552,6.072720527648926,264.3145751953125
1784891150563959296,6.0826404094696045,264.6935729980469
1784891150573878272,6.092559337615967,265.4019470214844
1784891150583798528,6.102479457855225,266.2919616699219
1784891150593717248,6.112398386001587,268.0882263183594
1784891150603637504,6.122318506240845,270.9310607910156
1784891150613556480,6.132237434387207,275.3929138183594
1784891150623476480,6.142157554626465,280.3122253417969
1784891150633396480,6.1520774364471436,285.7632141113281
1784891150643315200,6.161996364593506,291.521240234375
1784891150653235456,6.171916484832764,297.7882995605469
1784891150663154432,6.181835412979126,305.2199401855469
1784891150673074432,6.191755533218384,313.7561340332031
1784891150682993408,6.201674461364746,323.0550231933594
1784891150692913408,6.211594343185425,333.25091552734375
1784891150702833408,6.221514463424683,343.7096862792969
1784891150712752384,6.231433391571045,295.4277648925781
1784891150722672384,6.241353511810303,292.578125
1784891150732591360,6.251272439956665,289.672607421875
1784891150742511616,6.261192560195923,286.2283630371094
1784891150752430336,6.271111488342285,282.274169921875
1784891150762350336,6.281031370162964,40.645484924316406
1784891150772270336,6.290951490402222,48.260318756103516
1784891150782189312,6.300870418548584,54.33289337158203
1784891150792109568,6.310790538787842,58.78096008300781
1784891150802028544,6.320709466934204,61.722328186035156
1784891150811948288,6.330629348754883,63.21210479736328
1784891150821867520,6.340548515319824,64.12198638916016
1784891150831787264,6.350468397140503,64.9622802734375
1784891150841707520,6.360388517379761,219.96607971191406
1784891150851626496,6.370307445526123,213.21792602539062
1784891150861546240,6.380227327346802,206.34376525878906
1784891150871465472,6.390146493911743,58.42383575439453
1784891150881385216,6.400066375732422,52.72726821899414
1784891150891304448,6.409985542297363,45.69852066040039
1784891150901224448,6.419905424118042,38.04932403564453
1784891150911144448,6.4298255443573,30.475982666015625
1784891150921063424,6.439744472503662,23.041187286376953
1784891150930983424,6.449664354324341,15.51250171661377
1784891150940902400,6.459583520889282,7.642050743103027
1784891150950822400,6.469503402709961,359.50677490234375
1784891150960741376,6.479422330856323,351.4515075683594
1784891150970661376,6.489342451095581,343.6387939453125
1784891150980581376,6.49926233291626,336.22802734375
1784891150990500352,6.509181499481201,329.2845153808594
1784891151000420352,6.51910138130188,322.7979736328125
1784891151010339584,6.529020547866821,316.61724853515625
1784891151020259328,6.5389404296875,310.6634521484375
1784891151030178304,6.548859357833862,305.03729248046875
1784891151040098304,6.55877947807312,299.7882385253906
1784891151050018304,6.568699359893799,294.81915283203125
1784891151059937536,6.57861852645874,290.2315979003906
1784891151069857280,6.588538408279419,286.0279235839844
1784891151079776256,6.598457336425781,281.5301818847656
1784891151089696512,6.608377456665039,277.61492919921875
1784891151099615232,6.618296384811401,274.4111328125
1784891151109535488,6.628216505050659,272.8298034667969
1784891151119454464,6.6381354331970215,271.53668212890625
1784891151129374464,6.648055553436279,270.2097473144531
1784891151139294464,6.657975435256958,268.9997863769531
1784891151149213440,6.66789436340332,268.1992492675781
1784891151159133440,6.677814483642578,267.7521667480469
1784891151169052416,6.68773341178894,267.4937438964844
1784891151178972416,6.697653532028198,267.2922668457031
1784891151188891392,6.7075724601745605,267.2251281738281
1784891151198811392,6.717492341995239,267.2615966796875
1784891151208731392,6.727412462234497,267.36724853515625
1784891151218650368,6.737331390380859,267.6045837402344
1784891151228570368,6.747251510620117,267.8497009277344
1784891151238489344,6.7571704387664795,268.1611633300781
1784891151248409600,6.767090559005737,268.2044982910156
1784891151258328320,6.7770094871521,268.3853759765625
1784891151268248320,6.786929368972778,268.5545349121094
1784891151278168320,6.796849489212036,268.7879638671875
1784891151288087296,6.806768417358398,269.1022644042969
1784891151298007552,6.816688537597656,269.609619140625
1784891151307926528,6.8266074657440186,270.0437927246094
1784891151317844992,6.836525917053223,270.29833984375
1784891151327763968,6.846445083618164,270.5111389160156
1784891151337683968,6.856364965438843,270.7051696777344
1784891151347603968,6.866285085678101,270.7823486328125
1784891151357522944,6.876204013824463,270.6998596191406
1784891151367443200,6.886124134063721,270.40826416015625
1784891151377361920,6.896043062210083,269.9656677246094
1784891151387281920,6.905962944030762,269.4554748535156
1784891151397201152,6.915882110595703,268.9857482910156
1784891151407120896,6.925801992416382,268.56597900390625
1784891151417041152,6.93572211265564,268.1347351074219
1784891151426959872,6.945641040802002,267.6201477050781
1784891151436879872,6.955560922622681,266.7154541015625
1784891151446799104,6.965480089187622,266.610595703125
1784891151456718848,6.975399971008301,266.0762023925781
1784891151466638080,6.985319137573242,265.6394958496094
1784891151476558080,6.995239019393921,265.239501953125
1784891151486478080,7.005159139633179,264.8637390136719
1784891151496397056,7.015078067779541,264.4620361328125
1784891151506316800,7.02499794960022,264.0205993652344
1784891151516236032,7.034917116165161,263.5928039550781
1784891151526156032,7.04483699798584,263.2823791503906
1784891151536074752,7.054755926132202,263.2078857421875
1784891151545995008,7.06467604637146,263.2965393066406
1784891151555914752,7.074595928192139,263.5066833496094
1784891151565833984,7.08451509475708,263.8399353027344
1784891151575753984,7.094434976577759,264.30010986328125
1784891151585673216,7.1043541431427,264.87091064453125
1784891151595592960,7.114274024963379,265.49237060546875
1784891151605513216,7.124194145202637,266.1376647949219
1784891151615431936,7.134113073348999,266.8902282714844
1784891151625351936,7.144032955169678,267.7413024902344
1784891151635271168,7.153952121734619,268.6517028808594
1784891151645190912,7.163872003555298,269.5960693359375
1784891151655109888,7.17379093170166,270.5589599609375
1784891151665029888,7.183711051940918,271.519287109375
1784891151674948864,7.19362998008728,272.500732421875
1784891151684869120,7.203550100326538,273.5388488769531
1784891151694788864,7.213469982147217,274.6031799316406
1784891151704707840,7.223388910293579,275.7528381347656
1784891151714628096,7.233309030532837,276.9198303222656
1784891151724546816,7.243227958679199,278.02734375
1784891151734467072,7.253148078918457,279.0986022949219
1784891151744386816,7.263067960739136,280.1158142089844
1784891151754306048,7.272987127304077,281.13507080078125
1784891151764226048,7.282907009124756,282.1635437011719
1784891151774144768,7.292825937271118,283.20904541015625
1784891151784065024,7.302746057510376,284.2852478027344
1784891151793984000,7.312664985656738,285.341552734375
1784891151803904000,7.322585105895996,286.3511657714844
1784891151813824000,7.332504987716675,287.31134033203125
1784891151823742976,7.342423915863037,288.294189453125
1784891151833662976,7.352344036102295,289.2647705078125
1784891151843581952,7.362262964248657,290.1929016113281
1784891151853501952,7.372183084487915,291.0674743652344
1784891151863420928,7.382102012634277,291.85284423828125
1784891151873341184,7.392022132873535,292.5059509277344
1784891151883260928,7.401942014694214,292.97052001953125
1784891151893179904,7.411860942840576,293.225341796875
1784891151903099904,7.421781063079834,293.1475524902344
1784891151913018880,7.431699991226196,292.9560852050781
1784891151922939136,7.441620111465454,292.6470031738281
1784891151932858880,7.451539993286133,292.2716369628906
1784891151942777856,7.461458921432495,291.8999328613281
1784891151952698112,7.471379041671753,291.5263671875
1784891151962616832,7.481297969818115,291.11102294921875
1784891151972537088,7.491218090057373,290.5592956542969
1784891151982456064,7.501137018203735,289.9134521484375
1784891151992376064,7.511057138442993,289.2508239746094
1784891152002296064,7.520977020263672,288.54937744140625
1784891152012214784,7.530895948410034,287.8602600097656
1784891152022135040,7.540816068649292,287.17559814453125
1784891152032054016,7.550734996795654,286.4647521972656
1784891152041974016,7.560655117034912,285.7444763183594
1784891152051892992,7.570574045181274,285.0330810546875
1784891152061812992,7.580493927001953,284.30853271484375
1784891152071732992,7.590414047241211,283.54986572265625
1784891152081651968,7.600332975387573,282.7070007324219
1784891152091571968,7.610253095626831,281.7648010253906
1784891152101490944,7.620172023773193,280.77142333984375
1784891152111411200,7.630092144012451,279.6554870605469
1784891152121329920,7.6400110721588135,278.4925842285156
1784891152131249920,7.649930953979492,277.2812805175781
1784891152141169920,7.65985107421875,275.9849548339844
1784891152151088896,7.669770002365112,274.6746520996094
1784891152161009152,7.67969012260437,273.3099060058594
1784891152170928128,7.689609050750732,271.8259582519531
1784891152180847872,7.699528932571411,270.3274230957031
1784891152190767104,7.7094480991363525,268.78350830078125
1784891152200686848,7.719367980957031,267.0336608886719
1784891152210607104,7.729288101196289,264.93280029296875
1784891152220526080,7.739207029342651,262.7422790527344
1784891152230445824,7.74912691116333,260.6084899902344
1784891152240365056,7.7590460777282715,258.4676513671875
1784891152250284800,7.76896595954895,256.4045104980469
1784891152260205056,7.778886079788208,254.7772979736328
1784891152270124032,7.78880500793457,253.4387969970703
1784891152280044032,7.798725128173828,252.1195831298828
1784891152289963008,7.80864405632019,251.43116760253906
1784891152299883008,7.818563938140869,251.8586883544922
1784891152309801984,7.8284831047058105,252.27052307128906
1784891152319723008,7.838404178619385,252.8017120361328
1784891152329643008,7.8483240604400635,255.13807678222656
1784891152339562240,7.858243227005005,256.5598449707031
1784891152349481984,7.868163108825684,257.2261657714844
1784891152359400960,7.878082036972046,257.2786560058594
1784891152369321216,7.888002157211304,257.505859375
1784891152379240960,7.897922039031982,259.189453125
1784891152389160192,7.907841205596924,261.5474853515625
1784891152399079936,7.9177610874176025,265.448486328125
1784891152408999168,7.927680253982544,270.6539001464844
1784891152418919168,7.937600135803223,276.0843505859375
1784891152428837888,7.947519063949585,281.82794189453125
1784891152438758144,7.957439184188843,288.68121337890625
1784891152448678144,7.9673590660095215,295.5552062988281
1784891152458597120,7.977278232574463,302.95953369140625
1784891152468517120,7.987198114395142,311.87548828125
1784891152478436096,7.997117042541504,320.75994873046875
1784891152488356096,8.007037162780762,329.97271728515625
1784891152498276096,8.01695704460144,340.445068359375
1784891152508195072,8.026876211166382,350.7901306152344
1784891152518115072,8.03679609298706,0.27997779846191406
1784891152528034304,8.046715259552002,9.589558601379395
1784891152537954048,8.05663514137268,282.8972473144531
1784891152547874304,8.066555261611938,279.832275390625
1784891152557793024,8.0764741897583,276.2386779785156
1784891152567713024,8.08639407157898,39.95266342163086
1784891152577632256,8.096313238143921,46.946956634521484
1784891152587552000,8.1062331199646,52.03166198730469
1784891152597470976,8.116152048110962,55.147987365722656
1784891152607391232,8.12607216835022,56.75731658935547
1784891152617310976,8.135992050170898,56.86212158203125
1784891152627230208,8.14591121673584,55.52586364746094
1784891152637149952,8.155831098556519,53.43552780151367
1784891152647069184,8.16575026512146,51.39399719238281
1784891152656989184,8.175670146942139,49.455692291259766
1784891152666909184,8.185590267181396,47.125003814697266
1784891152676828160,8.195509195327759,43.98932647705078
1784891152686747904,8.205429077148438,39.93058395385742
1784891152696667136,8.215348243713379,35.063255310058594
1784891152706587136,8.225268125534058,29.15552520751953
1784891152716506112,8.23518705368042,22.592018127441406
1784891152726426112,8.245107173919678,15.567288398742676
1784891152736346112,8.255027055740356,8.400727272033691
1784891152746265088,8.264946222305298,1.3135652542114258
1784891152756185088,8.274866104125977,354.35467529296875
1784891152766104320,8.284785270690918,347.52130126953125
1784891152776024064,8.294705152511597,340.8109436035156
1784891152785944320,8.304625272750854,334.3838195800781
1784891152795863040,8.314544200897217,328.2715759277344
1784891152805783040,8.324464082717896,322.3975524902344
1784891152815702272,8.334383249282837,316.7113342285156
1784891152825622016,8.344303131103516,311.0851135253906
1784891152835540992,8.354222059249878,305.63427734375
1784891152845461248,8.364142179489136,300.3289489746094
1784891152855380992,8.374062061309814,295.3579406738281
1784891152865300224,8.383981227874756,290.9358825683594
1784891152875219968,8.393901109695435,286.6918640136719
1784891152885138944,8.403820037841797,282.5270690917969
1784891152895059200,8.413740158081055,278.5865478515625
1784891152904978944,8.423660039901733,274.7399597167969
1784891152914898176,8.433579206466675,271.5455627441406
1784891152924817920,8.443499088287354,268.71917724609375
1784891152934737152,8.453418254852295,267.1560363769531
1784891152944657152,8.463338136672974,265.7964172363281
1784891152954576128,8.473257064819336,264.5592346191406
1784891152964496128,8.483177185058594,263.4574279785156
1784891152974416128,8.493097066879272,262.5780334472656
1784891152984335104,8.503016233444214,261.9128112792969
1784891152994255104,8.512936115264893,261.45062255859375
1784891153004174080,8.522855043411255,261.1104431152344
1784891153014094080,8.532775163650513,260.8076477050781
1784891153024014080,8.542695045471191,260.66339111328125
1784891153033933056,8.552614212036133,260.6831970214844
1784891153043853056,8.562534093856812,260.7149658203125
1784891153053772288,8.572453260421753,260.82403564453125
1784891153063692032,8.582373142242432,261.0433044433594
1784891153073612288,8.59229326248169,261.2678527832031
1784891153083531264,8.602212190628052,261.3354797363281
1784891153093451008,8.61213207244873,261.56402587890625
1784891153103370240,8.622051239013672,261.8371276855469
1784891153113289984,8.63197112083435,262.216796875
1784891153123208960,8.641890048980713,262.8861999511719
1784891153133129216,8.65181016921997,263.6450500488281
1784891153143048960,8.66173005104065,264.1366271972656
1784891153152968192,8.67164921760559,264.594970703125
1784891153162887936,8.68156909942627,264.9689636230469
1784891153172807168,8.691488265991211,265.2307434082031
1784891153182727168,8.70140814781189,265.4298400878906
1784891153192647168,8.711328268051147,265.5370178222656
1784891153202566144,8.72124719619751,265.5349426269531
1784891153212486144,8.731167078018188,265.4725036621094
1784891153222405120,8.74108624458313,265.3760681152344
1784891153232325120,8.751006126403809,265.2945861816406
1784891153242244096,8.760925054550171,265.1820983886719
1784891153252164096,8.770845174789429,264.928466796875
1784891153262084096,8.780765056610107,264.6379699707031
1784891153272003072,8.790684223175049,264.35498046875
1784891153281923072,8.800604104995728,264.18914794921875
1784891153291842304,8.810523271560669,264.09893798828125
1784891153301762048,8.820443153381348,264.0315246582031
1784891153311682048,8.830363035202026,263.9847106933594
1784891153321600256,8.840281248092651,263.894287109375
1784891153331520000,8.85020112991333,263.65826416015625
1784891153341439232,8.860120296478271,263.3524169921875
1784891153351359232,8.87004017829895,263.0599365234375
1784891153361277952,8.879959106445312,262.8185119628906
1784891153371198208,8.88987922668457,262.6539001464844
1784891153381117952,8.899799108505249,262.5216369628906
1784891153391037184,8.90971827507019,262.4389343261719
1784891153400957184,8.91963815689087,262.4031982421875
1784891153410876160,8.929557085037231,262.4381103515625
1784891153420796160,8.93947720527649,262.6355895996094
1784891153430716160,8.949397087097168,262.9842224121094
1784891153440635136,8.95931625366211,263.4070739746094
1784891153450555136,8.969236135482788,264.0093078613281
1784891153460474368,8.97915530204773,264.822998046875
1784891153470394112,8.989075183868408,265.7449645996094
1784891153480314368,8.998995304107666,266.6528015136719
1784891153490233088,9.008914232254028,267.4813537597656
1784891153500153088,9.018834114074707,268.2516174316406
1784891153510072320,9.028753280639648,268.9773254394531
1784891153519992064,9.038673162460327,269.7773132324219
1784891153529911040,9.04859209060669,270.7234802246094
1784891153539831040,9.058512210845947,271.7367858886719
1784891153549751040,9.068432092666626,272.7951354980469
1784891153559670272,9.078351259231567,273.8649597167969
1784891153569590016,9.088271141052246,274.9631042480469
1784891153579509248,9.098190307617188,276.0770568847656
1784891153589429248,9.108110189437866,277.1990051269531
1784891153599349248,9.118030309677124,278.319091796875
1784891153609268224,9.127949237823486,279.37860107421875
1784891153619187968,9.137869119644165,280.4095458984375
1784891153629107200,9.147788286209106,281.422607421875
1784891153639027200,9.157708168029785,282.3978576660156
1784891153648947200,9.167628288269043,283.3798522949219
1784891153658866176,9.177547216415405,284.4047546386719
1784891153668786176,9.187467098236084,285.4419250488281
1784891153678705152,9.197386264801025,286.4632873535156
1784891153688625152,9.207306146621704,287.41204833984375
1784891153698544384,9.217225313186646,288.2440490722656
1784891153708464128,9.227145195007324,288.930908203125
1784891153718384384,9.237065315246582,289.36163330078125
1784891153728303104,9.246984243392944,289.684326171875
1784891153738223104,9.256904125213623,289.92181396484375
1784891153748142336,9.266823291778564,290.0118103027344
1784891153758062080,9.276743173599243,289.8887634277344
1784891153767982336,9.286663293838501,289.6026611328125
1784891153777901056,9.296582221984863,289.1893615722656
1784891153787821056,9.306502103805542,288.7017517089844
1784891153797740288,9.316421270370483,288.08905029296875
1784891153807660032,9.326341152191162,287.2969055175781
1784891153817579008,9.336260080337524,286.3282775878906
1784891153827499264,9.346180200576782,285.20367431640625
1784891153837419008,9.356100082397461,283.9529724121094
1784891153847338240,9.366019248962402,282.6765441894531
1784891153857257984,9.375939130783081,281.3902587890625
1784891153867177216,9.385858297348022,280.1582946777344
1784891153877097216,9.395778179168701,279.0052490234375
1784891153887017216,9.405698299407959,277.87591552734375
1784891153896936192,9.415617227554321,276.712158203125
1784891153906855936,9.425537109375,275.5734558105469
1784891153916775168,9.435456275939941,274.4388732910156
1784891153926695168,9.44537615776062,273.2730407714844
1784891153936615168,9.455296277999878,272.01513671875
1784891153946534144,9.46521520614624,270.7314758300781
1784891153956454144,9.475135087966919,269.496826171875
1784891153966373120,9.48505425453186,268.2877502441406
1784891153976293120,9.494974136352539,267.1258239746094
1784891153986212352,9.50489330291748,265.83966064453125
1784891153996132096,9.51481318473816,264.2097473144531
1784891154006052352,9.524733304977417,262.4391174316406
1784891154015971072,9.53465223312378,260.69580078125
1784891154025891072,9.544572114944458,258.9927062988281
1784891154035810304,9.5544912815094,257.1458435058594
1784891154045730048,9.564411163330078,255.39646911621094
1784891154055650304,9.574331283569336,253.80934143066406
1784891154065569280,9.584250211715698,252.2090301513672
1784891154075489024,9.594170093536377,250.9492950439453
1784891154085408256,9.604089260101318,250.0352325439453
1784891154095328000,9.614009141921997,249.52073669433594
1784891154105247232,9.623928308486938,249.0181121826172
1784891154115167232,9.633848190307617,248.98048400878906
1784891154125087232,9.643768310546875,250.67039489746094
1784891154135006208,9.653687238693237,252.2754669189453
1784891154144925952,9.663607120513916,253.27207946777344
1784891154154845184,9.673526287078857,253.56654357910156
1784891154164765184,9.683446168899536,254.5619354248047
1784891154174685184,9.693366289138794,254.4602508544922
1784891154184604160,9.703285217285156,254.50514221191406
1784891154194524160,9.713205099105835,256.52093505859375
1784891154204443136,9.723124265670776,258.36309814453125
1784891154214363136,9.733044147491455,261.0461730957031
1784891154224283136,9.742964267730713,265.52899169921875
1784891154234202112,9.752883195877075,269.864990234375
1784891154244122112,9.762803077697754,274.6770324707031
1784891154254041088,9.772722244262695,281.0205383300781
1784891154263961088,9.782642126083374,287.7370910644531
1784891154273880320,9.792561292648315,295.3349609375
1784891154283800064,9.802481174468994,303.648193359375
1784891154293720320,9.812401294708252,312.9059753417969
1784891154303639296,9.822320222854614,322.7005615234375
1784891154313559040,9.832240104675293,332.6141357421875
1784891154323479040,9.842159986495972,340.98370361328125
1784891154333399040,9.85208010673523,287.44024658203125
1784891154343319040,9.861999988555908,285.3294982910156
1784891154353237760,9.87191891670227,283.270263671875
1784891154363158016,9.881839036941528,281.0819396972656
1784891154373076992,9.89175796508789,278.4796142578125
1784891154382996992,9.901678085327148,275.07232666015625
1784891154392916992,9.911597967147827,271.2583923339844
1784891154402835968,9.921517133712769,267.14813232421875
1784891154412755968,9.931437015533447,52.6221809387207
1784891154422674944,9.94135594367981,57.78662109375
1784891154432594944,9.951276063919067,61.259300231933594
1784891154442513920,9.96119499206543,63.103553771972656
1784891154452434176,9.971115112304688,63.30449676513672
1784891154462353920,9.981034994125366,62.36354064941406
1784891154472272896,9.990953922271729,60.80640411376953
1784891154482192896,10.000874042510986,58.46873474121094
1784891154492111872,10.010792970657349,55.03767395019531
1784891154502032128,10.020713090896606,50.31365966796875
1784891154511951872,10.030632972717285,44.61635208129883
1784891154521871104,10.040552139282227,38.46379470825195
1784891154531790848,10.050472021102905,31.953506469726562
1784891154541709824,10.060390949249268,25.017333984375
1784891154551630080,10.070311069488525,17.666492462158203
1784891154561549824,10.080230951309204,10.163765907287598
1784891154571469056,10.090150117874146,2.6968164443969727
1784891154581389056,10.100069999694824,355.4172058105469
1784891154591307776,10.109988927841187,348.172119140625
1784891154601228032,10.119909048080444,340.7987060546875
1784891154611147776,10.129828929901123,333.5077819824219
1784891154621067008,10.139748096466064,326.42376708984375
1784891154630987008,10.149667978286743,319.8440246582031
1784891154640905984,10.159587144851685,313.669677734375
1784891154650825984,10.169507026672363,307.62451171875
1784891154660744960,10.179425954818726,301.6864929199219
1784891154670664960,10.189346075057983,295.8970947265625
1784891154680584960,10.199265956878662,290.3819885253906
1784891154690504192,10.209185123443604,285.3006286621094
1784891154700423936,10.219105005264282,280.74658203125
1784891154710342912,10.229023933410645,276.61749267578125
1784891154720262912,10.238944053649902,273.0709533691406
1784891154730181888,10.248862981796265,269.46044921875
1784891154740102144,10.258783102035522,267.8775329589844
1784891154750021888,10.268702983856201,266.4830322265625
1784891154759940864,10.278621912002563,265.0070495605469
1784891154769860864,10.288542032241821,263.5455322265625
1784891154779779840,10.298460960388184,262.2283630371094
1784891154789700096,10.308381080627441,261.27264404296875
1784891154799619840,10.31830096244812,260.62786865234375
1784891154809539072,10.328220129013062,260.0919189453125
1784891154819459072,10.33814001083374,259.59783935546875
1784891154829377792,10.348058938980103,259.2628479003906
1784891154839298048,10.35797905921936,259.1251220703125
1784891154849217024,10.367897987365723,259.06597900390625
1784891154859137024,10.37781810760498,258.9965515136719
1784891154869057024,10.38773798942566,259.057861328125
1784891154878975744,10.397656917572021,259.3341369628906
1784891154888896000,10.40757703781128,259.3590087890625
1784891154898814976,10.417495965957642,259.6957092285156
1784891154908734976,10.4274160861969,260.06036376953125
1784891154918654976,10.437335968017578,260.40118408203125
1784891154928574208,10.44725513458252,261.0761413574219
1784891154938493952,10.457175016403198,261.9762878417969
1784891154948412928,10.46709394454956,262.67999267578125
1784891154958332928,10.477014064788818,263.3702697753906
1784891154968251904,10.48693299293518,264.04827880859375
1784891154978172160,10.496853113174438,264.5610046386719
1784891154988091904,10.506772994995117,264.8678283691406
1784891154998010880,10.51669192314148,265.0790100097656
1784891155007930880,10.526612043380737,265.1657409667969
1784891155017849856,10.5365309715271,265.1133117675781
1784891155027770112,10.546451091766357,264.91131591796875
1784891155037689856,10.556370973587036,264.5827941894531
1784891155047609088,10.566290140151978,264.2254943847656
1784891155057529088,10.576210021972656,263.8890075683594
1784891155067447808,10.586128950119019,263.5038757324219
1784891155077368064,10.596049070358276,263.1625061035156
1784891155087287040,10.605967998504639,262.9226379394531
1784891155097207040,10.615888118743896,262.72967529296875
1784891155107127040,10.625808000564575,262.5640563964844
1784891155117045760,10.635726928710938,262.3536376953125
1784891155126966016,10.645647048950195,262.1256408691406
1784891155136884992,10.655565977096558,261.8985595703125
1784891155146804992,10.665486097335815,261.7040100097656
1784891155156723968,10.675405025482178,261.609375
1784891155166644224,10.685325145721436,261.5371398925781
1784891155176563968,10.695245027542114,261.36883544921875
1784891155186482944,10.705163955688477,261.1114501953125
1784891155196402944,10.715084075927734,260.8308410644531
1784891155206321920,10.725003004074097,260.6110534667969
1784891155216242176,10.734923124313354,260.4788513183594
1784891155226161920,10.744843006134033,260.35369873046875
1784891155236080896,10.754761934280396,260.1872253417969
1784891155246000896,10.764682054519653,260.0030822753906
1784891155255919872,10.774600982666016,259.8331604003906
1784891155265840128,10.784521102905273,259.7017517089844
1784891155275759104,10.794440031051636,259.6460266113281
1784891155285678848,10.804359912872314,259.6737976074219
1784891155295599104,10.814280033111572,259.7939758300781
1784891155305517824,10.824198961257935,260.0193786621094
1784891155315441408,10.8341224193573,260.3621520996094
1784891155325360384,10.844041347503662,260.8216857910156
1784891155335280384,10.85396146774292,261.4047546386719
1784891155345200384,10.863881349563599,262.0630798339844
1784891155355119360,10.87380051612854,262.7868957519531
1784891155365039360,10.883720397949219,263.537841796875
1784891155374958336,10.893639326095581,264.2991943359375
1784891155384878336,10.903559446334839,265.0401916503906
1784891155394797312,10.913478374481201,265.71600341796875
1784891155404717568,10.923398494720459,266.3837890625
1784891155414637312,10.933318376541138,267.0643615722656
1784891155424556288,10.9432373046875,267.7303771972656
1784891155434476288,10.953157424926758,268.3857116699219
1784891155444395264,10.96307635307312,269.0202331542969
1784891155454315520,10.972996473312378,269.638671875
1784891155464234240,10.98291540145874,270.2477111816406
1784891155474154496,10.992835521697998,270.8875427246094
1784891155484074240,11.002755403518677,271.5631408691406
1784891155493993216,11.012674331665039,272.2626647949219
1784891155503913472,11.022594451904297,272.9461364746094
1784891155513832448,11.03251338005066,273.5939025878906
1784891155523752448,11.042433500289917,274.2228698730469
1784891155533671424,11.05235242843628,274.8335876464844
1784891155543591168,11.062272310256958,275.4756164550781
1784891155553511424,11.072192430496216,276.1889953613281
1784891155563430400,11.082111358642578,276.92877197265625
1784891155573350400,11.092031478881836,277.65972900390625
1784891155583269376,11.101950407028198,278.3798522949219
1784891155593189120,11.111870288848877,279.10955810546875
1784891155603109376,11.121790409088135,279.8791198730469
1784891155613028352,11.131709337234497,280.69580078125
1784891155622948352,11.141629457473755,281.5378112792969
1784891155632867328,11.151548385620117,281.9748229980469
1784891155642787584,11.161468505859375,282.38330078125
1784891155652706304,11.171387434005737,282.6878356933594
1784891155662626304,11.181307315826416,282.86212158203125
1784891155672546304,11.191227436065674,282.9082336425781
1784891155682465280,11.201146364212036,282.8287048339844
1784891155692385536,11.211066484451294,282.7070617675781
1784891155702304256,11.220985412597656,282.49951171875
1784891155712224256,11.230905294418335,282.2344970703125
1784891155722143488,11.240824460983276,281.8484191894531
1784891155732063232,11.250744342803955,281.2997741699219
1784891155741983488,11.260664463043213,280.6723327636719
1784891155751902464,11.270583391189575,279.9837646484375
1784891155761822464,11.280503511428833,279.25140380859375
1784891155771741440,11.290422439575195,278.4405212402344
1784891155781661184,11.300342321395874,277.59368896484375
1784891155791581440,11.310262441635132,276.67144775390625
1784891155801500416,11.320181369781494,275.6658935546875
1784891155811420416,11.330101490020752,274.5857849121094
1784891155821339392,11.340020418167114,273.4880676269531
1784891155831259136,11.349940299987793,272.3426208496094
1784891155841178368,11.359859466552734,271.2315673828125
1784891155851098368,11.369779348373413,270.2069396972656
1784891155861018368,11.379699468612671,269.2712707519531
1784891155870937344,11.389618396759033,268.41583251953125
1784891155880857344,11.399538516998291,267.55865478515625
1784891155890776320,11.409457445144653,266.6614074707031
1784891155900696320,11.419377326965332,265.6867370605469
1784891155910615552,11.429296493530273,264.5466003417969
1784891155920535296,11.439216375350952,263.2708435058594
1784891155930455552,11.44913649559021,261.9097595214844
1784891155940374272,11.459055423736572,260.44390869140625
1784891155950294272,11.468975305557251,258.87457275390625
1784891155960213504,11.478894472122192,257.1827697753906
1784891155970133248,11.488814353942871,255.2218475341797
1784891155980052480,11.498733520507812,253.04823303222656
1784891155989972480,11.508653402328491,250.66896057128906
1784891155999892480,11.518573522567749,248.2559356689453
1784891156009811456,11.528492450714111,245.8968048095703
1784891156019731200,11.53841233253479,243.6374053955078
1784891156029650432,11.548331499099731,241.49668884277344
1784891156039570432,11.55825138092041,239.79811096191406
1784891156049490432,11.568171501159668,238.0124053955078
1784891156059409408,11.57809042930603,236.36341857910156
1784891156069329152,11.588010311126709,235.83920288085938
1784891156079248384,11.59792947769165,235.796875
1784891156089168384,11.607849359512329,236.11416625976562
1784891156099087360,11.617768287658691,236.84019470214844
1784891156109007360,11.62768840789795,238.7497100830078
1784891156118927360,11.637608289718628,240.08180236816406
1784891156128846336,11.64752745628357,240.31874084472656
1784891156138766336,11.657447338104248,240.09397888183594
1784891156148685568,11.66736650466919,239.09349060058594
1784891156158605312,11.677286386489868,239.4431915283203
1784891156168524288,11.68720531463623,240.13478088378906
1784891156178444288,11.697125434875488,242.30946350097656
1784891156188364288,11.707045316696167,245.2150421142578
1784891156198283520,11.716964483261108,248.93128967285156
1784891156208203264,11.726884365081787,253.5397186279297
1784891156218122240,11.73680329322815,257.8876647949219
1784891156228042240,11.746723413467407,262.1101379394531
1784891156237962240,11.756643295288086,266.7942199707031
1784891156247881472,11.766562461853027,272.90521240234375
1784891156257801216,11.776482343673706,280.7169494628906
1784891156267720448,11.786401510238647,290.2274475097656
1784891156277640448,11.796321392059326,300.3048400878906
1784891156287559168,11.806240320205688,310.8750305175781
1784891156297479424,11.816160440444946,321.6398010253906
1784891156307399168,11.826080322265625,272.6159973144531
1784891156317314304,11.835995435714722,271.28155517578125
1784891156327234304,11.8459153175354,269.928955078125
1784891156337153536,11.855834484100342,267.8739929199219
1784891156347073280,11.86575436592102,265.07861328125
1784891156356993536,11.875674486160278,260.9817810058594
1784891156366912256,11.88559341430664,30.817771911621094
1784891156376832256,11.89551329612732,36.14391326904297
1784891156386751488,11.90543246269226,40.14918899536133
1784891156396671232,11.91535234451294,42.529232025146484
1784891156406590464,11.92527151107788,43.79083251953125
1784891156416510464,11.93519139289856,44.76838684082031
1784891156426430464,11.945111513137817,44.82441329956055
1784891156436349440,11.95503044128418,43.73358154296875
1784891156446269184,11.964950323104858,42.2814826965332
1784891156456188416,11.9748694896698,40.685237884521484
1784891156466108416,11.984789371490479,38.32463836669922
1784891156476027136,11.99470829963684,34.528560638427734
1784891156485947392,12.004628419876099,29.475425720214844
1784891156495867136,12.014548301696777,23.549522399902344
1784891156505786368,12.024467468261719,17.160682678222656
1784891156515706368,12.034387350082397,10.402018547058105
1784891156525625344,12.044306516647339,3.251943588256836
1784891156535545344,12.054226398468018,355.7274475097656
1784891156545464320,12.06414532661438,347.9045715332031
1784891156555384320,12.074065446853638,339.9026184082031
1784891156565304320,12.083985328674316,331.86419677734375
1784891156575223552,12.093904495239258,324.02191162109375
1784891156585143296,12.103824377059937,316.5760192871094
1784891156595062272,12.113743305206299,309.5511474609375
1784891156604982272,12.123663425445557,302.9739074707031
1784891156614901248,12.133582353591919,296.9513854980469
1784891156624821504,12.143502473831177,291.4013977050781
1784891156634741248,12.153422355651855,286.0658874511719
1784891156644660480,12.163341522216797,280.71502685546875
1784891156654580480,12.173261404037476,275.3885192871094
1784891156664499200,12.183180332183838,270.216064453125
1784891156674419456,12.193100452423096,265.5130920410156
1784891156684338432,12.203019380569458,261.32403564453125
1784891156694258432,12.212939500808716,257.3773498535156
1784891156704178432,12.222859382629395,253.70899963378906
1784891156714097152,12.232778310775757,251.2992401123047
1784891156724017408,12.242698431015015,249.98231506347656
1784891156733936384,12.252617359161377,248.4819793701172
1784891156743856384,12.262537479400635,246.8833465576172
1784891156753775360,12.272456407546997,245.5091094970703
1784891156763695360,12.282376289367676,244.50741577148438
1784891156773615360,12.292296409606934,243.7161407470703
1784891156783534336,12.302215337753296,243.04795837402344
1784891156793454336,12.312135457992554,242.5228729248047
1784891156803373312,12.322054386138916,242.1945037841797
1784891156813293568,12.331974506378174,242.042236328125
1784891156823212288,12.341893434524536,242.02249145507812
1784891156833132288,12.351813316345215,241.91127014160156
1784891156843052288,12.361733436584473,241.39405822753906
1784891156852971264,12.371652364730835,240.96533203125
1784891156862891520,12.381572484970093,240.52439880371094
1784891156872810240,12.391491413116455,240.0144500732422
1784891156882730240,12.401411294937134,239.6551513671875
1784891156892649472,12.411330461502075,239.44960021972656
1784891156902569216,12.421250343322754,239.26724243164062
1784891156912489472,12.431170463562012,239.17166137695312
1784891156922408448,12.441089391708374,239.36465454101562
1784891156932328448,12.451009511947632,239.55165100097656
1784891156942247424,12.460928440093994,239.54966735839844
1784891156952167168,12.470848321914673,239.4457550048828
1784891156962086400,12.480767488479614,239.15135192871094
1784891156972006400,12.490687370300293,238.7056884765625
1784891156981926400,12.50060749053955,238.0215301513672
1784891156991845376,12.510526418685913,237.3039093017578
1784891157001765376,12.520446300506592,236.59364318847656
1784891157011684352,12.530365467071533,236.0269775390625
1784891157021604352,12.540285348892212,235.63003540039062
1784891157031523584,12.550204515457153,235.25062561035156
1784891157041443328,12.560124397277832,234.9552459716797
1784891157051363584,12.57004451751709,234.7296142578125
1784891157061282304,12.579963445663452,234.4862518310547
1784891157071202304,12.58988332748413,234.12022399902344
1784891157081121536,12.599802494049072,233.76174926757812
1784891157091041280,12.609722375869751,233.37156677246094
1784891157100960256,12.619641304016113,232.9636993408203
1784891157110880256,12.629561424255371,232.53807067871094
1784891157120800256,12.63948130607605,232.1043243408203
1784891157130719488,12.649400472640991,231.68568420410156
1784891157140639232,12.65932035446167,231.29698181152344
1784891157150558464,12.669239521026611,230.9052276611328
1784891157160478464,12.67915940284729,230.5049285888672
1784891157170397184,12.689078330993652,230.11058044433594
1784891157180317440,12.69899845123291,229.67909240722656
1784891157190237184,12.708918333053589,229.2670440673828
1784891157200156416,12.71883749961853,228.88233947753906
1784891157210076416,12.728757381439209,228.48878479003906
1784891157219995136,12.738676309585571,228.1180419921875
1784891157229915392,12.748596429824829,227.850341796875
1784891157239834368,12.758515357971191,227.70692443847656
1784891157249754368,12.76843547821045,227.5832061767578
1784891157259674368,12.778355360031128,227.54478454589844
1784891157269593344,12.78827428817749,227.5634002685547
1784891157279513344,12.798194408416748,227.5531463623047
1784891157289432320,12.80811333656311,227.54518127441406
1784891157299352320,12.818033456802368,227.57237243652344
1784891157309271296,12.82795238494873,227.9611358642578
1784891157319192320,12.837873458862305,228.4548797607422
1784891157329112320,12.847793340682983,228.72740173339844
1784891157339031552,12.857712507247925,229.03367614746094
1784891157348951296,12.867632389068604,229.3405303955078
1784891157358870272,12.877551317214966,229.61097717285156
1784891157368790272,12.887471437454224,229.84304809570312
1784891157378709248,12.897390365600586,230.0560760498047
1784891157388629504,12.907310485839844,230.33177185058594
1784891157398549248,12.917230367660522,230.9276885986328
1784891157408468224,12.927149295806885,231.3337860107422
1784891157418388480,12.937069416046143,231.72640991210938
1784891157428307200,12.946988344192505,232.08363342285156
1784891157438227456,12.956908464431763,232.41151428222656
1784891157448146432,12.966827392578125,232.72312927246094
1784891157458066432,12.976747512817383,233.04359436035156
1784891157467986432,12.986667394638062,233.3508758544922
1784891157477905152,12.996586322784424,233.6565704345703
1784891157487825408,13.006506443023682,233.9613494873047
1784891157497744384,13.016425371170044,234.25221252441406
1784891157507664384,13.026345491409302,234.53404235839844
1784891157517583360,13.036264419555664,234.7888946533203
1784891157527503360,13.046184301376343,235.04200744628906
1784891157537423360,13.0561044216156,235.34596252441406
1784891157547342336,13.066023349761963,235.6831512451172
1784891157557262336,13.07594347000122,236.0511016845703
1784891157567181312,13.085862398147583,236.39073181152344
1784891157577101568,13.09578251838684,236.6776580810547
1784891157587020288,13.105701446533203,236.94349670410156
1784891157596940288,13.115621328353882,237.1603240966797
1784891157606860288,13.12554144859314,237.3070526123047
1784891157616779264,13.135460376739502,237.4248809814453
1784891157626699520,13.14538049697876,237.5532684326172
1784891157636618496,13.155299425125122,237.68292236328125
1784891157646538240,13.1652193069458,237.79173278808594
1784891157656457472,13.175138473510742,237.88917541503906
1784891157666377216,13.185058355331421,237.949462890625
1784891157676296448,13.194977521896362,237.95362854003906
1784891157686216448,13.204897403717041,237.98153686523438
1784891157696136192,13.21481728553772,238.02685546875
1784891157706055424,13.224736452102661,238.0904083251953
1784891157715975168,13.23465633392334,238.114501953125
1784891157725894400,13.244575500488281,238.0670623779297
1784891157735814400,13.25449538230896,237.9364471435547
1784891157745733376,13.264414310455322,237.7914276123047
1784891157755653376,13.27433443069458,237.65013122558594
1784891157765573376,13.284254312515259,237.5083465576172
1784891157775492352,13.2941734790802,237.30638122558594
1784891157785412352,13.304093360900879,237.02073669433594
1784891157795331328,13.314012289047241,236.6417999267578
1784891157805251328,13.323932409286499,236.20985412597656
1784891157815170304,13.333851337432861,235.7552032470703
1784891157825090304,13.34377145767212,235.24508666992188
1784891157835010304,13.353691339492798,234.69004821777344
1784891157844929536,13.36361050605774,234.09271240234375
1784891157854849280,13.373530387878418,233.3988494873047
1784891157864768256,13.38344931602478,232.60177612304688
1784891157874688512,13.393369436264038,231.73133850097656
1784891157884607232,13.4032883644104,230.7842559814453
1784891157894527488,13.413208484649658,229.7733154296875
1784891157904446464,13.42312741279602,228.76560974121094
1784891157914366208,13.4330472946167,227.7871551513672
1784891157924286464,13.442967414855957,226.78973388671875
1784891157934205184,13.45288634300232,225.74998474121094
1784891157944125440,13.462806463241577,224.5898895263672
1784891157954044416,13.47272539138794,223.24305725097656
1784891157963964416,13.482645511627197,221.67495727539062
1784891157973883392,13.49256443977356,220.05735778808594
1784891157983803392,13.502484321594238,218.40155029296875
1784891157993723392,13.512404441833496,216.66232299804688
1784891158003642368,13.522323369979858,214.798095703125
1784891158013562368,13.532243490219116,212.99267578125
1784891158023481344,13.542162418365479,211.360595703125
1784891158033401344,13.552082300186157,209.7282257080078
1784891158043320320,13.562001466751099,208.1886749267578
1784891158053240320,13.571921348571777,206.7183074951172
1784891158063160320,13.581841468811035,205.40533447265625
1784891158073079296,13.591760396957397,204.9248809814453
1784891158082999552,13.601680517196655,205.00299072265625
1784891158092918272,13.611599445343018,206.25804138183594
1784891158102838272,13.621519327163696,206.8184051513672
1784891158112757504,13.631438493728638,207.12322998046875
1784891158122677248,13.641358375549316,208.4990234375
1784891158132596224,13.651277303695679,208.29278564453125
1784891158142516480,13.661197423934937,207.94969177246094
1784891158152436224,13.671117305755615,208.13172912597656
1784891158162355456,13.681036472320557,209.04591369628906
1784891158172275200,13.690956354141235,210.6932373046875
1784891158182194432,13.700875520706177,213.24984741210938
1784891158192114432,13.710795402526855,216.85914611816406
1784891158202033408,13.720714330673218,221.29908752441406
1784891158211953408,13.730634450912476,226.0278778076172
1784891158221873408,13.740554332733154,231.14019775390625
1784891158231792384,13.750473499298096,236.65560913085938
1784891158241712384,13.760393381118774,242.56202697753906
1784891158251631360,13.770312309265137,248.42588806152344
1784891158261551360,13.780232429504395,256.1532897949219
1784891158271470336,13.790151357650757,264.791748046875
1784891158281390336,13.800071477890015,274.14208984375
1784891158291310336,13.809991359710693,284.2447204589844
1784891158301229312,13.819910287857056,294.1316223144531
1784891158311149312,13.829830408096313,303.9269104003906
1784891158321068544,13.839749574661255,314.4186096191406
1784891158330988288,13.849669456481934,238.7467803955078
1784891158340907520,13.859588623046875,336.122802734375
1784891158350827520,13.869508504867554,345.5552978515625
1784891158360747520,13.879428625106812,353.748291015625
1784891158370666496,13.889347553253174,359.8544006347656
1784891158380586496,13.899267435073853,4.294896125793457
1784891158390505472,13.909186601638794,8.027295112609863
1784891158400425472,13.919106483459473,10.52502155303955
1784891158410344448,13.929025411605835,11.96294116973877
1784891158420264448,13.938945531845093,12.474165916442871
1784891158430183424,13.948864459991455,11.775996208190918
1784891158440103424,13.958784580230713,10.217310905456543
1784891158450023424,13.968704462051392,8.776171684265137
1784891158459942656,13.978623628616333,7.617619514465332
1784891158469862400,13.988543510437012,6.019640922546387
1784891158479781376,13.998462438583374,3.060934066772461
1784891158489701632,14.008382558822632,358.1241455078125
1784891158499620352,14.018301486968994,351.81414794921875
1784891158509540608,14.028221607208252,344.97393798828125
1784891158519460352,14.03814148902893,337.98779296875
1784891158529379328,14.048060417175293,331.00250244140625
1784891158539299584,14.05798053741455,323.8449401855469
1784891158549218304,14.067899465560913,316.5526428222656
1784891158559138560,14.077819585800171,309.3436279296875
1784891158569057536,14.087738513946533,302.30657958984375
1784891158578977536,14.097658634185791,295.51416015625
1784891158588897536,14.10757851600647,288.8737487792969
1784891158598816512,14.117497444152832,282.326171875
1784891158608736512,14.12741756439209,276.0951232910156
1784891158618655488,14.137336492538452,270.27459716796875
1784891158628575488,14.14725661277771,264.783203125
1784891158638494464,14.157175540924072,259.6196594238281
1784891158648414464,14.167095422744751,254.6081085205078
1784891158658333440,14.177014589309692,249.5535430908203
1784891158668253440,14.186934471130371,244.45413208007812
1784891158678173440,14.196854591369629,239.54905700683594
1784891158688092416,14.206773519515991,234.93966674804688
1784891158698012672,14.216693639755249,230.61557006835938
1784891158707931392,14.226612567901611,226.96055603027344
1784891158717851392,14.23653244972229,223.57579040527344
1784891158727770624,14.246451616287231,220.88742065429688
1784891158737690368,14.25637149810791,219.30250549316406
1784891158747610624,14.266291618347168,217.73411560058594
1784891158757529600,14.27621054649353,216.2633056640625
1784891158767449344,14.286130428314209,214.90200805664062
1784891158777368576,14.29604959487915,213.90577697753906
1784891158787288320,14.305969476699829,213.19984436035156
1784891158797207552,14.31588864326477,212.67869567871094
1784891158807127552,14.32580852508545,212.33543395996094
1784891158817046528,14.335727453231812,212.2624969482422
1784891158826966528,14.34564757347107,212.3218536376953
1784891158836886528,14.355567455291748,212.424072265625
1784891158846805504,14.36548662185669,212.4862823486328
1784891158856725504,14.375406503677368,212.5557861328125
1784891158866644480,14.38532543182373,212.66592407226562
1784891158876564480,14.395245552062988,212.81295776367188
1784891158886483456,14.40516448020935,213.09490966796875
1784891158896403456,14.415084600448608,213.13116455078125
1784891158906323456,14.425004482269287,213.45655822753906
1784891158916242432,14.43492341041565,213.7131805419922
1784891158926162432,14.444843530654907,214.09793090820312
1784891158936081408,14.45476245880127,214.75025939941406
1784891158946001408,14.464682579040527,215.40512084960938
1784891158955920384,14.47460150718689,215.76321411132812
1784891158965840640,14.484521627426147,216.08609008789062
1784891158975759616,14.49444055557251,216.35189819335938
1784891158985679360,14.504360437393188,216.51296997070312
1784891158995599616,14.514280557632446,216.54177856445312
1784891159005518336,14.524199485778809,216.48272705078125
1784891159015438592,14.534119606018066,216.32351684570312
1784891159025357568,14.544038534164429,216.1477813720703
1784891159035277312,14.553958415985107,215.99537658691406
1784891159045196544,14.563877582550049,215.83377075195312
1784891159055116288,14.573797464370728,215.7124786376953
1784891159065035520,14.583716630935669,215.69027709960938
1784891159074955520,14.593636512756348,215.77659606933594
1784891159084875520,14.603556632995605,215.93136596679688
1784891159094794496,14.613475561141968,216.1383819580078
1784891159104714496,14.623395442962646,216.35964965820312
1784891159114633472,14.633314609527588,216.57394409179688
1784891159124553472,14.643234491348267,216.65269470214844
1784891159134472448,14.653153419494629,216.48382568359375
1784891159144392448,14.663073539733887,216.02149963378906
1784891159154311424,14.672992467880249,215.48854064941406
1784891159164231424,14.682912588119507,214.94338989257812
1784891159174151424,14.692832469940186,214.4207763671875
1784891159184070656,14.702751636505127,213.9375762939453
1784891159193990400,14.712671518325806,213.45249938964844
1784891159203909376,14.722590446472168,212.92098999023438
1784891159213829632,14.732510566711426,212.358154296875
1784891159223748352,14.742429494857788,211.76768493652344
1784891159233668608,14.752349615097046,211.18092346191406
1784891159243588352,14.762269496917725,210.66452026367188
1784891159253507328,14.772188425064087,210.1116943359375
1784891159263427584,14.782108545303345,209.69503784179688
1784891159273346304,14.792027473449707,209.4759521484375
1784891159283266560,14.801947593688965,209.39292907714844
1784891159293185536,14.811866521835327,209.46363830566406
1784891159303105536,14.821786642074585,209.78762817382812
1784891159313024512,14.831705570220947,210.0166778564453
1784891159322942464,14.841623544692993,210.2274169921875
1784891159332862720,14.851543664932251,210.40786743164062
1784891159342781440,14.861462593078613,210.5780487060547
1784891159352701440,14.871382474899292,210.74588012695312
1784891159362620672,14.881301641464233,210.92498779296875
1784891159372540416,14.891221523284912,211.14825439453125
1784891159382459648,14.901140689849854,211.4071502685547
1784891159392379648,14.911060571670532,211.7419891357422
1784891159402298368,14.920979499816895,212.11929321289062
1784891159412218624,14.930899620056152,212.47093200683594
1784891159422138368,14.940819501876831,212.86251831054688
1784891159432057600,14.950738668441772,213.3613739013672
1784891159441977600,14.960658550262451,213.97573852539062
1784891159451896320,14.970577478408813,214.59744262695312
1784891159461816576,14.980497598648071,215.18841552734375
1784891159471735552,14.990416526794434,215.77545166015625
1784891159481655552,15.000336647033691,216.36666870117188
1784891159491574528,15.010255575180054,217.0220184326172
1784891159501494528,15.020175457000732,217.739990234375
1784891159511414528,15.03009557723999,218.4833526611328
1784891159521333504,15.040014505386353,219.2198944091797
1784891159531253504,15.04993462562561,219.8811798095703
1784891159541172480,15.059853553771973,220.48023986816406
1784891159551092736,15.06977367401123,221.0308074951172
1784891159561011456,15.079692602157593,221.5718994140625
1784891159570931456,15.089612483978271,222.1404266357422
1784891159580851456,15.09953260421753,222.7419891357422
1784891159590770432,15.109451532363892,223.34213256835938
1784891159600690688,15.11937165260315,223.87049865722656
1784891159610609408,15.129290580749512,224.35240173339844
1784891159620529408,15.13921046257019,224.88729858398438
1784891159630448640,15.149129629135132,225.48728942871094
1784891159640368384,15.15904951095581,226.09115600585938
1784891159650287616,15.168968677520752,226.66041564941406
1784891159660207616,15.17888855934143,227.19921875
1784891159670127616,15.188808679580688,227.74632263183594
1784891159680046592,15.19872760772705,228.2998809814453
1784891159689966336,15.20864748954773,228.8686981201172
1784891159699885568,15.218566656112671,229.4659881591797
1784891159709805568,15.22848653793335,230.0292205810547
1784891159719724544,15.238405466079712,230.5506134033203
1784891159729644544,15.24832558631897,231.00938415527344
1784891159739563520,15.258244514465332,231.3920440673828
1784891159749483520,15.26816463470459,231.68638610839844
1784891159759403520,15.278084516525269,231.90663146972656
1784891159769322752,15.28800368309021,232.0328826904297
1784891159779242496,15.297923564910889,232.073486328125
1784891159789161472,15.307842493057251,232.00291442871094
1784891159799081472,15.317762613296509,231.7695770263672
1784891159809000448,15.327681541442871,231.36952209472656
1784891159818920704,15.337601661682129,230.8736114501953
1784891159828839424,15.347520589828491,230.3217315673828
1784891159838759424,15.35744047164917,229.7184295654297
1784891159848678656,15.367359638214111,229.09046936035156
1784891159858598400,15.37727952003479,228.5307159423828
1784891159868518656,15.387199640274048,227.95082092285156
1784891159878437632,15.39711856842041,227.2887725830078
1784891159888357632,15.407038688659668,226.60394287109375
1784891159898276608,15.41695761680603,225.85577392578125
1784891159908196352,15.426877498626709,225.1583709716797
1784891159918115584,15.43679666519165,224.49057006835938
1784891159928035584,15.446716547012329,223.80772399902344
1784891159937954304,15.456635475158691,223.04161071777344
1784891159947874560,15.46655559539795,222.1081085205078
1784891159957794304,15.476475477218628,220.9637908935547
1784891159967713536,15.48639464378357,219.69775390625
1784891159977633536,15.496314525604248,218.37020874023438
1784891159987552512,15.50623345375061,216.99288940429688
1784891159997472512,15.516153573989868,215.57362365722656
1784891160007391488,15.52607250213623,214.03610229492188
1784891160017311488,15.535992622375488,212.30213928222656
1784891160027230464,15.54591155052185,210.3546600341797
1784891160037150720,15.555831670761108,208.34866333007812
1784891160047070464,15.565751552581787,206.52183532714844
1784891160056989440,15.57567048072815,204.67039489746094
1784891160066909440,15.585590600967407,202.92446899414062
1784891160076828416,15.59550952911377,201.79019165039062
1784891160086748672,15.605429649353027,200.9674530029297
1784891160096667648,15.61534857749939,200.16647338867188
1784891160106587392,15.625268459320068,199.3629608154297
1784891160116506624,15.63518762588501,199.15577697753906
1784891160126426368,15.645107507705688,200.15980529785156
1784891160136346624,15.655027627944946,201.24215698242188
1784891160146265600,15.664946556091309,202.5233612060547
1784891160156185600,15.674866676330566,203.52145385742188
1784891160166104576,15.684785604476929,203.6641845703125
1784891160176024320,15.694705486297607,202.95045471191406
1784891160185943552,15.704624652862549,203.1012725830078
1784891160195863552,15.714544534683228,204.05477905273438
1784891160205782528,15.72446346282959,205.63136291503906
1784891160215702528,15.734383583068848,208.6682891845703
1784891160225622528,15.744303464889526,212.7330322265625
1784891160235541504,15.754222631454468,216.82472229003906
1784891160245461504,15.764142513275146,222.0400848388672
1784891160255380736,15.774061679840088,227.94129943847656
1784891160265300480,15.783981561660767,234.06089782714844
1784891160275219456,15.793900489807129,240.16448974609375
1784891160285139456,15.803820610046387,246.78822326660156
1784891160295058432,15.813739538192749,254.1782989501953
1784891160304978688,15.823659658432007,262.4670715332031
1784891160314898432,15.833579540252686,273.7795715332031
1784891160324818688,15.843499660491943,232.85401916503906
1784891160334738688,15.853419780731201,231.2631072998047
1784891160344657664,15.863338708877563,229.5316619873047
1784891160354577664,15.873258590698242,227.7161102294922
1784891160364496640,15.883177757263184,225.50660705566406
1784891160374416640,15.893097639083862,222.85594177246094
1784891160384336640,15.90301775932312,219.14044189453125
1784891160394255616,15.912936687469482,214.53134155273438
1784891160404175872,15.92285680770874,0.7009696960449219
1784891160414094592,15.932775735855103,4.483994483947754
1784891160424014592,15.942695617675781,7.140463829040527
1784891160433933824,15.952614784240723,9.40661334991455
1784891160443853568,15.962534666061401,10.968958854675293
1784891160453772544,15.972453594207764,11.157885551452637
1784891160463692544,15.982373714447021,9.717730522155762
1784891160473612544,15.9922935962677,7.692215919494629
1784891160483531776,16.00221276283264,5.949038505554199
1784891160493451520,16.01213264465332,4.130748748779297
1784891160503370752,16.02205181121826,1.0150871276855469
1784891160513290752,16.03197169303894,355.85382080078125
1784891160523209472,16.041890621185303,348.7161560058594
1784891160533129728,16.05181074142456,340.21649169921875
1784891160543048704,16.061729669570923,331.017333984375
1784891160552968704,16.07164978981018,322.0385437011719
1784891160562888704,16.08156967163086,313.63189697265625
1784891160572807424,16.09148859977722,305.75030517578125
1784891160582727680,16.10140872001648,297.9881286621094
1784891160592646656,16.111327648162842,290.3484191894531
1784891160602566656,16.1212477684021,282.895751953125
1784891160612485632,16.131166696548462,275.6685485839844
1784891160622405632,16.14108657836914,268.7282409667969
1784891160632324608,16.151005744934082,262.1669006347656
1784891160642244608,16.16092562675476,256.11700439453125
1784891160652164608,16.17084574699402,250.55540466308594
1784891160662083584,16.18076467514038,245.27162170410156
1784891160672003840,16.19068479537964,239.96401977539062
1784891160681922560,16.200603723526,234.5153350830078
1784891160691842560,16.21052360534668,229.01919555664062
1784891160701761792,16.22044277191162,223.79151916503906
1784891160711681536,16.2303626537323,219.10440063476562
1784891160721600512,16.240281581878662,215.1187286376953
1784891160731520768,16.25020170211792,211.07611083984375
1784891160741440512,16.2601215839386,208.06727600097656
1784891160751359744,16.27004075050354,206.62191772460938
1784891160761279488,16.27996063232422,205.3894500732422
1784891160771198720,16.28987979888916,204.31214904785156
1784891160781118720,16.29979968070984,203.25271606445312
1784891160791037440,16.3097186088562,202.2427520751953
1784891160800957696,16.31963872909546,201.4515380859375
1784891160810876672,16.32955765724182,200.87771606445312
1784891160820796672,16.33947777748108,200.43260192871094
1784891160830716672,16.349397659301758,200.1647491455078
1784891160840635648,16.35931658744812,200.0259552001953
1784891160850555648,16.369236707687378,200.04254150390625
1784891160860474624,16.37915563583374,200.12892150878906
1784891160870394624,16.389075756072998,200.20571899414062
1784891160880313600,16.39899468421936,200.34249877929688
1784891160890233856,16.408914804458618,200.62757873535156
1784891160900152576,16.41883373260498,200.8920440673828
1784891160910072576,16.42875361442566,201.07406616210938
1784891160919992576,16.438673734664917,201.36935424804688
1784891160929911552,16.44859266281128,201.73817443847656
1784891160939831808,16.458512783050537,202.12777709960938
1784891160949750784,16.4684317111969,202.9700164794922
1784891160959670528,16.478351593017578,203.64939880371094
1784891160969589760,16.48827075958252,204.13417053222656
1784891160979509504,16.4981906414032,204.55174255371094
1784891160989428736,16.50810980796814,204.87490844726562
1784891160999348736,16.51802968978882,205.03233337402344
1784891161009268736,16.527949810028076,205.03094482421875
1784891161019187712,16.53786873817444,204.99246215820312
1784891161029107456,16.547788619995117,205.02462768554688
1784891161039026688,16.55770778656006,205.13330078125
1784891161048946688,16.567627668380737,205.33468627929688
1784891161058865664,16.5775465965271,205.60491943359375
1784891161068785664,16.587466716766357,205.81834411621094
1784891161078704640,16.59738564491272,205.9977264404297
1784891161088624640,16.607305765151978,206.1396026611328
1784891161098544640,16.617225646972656,206.18972778320312
1784891161108463872,16.627144813537598,206.1421356201172
1784891161118383616,16.637064695358276,206.02635192871094
1784891161128302592,16.64698362350464,205.8921661376953
1784891161138222592,16.656903743743896,205.7332000732422
1784891161148141568,16.66682267189026,205.47296142578125
1784891161158061824,16.676742792129517,205.2243194580078
1784891161167980544,16.68666172027588,204.96469116210938
1784891161177900544,16.696581602096558,204.62506103515625
1784891161187820800,16.706501722335815,204.2836151123047
1784891161197739520,16.716420650482178,203.9136505126953
1784891161207659776,16.726340770721436,203.4355926513672
1784891161217578752,16.736259698867798,202.75357055664062
1784891161227498496,16.746179580688477,201.90237426757812
1784891161237417728,16.756098747253418,200.98138427734375
1784891161247337472,16.766018629074097,200.118408203125
1784891161257256704,16.775937795639038,199.39682006835938
1784891161267176704,16.785857677459717,198.8159637451172
1784891161277096704,16.795777797698975,198.38465881347656
1784891161287015680,16.805696725845337,198.08607482910156
1784891161296935680,16.815616607666016,197.9433135986328
1784891161306854656,16.825535774230957,197.86534118652344
1784891161316774656,16.835455656051636,197.87393188476562
1784891161326693888,16.845374822616577,198.04248046875
1784891161336613888,16.855294942855835,198.35421752929688
1784891161346532864,16.865213871002197,198.8204345703125
1784891161356452864,16.875133991241455,199.3763427734375
1784891161366372864,16.885053873062134,199.96646118164062
1784891161376291840,16.894972801208496,200.56201171875
1784891161386211840,16.904892921447754,201.12449645996094
1784891161396130816,16.914811849594116,201.682861328125
1784891161406050816,16.924731969833374,202.26625061035156
1784891161415969792,16.934650897979736,202.8706817626953
1784891161425890048,16.944571018218994,203.50978088378906
1784891161435809024,16.954489946365356,204.16578674316406
1784891161445728768,16.964409828186035,204.81475830078125
1784891161455649024,16.974329948425293,205.45413208007812
1784891161465567744,16.984248876571655,206.05686950683594
1784891161475488000,16.994168996810913,206.68479919433594
1784891161485406976,17.004087924957275,207.3526153564453
1784891161495326720,17.014007806777954,208.0342254638672
1784891161505245952,17.023926973342896,208.69735717773438
1784891161515165696,17.033846855163574,209.33499145507812
1784891161525085952,17.043766975402832,209.95616149902344
1784891161535004928,17.053685903549194,210.61013793945312
1784891161544924672,17.063605785369873,211.32086181640625
1784891161554843904,17.073524951934814,212.05563354492188
1784891161564763904,17.083444833755493,212.79917907714844
1784891161574682880,17.093364000320435,213.53256225585938
1784891161584602880,17.103283882141113,214.23974609375
1784891161594521856,17.113202810287476,214.90731811523438
1784891161604441856,17.123122930526733,215.5299072265625
1784891161614361856,17.133042812347412,216.14578247070312
1784891161624280832,17.142961978912354,216.773681640625
1784891161634200832,17.152881860733032,217.4014129638672
1784891161644119808,17.162800788879395,218.03443908691406
1784891161654039808,17.172720909118652,218.6602325439453
1784891161663958784,17.182639837265015,219.26756286621094
1784891161673878784,17.192559957504272,219.85203552246094
1784891161683797760,17.202478885650635,220.4004364013672
1784891161693718016,17.212399005889893,220.91844177246094
1784891161703637760,17.22231888771057,221.41387939453125
1784891161713556736,17.232237815856934,221.8672332763672
1784891161723476992,17.24215793609619,222.2392120361328
1784891161733395712,17.252076864242554,222.5142364501953
1784891161743315968,17.26199698448181,222.70339965820312
1784891161753234944,17.271915912628174,222.8809051513672
1784891161763154688,17.281835794448853,223.07711791992188
1784891161773073920,17.291754961013794,223.22923278808594
1784891161782993920,17.301674842834473,223.2799530029297
1784891161792912896,17.311594009399414,223.2318878173828
1784891161802832896,17.321513891220093,223.1207733154297
1784891161812752896,17.33143401145935,222.9590301513672
1784891161822671872,17.341352939605713,222.73309326171875
1784891161832591872,17.35127282142639,222.4626007080078
1784891161842510848,17.361191987991333,222.12013244628906
1784891161852430848,17.37111186981201,221.71865844726562
1784891161862349824,17.381030797958374,221.28387451171875
1784891161872269824,17.390950918197632,220.73707580566406
1784891161882188800,17.400869846343994,220.091552734375
1784891161892108800,17.410789966583252,219.18746948242188
1784891161902028800,17.42070984840393,218.0948028564453
1784891161911948032,17.430629014968872,216.96734619140625
1784891161921867776,17.44054889678955,215.8689422607422
1784891161931786752,17.450467824935913,214.84951782226562
1784891161941707008,17.46038794517517,213.8939208984375
1784891161951625728,17.470306873321533,213.0282745361328
1784891161961545984,17.48022699356079,212.2595672607422
1784891161971464960,17.490145921707153,211.53761291503906
1784891161981384704,17.500065803527832,210.7771759033203
1784891161991304960,17.50998592376709,210.0070037841797
1784891162001223680,17.519904851913452,209.20529174804688
1784891162011143936,17.52982497215271,208.28358459472656
1784891162021062912,17.539743900299072,207.1353302001953
1784891162030982912,17.54966402053833,205.6795196533203
1784891162040901888,17.559582948684692,204.04461669921875
1784891162050821888,17.56950283050537,202.15455627441406
1784891162060741888,17.57942295074463,200.11123657226562
1784891162070660864,17.58934187889099,198.38726806640625
1784891162080580864,17.59926199913025,196.7797393798828
1784891162090499840,17.60918092727661,195.23696899414062
1784891162100419840,17.61910080909729,194.0802764892578
1784891162110338816,17.62901997566223,192.85174560546875
1784891162120258816,17.63893985748291,192.0745849609375
1784891162130177792,17.648858785629272,191.70213317871094
1784891162140097792,17.65877890586853,191.42520141601562
1784891162150017792,17.66869878768921,192.0151824951172
1784891162159937024,17.67861795425415,192.6510467529297
1784891162169856768,17.68853783607483,193.1358184814453
1784891162179776000,17.69845700263977,194.19920349121094
1784891162189695744,17.70837688446045,194.5851593017578
1784891162199614720,17.71829581260681,192.87782287597656
1784891162209534976,17.72821593284607,192.6659698486328
1784891162219453696,17.73813486099243,193.95761108398438
1784891162229373952,17.74805498123169,195.94078063964844
1784891162239293696,17.757974863052368,198.58758544921875
1784891162249212672,17.76789379119873,202.001708984375
1784891162259132928,17.77781391143799,206.81228637695312
1784891162269051904,17.78773283958435,212.10641479492188
1784891162278971904,17.79765295982361,218.114990234375
1784891162288890880,17.80757188796997,225.22731018066406
1784891162298810880,17.81749200820923,232.55259704589844
1784891162308730880,17.827411890029907,240.4415740966797
1784891162318649856,17.83733081817627,249.3275909423828
1784891162328570112,17.847251176834106,259.3652648925781
1784891162338489344,17.857170343399048,270.63800048828125
1784891162348409088,17.867090225219727,283.1039123535156
1784891162358328320,17.877009391784668,296.3210144042969
1784891162368248320,17.886929273605347,309.83428955078125
1784891162378167040,17.89684820175171,321.62591552734375
1784891162388087296,17.906768321990967,332.2644958496094
1784891162398007040,17.916688203811646,341.9698791503906
1784891162407926272,17.926607370376587,350.1082763671875
1784891162417846272,17.936527252197266,356.59454345703125
1784891162427765248,17.946446180343628,0.6327896118164062
1784891162437685248,17.956366300582886,3.0595788955688477
1784891162447604224,17.966285228729248,5.617876052856445
1784891162457524224,17.976205348968506,7.074736595153809
1784891162467443200,17.986124277114868,7.914111137390137
1784891162477363456,17.996044397354126,8.415495872497559
1784891162487283200,18.005964279174805,8.190886497497559
1784891162497202176,18.015883207321167,6.779425621032715
1784891162507122176,18.025803327560425,4.460321426391602
1784891162517041152,18.035722255706787,1.948960304260254
1784891162526961408,18.045642375946045,359.31951904296875
1784891162536880128,18.055561304092407,356.21453857421875
1784891162546800128,18.065481185913086,351.9101257324219
1784891162556719360,18.075400352478027,346.1520690917969
1784891162566639104,18.085320234298706,339.0601501464844
1784891162576559360,18.095240354537964,331.0055236816406
1784891162586478336,18.105159282684326,322.6164245605469
1784891162596398080,18.115079164505005,314.4878845214844
1784891162606317312,18.124998331069946,306.87200927734375
1784891162616237056,18.134918212890625,299.47247314453125
1784891162626156288,18.144837379455566,292.0102233886719
1784891162636076288,18.154757261276245,284.6594543457031
1784891162645995264,18.164676189422607,277.72308349609375
1784891162655915264,18.174596309661865,271.3525085449219
1784891162665835264,18.184516191482544,265.3114929199219
1784891162675754240,18.194435358047485,259.3390808105469
1784891162685674240,18.204355239868164,253.53517150878906
1784891162695593216,18.214274168014526,248.21238708496094
1784891162705513216,18.224194288253784,243.3693389892578
1784891162715432192,18.234113216400146,238.67431640625
1784891162725352192,18.244033336639404,233.92198181152344
1784891162735271168,18.253952264785767,229.25816345214844
1784891162745191424,18.263872385025024,224.65846252441406
1784891162755111168,18.273792266845703,220.08401489257812
1784891162765030144,18.283711194992065,216.0081787109375
1784891162774950144,18.293631315231323,212.34300231933594
1784891162784869120,18.303550243377686,209.26092529296875
1784891162794789376,18.313470363616943,206.6256866455078
1784891162804708352,18.323389291763306,205.2023468017578
1784891162814628096,18.333309173583984,203.6610107421875
1784891162824547328,18.343228340148926,201.9192352294922
1784891162834467072,18.353148221969604,200.03175354003906
1784891162844387328,18.363068342208862,198.37860107421875
1784891162854306304,18.372987270355225,197.05747985839844
1784891162864226304,18.382907390594482,196.02281188964844
1784891162874145280,18.392826318740845,195.13528442382812
1784891162884065024,18.402746200561523,195.20919799804688
1784891162893984256,18.412665367126465,195.49319458007812
1784891162903904256,18.422585248947144,195.86917114257812
1784891162913824256,18.4325053691864,196.3729705810547
1784891162923743232,18.442424297332764,197.02151489257812
1784891162933663232,18.452344179153442,197.6748809814453
1784891162943582208,18.462263345718384,198.39453125
1784891162953502208,18.472183227539062,199.31756591796875
1784891162963421440,18.482102394104004,200.24578857421875
1784891162973341184,18.492022275924683,201.22288513183594
1784891162983260160,18.501941204071045,202.26553344726562
1784891162993180160,18.511861324310303,203.52740478515625
1784891163003100160,18.52178120613098,205.13970947265625
1784891163013019392,18.531700372695923,206.77517700195312
1784891163022939136,18.5416202545166,208.29466247558594
1784891163032858112,18.551539182662964,209.81130981445312
1784891163042778368,18.56145930290222,211.22238159179688
1784891163052697088,18.571378231048584,212.43727111816406
1784891163062617344,18.581298351287842,213.48785400390625
1784891163072536320,18.591217279434204,214.38037109375
1784891163082456064,18.601137161254883,214.40289306640625
1784891163092375296,18.611056327819824,215.199951171875
1784891163102295040,18.620976209640503,216.0676727294922
1784891163112215296,18.63089632987976,217.02378845214844
1784891163122134272,18.640815258026123,218.06825256347656
1784891163132054272,18.65073537826538,219.21823120117188
1784891163141973248,18.660654306411743,220.516845703125
1784891163151893248,18.670574188232422,221.90701293945312
1784891163161812224,18.680493354797363,223.23228454589844
1784891163171732224,18.690413236618042,224.3799591064453
1784891163181651200,18.700332164764404,225.40658569335938
1784891163191571200,18.710252285003662,226.30712890625
1784891163201491200,18.72017216682434,227.04127502441406
1784891163211410176,18.730091333389282,227.68702697753906
1784891163221330176,18.74001121520996,228.26927185058594
1784891163231249408,18.749930381774902,228.78443908691406
1784891163241169152,18.75985026359558,229.29649353027344
1784891163251088128,18.769769191741943,229.7722930908203
1784891163261008384,18.7796893119812,230.15823364257812
1784891163270927104,18.789608240127563,230.44320678710938
1784891163280847360,18.79952836036682,230.6757354736328
1784891163290767104,18.8094482421875,230.9627227783203
1784891163300686080,18.819367170333862,231.35227966308594
1784891163310606336,18.82928729057312,231.8074493408203
1784891163320525056,18.839206218719482,232.27757263183594
1784891163330444800,18.849125862121582,232.86473083496094
1784891163340363776,18.859044790267944,233.50193786621094
1784891163350283776,18.868964910507202,234.11940002441406
1784891163360202752,18.878883838653564,234.66383361816406
1784891163370122752,18.888803720474243,235.19398498535156
1784891163380041728,18.898722887039185,235.73548889160156
1784891163389961728,18.908642768859863,236.3883056640625
1784891163399881728,18.91856288909912,237.0396270751953
1784891163409800704,18.928481817245483,237.8017578125
1784891163419720960,18.93840193748474,238.60096740722656
1784891163429639936,18.948320865631104,239.4501495361328
1784891163439559680,18.958240747451782,240.30091857910156
1784891163449478912,18.968159914016724,241.1227264404297
1784891163459398656,18.978079795837402,241.9756622314453
1784891163469317632,18.987998723983765,242.82872009277344
1784891163479237888,18.997918844223022,243.73399353027344
1784891163489157632,19.0078387260437,244.66961669921875
1784891163499076864,19.017757892608643,245.6257781982422
1784891163508996608,19.02767777442932,246.55812072753906
1784891163518915584,19.037596702575684,247.43943786621094
1784891163528835840,19.04751682281494,248.3224334716797
1784891163538754816,19.057435750961304,249.20228576660156
1784891163548674816,19.06735587120056,249.60997009277344
1784891163558593792,19.077274799346924,250.0540008544922
1784891163568513792,19.08719491958618,250.54457092285156
1784891163578433792,19.09711480140686,251.0426788330078
1784891163588352768,19.107033729553223,251.5519561767578
1784891163598272768,19.11695384979248,252.06822204589844
1784891163608191744,19.126872777938843,252.57411193847656
1784891163618111744,19.1367928981781,253.0430450439453
1784891163628030720,19.146711826324463,253.5061798095703
1784891163637950720,19.15663170814514,253.98521423339844
1784891163647869952,19.166550874710083,254.4808807373047
1784891163657789696,19.17647075653076,254.9971160888672
1784891163667708928,19.186389923095703,255.5236053466797
1784891163677628672,19.196309804916382,256.0841369628906
1784891163687548928,19.20622992515564,256.65234375
1784891163697467904,19.216148853302002,257.1748046875
1784891163707387648,19.22606873512268,257.6307067871094
1784891163717306880,19.235987901687622,258.06976318359375
1784891163727226624,19.2459077835083,258.5246276855469
1784891163737145600,19.255826711654663,258.9687805175781
1784891163747065856,19.26574683189392,259.4257507324219
1784891163756984832,19.275665760040283,259.89453125
1784891163766904832,19.28558588027954,260.3794250488281
1784891163776824832,19.29550576210022,260.859375
1784891163786743808,19.30542492866516,261.3272705078125
1784891163796663808,19.31534481048584,261.7628173828125
1784891163806582784,19.325263738632202,262.13885498046875
1784891163816502784,19.33518385887146,262.4558410644531
1784891163826421760,19.345102787017822,262.7404479980469
1784891163836341760,19.35502290725708,263.0198059082031
1784891163846260736,19.364941835403442,263.3323059082031
1784891163856180736,19.37486171722412,263.6969909667969
1784891163866099712,19.384780883789062,264.1430358886719
1784891163876019712,19.39470076560974,264.69525146484375
1784891163885939712,19.404620885849,265.27239990234375
1784891163895858688,19.41453981399536,265.8462829589844
1784891163905778944,19.42445993423462,266.38629150390625
1784891163915697920,19.43437886238098,266.8403015136719
1784891163925617664,19.44429874420166,267.2181701660156
1784891163935536896,19.4542179107666,267.5166931152344
1784891163945456640,19.46413779258728,267.7895812988281
1784891163955375616,19.474056720733643,268.0557861328125
1784891163965295872,19.4839768409729,268.26007080078125
1784891163975215616,19.49389672279358,268.4118957519531
1784891163985134848,19.50381588935852,268.4785461425781
1784891163995054848,19.5137357711792,268.46051025390625
1784891164004973824,19.52365493774414,268.3475036621094
1784891164014893824,19.53357481956482,268.11468505859375
1784891164024812800,19.54349374771118,267.7585754394531
1784891164034732800,19.55341386795044,267.38079833984375
1784891164044651776,19.5633327960968,267.0027770996094
1784891164054571776,19.57325291633606,266.5883483886719
1784891164064490752,19.583171844482422,266.1643981933594
1784891164074410752,19.5930917263031,265.76116943359375
1784891164084330752,19.60301184654236,265.3392028808594
1784891164094249728,19.61293077468872,264.8536071777344
1784891164104169728,19.62285089492798,264.2942199707031
1784891164114088704,19.63276982307434,263.7632141113281
1784891164124008704,19.64268970489502,263.2984924316406
1784891164133927936,19.65260887145996,262.8867492675781
1784891164143847680,19.66252875328064,262.4719543457031
1784891164153766912,19.67244791984558,261.9092102050781
1784891164163686656,19.68236780166626,261.1453552246094
1784891164173605632,19.692286729812622,260.0459289550781
1784891164183525888,19.70220685005188,258.4909362792969
1784891164193445632,19.71212673187256,256.7257385253906
1784891164203364864,19.7220458984375,254.8723907470703
1784891164213284608,19.73196578025818,252.92127990722656
1784891164223203584,19.74188470840454,250.8347625732422
1784891164233123840,19.7518048286438,248.6118621826172
1784891164243042816,19.76172375679016,246.5909881591797
1784891164252962816,19.77164387702942,245.1138458251953
1784891164262881792,19.78156280517578,243.89051818847656
1784891164272801792,19.79148292541504,242.88621520996094
1784891164282720768,19.8014018535614,242.1040802001953
1784891164292640768,19.81132173538208,241.67625427246094
1784891164302560768,19.821241855621338,241.0384979248047
1784891164312479744,19.8311607837677,241.0072479248047
1784891164322399744,19.841080904006958,241.83714294433594
1784891164332318976,19.8510000705719,242.58201599121094
1784891164342238976,19.860919952392578,242.48439025878906
1784891164352157952,19.87083911895752,241.79537963867188
1784891164362077952,19.8807590007782,240.6132354736328
1784891164371996928,19.89067792892456,239.60787963867188
1784891164381916928,19.90059804916382,240.11683654785156
1784891164391836928,19.910517930984497,241.3832244873047
1784891164401756160,19.92043709754944,243.42848205566406
1784891164411675904,19.930356979370117,246.92189025878906
1784891164421595136,19.94027614593506,250.5811004638672
1784891164431514880,19.950196027755737,254.8200225830078
1784891164441433856,19.9601149559021,259.8412170410156
1784891164451354112,19.970035076141357,265.7459716796875
1784891164461272832,19.97995400428772,271.46685791015625
1784891164471193088,19.989874124526978,278.6959533691406
1784891164481112832,19.999794006347656,287.2940368652344
1784891164491031808,20.00971293449402,297.8832092285156
1784891164500952064,20.019633054733276,274.3736877441406
1784891164510871040,20.02955198287964,273.3708190917969
1784891164520791040,20.039472103118896,272.6885986328125
1784891164530710016,20.04939103126526,272.0294189453125
1784891164540629760,20.059310913085938,271.1598205566406
1784891164550548992,20.06923007965088,269.7081298828125
1784891164560468992,20.079149961471558,267.5478210449219
1784891164570387968,20.0890691280365,264.63995361328125
1784891164580307968,20.098989009857178,261.26416015625
1784891164590227968,20.108909130096436,257.22210693359375
1784891164600146944,20.118828058242798,46.193172454833984
1784891164610066944,20.128747940063477,48.66449737548828
1784891164619986176,20.138667106628418,50.465328216552734
1784891164629905920,20.148586988449097,51.83877944946289
1784891164639824896,20.15850591659546,52.30042266845703
1784891164649744896,20.168426036834717,51.90891647338867
1784891164659663872,20.17834496498108,50.18678665161133
1784891164669584128,20.188265085220337,47.79051208496094
1784891164679503872,20.198184967041016,45.499000549316406
1784891164689423104,20.208104133605957,43.36943054199219
1784891164699342848,20.218024015426636,40.55819320678711
1784891164709261824,20.227942943572998,36.47146224975586
1784891164719182080,20.237863063812256,31.222854614257812
1784891164729101056,20.247781991958618,24.973182678222656
1784891164739021056,20.257702112197876,17.82947540283203
1784891164748940032,20.26762104034424,10.166543006896973
1784891164758859776,20.277540922164917,2.5023727416992188
1784891164768779008,20.28746008872986,355.0909729003906
1784891164778699008,20.297379970550537,347.8898620605469
1784891164788619008,20.307300090789795,340.6402893066406
1784891164798537984,20.317219018936157,333.3098449707031
1784891164808457984,20.327139139175415,326.1219177246094
1784891164818376960,20.337058067321777,319.25494384765625
1784891164828296960,20.346977949142456,312.7115783691406
1784891164838216192,20.356897115707397,306.3697509765625
1784891164848135936,20.366816997528076,300.22149658203125
1784891164858054912,20.37673592567444,294.4997253417969
1784891164867974912,20.386656045913696,289.2783203125
1784891164877894912,20.396575927734375,284.3507995605469
1784891164887814144,20.406495094299316,279.46697998046875
1784891164897733888,20.416414976119995,274.5286560058594
1784891164907653120,20.426334142684937,269.71087646484375
1784891164917572864,20.436254024505615,265.1249084472656
1784891164927491840,20.446172952651978,260.8040771484375
1784891164937412096,20.456093072891235,256.81622314453125
1784891164947331072,20.466012001037598,253.45606994628906
1784891164957251072,20.475932121276855,250.62681579589844
1784891164967170048,20.485851049423218,249.1682891845703
1784891164977089792,20.495770931243896,247.6742706298828
1784891164987010048,20.505691051483154,245.84568786621094
1784891164996929024,20.515609979629517,243.9399871826172
1784891165006849024,20.525530099868774,242.21067810058594
1784891165016768000,20.535449028015137,240.8567352294922
1784891165026688000,20.545369148254395,239.74392700195312
1784891165036606976,20.555288076400757,238.8143768310547
1784891165046526976,20.565207958221436,238.08204650878906
1784891165056445952,20.575127124786377,237.48118591308594
1784891165066365952,20.585047006607056,236.93247985839844
1784891165076284928,20.594965934753418,236.3574981689453
1784891165086204928,20.604886054992676,235.86146545410156
1784891165096124928,20.614805936813354,235.41770935058594
1784891165106044160,20.624725103378296,235.04945373535156
1784891165115963904,20.634644985198975,234.6400604248047
1784891165125882880,20.644563913345337,234.4873046875
1784891165135802880,20.654484033584595,234.2749786376953
1784891165145721856,20.664402961730957,234.1257781982422
1784891165155642112,20.674323081970215,234.1221466064453
1784891165165561088,20.684242010116577,234.64906311035156
1784891165175481088,20.694162130355835,235.2190704345703
1784891165185401088,20.704082012176514,235.5559844970703
1784891165195319808,20.714000940322876,236.05677795410156
1784891165205240064,20.723921060562134,236.6167755126953
1784891165215159040,20.733839988708496,237.0868377685547
1784891165225079040,20.743760108947754,237.55494689941406
1784891165234998016,20.753679037094116,238.1125946044922
1784891165244917760,20.763598918914795,238.69068908691406
1784891165254836992,20.773518085479736,239.3391571044922
1784891165264756992,20.783437967300415,239.9211883544922
1784891165274675968,20.793357133865356,240.404296875
1784891165284595968,20.803277015686035,240.76278686523438
1784891165294515968,20.813197135925293,240.9925994873047
1784891165304434944,20.823116064071655,240.99649047851562
1784891165314354944,20.833035945892334,240.83912658691406
1784891165324274176,20.842955112457275,240.5688018798828
1784891165334194176,20.852875232696533,240.22276306152344
1784891165344113408,20.862794399261475,239.89883422851562
1784891165354033152,20.872714281082153,239.5201416015625
1784891165363952128,20.882633209228516,239.0227508544922
1784891165373872384,20.892553329467773,238.4509735107422
1784891165383791104,20.902472257614136,237.8503875732422
1784891165393711360,20.912392377853394,237.2033233642578
1784891165403631104,20.922312259674072,236.65956115722656
1784891165413550336,20.932231426239014,236.40684509277344
1784891165423470336,20.942151308059692,236.4879913330078
1784891165433389312,20.952070236206055,236.9871826171875
1784891165443309312,20.961990356445312,238.02468872070312
1784891165453228288,20.971909284591675,239.54290771484375
1784891165463148288,20.981829404830933,241.4519500732422
1784891165473067264,20.991748332977295,243.58241271972656
1784891165482987264,21.001668214797974,245.78668212890625
1784891165492906240,21.011587381362915,248.02281188964844
1784891165502826240,21.021507263183594,250.2738800048828
1784891165512746240,21.03142738342285,252.6161651611328
1784891165522665216,21.041346311569214,255.06385803222656
1784891165532585472,21.05126643180847,257.6236267089844
1784891165542504192,21.061185359954834,260.079833984375
1784891165552424192,21.071105241775513,262.2089538574219
1784891165562343424,21.081024408340454,263.861572265625
1784891165572263168,21.090944290161133,265.0982360839844
1784891165582182144,21.100863218307495,265.9886779785156
1784891165592102400,21.110783338546753,266.71405029296875
1784891165602021120,21.120702266693115,267.4747619628906
1784891165611941376,21.130622386932373,268.2491149902344
1784891165621861120,21.14054226875305,269.0096130371094
1784891165631780352,21.150461435317993,269.678955078125
1784891165641700352,21.160381317138672,270.2267761230469
1784891165651619072,21.170300245285034,270.5725402832031
1784891165661539328,21.180220365524292,270.59503173828125
1784891165671458304,21.190139293670654,270.4142761230469
1784891165681378304,21.200059413909912,270.2383728027344
1784891165691297280,21.209978342056274,270.1307373046875
1784891165701217280,21.219898223876953,270.1281433105469
1784891165711137280,21.22981834411621,270.2218322753906
1784891165721056256,21.239737272262573,270.3758850097656
1784891165730976256,21.24965739250183,270.52020263671875
1784891165740895232,21.259576320648193,270.6195068359375
1784891165750815232,21.269496202468872,270.6194152832031
1784891165760734208,21.279415369033813,270.4780578613281
1784891165770654208,21.289335250854492,270.2772216796875
1784891165780573440,21.299254417419434,270.0533142089844
1784891165790493184,21.309174299240112,269.81182861328125
1784891165800412160,21.319093227386475,269.5744323730469
1784891165810332416,21.329013347625732,269.3512878417969
1784891165820252160,21.33893322944641,269.1263732910156
1784891165830171392,21.348852396011353,268.8824157714844
1784891165840091136,21.35877227783203,268.6061096191406
1784891165850010112,21.368691205978394,268.2857360839844
1784891165859930368,21.37861132621765,267.9615783691406
1784891165869849088,21.388530254364014,267.6906433105469
1784891165879769344,21.39845037460327,267.4920654296875
1784891165889688320,21.408369302749634,267.369384765625
1784891165899608320,21.41828942298889,267.30145263671875
1784891165909527296,21.428208351135254,267.2414855957031
1784891165919447296,21.438128232955933,267.11767578125
1784891165929367296,21.44804835319519,266.8766784667969
1784891165939286272,21.457967281341553,266.5468444824219
1784891165949206272,21.46788740158081,266.1179504394531
1784891165959125248,21.477806329727173,265.6189880371094
1784891165969045248,21.48772621154785,265.0886535644531
1784891165978964224,21.497645378112793,264.54315185546875
1784891165988884224,21.50756525993347,263.9884033203125
1784891165998803456,21.517484426498413,263.46026611328125
1784891166008723200,21.527404308319092,262.9529113769531
1784891166018643456,21.53732442855835,262.4495849609375
1784891166028562432,21.547243356704712,261.9657287597656
1784891166038482176,21.55716323852539,261.4979553222656
1784891166048401408,21.567082405090332,261.058837890625
1784891166058321152,21.57700228691101,260.6412658691406
1784891166068240128,21.586921215057373,260.2095642089844
1784891166078160384,21.59684133529663,259.7528076171875
1784891166088079104,21.606760263442993,259.2981872558594
1784891166097999360,21.61668038368225,258.885986328125
1784891166107918336,21.626599311828613,258.5287170410156
1784891166117838336,21.63651943206787,258.22369384765625
1784891166127758336,21.64643931388855,257.9765625
1784891166137677312,21.656358242034912,257.734619140625
1784891166147597312,21.66627836227417,257.5084533691406
1784891166157516288,21.676197290420532,257.30548095703125
1784891166167436288,21.68611741065979,257.14605712890625
1784891166177355264,21.696036338806152,257.0438537597656
1784891166187275264,21.70595622062683,256.9825134277344
1784891166197194240,21.715875387191772,256.9450378417969
1784891166207114240,21.72579526901245,256.9085388183594
1784891166217034240,21.73571538925171,256.8730163574219
1784891166226953216,21.74563431739807,256.8345947265625
1784891166236873472,21.75555443763733,256.7942810058594
1784891166246792192,21.76547336578369,256.762451171875
1784891166256712192,21.77539324760437,256.7394714355469
1784891166266631424,21.78531241416931,256.7279052734375
1784891166276551168,21.79523229598999,256.7367858886719
1784891166286470144,21.805151224136353,256.8009948730469
1784891166296390400,21.81507134437561,256.91619873046875
1784891166306309120,21.824990272521973,257.0675354003906
1784891166316229376,21.83491039276123,257.2362060546875
1784891166326148864,21.84483003616333,257.4475402832031
1784891166336067840,21.854748964309692,257.7286071777344
1784891166345988096,21.86466908454895,258.1022033691406
1784891166355907072,21.874588012695312,258.5831604003906
1784891166365827072,21.88450813293457,259.1637878417969
1784891166375746048,21.894427061080933,259.800537109375
1784891166385665792,21.90434694290161,260.3964538574219
1784891166395585024,21.914266109466553,260.8995361328125
1784891166405505024,21.92418599128723,261.3468933105469
1784891166415423744,21.934104919433594,261.7405090332031
1784891166425344000,21.94402503967285,262.0585632324219
1784891166435264000,21.95394492149353,262.3139343261719
1784891166445182976,21.96386408805847,262.5143127441406
1784891166455102976,21.97378396987915,262.6274108886719
1784891166465022208,21.983703136444092,262.62548828125
1784891166474941952,21.99362301826477,262.55084228515625
1784891166484860928,22.003541946411133,262.44378662109375
1784891166494780928,22.01346206665039,262.33123779296875
1784891166504699904,22.023380994796753,262.2070617675781
1784891166514620160,22.03330111503601,262.0572509765625
1784891166524538880,22.043220043182373,261.88299560546875
1784891166534458880,22.05313992500305,261.7013244628906
1784891166544378880,22.06306004524231,261.51629638671875
1784891166554297856,22.072978973388672,261.3341369628906
1784891166564218112,22.08289909362793,261.1631164550781
1784891166574137088,22.092818021774292,261.01312255859375
1784891166584057088,22.10273814201355,260.9193115234375
1784891166593976064,22.112657070159912,260.8451843261719
1784891166603895808,22.12257695198059,260.7062072753906
1784891166613815040,22.132496118545532,260.47772216796875
1784891166623735040,22.14241600036621,260.13824462890625
1784891166633655040,22.15233612060547,259.7079772949219
1784891166643574016,22.16225504875183,259.2127990722656
1784891166653493760,22.17217493057251,258.6737365722656
1784891166663412992,22.18209409713745,258.121337890625
1784891166673332992,22.19201397895813,257.5830383300781
1784891166683252224,22.20193314552307,257.0464172363281
1784891166693171968,22.21185302734375,256.4928283691406
1784891166703090944,22.221771955490112,255.8952178955078
1784891166713010944,22.23169207572937,255.20191955566406
1784891166722930944,22.24161195755005,254.4280548095703
1784891166732850176,22.25153112411499,253.6093292236328
1784891166742769920,22.26145100593567,252.79957580566406
1784891166752688896,22.27136993408203,252.0147247314453
1784891166762608896,22.28129005432129,251.2967071533203
1784891166772527872,22.29120898246765,250.61317443847656
1784891166782448128,22.30112910270691,249.94081115722656
1784891166792367104,22.31104803085327,249.27085876464844
1784891166802286848,22.32096791267395,248.62770080566406
1784891166812206080,22.33088707923889,247.9988250732422
1784891166822125824,22.34080696105957,247.3903350830078
1784891166832046080,22.350727081298828,246.81825256347656
1784891166841965056,22.36064600944519,246.2727508544922
1784891166851885056,22.37056612968445,245.7728729248047
1784891166861804032,22.38048505783081,245.3194122314453
1784891166871723776,22.39040493965149,244.89805603027344
1784891166881643008,22.40032410621643,244.54457092285156
1784891166891563008,22.41024398803711,244.23886108398438
1784891166901481984,22.42016291618347,243.96682739257812
1784891166911401984,22.43008303642273,243.72943115234375
1784891166921320960,22.440001964569092,243.48782348632812
1784891166931240960,22.44992208480835,243.2101287841797
1784891166941160960,22.45984196662903,242.88011169433594
1784891166951080192,22.46976113319397,242.4443359375
1784891166960999936,22.47968101501465,241.51258850097656
1784891166970918912,22.48959994316101,240.80389404296875
1784891166980838912,22.49952006340027,239.95567321777344
1784891166990757888,22.50943899154663,238.98329162597656
1784891167000678144,22.51935911178589,237.90907287597656
1784891167010596864,22.52927803993225,236.8298797607422
1784891167020516864,22.53919792175293,235.8649444580078
1784891167030437120,22.549118041992188,235.0154571533203
1784891167040355840,22.55903697013855,234.20187377929688
1784891167050276096,22.568957090377808,233.6088104248047
1784891167060195072,22.57887601852417,232.8314971923828
1784891167070115072,22.588796138763428,232.16285705566406
1784891167080034048,22.59871506690979,231.54339599609375
1784891167089953792,22.60863494873047,230.83287048339844
1784891167099873024,22.61855411529541,230.16954040527344
1784891167109793024,22.62847399711609,229.40310668945312
1784891167119712000,22.63839292526245,228.73985290527344
1784891167129632000,22.64831304550171,228.0792694091797
1784891167139552000,22.658232927322388,227.3269805908203
1784891167149470976,22.66815209388733,226.65325927734375
1784891167159390976,22.678071975708008,225.8899688720703
1784891167169310208,22.68799114227295,224.9860382080078
1784891167179229952,22.697911024093628,223.98121643066406
1784891167189148928,22.70782995223999,222.97154235839844
1784891167199068928,22.717750072479248,222.08860778808594
1784891167208987904,22.72766900062561,221.36936950683594
1784891167218908160,22.737589120864868,220.73995971679688
1784891167228826880,22.74750804901123,220.07086181640625
1784891167238746880,22.75742793083191,219.3169708251953
1784891167248666880,22.767348051071167,218.48475646972656
1784891167258585856,22.77726697921753,217.84213256835938
1784891167268506112,22.787187099456787,217.46060180664062
1784891167278425088,22.79710602760315,217.1196746826172
1784891167288345088,22.807026147842407,216.8020782470703
1784891167298264064,22.81694507598877,216.5089569091797
1784891167308183808,22.82686495780945,216.20928955078125
1784891167318103040,22.83678412437439,216.0524444580078
1784891167328023040,22.84670400619507,215.98275756835938
1784891167337942528,22.856623649597168,215.9119415283203
1784891167347861504,22.86654257774353,215.82440185546875
1784891167357781760,22.876462697982788,215.7142791748047
1784891167367700480,22.88638162612915,215.62005615234375
1784891167377620736,22.896301746368408,215.59214782714844
1784891167387539712,22.90622067451477,215.6426544189453
1784891167397459456,22.91614055633545,215.72315979003906
1784891167407378688,22.92605972290039,215.83187866210938
1784891167417298432,22.93597960472107,215.8973388671875
1784891167427217664,22.94589877128601,215.94955444335938
1784891167437137664,22.95581865310669,216.01951599121094
1784891167447056640,22.96573758125305,216.14193725585938
1784891167456976640,22.97565770149231,216.27108764648438
1784891167466896640,22.98557758331299,216.10194396972656
1784891167476815616,22.99549674987793,216.26148986816406
1784891167486735616,23.00541663169861,216.4292755126953
1784891167496654592,23.01533555984497,216.63555908203125
1784891167506574592,23.02525568008423,216.89324951171875
1784891167516493568,23.03517460823059,217.16188049316406
1784891167526413568,23.04509472846985,217.48095703125
1784891167536332544,23.05501365661621,217.8418426513672
1784891167546252544,23.06493353843689,218.22918701171875
1784891167556172544,23.074853658676147,218.25221252441406
1784891167566091520,23.08477258682251,218.69598388671875
1784891167576011776,23.094692707061768,219.27635192871094
1784891167585930496,23.10461163520813,219.98782348632812
1784891167595850752,23.114531755447388,220.79441833496094
1784891167605769728,23.12445068359375,221.6837921142578
1784891167615689472,23.13437056541443,222.6486053466797
1784891167625608704,23.14428973197937,223.70936584472656
1784891167635528448,23.15420961380005,224.95018005371094
1784891167645448704,23.164129734039307,226.3843231201172
1784891167655367680,23.17404866218567,227.9575958251953
1784891167665287424,23.183968544006348,229.5826416015625
1784891167675206656,23.19388771057129,231.13841247558594
1784891167685126656,23.203807592391968,232.6550750732422
1784891167695045632,23.21372675895691,234.12266540527344
1784891167704965632,23.223646640777588,235.45574951171875
1784891167714884608,23.23356556892395,236.75259399414062
1784891167724804608,23.243485689163208,238.0523223876953
1784891167734724608,23.253405570983887,239.31675720214844
1784891167744643584,23.263324737548828,240.54310607910156
1784891167754563584,23.273244619369507,241.7059783935547
1784891167764482560,23.28316354751587,242.74156188964844
1784891167774402560,23.293083667755127,243.66346740722656
1784891167784321536,23.30300259590149,244.51966857910156
1784891167794241792,23.312922716140747,245.42835998535156
1784891167804160512,23.32284164428711,246.5387725830078
1784891167814080768,23.332761764526367,247.77967834472656
1784891167823999744,23.34268069267273,249.0503692626953
1784891167833919488,23.352600574493408,250.4008026123047
1784891167843839744,23.362520694732666,251.78517150878906
1784891167853758464,23.37243962287903,253.2086944580078
1784891167863678720,23.382359743118286,254.4407501220703
1784891167873597696,23.39227867126465,255.08103942871094
1784891167883517440,23.402198553085327,254.9032745361328
1784891167893436672,23.41211771965027,254.3782196044922
1784891167903356672,23.422037601470947,253.57203674316406
1784891167913275648,23.43195676803589,252.18031311035156
1784891167923195648,23.441876649856567,250.3767547607422
1784891167933114624,23.45179557800293,248.28623962402344
1784891167943034624,23.461715698242188,245.89610290527344
1784891167952954624,23.471635580062866,243.3316192626953
1784891167962873600,23.481554746627808,240.4867706298828
1784891167972793600,23.491474628448486,237.24563598632812
1784891167982712576,23.50139355659485,233.4748992919922
1784891167992632576,23.511313676834106,229.22821044921875
1784891168002551552,23.52123260498047,224.6204833984375
1784891168012471552,23.531152725219727,219.80636596679688
1784891168022390528,23.54107165336609,214.94146728515625
1784891168032310528,23.550991535186768,210.0072784423828
1784891168042230528,23.560911655426025,204.94122314453125
1784891168052149504,23.570830583572388,199.74513244628906
1784891168062069760,23.580750703811646,194.45118713378906
1784891168071988480,23.590669631958008,189.11602783203125
1784891168081908736,23.600589752197266,183.79930114746094
1784891168091827712,23.610508680343628,178.6031494140625
1784891168101747456,23.620428562164307,173.6684112548828
1784891168111666688,23.630347728729248,169.04684448242188
1784891168121586688,23.640267610549927,164.6205596923828
1784891168131506688,23.650187730789185,160.15750122070312
1784891168141425664,23.660106658935547,155.5478515625
1784891168151345408,23.670026540756226,150.45790100097656
1784891168161264640,23.679945707321167,144.71298217773438
1784891168171184640,23.689865589141846,138.44314575195312
1784891168181103616,23.699784755706787,132.03590393066406
1784891168191023616,23.709704637527466,125.91690826416016
1784891168200942592,23.719623565673828,120.19046783447266
1784891168210862592,23.729543685913086,114.63003540039062
1784891168220782592,23.739463567733765,108.98430633544922
1784891168230701568,23.749382734298706,103.0357894897461
1784891168240621568,23.759302616119385,96.65931701660156
1784891168250540544,23.769221544265747,88.55366516113281
1784891168260460544,23.779141664505005,79.88897705078125
1784891168270379520,23.789060592651367,77.7127456665039
1784891168280299776,23.798980712890625,74.24124908447266
1784891168290218496,23.808899641036987,73.66720581054688
1784891168300138752,23.818819761276245,73.43820190429688
1784891168310057728,23.828738689422607,71.60340881347656
1784891168319977472,23.838658571243286,68.46145629882812
1784891168329896704,23.848577737808228,64.91546630859375
1784891168339815936,23.85849690437317,62.123748779296875
1784891168349735680,23.868416786193848,60.38258361816406
1784891168359654656,23.87833571434021,59.632362365722656
1784891168369574912,23.888255834579468,59.96186065673828
1784891168379493632,23.89817476272583,60.010536193847656
1784891168389413888,23.908094882965088,59.590614318847656
1784891168399332864,23.91801381111145,58.8489990234375
1784891168409252864,23.927933931350708,58.47856903076172
1784891168419172864,23.937853813171387,57.922576904296875
1784891168429091584,23.94777274131775,57.38249969482422
1784891168439011840,23.957692861557007,56.790016174316406
1784891168448930816,23.96761178970337,56.30143737792969
1784891168458850816,23.977531909942627,56.231719970703125
1784891168468769792,23.98745083808899,56.26702880859375
1784891168478689792,23.997370719909668,56.69054412841797
1784891168488608768,24.00728988647461,57.073150634765625
1784891168498528768,24.017209768295288,57.48290252685547
1784891168508448768,24.027129888534546,58.073890686035156
1784891168518367744,24.037048816680908,59.052345275878906
1784891168528288000,24.046968936920166,59.94984436035156
1784891168538206720,24.05688786506653,60.78565979003906
1784891168548126720,24.066807746887207,61.18299865722656
1784891168558045952,24.07672691345215,61.45410919189453
1784891168567965696,24.086646795272827,62.46110534667969
1784891168577884672,24.09656572341919,63.80707550048828
1784891168587804672,24.106485843658447,65.5428237915039
1784891168597723648,24.11640477180481,66.99098205566406
1784891168607643904,24.126324892044067,68.61749267578125
1784891168617563648,24.136244773864746,69.47501373291016
1784891168627482624,24.14616370201111,69.97866821289062
1784891168637402880,24.156083822250366,70.10115814208984
1784891168647321600,24.16600275039673,69.95968627929688
1784891168657241856,24.175922870635986,69.84030151367188
1784891168667160832,24.18584179878235,69.92781829833984
1784891168677080832,24.195761919021606,70.12089538574219
1784891168686999808,24.20568084716797,70.31885528564453
1784891168696919552,24.215600728988647,70.37017822265625
1784891168706839808,24.225520849227905,70.49718475341797
1784891168716758784,24.235439777374268,70.57665252685547
1784891168726678784,24.245359897613525,70.6236572265625
1784891168736597760,24.255278825759888,70.59010314941406
1784891168746517760,24.265198707580566,70.42066192626953
1784891168756436736,24.275117874145508,70.40341186523438
1784891168766356736,24.285037755966187,70.43873596191406
1784891168776275968,24.294956922531128,70.4183349609375
1784891168786195712,24.304876804351807,70.47374725341797
1784891168796115968,24.314796924591064,70.61227416992188
1784891168806034688,24.324715852737427,70.65174102783203
1784891168815954688,24.334635734558105,70.62393951416016
1784891168825873920,24.344554901123047,70.71273803710938
1784891168835793664,24.354474782943726,70.70616912841797
1784891168845712640,24.364393711090088,70.73795318603516
1784891168855632896,24.374313831329346,70.87269592285156
1784891168865551616,24.384232759475708,70.85504913330078
1784891168875471872,24.394152879714966,70.83528900146484
1784891168885390848,24.404071807861328,70.92491912841797
1784891168895310848,24.413991928100586,70.97697448730469
1784891168905230848,24.423911809921265,71.06908416748047
1784891168915149568,24.433830738067627,71.02344512939453
1784891168925069824,24.443750858306885,71.01978302001953
1784891168934988800,24.453669786453247,70.99797058105469
1784891168944908800,24.463589906692505,71.0030288696289
1784891168954827776,24.473508834838867,71.04071044921875
1784891168964747776,24.483428716659546,71.11766052246094
1784891168974666752,24.493347883224487,71.2052993774414
1784891168984586752,24.503267765045166,71.3032455444336
1784891168994506752,24.513187885284424,71.37700653076172
1784891169004425728,24.523106813430786,71.29264831542969
1784891169014345984,24.533026933670044,71.15454864501953
1784891169024264704,24.542945861816406,71.0336685180664
1784891169034184704,24.552865743637085,70.86182403564453
1784891169044103936,24.562784910202026,70.65473937988281
1784891169054023680,24.572704792022705,70.46131134033203
1784891169063942656,24.582623720169067,70.23905181884766
1784891169073862912,24.592543840408325,70.05317687988281
1784891169083782656,24.602463722229004,69.9004135131836
1784891169093701888,24.612382888793945,69.76422119140625
1784891169103621632,24.622302770614624,69.67605590820312
1784891169113540864,24.632221937179565,69.59517669677734
1784891169123460864,24.642141819000244,69.52130126953125
1784891169133379584,24.652060747146606,69.42420959472656
1784891169143299840,24.661980867385864,69.3517837524414
1784891169153218816,24.671899795532227,69.2896957397461
1784891169163138816,24.681819915771484,69.23267364501953
1784891169173057792,24.691738843917847,69.17597961425781
1784891169182977792,24.701658725738525,69.12562561035156
1784891169192897792,24.711578845977783,69.04363250732422
1784891169202816768,24.721497774124146,68.94635009765625
1784891169212736768,24.731417894363403,68.86143493652344
1784891169222655744,24.741336822509766,68.83241271972656
1784891169232575744,24.751256704330444,68.8102035522461
1784891169242494720,24.761175870895386,68.76240539550781
1784891169252414720,24.771095752716064,68.70489501953125
1784891169262333952,24.781014919281006,68.7112045288086
1784891169272253696,24.790934801101685,68.70849609375
1784891169282173952,24.800854921340942,68.67182922363281
1784891169292092928,24.810773849487305,68.6435775756836
1784891169302012672,24.820693731307983,68.63624572753906
1784891169311931904,24.830612897872925,68.61714172363281
1784891169321851648,24.840532779693604,68.58511352539062
1784891169331771136,24.850452184677124,68.54811096191406
1784891169341691136,24.860372304916382,68.5042495727539
1784891169351610112,24.870291233062744,68.46868896484375
1784891169361530112,24.880211114883423,68.44869232177734
1784891169371450112,24.89013123512268,68.39412689208984
1784891169381369088,24.900050163269043,68.3482666015625
1784891169391289344,24.9099702835083,68.29322814941406
1784891169401208064,24.919889211654663,68.2142562866211
1784891169411128064,24.929809093475342,68.1201171875
1784891169421047296,24.939728260040283,67.98486328125
1784891169430967040,24.949648141860962,67.87511444091797
1784891169440886272,24.959567308425903,67.74675750732422
1784891169450806016,24.969487190246582,67.6386947631836
1784891169460724992,24.979406118392944,67.52303314208984
1784891169470645248,24.989326238632202,67.41561126708984
1784891169480564992,24.99924612045288,67.34407806396484
1784891169490484224,25.009165287017822,67.27083587646484
1784891169500404224,25.0190851688385,67.19058990478516
1784891169510322944,25.029004096984863,67.13396453857422
1784891169520243200,25.03892421722412,67.06063079833984
1784891169530162176,25.048843145370483,66.96947479248047
1784891169540082176,25.05876326560974,66.86679077148438
1784891169550001152,25.068682193756104,66.75321197509766
1784891169559921152,25.07860231399536,66.66595458984375
1784891169569841152,25.08852219581604,66.53089904785156
1784891169579760128,25.098441123962402,66.43179321289062
1784891169589680128,25.10836124420166,66.30216979980469
1784891169599599104,25.118280172348022,66.14276123046875
1784891169609519360,25.12820029258728,65.97116088867188
1784891169619438080,25.138119220733643,65.78927612304688
1784891169629358080,25.14803910255432,65.59648895263672
1784891169639277312,25.157958269119263,65.44126892089844
1784891169649197056,25.16787815093994,65.25621032714844
1784891169659117312,25.1777982711792,65.10761260986328
1784891169669036032,25.18771719932556,64.94680786132812
1784891169678956032,25.19763708114624,64.79011535644531
1784891169688875264,25.20755624771118,64.60912322998047
1784891169698795008,25.21747612953186,64.41822814941406
1784891169708714240,25.2273952960968,64.23468780517578
1784891169718634240,25.23731517791748,64.03672790527344
1784891169728552960,25.247234106063843,63.84019470214844
1784891169738473216,25.2571542263031,63.635475158691406
1784891169748392960,25.26707410812378,63.45201110839844
1784891169758312192,25.27699327468872,63.223472595214844
1784891169768232192,25.2869131565094,63.01325225830078
1784891169778150912,25.29683208465576,62.82441711425781
1784891169788071168,25.30675220489502,62.596275329589844
1784891169797990144,25.316671133041382,62.36949920654297
1784891169807910144,25.32659125328064,62.208518981933594
1784891169817829120,25.336510181427002,62.02326202392578
1784891169827749376,25.34643030166626,61.83824920654297
1784891169837669120,25.35635018348694,61.6810302734375
1784891169847588096,25.3662691116333,61.524314880371094
1784891169857508096,25.37618923187256,61.39106750488281
1784891169867427072,25.38610816001892,61.30706787109375
1784891169877347328,25.39602828025818,61.227577209472656
1784891169887266048,25.40594720840454,61.15576934814453
1784891169897186048,25.41586709022522,61.101470947265625
1784891169907105280,25.42578625679016,61.056846618652344
1784891169917025024,25.43570613861084,61.08766174316406
1784891169926945280,25.445626258850098,61.12828826904297
1784891169936864256,25.45554518699646,61.173492431640625
1784891169946784256,25.465465307235718,61.23771667480469
1784891169956703232,25.47538423538208,61.300498962402344
1784891169966622976,25.48530411720276,61.38044738769531
1784891169976542208,25.4952232837677,61.52019500732422
1784891169986462208,25.50514316558838,61.70203399658203
1784891169996380928,25.51506209373474,61.86133575439453
1784891170006301184,25.524982213974,61.926536560058594
1784891170016220928,25.534902095794678,61.978904724121094
1784891170026140160,25.54482126235962,62.001617431640625
1784891170036060160,25.554741144180298,62.06707000732422
1784891170045979136,25.56466031074524,62.132957458496094
1784891170055899136,25.574580192565918,62.22602081298828
1784891170065818112,25.58449912071228,62.34478759765625
1784891170075738112,25.594419240951538,62.526329040527344
1784891170085657088,25.6043381690979,62.75926971435547
1784891170095577344,25.614258289337158,62.97802734375
1784891170105497088,25.624178171157837,63.20081329345703
1784891170115416064,25.6340970993042,63.43285369873047
1784891170125336064,25.644017219543457,63.62681579589844
1784891170135255040,25.65393614768982,63.786476135253906
1784891170145175296,25.663856267929077,63.955833435058594
1784891170155094272,25.67377519607544,64.09532165527344
1784891170165014016,25.683695077896118,64.2531509399414
1784891170174933248,25.69361424446106,64.42801666259766
1784891170184852992,25.70353412628174,64.6110610961914
1784891170194773248,25.713454246520996,64.81681823730469
1784891170204692224,25.72337317466736,64.98819732666016
1784891170214612224,25.733293294906616,65.19583129882812
1784891170224531200,25.74321222305298,65.42135620117188
1784891170234450944,25.753132104873657,65.57269287109375
1784891170244370176,25.7630512714386,65.69161987304688
1784891170254290176,25.772971153259277,65.78495025634766
1784891170264209152,25.78289008140564,65.8156509399414
1784891170274129152,25.792810201644897,65.833984375
1784891170284049152,25.802730083465576,65.83282470703125
1784891170293968128,25.812649250030518,65.79954528808594
1784891170303888128,25.822569131851196,65.73881530761719
1784891170313807360,25.832488298416138,65.75238037109375
1784891170323727104,25.842408180236816,65.75260162353516
1784891170333646848,25.852327823638916,65.70480346679688
1784891170343566848,25.862247943878174,65.6830062866211
1784891170353486848,25.872167825698853,65.69058990478516
1784891170363405824,25.882086992263794,65.6822509765625
1784891170373325824,25.892006874084473,65.6922836303711
1784891170383244800,25.901925802230835,65.68717193603516
1784891170393164800,25.911845922470093,65.60954284667969
1784891170403083776,25.921764850616455,65.5127182006836
1784891170413004032,25.931684970855713,65.40937042236328
1784891170422922752,25.941603899002075,65.27739715576172
1784891170432843008,25.951524019241333,65.04473876953125
1784891170442762752,25.96144390106201,64.78421020507812
1784891170452681728,25.971362829208374,64.48832702636719
1784891170462601984,25.981282949447632,64.22516632080078
1784891170472520704,25.991201877593994,63.9185791015625
1784891170482440960,26.001121997833252,63.674530029296875
1784891170492359936,26.011040925979614,63.457733154296875
1784891170502279680,26.020960807800293,63.229278564453125
1784891170512198912,26.030879974365234,63.006614685058594
1784891170522118912,26.040799856185913,62.76252746582031
1784891170532038912,26.05071997642517,62.511253356933594
1784891170541957888,26.060638904571533,62.237220764160156
1784891170551877632,26.070558786392212,61.950523376464844
1784891170561796864,26.080477952957153,61.6478271484375
1784891170571716864,26.090397834777832,61.350624084472656
1784891170581635840,26.100317001342773,61.06304931640625
1784891170591555840,26.110236883163452,60.79850769042969
1784891170601474816,26.120155811309814,60.572486877441406
1784891170611394816,26.130075931549072,60.40301513671875
1784891170621314816,26.13999581336975,60.26573181152344
1784891170631234048,26.149914979934692,60.14653015136719
1784891170641153792,26.15983486175537,60.04059600830078
1784891170651072768,26.169753789901733,59.94770050048828
1784891170660992768,26.17967391014099,59.85003662109375
1784891170670911744,26.189592838287354,59.758872985839844
1784891170680832000,26.19951295852661,59.65705108642578
1784891170690751744,26.20943284034729,59.52411651611328
1784891170700670976,26.21935200691223,59.36952209472656
1784891170710590720,26.22927188873291,59.19213104248047
1784891170720509696,26.239190816879272,59.01372528076172
1784891170730429952,26.24911093711853,58.837493896484375
1784891170740348928,26.259029865264893,58.70325469970703
1784891170750268928,26.26894998550415,58.15061950683594
1784891170760187904,26.278868913650513,57.59336853027344
1784891170770107648,26.28878879547119,56.999427795410156
1784891170780027904,26.29870891571045,56.41954040527344
1784891170789946880,26.30862784385681,55.859107971191406
1784891170799866880,26.31854796409607,55.30858612060547
1784891170809785856,26.32846689224243,54.79424285888672
1784891170819705856,26.33838701248169,54.314971923828125
1784891170829624832,26.34830594062805,53.879051208496094
1784891170839544832,26.35822582244873,53.501930236816406
1784891170849464064,26.368144989013672,53.13296127319336
1784891170859383808,26.37806487083435,52.79738235473633
1784891170869304064,26.38798499107361,52.50189971923828
1784891170879222784,26.39790391921997,52.23271560668945
1784891170889142784,26.40782380104065,51.974021911621094
1784891170899062016,26.41774296760559,51.72249984741211
1784891170908981760,26.42766284942627,51.47203063964844
1784891170918900992,26.43758201599121,51.20401382446289
1784891170928820736,26.44750189781189,50.94809341430664
1784891170938740992,26.457422018051147,50.71566390991211
1784891170948659968,26.46734094619751,50.4703369140625
1784891170958579712,26.47726082801819,50.22232437133789
1784891170968498944,26.48717999458313,49.95358657836914
1784891170978418944,26.49709987640381,49.656185150146484
1784891170988337664,26.50701880455017,49.365081787109375
1784891170998257920,26.51693892478943,49.076820373535156
1784891171008176896,26.52685785293579,48.73777770996094
1784891171018096896,26.53677797317505,48.38970947265625
1784891171028016896,26.546697854995728,48.12831115722656
1784891171037935872,26.55661702156067,47.91506576538086
1784891171047855872,26.566536903381348,47.74689483642578
1784891171057774848,26.57645583152771,47.60186767578125
1784891171067694848,26.586375951766968,47.46807098388672
1784891171077613824,26.59629487991333,47.32686996459961
1784891171087533824,26.606215000152588,47.178165435791016
1784891171097452800,26.61613392829895,47.040313720703125
1784891171107372800,26.62605381011963,46.921443939208984
1784891171117292800,26.635973930358887,46.826568603515625
1784891171127211776,26.64589285850525,47.0253791809082
1784891171137132032,26.655812978744507,47.19078826904297
1784891171147050752,26.66573190689087,47.310150146484375
1784891171156970752,26.675651788711548,47.39345932006836
1784891171166889984,26.68557095527649,47.47269058227539
1784891171176809728,26.695490837097168,47.54144287109375
1784891171186729984,26.705410957336426,47.60548782348633
1784891171196648960,26.715329885482788,47.68174743652344
1784891171206568960,26.725250005722046,47.780887603759766
1784891171216487936,26.735168933868408,47.88248062133789
1784891171226407680,26.745088815689087,47.97515106201172
1784891171236326912,26.75500798225403,48.06856918334961
1784891171246246912,26.764927864074707,47.87017822265625
1784891171256165632,26.77484679222107,47.5754508972168
1784891171266085888,26.784766912460327,47.292884826660156
1784891171276005632,26.794686794281006,47.29166030883789
1784891171285924864,26.804605960845947,47.06159973144531
1784891171295844864,26.814525842666626,46.84851837158203
1784891171305763840,26.824445009231567,46.626609802246094
1784891171315683840,26.834364891052246,46.378082275390625
1784891171325602816,26.84428381919861,46.14738464355469
1784891171335523584,26.854204654693604,45.90602493286133
1784891171345442560,26.864123582839966,45.71608352661133
1784891171355362304,26.874043464660645,45.48984909057617
1784891171365282560,26.883963584899902,45.231117248535156
1784891171375201536,26.893882513046265,44.90779495239258
1784891171385121536,26.903802633285522,44.64241409301758
1784891171395040512,26.913721561431885,44.351478576660156
1784891171404960512,26.923641681671143,44.03471374511719
1784891171414879488,26.933560609817505,43.71500015258789
1784891171424799488,26.943480491638184,43.44490051269531
1784891171434718720,26.953399658203125,43.18746566772461
1784891171444638464,26.963319540023804,42.92825698852539
1784891171454558720,26.97323966026306,42.66191482543945
1784891171464477440,26.983158588409424,42.33329772949219
1784891171474397440,26.993078470230103,41.97301483154297
1784891171484316672,27.002997636795044,41.62145233154297
1784891171494236416,27.012917518615723,41.23674392700195
1784891171504155648,27.022836685180664,40.880916595458984
1784891171514075392,27.032756567001343,40.53583908081055
1784891171523995648,27.0426766872406,40.245521545410156
1784891171533914624,27.052595615386963,40.20095443725586
1784891171543834368,27.06251549720764,40.150840759277344
1784891171553753600,27.072434663772583,40.084835052490234
1784891171563673600,27.08235454559326,39.99418258666992
1784891171573592320,27.092273473739624,39.8872184753418
1784891171583512576,27.102193593978882,39.74944305419922
1784891171593432320,27.11211347579956,39.62043762207031
1784891171603351552,27.122032642364502,39.484413146972656
1784891171613271552,27.13195252418518,39.34340286254883
1784891171623190528,27.141871452331543,39.224117279052734
1784891171633110528,27.1517915725708,39.11630630493164
1784891171643029504,27.161710500717163,39.033512115478516
1784891171652949504,27.17163062095642,38.976322174072266
1784891171662868480,27.181549549102783,38.94465255737305
1784891171672788736,27.19146966934204,38.942317962646484
1784891171682708480,27.20138955116272,38.59257888793945
1784891171692627456,27.211308479309082,38.58644485473633
1784891171702547456,27.22122859954834,38.59868621826172
1784891171712466432,27.231147527694702,38.60769271850586
1784891171722386688,27.24106764793396,38.6211051940918
1784891171732305408,27.250986576080322,38.63129806518555
1784891171742225408,27.260906457901,38.638545989990234
1784891171752144640,27.270825624465942,38.63132858276367
1784891171762064384,27.28074550628662,38.583744049072266
1784891171771984640,27.29066562652588,38.512474060058594
1784891171781903616,27.30058455467224,38.421600341796875
1784891171791823616,27.3105046749115,38.344078063964844
1784891171801742592,27.32042360305786,38.2765998840332
1784891171811662336,27.33034348487854,38.201663970947266
1784891171821581568,27.34026265144348,38.12767028808594
1784891171831501568,27.35018253326416,38.05641555786133
1784891171841421568,27.360102653503418,37.97035217285156
1784891171851340544,27.37002158164978,37.570594787597656
1784891171861260288,27.37994146347046,37.192813873291016
1784891171871179520,27.3898606300354,36.813133239746094
1784891171881099520,27.39978051185608,36.740806579589844
1784891171891018752,27.40969967842102,36.6779899597168
1784891171900938496,27.4196195602417,36.625885009765625
1784891171910857472,27.42953848838806,36.58445358276367
1784891171920777472,27.43945860862732,36.55146026611328
1784891171930697472,27.449378490447998,36.54816436767578
1784891171940616704,27.45929765701294,36.57500457763672
1784891171950536448,27.469217538833618,36.581878662109375
1784891171960455424,27.47913646697998,36.54152297973633
1784891171970375424,27.48905658721924,36.46037673950195
1784891171980294400,27.4989755153656,36.35891342163086
1784891171990214656,27.50889563560486,36.27389144897461
1784891172000134400,27.518815517425537,36.23274612426758
1784891172010053632,27.52873468399048,36.24571990966797
1784891172019973632,27.538654565811157,36.31588363647461
1784891172029892352,27.54857349395752,36.44404220581055
1784891172039812608,27.558493614196777,36.62314224243164
1784891172049731584,27.56841254234314,36.82749938964844
1784891172059651584,27.578332662582397,37.0416145324707
1784891172069570560,27.58825159072876,37.24715042114258
1784891172079490304,27.59817147254944,37.41949462890625
1784891172089410560,27.608091592788696,37.56535720825195
1784891172099329536,27.61801052093506,37.71427917480469
1784891172109249536,27.627930641174316,37.861358642578125
1784891172119168512,27.63784956932068,37.9695930480957
1784891172129088768,27.647769689559937,38.02300262451172
1784891172139007488,27.6576886177063,38.061248779296875
1784891172148927488,27.667608499526978,38.07469177246094
1784891172158847488,27.677528619766235,38.038848876953125
1784891172168766464,27.687447547912598,37.954586029052734
1784891172178686720,27.697367668151855,37.94715881347656
1784891172188605440,27.707286596298218,37.99971008300781
1784891172198525440,27.717206478118896,38.14107131958008
1784891172208444672,27.727125644683838,38.361785888671875
1784891172218364416,27.737045526504517,38.653602600097656
1784891172228283392,27.74696445465088,38.885013580322266
1784891172238203648,27.756884574890137,39.06053161621094
1784891172248123392,27.766804456710815,39.31159210205078
1784891172258042624,27.776723623275757,39.71696090698242
1784891172267962368,27.786643505096436,40.40623474121094
1784891172277881600,27.796562671661377,41.36608123779297
1784891172287801600,27.806482553482056,42.39542770385742
1784891172297720320,27.816401481628418,43.37205123901367
1784891172307640576,27.826321601867676,44.41292953491211
1784891172317559552,27.836240530014038,45.48502731323242
1784891172327479552,27.846160650253296,46.639732360839844
1784891172337398784,27.856079816818237,47.91946029663086
1784891172347317760,27.8659987449646,49.34403991699219
1784891172357237760,27.875918865203857,50.773502349853516
1784891172367156736,27.88583779335022,52.19282913208008
1784891172377076736,27.8957576751709,53.54819107055664
1784891172386995712,27.90567684173584,54.818267822265625
1784891172396915712,27.91559672355652,55.98194122314453
1784891172406835712,27.925516843795776,57.01020812988281
1784891172416754688,27.93543577194214,57.999351501464844
1784891172426674944,27.945355892181396,59.004234313964844
1784891172436593664,27.95527482032776,60.04938507080078
1784891172446513664,27.965194702148438,61.045066833496094
1784891172456432896,27.97511386871338,62.10407257080078
1784891172466352640,27.985033750534058,63.1939697265625
1784891172476271616,27.99495267868042,64.25872802734375
1784891172486191872,28.004872798919678,65.19519805908203
1784891172496111616,28.014792680740356,65.96464538574219
1784891172506030848,28.024711847305298,66.5274887084961
1784891172515950592,28.034631729125977,66.91458129882812
1784891172525869824,28.044550895690918,67.13868713378906
1784891172535789824,28.054470777511597,67.14583587646484
1784891172545708544,28.06438970565796,67.13233947753906
1784891172555628800,28.074309825897217,66.99751281738281
1784891172565548544,28.084229707717896,66.57180786132812
1784891172575467776,28.094148874282837,66.02880096435547
1784891172585387776,28.104068756103516,65.35797119140625
1784891172595306752,28.113987684249878,64.60735321044922
1784891172605226752,28.123907804489136,63.81471252441406
1784891172615145728,28.133826732635498,62.798545837402344
1784891172625065728,28.143746852874756,61.759864807128906
1784891172634984704,28.153665781021118,60.61210632324219
1784891172644904704,28.163585662841797,59.44810485839844
1784891172654824704,28.173505783081055,58.312843322753906
1784891172664743680,28.183424711227417,57.10343933105469
1784891172674663680,28.193344831466675,55.89856719970703
1784891172684582656,28.203263759613037,54.76971435546875
1784891172694502912,28.213183879852295,53.44926834106445
1784891172704421632,28.223102807998657,51.97574996948242
1784891172714341632,28.233022689819336,50.1739616394043
1784891172724261888,28.242942810058594,48.10378646850586
1784891172734180608,28.252861738204956,45.863197326660156
1784891172744100864,28.262781858444214,43.58000564575195
1784891172754019840,28.272700786590576,41.71992492675781
1784891172763939584,28.282620668411255,39.602359771728516
1784891172773858816,28.292539834976196,37.7367057800293
1784891172783778560,28.302459716796875,36.17801284790039
1784891172793697792,28.312378883361816,35.05215835571289
1784891172803617792,28.322298765182495,35.0919189453125
1784891172813537792,28.332218885421753,35.731937408447266
1784891172823456768,28.342137813568115,36.68677520751953
1784891172833376768,28.352057695388794,37.61825180053711
1784891172843295744,28.361976861953735,38.52742004394531
1784891172853215744,28.371896743774414,40.072364807128906
1784891172863134720,28.381815671920776,41.60596466064453
1784891172873054720,28.391735792160034,43.19898223876953
1784891172882974720,28.401655673980713,44.62158966064453
1784891172892893696,28.411574840545654,47.309173583984375
1784891172902813696,28.421494722366333,51.08154296875
1784891172912732928,28.431413888931274,55.62957000732422
1784891172922652672,28.441333770751953,61.22373962402344
1784891172932571648,28.451252698898315,67.00408172607422
1784891172942491648,28.461172819137573,73.0849838256836
1784891172952411648,28.471092700958252,79.73072052001953
1784891172962330880,28.481011867523193,86.67485809326172
1784891172972250624,28.490931749343872,93.50299072265625
1784891172982169600,28.500850677490234,100.82129669189453
1784891172992089856,28.510770797729492,108.19901275634766
1784891173002008576,28.520689725875854,115.67487335205078
1784891173011928832,28.530609846115112,124.2534408569336
1784891173021848576,28.54052972793579,133.25648498535156
1784891173031767808,28.550448894500732,142.566162109375
1784891173041687808,28.56036877632141,151.86534118652344
1784891173051606528,28.570287704467773,160.7179718017578
1784891173061526784,28.58020782470703,169.08302307128906
1784891173071445760,28.590126752853394,176.189208984375
1784891173081365760,28.60004687309265,181.42552185058594
1784891173091285760,28.60996675491333,183.6028289794922
1784891173101204736,28.619885683059692,183.5689697265625
1784891173111124736,28.62980580329895,183.17271423339844
1784891173121043712,28.639724731445312,182.850341796875
1784891173130963712,28.64964485168457,182.14096069335938
1784891173140882688,28.659563779830933,180.60821533203125
1784891173150802688,28.66948366165161,178.26651000976562
1784891173160721664,28.679402828216553,175.01287841796875
1784891173170641664,28.68932271003723,171.0146484375
1784891173180561664,28.69924283027649,166.56629943847656
1784891173190480640,28.70916175842285,161.73765563964844
1784891173200400896,28.71908187866211,156.4491424560547
1784891173210319872,28.72900080680847,150.64846801757812
1784891173220239616,28.73892068862915,144.33438110351562
1784891173230158848,28.748839855194092,137.7329559326172
1784891173240078592,28.75875973701477,131.04937744140625
1784891173249998848,28.76867985725403,124.38300323486328
1784891173259917824,28.77859878540039,117.65949249267578
1784891173269837568,28.78851866722107,110.8624038696289
1784891173279756800,28.79843783378601,104.24114990234375
1784891173289676544,28.80835771560669,98.0161361694336
1784891173299595776,28.81827688217163,92.21119689941406
1784891173309515776,28.82819676399231,86.68602752685547
1784891173319435776,28.838116884231567,81.30537414550781
1784891173329354752,28.84803581237793,76.25133514404297
1784891173339275008,28.857956171035767,71.79811096191406
1784891173349193984,28.86787509918213,67.84620666503906
1784891173359114240,28.877795219421387,64.49833679199219
1784891173369033216,28.88771414756775,61.998626708984375
1784891173378953216,28.897634267807007,59.10474395751953
1784891173388872192,28.90755319595337,56.846092224121094
1784891173398791936,28.917473077774048,55.505218505859375
1784891173408712192,28.927393198013306,54.45506286621094
1784891173418631168,28.937312126159668,53.397743225097656
1784891173428551168,28.947232246398926,52.54864501953125
1784891173438470144,28.957151174545288,51.6995735168457
1784891173448390144,28.967071294784546,50.689552307128906
1784891173458309120,28.976990222930908,49.630393981933594
1784891173468229120,28.986910104751587,48.56440734863281
1784891173478149120,28.996830224990845,47.7348747253418
1784891173488068096,29.006749153137207,47.078643798828125
1784891173497988352,29.016669273376465,46.58152770996094
1784891173507907072,29.026588201522827,46.284854888916016
1784891173517827072,29.036508083343506,46.113258361816406
1784891173527746304,29.046427249908447,45.989784240722656
1784891173537666048,29.056347131729126,45.953670501708984
1784891173547585280,29.066266298294067,45.9029655456543
1784891173557505024,29.076186180114746,45.67435836791992
1784891173567425280,29.086106300354004,45.688232421875
1784891173577344256,29.096025228500366,45.58525085449219
1784891173587264000,29.105945110321045,45.75797653198242
1784891173597183232,29.115864276885986,45.79057693481445
1784891173607103232,29.125784158706665,45.69795227050781
1784891173617021952,29.135703086853027,45.52001953125
1784891173626942208,29.145623207092285,45.43508529663086
1784891173636861952,29.155543088912964,45.26317596435547
1784891173646781184,29.165462255477905,44.98272705078125
1784891173656701184,29.175382137298584,44.66376495361328
1784891173666620160,29.185301303863525,44.3095703125
1784891173676540160,29.195221185684204,43.91538619995117
1784891173686459136,29.205140113830566,43.51626968383789
1784891173696379136,29.215060234069824,43.07240295410156
1784891173706299136,29.224980115890503,42.64155578613281
1784891173716218112,29.234899282455444,42.17265319824219
1784891173726138112,29.244819164276123,41.70359420776367
1784891173736057088,29.254738092422485,41.23930358886719
1784891173745977088,29.264658212661743,40.75970458984375
1784891173755896064,29.274577140808105,40.35568618774414
1784891173765816320,29.284497261047363,40.09677505493164
1784891173775735040,29.294416189193726,39.88706588745117
1784891173785655296,29.304336309432983,39.800567626953125
1784891173795575040,29.314256191253662,39.77741241455078
1784891173805494016,29.324175119400024,39.81893539428711
1784891173815414272,29.334095239639282,39.92079544067383
1784891173825332992,29.344014167785645,40.06828689575195
1784891173835253248,29.353934288024902,40.27984619140625
1784891173845172224,29.363853216171265,40.5057487487793
1784891173855091968,29.373773097991943,40.777015686035156
1784891173865012224,29.3836932182312,41.096160888671875
1784891173874931200,29.393612146377563,41.50978088378906
1784891173884851200,29.40353226661682,42.01068878173828
1784891173894770176,29.413451194763184,42.56574249267578
1784891173904690176,29.42337131500244,43.1530876159668
1784891173914609152,29.433290243148804,43.78067398071289
1784891173924529152,29.443210124969482,44.4761962890625
1784891173934448128,29.453129291534424,45.20481872558594
1784891173944368128,29.463049173355103,45.90498352050781
1784891173954288128,29.47296929359436,46.609413146972656
1784891173964207104,29.482888221740723,47.37018966674805
1784891173974127104,29.4928081035614,48.23094940185547
1784891173984046336,29.502727270126343,49.18593215942383
1784891173993966080,29.51264715194702,50.184425354003906
1784891174003885056,29.522566080093384,51.18424987792969
1784891174013805056,29.53248620033264,52.10823059082031
1784891174023725056,29.54240608215332,52.905033111572266
1784891174033644288,29.55232524871826,53.58725357055664
1784891174043564032,29.56224513053894,54.25250244140625
1784891174053483264,29.572164297103882,54.993865966796875
1784891174063403008,29.58208417892456,55.796173095703125
1784891174073321984,29.592003107070923,56.62592315673828
1784891174083242240,29.60192322731018,57.466468811035156
1784891174093161984,29.61184310913086,58.284454345703125
1784891174103081216,29.6217622756958,59.100547790527344
1784891174113001216,29.63168215751648,59.92030334472656
1784891174122919936,29.641601085662842,60.749481201171875
1784891174132840192,29.6515212059021,61.5572509765625
1784891174142759168,29.661440134048462,62.31036376953125
1784891174152679168,29.67136025428772,63.01676940917969
1784891174162598144,29.681279182434082,63.69126892089844
1784891174172518144,29.69119930267334,64.34015655517578
1784891174182438144,29.70111918449402,64.96502685546875
1784891174192357120,29.71103811264038,65.54002380371094
1784891174202277120,29.72095823287964,66.04827117919922
1784891174212196096,29.730877161026,66.45845031738281
1784891174222116352,29.74079728126526,66.77513122558594
1784891174232035072,29.75071620941162,66.99006652832031
1784891174241955072,29.7606360912323,67.07384490966797
1784891174251875072,29.770556211471558,67.05477142333984
1784891174261794048,29.78047513961792,66.97007751464844
1784891174271714304,29.790395259857178,66.85635375976562
1784891174281633024,29.80031418800354,66.7265396118164
1784891174291553280,29.810234308242798,66.5572509765625
1784891174301472256,29.82015323638916,66.41153717041016
1784891174311392000,29.83007311820984,66.37254333496094
1784891174321311232,29.83999228477478,66.4749755859375
1784891174331231232,29.84991216659546,66.66791534423828
1784891174341149952,29.85983109474182,66.89110565185547
1784891174351069184,29.869750261306763,67.10887145996094
1784891174360989184,29.87967014312744,67.27005004882812
1784891174370907904,29.889589071273804,67.3478012084961
1784891174380828160,29.89950919151306,67.31204223632812
1784891174390747136,29.909428119659424,67.15711212158203
1784891174400667136,29.91934823989868,66.88456726074219
1784891174410587136,29.92926812171936,66.57991027832031
1784891174420506112,29.939187049865723,66.17992401123047
1784891174430426112,29.94910717010498,65.70702362060547
1784891174440345088,29.959026098251343,65.25296783447266
1784891174450265088,29.9689462184906,64.7411117553711
1784891174460184064,29.978865146636963,64.1802978515625
1784891174470104320,29.98878526687622,63.462730407714844
1784891174480023040,29.998704195022583,62.49925231933594
1784891174489943040,30.00862407684326,61.31572723388672
1784891174499863040,30.01854419708252,59.970176696777344
1784891174509782016,30.028463125228882,58.501747131347656
1784891174519702272,30.03838324546814,56.95945739746094
1784891174529621248,30.048302173614502,55.47039031982422
1784891174539540992,30.05822205543518,54.00685119628906
1784891174549460224,30.068141222000122,52.477394104003906
1784891174559379968,30.0780611038208,50.83544921875
1784891174569300224,30.08798122406006,49.11381149291992
1784891174579219200,30.09790015220642,47.315521240234375
1784891174589139200,30.10782027244568,45.53607940673828
1784891174599058176,30.11773920059204,43.774169921875
1784891174608977920,30.12765908241272,41.91157150268555
1784891174618897152,30.13757824897766,39.80841064453125
1784891174628817152,30.14749813079834,37.43375778198242
1784891174638736128,30.157417058944702,35.00527572631836
1784891174648656128,30.16733717918396,32.657691955566406
1784891174658576128,30.17725706100464,30.406238555908203
1784891174668495104,30.18717622756958,28.239288330078125
1784891174678415104,30.19709610939026,26.531539916992188
1784891174688334080,30.20701503753662,24.849529266357422
1784891174698254080,30.21693515777588,23.507076263427734
1784891174708173056,30.22685408592224,22.58621597290039
1784891174718093056,30.2367742061615,22.179275512695312
1784891174728013056,30.246694087982178,22.89786148071289
1784891174737932288,30.25661325454712,23.732898712158203
1784891174747852032,30.266533136367798,24.983192443847656
1784891174757771008,30.27645206451416,26.86742401123047
1784891174767691008,30.286372184753418,28.67717742919922
1784891174777609984,30.29629111289978,29.37099838256836
1784891174787530240,30.306211233139038,29.420246124267578
1784891174797449984,30.316131114959717,29.75366973876953
1784891174807368960,30.32605004310608,32.36011505126953
1784891174817289216,30.335970163345337,35.41654968261719
1784891174827207936,30.3458890914917,39.26608657836914
1784891174837128192,30.355809211730957,43.91358184814453
1784891174847047168,30.36572813987732,48.99398422241211
1784891174856967168,30.375648260116577,53.7303581237793
1784891174866887168,30.385568141937256,58.57341003417969
1784891174876806144,30.395487070083618,64.42898559570312
1784891174886726144,30.405407190322876,70.88581848144531
1784891174896645120,30.41532611846924,78.06181335449219
1784891174906565120,30.425246238708496,85.62030029296875
1784891174916484096,30.43516516685486,93.153076171875
1784891174926404096,30.445085048675537,101.0253677368164
1784891174936324096,30.455005168914795,109.21575927734375
1784891174946243072,30.464924097061157,117.94144439697266
1784891174956163072,30.474844217300415,127.28234100341797
1784891174966082048,30.484763145446777,136.3209991455078
1784891174976002304,30.494683265686035,144.7280731201172
1784891174985921024,30.504602193832397,152.51100158691406
1784891174995841024,30.514522075653076,159.89515686035156
1784891175005760256,30.524441242218018,166.0220184326172
1784891175015680000,30.534361124038696,170.62277221679688
1784891175025600256,30.544281244277954,174.1088409423828
1784891175035519232,30.554200172424316,176.21932983398438
1784891175045438976,30.564120054244995,176.83815002441406
1784891175055358208,30.574039220809937,176.51502990722656
1784891175065277952,30.583959102630615,175.98794555664062
1784891175075198208,30.593879222869873,175.612060546875
1784891175085117184,30.603798151016235,175.11268615722656
1784891175095037184,30.613718271255493,173.87232971191406
1784891175104956160,30.623637199401855,171.56089782714844
1784891175114875904,30.633557081222534,168.07777404785156
1784891175124795136,30.643476247787476,163.49513244628906
1784891175134715136,30.653396129608154,158.2189483642578
1784891175144634112,30.663315057754517,152.5958709716797
1784891175154554112,30.673235177993774,146.81304931640625
1784891175164474112,30.683155059814453,140.9257049560547
1784891175174393088,30.693074226379395,134.75157165527344
1784891175184313088,30.702994108200073,128.24691772460938
1784891175194232064,30.712913036346436,121.4709243774414
1784891175204152064,30.722833156585693,114.42527770996094
1784891175214071040,30.732752084732056,107.3948974609375
1784891175223991040,30.742672204971313,100.65213012695312
1784891175233910016,30.752591133117676,94.30754089355469
1784891175243830272,30.762511253356934,88.26819610595703
1784891175253750016,30.772431135177612,82.44432067871094
1784891175263668992,30.782350063323975,76.72478485107422
1784891175273589248,30.792270183563232,71.0003433227539
1784891175283507968,30.802189111709595,65.64350891113281
1784891175293428224,30.812109231948853,60.87901306152344
1784891175303347200,30.822028160095215,56.72279357910156
1784891175313266944,30.831948041915894,52.92287826538086
1784891175323187200,30.84186816215515,49.163612365722656
1784891175333105920,30.851787090301514,46.485076904296875
1784891175343026688,30.86170768737793,44.75514602661133
1784891175352945664,30.871626615524292,43.45307159423828
1784891175362865664,30.88154673576355,42.159061431884766
1784891175372784640,30.891465663909912,40.894039154052734
1784891175382704384,30.90138554573059,39.81736755371094
1784891175392624640,30.91130566596985,38.982662200927734
1784891175402543616,30.92122459411621,38.347862243652344
1784891175412463616,30.93114471435547,37.8239860534668
1784891175422382592,30.94106364250183,37.41996383666992
1784891175432302592,30.95098376274109,37.16069030761719
1784891175442221568,30.96090269088745,36.95777893066406
1784891175452141568,30.97082257270813,36.8182258605957
1784891175462060800,30.98074173927307,36.644168853759766
1784891175471980544,30.99066162109375,36.568267822265625
1784891175481900800,31.000581741333008,36.6491584777832
1784891175491819520,31.01050066947937,36.6191291809082
1784891175501739520,31.02042055130005,36.429725646972656
1784891175511658752,31.03033971786499,36.41578674316406
1784891175521578496,31.04025959968567,36.3216552734375
1784891175531497728,31.05017876625061,36.50265884399414
1784891175541417472,31.06009864807129,36.67914581298828
1784891175551337728,31.070018768310547,36.56835174560547
1784891175561256704,31.07993769645691,36.488609313964844
1784891175571176448,31.089857578277588,36.455928802490234
1784891175581095680,31.09977674484253,36.41014862060547
1784891175591015680,31.109696626663208,36.27927780151367
1784891175600934400,31.11961555480957,36.04448699951172
1784891175610854656,31.129535675048828,35.7738037109375
1784891175620773632,31.13945460319519,35.508480072021484
1784891175630693632,31.14937472343445,35.228477478027344
1784891175640613632,31.159294605255127,34.96120834350586
1784891175650532608,31.16921377182007,34.67294692993164
1784891175660452608,31.179133653640747,34.323360443115234
1784891175670371584,31.18905258178711,33.907203674316406
1784891175680291584,31.198972702026367,33.4639892578125
1784891175690210560,31.20889163017273,33.08790588378906
1784891175700130816,31.218811750411987,32.84238815307617
1784891175710050560,31.228731632232666,32.702877044677734
1784891175719969536,31.23865056037903,32.569068908691406
1784891175729889536,31.248570680618286,32.42119598388672
1784891175739808512,31.25848960876465,32.281829833984375
1784891175749728768,31.268409729003906,32.121543884277344
1784891175759647488,31.27832865715027,31.957653045654297
1784891175769567488,31.288248538970947,31.79108428955078
1784891175779486720,31.29816770553589,31.717662811279297
1784891175789406464,31.308087587356567,31.740291595458984
1784891175799326720,31.318007707595825,31.78913116455078
1784891175809245696,31.327926635742188,31.873123168945312
1784891175819165696,31.337846755981445,32.02347946166992
1784891175829084672,31.347765684127808,32.26826477050781
1784891175839004416,31.357685565948486,32.56780242919922
1784891175848923648,31.367604732513428,32.89079284667969
1784891175858843648,31.377524614334106,33.20054626464844
1784891175868763648,31.387444734573364,33.602046966552734
1784891175878682624,31.397363662719727,34.136688232421875
1784891175888602368,31.407283544540405,34.75728225708008
1784891175898521600,31.417202711105347,35.47660446166992
1784891175908441600,31.427122592926025,36.289390563964844
1784891175918360832,31.437041759490967,37.151920318603516
1784891175928280576,31.446961641311646,38.05135726928711
1784891175938199552,31.456880569458008,38.99098205566406
1784891175948119552,31.466800689697266,39.9556770324707
1784891175958039552,31.476720571517944,40.97666549682617
1784891175967958784,31.486639738082886,41.9951057434082
1784891175977878528,31.496559619903564,43.00153732299805
1784891175987797504,31.506478548049927,44.00941467285156
1784891175997717504,31.516398668289185,44.995662689208984
1784891176007636480,31.526317596435547,45.987003326416016
1784891176017556736,31.536237716674805,46.99801254272461
1784891176027476480,31.546157598495483,48.04315185546875
1784891176037395712,31.556076765060425,49.13700866699219
1784891176047315712,31.565996646881104,50.21648406982422
1784891176057234432,31.575915575027466,51.217464447021484
1784891176067154688,31.585835695266724,52.140419006347656
1784891176077073664,31.595754623413086,53.01579666137695
1784891176086993664,31.605674743652344,53.90296936035156
1784891176096913664,31.615594625473022,54.86626434326172
1784891176106832384,31.625513553619385,55.93058776855469
1784891176116752640,31.635433673858643,57.07487487792969
1784891176126671616,31.645352602005005,58.276763916015625
1784891176136591616,31.655272722244263,59.52613830566406
1784891176146510592,31.665191650390625,60.812950134277344
1784891176156430848,31.675111770629883,62.072174072265625
1784891176166349568,31.685030698776245,63.26609802246094
1784891176176269568,31.694950580596924,64.30735778808594
1784891176186189568,31.70487070083618,65.13935852050781
1784891176196108544,31.714789628982544,65.71345520019531
1784891176206028800,31.7247097492218,66.04209899902344
1784891176215947520,31.734628677368164,66.1775894165039
1784891176225867520,31.744548559188843,66.18248748779297
1784891176235786752,31.754467725753784,66.11884307861328
1784891176245706496,31.764387607574463,66.08320617675781
1784891176255625472,31.774306535720825,66.11402893066406
1784891176265545728,31.784226655960083,66.11552429199219
1784891176275465472,31.79414653778076,65.98483276367188
1784891176285384704,31.804065704345703,65.6590805053711
1784891176295304448,31.813985586166382,65.17152404785156
1784891176305223680,31.823904752731323,64.5782699584961
1784891176315143680,31.833824634552002,63.96958923339844
1784891176325062400,31.843743562698364,63.359344482421875
1784891176334982656,31.853663682937622,62.66083526611328
1784891176344902400,31.8635835647583,61.90862274169922
1784891176354821632,31.873502731323242,61.06492614746094
1784891176364741632,31.88342261314392,60.12229919433594
1784891176374660608,31.893341541290283,59.12226867675781
1784891176384580608,31.90326166152954,58.11486053466797
1784891176394499584,31.913180589675903,57.09168243408203
1784891176404419584,31.92310070991516,56.09739685058594
1784891176414339584,31.93302059173584,55.111083984375
1784891176424258816,31.94293975830078,54.13115692138672
1784891176434178560,31.95285964012146,53.09564208984375
1784891176444097536,31.962778568267822,51.9860725402832
1784891176454017536,31.97269868850708,50.82549285888672
1784891176463936512,31.982617616653442,49.63971710205078
1784891176473856768,31.9925377368927,48.46612548828125
1784891176483775488,32.00245666503906,47.27602767944336
1784891176493695488,32.01237654685974,46.04438400268555
1784891176503615744,32.022296667099,44.80745315551758
1784891176513534464,32.03221559524536,43.508331298828125
1784891176523454720,32.04213571548462,42.07157897949219
1784891176533373696,32.05205464363098,40.44623565673828
1784891176543293696,32.06197476387024,38.717411041259766
1784891176553212672,32.0718936920166,37.153709411621094
1784891176563132416,32.08181357383728,35.51814270019531
1784891176573052672,32.09173369407654,33.63895034790039
1784891176582971648,32.1016526222229,31.598224639892578
1784891176592891648,32.11157274246216,29.44342803955078
1784891176602810624,32.12149167060852,27.2967529296875
1784891176612730624,32.1314115524292,25.349258422851562
1784891176622649600,32.14133071899414,23.482112884521484
1784891176632569600,32.15125060081482,22.14318084716797
1784891176642488832,32.16116976737976,20.888473510742188
1784891176652408576,32.17108964920044,19.67221450805664
1784891176662328832,32.1810097694397,19.102622985839844
1784891176672247552,32.19092869758606,20.05764389038086
1784891176682167552,32.20084857940674,21.304821014404297
1784891176692086784,32.21076774597168,23.085952758789062
1784891176702006528,32.22068762779236,24.309478759765625
1784891176711925504,32.23060655593872,25.392288208007812
1784891176721845504,32.24052667617798,26.552749633789062
1784891176731765504,32.25044655799866,27.281322479248047
1784891176741684736,32.2603657245636,28.483631134033203
1784891176751604480,32.27028560638428,30.11560821533203
1784891176761523712,32.28020477294922,32.75020217895508
1784891176771443712,32.2901246547699,36.27983093261719
1784891176781362432,32.30004358291626,40.62068176269531
1784891176791282688,32.30996370315552,45.611488342285156
1784891176801201664,32.31988263130188,51.238563537597656
1784891176811121664,32.32980275154114,57.45188903808594
1784891176821041664,32.339722633361816,63.293861389160156
1784891176830960640,32.34964156150818,69.02244567871094
1784891176840880640,32.35956168174744,74.80500030517578
1784891176850799616,32.3694806098938,80.12174224853516
1784891176860719616,32.37940073013306,85.939697265625
1784891176870638592,32.38931965827942,92.51333618164062
1784891176880558592,32.3992395401001,99.93610382080078
1784891176890478592,32.409159660339355,107.94124603271484
1784891176900397568,32.41907858848572,116.2515640258789
1784891176910317568,32.428998708724976,125.44086456298828
1784891176920236544,32.43891763687134,134.68055725097656
1784891176930156800,32.448837757110596,143.15989685058594
1784891176940075520,32.45875668525696,150.55836486816406
1784891176949995520,32.46867656707764,158.2469940185547
1784891176959915520,32.478596687316895,164.68231201171875
1784891176969834496,32.48851561546326,169.71087646484375
1784891176979754752,32.498435735702515,173.0185546875
1784891176989673728,32.50835466384888,175.14718627929688
1784891176999593472,32.518274545669556,176.1385955810547
1784891177009512704,32.5281937122345,175.9312744140625
1784891177019432448,32.538113594055176,175.05465698242188
1784891177029351680,32.54803276062012,174.3414306640625
1784891177039271680,32.557952642440796,173.93319702148438
1784891177049191680,32.567872762680054,173.14328002929688
1784891177059110656,32.577791690826416,171.17184448242188
1784891177069030400,32.587711572647095,167.7674102783203
1784891177078949632,32.597630739212036,163.19424438476562
1784891177088869632,32.607550621032715,157.79373168945312
1784891177098788608,32.61746954917908,151.99339294433594
1784891177108708608,32.627389669418335,146.09744262695312
1784891177118628608,32.637309551239014,140.1239471435547
1784891177128547584,32.647228717803955,133.82765197753906
1784891177138467584,32.657148599624634,127.03850555419922
1784891177148386816,32.667067766189575,119.9425277709961
1784891177158306560,32.676987648010254,112.70967102050781
1784891177168225536,32.686906576156616,105.46195220947266
1784891177178145536,32.696826696395874,98.3427505493164
1784891177188064512,32.706745624542236,91.51974487304688
1784891177197984768,32.716665744781494,85.00384521484375
1784891177207904512,32.72658562660217,78.6303939819336
1784891177217823488,32.736504554748535,72.30622863769531
1784891177227743744,32.74642467498779,66.42047119140625
1784891177237662464,32.756343603134155,61.150840759277344
1784891177247582720,32.76626372337341,56.33372497558594
1784891177257501696,32.776182651519775,51.84438705444336
1784891177267421696,32.78610277175903,47.22426223754883
1784891177277341696,32.79602265357971,43.79600143432617
1784891177287260416,32.805941581726074,41.15460968017578
1784891177297180672,32.81586170196533,39.37114334106445
1784891177307099648,32.825780630111694,37.559486389160156
1784891177317019648,32.83570075035095,35.74601745605469
1784891177326938624,32.845619678497314,34.16984558105469
1784891177336858624,32.85553956031799,33.097286224365234
1784891177346777600,32.865458726882935,32.32816696166992
1784891177356697856,32.87537884712219,31.711700439453125
1784891177366617600,32.88529872894287,31.19964599609375
1784891177376536832,32.89521789550781,30.912235260009766
1784891177386456832,32.90513777732849,30.749176025390625
1784891177396375552,32.91505670547485,30.737293243408203
1784891177406295808,32.92497682571411,30.804718017578125
1784891177416214784,32.934895753860474,30.884777069091797
1784891177426134784,32.94481587409973,31.045211791992188
1784891177436054784,32.95473575592041,31.10467529296875
1784891177445973760,32.96465468406677,31.10494613647461
1784891177455893760,32.97457480430603,31.111419677734375
1784891177465812736,32.98449373245239,31.119781494140625
1784891177475732736,32.99441385269165,31.063213348388672
1784891177485651712,33.00433278083801,31.131938934326172
1784891177495571712,33.01425266265869,31.405582427978516
1784891177505490688,33.02417182922363,31.791378021240234
1784891177515410688,33.03409171104431,31.965415954589844
1784891177525330688,33.04401183128357,32.156681060791016
1784891177535249664,33.05393075942993,32.37361145019531
1784891177545169920,33.06385087966919,32.51389694213867
1784891177555088640,33.07376980781555,32.65751266479492
1784891177565008640,33.08368968963623,32.63605499267578
1784891177574927872,33.09360885620117,32.544368743896484
1784891177584847616,33.10352873802185,32.43441390991211
1784891177594767872,33.11344885826111,32.227840423583984
1784891177604686848,33.12336778640747,31.951396942138672
1784891177614606592,33.13328766822815,31.71487808227539
1784891177624525824,33.14320683479309,31.441810607910156
1784891177634445568,33.15312671661377,31.144329071044922
1784891177644364800,33.16304588317871,30.82468032836914
1784891177654284800,33.17296576499939,30.501651763916016
1784891177664203520,33.18288469314575,30.23699951171875
1784891177674123776,33.19280481338501,29.964046478271484
1784891177684043520,33.20272469520569,29.64947509765625
1784891177693962752,33.21264386177063,29.319683074951172
1784891177703882752,33.22256374359131,28.98492431640625
1784891177713801728,33.23248267173767,28.652729034423828
1784891177723721728,33.24240279197693,28.325153350830078
1784891177733640704,33.25232172012329,27.954097747802734
1784891177743560704,33.26224184036255,27.584678649902344
1784891177753480704,33.27216172218323,27.18365478515625
1784891177763399936,33.28208088874817,26.754650115966797
1784891177773319680,33.29200077056885,26.42657470703125
1784891177783238656,33.30191969871521,26.20903778076172
1784891177793158656,33.31183981895447,26.123271942138672
1784891177803077632,33.32175874710083,26.116497039794922
1784891177812997888,33.33167886734009,26.168243408203125
1784891177822916864,33.34159779548645,26.319393157958984
1784891177832836608,33.35151767730713,26.579357147216797
1784891177842756864,33.36143779754639,26.89523696899414
1784891177852675584,33.37135672569275,27.268863677978516
1784891177862595840,33.38127684593201,27.767887115478516
1784891177872514816,33.39119577407837,28.398193359375
1784891177882434816,33.40111589431763,29.108577728271484
1784891177892353792,33.41103482246399,29.7982177734375
1784891177902273536,33.42095470428467,30.46383285522461
1784891177912192768,33.43087387084961,31.127452850341797
1784891177922112768,33.44079375267029,31.789661407470703
1784891177932032768,33.450713872909546,32.455780029296875
1784891177941951744,33.46063280105591,33.17252731323242
1784891177951871744,33.47055268287659,33.933502197265625
1784891177961790720,33.48047184944153,34.70352554321289
1784891177971710720,33.49039173126221,35.44813919067383
1784891177981629952,33.50031089782715,36.144344329833984
1784891177991549696,33.51023077964783,36.77641296386719
1784891178001468672,33.52014970779419,37.335819244384766
1784891178011388672,33.53006982803345,37.85540008544922
1784891178021308672,33.539989709854126,38.40915298461914
1784891178031227904,33.54990887641907,38.98440170288086
1784891178041147648,33.559828758239746,39.54298400878906
1784891178051066624,33.56974768638611,40.0747184753418
1784891178060986880,33.579667806625366,40.588134765625
1784891178070905600,33.58958673477173,41.06095504760742
1784891178080825856,33.599506855010986,41.528507232666016
1784891178090745600,33.609426736831665,42.01527786254883
1784891178100664576,33.61934566497803,42.54515075683594
1784891178110584832,33.629265785217285,43.0715446472168
1784891178120503552,33.63918471336365,43.56877136230469
1784891178130423808,33.649104833602905,44.04083251953125
1784891178140342784,33.65902376174927,44.51188278198242
1784891178150262784,33.668943881988525,44.965919494628906
1784891178160181760,33.67886281013489,45.37614440917969
1784891178170101760,33.688782691955566,45.77797317504883
1784891178180021760,33.698702812194824,46.19244384765625
1784891178189940736,33.70862174034119,46.582401275634766
1784891178199860736,33.718541860580444,47.56167984008789
1784891178209779712,33.72846078872681,48.03256607055664
1784891178219699712,33.738380670547485,49.10699462890625
1784891178229618688,33.74829983711243,50.25851821899414
1784891178239538688,33.758219718933105,51.4312744140625
1784891178249458688,33.76813983917236,52.5803337097168
1784891178259377664,33.778058767318726,53.691036224365234
1784891178269297920,33.78797888755798,54.77007293701172
1784891178279216640,33.797897815704346,55.83770751953125
1784891178289136640,33.807817697525024,56.898406982421875
1784891178299055872,33.817736864089966,57.894561767578125
1784891178308975616,33.827656745910645,58.781776428222656
1784891178318894592,33.83757567405701,59.57038116455078
1784891178328814848,33.847495794296265,60.219207763671875
1784891178338734592,33.85741567611694,60.712440490722656
1784891178348653312,33.86733436584473,61.10515594482422
1784891178358573312,33.877254247665405,61.43944549560547
1784891178368492288,33.88717341423035,61.714256286621094
1784891178378412288,33.897093296051025,61.907325744628906
1784891178388331264,33.90701222419739,62.04259490966797
1784891178398251264,33.916932344436646,62.13105010986328
1784891178408170240,33.92685127258301,62.109283447265625
1784891178418090240,33.936771392822266,61.93315124511719
1784891178428010240,33.946691274642944,61.56427001953125
1784891178437929216,33.95661020278931,61.06617736816406
1784891178447849216,33.966530323028564,60.544166564941406
1784891178457768192,33.97644925117493,59.95674133300781
1784891178467688448,33.986369371414185,59.303810119628906
1784891178477607168,33.99628829956055,58.555877685546875
1784891178487527424,34.006208419799805,57.261924743652344
1784891178497447168,34.01612830162048,55.855003356933594
1784891178507366144,34.026047229766846,54.32470703125
1784891178517286400,34.0359673500061,52.76091384887695
1784891178527205120,34.045886278152466,51.234989166259766
1784891178537125376,34.055806398391724,49.77317810058594
1784891178547044352,34.065725326538086,48.171295166015625
1784891178556964096,34.075645208358765,46.26287078857422
1784891178566883328,34.085564374923706,44.2900390625
1784891178576803328,34.095484256744385,42.12651824951172
1784891178586723328,34.10540437698364,39.839107513427734
1784891178596642304,34.115323305130005,37.76628112792969
1784891178606562304,34.12524342536926,35.85614013671875
1784891178616481280,34.135162353515625,33.8387451171875
1784891178626401280,34.145082235336304,32.044342041015625
1784891178636320256,34.155001401901245,30.567668914794922
1784891178646240256,34.164921283721924,29.30050277709961
1784891178656160256,34.17484140396118,28.308929443359375
1784891178666079232,34.184760332107544,27.85232925415039
1784891178675999232,34.19468021392822,27.602928161621094
1784891178685918208,34.204599380493164,27.96759796142578
1784891178695838208,34.21451926231384,29.907691955566406
1784891178705757440,34.224438428878784,31.588890075683594
1784891178715677184,34.23435831069946,32.16820526123047
1784891178725596160,34.244277238845825,32.70110321044922
1784891178735516416,34.25419735908508,33.0854606628418
1784891178745436160,34.26411724090576,33.1450080871582
1784891178755355392,34.2740364074707,34.04302215576172
1784891178765275136,34.28395628929138,36.20928955078125
1784891178775194112,34.293875217437744,40.474220275878906
1784891178785114368,34.303795337677,45.13924026489258
1784891178795033344,34.313714265823364,50.0019416809082
1784891178804953344,34.32363438606262,55.48211669921875
1784891178814873344,34.3335542678833,61.207908630371094
1784891178824792320,34.34347343444824,66.69448852539062
1784891178834712320,34.35339331626892,72.38312530517578
1784891178844631296,34.36331224441528,78.0377426147461
1784891178854551296,34.37323236465454,84.06979370117188
1784891178864470272,34.3831512928009,91.62286376953125
1784891178874390272,34.39307141304016,100.8018569946289
1784891178884310272,34.40299129486084,110.96273040771484
1784891178894229248,34.4129102230072,122.28180694580078
1784891178904149248,34.42283034324646,133.52178955078125
1784891178914068224,34.43274927139282,144.86012268066406
1784891178923988224,34.44266939163208,156.0017852783203
1784891178933907200,34.45258831977844,166.17864990234375
1784891178943827456,34.4625084400177,174.39097595214844
1784891178953747200,34.47242832183838,180.27716064453125
1784891178963666176,34.48234724998474,183.47813415527344
1784891178973586432,34.492267370224,185.87835693359375
1784891178983505152,34.50218629837036,188.04461669921875
1784891178993425408,34.51210641860962,190.26663208007812
1784891179003344384,34.52202534675598,192.37258911132812
1784891179013264128,34.53194522857666,193.21182250976562
1784891179023183360,34.5418643951416,192.88681030273438
1784891179033103104,34.55178427696228,191.70693969726562
1784891179043023360,34.56170439720154,190.38330078125
1784891179052942336,34.5716233253479,189.01318359375
1784891179062862080,34.58154320716858,187.3248748779297
1784891179072781312,34.59146237373352,185.0813446044922
1784891179082701312,34.6013822555542,182.1025390625
1784891179092620288,34.61130142211914,178.45962524414062
1784891179102540288,34.62122130393982,174.10935974121094
1784891179112460288,34.63114142417908,169.01492309570312
1784891179122379264,34.64106035232544,163.431396484375
1784891179132299264,34.65098023414612,157.23150634765625
1784891179142218240,34.66089940071106,150.7895965576172
1784891179152138240,34.67081928253174,144.01504516601562
1784891179162057216,34.6807382106781,136.94886779785156
1784891179171977216,34.69065833091736,129.87620544433594
1784891179181896192,34.70057725906372,122.88994598388672
1784891179191816448,34.71049737930298,116.08419799804688
1784891179201736192,34.72041726112366,109.54945373535156
1784891179211655424,34.7303364276886,103.42733001708984
1784891179221575168,34.74025630950928,97.63843536376953
1784891179231494144,34.75017523765564,92.10453796386719
1784891179241414400,34.7600953578949,86.67609405517578
1784891179251333120,34.77001428604126,81.28277587890625
1784891179261253376,34.77993440628052,76.09585571289062
1784891179271173120,34.789854288101196,71.14183044433594
1784891179281092096,34.79977321624756,66.43840789794922
1784891179291012352,34.809693336486816,62.21087646484375
1784891179300931328,34.81961226463318,58.791282653808594
1784891179310851328,34.82953238487244,55.890411376953125
1784891179320770304,34.8394513130188,54.1925048828125
1784891179330690304,34.84937143325806,52.69934844970703
1784891179340610304,34.859291315078735,51.28961944580078
1784891179350529536,34.86921048164368,49.99679183959961
1784891179360449280,34.879130363464355,48.781681060791016
1784891179370368256,34.88904929161072,47.8264045715332
1784891179380288256,34.898969411849976,47.18517303466797
1784891179390207232,34.90888833999634,46.6815299987793
1784891179400127488,34.918808460235596,46.3412971496582
1784891179410046464,34.92872738838196,46.206336975097656
1784891179419966464,34.938647508621216,46.225067138671875
1784891179429886464,34.948567390441895,46.340484619140625
1784891179439805184,34.95848631858826,46.468997955322266
1784891179449725440,34.968406438827515,46.64042663574219
1784891179459644416,34.97832536697388,46.820396423339844
1784891179469564416,34.988245487213135,47.23006820678711
1784891179479483392,34.9981644153595,47.35631561279297
1784891179489403136,35.008084297180176,47.585975646972656
1784891179499322368,35.01800346374512,47.756927490234375
1784891179509242368,35.027923345565796,47.94824981689453
1784891179519162368,35.037843465805054,48.427391052246094
1784891179529081344,35.047762393951416,49.02730941772461
1784891179539001344,35.057682514190674,49.328948974609375
1784891179548920320,35.067601442337036,49.57155227661133
1784891179558840320,35.077521324157715,49.676231384277344
1784891179568759552,35.087440490722656,49.65940856933594
1784891179578679296,35.097360372543335,49.53763198852539
1784891179588599552,35.10728049278259,49.3532600402832
1784891179598518272,35.117199420928955,49.09056854248047
1784891179608438272,35.127119302749634,48.82514953613281
1784891179618357504,35.137038469314575,48.581912994384766
1784891179628277248,35.146958351135254,48.299468994140625
1784891179638196480,35.156877517700195,48.007328033447266
1784891179648116224,35.166797399520874,47.682411193847656
1784891179658035200,35.176716327667236,47.35138702392578
1784891179667955456,35.186636447906494,47.06873321533203
1784891179677875200,35.19655632972717,46.83934020996094
1784891179687794432,35.206475496292114,46.59770965576172
1784891179697714432,35.21639537811279,46.36763381958008
1784891179707633152,35.226314306259155,46.172603607177734
1784891179717553408,35.23623442649841,45.98347091674805
1784891179727472384,35.246153354644775,45.78597640991211
1784891179737392384,35.25607347488403,45.54302978515625
1784891179747312384,35.26599335670471,45.35234069824219
1784891179757231360,35.27591252326965,45.21780776977539
1784891179767151360,35.28583240509033,45.07776641845703
1784891179777070336,35.295751333236694,44.869388580322266
1784891179786990336,35.30567145347595,44.57261657714844
1784891179796909312,35.315590381622314,44.22138977050781
1784891179806829568,35.32551050186157,43.82279968261719
1784891179816748288,35.335429430007935,43.82194137573242
1784891179826668288,35.34534931182861,43.428279876708984
1784891179836588288,35.35526943206787,43.06907272338867
1784891179846507264,35.36518836021423,42.75651168823242
1784891179856427520,35.37510848045349,42.52228927612305
1784891179866346240,35.38502740859985,42.30059051513672
1784891179876266240,35.39494729042053,42.08595657348633
1784891179886185472,35.404866456985474,41.92169189453125
1784891179896105216,35.41478633880615,41.87356948852539
1784891179906025472,35.42470645904541,41.99555969238281
1784891179915944448,35.43462538719177,42.28807830810547
1784891179925864448,35.44454550743103,42.672054290771484
1784891179935783424,35.45446443557739,43.126075744628906
1784891179945703168,35.46438431739807,43.61558532714844
1784891179955622400,35.47430348396301,44.11421585083008
1784891179965542400,35.48422336578369,44.63481903076172
1784891179975461120,35.494142293930054,45.188072204589844
1784891179985381376,35.50406241416931,45.776336669921875
1784891179995301120,35.51398229598999,46.39685821533203
1784891180005220352,35.52390146255493,47.03620147705078
1784891180015140352,35.53382134437561,48.12994384765625
1784891180025059584,35.54374051094055,49.175270080566406
1784891180034979328,35.55366039276123,50.140281677246094
1784891180044898304,35.56357932090759,51.067665100097656
1784891180054818304,35.57349944114685,51.99951934814453
1784891180064738304,35.58341932296753,53.01482009887695
1784891180074657536,35.59333848953247,54.05906677246094
1784891180084577280,35.60325837135315,55.12938690185547
1784891180094496256,35.61317729949951,56.20088195800781
1784891180104416256,35.62309741973877,56.85844421386719
1784891180114335232,35.63301634788513,57.94065856933594
1784891180124255488,35.64293646812439,59.036468505859375
1784891180134174464,35.65285539627075,60.19049835205078
1784891180144094464,35.66277551651001,61.37364959716797
1784891180154014464,35.67269539833069,62.55933380126953
1784891180163933184,35.68261432647705,63.716522216796875
1784891180173853440,35.69253444671631,64.82730865478516
1784891180183772416,35.70245337486267,65.85501861572266
1784891180193692416,35.71237349510193,66.79764556884766
1784891180203611392,35.72229242324829,67.71807861328125
1784891180213531136,35.73221230506897,68.58906555175781
1784891180223450368,35.74213147163391,69.39019012451172
1784891180233370368,35.75205135345459,70.16819763183594
1784891180243290368,35.76197147369385,70.9186782836914
1784891180253209344,35.77189040184021,71.62604522705078
1784891180263129600,35.78181052207947,72.30066680908203
1784891180273048320,35.79172945022583,72.96664428710938
1784891180282968320,35.80164933204651,73.67091369628906
1784891180292887552,35.81156849861145,74.44039154052734
1784891180302807296,35.82148838043213,75.29439544677734
1784891180312727552,35.83140850067139,76.2030029296875
1784891180322646272,35.84132742881775,77.12064361572266
1784891180332566272,35.85124731063843,77.96648406982422
1784891180342485760,35.86116671562195,78.7307357788086
1784891180352405504,35.87108659744263,79.4091796875
1784891180362324736,35.88100576400757,80.04044342041016
1784891180372244480,35.89092564582825,80.62062072753906
1784891180382163456,35.90084457397461,81.06169891357422
1784891180392083712,35.91076469421387,81.32081604003906
1784891180402003456,35.920684576034546,81.46206665039062
1784891180411922688,35.93060374259949,81.55736541748047
1784891180421842688,35.940523624420166,81.54778289794922
1784891180431761408,35.95044255256653,81.43563842773438
1784891180441681664,35.960362672805786,81.28428649902344
1784891180451600640,35.97028160095215,81.11896514892578
1784891180461520640,35.980201721191406,80.95126342773438
1784891180471439616,35.99012064933777,80.833984375
1784891180481359616,36.000040769577026,80.6861801147461
1784891180491279616,36.009960651397705,80.32976531982422
1784891180501198592,36.01987957954407,79.7815933227539
1784891180511118592,36.029799699783325,79.088623046875
1784891180521037568,36.03971862792969,78.43981170654297
1784891180530957824,36.049638748168945,77.8476791381836
1784891180540876544,36.05955767631531,77.19294738769531
1784891180550796544,36.069477558135986,76.54248809814453
1784891180560715776,36.07939672470093,75.87010955810547
1784891180570635520,36.089316606521606,75.09491729736328
1784891180580555776,36.099236726760864,74.22528076171875
1784891180590474496,36.10915565490723,73.1688461303711
1784891180600394496,36.119075536727905,71.86711883544922
1784891180610313728,36.12899470329285,70.41321563720703
1784891180620233472,36.138914585113525,68.85279846191406
1784891180630152704,36.14883375167847,67.17769622802734
1784891180640072704,36.158753633499146,65.4214859008789
1784891180649992704,36.1686737537384,63.681427001953125
1784891180659911680,36.178592681884766,61.88177490234375
1784891180669831424,36.188512563705444,60.090309143066406
1784891180679750656,36.198431730270386,58.321678161621094
1784891180689670656,36.208351612091064,56.666770935058594
1784891180699589376,36.21827054023743,55.60585021972656
1784891180709509632,36.228190660476685,54.907379150390625
1784891180719428608,36.23810958862305,53.748924255371094
1784891180729348608,36.248029708862305,53.25299072265625
1784891180739268608,36.25794959068298,53.06327438354492
1784891180749187584,36.267868757247925,53.1258659362793
1784891180759107584,36.2777886390686,53.61977767944336
1784891180769026560,36.287707567214966,54.625633239746094
1784891180778946560,36.297627687454224,55.898841857910156
1784891180788865536,36.307546615600586,58.385169982910156
1784891180798785792,36.317466735839844,59.918495178222656
1784891180808704512,36.327385663986206,60.93882751464844
1784891180818624512,36.337305545806885,60.57499694824219
1784891180828544512,36.34722566604614,60.573455810546875
1784891180838463488,36.357144594192505,60.91986846923828
1784891180848383744,36.36706471443176,61.909385681152344
1784891180858302720,36.376983642578125,65.02997589111328
1784891180868222720,36.38690376281738,68.90260314941406
1784891180878141696,36.396822690963745,73.50389099121094
1784891180888061440,36.406742572784424,78.62480926513672
1784891180897981696,36.41666269302368,84.07105255126953
1784891180907900672,36.426581621170044,89.65750885009766
1784891180917820672,36.4365017414093,95.55858612060547
1784891180927739648,36.446420669555664,101.57492065429688
1784891180937659392,36.45634055137634,108.7652359008789
1784891180947578624,36.466259717941284,117.20368957519531
1784891180957498624,36.47617959976196,126.9338607788086
1784891180967417600,36.486098766326904,137.9849090576172
1784891180977337600,36.49601864814758,150.1474151611328
1784891180987257600,36.50593876838684,163.1937713623047
1784891180997176576,36.5158576965332,175.77232360839844
1784891181007096576,36.52577757835388,187.67108154296875
1784891181017015808,36.53569674491882,197.2978057861328
1784891181026935552,36.5456166267395,204.7500762939453
1784891181036854528,36.555535554885864,210.07078552246094
1784891181046774528,36.56545567512512,213.2078857421875
1784891181056693504,36.575374603271484,216.84957885742188
1784891181066613760,36.58529472351074,220.10147094726562
1784891181076533504,36.59521460533142,222.10263061523438
1784891181086452736,36.60513377189636,223.50343322753906
1784891181096372480,36.61505365371704,223.94943237304688
1784891181106291456,36.6249725818634,223.2797393798828
1784891181116211712,36.63489270210266,221.94813537597656
1784891181126130688,36.64481163024902,220.61927795410156
1784891181136050688,36.65473175048828,218.9490203857422
1784891181145969664,36.664650678634644,216.69212341308594
1784891181155889408,36.67457056045532,213.89273071289062
1784891181165809664,36.68449068069458,210.4543914794922
1784891181175728640,36.69440960884094,206.27117919921875
1784891181185648640,36.7043297290802,201.6634063720703
1784891181195567616,36.71424865722656,196.64515686035156
1784891181205487616,36.72416853904724,190.9977264404297
1784891181215406592,36.73408770561218,184.6012420654297
1784891181225326592,36.74400758743286,177.6105194091797
1784891181235245824,36.7539267539978,170.43853759765625
1784891181245165568,36.76384663581848,163.27342224121094
1784891181255085824,36.77376675605774,156.21092224121094
1784891181265004544,36.7836856842041,149.24549865722656
1784891181274924544,36.79360556602478,142.54037475585938
1784891181284843776,36.80352473258972,136.0524139404297
1784891181294763520,36.8134446144104,129.6802215576172
1784891181304682496,36.82336354255676,123.5374984741211
1784891181314602496,36.83328366279602,117.47655487060547
1784891181324521472,36.84320259094238,111.51355743408203
1784891181334441728,36.85312271118164,105.81643676757812
1784891181344361216,36.86304235458374,100.46408081054688
1784891181354280448,36.87296152114868,95.73994445800781
1784891181364200448,36.88288140296936,91.33950805664062
1784891181374119168,36.89280033111572,87.71809387207031
1784891181384039424,36.90272045135498,84.48282623291016
1784891181393958400,36.91263937950134,82.38479614257812
1784891181403878400,36.9225594997406,80.34896850585938
1784891181413797376,36.93247842788696,78.48751068115234
1784891181423717376,36.94239830970764,76.69721221923828
1784891181433637376,36.9523184299469,75.0434341430664
1784891181443556352,36.96223735809326,73.68476867675781
1784891181453476352,36.97215747833252,72.60884094238281
1784891181463395328,36.98207640647888,71.7529525756836
1784891181473315328,36.99199628829956,70.98868560791016
1784891181483234304,37.0019154548645,70.4389419555664
1784891181493154304,37.01183533668518,70.0675048828125
1784891181503073536,37.02175450325012,69.76315307617188
1784891181512993280,37.0316743850708,69.52391815185547
1784891181522913536,37.04159450531006,69.43794250488281
1784891181532832512,37.05151343345642,69.41956329345703
1784891181542752256,37.0614333152771,69.54736328125
1784891181552671488,37.07135248184204,69.89533233642578
1784891181562591232,37.08127236366272,70.11177825927734
1784891181572510208,37.09119129180908,70.27747344970703
1784891181582430464,37.10111141204834,70.50090026855469
1784891181592349184,37.1110303401947,70.69239807128906
1784891181602269440,37.12095046043396,70.75689697265625
1784891181612188416,37.13086938858032,70.99736022949219
1784891181622108416,37.14078950881958,71.4324722290039
1784891181632028416,37.15070939064026,71.55747985839844
1784891181641947392,37.16062831878662,71.64359283447266
1784891181651867392,37.17054843902588,71.82835388183594
1784891181661786368,37.18046736717224,71.9342269897461
1784891181671706368,37.1903874874115,71.95388793945312
1784891181681625344,37.20030641555786,71.92159271240234
1784891181691545344,37.21022629737854,71.8365478515625
1784891181701464320,37.22014546394348,71.67354583740234
1784891181711384320,37.23006534576416,71.33140563964844
1784891181721303552,37.2399845123291,70.83800506591797
1784891181731223296,37.24990439414978,70.26535034179688
1784891181741143552,37.25982451438904,69.66603088378906
1784891181751062272,37.2697434425354,69.07191467285156
1784891181760982272,37.27966332435608,68.5534439086914
1784891181770901504,37.28958249092102,68.26465606689453
1784891181780821248,37.2995023727417,68.19221496582031
1784891181790740224,37.30942130088806,68.25096130371094
1784891181800660480,37.31934142112732,68.37162017822266
1784891181810579200,37.32926034927368,68.40108489990234
1784891181820499456,37.33918046951294,68.31526947021484
1784891181830419200,37.34910035133362,68.17945098876953
1784891181840338432,37.35901951789856,68.05738067626953
1784891181850258432,37.36893939971924,67.99080657958984
1784891181860177152,37.3788583278656,68.00125122070312
1784891181870097408,37.38877844810486,68.00154876708984
1784891181880016384,37.39869737625122,67.94281768798828
1784891181889936384,37.40861749649048,67.7512435913086
1784891181899855360,37.41853642463684,67.53568267822266
1784891181909775360,37.42845630645752,67.3585433959961
1784891181919694336,37.43837547302246,67.23602294921875
1784891181929614336,37.44829535484314,67.16266632080078
1784891181939534336,37.4582154750824,67.13300323486328
1784891181949453312,37.46813440322876,67.14757537841797
1784891181959373568,37.47805452346802,67.24510955810547
1784891181969292288,37.48797345161438,67.48440551757812
1784891181979212288,37.49789333343506,67.798828125
1784891181989131520,37.5078125,68.14599609375
1784891181999051264,37.51773238182068,68.492431640625
1784891182008970240,37.52765130996704,68.89305114746094
1784891182018890496,37.5375714302063,69.40250396728516
1784891182028809216,37.54749035835266,70.00816345214844
1784891182038729472,37.55741047859192,70.68096160888672
1784891182048649216,37.5673303604126,71.42095947265625
1784891182058568192,37.57724928855896,72.21460723876953
1784891182068488448,37.58716940879822,73.02703857421875
1784891182078407168,37.59708833694458,73.80416107177734
1784891182088327424,37.60700845718384,74.54793548583984
1784891182098246400,37.6169273853302,75.28514862060547
1784891182108166400,37.62684750556946,76.03009033203125
1784891182118085376,37.63676643371582,76.80459594726562
1784891182128005376,37.6466863155365,77.6153335571289
1784891182137924352,37.65660548210144,78.43768310546875
1784891182147844352,37.66652536392212,79.28135681152344
1784891182157764352,37.67644548416138,80.10513305664062
1784891182167683328,37.68636441230774,80.89258575439453
1784891182177603328,37.69628429412842,81.63679504394531
1784891182187522304,37.70620346069336,82.35078430175781
1784891182197442304,37.71612334251404,83.09789276123047
1784891182207361536,37.72604250907898,83.89989471435547
1784891182217281280,37.73596239089966,84.71481323242188
1784891182227200256,37.74588131904602,85.5304183959961
1784891182237120512,37.75580143928528,86.3343505859375
1784891182247039232,37.76572036743164,87.10245513916016
1784891182256959488,37.7756404876709,87.80482482910156
1784891182266879232,37.78556036949158,88.44896697998047
1784891182276798208,37.79547929763794,88.99805450439453
1784891182286718464,37.8053994178772,89.47953796386719
1784891182296637184,37.81531834602356,89.90079498291016
1784891182306557440,37.82523846626282,90.27985382080078
1784891182316476416,37.83515739440918,90.6244125366211
1784891182326396416,37.84507751464844,90.92511749267578
1784891182336315392,37.8549964427948,91.26236724853516
1784891182346235136,37.8649160861969,91.64705657958984
1784891182356154112,37.87483525276184,92.09223937988281
1784891182366074112,37.88475513458252,92.55233764648438
1784891182375994112,37.89467525482178,93.00302124023438
1784891182385913088,37.90459418296814,93.44165802001953
1784891182395833344,37.9145143032074,93.82575988769531
1784891182405752064,37.92443323135376,94.0884017944336
1784891182415672064,37.93435311317444,94.23800659179688
1784891182425591296,37.94427227973938,94.2730941772461
1784891182435511040,37.95419216156006,94.16323852539062
1784891182445430016,37.96411108970642,93.96055603027344
1784891182455350272,37.97403120994568,93.75498962402344
1784891182465268992,37.98395013809204,93.54247283935547
1784891182475189248,37.9938702583313,93.32422637939453
1784891182485108224,38.00378918647766,93.0147476196289
1784891182495028224,38.01370930671692,92.56277465820312
1784891182504948224,38.0236291885376,92.08038330078125
1784891182514866944,38.03354811668396,91.56053161621094
1784891182524787200,38.04346823692322,90.88569641113281
1784891182534706176,38.05338716506958,90.06782531738281
1784891182544626176,38.06330728530884,89.19271087646484
1784891182554545152,38.0732262134552,88.2974853515625
1784891182564465152,38.08314609527588,87.46503448486328
1784891182574384128,38.09306526184082,86.66280364990234
1784891182584304128,38.1029851436615,85.91065216064453
1784891182594223360,38.11290431022644,85.17667388916016
1784891182604143104,38.12282419204712,84.45907592773438
1784891182614062080,38.13274312019348,83.67193603515625
1784891182623982080,38.14266324043274,82.75017547607422
1784891182633902080,38.15258312225342,81.70259857177734
1784891182643821312,38.16250228881836,80.40351867675781
1784891182653741056,38.17242217063904,79.00642395019531
1784891182663660032,38.1823410987854,77.57832336425781
1784891182673580288,38.19226121902466,75.88648223876953
1784891182683499008,38.20218014717102,73.95258331298828
1784891182693419264,38.21210026741028,71.8580322265625
1784891182703338240,38.22201919555664,69.69403076171875
1784891182713257984,38.23193907737732,67.64492797851562
1784891182723177216,38.24185824394226,65.8985366821289
1784891182733096960,38.25177812576294,64.19811248779297
1784891182743016192,38.26169729232788,62.675262451171875
1784891182752936192,38.27161717414856,61.06388854980469
1784891182762856192,38.28153729438782,60.01472473144531
1784891182772775168,38.29145622253418,59.775634765625
1784891182782695168,38.30137610435486,59.362876892089844
1784891182792614144,38.3112952709198,59.952667236328125
1784891182802534144,38.32121515274048,61.60491180419922
1784891182812453120,38.33113408088684,62.27391052246094
1784891182822373120,38.3410542011261,63.270729064941406
1784891182832292096,38.35097312927246,64.04481506347656
1784891182842212096,38.36089324951172,64.59761810302734
1784891182852131072,38.37081217765808,65.4985580444336
1784891182862051328,38.38073229789734,66.9253158569336
1784891182871971072,38.39065217971802,70.05323028564453
1784891182881890048,38.40057110786438,74.28302764892578
1784891182891810304,38.41049122810364,78.15467071533203
1784891182901729024,38.42041015625,82.75475311279297
1784891182911649280,38.43033027648926,87.879638671875
1784891182921568256,38.44024920463562,93.5020751953125
1784891182931488000,38.4501690864563,99.69970703125
1784891182941407232,38.46008825302124,106.29701232910156
1784891182951326976,38.47000813484192,113.97828674316406
1784891182961246208,38.47992730140686,122.3100814819336
1784891182971166208,38.48984718322754,131.88465881347656
1784891182981086208,38.4997673034668,141.69700622558594
1784891182991005184,38.50968623161316,151.67288208007812
1784891183000925184,38.51960611343384,161.12673950195312
1784891183010844160,38.52952527999878,170.46717834472656
1784891183020764160,38.53944516181946,179.51504516601562
1784891183030683136,38.54936408996582,188.22003173828125
1784891183040603136,38.55928421020508,197.17918395996094
1784891183050522112,38.56920313835144,205.3824462890625
1784891183060442112,38.5791232585907,212.28570556640625
1784891183070361088,38.58904218673706,217.17404174804688
1784891183080281344,38.59896230697632,220.8499298095703
1784891183090200064,38.60888123512268,222.6458282470703
1784891183100120064,38.61880111694336,223.60440063476562
1784891183110039296,38.6287202835083,224.41099548339844
1784891183119959040,38.63864016532898,224.97413635253906
1784891183129879296,38.64856028556824,224.7414093017578
1784891183139798272,38.6584792137146,223.4501190185547
1784891183149718016,38.66839909553528,221.7655029296875
1784891183159637248,38.67831826210022,220.04098510742188
1784891183169556992,38.6882381439209,217.8216552734375
1784891183179476224,38.69815731048584,214.4542999267578
1784891183189396224,38.70807719230652,209.787353515625
1784891183199314944,38.71799612045288,204.07916259765625
1784891183209235200,38.72791624069214,197.8239288330078
1784891183219154176,38.7378351688385,191.44300842285156
1784891183229074176,38.74775528907776,184.9490966796875
1784891183238993152,38.75767421722412,178.2275390625
1784891183248913152,38.7675940990448,171.2899627685547
1784891183258833152,38.77751421928406,164.08255004882812
1784891183268752128,38.78743314743042,156.66851806640625
1784891183278672128,38.79735326766968,149.2916717529297
1784891183288591104,38.80727219581604,142.23858642578125
1784891183298511104,38.81719207763672,135.60157775878906
1784891183308430080,38.82711124420166,129.32379150390625
1784891183318350080,38.83703112602234,123.27196502685547
1784891183328269312,38.84695029258728,117.34197235107422
1784891183338189056,38.85687017440796,111.57437133789062
1784891183348108032,38.86678910255432,106.09367370605469
1784891183358028032,38.876708984375,100.96260833740234
1784891183367946752,38.88662791252136,96.24427032470703
1784891183377867008,38.89654803276062,91.79889678955078
1784891183387785984,38.90646696090698,87.71842193603516
1784891183397705984,38.91638708114624,83.79607391357422
1784891183407625984,38.92630696296692,80.63194274902344
1784891183417544960,38.93622612953186,78.59426879882812
1784891183427464960,38.94614601135254,76.9972152709961
1784891183437383936,38.9560649394989,75.18460083007812
1784891183447303936,38.96598505973816,73.39535522460938
1784891183457222912,38.97590398788452,71.85555267333984
1784891183467143168,38.98582410812378,70.67750549316406
1784891183477061888,38.99574303627014,69.759033203125
1784891183486981888,39.00566291809082,68.98588562011719
1784891183496901120,39.01558208465576,68.3400650024414
1784891183506820864,39.02550196647644,67.89664459228516
1784891183516740096,39.03542113304138,67.62383270263672
1784891183526659840,39.04534101486206,67.4776611328125
1784891183536580096,39.05526113510132,67.4332275390625
1784891183546499072,39.06518006324768,67.44686126708984
1784891183556418816,39.07509994506836,67.55098724365234
1784891183566338048,39.0850191116333,67.70089721679688
1784891183576258048,39.09493899345398,67.6391830444336
1784891183586176768,39.10485792160034,67.5909194946289
1784891183596097024,39.1147780418396,67.53520965576172
1784891183606016000,39.12469696998596,67.47709655761719
1784891183615936000,39.13461709022522,67.47591400146484
1784891183625854976,39.14453601837158,67.74512481689453
1784891183635774976,39.15445613861084,68.20629119873047
1784891183645693952,39.1643750667572,68.44019317626953
1784891183655613952,39.17429494857788,68.64757537841797
1784891183665533184,39.18421411514282,68.9121322631836
1784891183675452928,39.1941339969635,69.20407104492188
1784891183685373184,39.20405411720276,69.35287475585938
1784891183695291904,39.21397304534912,69.40982055664062
1784891183705211904,39.2238929271698,69.32970428466797
1784891183715131136,39.23381209373474,69.07896423339844
1784891183725050880,39.24373197555542,68.68460845947266
1784891183734970112,39.25365114212036,68.18093872070312
1784891183744889856,39.26357102394104,67.70059204101562
1784891183754808832,39.2734899520874,67.36720275878906
1784891183764729088,39.28341007232666,67.1679916381836
1784891183774648064,39.29332900047302,67.00491333007812
1784891183784568064,39.30324912071228,66.9229736328125
1784891183794487040,39.31316804885864,66.8623046875
1784891183804406784,39.32308793067932,66.67872619628906
1784891183814326016,39.33300709724426,66.28132629394531
1784891183824246016,39.34292697906494,65.72171783447266
1784891183834164992,39.35284614562988,65.12921905517578
1784891183844084992,39.36276602745056,64.57321166992188
1784891183854004992,39.37268614768982,64.11274719238281
1784891183863923968,39.38260507583618,63.745582580566406
1784891183873843968,39.39252495765686,63.41265869140625
1784891183883763200,39.4024441242218,63.061607360839844
1784891183893682944,39.41236400604248,62.626983642578125
1784891183903601920,39.42228293418884,62.22869873046875
1784891183913521920,39.4322030544281,61.92018127441406
1784891183923440896,39.44212198257446,61.699928283691406
1784891183933361152,39.45204210281372,61.55152893066406
1784891183943279872,39.46196103096008,61.502838134765625
1784891183953199872,39.47188091278076,61.568603515625
1784891183963119104,39.4818000793457,61.80632781982422
1784891183973038848,39.49171996116638,62.23100280761719
1784891183982958080,39.50163912773132,62.812477111816406
1784891183992878080,39.511559009552,63.529693603515625
1784891184002796800,39.521477937698364,64.33206939697266
1784891184012717056,39.53139805793762,65.15848541259766
1784891184022636800,39.5413179397583,65.98749542236328
1784891184032556032,39.55123710632324,66.80455017089844
1784891184042476032,39.56115698814392,67.59199523925781
1784891184052394752,39.57107591629028,68.36808013916016
1784891184062315008,39.58099603652954,69.15214538574219
1784891184072233984,39.5909149646759,69.9474105834961
1784891184082153984,39.60083508491516,70.73250579833984
1784891184092072960,39.61075401306152,71.50810241699219
1784891184101992960,39.62067413330078,72.25352478027344
1784891184111911936,39.630593061447144,72.97529602050781
1784891184121831936,39.64051294326782,73.6662368774414
1784891184131751168,39.650432109832764,74.3789291381836
1784891184141670912,39.66035199165344,75.12769317626953
1784891184151589888,39.670270919799805,75.89969635009766
1784891184161509888,39.68019104003906,76.73275756835938
1784891184171428864,39.690109968185425,77.58487701416016
1784891184181349120,39.70003008842468,78.42901611328125
1784891184191267840,39.709949016571045,79.23814392089844
1784891184201188096,39.7198691368103,80.03556823730469
1784891184211108096,39.72978901863098,80.8517837524414
1784891184221026816,39.739707946777344,81.68757629394531
1784891184230947072,39.7496280670166,82.53544616699219
1784891184240866048,39.759546995162964,83.4295883178711
1784891184250786048,39.76946711540222,84.59818267822266
1784891184260705024,39.779386043548584,85.75689697265625
1784891184270624768,39.78930592536926,86.88737487792969
1784891184280544000,39.799225091934204,87.9804458618164
1784891184290464000,39.80914497375488,89.02103424072266
1784891184300382976,39.819064140319824,90.00365447998047
1784891184310302976,39.8289840221405,90.98767852783203
1784891184320221952,39.838902950286865,91.93241119384766
1784891184330141952,39.84882307052612,92.79877471923828
1784891184340060928,39.858741998672485,93.58804321289062
1784891184349982464,39.86866354942322,94.26819610595703
1784891184359901440,39.87858247756958,94.80813598632812
1784891184369821184,39.88850235939026,95.24335479736328
1784891184379741440,39.89842247962952,95.6006851196289
1784891184389660416,39.90834140777588,95.92301177978516
1784891184399580416,39.91826152801514,96.20272827148438
1784891184409499392,39.9281804561615,96.37415313720703
1784891184419419392,39.93810033798218,96.38671112060547
1784891184429338368,39.94801950454712,96.25287628173828
1784891184439258368,39.9579393863678,96.05099487304688
1784891184449177600,39.96785855293274,95.84346771240234
1784891184459097344,39.97777843475342,95.6185531616211
1784891184469016320,39.98769736289978,95.38694763183594
1784891184478936320,39.99761748313904,95.13882446289062
1784891184488855296,40.0075364112854,94.76985168457031
1784891184498775552,40.01745653152466,94.24056243896484
1784891184508694528,40.02737545967102,93.57598114013672
1784891184518614272,40.0372953414917,92.63166046142578
1784891184528533504,40.04721450805664,91.85318756103516
1784891184538453248,40.05713438987732,91.13213348388672
1784891184548372480,40.06705355644226,90.43734741210938
1784891184558292480,40.07697343826294,89.7082290649414
1784891184568212480,40.0868935585022,88.93940734863281
1784891184578131456,40.09681248664856,88.07230377197266
1784891184588051200,40.10673236846924,87.19950866699219
1784891184597970432,40.11665153503418,86.35546875
1784891184607890432,40.12657141685486,85.49979400634766
1784891184617809408,40.13649034500122,84.55811309814453
1784891184627729408,40.14641046524048,83.49773406982422
1784891184637648384,40.15632939338684,82.32228088378906
1784891184647568384,40.1662495136261,81.1023178100586
1784891184657487360,40.17616844177246,79.79627990722656
1784891184667407616,40.18608856201172,78.47911071777344
1784891184677326336,40.19600749015808,77.08636474609375
1784891184687246336,40.20592737197876,75.41732025146484
1784891184697165568,40.2158465385437,73.37879180908203
1784891184707085312,40.22576642036438,71.4455337524414
1784891184717004288,40.23568534851074,69.74383544921875
1784891184726924544,40.24560546875,68.27165985107422
1784891184736843264,40.25552439689636,66.89322662353516
1784891184746763520,40.26544451713562,65.41165161132812
1784891184756683264,40.2753643989563,63.91565704345703
1784891184766602240,40.28528332710266,63.72486877441406
1784891184776522496,40.29520344734192,63.76136779785156
1784891184786441216,40.30512237548828,63.763702392578125
1784891184796361472,40.31504249572754,65.26325225830078
1784891184806280448,40.3249614238739,66.15831756591797
1784891184816200448,40.33488154411316,67.35521697998047
1784891184826119424,40.34480047225952,68.64398193359375
1784891184836039424,40.3547203540802,68.4192123413086
1784891184845958400,40.36463952064514,68.57514190673828
1784891184855878400,40.37455940246582,68.80669403076172
1784891184865797376,40.38447833061218,70.36669921875
1784891184875717376,40.39439845085144,72.81304168701172
1784891184885636352,40.4043173789978,75.77674102783203
1784891184895556352,40.41423749923706,80.4104995727539
1784891184905475328,40.42415642738342,85.36018371582031
1784891184915395584,40.43407654762268,90.2671890258789
1784891184925314304,40.44399547576904,95.23560333251953
1784891184935234304,40.45391535758972,100.52355194091797
1784891184945154304,40.46383547782898,107.16931915283203
1784891184955073280,40.47375440597534,114.76983642578125
1784891184964993536,40.4836745262146,123.97435760498047
1784891184974912512,40.49359345436096,133.57955932617188
1784891184984832256,40.50351333618164,142.69383239746094
1784891184994751488,40.51343250274658,152.15235900878906
1784891185004671232,40.52335238456726,100.80941009521484
1784891185014590464,40.5332715511322,99.407958984375
1784891185024510464,40.54319143295288,97.73778533935547
1784891185034429184,40.55311036109924,95.4288101196289
1784891185044349440,40.5630304813385,92.69332122802734
1784891185054268416,40.57294940948486,89.36103820800781
1784891185064188416,40.58286952972412,219.76844787597656
1784891185074107392,40.59278845787048,225.76885986328125
1784891185084027392,40.60270833969116,228.5920867919922
1784891185093947392,40.61262845993042,230.0450897216797
1784891185103866368,40.62254738807678,231.3527069091797
1784891185113786368,40.63246750831604,231.70704650878906
1784891185123705344,40.6423864364624,231.3243865966797
1784891185133625600,40.65230655670166,230.4458465576172
1784891185143544320,40.66222548484802,229.3148651123047
1784891185153464320,40.6721453666687,228.1305389404297
1784891185163383552,40.68206453323364,226.7641143798828
1784891185173303296,40.69198441505432,15.292120933532715
1784891185183222272,40.701903343200684,9.398516654968262
1784891185193142528,40.71182346343994,3.5503225326538086
1784891185203061248,40.721742391586304,208.6536102294922
1784891185212981504,40.73166251182556,201.2587432861328
1784891185222900480,40.741581439971924,193.2560272216797
1784891185232820480,40.75150156021118,185.13650512695312
1784891185242740480,40.76142144203186,177.28738403320312
1784891185252659200,40.77134037017822,169.64041137695312
1784891185262579456,40.78126049041748,162.18377685546875
1784891185272498432,40.79117941856384,154.82217407226562
1784891185282418432,40.8010995388031,147.76560974121094
1784891185292337408,40.81101846694946,141.07357788085938
1784891185302257408,40.82093834877014,134.72927856445312
1784891185312176384,40.83085751533508,128.72418212890625
1784891185322096384,40.84077739715576,123.03539276123047
1784891185332015616,40.8506965637207,117.50743865966797
1784891185341935360,40.86061644554138,112.11685180664062
1784891185351853056,40.87053418159485,106.98783111572266
1784891185361773056,40.88045406341553,102.1768569946289
1784891185371692288,40.89037322998047,97.71214294433594
1784891185381612032,40.90029311180115,93.85462951660156
1784891185391531008,40.91021203994751,90.25963592529297
1784891185401451008,40.92013216018677,87.2206039428711
1784891185411369984,40.93005108833313,83.91262817382812
1784891185421290240,40.93997120857239,81.48524475097656
1784891185431209984,40.949891090393066,79.9117202758789
1784891185441129216,40.95981025695801,78.5678939819336
1784891185451049216,40.96973013877869,77.3572006225586
1784891185460967936,40.97964906692505,76.32178497314453
1784891185470888192,40.98956918716431,75.44696044921875
1784891185480807168,40.99948811531067,74.76317596435547
1784891185490727168,41.00940823554993,74.18354797363281
1784891185500646144,41.01932716369629,73.65389251708984
1784891185510565888,41.02924704551697,73.22132873535156
1784891185520485120,41.03916621208191,72.8885269165039
1784891185530405120,41.04908609390259,72.62621307373047
1784891185540324096,41.05900526046753,72.42863464355469
1784891185550244096,41.06892514228821,72.37051391601562
1784891185560163072,41.07884407043457,72.42417907714844
1784891185570083072,41.08876419067383,72.5199203491211
1784891185580002048,41.09868311882019,72.5668716430664
1784891185589922304,41.10860323905945,72.62312316894531
1784891185599842048,41.11852312088013,72.83737182617188
1784891185609761024,41.12844204902649,73.00487518310547
1784891185619681024,41.13836216926575,73.33187103271484
1784891185629600000,41.14828109741211,74.01506042480469
1784891185639520256,41.15820121765137,74.56831359863281
1784891185649438976,41.16812014579773,74.915283203125
1784891185659359232,41.17804026603699,75.31822967529297
1784891185669278208,41.18795919418335,75.63727569580078
1784891185679197952,41.19787907600403,75.86483764648438
1784891185689117184,41.20779824256897,76.02916717529297
1784891185699037184,41.21771812438965,76.13076782226562
1784891185708955904,41.22763705253601,76.16106414794922
1784891185718876160,41.23755717277527,76.14773559570312
1784891185728795136,41.24747610092163,76.08993530273438
1784891185738715136,41.25739622116089,76.02616882324219
1784891185748634112,41.26731514930725,75.97486114501953
1784891185758554112,41.27723526954651,75.9588623046875
1784891185768474112,41.28715515136719,75.96990966796875
1784891185778393088,41.29707407951355,75.94239807128906
1784891185788313088,41.30699419975281,75.89180755615234
1784891185798232064,41.31691312789917,75.92987060546875
1784891185808152320,41.32683324813843,75.95508575439453
1784891185818071040,41.33675217628479,75.91232299804688
1784891185827991040,41.34667205810547,75.80094909667969
1784891185837910272,41.35659122467041,75.55574798583984
1784891185847830016,41.36651110649109,75.12673950195312
1784891185857749248,41.37643027305603,74.57547760009766
1784891185867668992,41.38635015487671,73.98361206054688
1784891185877587968,41.39626908302307,73.36476135253906
1784891185887508224,41.40618920326233,72.64131164550781
1784891185897427200,41.41610813140869,71.72925567626953
1784891185907347200,41.42602825164795,70.67469787597656
1784891185917266176,41.43594717979431,69.58030700683594
1784891185927185920,41.44586706161499,68.60122680664062
1784891185937106176,41.45578718185425,67.8267593383789
1784891185947025152,41.46570611000061,67.25899505615234
1784891185956945152,41.47562623023987,66.89071655273438
1784891185966864128,41.48554515838623,66.71283721923828
1784891185976783872,41.49546504020691,66.65755462646484
1784891185986703104,41.50538420677185,66.757568359375
1784891185996623104,41.51530408859253,66.94880676269531
1784891186006542080,41.52522325515747,67.24079132080078
1784891186016462080,41.53514313697815,67.59933471679688
1784891186026381056,41.54506206512451,68.03034973144531
1784891186036301056,41.55498218536377,68.53492736816406
1784891186046220032,41.56490111351013,69.07294464111328
1784891186056140288,41.57482123374939,69.63594818115234
1784891186066059008,41.58474016189575,70.244873046875
1784891186075979008,41.59466004371643,70.90182495117188
1784891186085898240,41.60457921028137,71.60650634765625
1784891186095817984,41.61449909210205,72.36970520019531
1784891186105738240,41.62441921234131,73.19921112060547
1784891186115657216,41.63433814048767,74.07049560546875
1784891186125577216,41.64425826072693,74.95755004882812
1784891186135496192,41.65417718887329,75.81669616699219
1784891186145415936,41.66409707069397,76.64421081542969
1784891186155335168,41.67401623725891,77.41648864746094
1784891186165255168,41.68393611907959,78.14891052246094
1784891186175173888,41.69385504722595,78.8778076171875
1784891186185094144,41.70377516746521,79.63420104980469
1784891186195013120,41.71369409561157,80.3997573852539
1784891186204933120,41.72361421585083,81.17822265625
1784891186214852096,41.73353314399719,81.93711853027344
1784891186224772096,41.74345326423645,82.63093566894531
1784891186234691072,41.75337219238281,83.25308990478516
1784891186244611072,41.76329207420349,83.90423583984375
1784891186254531072,41.77321219444275,84.61531829833984
1784891186264450048,41.78313112258911,85.36473846435547
1784891186274370304,41.79305124282837,86.10968017578125
1784891186284289024,41.80297017097473,86.84054565429688
1784891186294209024,41.81289005279541,87.57456970214844
1784891186304128256,41.82280921936035,88.26720428466797
1784891186314048000,41.83272910118103,88.93309020996094
1784891186323967232,41.84264826774597,89.61515045166016
1784891186333886976,41.85256814956665,90.31282043457031
1784891186343805952,41.86248707771301,91.03800964355469
1784891186353726976,41.87240815162659,91.7694320678711
1784891186363645952,41.88232707977295,92.48397827148438
1784891186373565952,41.89224696159363,93.15838623046875
1784891186383485184,41.90216612815857,93.77899169921875
1784891186393404928,41.91208600997925,94.29085540771484
1784891186403324160,41.92200517654419,94.65786743164062
1784891186413243904,41.93192505836487,94.86006927490234
1784891186423164160,41.941845178604126,94.95886993408203
1784891186433083136,41.95176410675049,95.026611328125
1784891186443002880,41.96168398857117,95.05122375488281
1784891186452922112,41.97160315513611,95.01750946044922
1784891186462842112,41.98152303695679,94.91796875
1784891186472760832,41.99144196510315,94.72686004638672
1784891186482681088,42.00136208534241,94.44265747070312
1784891186492600064,42.01128101348877,94.13043975830078
1784891186502520064,42.02120113372803,93.8393325805664
1784891186512439040,42.03112006187439,93.51253509521484
1784891186522359040,42.04104018211365,93.09098815917969
1784891186532278016,42.05095911026001,92.5669937133789
1784891186542198016,42.06087899208069,91.91344451904297
1784891186552116992,42.07079815864563,91.11605834960938
1784891186562036992,42.08071804046631,90.2947998046875
1784891186571956992,42.090638160705566,89.49177551269531
1784891186581875968,42.10055708885193,88.70146942138672
1784891186591795968,42.11047697067261,87.8569107055664
1784891186601715200,42.12039613723755,87.0199203491211
1784891186611634944,42.13031601905823,86.31108093261719
1784891186621554176,42.14023518562317,85.74482727050781
1784891186631473920,42.15015506744385,85.26192474365234
1784891186641392896,42.16007399559021,84.7041244506836
1784891186651313152,42.16999411582947,84.03031158447266
1784891186661231872,42.17991304397583,83.17477416992188
1784891186671152128,42.18983316421509,82.2903823852539
1784891186681071104,42.19975209236145,81.4360580444336
1784891186690990848,42.20967197418213,80.39778137207031
1784891186700910080,42.21959114074707,79.08280181884766
1784891186710830080,42.22951102256775,77.50074768066406
1784891186720749056,42.23943018913269,75.45336151123047
1784891186730669056,42.24935007095337,73.21379089355469
1784891186740588800,42.25926995277405,71.02139282226562
1784891186750508032,42.26918911933899,68.9670181274414
1784891186760428032,42.27910900115967,67.22330474853516
1784891186770347008,42.28902816772461,65.46147155761719
1784891186780267008,42.29894804954529,63.56683349609375
1784891186790185984,42.30886697769165,62.44096374511719
1784891186800105984,42.31878709793091,62.19898986816406
1784891186810024960,42.32870602607727,61.75511932373047
1784891186819945216,42.33862614631653,61.554832458496094
1784891186829863936,42.34854507446289,62.19085693359375
1784891186839783936,42.35846495628357,63.52012634277344
1784891186849703168,42.36838412284851,64.32935333251953
1784891186859622912,42.37830400466919,64.33394622802734
1784891186869543168,42.38822412490845,63.61309814453125
1784891186879461888,42.39814305305481,63.46699523925781
1784891186889382144,42.40806317329407,63.11778259277344
1784891186899301120,42.41798210144043,63.75751495361328
1784891186909220864,42.42790198326111,66.718505859375
1784891186919140096,42.43782114982605,69.95851135253906
1784891186929060096,42.44774103164673,73.11719512939453
1784891186938978816,42.45765995979309,77.48714447021484
1784891186948899072,42.46758008003235,82.18611907958984
1784891186958818048,42.47749900817871,86.34369659423828
1784891186968738048,42.48741912841797,90.20600891113281
1784891186978657024,42.49733805656433,95.04537200927734
1784891186988577024,42.50725817680359,101.69047546386719
1784891186998497024,42.51717805862427,109.7610092163086
1784891187008416000,42.52709698677063,118.13648223876953
1784891187018336000,42.53701710700989,127.8111343383789
1784891187028254976,42.54693603515625,97.28263854980469
1784891187038175232,42.55685615539551,96.05123901367188
1784891187048093952,42.56677508354187,94.4871597290039
1784891187058013952,42.57669496536255,92.86434173583984
1784891187067933184,42.58661413192749,91.02206420898438
1784891187077852928,42.59653401374817,88.56978607177734
1784891187087772160,42.60645318031311,85.47452545166016
1784891187097691904,42.61637306213379,81.8110580444336
1784891187107610880,42.62629199028015,77.15206909179688
1784891187117531136,42.63621211051941,226.41012573242188
1784891187127450112,42.64613103866577,229.2234344482422
1784891187137370112,42.65605115890503,231.26568603515625
1784891187147290112,42.66597104072571,232.07057189941406
1784891187157208832,42.67588996887207,231.66896057128906
1784891187167129088,42.68581008911133,230.0954132080078
1784891187177048064,42.69572901725769,227.4082489013672
1784891187186968064,42.70564913749695,224.50514221191406
1784891187196887040,42.71556806564331,221.5709991455078
1784891187206807040,42.72548818588257,218.2355194091797
1784891187216726016,42.73540711402893,214.23297119140625
1784891187226646016,42.74532699584961,209.4547576904297
1784891187236564992,42.75524616241455,203.9857177734375
1784891187246484992,42.76516604423523,197.72340393066406
1784891187256403968,42.77508497238159,190.5880889892578
1784891187266323968,42.78500509262085,182.9705047607422
1784891187276243968,42.79492497444153,175.3142547607422
1784891187286163200,42.80484414100647,167.993896484375
1784891187296082944,42.81476402282715,161.0075225830078
1784891187306002176,42.82468318939209,154.17300415039062
1784891187315921920,42.83460307121277,147.52244567871094
1784891187325840896,42.84452199935913,141.07029724121094
1784891187335761152,42.85444211959839,134.81417846679688
1784891187345679872,42.86436104774475,128.80262756347656
1784891187355600384,42.87428140640259,123.03189849853516
1784891187365519360,42.88420033454895,117.45234680175781
1784891187375439360,42.89412045478821,112.02749633789062
1784891187385358336,42.90403938293457,106.56266784667969
1784891187395278336,42.91395950317383,100.95693969726562
1784891187405197312,42.92387843132019,95.52021789550781
1784891187415117312,42.93379831314087,90.46356201171875
1784891187425037312,42.94371843338013,86.02398681640625
1784891187434956288,42.95363736152649,82.18988800048828
1784891187444876544,42.96355748176575,78.6250991821289
1784891187454795264,42.97347640991211,75.89022827148438
1784891187464715264,42.98339629173279,74.54671478271484
1784891187474634496,42.99331545829773,73.0722885131836
1784891187484554240,43.00323534011841,71.7018051147461
1784891187494473472,43.01315450668335,70.29586029052734
1784891187504393216,43.02307438850403,68.95304107666016
1784891187514312192,43.03299331665039,67.92684173583984
1784891187524232448,43.04291343688965,67.22566986083984
1784891187534151424,43.05283236503601,66.56632995605469
1784891187544071424,43.06275248527527,66.01605987548828
1784891187553990400,43.07267141342163,65.62799835205078
1784891187563910144,43.08259129524231,65.46398162841797
1784891187573830400,43.09251141548157,65.37391662597656
1784891187583749376,43.10243034362793,65.23268127441406
1784891187593669376,43.11235046386719,65.17375946044922
1784891187603588352,43.12226939201355,65.33316802978516
1784891187613508352,43.13218951225281,65.46554565429688
1784891187623427328,43.14210844039917,65.5742416381836
1784891187633347328,43.15202832221985,65.81427764892578
1784891187643266560,43.16194748878479,66.02908325195312
1784891187653186304,43.17186737060547,66.38582611083984
1784891187663105280,43.18178629875183,66.8648910522461
1784891187673025280,43.19170641899109,67.19422912597656
1784891187682944256,43.20162534713745,67.44508361816406
1784891187692864512,43.21154546737671,67.7271499633789
1784891187702783232,43.22146439552307,67.96508026123047
1784891187712703488,43.23138451576233,68.0448989868164
1784891187722623232,43.24130439758301,68.08785247802734
1784891187732542208,43.25122332572937,68.05754852294922
1784891187742462464,43.26114344596863,68.02175903320312
1784891187752381440,43.27106237411499,67.9120864868164
1784891187762301440,43.28098249435425,67.7381362915039
1784891187772220416,43.29090142250061,67.48523712158203
1784891187782140160,43.30082130432129,67.20269012451172
1784891187792059392,43.31074047088623,66.96534729003906
1784891187801979392,43.32066035270691,66.77466583251953
1784891187811898368,43.33057951927185,66.64881134033203
1784891187821818368,43.34049940109253,66.60643005371094
1784891187831737344,43.35041832923889,66.66170501708984
1784891187841657344,43.36033844947815,66.76315307617188
1784891187851577344,43.37025833129883,66.80307006835938
1784891187861496576,43.38017749786377,66.74433135986328
1784891187871416320,43.39009737968445,66.62397003173828
1784891187881335296,43.40001630783081,66.42417907714844
1784891187891255296,43.40993642807007,66.12399291992188
1784891187901174272,43.41985535621643,65.7266845703125
1784891187911094528,43.42977547645569,65.21527862548828
1784891187921013248,43.43969440460205,64.55117797851562
1784891187930933248,43.44961428642273,63.747474670410156
1784891187940852480,43.45953345298767,62.93333435058594
1784891187950772224,43.46945333480835,62.19800567626953
1784891187960691456,43.47937250137329,61.52986145019531
1784891187970611456,43.48929238319397,61.08216857910156
1784891187980531456,43.49921250343323,60.90351104736328
1784891187990450432,43.50913143157959,60.9095458984375
1784891188000370176,43.51905131340027,61.05247497558594
1784891188010289408,43.52897047996521,61.314537048339844
1784891188020209408,43.53889036178589,61.625038146972656
1784891188030128128,43.54880928993225,62.01970672607422
1784891188040048384,43.55872941017151,62.482200622558594
1784891188049967360,43.56864833831787,62.959442138671875
1784891188059887360,43.57856845855713,63.463775634765625
1784891188069806336,43.58848738670349,63.99297332763672
1784891188079726336,43.59840750694275,64.57968139648438
1784891188089645312,43.60832643508911,65.16165924072266
1784891188099565312,43.61824631690979,65.75299072265625
1784891188109484544,43.62816548347473,66.39717864990234
1784891188119404288,43.63808536529541,67.07809448242188
1784891188129324544,43.64800548553467,67.75413513183594
1784891188139243264,43.65792441368103,68.48420715332031
1784891188149163264,43.66784429550171,69.32109832763672
1784891188159082496,43.67776346206665,70.19367218017578
1784891188169002240,43.68768334388733,71.10099792480469
1784891188178921472,43.69760251045227,72.0037612915039
1784891188188841216,43.70752239227295,72.89653015136719
1784891188198760192,43.71744132041931,73.77529907226562
1784891188208680448,43.72736144065857,74.6374282836914
1784891188218599424,43.73728036880493,75.51277160644531
1784891188228519424,43.74720048904419,76.40326690673828
1784891188238438400,43.75711941719055,77.3451919555664
1784891188248358144,43.76703929901123,78.33666229248047
1784891188258277376,43.77695846557617,79.3965072631836
1784891188268197376,43.78687834739685,80.48681640625
1784891188278117376,43.79679846763611,81.5779037475586
1784891188288036352,43.80671739578247,82.6714859008789
1784891188297956352,43.81663751602173,83.7171630859375
1784891188307875328,43.82655644416809,84.76181030273438
1784891188317795328,43.83647632598877,85.79598999023438
1784891188327714560,43.84639549255371,86.73771667480469
1784891188337634304,43.85631537437439,87.61927032470703
1784891188347553280,43.86623430252075,88.42471313476562
1784891188357473024,43.87615418434143,89.14734649658203
1784891188367392000,43.88607311248779,89.80479431152344
1784891188377312256,43.89599323272705,90.36563110351562
1784891188387231232,43.90591216087341,90.82964324951172
1784891188397150976,43.91583204269409,91.22418212890625
1784891188407071232,43.92575216293335,91.52201080322266
1784891188416989952,43.93567109107971,91.67755889892578
1784891188426910208,43.94559121131897,91.66901397705078
1784891188436829184,43.95551013946533,91.50479888916016
1784891188446749184,43.96543025970459,91.2132339477539
1784891188456668160,43.97534918785095,90.83382415771484
1784891188466587904,43.98526906967163,90.41128540039062
1784891188476507136,43.99518823623657,89.92821502685547
1784891188486427136,44.00510811805725,89.37853240966797
1784891188496346112,44.01502704620361,88.77398681640625
1784891188506266112,44.02494716644287,88.14305114746094
1784891188516185088,44.03486609458923,87.5219497680664
1784891188526105088,44.04478621482849,86.8627700805664
1784891188536024064,44.05470514297485,86.08612823486328
1784891188545944320,44.06462526321411,85.27669525146484
1784891188555864064,44.07454514503479,84.54414367675781
1784891188565783040,44.08446407318115,83.85383605957031
1784891188575703040,44.09438419342041,83.16444396972656
1784891188585622016,44.10430312156677,82.4554672241211
1784891188595542272,44.11422324180603,81.70516967773438
1784891188605461248,44.12414216995239,80.9187240600586
1784891188615380992,44.13406205177307,80.03640747070312
1784891188625300224,44.14398121833801,79.12406921386719
1784891188635219968,44.15390110015869,78.25569152832031
1784891188645139200,44.16382026672363,77.3531723022461
1784891188655059200,44.17374014854431,76.23255920410156
1784891188664977920,44.183659076690674,74.83866119384766
1784891188674898176,44.19357919692993,73.270751953125
1784891188684817920,44.20349907875061,71.59195709228516
1784891188694737152,44.21341824531555,69.72434997558594
1784891188704657152,44.22333812713623,67.64668273925781
1784891188714576128,44.23325705528259,65.59297943115234
1784891188724496128,44.24317717552185,63.49079132080078
1784891188734415104,44.25309610366821,61.525230407714844
1784891188744335104,44.26301622390747,59.84473419189453
1784891188754254080,44.27293515205383,58.35737609863281
1784891188764174336,44.28285527229309,56.92352294921875
1784891188774093056,44.29277420043945,55.905677795410156
1784891188784013056,44.30269408226013,55.353858947753906
1784891188793932288,44.31261324882507,55.514068603515625
1784891188803852032,44.32253313064575,56.080467224121094
1784891188813771008,44.332452058792114,56.89959716796875
1784891188823691008,44.34237217903137,57.934417724609375
1784891188833611008,44.35229206085205,57.28605651855469
1784891188843530240,44.36221122741699,56.52967071533203
1784891188853449984,44.37213110923767,55.610084533691406
1784891188863368960,44.38205003738403,54.822547912597656
1784891188873289216,44.39197015762329,55.97643280029297
1784891188883207936,44.40188908576965,59.153228759765625
1784891188893128192,44.41180920600891,63.654632568359375
1784891188903047168,44.42172813415527,68.5606460571289
1784891188912967168,44.43164825439453,72.5966567993164
1784891188922886144,44.441567182540894,76.36725616455078
1784891188932805888,44.45148706436157,79.20768737792969
1784891188942726144,44.46140718460083,81.48896789550781
1784891188952645120,44.47132611274719,85.06501770019531
1784891188962565120,44.48124623298645,91.2046890258789
1784891188972484096,44.49116516113281,98.30857849121094
1784891188982404096,44.50108504295349,107.19359588623047
1784891188992323072,44.51100420951843,89.09915161132812
1784891189002243072,44.52092409133911,88.19436645507812
1784891189012162304,44.53084325790405,87.33209991455078
1784891189022082048,44.54076313972473,86.21878814697266
1784891189032001024,44.550682067871094,84.73926544189453
1784891189041921024,44.56060218811035,82.9864730834961
1784891189051841024,44.57052206993103,80.63607025146484
1784891189061760256,44.58044123649597,202.72018432617188
1784891189071680000,44.59036111831665,210.2454833984375
1784891189081598976,44.60028004646301,215.70233154296875
1784891189091519232,44.61020016670227,219.44985961914062
1784891189101437952,44.62011909484863,222.1729278564453
1784891189111358208,44.63003921508789,224.10755920410156
1784891189121277184,44.63995814323425,224.7310028076172
1784891189131197184,44.64987826347351,224.47605895996094
1784891189141116160,44.65979719161987,223.69236755371094
1784891189151035904,44.66971707344055,222.7656707763672
1784891189160955136,44.67963624000549,222.0711212158203
1784891189170875136,44.68955612182617,221.19039916992188
1784891189180795136,44.69947624206543,219.16354370117188
1784891189190714112,44.70939517021179,215.26255798339844
1784891189200634112,44.71931505203247,209.719482421875
1784891189210553088,44.72923421859741,203.0334930419922
1784891189220473088,44.73915410041809,195.6080780029297
1784891189230392320,44.74907326698303,187.93548583984375
1784891189240312064,44.75899314880371,180.35501098632812
1784891189250231040,44.76891207695007,172.92872619628906
1784891189260151040,44.77883219718933,165.4832763671875
1784891189270070016,44.78875112533569,157.88687133789062
1784891189279990272,44.79867124557495,150.22409057617188
1784891189289909248,44.80859017372131,142.77989196777344
1784891189299828992,44.81851005554199,135.75965881347656
1784891189309749248,44.82843017578125,129.1949005126953
1784891189319667968,44.83834910392761,122.94506072998047
1784891189329588224,44.84826922416687,116.92826843261719
1784891189339507200,44.85818815231323,111.0238037109375
1784891189349427200,44.86810827255249,105.19181823730469
1784891189359344640,44.87802577018738,99.41931915283203
1784891189369264640,44.88794565200806,93.52092742919922
1784891189379183616,44.89786458015442,87.85311889648438
1784891189389103616,44.90778470039368,82.77552032470703
1784891189399022592,44.91770362854004,78.16834259033203
1784891189408942592,44.9276237487793,74.15763092041016
1784891189418861568,44.93754267692566,70.53488159179688
1784891189428781568,44.94746255874634,68.14054870605469
1784891189438701568,44.957382678985596,66.20001983642578
1784891189448620544,44.96730160713196,63.92279815673828
1784891189458540800,44.977221727371216,61.865814208984375
1784891189468459520,44.98714065551758,59.90385437011719
1784891189478379520,44.99706053733826,58.09899139404297
1784891189488298752,45.0069797039032,56.5755615234375
1784891189498218496,45.01689958572388,55.36766052246094
1784891189508137728,45.02681875228882,54.492347717285156
1784891189518057472,45.0367386341095,54.05754089355469
1784891189527976448,45.04665756225586,53.90101623535156
1784891189537896704,45.05657768249512,53.847442626953125
1784891189547816448,45.066497564315796,53.793094635009766
1784891189557735680,45.07641673088074,53.82707214355469
1784891189567655680,45.086336612701416,54.29302978515625
1784891189577574400,45.09625554084778,54.47431945800781
1784891189587494656,45.106175661087036,54.65912628173828
1784891189597413632,45.1160945892334,54.84513854980469
1784891189607333632,45.126014709472656,54.99896240234375
1784891189617252608,45.13593363761902,55.28491973876953
1784891189627172608,45.145853757858276,55.71025085449219
1784891189637091584,45.15577268600464,56.146995544433594
1784891189647011584,45.16569256782532,56.46185302734375
1784891189656930560,45.17561173439026,56.74449920654297
1784891189666850560,45.18553161621094,57.03997802734375
1784891189676770560,45.195451736450195,57.24601745605469
1784891189686689536,45.20537066459656,57.333580017089844
1784891189696609536,45.215290546417236,57.35102081298828
1784891189706528768,45.22520971298218,57.29963684082031
1784891189716448512,45.235129594802856,57.235992431640625
1784891189726367744,45.2450487613678,57.142059326171875
1784891189736287488,45.25496864318848,57.04230499267578
1784891189746206464,45.26488757133484,57.06385803222656
1784891189756126720,45.2748076915741,57.13059997558594
1784891189766045696,45.28472661972046,57.2593994140625
1784891189775965696,45.29464673995972,57.54389953613281
1784891189785884672,45.30456566810608,57.919708251953125
1784891189795804416,45.31448554992676,58.415000915527344
1784891189805724672,45.324405670166016,59.09483337402344
1784891189815643648,45.33432459831238,59.88007354736328
1784891189825563648,45.344244718551636,60.65757751464844
1784891189835482624,45.354163646698,61.49671173095703
1784891189845402624,45.364083766937256,62.345184326171875
1784891189855321600,45.37400269508362,63.101539611816406
1784891189865241600,45.3839225769043,63.76795959472656
1784891189875160576,45.39384174346924,64.28396606445312
1784891189885080576,45.40376162528992,64.71343994140625
1784891189894999552,45.41368055343628,65.10916900634766
1784891189904919552,45.42360067367554,65.46884155273438
1784891189914839552,45.433520555496216,65.83895874023438
1784891189924758784,45.44343972206116,66.21942901611328
1784891189934678528,45.453359603881836,66.63829040527344
1784891189944597760,45.46327877044678,67.15259552001953
1784891189954517504,45.473198652267456,67.78800201416016
1784891189964436480,45.48311758041382,68.4956283569336
1784891189974356736,45.493037700653076,69.3328857421875
1784891189984275456,45.50295662879944,70.27763366699219
1784891189994195712,45.512876749038696,71.24363708496094
1784891190004114688,45.52279567718506,72.14306640625
1784891190014034432,45.53271555900574,73.004638671875
1784891190023953664,45.54263472557068,73.82691192626953
1784891190033873664,45.55255460739136,74.54232788085938
1784891190043793664,45.562474727630615,75.15673065185547
1784891190053712640,45.57239365577698,75.67636108398438
1784891190063632384,45.582313537597656,76.11009979248047
1784891190073551616,45.5922327041626,76.48403930664062
1784891190083471616,45.602152585983276,76.86180114746094
1784891190093390592,45.61207175254822,77.2573013305664
1784891190103310592,45.6219916343689,77.66584014892578
1784891190113229568,45.63191056251526,78.05573272705078
1784891190123149568,45.64183068275452,78.4076919555664
1784891190133068544,45.65174961090088,78.73957061767578
1784891190142988800,45.66166973114014,79.02314758300781
1784891190152908544,45.671589612960815,79.26201629638672
1784891190162827520,45.68150854110718,79.43659973144531
1784891190172747520,45.691428661346436,79.51496124267578
1784891190182666496,45.7013475894928,79.48477172851562
1784891190192586752,45.711267709732056,79.3863525390625
1784891190202505472,45.72118663787842,79.24156188964844
1784891190212425728,45.731106758117676,79.08223724365234
1784891190222344704,45.74102568626404,78.90692901611328
1784891190232264448,45.75094556808472,78.75004577636719
1784891190242183680,45.76086473464966,78.62602233886719
1784891190252103680,45.77078461647034,78.51161193847656
1784891190262022400,45.7807035446167,78.38834381103516
1784891190271942656,45.79062366485596,78.2611312866211
1784891190281862400,45.800543546676636,78.12504577636719
1784891190291781632,45.81046271324158,77.99077606201172
1784891190301701632,45.820382595062256,77.87935638427734
1784891190311620608,45.8303017616272,77.78138732910156
1784891190321540608,45.840221643447876,77.6810531616211
1784891190331459584,45.85014057159424,77.55067443847656
1784891190341379584,45.860060691833496,77.39430236816406
1784891190351298560,45.86997961997986,77.24055480957031
1784891190361218560,45.87989950180054,77.09672546386719
1784891190371137280,45.8898184299469,76.97439575195312
1784891190381057280,45.89973831176758,76.85505676269531
1784891190390977280,45.909658432006836,76.68889617919922
1784891190400896256,45.9195773601532,76.50440979003906
1784891190410816512,45.929497480392456,76.33153533935547
1784891190420735232,45.93941640853882,76.17709350585938
1784891190430655232,45.9493362903595,76.0230941772461
1784891190440574464,45.95925545692444,75.82780456542969
1784891190450494208,45.96917533874512,75.58606719970703
1784891190460413440,45.97909450531006,75.3187484741211
1784891190470333440,45.98901438713074,75.05322265625
1784891190480252160,45.9989333152771,74.79222869873047
1784891190490172416,46.00885343551636,74.52149963378906
1784891190500092160,46.018773317337036,74.24232482910156
1784891190510011392,46.02869248390198,73.9766616821289
1784891190519931392,46.038612365722656,73.735107421875
1784891190529850368,46.04853129386902,73.5073471069336
1784891190539770368,46.058451414108276,73.28948211669922
1784891190549689344,46.06837034225464,73.07705688476562
1784891190559609344,46.0782904624939,72.88066864013672
1784891190569528320,46.08820939064026,72.68871307373047
1784891190579448576,46.09812951087952,72.50878143310547
1784891190589367296,46.10804843902588,72.34759521484375
1784891190599287296,46.11796832084656,72.18961334228516
1784891190609207296,46.127888441085815,72.0401382446289
1784891190619126272,46.13780736923218,71.91203308105469
1784891190629046528,46.147727489471436,71.82215881347656
1784891190638965248,46.1576464176178,71.76309967041016
1784891190648885248,46.16756629943848,71.7131118774414
1784891190658804480,46.17748546600342,71.6735610961914
1784891190668724224,46.1874053478241,71.62257385253906
1784891190678643456,46.19732451438904,71.57349395751953
1784891190688563456,46.20724439620972,71.51854705810547
1784891190698482176,46.21716332435608,71.46597290039062
1784891190708402432,46.22708344459534,71.40446472167969
1784891190718321408,46.2370023727417,71.36197662353516
1784891190728241408,46.24692249298096,71.34464263916016
1784891190738161408,46.256842374801636,71.32066345214844
1784891190748080128,46.266761302948,71.31988525390625
1784891190758000384,46.276681423187256,71.3177490234375
1784891190767919360,46.28660035133362,71.32135009765625
1784891190777839360,46.296520471572876,71.32691192626953
1784891190787758336,46.30643939971924,71.32286834716797
1784891190797678592,46.316359519958496,71.31167602539062
1784891190807597312,46.32627844810486,71.2854232788086
1784891190817517312,46.33619832992554,71.24746704101562
1784891190827436544,46.34611749649048,71.21721649169922
1784891190837356288,46.35603737831116,71.19698333740234
1784891190847276544,46.365957498550415,71.18124389648438
1784891190857195264,46.37587642669678,71.1573486328125
1784891190867115264,46.385796308517456,71.1124267578125
1784891190877034496,46.3957154750824,71.06962585449219
1784891190886954240,46.405635356903076,71.00090026855469
1784891190896873472,46.41555452346802,70.91481018066406
1784891190906793472,46.425474405288696,70.81110382080078
1784891190916712192,46.43539333343506,70.69090270996094
1784891190926632448,46.445313453674316,70.55891418457031
1784891190936551424,46.45523238182068,70.42074584960938
1784891190946471424,46.46515250205994,70.26866149902344
1784891190956391424,46.475072383880615,70.08517456054688
1784891190966310144,46.48499131202698,69.89645385742188
1784891190976230400,46.494911432266235,69.70719909667969
1784891190986149376,46.5048303604126,69.52651977539062
1784891190996069376,46.514750480651855,69.34258270263672
1784891191005988352,46.52466940879822,69.16072082519531
1784891191015908352,46.5345892906189,68.97257232666016
1784891191025827328,46.54450845718384,68.76564025878906
1784891191035747328,46.55442833900452,68.54864501953125
1784891191045666560,46.56434750556946,68.3173599243164
1784891191055586304,46.57426738739014,68.08086395263672
1784891191065506560,46.584187507629395,67.8398208618164
1784891191075425280,46.59410643577576,67.58831024169922
1784891191085345280,46.604026317596436,67.3197021484375
1784891191095264512,46.61394548416138,67.02336120605469
1784891191105184256,46.623865365982056,66.70755767822266
1784891191115103232,46.63378429412842,66.36997985839844
1784891191125023488,46.643704414367676,66.00646209716797
1784891191134942208,46.65362334251404,65.62425994873047
1784891191144862464,46.663543462753296,65.23384094238281
1784891191154781440,46.67346239089966,64.83576965332031
1784891191164701440,46.683382511138916,64.39019012451172
1784891191174621440,46.693302392959595,63.889251708984375
1784891191184540160,46.70322132110596,63.324012756347656
1784891191194460416,46.713141441345215,62.68425750732422
1784891191204379392,46.72306036949158,61.959617614746094
1784891191214299392,46.732980489730835,61.129669189453125
1784891191224218368,46.7428994178772,60.186073303222656
1784891191234138368,46.752819299697876,59.17578125
1784891191244057344,46.76273846626282,58.12078857421875
1784891191253977344,46.772658348083496,57.02867889404297
1784891191263897344,46.782578468322754,55.902618408203125
1784891191273816320,46.792497396469116,54.768333435058594
1784891191283736576,46.802417516708374,53.377742767333984
1784891191293655296,46.812336444854736,52.25725555419922
1784891191303575296,46.822256326675415,51.12466049194336
1784891191313494528,46.832175493240356,50.00074005126953
1784891191323414272,46.842095375061035,48.924591064453125
1784891191333333248,46.8520143032074,47.93803024291992
1784891191343253248,46.861934423446655,47.031494140625
1784891191353174528,46.87185549736023,46.214168548583984
1784891191363094272,46.88177537918091,45.40041732788086
1784891191373014528,46.891695499420166,44.754554748535156
1784891191382933504,46.90161442756653,44.130401611328125
1784891191392853248,46.91153430938721,43.488685607910156
1784891191402772480,46.92145347595215,42.82838439941406
1784891191412692224,46.93137335777283,42.161563873291016
1784891191422611200,46.94129228591919,41.500728607177734
1784891191432531456,46.95121240615845,40.81418228149414
1784891191442450176,46.96113133430481,40.06702423095703
1784891191452370432,46.97105145454407,39.25302505493164
1784891191462290176,46.980971336364746,38.36791229248047
1784891191472209408,46.99089050292969,37.467594146728516
1784891191482129408,47.000810384750366,36.5758171081543
1784891191492048384,47.01072931289673,35.6845817565918
1784891191501968384,47.020649433135986,34.80247497558594
1784891191511887360,47.03056836128235,33.931373596191406
1784891191521807360,47.040488481521606,33.0639533996582
1784891191531726336,47.05040740966797,32.18632125854492
1784891191541646336,47.06032729148865,31.303428649902344
1784891191551566336,47.070247411727905,30.42571258544922
1784891191561485312,47.08016633987427,29.524925231933594
1784891191571405312,47.090086460113525,28.588184356689453
1784891191581324288,47.10000538825989,27.61693572998047
1784891191591244544,47.109925508499146,26.60216522216797
1784891191601163264,47.11984443664551,25.53186798095703
1784891191611083264,47.12976431846619,24.427608489990234
1784891191621002496,47.13968348503113,23.309093475341797
1784891191630922240,47.14960336685181,22.198017120361328
1784891191640841216,47.15952229499817,21.124282836914062
1784891191650761472,47.16944241523743,20.09528350830078
1784891191660681216,47.179362297058105,19.106536865234375
1784891191670600448,47.18928146362305,18.13359832763672
1784891191680520192,47.199201345443726,17.169567108154297
1784891191690439424,47.20912051200867,16.226238250732422
1784891191700359424,47.219040393829346,15.272234916687012
1784891191710278400,47.22895932197571,14.305403709411621
1784891191720198400,47.238879442214966,13.362635612487793
1784891191730117376,47.24879837036133,12.474947929382324
1784891191740037376,47.258718490600586,11.662020683288574
1784891191749957376,47.268638372421265,10.900629997253418
1784891191759876352,47.27855730056763,10.167689323425293
1784891191769796352,47.288477420806885,9.467360496520996
1784891191779715328,47.29839634895325,8.789164543151855
1784891191789635328,47.308316469192505,8.087428092956543
1784891191799554304,47.31823539733887,7.363696098327637
1784891191809474560,47.328155517578125,6.625412940979004
1784891191819393280,47.33807444572449,5.86496639251709
1784891191829313280,47.347994327545166,5.074155807495117
1784891191839233280,47.357914447784424,4.234055519104004
1784891191849152256,47.367833375930786,3.375326156616211
1784891191859072512,47.377753496170044,2.560238838195801
1784891191868991488,47.387672424316406,1.7897062301635742
1784891191878911232,47.397592306137085,0.6772880554199219
1784891191888830464,47.407511472702026,358.8508605957031
1784891191898750208,47.417431354522705,358.8612976074219
1784891191908669440,47.42735052108765,358.85528564453125
1784891191918589440,47.437270402908325,358.17633056640625
1784891191928509440,47.44719052314758,357.02978515625
1784891191938428416,47.457109451293945,355.5709228515625
1784891191948348160,47.467029333114624,354.3069152832031
1784891191958267392,47.476948499679565,353.55670166015625
1784891191968187392,47.486868381500244,353.208984375
1784891191978106368,47.496787309646606,352.68865966796875
1784891191988026368,47.506707429885864,351.75421142578125
1784891191997945344,47.51662635803223,350.7266540527344
1784891192007865344,47.526546478271484,349.85198974609375
1784891192017785344,47.53646636009216,349.09466552734375
1784891192027704320,47.546385288238525,348.35992431640625
1784891192037624320,47.55630540847778,347.65313720703125
1784891192047543296,47.566224336624146,347.0716552734375
1784891192057463296,47.5761444568634,346.60986328125
1784891192067382272,47.586063385009766,346.2398986816406
1784891192077302528,47.59598350524902,345.94683837890625
1784891192087221504,47.605902433395386,345.7512512207031
1784891192097141248,47.615822315216064,345.6686096191406
1784891192107061504,47.62574243545532,345.560791015625
1784891192116980224,47.635661363601685,345.4546813964844
1784891192126900480,47.64558148384094,345.4669189453125
1784891192136819456,47.655500411987305,345.54754638671875
1784891192146739200,47.66542029380798,345.65142822265625
1784891192156658432,47.675339460372925,345.78765869140625
1784891192166578176,47.6852593421936,346.0128173828125
1784891192176497408,47.695178508758545,346.2149353027344
1784891192186417408,47.705098390579224,346.22906494140625
1784891192196337408,47.71501851081848,346.19464111328125
1784891192206256384,47.724937438964844,346.1894226074219
1784891192216176384,47.73485732078552,346.2330017089844
1784891192226095360,47.744776487350464,346.2879638671875
1784891192236015360,47.75469636917114,346.3992614746094
1784891192245934336,47.764615297317505,346.5484924316406
1784891192255854336,47.77453541755676,346.7051696777344
1784891192265773312,47.784454345703125,346.862548828125
1784891192275693312,47.79437446594238,347.1114807128906
1784891192285613312,47.80429434776306,347.496337890625
1784891192295532544,47.814213514328,348.00677490234375
1784891192305452288,47.82413339614868,348.46368408203125
1784891192315371264,47.834052324295044,348.8841552734375
1784891192325291520,47.8439724445343,349.1944274902344
1784891192335210240,47.853891372680664,349.3502197265625
1784891192345130496,47.86381149291992,349.30792236328125
1784891192355049216,47.873730182647705,349.10430908203125
1784891192364967936,47.88364911079407,348.7962951660156
1784891192374888192,47.893569231033325,348.4825134277344
1784891192384807168,47.90348815917969,348.2347412109375
1784891192394727168,47.913408279418945,348.0989074707031
1784891192404646144,47.92332720756531,348.0669250488281
1784891192414566144,47.933247089385986,348.11627197265625
1784891192424485120,47.94316625595093,348.25830078125
1784891192434405120,47.953086137771606,348.4981384277344
1784891192444325120,47.963006258010864,348.77313232421875
1784891192454244096,47.97292518615723,349.03521728515625
1784891192464164352,47.982845306396484,349.27899169921875
1784891192474083072,47.99276423454285,349.5131530761719
1784891192484003072,48.002684116363525,349.71624755859375
1784891192493922304,48.01260328292847,349.862548828125
1784891192503842048,48.022523164749146,349.89654541015625
1784891192513761024,48.03244209289551,349.8258361816406
1784891192523681280,48.042362213134766,349.7115783691406
1784891192533601024,48.052282094955444,349.62164306640625
1784891192543520256,48.062201261520386,349.5782165527344
1784891192553440000,48.072121143341064,349.5829162597656
1784891192563359232,48.082040309906006,349.60064697265625
1784891192573279232,48.091960191726685,349.57427978515625
1784891192583197952,48.10187911987305,349.53826904296875
1784891192593118208,48.111799240112305,349.5201110839844
1784891192603037184,48.12171816825867,349.5355529785156
1784891192612957184,48.131638288497925,349.5845947265625
1784891192622877184,48.1415581703186,349.68341064453125
1784891192632796160,48.151477098464966,349.84527587890625
1784891192642716160,48.161397218704224,350.0234069824219
1784891192652635136,48.171316146850586,350.1484069824219
1784891192662555136,48.181236267089844,350.22821044921875
1784891192672474112,48.191155195236206,350.3353271484375
1784891192682394112,48.201075077056885,350.443603515625
1784891192692314112,48.21099519729614,350.51507568359375
1784891192702233088,48.220914125442505,350.58721923828125
1784891192712153088,48.23083424568176,350.5918273925781
1784891192722072064,48.240753173828125,350.5178527832031
1784891192731992320,48.25067329406738,350.3956298828125
1784891192741911296,48.260592222213745,350.2530822753906
1784891192751831040,48.270512104034424,350.1116638183594
1784891192761751296,48.28043222427368,349.99334716796875
1784891192771670016,48.290351152420044,349.9164123535156
1784891192781590272,48.3002712726593,349.86767578125
1784891192791509248,48.310190200805664,349.8416748046875
1784891192801428992,48.32011008262634,349.8409423828125
1784891192811348224,48.330029249191284,349.8351135253906
1784891192821267968,48.33994913101196,349.8008728027344
1784891192831187200,48.349868297576904,349.8038330078125
1784891192841107200,48.35978817939758,349.8918762207031
1784891192851027200,48.36970829963684,350.0441589355469
1784891192860946176,48.3796272277832,350.1902160644531
1784891192870866176,48.38954710960388,350.29071044921875
1784891192880785152,48.39946627616882,350.358154296875
1784891192890705152,48.4093861579895,350.4122314453125
1784891192900624128,48.419305086135864,350.45794677734375
1784891192910544128,48.42922520637512,350.5106506347656
1784891192920464128,48.4391450881958,350.5745849609375
1784891192930383104,48.44906425476074,350.6119384765625
1784891192940303104,48.45898413658142,350.6388854980469
1784891192950222336,48.46890330314636,350.6789245605469
1784891192960142080,48.47882318496704,350.73004150390625
1784891192970061056,48.4887421131134,350.7861328125
1784891192979981312,48.49866223335266,350.8197021484375
1784891192989901056,48.50858211517334,350.7937316894531
1784891192999820288,48.51850128173828,350.7292785644531
1784891193009740032,48.52842116355896,350.71173095703125
1784891193019659008,48.53834009170532,350.7630920410156
1784891193029579264,48.54826021194458,350.8648986816406
1784891193039497984,48.55817914009094,350.98211669921875
1784891193049418240,48.5680992603302,351.0607604980469
1784891193059337216,48.57801818847656,351.0389709472656
1784891193069257216,48.58793830871582,350.981201171875
1784891193079177216,48.5978581905365,350.97149658203125
1784891193089096192,48.60777711868286,350.97021484375
1784891193099016192,48.61769723892212,350.9552917480469
1784891193108935168,48.62761616706848,350.9322814941406
1784891193118855168,48.63753628730774,350.8941650390625
1784891193128774144,48.6474552154541,350.8402099609375
1784891193138694144,48.65737509727478,350.7593994140625
1784891193148614144,48.66729521751404,350.6565246582031
1784891193158533120,48.6772141456604,350.5898132324219
1784891193168453120,48.68713426589966,350.5804443359375
1784891193178372096,48.69705319404602,350.59906005859375
1784891193188292352,48.70697331428528,350.5936279296875
1784891193198211072,48.71689224243164,350.5548095703125
1784891193208131072,48.72681212425232,350.50396728515625
1784891193218051072,48.73673224449158,350.45709228515625
1784891193227970048,48.74665117263794,350.4320373535156
1784891193237890304,48.7565712928772,350.43878173828125
1784891193247809280,48.76649022102356,350.4602355957031
1784891193257729024,48.77641010284424,350.5048522949219
1784891193267648256,48.78632926940918,350.5542907714844
1784891193277568000,48.79624915122986,350.5497741699219
1784891193287486976,48.80616807937622,350.50299072265625
1784891193297407232,48.81608819961548,350.45947265625
1784891193307326976,48.82600808143616,350.4075012207031
1784891193317246208,48.8359272480011,350.325927734375
1784891193327166208,48.84584712982178,350.24462890625
1784891193337085184,48.85576629638672,350.1949462890625
1784891193347005184,48.8656861782074,350.181396484375
1784891193356923648,48.8756046295166,350.1756286621094
1784891193366843392,48.88552451133728,350.1484375
1784891193376763648,48.89544463157654,350.098876953125
1784891193386682624,48.9053635597229,350.0419616699219
1784891193396602624,48.91528367996216,349.9709777832031
1784891193406521600,48.92520260810852,349.87762451171875
1784891193416441344,48.9351224899292,349.7970275878906
1784891193426360576,48.94504165649414,349.7711486816406
1784891193436280576,48.95496153831482,349.78802490234375
1784891193446200576,48.96488165855408,349.827880859375
1784891193456119552,48.97480058670044,349.86578369140625
1784891193466039296,48.98472046852112,349.8895568847656
1784891193475958528,48.99463963508606,349.89935302734375
1784891193485878528,49.00455951690674,349.89959716796875
1784891193495797760,49.01447868347168,349.8601379394531
1784891193505717504,49.02439856529236,349.79541015625
1784891193515637760,49.034318685531616,349.7641906738281
1784891193525556480,49.04423761367798,349.7840576171875
1784891193535476480,49.05415749549866,349.8251037597656
1784891193545395712,49.0640766620636,349.86944580078125
1784891193555315456,49.07399654388428,349.8890075683594
1784891193565234432,49.08391547203064,349.8728942871094
1784891193575154432,49.0938355922699,349.7984924316406
1784891193585074432,49.103755474090576,349.64141845703125
1784891193594993664,49.11367464065552,349.4502258300781
1784891193604913408,49.123594522476196,349.2989807128906
1784891193614832640,49.13351368904114,349.2503356933594
1784891193624752640,49.143433570861816,349.3023986816406
1784891193634671360,49.15335249900818,349.422119140625
1784891193644591616,49.16327261924744,349.5671081542969
1784891193654511360,49.173192501068115,349.7172546386719
1784891193664430592,49.18311166763306,349.8817138671875
1784891193674350592,49.193031549453735,350.0281066894531
1784891193684269312,49.2029504776001,350.1384582519531
1784891193694189568,49.212870597839355,350.2359924316406
1784891193704108544,49.22278952598572,350.28436279296875
1784891193714028544,49.232709646224976,350.2762451171875
1784891193723948544,49.242629528045654,350.22918701171875
1784891193733867520,49.25254845619202,350.1607971191406
1784891193743787520,49.262468576431274,350.0941162109375
1784891193753706496,49.27238750457764,350.06591796875
1784891193763626496,49.282307624816895,350.08770751953125
1784891193773545472,49.29222655296326,350.15631103515625
1784891193783465728,49.302146673202515,350.2603454589844
1784891193793385472,49.31206655502319,350.3609619140625
1784891193803304448,49.321985483169556,350.41265869140625
1784891193813224448,49.33190560340881,350.4117126464844
1784891193823143424,49.341824531555176,350.34942626953125
1784891193833063680,49.351744651794434,350.20599365234375
1784891193842982656,49.361663579940796,349.9998779296875
1784891193852902400,49.371583461761475,349.80255126953125
1784891193862822656,49.38150358200073,349.6649169921875
1784891193872741376,49.391422510147095,349.575927734375
1784891193882661632,49.40134263038635,349.5372619628906
1784891193892580608,49.411261558532715,349.557861328125
1784891193902500608,49.42118167877197,349.6164245605469
1784891193912419584,49.431100606918335,349.6979675292969
1784891193922339328,49.441020488739014,349.77630615234375
1784891193932259584,49.45094060897827,349.8428039550781
1784891193942178560,49.460859537124634,349.8838806152344
1784891193952098560,49.47077965736389,349.888671875
1784891193962017536,49.480698585510254,349.85687255859375
1784891193971937536,49.49061846733093,349.795166015625
1784891193981856512,49.500537633895874,349.72833251953125
1784891193991776512,49.51045751571655,349.679931640625
1784891194001696512,49.52037763595581,349.65838623046875
1784891194011615488,49.53029656410217,349.669677734375
1784891194021535744,49.54021668434143,349.6739807128906
1784891194031454464,49.55013561248779,349.65771484375
1784891194041374464,49.56005549430847,349.6016540527344
1784891194051293696,49.56997466087341,349.4424743652344
1784891194061213440,49.57989454269409,349.3096923828125
1784891194071133696,49.58981466293335,349.20086669921875
1784891194081052416,49.59973359107971,349.0545959472656
1784891194090972416,49.60965347290039,348.8594055175781
1784891194100891648,49.61957263946533,348.6063232421875
1784891194110811392,49.62949252128601,348.3337707519531
1784891194120730624,49.63941168785095,348.081787109375
1784891194130650624,49.64933156967163,347.85888671875
1784891194140570624,49.65925168991089,347.660888671875
1784891194150489600,49.66917061805725,347.475341796875
1784891194160409344,49.67909049987793,347.3154296875
1784891194170328576,49.68900966644287,347.1795654296875
1784891194180248576,49.69892954826355,347.04071044921875
1784891194190168576,49.70884966850281,346.90625
1784891194200087552,49.71876859664917,346.7814025878906
1784891194210007552,49.72868847846985,346.6845703125
1784891194219926528,49.73860764503479,346.6417236328125
1784891194229846528,49.74852752685547,346.641357421875
1784891194239765504,49.75844645500183,346.67431640625
1784891194249685504,49.76836657524109,346.75225830078125
1784891194259605504,49.77828645706177,346.8900146484375
1784891194269524480,49.78820562362671,347.0421447753906
1784891194279444480,49.79812550544739,347.1575012207031
1784891194289363712,49.80804467201233,347.21490478515625
1784891194299283456,49.81796455383301,347.1981506347656
1784891194309202432,49.82788348197937,347.1042175292969
1784891194319122432,49.83780360221863,346.95135498046875
1784891194329042432,49.84772348403931,346.72991943359375
1784891194338961664,49.85764265060425,346.4220275878906
1784891194348881408,49.86756253242493,346.0297546386719
1784891194358801664,49.877482652664185,345.54583740234375
1784891194368721664,49.88740277290344,344.97601318359375
1784891194378640640,49.897321701049805,344.4005432128906
1784891194388560640,49.90724158287048,343.85955810546875
1784891194398480640,49.91716170310974,342.62799072265625
1784891194408399616,49.9270806312561,341.4712219238281
1784891194418319616,49.93700075149536,340.4309387207031
1784891194428238592,49.946919679641724,339.54205322265625
1784891194438158592,49.9568395614624,338.7391662597656
1784891194448078592,49.96675968170166,338.0071105957031
1784891194457997568,49.97667860984802,337.4391784667969
1784891194467917568,49.98659873008728,337.0169372558594
1784891194477836544,49.99651765823364,336.6901550292969
1784891194487756544,50.00643754005432,336.4565734863281
1784891194497675776,50.01635670661926,336.19818115234375
1784891194507595520,50.02627658843994,335.8663635253906
1784891194517515776,50.0361967086792,335.427978515625
1784891194527434496,50.04611563682556,334.85723876953125
1784891194537354752,50.05603575706482,334.18963623046875
1784891194547273728,50.06595468521118,333.4420471191406
1784891194557193472,50.07587456703186,332.642333984375
1784891194567112704,50.0857937335968,331.80816650390625
1784891194577032448,50.09571361541748,330.94610595703125
1784891194586952704,50.10563373565674,330.08966064453125
1784891194596871680,50.1155526638031,329.2361145019531
1784891194606791424,50.12547254562378,328.4239807128906
1784891194616710656,50.13539171218872,327.6567077636719
1784891194626630656,50.1453115940094,326.9471740722656
1784891194636550656,50.15523171424866,326.89013671875
1784891194646469632,50.16515064239502,326.3638000488281
1784891194656389632,50.17507076263428,325.9154052734375
1784891194666308608,50.18498969078064,325.52032470703125
1784891194676228608,50.19490957260132,325.1429748535156
1784891194686147584,50.20482873916626,324.74664306640625
1784891194696067584,50.21474862098694,324.31829833984375
1784891194705987584,50.224668741226196,323.85455322265625
1784891194715906560,50.23458766937256,323.3548889160156
1784891194725826560,50.24450755119324,322.831298828125
1784891194735745792,50.25442671775818,322.28839111328125
1784891194745665536,50.26434659957886,321.7402038574219
1784891194755584768,50.2742657661438,321.2074279785156
1784891194765504512,50.28418564796448,320.6875915527344
1784891194775424768,50.294105768203735,320.21160888671875
1784891194785343744,50.3040246963501,319.80084228515625
1784891194795263488,50.313944578170776,319.46197509765625
1784891194805182720,50.32386374473572,319.1761779785156
1784891194815102464,50.3337836265564,318.92236328125
1784891194825022720,50.343703746795654,318.6866760253906
1784891194834941696,50.35362267494202,318.4488220214844
1784891194844861440,50.363542556762695,318.1983947753906
1784891194854780672,50.37346172332764,317.9027099609375
1784891194864700672,50.383381605148315,317.5310363769531
1784891194874619648,50.39330077171326,317.0644836425781
1784891194884539648,50.403220653533936,316.5029296875
1784891194894459392,50.413140535354614,315.8783264160156
1784891194904378624,50.423059701919556,315.19024658203125
1784891194914298624,50.432979583740234,314.5050964355469
1784891194924217600,50.442898750305176,313.84912109375
1784891194934137600,50.452818632125854,313.2735595703125
1784891194944057600,50.46273875236511,312.7887878417969
1784891194953976576,50.472657680511475,312.3441467285156
