time,seconds_elapsed,x,y,z
1784547279651502848,0.01675868034362793,-0.13592529296875,0.6210174560546875,-0.6913909912109375
1784547279661422848,0.026678800582885742,-0.1832733154296875,0.6435394287109375,-0.694122314453125
1784547279671341824,0.03659772872924805,-0.194122314453125,0.664794921875,-0.6925201416015625
1784547279681262080,0.04651784896850586,-0.172454833984375,0.655426025390625,-0.6971893310546875
1784547279691181824,0.05643773078918457,-0.17572021484375,0.6815643310546875,-0.7012176513671875
1784547279701100800,0.06635665893554688,-0.1862335205078125,0.71466064453125,-0.7030181884765625
1784547279711021056,0.07627677917480469,-0.1912689208984375,0.727783203125,-0.7035369873046875
1784547279720940800,0.0861966609954834,-0.2015228271484375,0.75146484375,-0.68658447265625
1784547279730860032,0.0961158275604248,-0.1880035400390625,0.734130859375,-0.6787567138671875
1784547279740779776,0.10603570938110352,-0.1559600830078125,0.6817474365234375,-0.6669464111328125
1784547279750700032,0.11595582962036133,-0.106689453125,0.5959930419921875,-0.6443939208984375
1784547279760619008,0.12587475776672363,-0.071624755859375,0.5771484375,-0.6488800048828125
1784547279770537216,0.13579297065734863,-0.085845947265625,0.63360595703125,-0.6749267578125
1784547279780457216,0.14571309089660645,-0.1280975341796875,0.69219970703125,-0.699462890625
1784547279790376192,0.15563201904296875,-0.1633453369140625,0.7135772705078125,-0.7083740234375
1784547279800296192,0.16555190086364746,-0.207244873046875,0.706573486328125,-0.72137451171875
1784547279810216192,0.17547202110290527,-0.2424774169921875,0.7160186767578125,-0.7332916259765625
1784547279820135168,0.18539094924926758,-0.2315673828125,0.699676513671875,-0.7528076171875
1784547279830055168,0.1953110694885254,-0.2118682861328125,0.680908203125,-0.734222412109375
1784547279839975168,0.2052309513092041,-0.174957275390625,0.6764984130859375,-0.7210235595703125
1784547279849894144,0.2151498794555664,-0.1374664306640625,0.6767730712890625,-0.6852569580078125
1784547279859814144,0.22506999969482422,-0.1130828857421875,0.64910888671875,-0.6347198486328125
1784547279869734144,0.23498988151550293,-0.0963897705078125,0.614044189453125,-0.5996246337890625
1784547279879653120,0.24490904808044434,-0.07061767578125,0.6064605712890625,-0.605804443359375
1784547279889573120,0.25482892990112305,-0.0709381103515625,0.6329498291015625,-0.6275177001953125
1784547279899493120,0.26474905014038086,-0.090301513671875,0.6450653076171875,-0.6568756103515625
1784547279909412096,0.27466797828674316,-0.127044677734375,0.6699371337890625,-0.7010955810546875
1784547279919332352,0.284588098526001,-0.17584228515625,0.730224609375,-0.743194580078125
1784547279929252096,0.2945079803466797,-0.204010009765625,0.800811767578125,-0.7581024169921875
1784547279939172096,0.3044278621673584,-0.2106475830078125,0.8382110595703125,-0.7728118896484375
1784547279949091072,0.3143470287322998,-0.2383575439453125,0.85791015625,-0.7602386474609375
1784547279959011072,0.3242669105529785,-0.1979522705078125,0.81365966796875,-0.7429656982421875
1784547279968931072,0.33418703079223633,-0.1656341552734375,0.748687744140625,-0.72625732421875
1784547279978850048,0.34410595893859863,-0.1700286865234375,0.6901702880859375,-0.7159881591796875
1784547279988770304,0.35402607917785645,-0.1574554443359375,0.624267578125,-0.7105560302734375
1784547279998690048,0.36394596099853516,-0.1444091796875,0.578704833984375,-0.7068328857421875
1784547280008609024,0.37386488914489746,-0.1765899658203125,0.6073150634765625,-0.7277984619140625
1784547280018529280,0.3837850093841553,-0.1908111572265625,0.6372833251953125,-0.73089599609375
1784547280028449024,0.393704891204834,-0.193817138671875,0.6280059814453125,-0.7237091064453125
1784547280038368256,0.4036240577697754,-0.203948974609375,0.660614013671875,-0.7243804931640625
1784547280048288000,0.4135439395904541,-0.187591552734375,0.687103271484375,-0.7236175537109375
1784547280058208256,0.4234640598297119,-0.1538848876953125,0.6814727783203125,-0.706329345703125
1784547280068127232,0.4333829879760742,-0.1185455322265625,0.660552978515625,-0.697418212890625
1784547280078046976,0.44330286979675293,-0.1048583984375,0.6879119873046875,-0.694091796875
1784547280087967232,0.45322299003601074,-0.08758544921875,0.722625732421875,-0.706787109375
1784547280097886208,0.46314191818237305,-0.07794189453125,0.74969482421875,-0.7189178466796875
1784547280107806208,0.47306203842163086,-0.0712432861328125,0.774261474609375,-0.7122955322265625
1784547280117726208,0.48298192024230957,-0.0295257568359375,0.779144287109375,-0.71417236328125
1784547280127645184,0.492901086807251,0.003509521484375,0.763916015625,-0.6937713623046875
1784547280137565184,0.5028209686279297,-0.0050811767578125,0.767303466796875,-0.6735382080078125
1784547280147485184,0.5127410888671875,-0.032867431640625,0.747802734375,-0.6906585693359375
1784547280157404160,0.5226600170135498,-0.0332794189453125,0.76153564453125,-0.6767120361328125
1784547280167324160,0.5325798988342285,0.0421600341796875,0.7850494384765625,-0.6942901611328125
1784547280177244160,0.5425000190734863,0.135223388671875,0.8307952880859375,-0.6961517333984375
1784547280187163136,0.5524189472198486,0.1151275634765625,0.8955230712890625,-0.680450439453125
1784547280197083136,0.5623390674591064,0.077850341796875,0.8667144775390625,-0.658233642578125
1784547280207003136,0.5722589492797852,0.6314849853515625,0.6959381103515625,-0.51177978515625
1784547280216922112,0.5821778774261475,1.0587005615234375,0.6979827880859375,-0.387847900390625
1784547280226842112,0.5920979976654053,0.859954833984375,0.672943115234375,-0.4809417724609375
1784547280236762112,0.602017879486084,0.44879150390625,0.6768646240234375,-0.6213531494140625
1784547280246682112,0.6119379997253418,0.522216796875,0.59844970703125,-0.634918212890625
1784547280256601088,0.6218569278717041,0.4176788330078125,0.5671539306640625,-0.6655120849609375
1784547280266521088,0.6317770481109619,0.28326416015625,0.54327392578125,-0.696136474609375
1784547280276441088,0.6416969299316406,0.356109619140625,0.555877685546875,-0.655426025390625
1784547280286360320,0.651616096496582,0.4428558349609375,0.556549072265625,-0.6275634765625
1784547280296280064,0.6615359783172607,0.48675537109375,0.5209808349609375,-0.5641326904296875
1784547280306200320,0.6714560985565186,0.515625,0.4044036865234375,-0.486724853515625
1784547280316119296,0.6813750267028809,0.49530029296875,0.2888946533203125,-0.461212158203125
1784547280326039040,0.6912949085235596,0.4201812744140625,0.2501983642578125,-0.5101470947265625
1784547280335959296,0.7012150287628174,0.3757781982421875,0.2079620361328125,-0.539154052734375
1784547280345878016,0.7111339569091797,0.3572845458984375,0.137939453125,-0.5744781494140625
1784547280355798272,0.7210540771484375,0.3427886962890625,0.122161865234375,-0.612030029296875
1784547280365718016,0.7309739589691162,0.2855987548828125,0.1859588623046875,-0.6255340576171875
1784547280375636992,0.7408928871154785,0.21112060546875,0.2471923828125,-0.5987548828125
1784547280385557248,0.7508130073547363,0.092010498046875,0.194671630859375,-0.5767974853515625
1784547280395476992,0.760732889175415,0.0595855712890625,0.14483642578125,-0.603057861328125
1784547280405396224,0.7706520557403564,0.049163818359375,0.1796417236328125,-0.62420654296875
1784547280415316224,0.7805719375610352,0.1289215087890625,0.2530670166015625,-0.648468017578125
1784547280425236224,0.790492057800293,0.2154693603515625,0.276519775390625,-0.59771728515625
1784547280435155200,0.8004109859466553,0.2344207763671875,0.195068359375,-0.5522918701171875
1784547280445074944,0.810330867767334,0.317291259765625,0.0850677490234375,-0.5949249267578125
1784547280454995200,0.8202509880065918,0.3106536865234375,0.113677978515625,-0.4459075927734375
1784547280464914176,0.8301699161529541,0.2782745361328125,0.2280426025390625,-0.4246063232421875
1784547280474834176,0.8400900363922119,0.2378692626953125,0.319732666015625,-0.4504241943359375
1784547280484754176,0.8500099182128906,0.3338470458984375,0.2424163818359375,-0.627471923828125
1784547280494673152,0.859929084777832,0.191864013671875,0.082855224609375,-0.8084869384765625
1784547280504593152,0.8698489665985107,0.4306793212890625,-0.25213623046875,-1.0422515869140625
1784547280514513152,0.8797690868377686,0.8272705078125,-0.60479736328125,-1.0602264404296875
1784547280524432128,0.8896880149841309,0.8088226318359375,-0.8110504150390625,-1.198577880859375
1784547280534352128,0.8996078968048096,0.6138916015625,-0.620880126953125,-1.3562774658203125
1784547280544272128,0.9095280170440674,0.3682861328125,-0.4825286865234375,-1.455078125
1784547280554192128,0.9194478988647461,0.4042510986328125,-0.4108428955078125,-1.3939056396484375
1784547280564111360,0.9293670654296875,0.4351348876953125,-0.4378814697265625,-1.3894805908203125
1784547280574031104,0.9392869472503662,0.40972900390625,-0.3582305908203125,-1.3952484130859375
1784547280583951360,0.949207067489624,0.4136962890625,-0.410736083984375,-1.3268585205078125
1784547280593870080,0.9591259956359863,0.4824371337890625,-0.5800018310546875,-1.302825927734375
1784547280603790080,0.969045877456665,0.4945831298828125,-0.6548309326171875,-1.225677490234375
1784547280613710080,0.9789659976959229,0.4763336181640625,-0.82080078125,-1.154876708984375
1784547280623629056,0.9888849258422852,0.3226318359375,-0.9049224853515625,-1.1116943359375
1784547280633549312,0.998805046081543,0.301116943359375,-0.7451934814453125,-1.1385040283203125
1784547280643469056,1.0087249279022217,0.1928558349609375,-0.6801605224609375,-1.0703125
1784547280653388288,1.018644094467163,0.27947998046875,-0.634796142578125,-1.028778076171875
1784547280663308032,1.0285639762878418,0.2670745849609375,-0.5081939697265625,-0.968170166015625
1784547280673228288,1.0384840965270996,0.1515655517578125,-0.450408935546875,-0.852325439453125
1784547280683147264,1.048403024673462,0.1480255126953125,-0.5181732177734375,-0.739044189453125
1784547280693067008,1.0583229064941406,0.1301422119140625,-0.571990966796875,-0.622833251953125
1784547280702987264,1.0682430267333984,0.1128082275390625,-0.5774078369140625,-0.652069091796875
1784547280712906240,1.0781619548797607,0.1165924072265625,-0.5118560791015625,-0.6847686767578125
1784547280722826240,1.0880820751190186,0.083770751953125,-0.37518310546875,-0.755584716796875
1784547280732746240,1.0980019569396973,0.0450897216796875,-0.2189483642578125,-0.832763671875
1784547280742664960,1.1079208850860596,0.038848876953125,-0.1051177978515625,-0.8355712890625
1784547280752585216,1.1178410053253174,0.1121826171875,-0.0101470947265625,-0.7037811279296875
1784547280762506752,1.1277625560760498,0.0944671630859375,-0.0295562744140625,-0.619598388671875
1784547280772426496,1.1376824378967285,0.1640777587890625,-0.293731689453125,-0.537750244140625
1784547280782345472,1.1476013660430908,0.2833404541015625,-0.507720947265625,-0.6436920166015625
1784547280792265728,1.1575214862823486,0.382659912109375,-0.6199188232421875,-0.682525634765625
1784547280802185472,1.1674413681030273,0.386077880859375,-0.57232666015625,-0.6455841064453125
1784547280812104704,1.1773605346679688,0.3824615478515625,-0.4033660888671875,-0.68865966796875
1784547280822024704,1.1872804164886475,0.4562835693359375,-0.2934112548828125,-0.752410888671875
1784547280831944704,1.1972005367279053,0.4348297119140625,-0.3524017333984375,-0.72222900390625
1784547280841863680,1.2071194648742676,0.4515533447265625,-0.414794921875,-0.66168212890625
1784547280851783680,1.2170395851135254,0.355804443359375,-0.418365478515625,-0.641387939453125
1784547280861703680,1.226959466934204,0.392547607421875,-0.3355255126953125,-0.6673126220703125
1784547280871622656,1.2368783950805664,0.51556396484375,-0.324371337890625,-0.702056884765625
1784547280881542656,1.2467985153198242,0.5985260009765625,-0.5015106201171875,-0.81341552734375
1784547280891462656,1.256718397140503,0.766845703125,-0.664276123046875,-0.7884521484375
1784547280901381632,1.2666375637054443,0.774200439453125,-0.61663818359375,-0.7332763671875
1784547280911301632,1.276557445526123,0.7271881103515625,-0.502593994140625,-0.764495849609375
1784547280921221632,1.2864775657653809,0.689056396484375,-0.4503326416015625,-0.7547607421875
1784547280931140608,1.2963964939117432,0.631134033203125,-0.453948974609375,-0.7603302001953125
1784547280941060608,1.3063163757324219,0.6623077392578125,-0.554290771484375,-0.827789306640625
1784547280950980608,1.3162364959716797,0.6904754638671875,-0.555694580078125,-0.8417205810546875
1784547280960900608,1.3261563777923584,0.822509765625,-0.5777587890625,-0.8388824462890625
1784547280970819584,1.3360755443572998,0.89117431640625,-0.635528564453125,-0.62750244140625
1784547280980739584,1.3459954261779785,0.78717041015625,-0.5825653076171875,-0.390655517578125
1784547280990659840,1.3559155464172363,0.5980987548828125,-0.5390167236328125,-0.29473876953125
1784547281000578560,1.3658344745635986,0.3993377685546875,-0.4527435302734375,-0.217681884765625
1784547281010498816,1.3757545948028564,0.3490447998046875,-0.4295196533203125,-0.26837158203125
1784547281020418560,1.3856744766235352,0.401214599609375,-0.57568359375,-0.3286590576171875
1784547281030337536,1.3955934047698975,0.4828948974609375,-0.6375885009765625,-0.3320465087890625
1784547281040257792,1.4055135250091553,0.591156005859375,-0.7217254638671875,-0.4150390625
1784547281050177536,1.415433406829834,0.7010040283203125,-0.8186492919921875,-0.349395751953125
1784547281060096768,1.4253525733947754,0.8300628662109375,-0.7774658203125,-0.261688232421875
1784547281070016512,1.435272455215454,0.8755035400390625,-0.6855926513671875,-0.2437896728515625
1784547281079936768,1.445192575454712,0.8613433837890625,-0.6727447509765625,-0.2659912109375
1784547281089855744,1.4551115036010742,0.865814208984375,-0.7164764404296875,-0.1351470947265625
1784547281099775488,1.465031385421753,0.90289306640625,-0.7914581298828125,-0.0130157470703125
1784547281109695744,1.4749515056610107,0.9402923583984375,-0.868560791015625,0.00341796875
1784547281119614720,1.484870433807373,0.97589111328125,-0.8924713134765625,0.0149078369140625
1784547281129534720,1.4947905540466309,0.965240478515625,-0.865997314453125,0.0816802978515625
1784547281139454720,1.5047104358673096,0.9527435302734375,-0.8132781982421875,0.143035888671875
1784547281149373440,1.5146293640136719,0.8812713623046875,-0.8448333740234375,0.141204833984375
1784547281159293696,1.5245494842529297,0.7664794921875,-0.912506103515625,0.26702880859375
1784547281169213440,1.5344693660736084,0.7592010498046875,-0.9798736572265625,0.3372650146484375
1784547281179133696,1.5443894863128662,0.76751708984375,-1.0571136474609375,0.3558502197265625
1784547281189052672,1.5543084144592285,0.75360107421875,-1.0906219482421875,0.407928466796875
1784547281198972672,1.5642285346984863,0.81622314453125,-1.074920654296875,0.406463623046875
1784547281208892672,1.574148416519165,0.82440185546875,-1.0447540283203125,0.398468017578125
1784547281218811648,1.5840675830841064,0.7273101806640625,-1.04351806640625,0.39947509765625
1784547281228731648,1.5939874649047852,0.6605987548828125,-1.07794189453125,0.4116668701171875
1784547281238651648,1.603907585144043,0.6362152099609375,-1.1349029541015625,0.502838134765625
1784547281248570624,1.6138265132904053,0.6765289306640625,-1.1836090087890625,0.536407470703125
1784547281258490624,1.623746395111084,0.751251220703125,-1.2388916015625,0.4502105712890625
1784547281268410624,1.6336665153503418,0.7317352294921875,-1.190643310546875,0.4449920654296875
1784547281278329600,1.643585443496704,0.701202392578125,-1.130340576171875,0.3726959228515625
1784547281288249856,1.653505563735962,0.6726531982421875,-1.1242828369140625,0.279632568359375
1784547281298169600,1.6634254455566406,0.6741943359375,-1.15679931640625,0.2537384033203125
1784547281308088576,1.673344373703003,0.6806640625,-1.2134552001953125,0.2894439697265625
1784547281318008576,1.6832644939422607,0.6321868896484375,-1.301361083984375,0.284515380859375
1784547281327928576,1.6931843757629395,0.6177978515625,-1.3532257080078125,0.297637939453125
1784547281337847808,1.7031035423278809,0.60662841796875,-1.3745880126953125,0.31036376953125
1784547281347767552,1.7130234241485596,0.62054443359375,-1.3791961669921875,0.24346923828125
1784547281357687808,1.7229435443878174,0.6038970947265625,-1.3477020263671875,0.26104736328125
1784547281367607552,1.732863426208496,0.5743560791015625,-1.3043975830078125,0.237518310546875
1784547281377526784,1.7427825927734375,0.5655975341796875,-1.2895355224609375,0.2299957275390625
1784547281387446528,1.7527024745941162,0.554840087890625,-1.33770751953125,0.269561767578125
1784547281397366784,1.762622594833374,0.5934906005859375,-1.451690673828125,0.285064697265625
1784547281407285760,1.7725415229797363,0.58819580078125,-1.53997802734375,0.2926788330078125
1784547281417205504,1.782461404800415,0.5904388427734375,-1.53912353515625,0.2580108642578125
1784547281427125760,1.7923815250396729,0.5262451171875,-1.4010772705078125,0.2481231689453125
1784547281437044736,1.8023004531860352,0.4003143310546875,-1.2410430908203125,0.19451904296875
1784547281446964736,1.812220573425293,0.28515625,-1.105560302734375,0.1954345703125
1784547281456884736,1.8221404552459717,0.24224853515625,-1.0417633056640625,0.194061279296875
1784547281466803456,1.832059383392334,0.2178192138671875,-1.0363006591796875,0.2301788330078125
1784547281476723712,1.8419795036315918,0.1371917724609375,-1.0643157958984375,0.2521820068359375
1784547281486643456,1.8518993854522705,0.08392333984375,-1.062957763671875,0.27130126953125
1784547281496562688,1.861818552017212,0.0763397216796875,-1.074554443359375,0.2996826171875
1784547281506482688,1.8717384338378906,0.023773193359375,-1.0395660400390625,0.2996063232421875
1784547281516402688,1.8816585540771484,-0.1350860595703125,-0.9523773193359375,0.331573486328125
1784547281526321664,1.8915774822235107,-0.3602142333984375,-0.8662109375,0.2832794189453125
1784547281536241408,1.9014973640441895,-0.591888427734375,-0.7733154296875,0.1641998291015625
1784547281546161664,1.9114174842834473,-0.778656005859375,-0.647674560546875,0.0814056396484375
1784547281556081408,1.921337366104126,-0.9161834716796875,-0.57916259765625,0.0072784423828125
1784547281566000640,1.9312565326690674,-0.9584503173828125,-0.5189208984375,0.03314208984375
1784547281575920640,1.941176414489746,-1.00341796875,-0.489471435546875,0.0498199462890625
1784547281585840640,1.951096534729004,-1.06280517578125,-0.4755096435546875,0.1310882568359375
1784547281595759616,1.9610154628753662,-1.1100921630859375,-0.405303955078125,0.162109375
1784547281605679872,1.970935583114624,-1.0605621337890625,-0.4004364013671875,0.125518798828125
1784547281615599616,1.9808554649353027,-1.0958404541015625,-0.4052276611328125,0.0842132568359375
1784547281625518592,1.990774393081665,-1.2085723876953125,-0.461273193359375,-0.0845184326171875
1784547281635438592,2.000694513320923,-1.2874755859375,-0.4360504150390625,-0.031951904296875
1784547281645358592,2.0106143951416016,-1.4603271484375,-0.339141845703125,0.0643310546875
1784547281655278592,2.0205345153808594,-1.3168182373046875,-0.33984375,0.1056671142578125
1784547281665197568,2.0304534435272217,-1.3040618896484375,-0.3219451904296875,0.262786865234375
1784547281675117824,2.0403735637664795,-1.284881591796875,-0.15789794921875,0.311126708984375
1784547281685037568,2.050293445587158,-1.19805908203125,-0.142303466796875,0.2189483642578125
1784547281694956544,2.0602123737335205,-0.979827880859375,-0.401641845703125,-0.093841552734375
1784547281704876544,2.0701324939727783,-1.0096435546875,-0.558197021484375,0.0993499755859375
1784547281714796544,2.080052375793457,-1.19110107421875,-0.49896240234375,0.26202392578125
1784547281724715776,2.0899715423583984,-1.1896514892578125,-0.4003753662109375,0.35809326171875
1784547281734635520,2.099891424179077,-0.8023834228515625,-0.578399658203125,0.1210784912109375
1784547281744555776,2.109811544418335,-0.266510009765625,-0.8568572998046875,-0.1220245361328125
1784547281754474752,2.1197304725646973,-0.3475799560546875,-1.086669921875,-1.2642059326171875
1784547281764393216,2.1296491622924805,0.317291259765625,-0.731719970703125,-1.264190673828125
1784547281774313216,2.139569044113159,0.5368804931640625,-0.6043548583984375,-1.15045166015625
1784547281784232448,2.1494882106781006,0.6857757568359375,-0.7283172607421875,-0.919647216796875
1784547281794152192,2.1594080924987793,0.5311126708984375,-0.8806304931640625,-0.7642059326171875
1784547281804072448,2.169328212738037,0.4825897216796875,-1.0937652587890625,-0.4162445068359375
1784547281813992192,2.179248094558716,0.060089111328125,-1.30633544921875,-0.4629364013671875
1784547281823911168,2.189167022705078,-0.29302978515625,-1.193511962890625,-0.2611541748046875
1784547281833831424,2.199087142944336,-0.3150787353515625,-1.290374755859375,-0.2454071044921875
1784547281843751168,2.2090070247650146,-0.2126922607421875,-1.6484375,-0.1118621826171875
1784547281853670400,2.218926191329956,0.0325927734375,-1.449493408203125,0.0574188232421875
1784547281863590144,2.2288460731506348,7.62939453125e-05,-0.8985137939453125,-0.30340576171875
1784547281873510400,2.2387661933898926,-0.188690185546875,-0.4488067626953125,-0.4732666015625
1784547281883429376,2.248685121536255,-0.16949462890625,-0.6536102294921875,-0.4448394775390625
1784547281893349120,2.2586050033569336,0.3006744384765625,-1.144134521484375,-0.50506591796875
1784547281903269376,2.2685251235961914,0.11688232421875,-1.387969970703125,-0.362335205078125
1784547281913188096,2.2784440517425537,0.0948944091796875,-1.5790557861328125,-0.1341552734375
1784547281923108352,2.2883641719818115,-0.0618133544921875,-1.4143524169921875,-0.4644775390625
1784547281933028096,2.2982840538024902,0.0928192138671875,-1.0720062255859375,-0.47369384765625
1784547281942948352,2.308204174041748,0.0010986328125,-0.4734344482421875,-0.3505859375
1784547281952867328,2.3181231021881104,-0.0362548828125,-0.2187042236328125,-0.697784423828125
1784547281962787328,2.328043222427368,-0.2001190185546875,-0.37921142578125,-0.7809295654296875
1784547281972707328,2.337963104248047,-0.1066131591796875,-0.500885009765625,-0.8184661865234375
1784547281982626304,2.347882032394409,-0.084014892578125,-0.4436187744140625,-0.7062225341796875
1784547281992546304,2.357802152633667,-0.1329498291015625,-0.349639892578125,-0.6506195068359375
1784547282002466304,2.3677220344543457,-0.0421905517578125,-0.348876953125,-0.6427001953125
1784547282012385280,2.377641201019287,-0.157073974609375,-0.3673095703125,-0.624176025390625
1784547282022305280,2.387561082839966,-0.12060546875,-0.4969329833984375,-0.499969482421875
1784547282032225280,2.3974812030792236,-0.003662109375,-0.4888916015625,-0.5291900634765625
1784547282042145280,2.4074010848999023,-0.1258087158203125,-0.5314483642578125,-0.67535400390625
1784547282052064256,2.4173200130462646,-0.006561279296875,-0.6562957763671875,-0.739776611328125
1784547282061984256,2.4272401332855225,0.018218994140625,-0.6537322998046875,-0.788848876953125
1784547282071904256,2.437160015106201,-0.001190185546875,-0.596893310546875,-0.8550872802734375
1784547282081823232,2.4470791816711426,0.00347900390625,-0.4492340087890625,-0.9477081298828125
1784547282091743232,2.4569990634918213,-0.0126953125,-0.4079742431640625,-1.063201904296875
1784547282101663232,2.466919183731079,-0.0626373291015625,-0.3568878173828125,-0.9549407958984375
1784547282111582208,2.4768381118774414,-0.1316375732421875,-0.3214111328125,-1.0166168212890625
1784547282121502208,2.48675799369812,-0.1189422607421875,-0.30120849609375,-1.0360565185546875
1784547282131422208,2.496678113937378,-0.1797027587890625,-0.242095947265625,-0.9427032470703125
1784547282141341184,2.5065970420837402,-0.154510498046875,-0.4564208984375,-1.069976806640625
1784547282151261440,2.516517162322998,-0.1102752685546875,-0.5489654541015625,-0.948944091796875
1784547282161181184,2.5264370441436768,-0.1356048583984375,-0.4288177490234375,-0.8774261474609375
1784547282171101440,2.5363571643829346,-0.12933349609375,-0.4700469970703125,-0.8563079833984375
1784547282181020160,2.546276092529297,-0.2105712890625,-0.621612548828125,-0.843017578125
1784547282190940416,2.5561962127685547,-0.0777435302734375,-0.64874267578125,-0.799530029296875
1784547282200860160,2.5661160945892334,-0.045166015625,-0.6428375244140625,-0.81060791015625
1784547282210779136,2.5760350227355957,-0.1424713134765625,-0.615814208984375,-0.8541412353515625
1784547282220699392,2.5859551429748535,-0.0168609619140625,-0.574737548828125,-0.951568603515625
1784547282230619136,2.5958750247955322,-0.1293182373046875,-0.4851226806640625,-0.9842376708984375
1784547282240539392,2.60579514503479,-0.1952667236328125,-0.329315185546875,-1.08966064453125
1784547282250458368,2.6157140731811523,-0.2318115234375,-0.364776611328125,-1.184112548828125
1784547282260378368,2.62563419342041,-0.1908416748046875,-0.36126708984375,-1.0863800048828125
1784547282270298368,2.635554075241089,-0.2257537841796875,-0.4040985107421875,-1.1064300537109375
1784547282280217088,2.645473003387451,-0.12255859375,-0.4061431884765625,-1.127166748046875
1784547282290137344,2.655393123626709,-0.15228271484375,-0.41656494140625,-1.0815887451171875
1784547282300057088,2.6653130054473877,-0.0682525634765625,-0.423126220703125,-1.012359619140625
1784547282309976320,2.675232172012329,-0.11041259765625,-0.46160888671875,-1.0325775146484375
1784547282319896320,2.685152053833008,-0.1756439208984375,-0.40594482421875,-0.9776611328125
1784547282329816320,2.6950721740722656,-0.2141571044921875,-0.384368896484375,-0.97509765625
1784547282339736320,2.7049920558929443,-0.2412567138671875,-0.3953399658203125,-0.933685302734375
1784547282349655296,2.7149112224578857,-0.2263336181640625,-0.4855804443359375,-0.9010162353515625
1784547282359575296,2.7248311042785645,-0.139678955078125,-0.5780487060546875,-0.903411865234375
1784547282369495040,2.734750986099243,-0.1307525634765625,-0.5429534912109375,-0.9006195068359375
1784547282379414272,2.7446701526641846,-0.194854736328125,-0.440093994140625,-0.9852447509765625
1784547282389334272,2.7545900344848633,-0.2335052490234375,-0.342376708984375,-0.9993743896484375
1784547282399254272,2.764510154724121,-0.161712646484375,-0.3127593994140625,-1.064178466796875
1784547282409173248,2.7744290828704834,-0.1728515625,-0.35382080078125,-0.9927825927734375
1784547282419093248,2.784349203109741,-0.1893310546875,-0.4277801513671875,-1.0163116455078125
1784547282429013248,2.79426908493042,-0.2152252197265625,-0.4469451904296875,-1.028076171875
1784547282438933248,2.8041892051696777,-0.184173583984375,-0.3279266357421875,-1.00164794921875
1784547282448852224,2.81410813331604,-0.181671142578125,-0.2874755859375,-1.0517730712890625
1784547282458772224,2.8240280151367188,-0.3200531005859375,-0.3098907470703125,-1.0271148681640625
1784547282468692224,2.8339481353759766,-0.2989044189453125,-0.396942138671875,-0.982818603515625
1784547282478611200,2.843867063522339,-0.1738128662109375,-0.4102325439453125,-1.0073394775390625
1784547282488531456,2.8537871837615967,-0.222747802734375,-0.3895416259765625,-1.0165863037109375
1784547282498451200,2.8637070655822754,-0.2131500244140625,-0.2700958251953125,-0.9693603515625
1784547282508370176,2.8736259937286377,-0.2947845458984375,-0.155242919921875,-0.92535400390625
1784547282518290176,2.8835461139678955,-0.2438201904296875,-0.1651458740234375,-0.962646484375
1784547282528210176,2.893465995788574,-0.2640533447265625,-0.2309722900390625,-0.8904876708984375
1784547282538130176,2.903386116027832,-0.258026123046875,-0.1908721923828125,-0.7765960693359375
1784547282548049152,2.9133050441741943,-0.275177001953125,-0.2942047119140625,-0.7914886474609375
1784547282557969408,2.923225164413452,-0.2262725830078125,-0.3426971435546875,-0.684722900390625
1784547282567889152,2.933145046234131,-0.2626495361328125,-0.318511962890625,-0.5731201171875
1784547282577808384,2.9430642127990723,-0.288055419921875,-0.3668975830078125,-0.5531463623046875
1784547282587728384,2.952984094619751,-0.2748565673828125,-0.2480926513671875,-0.4882354736328125
1784547282597648384,2.962904214859009,-0.302947998046875,-0.1262664794921875,-0.5126190185546875
1784547282607567360,2.972823143005371,-0.3345794677734375,-0.0987091064453125,-0.5677642822265625
1784547282617487104,2.98274302482605,-0.284210205078125,-0.0797271728515625,-0.541290283203125
1784547282627407360,2.9926631450653076,-0.358062744140625,-0.0522308349609375,-0.5114898681640625
1784547282637327104,3.0025830268859863,-0.216400146484375,-0.06951904296875,-0.5657196044921875
1784547282647246336,3.0125021934509277,-0.2700958251953125,0.0203704833984375,-0.491546630859375
1784547282657166336,3.0224220752716064,-0.2849273681640625,0.1138763427734375,-0.5375213623046875
1784547282667086336,3.0323421955108643,-0.205352783203125,0.131561279296875,-0.588653564453125
1784547282677005312,3.0422611236572266,-0.176513671875,0.15576171875,-0.5595855712890625
1784547282686925056,3.0521810054779053,-0.159820556640625,0.1042327880859375,-0.6107940673828125
1784547282696845312,3.062101125717163,-0.0979461669921875,0.0288543701171875,-0.6752777099609375
1784547282706765056,3.072021007537842,-0.11285400390625,0.059356689453125,-0.6234130859375
1784547282716684288,3.081940174102783,-0.058685302734375,0.0389862060546875,-0.71832275390625
1784547282726604288,3.091860055923462,-0.076416015625,0.171966552734375,-0.7379608154296875
1784547282736524288,3.1017801761627197,-0.0524749755859375,0.2165985107421875,-0.8968505859375
1784547282746443264,3.111699104309082,-0.1220245361328125,0.37451171875,-0.8694610595703125
1784547282756363264,3.1216189861297607,-0.0487518310546875,0.4446868896484375,-0.6541290283203125
1784547282766283520,3.1315393447875977,-0.0558929443359375,0.2895355224609375,-0.7565460205078125
1784547282776203520,3.1414592266082764,0.001556396484375,0.1472320556640625,-0.7149505615234375
1784547282786122240,3.1513781547546387,-0.05889892578125,-0.15191650390625,-0.8433074951171875
1784547282796042496,3.1612982749938965,-0.06787109375,-0.1963043212890625,-0.7316741943359375
1784547282805962240,3.171218156814575,0.0065765380859375,-0.2293243408203125,-0.815399169921875
1784547282815881472,3.1811373233795166,-0.1820831298828125,-0.1637115478515625,-0.9498443603515625
1784547282825801472,3.1910572052001953,-0.324066162109375,-0.123199462890625,-0.789031982421875
1784547282835721472,3.200977325439453,-0.194915771484375,-0.0860748291015625,-0.7151031494140625
1784547282845640448,3.2108962535858154,-0.0119781494140625,-0.2793426513671875,-0.80352783203125
1784547282855560192,3.220816135406494,0.0219573974609375,-0.784576416015625,-0.88018798828125
1784547282865480448,3.230736255645752,-0.17413330078125,-1.0417022705078125,-0.753265380859375
1784547282875400192,3.2406561374664307,-0.0322113037109375,-0.987274169921875,-0.5789794921875
1784547282885319424,3.250575304031372,-0.0026702880859375,-1.1594085693359375,-0.6591339111328125
1784547282895239424,3.260495185852051,-0.2761993408203125,-0.951171875,-0.51263427734375
1784547282905159424,3.2704153060913086,-0.28875732421875,-0.535247802734375,-0.432769775390625
1784547282915078400,3.280334234237671,-0.117034912109375,-0.0331268310546875,-0.708709716796875
1784547282924998400,3.2902541160583496,0.1677703857421875,0.3049163818359375,-0.9173583984375
1784547282934918400,3.3001742362976074,0.0793304443359375,0.32598876953125,-1.389312744140625
1784547282944838400,3.310094118118286,0.016876220703125,0.24066162109375,-1.138458251953125
1784547282954757376,3.3200132846832275,0.087646484375,-0.0116424560546875,-1.005767822265625
1784547282964677376,3.3299331665039062,0.2563629150390625,-0.2628173828125,-1.06915283203125
1784547282974597376,3.339853286743164,0.4719085693359375,-0.33673095703125,-1.1185455322265625
1784547282984516352,3.3497722148895264,0.5025482177734375,-0.273895263671875,-1.029754638671875
1784547282994436608,3.359692335128784,0.433807373046875,-0.073272705078125,-0.9922943115234375
1784547283004356352,3.369612216949463,0.3056488037109375,0.2957763671875,-0.9974517822265625
1784547283014276608,3.3795323371887207,0.105621337890625,0.596954345703125,-1.046630859375
1784547283024195328,3.389451265335083,-0.087005615234375,0.722015380859375,-1.011077880859375
1784547283034115328,3.3993711471557617,-0.1700897216796875,0.5626068115234375,-1.1526031494140625
1784547283044035328,3.4092912673950195,-0.0450439453125,0.5261077880859375,-1.0483551025390625
1784547283053954304,3.419210195541382,0.1472320556640625,0.6547393798828125,-0.9320526123046875
1784547283063874560,3.4291303157806396,0.185577392578125,0.76019287109375,-0.9441070556640625
1784547283073794304,3.4390501976013184,0.117919921875,0.78173828125,-1.0225830078125
1784547283083714560,3.448970317840576,0.0883941650390625,0.931365966796875,-0.9554290771484375
1784547283093633536,3.4588892459869385,0.097412109375,1.093017578125,-0.926422119140625
1784547283103553280,3.468809127807617,0.1096954345703125,1.0820159912109375,-0.986663818359375
1784547283113473536,3.478729248046875,0.168975830078125,0.93145751953125,-1.079925537109375
1784547283123392256,3.4886481761932373,0.2044219970703125,0.8804931640625,-1.00244140625
1784547283133312512,3.498568296432495,0.1938934326171875,0.7986602783203125,-1.087158203125
1784547283143232256,3.508488178253174,0.080963134765625,0.7740478515625,-1.1364898681640625
1784547283153152512,3.5184082984924316,0.01654052734375,0.8016204833984375,-1.111236572265625
1784547283163071488,3.528327226638794,0.04510498046875,0.8521881103515625,-1.08905029296875
1784547283172991488,3.5382473468780518,0.071441650390625,0.897216796875,-1.0161590576171875
1784547283182911488,3.5481672286987305,0.02117919921875,0.9544525146484375,-0.964263916015625
1784547283192830208,3.5580861568450928,0.05572509765625,0.887847900390625,-1.0159149169921875
1784547283202750464,3.5680062770843506,-0.0148773193359375,0.76806640625,-1.074981689453125
1784547283212670208,3.5779261589050293,0.0205535888671875,0.7085418701171875,-1.1088409423828125
1784547283222590464,3.587846279144287,-0.0026702880859375,0.6347503662109375,-1.071807861328125
1784547283232509440,3.5977652072906494,-0.079681396484375,0.5916290283203125,-0.971466064453125
1784547283242429440,3.6076853275299072,-0.1124420166015625,0.6459197998046875,-0.9078369140625
1784547283252349440,3.617605209350586,-0.091522216796875,0.64825439453125,-0.9367828369140625
1784547283262268416,3.6275241374969482,-0.1154937744140625,0.7010040283203125,-0.8382110595703125
1784547283272188416,3.637444257736206,-0.0865020751953125,0.6314544677734375,-0.8522796630859375
1784547283282108416,3.6473641395568848,0.0118865966796875,0.566925048828125,-0.89471435546875
1784547283292028416,3.6572842597961426,-0.0639495849609375,0.531982421875,-0.8617401123046875
1784547283301947392,3.667203187942505,-0.0577545166015625,0.4510498046875,-0.7979888916015625
1784547283311867392,3.6771233081817627,-0.0635986328125,0.4196624755859375,-0.7574310302734375
1784547283321787392,3.6870431900024414,-0.068511962890625,0.4565277099609375,-0.6027374267578125
1784547283331706368,3.6969621181488037,-0.085235595703125,0.4801788330078125,-0.640899658203125
1784547283341626368,3.7068822383880615,-0.09844970703125,0.603240966796875,-0.5817108154296875
1784547283351546368,3.7168021202087402,0.0050201416015625,0.4915313720703125,-0.816375732421875
1784547283361466368,3.726722240447998,-0.015167236328125,0.386505126953125,-0.894439697265625
1784547283371385344,3.7366411685943604,-0.0076141357421875,0.2968902587890625,-0.8264312744140625
1784547283381305344,3.746561288833618,-0.14727783203125,0.1918792724609375,-0.8895721435546875
1784547283391225344,3.756481170654297,-0.1884002685546875,0.180999755859375,-0.830352783203125
1784547283401144576,3.7664003372192383,-0.0887603759765625,0.09173583984375,-0.814727783203125
1784547283411064320,3.776320219039917,-0.0374298095703125,0.1304779052734375,-0.76605224609375
1784547283420984576,3.786240339279175,-0.07757568359375,0.089569091796875,-0.742706298828125
1784547283430904320,3.7961602210998535,-0.070831298828125,-0.0067291259765625,-0.8074188232421875
1784547283440823296,3.806079149246216,-0.10711669921875,0.0150299072265625,-0.7577667236328125
1784547283450743552,3.8159992694854736,0.0007171630859375,0.11248779296875,-0.746673583984375
1784547283460663296,3.8259191513061523,0.002685546875,0.0794219970703125,-0.7751007080078125
1784547283470582528,3.8358383178710938,0.001190185546875,0.0528106689453125,-0.898406982421875
1784547283480502272,3.8457581996917725,-0.00360107421875,0.139434814453125,-0.783294677734375
1784547283490422528,3.8556783199310303,-0.0336761474609375,0.2174224853515625,-0.7806396484375
1784547283500342272,3.865598201751709,-0.010284423828125,0.3133544921875,-0.786346435546875
1784547283510261248,3.8755171298980713,0.055938720703125,0.36346435546875,-0.84600830078125
1784547283520181504,3.885437250137329,0.0446624755859375,0.3090972900390625,-0.909454345703125
1784547283530101248,3.895357131958008,0.0888824462890625,0.2302093505859375,-0.8323974609375
1784547283540021504,3.9052772521972656,0.1961822509765625,0.132720947265625,-0.79119873046875
1784547283549940224,3.915196180343628,0.1569061279296875,-0.0884857177734375,-0.78045654296875
1784547283559860480,3.9251163005828857,0.1734771728515625,-0.2242279052734375,-0.751678466796875
1784547283569780224,3.9350361824035645,0.2023773193359375,-0.27386474609375,-0.78057861328125
1784547283579699456,3.944955348968506,0.222503662109375,-0.2321319580078125,-0.7964324951171875
1784547283589619456,3.9548752307891846,0.16986083984375,-0.0803985595703125,-0.8600311279296875
1784547283599539200,3.9647951126098633,0.1942291259765625,0.078704833984375,-0.916473388671875
1784547283609459456,3.974715232849121,0.200897216796875,0.212371826171875,-0.93560791015625
1784547283619378432,3.9846341609954834,0.205291748046875,0.169525146484375,-1.008880615234375
1784547283629298432,3.994554281234741,0.18035888671875,-0.0077056884765625,-1.09112548828125
1784547283639218432,4.00447416305542,0.161285400390625,-0.106231689453125,-0.94287109375
1784547283649137408,4.014393329620361,0.0728759765625,-0.1960296630859375,-0.986236572265625
1784547283659057408,4.02431321144104,-0.035736083984375,-0.1604766845703125,-0.914031982421875
1784547283668977408,4.034233331680298,-0.0446929931640625,-0.094940185546875,-0.8729705810546875
1784547283678897408,4.044153213500977,0.018096923828125,-0.0804290771484375,-0.904998779296875
1784547283688816384,4.054072141647339,0.1070098876953125,-0.0718841552734375,-0.915069580078125
1784547283698736384,4.063992261886597,0.096405029296875,-0.1090240478515625,-0.917572021484375
1784547283708656384,4.073912143707275,0.14630126953125,-0.109527587890625,-0.822723388671875
1784547283718575360,4.083831310272217,0.234527587890625,-0.166656494140625,-0.8016204833984375
1784547283728495360,4.0937511920928955,0.261260986328125,-0.16778564453125,-0.766815185546875
1784547283738415360,4.103671312332153,0.2173004150390625,-0.1259613037109375,-0.640472412109375
1784547283748335360,4.113591194152832,0.199981689453125,0.0809326171875,-0.4623565673828125
1784547283758254336,4.123510122299194,0.2302093505859375,0.334381103515625,-0.407073974609375
1784547283768176384,4.133432149887085,0.25640869140625,0.443634033203125,-0.5892486572265625
1784547283778096128,4.143352031707764,0.155975341796875,0.418975830078125,-0.729034423828125
1784547283788016384,4.1532721519470215,0.155853271484375,0.2735137939453125,-0.7629852294921875
1784547283797935360,4.163191080093384,0.2254791259765625,0.0313262939453125,-0.7863006591796875
1784547283807855360,4.173111200332642,0.2491912841796875,-0.094696044921875,-0.7693939208984375
1784547283817775360,4.18303108215332,0.2896881103515625,-0.065155029296875,-0.6427001953125
1784547283827694080,4.192950010299683,0.3561553955078125,-0.0150146484375,-0.5550689697265625
1784547283837614336,4.20287013053894,0.4043121337890625,-0.04205322265625,-0.506072998046875
1784547283847534080,4.212790012359619,0.4813385009765625,-0.0866851806640625,-0.5390625
1784547283857454336,4.222710132598877,0.456573486328125,-0.1002044677734375,-0.5490570068359375
1784547283867373312,4.232629060745239,0.498046875,0.0879058837890625,-0.47332763671875
1784547283877293312,4.242549180984497,0.5903778076171875,0.1373748779296875,-0.5204315185546875
1784547283887213312,4.252469062805176,0.5678863525390625,0.1067047119140625,-0.5223388671875
1784547283897133312,4.262389183044434,0.5691070556640625,0.1074676513671875,-0.4621734619140625
1784547283907052288,4.272308111190796,0.605010986328125,0.1122894287109375,-0.45098876953125
1784547283916972288,4.282227993011475,0.6685638427734375,0.15032958984375,-0.3951568603515625
1784547283926892288,4.292148113250732,0.8155364990234375,0.2669219970703125,-0.3665618896484375
1784547283936811264,4.302067041397095,0.9550323486328125,0.37225341796875,-0.2332916259765625
1784547283946731264,4.3119871616363525,1.0866851806640625,0.3282318115234375,-0.18243408203125
1784547283956651264,4.321907043457031,1.2009429931640625,0.2322540283203125,-0.190521240234375
1784547283966571264,4.331827163696289,1.2262420654296875,0.191558837890625,-0.1572418212890625
1784547283976490240,4.341746091842651,1.2833251953125,0.3349609375,-0.11602783203125
1784547283986410496,4.351666212081909,1.374755859375,0.37005615234375,-0.1783905029296875
1784547283996330240,4.361586093902588,1.4263763427734375,0.307281494140625,-0.285797119140625
1784547284006249216,4.37150502204895,1.5784149169921875,0.2504730224609375,-0.3852386474609375
1784547284016169216,4.381425142288208,1.714752197265625,0.2319793701171875,-0.433258056640625
1784547284026089216,4.391345024108887,1.7305450439453125,-0.054962158203125,-0.4415740966796875
1784547284036009216,4.4012651443481445,1.7911376953125,-0.4558563232421875,-0.25274658203125
1784547284045928192,4.411184072494507,1.99468994140625,-0.814971923828125,-0.19561767578125
1784547284055848448,4.421104192733765,2.139923095703125,-0.960052490234375,-0.163787841796875
1784547284065768192,4.431024074554443,2.10540771484375,-1.098968505859375,-0.255126953125
1784547284075688448,4.440944194793701,1.9519195556640625,-1.2336883544921875,-0.337615966796875
1784547284085607168,4.4508631229400635,1.882781982421875,-1.3613739013671875,-0.47955322265625
1784547284095527168,4.460783004760742,1.955169677734375,-1.586181640625,-0.5554351806640625
1784547284105447168,4.470703125,2.209869384765625,-1.775787353515625,-0.53759765625
1784547284115366144,4.480622053146362,2.4568634033203125,-2.0423736572265625,-0.7141265869140625
1784547284125286400,4.49054217338562,2.396728515625,-2.356781005859375,-0.8005523681640625
1784547284135206144,4.500462055206299,2.4098358154296875,-2.52825927734375,-0.9465789794921875
1784547284145126400,4.510382175445557,2.560699462890625,-2.1361846923828125,-0.9044647216796875
1784547284155045376,4.520301103591919,2.674896240234375,-1.707733154296875,-0.6284942626953125
1784547284164965376,4.530221223831177,2.6788330078125,-1.68780517578125,-0.7378692626953125
1784547284174885376,4.5401411056518555,2.477203369140625,-1.0252838134765625,-0.57171630859375
1784547284184805120,4.550060987472534,1.802398681640625,-0.640472412109375,-0.7899627685546875
1784547284194724352,4.559980154037476,1.2360076904296875,-0.3878631591796875,-0.270263671875
1784547284204644096,4.569900035858154,1.3291015625,0.4501800537109375,-0.0774993896484375
1784547284214564352,4.579820156097412,0.6639251708984375,0.587982177734375,-0.368072509765625
1784547284224484096,4.589740037918091,0.856719970703125,0.4454498291015625,0.2089080810546875
1784547284234403328,4.599659204483032,1.1163482666015625,0.593475341796875,0.2222137451171875
1784547284244323328,4.609579086303711,1.189727783203125,0.3211669921875,0.0947265625
1784547284254243328,4.619499206542969,1.6952667236328125,0.5037841796875,0.1454620361328125
1784547284264162304,4.629418134689331,1.4990234375,-0.1593475341796875,-0.05426025390625
1784547284274082304,4.63933801651001,2.1189422607421875,0.555389404296875,-0.273681640625
1784547284284002304,4.649258136749268,1.7438812255859375,0.319854736328125,-0.291656494140625
1784547284293922304,4.659178018569946,2.2193756103515625,0.186798095703125,-0.8914794921875
1784547284303841280,4.669097185134888,2.4582672119140625,-0.156341552734375,-0.6432342529296875
1784547284313761280,4.679017066955566,2.479522705078125,-0.2002105712890625,-0.4535675048828125
1784547284323681280,4.688937187194824,2.3046875,-0.46832275390625,-0.6848602294921875
1784547284333601280,4.698857069015503,2.228515625,-0.253509521484375,-1.09039306640625
1784547284343520256,4.708775997161865,2.1251220703125,-0.489471435546875,-0.6684112548828125
1784547284353440256,4.718696117401123,2.22503662109375,-0.3599395751953125,0.0106964111328125
1784547284363360256,4.728615999221802,2.4335784912109375,-0.12969970703125,-0.228973388671875
1784547284373279232,4.738535165786743,2.043212890625,-0.553680419921875,-0.371429443359375
1784547284383199232,4.748455047607422,1.4917449951171875,-0.63922119140625,-0.266326904296875
1784547284393119232,4.75837516784668,1.195159912109375,-0.03546142578125,-0.1384124755859375
1784547284403039232,4.768295049667358,1.436370849609375,0.11279296875,0.3233795166015625
1784547284412958464,4.7782142162323,1.8855743408203125,-0.1236114501953125,0.2140045166015625
1784547284422878208,4.7881340980529785,1.5186004638671875,-0.04522705078125,-0.073211669921875
1784547284432798464,4.798054218292236,1.7905120849609375,-0.1584014892578125,0.19781494140625
1784547284442718208,4.807974100112915,1.833251953125,0.105377197265625,0.38385009765625
1784547284452637184,4.817893028259277,1.7515106201171875,0.0398101806640625,0.0310211181640625
1784547284462557440,4.827813148498535,1.664398193359375,-0.0995635986328125,0.199920654296875
1784547284472477184,4.837733030319214,1.5539703369140625,-0.0990142822265625,-0.0366363525390625
1784547284482397440,4.847653150558472,1.649261474609375,0.0859832763671875,-0.2762908935546875
1784547284492316160,4.857572078704834,1.95733642578125,0.2890777587890625,-0.81591796875
1784547284502236416,4.867492198944092,2.023712158203125,0.8186492919921875,-1.1853790283203125
1784547284512156160,4.8774120807647705,2.067413330078125,0.9860687255859375,-1.7211761474609375
1784547284522075136,4.887331008911133,2.116607666015625,1.5901641845703125,-1.706268310546875
1784547284531995392,4.897251129150391,1.9879913330078125,1.9443359375,-1.6123199462890625
1784547284541915136,4.907171010971069,1.7510833740234375,1.1415557861328125,-1.34088134765625
1784547284551835392,4.917091131210327,1.6680908203125,0.4660797119140625,-1.0073089599609375
1784547284561754112,4.9270100593566895,1.9948883056640625,0.308929443359375,-0.938720703125
1784547284571674368,4.936930179595947,2.3784942626953125,0.2491607666015625,-0.951873779296875
1784547284581594112,4.946850061416626,2.332061767578125,0.5839996337890625,-1.1431884765625
1784547284591514368,4.956770181655884,2.07110595703125,0.901763916015625,-1.2117919921875
1784547284601433344,4.966689109802246,1.8059844970703125,0.6593475341796875,-1.412322998046875
1784547284611353088,4.976608991622925,1.74053955078125,0.276153564453125,-1.383941650390625
1784547284621273344,4.986529111862183,1.905853271484375,-0.1024932861328125,-1.273681640625
1784547284631192320,4.996448040008545,2.1531219482421875,-0.3720855712890625,-1.07470703125
1784547284641112320,5.006368160247803,2.3271942138671875,-0.531707763671875,-0.88214111328125
1784547284651032320,5.0162880420684814,2.4308624267578125,-0.63348388671875,-0.8404998779296875
1784547284660952320,5.026208162307739,2.488189697265625,-0.56591796875,-0.7700042724609375
1784547284670871296,5.036127090454102,2.5312957763671875,-0.3371429443359375,-0.7453460693359375
1784547284680791296,5.046047210693359,2.48895263671875,-0.2322235107421875,-0.57440185546875
1784547284690711296,5.055967092514038,2.44464111328125,-0.2725982666015625,-0.2828826904296875
1784547284700631296,5.065887212753296,2.3773345947265625,-0.357421875,0.0537261962890625
1784547284710550272,5.075806140899658,2.3087921142578125,-0.488983154296875,0.2666473388671875
1784547284720470272,5.085726022720337,2.2993927001953125,-0.5183868408203125,0.4670562744140625
1784547284730390272,5.095646142959595,2.3380889892578125,-0.4956512451171875,0.601593017578125
1784547284740310272,5.105566024780273,2.4111785888671875,-0.53790283203125,0.5992584228515625
1784547284750229248,5.115485191345215,2.486602783203125,-0.5284271240234375,0.663665771484375
1784547284760149248,5.1254050731658936,2.555389404296875,-0.424224853515625,0.6755523681640625
1784547284770069248,5.135325193405151,2.5907440185546875,-0.21319580078125,0.676422119140625
1784547284779989504,5.145245313644409,2.57867431640625,-0.074249267578125,0.6525421142578125
1784547284789908480,5.1551642417907715,2.5576019287109375,0.0241241455078125,0.7168731689453125
1784547284799828224,5.16508412361145,2.56982421875,0.085906982421875,0.7667999267578125
1784547284809748480,5.175004243850708,2.6067047119140625,0.1419525146484375,0.7648162841796875
1784547284819667456,5.18492317199707,2.54638671875,0.2082366943359375,0.7514190673828125
1784547284829587456,5.194843292236328,2.40631103515625,0.3171234130859375,0.5895538330078125
1784547284839507456,5.204763174057007,2.18841552734375,0.541015625,0.4195098876953125
1784547284849427456,5.214683294296265,1.973785400390625,0.801605224609375,0.291656494140625
1784547284859346432,5.224602222442627,1.843231201171875,0.8790435791015625,0.2305755615234375
1784547284869266432,5.234522342681885,1.7805633544921875,0.744873046875,0.38775634765625
1784547284879186432,5.2444422245025635,1.8372039794921875,0.7298126220703125,0.7286834716796875
1784547284889106432,5.254362344741821,1.9116973876953125,0.92132568359375,0.6898956298828125
1784547284899025408,5.264281272888184,1.9075469970703125,1.063385009765625,0.3514404296875
1784547284908945408,5.274201154708862,1.8480224609375,1.3257293701171875,0.1759796142578125
1784547284918865408,5.28412127494812,1.7129058837890625,1.6729583740234375,0.1243133544921875
1784547284928784384,5.294040203094482,1.4979705810546875,1.9791717529296875,0.050445556640625
1784547284938704384,5.30396032333374,1.3068084716796875,2.206512451171875,-0.02008056640625
1784547284948624384,5.313880205154419,1.1559295654296875,2.4467926025390625,-0.062469482421875
1784547284958544384,5.323800325393677,0.9780120849609375,2.60150146484375,-0.0911102294921875
1784547284968463360,5.333719253540039,0.799072265625,2.6819000244140625,-0.03460693359375
1784547284978383360,5.343639135360718,0.6515960693359375,2.9043426513671875,0.1806793212890625
1784547284988303360,5.353559255599976,0.9669647216796875,3.098297119140625,0.1378173828125
1784547284998223360,5.363479137420654,1.4736785888671875,3.44024658203125,-0.307830810546875
1784547285008142592,5.373398303985596,0.7451019287109375,3.252197265625,-1.0729217529296875
1784547285018062336,5.383318185806274,0.39971923828125,3.57647705078125,-1.08807373046875
1784547285027982592,5.393238306045532,0.51300048828125,3.01068115234375,-0.7741546630859375
1784547285037902336,5.403158187866211,-0.357147216796875,2.2518310546875,-0.4533233642578125
1784547285047821312,5.413077116012573,-0.4668121337890625,1.5067901611328125,-0.1324920654296875
1784547285057741312,5.422997236251831,-0.297698974609375,0.9406890869140625,0.1242828369140625
1784547285067661312,5.43291711807251,0.1499176025390625,0.6317596435546875,-0.430755615234375
1784547285077580544,5.442836284637451,1.39837646484375,1.018646240234375,-0.3635406494140625
1784547285087500288,5.45275616645813,0.7024383544921875,1.283355712890625,-0.2294921875
1784547285097420544,5.462676286697388,0.2587738037109375,0.85040283203125,-0.468719482421875
1784547285107340288,5.472596168518066,0.2240447998046875,0.8647308349609375,-0.49517822265625
1784547285117259520,5.482515335083008,0.6968231201171875,0.9066619873046875,-0.5479888916015625
1784547285127179264,5.4924352169036865,0.67510986328125,1.08551025390625,-0.601531982421875
1784547285137099520,5.502355337142944,0.7071075439453125,0.98394775390625,-0.9075469970703125
1784547285147019264,5.512275218963623,0.736541748046875,0.9396209716796875,-0.916259765625
1784547285156938240,5.522194147109985,0.424102783203125,0.581817626953125,-0.9676666259765625
1784547285166858496,5.532114267349243,0.303253173828125,0.0574951171875,-0.989013671875
1784547285176778240,5.542034149169922,0.28411865234375,0.020416259765625,-0.6677093505859375
1784547285186698496,5.55195426940918,0.1203460693359375,0.200103759765625,-0.83575439453125
1784547285196617472,5.561873197555542,0.177581787109375,0.2679901123046875,-1.2854461669921875
1784547285206537472,5.5717933177948,0.0718994140625,0.563568115234375,-1.014495849609375
1784547285216457472,5.5817131996154785,-0.048126220703125,0.45098876953125,-1.297454833984375
1784547285226376192,5.591632127761841,0.1423797607421875,0.506927490234375,-1.1265106201171875
1784547285236296448,5.601552248001099,0.2508087158203125,0.1398468017578125,-1.053070068359375
1784547285246216192,5.611472129821777,0.0586395263671875,-0.2622222900390625,-0.8847808837890625
1784547285256136448,5.621392250061035,0.1436920166015625,-0.4149017333984375,-0.7490692138671875
1784547285266055424,5.6313111782073975,0.0291290283203125,-0.3307342529296875,-0.7683868408203125
1784547285275975424,5.641231298446655,0.069091796875,-0.2973175048828125,-1.1431884765625
1784547285285895424,5.651151180267334,0.10601806640625,-0.1110687255859375,-1.2181549072265625
1784547285295815424,5.661071300506592,0.1096954345703125,-0.0619659423828125,-1.3238067626953125
1784547285305734400,5.670990228652954,0.0579833984375,-0.1689453125,-1.3447113037109375
1784547285315654400,5.680910348892212,0.068695068359375,-0.210113525390625,-1.4516448974609375
1784547285325574400,5.690830230712891,0.0321807861328125,-0.0988616943359375,-1.3262939453125
1784547285335494400,5.700750112533569,-0.0589599609375,-0.0284423828125,-1.2264862060546875
1784547285345413376,5.710669279098511,-0.0319366455078125,0.00140380859375,-1.2210693359375
1784547285355333376,5.7205891609191895,0.0275421142578125,0.02099609375,-1.1653594970703125
1784547285365253376,5.730509281158447,0.05047607421875,-0.003875732421875,-1.0583648681640625
1784547285375172352,5.74042820930481,0.14923095703125,-0.130157470703125,-0.9136810302734375
1784547285385092608,5.750348329544067,0.20977783203125,-0.1652374267578125,-0.780517578125
1784547285395012352,5.760268211364746,0.28643798828125,-0.2519683837890625,-0.7659759521484375
1784547285404932608,5.770188331604004,0.2132568359375,-0.14727783203125,-0.7144012451171875
1784547285414851328,5.780107259750366,0.2237396240234375,0.03570556640625,-0.6105194091796875
1784547285424771328,5.790027141571045,0.170989990234375,0.1888275146484375,-0.5388641357421875
1784547285434691328,5.799947261810303,0.076263427734375,0.2651824951171875,-0.36029052734375
1784547285444611328,5.8098671436309814,-0.0193939208984375,0.2716827392578125,-0.0800323486328125
1784547285454530560,5.819786310195923,-0.0415191650390625,0.145538330078125,0.02490234375
1784547285464450304,5.829706192016602,0.0718841552734375,-0.0518035888671875,0.1329193115234375
1784547285474370560,5.839626312255859,0.20361328125,-0.19140625,0.2334136962890625
1784547285484290304,5.849546194076538,0.4017181396484375,-0.282989501953125,0.0948486328125
1784547285494209280,5.8594651222229,0.519012451171875,-0.2932586669921875,0.03057861328125
1784547285504129536,5.869385242462158,0.5816497802734375,-0.1462249755859375,-0.193695068359375
1784547285514049280,5.879305124282837,0.4277191162109375,0.149566650390625,-0.4229583740234375
1784547285523968512,5.889224290847778,0.12860107421875,0.4901275634765625,-0.723358154296875
1784547285533888256,5.899144172668457,0.1260223388671875,0.831512451171875,-0.938568115234375
1784547285543808512,5.909064292907715,0.37359619140625,0.8174896240234375,-1.2462158203125
1784547285553728256,5.9189841747283936,0.8610992431640625,0.82757568359375,-1.308349609375
1784547285563647488,5.928903341293335,1.112640380859375,1.19635009765625,-1.258636474609375
1784547285573567488,5.938823223114014,1.1556854248046875,1.2160186767578125,-1.3499755859375
1784547285583487488,5.9487433433532715,1.18841552734375,0.887786865234375,-1.2466888427734375
1784547285593407488,5.95866322517395,1.05615234375,0.625213623046875,-1.0639190673828125
1784547285603326208,5.9685821533203125,0.9973297119140625,0.58642578125,-0.902587890625
1784547285613246464,5.97850227355957,0.8832855224609375,0.550079345703125,-0.731109619140625
1784547285623166208,5.988422155380249,0.847747802734375,0.3885040283203125,-0.6678619384765625
1784547285633086464,5.998342275619507,0.9844818115234375,0.1287384033203125,-0.5352935791015625
1784547285643005440,6.008261203765869,1.158721923828125,-0.18951416015625,-0.3365020751953125
1784547285652925440,6.018181324005127,1.275390625,-0.35418701171875,-0.2532196044921875
1784547285662845440,6.028101205825806,1.3303985595703125,-0.23455810546875,-0.044921875
1784547285672764416,6.038020133972168,1.4123687744140625,-0.1764678955078125,0.07965087890625
1784547285682684416,6.047940254211426,1.3882598876953125,-0.1830596923828125,0.1041259765625
1784547285692604416,6.0578601360321045,1.514617919921875,-0.3189849853515625,-0.02685546875
1784547285702524416,6.067780256271362,1.4842987060546875,-0.4513397216796875,0.0678253173828125
1784547285712443392,6.077699184417725,1.64801025390625,-0.5121917724609375,0.1871490478515625
1784547285722363392,6.087619304656982,1.8542327880859375,-0.8495330810546875,0.0400543212890625
1784547285732283392,6.097539186477661,1.8972015380859375,-1.19329833984375,-0.0033111572265625
1784547285742203392,6.107459306716919,1.7957611083984375,-1.371673583984375,-0.183013916015625
1784547285752122368,6.117378234863281,1.7151641845703125,-1.359649658203125,-0.413299560546875
1784547285762042368,6.12729811668396,1.8388519287109375,-1.3231658935546875,-0.571533203125
1784547285771960320,6.137216091156006,2.034149169921875,-1.136688232421875,-0.7705841064453125
1784547285781880320,6.147136211395264,2.2295989990234375,-1.291351318359375,-0.786956787109375
1784547285791799296,6.157055139541626,2.3355560302734375,-1.7141265869140625,-0.7917633056640625
1784547285801719552,6.166975259780884,2.4262237548828125,-2.0251922607421875,-0.5970916748046875
1784547285811639296,6.1768951416015625,2.723480224609375,-1.548675537109375,-0.6608734130859375
1784547285821559552,6.18681526184082,2.65289306640625,-1.3955078125,-0.8427734375
1784547285831478272,6.196734189987183,2.4702606201171875,-1.7700653076171875,-0.6140289306640625
1784547285841398272,6.206654071807861,2.46636962890625,-1.20068359375,-0.3623809814453125
1784547285851318272,6.216574192047119,2.2448577880859375,-0.859039306640625,-0.5191802978515625
1784547285861237248,6.2264931201934814,1.977264404296875,-0.129302978515625,-0.163482666015625
1784547285871157504,6.236413240432739,1.6611785888671875,0.51678466796875,0.0223388671875
1784547285881077248,6.246333122253418,0.8326416015625,0.16455078125,-0.0977020263671875
1784547285890997504,6.256253242492676,0.18316650390625,-0.2042694091796875,-0.232086181640625
1784547285900916224,6.266172170639038,0.611785888671875,0.2069091796875,0.0393524169921875
1784547285910836224,6.276092052459717,0.7529449462890625,0.7684173583984375,-0.1025238037109375
1784547285920756224,6.286012172698975,1.3471832275390625,0.6849822998046875,-0.36529541015625
1784547285930676224,6.295932054519653,2.5967254638671875,0.509185791015625,-0.133758544921875
1784547285940595456,6.305851221084595,2.5025634765625,-0.0556640625,-0.239715576171875
1784547285950515200,6.315771102905273,2.5240478515625,0.3792266845703125,-0.3619232177734375
1784547285960435456,6.325691223144531,2.5477447509765625,0.300872802734375,-0.3775177001953125
1784547285970355200,6.33561110496521,2.5308074951171875,-0.9610595703125,-0.4131622314453125
1784547285980274176,6.345530033111572,2.5270843505859375,-0.98553466796875,-0.419830322265625
1784547285990194432,6.35545015335083,2.6007843017578125,0.007232666015625,-0.3153076171875
1784547286000114176,6.365370035171509,2.8287200927734375,0.3683013916015625,-0.7807464599609375
1784547286010033408,6.37528920173645,2.478790283203125,-0.1081695556640625,-0.8847503662109375
1784547286019953152,6.385209083557129,2.0594635009765625,-0.180999755859375,-0.5102386474609375
1784547286029873408,6.395129203796387,2.3426055908203125,-0.428680419921875,-0.5145263671875
1784547286039793152,6.405049085617065,2.539154052734375,-0.2628021240234375,-0.337249755859375
1784547286049712384,6.414968252182007,2.1600799560546875,0.14105224609375,-0.4830780029296875
1784547286059632384,6.4248881340026855,1.0738983154296875,-0.3947601318359375,-0.3297119140625
1784547286069552384,6.434808254241943,1.3542938232421875,-0.253387451171875,0.517791748046875
1784547286079472384,6.444728136062622,1.7181243896484375,-0.097198486328125,0.016357421875
1784547286089391104,6.454647064208984,1.420654296875,0.04608154296875,0.3158721923828125
1784547286099311360,6.464567184448242,1.6940765380859375,-0.052490234375,0.086151123046875
1784547286109231360,6.474487066268921,1.470489501953125,0.10919189453125,-0.21630859375
1784547286119151360,6.484407186508179,1.52386474609375,0.2508392333984375,-0.201690673828125
1784547286129070336,6.494326114654541,1.617156982421875,0.04473876953125,-0.1018218994140625
1784547286138990336,6.504246234893799,1.3194122314453125,-0.1170196533203125,-0.2083740234375
1784547286148910336,6.5141661167144775,1.594085693359375,0.1118927001953125,-0.42926025390625
1784547286158830336,6.524086236953735,1.5859832763671875,0.468475341796875,-0.4811248779296875
1784547286168749312,6.534005165100098,1.4054412841796875,0.5876922607421875,-0.8007354736328125
1784547286178669312,6.543925046920776,1.622467041015625,0.7913665771484375,-1.3914337158203125
1784547286188589312,6.553845167160034,1.8736572265625,1.3212890625,-1.3790435791015625
1784547286198508288,6.5637640953063965,1.914825439453125,1.218017578125,-1.470458984375
1784547286208428288,6.573684215545654,2.0994720458984375,1.0348052978515625,-1.44110107421875
1784547286218348288,6.583604097366333,2.1220855712890625,0.9490509033203125,-1.2427215576171875
1784547286228268288,6.593524217605591,2.250152587890625,0.6995391845703125,-1.2443084716796875
1784547286238187264,6.603443145751953,2.1653289794921875,0.973052978515625,-1.07281494140625
1784547286248107264,6.613363027572632,1.8787841796875,1.0747528076171875,-1.3037872314453125
1784547286258027264,6.62328314781189,1.62713623046875,0.72381591796875,-1.4827423095703125
1784547286267947264,6.633203029632568,1.78363037109375,0.320556640625,-1.5110321044921875
1784547286277866240,6.64312219619751,2.26129150390625,0.1160888671875,-1.3607635498046875
1784547286287786240,6.6530420780181885,2.4993438720703125,0.2675018310546875,-1.3584442138671875
1784547286297706240,6.662962198257446,2.35980224609375,0.5443572998046875,-1.2147979736328125
1784547286307626240,6.672882080078125,2.1697540283203125,0.5040740966796875,-1.159912109375
1784547286317545472,6.682801246643066,2.137115478515625,0.0564422607421875,-0.9359588623046875
1784547286327465216,6.692721128463745,2.3049163818359375,-0.5585784912109375,-0.6616363525390625
1784547286337385472,6.702641248703003,2.5595550537109375,-1.0279693603515625,-0.470489501953125
1784547286347304448,6.712560176849365,2.7680816650390625,-1.111175537109375,-0.4124603271484375
1784547286357224192,6.722480058670044,2.8966217041015625,-0.6925811767578125,-0.41717529296875
1784547286367144448,6.732400178909302,2.845428466796875,-0.2074127197265625,-0.227203369140625
1784547286377064192,6.7423200607299805,2.7621002197265625,-0.118133544921875,-0.0281982421875
1784547286386983424,6.752239227294922,2.7287750244140625,-0.4185333251953125,0.2572479248046875
1784547286396903168,6.762159109115601,2.7401580810546875,-0.753326416015625,0.530853271484375
1784547286406823424,6.772079229354858,2.7921905517578125,-0.9076690673828125,0.723480224609375
1784547286416743168,6.781999111175537,2.8528289794921875,-0.960205078125,0.7263031005859375
1784547286426662144,6.791918039321899,2.9834747314453125,-0.9350433349609375,0.6323394775390625
1784547286436582400,6.801838159561157,3.162750244140625,-0.6747283935546875,0.6280517578125
1784547286446502144,6.811758041381836,3.2417449951171875,-0.1653289794921875,0.63531494140625
1784547286456422400,6.821678161621094,3.1818084716796875,0.346282958984375,0.7713775634765625
1784547286466341376,6.831597089767456,2.9374237060546875,0.61090087890625,0.9530792236328125
1784547286476261376,6.841517210006714,2.639129638671875,0.65325927734375,0.959136962890625
1784547286486181376,6.851437091827393,2.4099273681640625,0.6304473876953125,0.8569183349609375
1784547286496100352,6.861356258392334,2.261688232421875,0.586212158203125,0.70880126953125
1784547286506020352,6.871276140213013,2.1444854736328125,0.5276641845703125,0.5564422607421875
1784547286515940352,6.8811962604522705,2.0767364501953125,0.463104248046875,0.444976806640625
1784547286525860352,6.891116142272949,2.060882568359375,0.466217041015625,0.40960693359375
1784547286535779328,6.9010350704193115,2.1350250244140625,0.5051727294921875,0.4193572998046875
1784547286545699328,6.910955190658569,2.2179718017578125,0.6209564208984375,0.4114837646484375
1784547286555619328,6.920875072479248,2.235565185546875,0.88848876953125,0.46551513671875
1784547286565539328,6.930795192718506,2.0520172119140625,1.20001220703125,0.6353759765625
1784547286575458304,6.940714120864868,1.763153076171875,1.273773193359375,0.6576690673828125
1784547286585378304,6.950634241104126,1.5532379150390625,1.2699127197265625,0.5430908203125
1784547286595298304,6.960554122924805,1.4103546142578125,1.40948486328125,0.5110626220703125
1784547286605218304,6.9704742431640625,1.3043060302734375,1.68426513671875,0.4996490478515625
1784547286615137280,6.980393171310425,1.214385986328125,2.0076446533203125,0.4539794921875
1784547286625057280,6.9903130531311035,1.1089935302734375,2.4289398193359375,0.404022216796875
1784547286634977280,7.000233173370361,2.7047882080078125,3.33160400390625,-0.02886962890625
1784547286644896256,7.010152101516724,1.9221038818359375,4.1878662109375,0.485626220703125
1784547286654816512,7.0200722217559814,0.8119659423828125,3.446380615234375,-0.5423431396484375
1784547286664736256,7.02999210357666,0.202880859375,3.8997650146484375,-0.7519378662109375
1784547286674656512,7.039912223815918,-0.2831268310546875,2.6506805419921875,-1.2978057861328125
1784547286684575232,7.04983115196228,-0.3961639404296875,1.640655517578125,-0.80731201171875
1784547286694495232,7.059751033782959,-0.0771484375,1.231597900390625,-0.3910675048828125
1784547286704415232,7.069671154022217,0.6876373291015625,0.6342620849609375,-0.61322021484375
1784547286714335232,7.0795910358428955,1.1544342041015625,0.9729156494140625,-0.6289825439453125
1784547286724254464,7.089510202407837,0.7140045166015625,1.2452392578125,-0.8177642822265625
1784547286734174208,7.099430084228516,0.9696044921875,1.1686859130859375,-0.959075927734375
1784547286744094464,7.109350204467773,0.613128662109375,1.3378143310546875,-0.92401123046875
1784547286754014208,7.119270086288452,0.1979522705078125,1.1280059814453125,-1.0298614501953125
1784547286763933440,7.1291892528533936,-0.1510162353515625,0.9927215576171875,-0.51617431640625
1784547286773855232,7.139111042022705,0.6773834228515625,1.0322723388671875,-0.49249267578125
1784547286783774976,7.149030923843384,0.892547607421875,0.66650390625,-0.770660400390625
1784547286793694208,7.158950090408325,0.8814544677734375,0.761444091796875,-0.8064727783203125
1784547286803614208,7.168869972229004,0.5921783447265625,1.0703277587890625,-0.6349639892578125
1784547286813534208,7.178790092468262,0.411407470703125,1.0370330810546875,-0.8077545166015625
1784547286823454208,7.18870997428894,0.3167572021484375,1.080474853515625,-0.712249755859375
1784547286833373184,7.198629140853882,0.2482757568359375,0.9684295654296875,-0.84930419921875
1784547286843293184,7.2085490226745605,0.2478179931640625,0.8986968994140625,-0.78814697265625
1784547286853213184,7.218468904495239,0.49212646484375,0.6058502197265625,-1.0821533203125
1784547286863133184,7.228389024734497,0.5448760986328125,0.29730224609375,-1.0875244140625
1784547286873052160,7.238307952880859,0.26605224609375,0.18218994140625,-0.9682769775390625
1784547286882972160,7.248228073120117,0.0986328125,0.02972412109375,-1.131378173828125
1784547286892892160,7.258147954940796,-0.0139923095703125,0.1027679443359375,-0.99273681640625
1784547286902811392,7.268067121505737,-0.1495513916015625,0.31060791015625,-0.8968353271484375
1784547286912731136,7.277987003326416,0.017120361328125,0.454437255859375,-0.9366912841796875
1784547286922651392,7.287907123565674,0.2623138427734375,0.45257568359375,-0.807769775390625
1784547286932571136,7.2978270053863525,0.2919464111328125,0.2253570556640625,-0.81024169921875
1784547286942490112,7.307745933532715,0.2353515625,-0.057769775390625,-0.85040283203125
1784547286952410112,7.317666053771973,0.1402130126953125,-0.117156982421875,-0.8287353515625
1784547286962330112,7.327585935592651,0.23138427734375,0.0045013427734375,-0.74542236328125
1784547286972250112,7.337506055831909,0.2000732421875,0.0914306640625,-0.8246307373046875
1784547286982169088,7.3474249839782715,0.3269500732421875,0.0773773193359375,-1.0050201416015625
1784547286992089344,7.357345104217529,0.3449249267578125,0.0360565185546875,-0.8788299560546875
1784547287002009088,7.367264986038208,0.333892822265625,-0.102935791015625,-0.8682098388671875
1784547287011929344,7.377185106277466,0.2788238525390625,-0.0582427978515625,-0.729248046875
1784547287021848320,7.387104034423828,0.3025054931640625,-0.052886962890625,-0.782806396484375
1784547287031768064,7.397023916244507,0.3541107177734375,-0.075653076171875,-0.8127899169921875
1784547287041688320,7.406944036483765,0.337158203125,0.0160369873046875,-0.7457275390625
1784547287051607040,7.416862964630127,0.258636474609375,0.162567138671875,-0.67108154296875
1784547287061527296,7.426783084869385,0.29638671875,0.2511444091796875,-0.72857666015625
1784547287071447040,7.4367029666900635,0.3099517822265625,0.2694854736328125,-0.746246337890625
1784547287081367296,7.446623086929321,0.3004913330078125,0.220550537109375,-0.5913238525390625
1784547287091286272,7.456542015075684,0.322235107421875,0.0069122314453125,-0.39190673828125
1784547287101206272,7.466462135314941,0.311553955078125,-0.1976318359375,-0.48193359375
1784547287111126272,7.47638201713562,0.27178955078125,-0.2200927734375,-0.4169464111328125
1784547287121046272,7.486302137374878,0.3458404541015625,-0.0982666015625,-0.403228759765625
1784547287130965248,7.49622106552124,0.432647705078125,0.090667724609375,-0.532073974609375
1784547287140884992,7.506140947341919,0.4675445556640625,0.2946014404296875,-0.56494140625
1784547287150805248,7.516061067581177,0.5329742431640625,0.3721466064453125,-0.516815185546875
1784547287160724992,7.5259809494018555,0.6164398193359375,0.3341217041015625,-0.5594940185546875
1784547287170644224,7.535900115966797,0.78656005859375,0.170257568359375,-0.637939453125
1784547287180564224,7.545819997787476,0.9150390625,0.040496826171875,-0.7315673828125
1784547287190484224,7.555740118026733,0.94854736328125,0.207122802734375,-0.7241668701171875
1784547287200403200,7.565659046173096,0.93975830078125,0.3686065673828125,-0.7020263671875
1784547287210323200,7.575578927993774,1.04254150390625,0.3213653564453125,-0.754150390625
1784547287220243200,7.585499048233032,1.2082672119140625,0.1170806884765625,-0.6561431884765625
1784547287230163200,7.595418930053711,1.3083648681640625,0.1009368896484375,-0.4497222900390625
1784547287240082176,7.605338096618652,1.382537841796875,0.2522735595703125,-0.2874298095703125
1784547287250002176,7.615257978439331,1.41796875,0.40948486328125,-0.0414886474609375
1784547287259922176,7.625178098678589,1.5161285400390625,0.3525848388671875,-0.0580902099609375
1784547287269842176,7.635097980499268,1.534759521484375,0.1156005859375,-0.1951141357421875
1784547287279761152,7.64501690864563,1.6059112548828125,0.020965576171875,-0.084442138671875
1784547287289681152,7.654937028884888,1.789093017578125,-0.119659423828125,-0.0340728759765625
1784547287299601152,7.664856910705566,1.927459716796875,-0.4646148681640625,0.0193328857421875
1784547287309520128,7.674776077270508,2.025970458984375,-0.798309326171875,0.3182220458984375
1784547287319440128,7.6846959590911865,2.2034912109375,-1.061737060546875,0.355224609375
1784547287329360128,7.694616079330444,2.1521148681640625,-1.4208831787109375,0.260650634765625
1784547287339280128,7.704535961151123,1.9995574951171875,-1.7074737548828125,0.047210693359375
1784547287349199360,7.7144551277160645,1.7844696044921875,-1.79296875,-0.3751678466796875
1784547287359119104,7.724375009536743,1.7884063720703125,-1.5951080322265625,-0.653564453125
1784547287369039360,7.734295129776001,2.2865753173828125,-1.9407196044921875,-0.9225311279296875
1784547287378959104,7.74421501159668,2.70941162109375,-2.22491455078125,-1.1054229736328125
1784547287388878080,7.754133939743042,2.8310546875,-2.1723480224609375,-0.9923248291015625
1784547287398798336,7.7640540599823,2.5215301513671875,-1.9404296875,-1.108489990234375
1784547287408718080,7.7739739418029785,2.0095367431640625,-1.766326904296875,-1.285125732421875
1784547287418638336,7.783894062042236,1.7997894287109375,-1.248565673828125,-0.717559814453125
1784547287428557056,7.793812990188599,1.7056732177734375,-1.2557220458984375,-0.687225341796875
1784547287438477312,7.8037331104278564,1.7300262451171875,-1.365447998046875,-0.1807861328125
1784547287448397056,7.813652992248535,1.589263916015625,-0.6910400390625,0.10870361328125
1784547287458316032,7.8235719203948975,1.070709228515625,-0.5600128173828125,-0.2490234375
1784547287468236288,7.833492040634155,0.642913818359375,-0.02764892578125,-0.2205047607421875
1784547287478156032,7.843411922454834,1.0974273681640625,0.5025482177734375,0.501190185546875
1784547287488076288,7.853332042694092,0.420379638671875,0.5162506103515625,-0.171539306640625
1784547287497995264,7.863250970840454,1.48370361328125,0.2855072021484375,0.0614471435546875
1784547287507915264,7.873171091079712,1.5096282958984375,0.3919219970703125,0.0211639404296875
1784547287517835264,7.883090972900391,2.0533905029296875,0.9702911376953125,-0.27276611328125
1784547287527755264,7.893011093139648,2.0628814697265625,0.22357177734375,-0.7323150634765625
1784547287537674240,7.902930021286011,2.0382843017578125,-0.1778717041015625,-0.2804412841796875
1784547287547593984,7.9128499031066895,2.8948516845703125,0.14453125,-0.5982818603515625
1784547287557514240,7.922770023345947,2.8599395751953125,0.3295440673828125,-1.17022705078125
1784547287567433984,7.932689905166626,1.994598388671875,0.0591278076171875,-0.8772735595703125
1784547287577353216,7.942609071731567,2.689544677734375,0.4068603515625,-0.8316497802734375
1784547287587273216,7.952528953552246,3.0187225341796875,-0.097869873046875,-0.8008575439453125
1784547287597193216,7.962449073791504,2.1643524169921875,-0.8302001953125,-0.5651702880859375
1784547287607113216,7.972368955612183,2.2705078125,-0.793304443359375,-0.3896484375
1784547287617032192,7.982288122177124,2.1455078125,-0.556365966796875,-0.305450439453125
1784547287626952192,7.992208003997803,2.4068756103515625,-0.3428497314453125,-0.1212158203125
1784547287636872192,8.00212812423706,1.9251708984375,-0.4210662841796875,-0.42803955078125
1784547287646791168,8.012047052383423,1.857330322265625,-0.2201995849609375,-0.380950927734375
1784547287656711168,8.021966934204102,1.7982330322265625,0.1810302734375,-0.1027069091796875
1784547287666631168,8.03188705444336,1.5301513671875,-0.2327423095703125,-0.58404541015625
1784547287676551168,8.041806936264038,2.0552215576171875,0.0727691650390625,-0.022003173828125
1784547287686470144,8.05172610282898,2.765625,0.2670745849609375,-0.12103271484375
1784547287696390144,8.061645984649658,2.1781158447265625,0.309783935546875,0.2014007568359375
1784547287706310400,8.071566104888916,2.053955078125,-0.088287353515625,-0.52313232421875
1784547287716230144,8.081485986709595,1.662689208984375,-0.24261474609375,-0.203521728515625
1784547287726149120,8.091404914855957,2.02349853515625,-0.3267822265625,-0.614013671875
1784547287736069120,8.101325035095215,1.965484619140625,-0.256927490234375,-1.02496337890625
1784547287745989120,8.111244916915894,2.14154052734375,0.1353302001953125,-1.2957000732421875
1784547287755909120,8.121165037155151,2.4510345458984375,0.7883453369140625,-1.1118621826171875
1784547287765828096,8.131083965301514,2.6700897216796875,1.038787841796875,-1.385894775390625
1784547287775747584,8.141003370285034,2.859771728515625,0.94287109375,-1.9448089599609375
1784547287785667328,8.150923252105713,2.2390594482421875,0.4923095703125,-2.0700531005859375
1784547287795586560,8.160842418670654,2.5506439208984375,0.345855712890625,-2.1506195068359375
1784547287805506560,8.170762300491333,2.64935302734375,0.671722412109375,-2.176361083984375
1784547287815426560,8.18068242073059,2.2107086181640625,0.7701873779296875,-1.951263427734375
1784547287825346560,8.19060230255127,2.038177490234375,0.4677734375,-1.652496337890625
1784547287835265536,8.200521469116211,2.475921630859375,0.199462890625,-1.496246337890625
1784547287845185536,8.21044135093689,2.830169677734375,-0.099517822265625,-1.349639892578125
1784547287855105536,8.220361471176147,2.95306396484375,-0.4277801513671875,-1.298492431640625
1784547287865025536,8.230281352996826,3.0552978515625,-0.71832275390625,-1.2721405029296875
1784547287874944512,8.240200281143188,3.1110687255859375,-0.954925537109375,-1.035186767578125
1784547287884864512,8.250120401382446,3.1570281982421875,-1.184234619140625,-0.66754150390625
1784547287894784512,8.260040283203125,3.1431427001953125,-1.2197113037109375,-0.2912750244140625
1784547287904703744,8.269959449768066,2.95635986328125,-1.1140899658203125,-0.0366973876953125
1784547287914623488,8.279879331588745,2.786041259765625,-1.26531982421875,0.1269073486328125
1784547287924543744,8.289799451828003,2.7037506103515625,-1.409576416015625,0.5114288330078125
1784547287934463488,8.299719333648682,2.687591552734375,-1.3560333251953125,0.873046875
1784547287944382464,8.309638261795044,2.562469482421875,-1.302642822265625,1.19482421875
1784547287954302464,8.319558382034302,2.388946533203125,-1.2651214599609375,1.2606964111328125
1784547287964222464,8.32947826385498,2.373443603515625,-1.32781982421875,1.0384979248046875
1784547287974142464,8.339398384094238,2.4872894287109375,-1.4708404541015625,0.9061126708984375
1784547287984061440,8.3493173122406,2.6557769775390625,-1.49603271484375,1.02703857421875
1784547287993981696,8.359237432479858,2.906829833984375,-1.433868408203125,1.19293212890625
1784547288003901440,8.369157314300537,3.13861083984375,-1.2089996337890625,1.37274169921875
1784547288013821696,8.379077434539795,3.2964630126953125,-0.850921630859375,1.50396728515625
1784547288023740416,8.388996362686157,3.4060516357421875,-0.5144195556640625,1.4786376953125
1784547288033660416,8.398916244506836,3.47845458984375,-0.25689697265625,1.2890777587890625
1784547288043580416,8.408836364746094,3.49053955078125,0.09307861328125,1.14898681640625
1784547288053499392,8.418755292892456,3.3489227294921875,0.6139373779296875,1.15484619140625
1784547288063419648,8.428675413131714,3.0708160400390625,1.213775634765625,1.1047515869140625
1784547288073339392,8.438595294952393,2.853973388671875,1.7148284912109375,1.15863037109375
1784547288083259648,8.44851541519165,2.692962646484375,1.9602813720703125,1.1236572265625
1784547288093178624,8.458434343338013,2.5256500244140625,1.8846588134765625,0.910980224609375
1784547288103098624,8.46835446357727,2.322601318359375,1.861053466796875,0.8583526611328125
1784547288113018624,8.47827434539795,2.075897216796875,1.91693115234375,0.82440185546875
1784547288122938624,8.488194465637207,1.878204345703125,1.96142578125,0.8643035888671875
1784547288132857600,8.49811339378357,1.7248992919921875,1.9894866943359375,0.932891845703125
1784547288142777344,8.508033275604248,1.582763671875,2.12890625,0.811798095703125
1784547288152697600,8.517953395843506,1.6379547119140625,2.7892608642578125,1.1644134521484375
1784547288162616576,8.527872323989868,2.539398193359375,3.483306884765625,1.159027099609375
1784547288172536576,8.537792444229126,1.0810699462890625,3.4638214111328125,1.007568359375
1784547288182456576,8.547712326049805,0.087127685546875,3.2635345458984375,0.332275390625
1784547288192376576,8.557632446289062,0.055389404296875,3.3011474609375,-0.5648651123046875
1784547288202295552,8.567551374435425,0.682647705078125,3.395416259765625,-1.21575927734375
1784547288212215296,8.577471256256104,1.285675048828125,2.3597259521484375,-1.2201385498046875
1784547288222135552,8.587391376495361,1.07080078125,1.4655303955078125,-0.5961761474609375
1784547288232055552,8.59731125831604,0.81072998046875,0.88812255859375,-0.39703369140625
1784547288241974528,8.607230424880981,1.305877685546875,0.9206085205078125,-0.25238037109375
1784547288251894528,8.61715030670166,-0.0568389892578125,0.25836181640625,-0.611602783203125
1784547288261814528,8.627070426940918,-0.9300689697265625,0.6237030029296875,-0.5175018310546875
1784547288271733504,8.63698935508728,-1.0312957763671875,0.4992218017578125,-0.822601318359375
1784547288281653504,8.646909236907959,-0.225982666015625,0.671295166015625,-0.6477813720703125
1784547288291573504,8.656829357147217,0.4921112060546875,1.0723114013671875,-0.732666015625
1784547288301493504,8.666749238967896,0.653228759765625,1.3947296142578125,-0.7374267578125
1784547288311412480,8.676668405532837,0.50103759765625,1.5637969970703125,-0.535736083984375
1784547288321332480,8.686588287353516,0.5029754638671875,1.3512115478515625,-0.63348388671875
1784547288331252480,8.696508407592773,0.29974365234375,1.086151123046875,-0.6863861083984375
1784547288341172480,8.706428289413452,0.232086181640625,0.8669281005859375,-0.71038818359375
1784547288351091712,8.716347455978394,0.389892578125,0.6564788818359375,-0.9052276611328125
1784547288361011456,8.726267337799072,0.5663909912109375,0.244873046875,-1.06475830078125
1784547288370931712,8.73618745803833,0.2762908935546875,0.224151611328125,-0.84832763671875
1784547288380850432,8.746106386184692,0.192138671875,0.24835205078125,-0.9623565673828125
1784547288390770432,8.756026268005371,0.295501708984375,0.473297119140625,-0.88641357421875
1784547288400690432,8.765946388244629,0.1778717041015625,0.6052703857421875,-0.8220977783203125
1784547288410610432,8.775866270065308,0.195526123046875,0.70318603515625,-0.7004852294921875
1784547288420529664,8.785785436630249,0.1513519287109375,0.5301513671875,-0.7345123291015625
1784547288430449408,8.795705318450928,-0.0109100341796875,0.2027130126953125,-0.89739990234375
1784547288440369664,8.805625438690186,-0.3272705078125,0.139678955078125,-0.7876739501953125
1784547288450289408,8.815545320510864,-0.2916259765625,0.1363983154296875,-0.747650146484375
1784547288460208384,8.825464248657227,0.0239105224609375,0.06744384765625,-0.9054718017578125
1784547288470128640,8.835384368896484,0.110626220703125,0.1080322265625,-0.9362640380859375
1784547288480048384,8.845304250717163,0.3303070068359375,0.1796875,-1.001953125
1784547288489968640,8.855224370956421,0.31005859375,0.1942901611328125,-1.04156494140625
1784547288499887360,8.865143299102783,0.2485809326171875,0.0738677978515625,-1.141937255859375
1784547288509807616,8.875063419342041,0.1714019775390625,-0.054656982421875,-1.146026611328125
1784547288519727360,8.88498330116272,0.073822021484375,-0.0875091552734375,-1.085540771484375
1784547288529646592,8.894902467727661,0.0164337158203125,-0.0287017822265625,-1.0784912109375
1784547288539566592,8.90482234954834,-0.04632568359375,0.12994384765625,-0.984222412109375
1784547288549486592,8.914742469787598,0.0614776611328125,0.1593017578125,-1.056488037109375
1784547288559406592,8.924662351608276,0.1967315673828125,0.2410125732421875,-0.9722747802734375
1784547288569325568,8.934581279754639,0.41851806640625,0.239898681640625,-0.92279052734375
1784547288579245568,8.944501399993896,0.3246002197265625,0.1537628173828125,-0.957305908203125
1784547288589165568,8.954421281814575,0.14306640625,0.1386260986328125,-0.8415985107421875
1784547288599084544,8.964340448379517,0.1307830810546875,0.0531768798828125,-0.84356689453125
1784547288609004544,8.974260330200195,0.1137237548828125,-0.02899169921875,-0.7409210205078125
1784547288618924544,8.984180450439453,0.071258544921875,-0.038818359375,-0.7205352783203125
1784547288628844544,8.994100332260132,0.1506805419921875,-0.0438690185546875,-0.859710693359375
1784547288638763520,9.004019260406494,0.1659088134765625,0.07965087890625,-0.7578125
1784547288648683520,9.013939380645752,0.316131591796875,0.0931549072265625,-0.863494873046875
1784547288658603520,9.02385926246643,0.4095916748046875,0.14141845703125,-0.8010101318359375
1784547288668523520,9.033779382705688,0.3470306396484375,0.1395111083984375,-0.9358673095703125
1784547288678442496,9.04369831085205,0.2627105712890625,0.1284942626953125,-0.915924072265625
1784547288688362496,9.053618431091309,0.210205078125,0.1741790771484375,-0.8384857177734375
1784547288698282496,9.063538312911987,0.232086181640625,0.2273101806640625,-0.764617919921875
1784547288708201472,9.07345724105835,0.3004913330078125,0.2413330078125,-0.758941650390625
1784547288718121472,9.083377361297607,0.3426361083984375,0.2869873046875,-0.749542236328125
1784547288728041472,9.093297243118286,0.37384033203125,0.35479736328125,-0.716217041015625
1784547288737961472,9.103217363357544,0.3371124267578125,0.44268798828125,-0.621612548828125
1784547288747880448,9.113136291503906,0.30999755859375,0.414337158203125,-0.63720703125
1784547288757800704,9.123056411743164,0.3576812744140625,0.3135833740234375,-0.6290740966796875
1784547288767720448,9.132976293563843,0.4573822021484375,0.1665496826171875,-0.470123291015625
1784547288777641216,9.142897129058838,0.5267333984375,0.1025238037109375,-0.1727447509765625
1784547288787560192,9.1528160572052,0.481048583984375,-0.0220489501953125,-0.08221435546875
1784547288797480448,9.162736177444458,0.5479736328125,-0.3366851806640625,-0.2578277587890625
1784547288807400192,9.172656059265137,0.55352783203125,-0.3776397705078125,-0.356536865234375
1784547288817319168,9.182574987411499,0.7222900390625,-0.122222900390625,-0.35888671875
1784547288827239168,9.192495107650757,0.827606201171875,0.1608734130859375,-0.4178619384765625
1784547288837159168,9.202414989471436,0.971710205078125,0.3704376220703125,-0.5331878662109375
1784547288847079168,9.212335109710693,1.1588134765625,0.2150421142578125,-0.91650390625
1784547288856998144,9.222254037857056,1.0852203369140625,0.114105224609375,-0.99652099609375
1784547288866918400,9.232174158096313,1.005157470703125,0.173614501953125,-0.77154541015625
1784547288876838144,9.242094039916992,0.9239349365234375,0.2530364990234375,-0.7971038818359375
1784547288886757376,9.252013206481934,0.859466552734375,0.487335205078125,-0.791534423828125
1784547288896677376,9.261933088302612,0.892547607421875,0.5852508544921875,-0.7972259521484375
1784547288906597376,9.27185320854187,1.003997802734375,0.4382781982421875,-0.7809295654296875
1784547288916517376,9.281773090362549,1.1536407470703125,0.1585693359375,-0.6355133056640625
1784547288926436096,9.291692018508911,1.348297119140625,-0.181671142578125,-0.4984588623046875
1784547288936356352,9.301612138748169,1.5386810302734375,-0.4288482666015625,-0.3013763427734375
1784547288946276096,9.311532020568848,1.65460205078125,-0.3479156494140625,-0.120452880859375
1784547288956196352,9.321452140808105,1.7153778076171875,-0.130462646484375,-0.0654754638671875
1784547288966115328,9.331371068954468,1.686309814453125,-0.06842041015625,-0.0236968994140625
1784547288976035328,9.341291189193726,1.6722259521484375,-0.1972198486328125,0.0801849365234375
1784547288985955328,9.351211071014404,1.7577362060546875,-0.300506591796875,0.1121063232421875
1784547288995874048,9.361129999160767,1.9396514892578125,-0.437286376953125,0.171173095703125
1784547289005794304,9.371050119400024,1.9999542236328125,-0.8272552490234375,0.182098388671875
1784547289015714048,9.380970001220703,2.1116790771484375,-1.2286376953125,0.42132568359375
1784547289025634304,9.390890121459961,1.9567108154296875,-1.5531158447265625,0.5049285888671875
1784547289035553280,9.400809049606323,1.9477996826171875,-1.813690185546875,0.1583251953125
1784547289045473280,9.410729169845581,2.0296783447265625,-1.957855224609375,-0.0210723876953125
1784547289055393280,9.42064905166626,2.3054962158203125,-1.9947509765625,-0.2489776611328125
1784547289065313280,9.430569171905518,2.7275848388671875,-2.000213623046875,-0.6411895751953125
1784547289075232256,9.44048810005188,2.8839569091796875,-1.713897705078125,-0.755706787109375
1784547289085152512,9.450408220291138,2.44085693359375,-1.58538818359375,-0.9670867919921875
1784547289095072256,9.460328102111816,2.1781768798828125,-1.8300628662109375,-1.06121826171875
1784547289104991232,9.470247030258179,1.852203369140625,-2.4462432861328125,-0.99383544921875
1784547289114911232,9.480167150497437,2.017852783203125,-2.1256561279296875,-1.035797119140625
1784547289124831232,9.490087032318115,1.8595733642578125,-1.6525421142578125,-1.0120391845703125
1784547289134751232,9.500007152557373,1.6492919921875,-0.7001953125,-0.9593963623046875
1784547289144670208,9.509926080703735,1.50030517578125,-0.1432037353515625,-0.517974853515625
1784547289154590464,9.519846200942993,1.0675506591796875,-0.005950927734375,-0.3624267578125
1784547289164510208,9.529766082763672,0.9871826171875,-0.333526611328125,-0.0277099609375
1784547289174430464,9.53968620300293,1.2864532470703125,0.3419952392578125,-0.0835113525390625
1784547289184349184,9.549605131149292,1.2424774169921875,1.045806884765625,0.751068115234375
1784547289194269184,9.55952501296997,0.906951904296875,0.3354949951171875,-0.132476806640625
1784547289204189184,9.569445133209229,0.30889892578125,0.7391815185546875,-0.0991363525390625
1784547289214108160,9.57936406135559,0.6332550048828125,0.20367431640625,0.066986083984375
1784547289224028416,9.589284181594849,1.7804412841796875,0.5755615234375,0.5144500732421875
1784547289233948160,9.599204063415527,2.5261993408203125,0.2559661865234375,-0.2098388671875
1784547289243868416,9.609124183654785,2.036712646484375,0.040771484375,-0.4149169921875
1784547289253787392,9.619043111801147,2.317626953125,0.5142364501953125,-0.0904693603515625
1784547289263707136,9.628962993621826,1.9564208984375,0.189849853515625,-0.5611419677734375
1784547289273627392,9.638883113861084,2.166107177734375,0.35772705078125,-0.31182861328125
1784547289283546112,9.648802042007446,2.219482421875,0.36322021484375,-1.1254119873046875
1784547289293466368,9.658722162246704,2.528289794921875,-0.1420745849609375,-0.892852783203125
1784547289303386112,9.668642044067383,2.586456298828125,-0.457244873046875,-0.8651885986328125
1784547289313306368,9.67856216430664,2.2382354736328125,-0.274658203125,0.09918212890625
1784547289323225344,9.688481092453003,2.0432891845703125,-0.1893463134765625,-0.2861175537109375
1784547289333145344,9.69840121269226,2.38916015625,0.431396484375,-0.029205322265625
1784547289343065344,9.70832109451294,2.196502685546875,0.096221923828125,0.1633453369140625
1784547289352985344,9.718241214752197,2.3684844970703125,-0.4891204833984375,-0.256622314453125
1784547289362904320,9.72816014289856,1.6650543212890625,-0.5765380859375,-0.528167724609375
1784547289372824320,9.738080024719238,1.49859619140625,-0.720794677734375,0.3108673095703125
1784547289382744320,9.748000144958496,2.0280914306640625,0.0646514892578125,0.475799560546875
1784547289392664320,9.757920026779175,2.0336456298828125,0.225677490234375,-0.0786285400390625
1784547289402583296,9.767839193344116,1.1763153076171875,-0.053619384765625,0.1594390869140625
1784547289412503296,9.777759075164795,1.4639892578125,-0.5583038330078125,0.298614501953125
1784547289422423296,9.787679195404053,1.4694061279296875,-0.516815185546875,0.358306884765625
1784547289432342272,9.797598123550415,1.6084442138671875,-0.544189453125,-0.310211181640625
1784547289442262272,9.807518005371094,1.47760009765625,0.029693603515625,-0.4442291259765625
1784547289452182272,9.817438125610352,1.65814208984375,0.6281280517578125,-1.0483245849609375
1784547289462102272,9.82735800743103,1.61968994140625,0.675994873046875,-1.463470458984375
1784547289472021248,9.837277173995972,1.9775238037109375,0.5851898193359375,-1.499847412109375
1784547289481941248,9.84719705581665,2.82220458984375,0.6894378662109375,-1.3068695068359375
1784547289491861248,9.857117176055908,2.5087890625,0.6689300537109375,-1.500640869140625
1784547289501780224,9.86703610420227,2.040069580078125,1.1102294921875,-1.5531768798828125
1784547289511700224,9.87695598602295,1.69525146484375,1.9656524658203125,-1.359130859375
1784547289521620224,9.886876106262207,1.529876708984375,1.97454833984375,-1.244598388671875
1784547289531540224,9.896795988082886,1.6389312744140625,1.632293701171875,-1.31719970703125
1784547289541459200,9.906715154647827,2.0941619873046875,1.1208648681640625,-1.244964599609375
1784547289551379200,9.916635036468506,2.4007110595703125,0.70172119140625,-0.9535675048828125
1784547289561299200,9.926555156707764,2.6779632568359375,0.20379638671875,-0.5902252197265625
1784547289571218176,9.936474084854126,2.6335296630859375,-0.257293701171875,-0.1575927734375
1784547289581138432,9.946394205093384,2.4907073974609375,-0.7177734375,-0.1214752197265625
1784547289591058176,9.956314086914062,2.366851806640625,-0.96270751953125,-0.18511962890625
1784547289600978432,9.96623420715332,2.24853515625,-1.0580291748046875,-0.219329833984375
1784547289610897408,9.976153135299683,2.170745849609375,-1.078125,-0.27734375
1784547289620817152,9.986073017120361,2.127716064453125,-0.9740753173828125,-0.21453857421875
1784547289630737408,9.99599313735962,2.10845947265625,-0.8166351318359375,-0.028167724609375
1784547289640657152,10.005913019180298,2.0950775146484375,-0.60235595703125,0.190155029296875
1784547289650576384,10.01583218574524,2.1246795654296875,-0.3799285888671875,0.3775634765625
1784547289660496128,10.025752067565918,2.1701507568359375,-0.272064208984375,0.5155029296875
1784547289670416384,10.035672187805176,2.1910552978515625,-0.274688720703125,0.5224609375
1784547289680335360,10.045591115951538,2.1969757080078125,-0.3994598388671875,0.4098052978515625
1784547289690255104,10.055510997772217,2.18743896484375,-0.46429443359375,0.455078125
1784547289700175360,10.065431118011475,2.2349700927734375,-0.445159912109375,0.5145111083984375
1784547289710095104,10.075350999832153,2.3375701904296875,-0.3394317626953125,0.577178955078125
1784547289720014336,10.085270166397095,2.4221038818359375,-0.1233367919921875,0.6713409423828125
1784547289729934336,10.095190048217773,2.51812744140625,0.0543975830078125,0.7156982421875
1784547289739854336,10.105110168457031,2.6075592041015625,0.1761932373046875,0.7373809814453125
1784547289749773312,10.115029096603394,2.6355438232421875,0.2170562744140625,0.713409423828125
1784547289759693312,10.124949216842651,2.5437774658203125,0.20947265625,0.7321319580078125
1784547289769613312,10.13486909866333,2.34710693359375,0.280853271484375,0.7208099365234375
1784547289779531520,10.144787311553955,2.15264892578125,0.3762359619140625,0.660614013671875
1784547289789450496,10.154706239700317,1.986297607421875,0.4656829833984375,0.65301513671875
1784547289799370496,10.164626359939575,1.9168701171875,0.498809814453125,0.6273956298828125
1784547289809290496,10.174546241760254,1.9482421875,0.317962646484375,0.5938262939453125
1784547289819210496,10.184466361999512,2.0616912841796875,0.0912017822265625,0.5037078857421875
1784547289829129472,10.194385290145874,2.1700439453125,0.1361236572265625,0.499542236328125
1784547289839049472,10.204305410385132,2.1572418212890625,0.6160125732421875,0.5137939453125
1784547289848969472,10.21422529220581,2.0020904541015625,1.3017578125,0.4273834228515625
1784547289858888704,10.224144458770752,1.795867919921875,1.77667236328125,0.33013916015625
1784547289868808448,10.23406434059143,1.541717529296875,2.0416107177734375,0.3260040283203125
1784547289878728704,10.243984460830688,1.280181884765625,2.114410400390625,0.2852630615234375
1784547289888648448,10.253904342651367,1.129669189453125,2.2289276123046875,0.3296356201171875
1784547289898567424,10.26382327079773,1.1070556640625,2.690399169921875,0.2349395751953125
1784547289908487680,10.273743391036987,1.16119384765625,3.4427642822265625,0.3434906005859375
1784547289918407424,10.283663272857666,2.1690521240234375,4.2707977294921875,0.0519256591796875
1784547289928326656,10.293582439422607,1.0375213623046875,4.344818115234375,-0.0987701416015625
1784547289938246400,10.303502321243286,0.046722412109375,3.632232666015625,-0.9176483154296875
1784547289948166656,10.313422441482544,-0.0605010986328125,3.8209228515625,-0.87408447265625
1784547289958086400,10.323342323303223,-0.0073394775390625,2.374542236328125,-0.65374755859375
1784547289968005376,10.333261251449585,-0.0357818603515625,1.590850830078125,-0.7444610595703125
1784547289977925632,10.343181371688843,0.3872833251953125,1.2329864501953125,-0.2935943603515625
1784547289987845376,10.353101253509521,0.74835205078125,1.1933441162109375,0.055633544921875
1784547289997765632,10.36302137374878,0.923126220703125,1.12255859375,0.001190185546875
1784547290007684352,10.372940301895142,0.259613037109375,0.91021728515625,-0.406463623046875
1784547290017604608,10.3828604221344,0.2515106201171875,0.803497314453125,-0.8233642578125
1784547290027524352,10.392780303955078,0.2237091064453125,0.9082183837890625,-0.7498931884765625
1784547290037443584,10.40269947052002,0.4609832763671875,1.026336669921875,-0.8707122802734375
1784547290047363584,10.412619352340698,0.56927490234375,1.2612457275390625,-0.9767913818359375
1784547290057283584,10.422539472579956,0.5479888916015625,1.2493743896484375,-0.8379669189453125
1784547290067203584,10.432459354400635,0.544769287109375,1.124420166015625,-0.7489166259765625
1784547290077122560,10.442378282546997,0.60601806640625,0.89154052734375,-0.6773529052734375
1784547290087042560,10.452298402786255,0.299774169921875,0.5007476806640625,-0.6143035888671875
1784547290096962560,10.462218284606934,0.2536773681640625,0.2131500244140625,-0.9069671630859375
1784547290106881536,10.472137451171875,0.3284912109375,0.2180328369140625,-0.9795074462890625
1784547290116801536,10.482057332992554,0.220123291015625,0.233489990234375,-1.0684051513671875
1784547290126721536,10.491977453231812,0.1556396484375,0.2618255615234375,-1.348724365234375
1784547290136641536,10.50189733505249,0.3014678955078125,0.2180938720703125,-1.4842376708984375
1784547290146560512,10.511816263198853,0.1654510498046875,0.2785491943359375,-1.2382354736328125
1784547290156480512,10.52173638343811,0.102996826171875,0.30914306640625,-1.3149261474609375
1784547290166400512,10.531656265258789,-0.05438232421875,0.18768310546875,-1.2334442138671875
1784547290176319488,10.54157543182373,-0.126556396484375,0.2491302490234375,-0.9190216064453125
1784547290186239488,10.55149531364441,0.035400390625,0.2023773193359375,-1.13543701171875
1784547290196159488,10.561415433883667,0.0788726806640625,0.1409912109375,-1.2170562744140625
1784547290206079488,10.571335315704346,0.130645751953125,0.0972900390625,-1.1907806396484375
1784547290215998464,10.581254243850708,0.0396270751953125,0.0292205810546875,-1.086456298828125
1784547290225918464,10.591174364089966,0.08966064453125,-0.167877197265625,-1.185302734375
1784547290235838464,10.601094245910645,0.0610809326171875,-0.1541748046875,-1.087982177734375
1784547290245757696,10.611013412475586,0.0745086669921875,-0.1116790771484375,-1.0223541259765625
1784547290255677440,10.620933294296265,0.0615997314453125,-0.164703369140625,-1.0112762451171875
1784547290265597696,10.630853414535522,-0.0191497802734375,-0.2066802978515625,-1.0440216064453125
1784547290275517440,10.640773296356201,-0.0786895751953125,-0.2995452880859375,-0.998779296875
1784547290285436672,10.650692462921143,-0.0454559326171875,-0.241363525390625,-0.90374755859375
1784547290295356416,10.660612344741821,0.0218963623046875,-0.286102294921875,-0.98736572265625
1784547290305276672,10.670532464981079,0.0144195556640625,-0.2641143798828125,-0.93499755859375
1784547290315196416,10.680452346801758,0.0772857666015625,-0.1421356201171875,-0.9268798828125
1784547290325115392,10.69037127494812,0.1187744140625,-0.1005401611328125,-0.8334197998046875
1784547290335035648,10.700291395187378,0.0979766845703125,-0.05364990234375,-0.7864990234375
1784547290344955392,10.710211277008057,0.0615692138671875,-0.0273284912109375,-0.68902587890625
1784547290354874624,10.720130443572998,0.1098175048828125,-0.0579681396484375,-0.655242919921875
1784547290364794368,10.730050325393677,0.0988616943359375,-0.0374908447265625,-0.6823577880859375
1784547290374714624,10.739970445632935,0.10028076171875,0.0737762451171875,-0.5321807861328125
1784547290384634368,10.749890327453613,0.1855926513671875,0.1596832275390625,-0.452392578125
1784547290394553344,10.759809255599976,0.2407684326171875,0.2069549560546875,-0.426544189453125
1784547290404473600,10.769729375839233,0.224395751953125,0.280914306640625,-0.174468994140625
1784547290414393344,10.779649257659912,0.1691436767578125,0.277099609375,0.0061492919921875
1784547290424312576,10.789568424224854,0.1749725341796875,0.1327362060546875,0.07965087890625
1784547290434232576,10.799488306045532,0.210723876953125,-0.0855560302734375,0.0643463134765625
1784547290444152576,10.80940842628479,0.3087158203125,-0.15069580078125,-0.0549774169921875
1784547290454072576,10.819328308105469,0.3940887451171875,-0.00640869140625,-0.31195068359375
1784547290463991296,10.829247236251831,0.404571533203125,0.2551422119140625,-0.4878997802734375
1784547290473911552,10.839167356491089,0.4754180908203125,0.527587890625,-0.5295867919921875
1784547290483831296,10.849087238311768,0.4752349853515625,0.8289031982421875,-0.595458984375
1784547290493750528,10.859006404876709,0.491912841796875,1.1224822998046875,-0.755767822265625
1784547290503670528,10.868926286697388,0.73052978515625,0.936279296875,-0.900726318359375
1784547290513590528,10.878846406936646,0.835693359375,0.771881103515625,-0.9208221435546875
1784547290523510528,10.888766288757324,0.947235107421875,0.7866058349609375,-0.9137420654296875
1784547290533429504,10.898685455322266,1.0900421142578125,0.8080902099609375,-0.8985137939453125
1784547290543349504,10.908605337142944,1.044464111328125,0.750579833984375,-0.8652496337890625
1784547290553269504,10.918525457382202,1.028289794921875,0.5883331298828125,-0.7881927490234375
1784547290563188480,10.928444385528564,1.1417388916015625,0.4129791259765625,-0.8976593017578125
1784547290573108480,10.938364267349243,1.1787261962890625,0.2163543701171875,-0.79132080078125
1784547290583028480,10.948284387588501,1.36041259765625,0.0648345947265625,-0.5960235595703125
1784547290592948480,10.95820426940918,1.51605224609375,-0.040252685546875,-0.46331787109375
1784547290602867712,10.968123435974121,1.5952606201171875,-0.0709075927734375,-0.4005889892578125
1784547290612787456,10.9780433177948,1.6618804931640625,-0.048187255859375,-0.30877685546875
1784547290622707712,10.987963438034058,1.528961181640625,-0.145263671875,-0.0712738037109375
1784547290632626432,10.99788236618042,1.3390960693359375,-0.2238006591796875,-0.003814697265625
1784547290642546432,11.007802248001099,1.2617950439453125,-0.2038421630859375,0.12701416015625
1784547290652466432,11.017722368240356,1.537811279296875,-0.2614288330078125,0.1030731201171875
1784547290662386432,11.027642250061035,1.764068603515625,-0.6745452880859375,-0.0733642578125
1784547290672305664,11.037561416625977,1.72900390625,-1.0963592529296875,-0.0433349609375
1784547290682225408,11.047481298446655,1.8402557373046875,-1.38360595703125,0.1769256591796875
1784547290692145664,11.057401418685913,1.902313232421875,-1.407440185546875,0.1551666259765625
1784547290702064640,11.067320346832275,1.8484344482421875,-1.2128753662109375,0.410400390625
1784547290711984640,11.077240467071533,1.9585418701171875,-1.388824462890625,0.185455322265625
1784547290721904640,11.087160348892212,2.0207061767578125,-1.8623199462890625,-0.250579833984375
1784547290731824640,11.09708046913147,1.841796875,-2.1045379638671875,-0.82037353515625
1784547290741743616,11.106999397277832,1.794464111328125,-2.351348876953125,-1.17071533203125
1784547290751663360,11.11691927909851,2.1378021240234375,-1.7676239013671875,-0.9790496826171875
1784547290761583616,11.126839399337769,2.7688446044921875,-1.1616058349609375,-1.16534423828125
1784547290771502592,11.13675832748413,3.1147308349609375,-1.3599090576171875,-1.056121826171875
1784547290781423616,11.146679401397705,2.8363494873046875,-1.657318115234375,-0.6840667724609375
1784547290791343616,11.156599521636963,2.2734832763671875,-1.4085540771484375,-0.56744384765625
1784547290801263616,11.166519403457642,1.923309326171875,-0.74627685546875,-0.2067108154296875
1784547290811182848,11.176438570022583,1.836151123046875,-0.540435791015625,0.07635498046875
1784547290821102592,11.186358451843262,1.6385345458984375,-0.39569091796875,0.0172119140625
1784547290831022848,11.19627857208252,1.306854248046875,-0.1884613037109375,0.1525421142578125
1784547290840941568,11.206197500228882,1.1173248291015625,-0.182037353515625,-0.128265380859375
1784547290850861568,11.21611738204956,0.7303466796875,0.26824951171875,0.0305328369140625
1784547290860781568,11.226037502288818,0.6658477783203125,0.668731689453125,0.0901336669921875
1784547290870701568,11.235957384109497,0.6063690185546875,1.2216644287109375,-0.0750885009765625
1784547290880620800,11.245876550674438,1.1893463134765625,1.05316162109375,-0.0960845947265625
1784547290890540544,11.255796432495117,2.421661376953125,0.6702117919921875,-0.2563323974609375
1784547290900460800,11.265716552734375,2.4910430908203125,0.209564208984375,-0.1774139404296875
1784547290910379776,11.275635480880737,2.54034423828125,0.09686279296875,0.15423583984375
1784547290920299520,11.285555362701416,2.966278076171875,-0.189056396484375,-0.4339752197265625
1784547290930219776,11.295475482940674,2.5899810791015625,0.28216552734375,-0.5407562255859375
1784547290940139520,11.305395364761353,1.9979095458984375,0.57696533203125,-0.5612640380859375
1784547290950058752,11.315314531326294,2.0062103271484375,0.0737762451171875,-0.7007293701171875
1784547290959978496,11.325234413146973,2.3181610107421875,-0.0709075927734375,-0.1474456787109375
1784547290969898752,11.33515453338623,2.2746429443359375,-0.593048095703125,-0.3000335693359375
1784547290979817728,11.345073461532593,2.0845184326171875,-0.4734344482421875,-0.2405242919921875
1784547290989737728,11.35499358177185,2.2853546142578125,0.3521575927734375,-0.528228759765625
1784547290999657728,11.36491346359253,2.0920562744140625,0.2929840087890625,-0.4005889892578125
1784547291009577728,11.374833583831787,1.4488525390625,-0.9305877685546875,0.1967620849609375
1784547291019496704,11.38475251197815,1.5645599365234375,-0.5670013427734375,0.1005706787109375
1784547291029416448,11.394672393798828,1.6018829345703125,0.20257568359375,-0.0738525390625
1784547291039336704,11.404592514038086,1.5686492919921875,-0.1507415771484375,0.124847412109375
1784547291049256448,11.414512395858765,1.3146209716796875,-0.4897613525390625,0.1658935546875
1784547291059175680,11.424431562423706,1.6145782470703125,-0.3461761474609375,-0.0714874267578125
1784547291069095680,11.434351444244385,1.934539794921875,-0.1313018798828125,-0.189697265625
1784547291079015680,11.444271564483643,1.9283447265625,0.1520538330078125,-0.2884063720703125
1784547291088934656,11.454190492630005,1.171478271484375,0.45208740234375,-0.123260498046875
1784547291098854656,11.464110374450684,1.3172607421875,0.7313232421875,-0.1012115478515625
1784547291108774656,11.474030494689941,1.4438018798828125,0.8043975830078125,-0.280426025390625
1784547291118694656,11.48395037651062,1.7236175537109375,0.5933685302734375,-0.5143890380859375
1784547291128613632,11.493869543075562,1.8958282470703125,0.679443359375,-0.690460205078125
1784547291138533632,11.50378942489624,1.8594818115234375,0.7341766357421875,-1.102020263671875
1784547291148453632,11.513709545135498,1.6051177978515625,0.768829345703125,-1.0645751953125
1784547291158372608,11.52362847328186,1.8182830810546875,0.702362060546875,-1.06524658203125
1784547291168292864,11.533548593521118,2.18389892578125,0.4229888916015625,-0.900146484375
1784547291178212608,11.543468475341797,2.102874755859375,0.46514892578125,-1.136566162109375
1784547291188132864,11.553388595581055,2.04486083984375,0.2818145751953125,-1.76202392578125
1784547291198051584,11.563307523727417,1.952728271484375,0.4263763427734375,-1.5333099365234375
1784547291207971584,11.573227405548096,1.8985748291015625,0.5074005126953125,-1.4451446533203125
1784547291217891584,11.583147525787354,1.8552093505859375,0.91302490234375,-1.55169677734375
1784547291227810560,11.593066453933716,1.7887725830078125,1.126953125,-1.63055419921875
1784547291237730816,11.602986574172974,1.9328460693359375,0.8872222900390625,-1.6219329833984375
1784547291247650560,11.612906455993652,2.0446014404296875,0.319091796875,-1.3040924072265625
1784547291257570816,11.62282657623291,2.1768035888671875,-0.159423828125,-1.044921875
1784547291267489792,11.632745504379272,2.390045166015625,-0.39306640625,-0.85211181640625
1784547291277409536,11.642665386199951,2.4963836669921875,-0.601318359375,-0.6741485595703125
1784547291287329792,11.652585506439209,2.45867919921875,-0.7661590576171875,-0.7007904052734375
1784547291297248512,11.662504434585571,2.476287841796875,-0.620269775390625,-0.74676513671875
1784547291307168768,11.672424554824829,2.6198883056640625,-0.387908935546875,-0.7513275146484375
1784547291317088512,11.682344436645508,2.788848876953125,-0.34393310546875,-0.596710205078125
1784547291327008768,11.692264556884766,2.9193878173828125,-0.3894195556640625,-0.2393646240234375
1784547291336927744,11.702183485031128,2.9999542236328125,-0.395263671875,0.1039886474609375
1784547291346847488,11.712103366851807,3.002655029296875,-0.3777923583984375,0.3738861083984375
1784547291356767744,11.722023487091064,2.981353759765625,-0.282806396484375,0.5407562255859375
1784547291366686464,11.731942415237427,2.8739013671875,-0.1524200439453125,0.6020660400390625
1784547291376606720,11.741862535476685,2.8271026611328125,-0.194854736328125,0.63427734375
1784547291386526464,11.751782417297363,2.8375396728515625,-0.2701416015625,0.69476318359375
1784547291396446720,11.761702537536621,2.88104248046875,-0.3052215576171875,0.7183685302734375
1784547291406365696,11.771621465682983,2.95855712890625,-0.166107177734375,0.836578369140625
1784547291416285696,11.781541585922241,3.0564117431640625,0.0912933349609375,0.8849029541015625
1784547291426205696,11.79146146774292,3.101043701171875,0.2870941162109375,0.8784027099609375
1784547291436124672,11.801380395889282,3.0108795166015625,0.3514251708984375,0.8751220703125
1784547291446044672,11.81130051612854,2.8216705322265625,0.34356689453125,0.8384857177734375
1784547291455964672,11.821220397949219,2.605987548828125,0.34429931640625,0.7318878173828125
1784547291465884672,11.831140518188477,2.438323974609375,0.363739013671875,0.6615142822265625
1784547291475803648,11.841059446334839,2.3728485107421875,0.2976837158203125,0.612823486328125
1784547291485723648,11.850979566574097,2.3485107421875,0.310272216796875,0.6843719482421875
1784547291495643648,11.860899448394775,2.334197998046875,0.329925537109375,0.741546630859375
1784547291505562624,11.870818376541138,2.3516693115234375,0.4905242919921875,0.845733642578125
1784547291515482624,11.880738496780396,2.2739715576171875,0.827850341796875,0.8523101806640625
1784547291525402624,11.890658378601074,2.0567779541015625,1.268280029296875,0.7545928955078125
1784547291535322624,11.900578498840332,1.82293701171875,1.533050537109375,0.5485687255859375
1784547291545241600,11.910497426986694,1.653900146484375,1.5969696044921875,0.5420074462890625
1784547291555161600,11.920417547225952,1.52490234375,1.597869873046875,0.6290130615234375
1784547291565081600,11.93033742904663,1.4990081787109375,1.7728271484375,0.658294677734375
1784547291575000832,11.940256595611572,1.575836181640625,2.329132080078125,0.6342010498046875
1784547291584920576,11.950176477432251,3.2052764892578125,3.5016021728515625,0.2189483642578125
1784547291594840832,11.960096597671509,2.41204833984375,5.1985626220703125,0.98443603515625
1784547291604760576,11.970016479492188,0.5305633544921875,3.9010009765625,-0.5581512451171875
1784547291614679552,11.97993540763855,-0.260284423828125,4.579193115234375,-1.122650146484375
1784547291624599808,11.989855527877808,-0.511505126953125,2.8208770751953125,-0.779144287109375
1784547291634519552,11.999775409698486,-0.5901947021484375,1.475616455078125,-0.50421142578125
1784547291644438784,12.009694576263428,0.0156707763671875,0.989654541015625,-0.19793701171875
1784547291654358528,12.019614458084106,0.7243194580078125,0.718231201171875,0.1523895263671875
1784547291664278784,12.029534578323364,1.5611419677734375,0.782318115234375,-0.790740966796875
1784547291674198528,12.039454460144043,1.0135498046875,1.499420166015625,-0.5424652099609375
1784547291684117504,12.049373388290405,0.5173492431640625,2.048248291015625,-0.62896728515625
1784547291694037760,12.059293508529663,0.2584991455078125,1.68212890625,-1.237701416015625
1784547291703957504,12.069213390350342,0.2581939697265625,1.4965667724609375,-0.8377838134765625
1784547291713876736,12.079132556915283,0.524322509765625,1.218658447265625,-0.489898681640625
1784547291723796480,12.089052438735962,0.9135284423828125,1.06158447265625,-0.8181915283203125
1784547291733716736,12.09897255897522,1.2000579833984375,0.993194580078125,-0.6975250244140625
1784547291743636736,12.108892440795898,0.9907073974609375,0.9666748046875,-0.6186065673828125
1784547291753555456,12.11881136894226,0.4406890869140625,1.2718505859375,-0.379302978515625
1784547291763475712,12.128731489181519,-0.0408782958984375,1.0441741943359375,-0.566986083984375
1784547291773395968,12.138651847839355,0.392578125,0.84735107421875,-0.815765380859375
1784547291783314944,12.148570775985718,0.197723388671875,0.602691650390625,-0.714569091796875
1784547291793234944,12.158490657806396,0.2603912353515625,0.509796142578125,-0.8753204345703125
1784547291803154944,12.168410778045654,0.39666748046875,0.3675689697265625,-1.02862548828125
1784547291813073920,12.178329706192017,0.3943023681640625,0.241973876953125,-1.0821990966796875
1784547291822993920,12.188249826431274,0.2819366455078125,0.31597900390625,-0.9454193115234375
1784547291832913920,12.198169708251953,0.166656494140625,0.35504150390625,-0.9476776123046875
1784547291842833920,12.208089828491211,-0.019195556640625,0.39630126953125,-0.93328857421875
1784547291852752896,12.218008756637573,-0.0944671630859375,0.4210205078125,-0.9006500244140625
1784547291862672896,12.227928638458252,-0.0202178955078125,0.436737060546875,-0.8477935791015625
1784547291872592896,12.23784875869751,0.1187591552734375,0.3907318115234375,-0.990570068359375
1784547291882511872,12.247767686843872,0.3506011962890625,0.219818115234375,-0.86529541015625
1784547291892431872,12.25768780708313,0.2733612060546875,-0.0327911376953125,-0.8841552734375
1784547291902351872,12.267607688903809,0.3234710693359375,-0.139617919921875,-0.8642425537109375
1784547291912271872,12.277527809143066,0.4867095947265625,-0.1302947998046875,-0.87481689453125
1784547291922190848,12.287446737289429,0.3473663330078125,-0.120697021484375,-1.043426513671875
1784547291932110848,12.297366619110107,0.223876953125,-0.0540008544921875,-0.91790771484375
1784547291942030848,12.307286739349365,0.1466064453125,-0.1374359130859375,-0.92669677734375
1784547291951949824,12.317205667495728,0.057403564453125,-0.0775604248046875,-0.8339996337890625
1784547291961870080,12.327125787734985,0.2771759033203125,-0.1103515625,-0.838348388671875
1784547291971789824,12.337045669555664,0.5086517333984375,-0.197784423828125,-0.834564208984375
1784547291981710080,12.346965789794922,0.3842315673828125,-0.113189697265625,-0.7613983154296875
1784547291991628800,12.356884717941284,0.371826171875,0.0728302001953125,-0.6112518310546875
1784547292001549056,12.366804838180542,0.35546875,0.1337432861328125,-0.6939239501953125
1784547292011468800,12.37672472000122,0.2693023681640625,0.218597412109375,-0.728973388671875
1784547292021387776,12.386643648147583,0.2327117919921875,0.33544921875,-0.52740478515625
1784547292031308032,12.39656376838684,0.2353515625,0.3047637939453125,-0.404052734375
1784547292041227776,12.40648365020752,0.2542724609375,0.087738037109375,-0.4481048583984375
1784547292051148032,12.416403770446777,0.317169189453125,-0.0854644775390625,-0.4721527099609375
1784547292061066752,12.42632269859314,0.3763275146484375,-0.1877593994140625,-0.5139312744140625
1784547292070987008,12.436242818832397,0.4872589111328125,-0.2203216552734375,-0.46624755859375
1784547292080906752,12.446162700653076,0.452545166015625,-0.154693603515625,-0.5776519775390625
1784547292090825728,12.456081628799438,0.43133544921875,0.0504150390625,-0.626495361328125
1784547292100745984,12.466001749038696,0.427520751953125,0.3376617431640625,-0.6753692626953125
1784547292110665728,12.475921630859375,0.54638671875,0.6102752685546875,-0.65911865234375
1784547292120585984,12.485841751098633,0.7786102294921875,0.6835174560546875,-0.6274261474609375
1784547292130504960,12.495760679244995,0.9904937744140625,0.3808135986328125,-0.561309814453125
1784547292140424960,12.505680799484253,1.0970611572265625,-0.0302886962890625,-0.588134765625
1784547292150344960,12.515600681304932,1.1394805908203125,-0.11468505859375,-0.5543365478515625
1784547292160263936,12.525519847869873,1.09906005859375,0.2881011962890625,-0.4831695556640625
1784547292170183936,12.535439729690552,1.036376953125,0.7523956298828125,-0.4804840087890625
1784547292180103680,12.54535961151123,1.0086669921875,0.8110198974609375,-0.5106201171875
1784547292190023936,12.555279731750488,1.1059417724609375,0.3992156982421875,-0.5417022705078125
1784547292199942912,12.56519865989685,1.3739471435546875,-0.2165069580078125,-0.57501220703125
1784547292209862912,12.575118780136108,1.6151580810546875,-0.6585540771484375,-0.4500885009765625
1784547292219782912,12.585038661956787,1.7930450439453125,-0.676910400390625,-0.1108551025390625
1784547292229701888,12.594957828521729,1.8793182373046875,-0.413787841796875,-0.0238189697265625
1784547292239621888,12.604877710342407,1.796905517578125,-0.1868743896484375,-0.0152435302734375
1784547292249541888,12.614797830581665,1.648773193359375,-0.2133941650390625,-0.0235595703125
1784547292259460864,12.624716758728027,1.57794189453125,-0.3615570068359375,0.0968170166015625
1784547292269380864,12.634636640548706,1.697357177734375,-0.84710693359375,0.0587615966796875
1784547292279300864,12.644556760787964,2.0317230224609375,-1.524139404296875,-0.0322723388671875
1784547292289220864,12.654476642608643,2.2794647216796875,-1.852783203125,0.1062469482421875
1784547292299140096,12.664395809173584,2.2698974609375,-1.969207763671875,0.0366668701171875
1784547292309059840,12.674315690994263,2.0917205810546875,-1.9632720947265625,-0.1613006591796875
1784547292318980096,12.68423581123352,2.109039306640625,-1.9443511962890625,-0.1669464111328125
1784547292328898816,12.694154739379883,2.31524658203125,-2.1199951171875,-0.6775970458984375
1784547292338818816,12.704074621200562,2.4124603271484375,-2.4179229736328125,-1.011199951171875
1784547292348738816,12.71399474143982,2.215545654296875,-2.4666595458984375,-1.368560791015625
1784547292358658816,12.723914623260498,2.0017547607421875,-1.9128570556640625,-1.14117431640625
1784547292368578048,12.73383378982544,1.904266357421875,-1.8155517578125,-1.0428466796875
1784547292378497792,12.743753671646118,2.2656707763671875,-0.9892578125,-0.345733642578125
1784547292388418048,12.753673791885376,2.4551849365234375,-0.658966064453125,-0.5660552978515625
1784547292398336768,12.763592720031738,1.8473358154296875,-0.4455108642578125,-0.375213623046875
1784547292408257024,12.773512840270996,0.9748077392578125,-0.5020751953125,-0.0331573486328125
1784547292418176768,12.783432722091675,-0.0085296630859375,-0.0907440185546875,-0.0975189208984375
1784547292428097024,12.793352842330933,0.0286102294921875,0.132781982421875,-0.0555419921875
1784547292438016000,12.803271770477295,0.4039306640625,0.8311614990234375,-0.163726806640625
1784547292447935744,12.813191652297974,1.1220245361328125,1.120574951171875,-0.2246246337890625
1784547292457856000,12.823111772537231,1.7139739990234375,0.299468994140625,-0.5786895751953125
1784547292467774976,12.833030700683594,2.2589263916015625,0.49017333984375,-0.01959228515625
1784547292477694976,12.842950820922852,2.0570068359375,0.1433868408203125,-0.4310760498046875
1784547292487614976,12.85287070274353,2.5050506591796875,0.03582763671875,-0.548095703125
1784547292497534976,12.862790822982788,2.5828857421875,0.2082672119140625,-0.4445648193359375
1784547292507453952,12.87270975112915,2.5081024169921875,0.1607513427734375,-0.31304931640625
1784547292517373696,12.882629632949829,2.7853546142578125,-0.0723114013671875,-0.798614501953125
1784547292527293952,12.892549753189087,2.50762939453125,-0.498748779296875,-0.682342529296875
1784547292537212928,12.90246868133545,2.6807861328125,-0.6092376708984375,-1.022491455078125
1784547292547132928,12.912388801574707,2.4590301513671875,-0.8290863037109375,-0.2889404296875
1784547292557052928,12.922308683395386,2.75634765625,-0.34771728515625,-0.3145294189453125
1784547292566972928,12.932228803634644,2.602935791015625,0.414886474609375,-0.131927490234375
1784547292576891904,12.942147731781006,2.1858978271484375,-0.230194091796875,0.2363128662109375
1784547292586811904,12.952067613601685,2.0924072265625,-0.4201202392578125,0.0962677001953125
1784547292596731904,12.961987733840942,1.4774627685546875,-0.98016357421875,-0.413909912109375
1784547292606650880,12.971906661987305,1.8821868896484375,-0.94244384765625,0.3541259765625
1784547292616570880,12.981826782226562,2.202880859375,-0.6806793212890625,-0.0825347900390625
1784547292626490880,12.991746664047241,2.042755126953125,-0.4898681640625,-0.176116943359375
1784547292636410112,13.001665830612183,1.8394775390625,-0.3624420166015625,-0.5446319580078125
1784547292646329856,13.011585712432861,1.7365875244140625,-0.4252471923828125,-0.360809326171875
1784547292656250112,13.02150583267212,2.231475830078125,-0.35888671875,-0.596038818359375
1784547292666169856,13.031425714492798,1.8499755859375,-0.6469268798828125,-0.7017669677734375
1784547292676088832,13.04134464263916,1.741058349609375,-0.7219390869140625,-0.6491851806640625
1784547292686008832,13.051264762878418,2.1082763671875,-0.0006103515625,-1.0388031005859375
1784547292695928832,13.061184644699097,2.153961181640625,0.4664764404296875,-1.5931854248046875
1784547292705848064,13.071103811264038,1.8023834228515625,0.6756134033203125,-1.7893218994140625
1784547292715767808,13.081023693084717,2.460357666015625,1.00164794921875,-1.92059326171875
1784547292725688064,13.090943813323975,2.8928985595703125,0.94647216796875,-1.8939208984375
1784547292735607808,13.100863695144653,2.696533203125,0.204925537109375,-2.227783203125
1784547292745526784,13.110782623291016,2.57855224609375,0.2325897216796875,-1.6801910400390625
1784547292755446784,13.120702743530273,2.247406005859375,0.6380615234375,-1.3389434814453125
1784547292765366784,13.130622625350952,1.972259521484375,0.4305419921875,-1.605255126953125
1784547292775285248,13.140541076660156,2.1169281005859375,0.237274169921875,-1.9706573486328125
1784547292785205248,13.150460958480835,2.4185333251953125,0.2401275634765625,-2.04473876953125
1784547292795125248,13.160381078720093,2.6592864990234375,0.1753997802734375,-1.952178955078125
1784547292805045248,13.170300960540771,2.8042449951171875,-0.0129241943359375,-1.7101593017578125
1784547292814964224,13.180220127105713,2.9052276611328125,-0.253021240234375,-1.4304656982421875
1784547292824884224,13.190140008926392,2.9277496337890625,-0.5133819580078125,-0.87933349609375
1784547292834804224,13.20006012916565,2.8359527587890625,-0.85003662109375,-0.26666259765625
1784547292844723200,13.209979057312012,2.6458587646484375,-1.1861724853515625,0.148681640625
1784547292854643200,13.21989893913269,2.394989013671875,-1.4793548583984375,0.3664398193359375
1784547292864563200,13.229819059371948,2.23162841796875,-1.618255615234375,0.3065032958984375
1784547292874483200,13.239738941192627,2.220001220703125,-1.539093017578125,0.333831787109375
1784547292884402176,13.249658107757568,2.2865447998046875,-1.3909912109375,0.69720458984375
1784547292894322176,13.259577989578247,2.4132843017578125,-1.339508056640625,1.10858154296875
1784547292904242176,13.269498109817505,2.510955810546875,-1.301483154296875,1.4609375
1784547292914161152,13.279417037963867,2.407958984375,-1.0672607421875,1.6906890869140625
1784547292924081152,13.289336919784546,2.2361602783203125,-0.8592376708984375,1.694244384765625
1784547292934001152,13.299257040023804,2.1558380126953125,-0.819976806640625,1.5282135009765625
1784547292943921152,13.309176921844482,2.298919677734375,-0.890380859375,1.25848388671875
1784547292953840128,13.319096088409424,2.635955810546875,-0.89593505859375,1.0832672119140625
1784547292963760128,13.329015970230103,2.95953369140625,-0.7362823486328125,1.042572021484375
1784547292973680384,13.33893609046936,3.1668853759765625,-0.4312286376953125,1.015411376953125
1784547292983599104,13.348855018615723,3.2788238525390625,-0.0392913818359375,0.937408447265625
1784547292993519360,13.35877513885498,3.2619171142578125,0.4690399169921875,0.91607666015625
1784547293003439104,13.36869502067566,3.111297607421875,0.9060821533203125,0.8517608642578125
1784547293013358080,13.378613948822021,2.893402099609375,1.1415252685546875,0.7562408447265625
1784547293023278336,13.38853406906128,2.68511962890625,1.325897216796875,0.6944427490234375
1784547293033198080,13.398453950881958,2.508087158203125,1.3594207763671875,0.7010955810546875
1784547293043118336,13.408374071121216,2.3404388427734375,1.154937744140625,0.50067138671875
1784547293053037056,13.418292999267578,2.27679443359375,0.9667205810546875,0.245635986328125
1784547293062957312,13.428213119506836,2.307647705078125,0.973175048828125,0.178741455078125
1784547293072877056,13.438133001327515,2.3054351806640625,1.2465057373046875,0.268096923828125
1784547293082796032,13.448051929473877,2.1731719970703125,1.703582763671875,0.465576171875
1784547293092716288,13.457972049713135,1.8557891845703125,2.2422637939453125,0.4654388427734375
1784547293102636032,13.467891931533813,1.473052978515625,2.806121826171875,0.559234619140625
1784547293112556288,13.477812051773071,1.49609375,3.1737060546875,0.5579071044921875
1784547293122475264,13.487730979919434,1.87725830078125,3.9917755126953125,0.395172119140625
1784547293132395264,13.497651100158691,1.15423583984375,3.8563995361328125,0.168609619140625
1784547293142315264,13.50757098197937,-0.2712860107421875,2.7222900390625,-0.615997314453125
1784547293152233984,13.517489910125732,0.109649658203125,2.7988739013671875,-0.5975341796875
1784547293162154240,13.52741003036499,1.29034423828125,2.2541656494140625,-1.1569366455078125
1784547293172073984,13.537329912185669,1.5039215087890625,1.7060394287109375,-0.3846588134765625
1784547293181994240,13.547250032424927,0.89984130859375,1.0527801513671875,-0.1289825439453125
1784547293191913216,13.557168960571289,1.85687255859375,1.032073974609375,-0.2299346923828125
1784547293201833216,13.567089080810547,0.082244873046875,1.05010986328125,0.192779541015625
1784547293211753216,13.577008962631226,-1.1455535888671875,0.8145751953125,-0.5653228759765625
1784547293221672192,13.586928129196167,-0.5973052978515625,0.8505706787109375,-0.583465576171875
1784547293231592192,13.596848011016846,-0.084686279296875,0.96087646484375,-0.7212677001953125
1784547293241512192,13.606768131256104,0.43365478515625,1.1845245361328125,-0.71417236328125
1784547293251431168,13.616687059402466,0.5858306884765625,1.2700347900390625,-1.025604248046875
1784547293261351168,13.626606941223145,0.3120574951171875,1.265350341796875,-0.765594482421875
1784547293271271168,13.636527061462402,0.3725738525390625,1.40692138671875,-0.744049072265625
1784547293281191168,13.646446943283081,0.5907745361328125,0.958251953125,-1.0449676513671875
1784547293291110400,13.656366109848022,0.554901123046875,0.9398345947265625,-0.5834503173828125
1784547293301030144,13.666285991668701,0.09954833984375,0.3817138671875,-0.8915863037109375
1784547293310950400,13.676206111907959,0.10150146484375,0.1994171142578125,-0.9343109130859375
1784547293320869120,13.686125040054321,0.5166778564453125,0.27880859375,-1.1031341552734375
1784547293330789120,13.696044921875,0.43133544921875,0.626861572265625,-0.9677581787109375
1784547293340709120,13.705965042114258,0.2326812744140625,0.7672119140625,-1.1936798095703125
1784547293350629120,13.715884923934937,0.187896728515625,1.1046600341796875,-0.8470001220703125
1784547293360548352,13.725804090499878,0.093963623046875,0.9549560546875,-0.85137939453125
1784547293370468096,13.735723972320557,0.157623291015625,0.6278228759765625,-0.9105072021484375
1784547293380388352,13.745644092559814,-0.0526885986328125,0.4107208251953125,-0.644317626953125
1784547293390307072,13.755563020706177,-0.0298004150390625,0.109832763671875,-0.8329010009765625
1784547293400227072,13.765482902526855,0.0376739501953125,0.063079833984375,-0.8532562255859375
1784547293410147072,13.775403022766113,0.1719207763671875,0.1434783935546875,-0.760894775390625
1784547293420066048,13.785321950912476,0.290618896484375,0.1585235595703125,-0.836029052734375
1784547293429986304,13.795242071151733,0.3258514404296875,0.1156158447265625,-1.0272369384765625
1784547293439906048,13.805161952972412,0.3313751220703125,0.1445159912109375,-0.938079833984375
1784547293449826304,13.81508207321167,0.1886444091796875,0.0805511474609375,-1.1100311279296875
1784547293459745280,13.825001001358032,0.14569091796875,0.12127685546875,-1.1956939697265625
1784547293469665280,13.83492112159729,0.152130126953125,0.2821502685546875,-1.06170654296875
1784547293479585280,13.844841003417969,0.196533203125,0.36053466796875,-1.0673065185546875
1784547293489504000,13.854759931564331,0.302947998046875,0.3243255615234375,-1.0638885498046875
1784547293499424256,13.864680051803589,0.186981201171875,0.2060089111328125,-1.02325439453125
1784547293509344000,13.874599933624268,0.113250732421875,0.127655029296875,-0.8856201171875
1784547293519264256,13.884520053863525,0.1740875244140625,0.01458740234375,-0.9173583984375
1784547293529183232,13.894438982009888,0.1873931884765625,0.0234832763671875,-0.881622314453125
1784547293539103232,13.904359102249146,0.2002716064453125,0.05853271484375,-0.87872314453125
1784547293549023232,13.914278984069824,0.26434326171875,0.089630126953125,-0.9557647705078125
1784547293558941952,13.924197912216187,0.335845947265625,0.0787353515625,-0.95770263671875
1784547293568862208,13.934118032455444,0.288909912109375,0.0903167724609375,-0.84197998046875
1784547293578782208,13.944037914276123,0.316009521484375,0.0189056396484375,-0.8867340087890625
1784547293588701184,13.953957080841064,0.30853271484375,-0.019012451171875,-0.9146881103515625
1784547293598621184,13.963876962661743,0.22418212890625,-0.011016845703125,-0.827301025390625
1784547293608541184,13.973797082901001,0.2670745849609375,0.017059326171875,-0.7065582275390625
1784547293618461184,13.98371696472168,0.29669189453125,-0.0319671630859375,-0.6640472412109375
1784547293628380416,13.993636131286621,0.3135986328125,-0.058929443359375,-0.6720428466796875
1784547293638300160,14.0035560131073,0.324005126953125,0.0083465576171875,-0.50439453125
1784547293648220416,14.013476133346558,0.3037261962890625,0.0403289794921875,-0.4832305908203125
1784547293658139136,14.02339506149292,0.2841033935546875,0.065093994140625,-0.5050506591796875
1784547293668059136,14.033314943313599,0.2548980712890625,0.1183929443359375,-0.436431884765625
1784547293677979136,14.043235063552856,0.3302154541015625,0.1045989990234375,-0.426544189453125
1784547293687899136,14.053154945373535,0.373992919921875,0.032745361328125,-0.3770904541015625
1784547293697818368,14.063074111938477,0.4954833984375,-0.016815185546875,-0.35699462890625
1784547293707738112,14.072993993759155,0.5477294921875,-0.0691375732421875,-0.4140625
1784547293717658368,14.082914113998413,0.6489715576171875,0.0832061767578125,-0.4320526123046875
1784547293727577088,14.092833042144775,0.7601776123046875,0.294708251953125,-0.36822509765625
1784547293737497088,14.102752923965454,0.8837738037109375,0.40093994140625,-0.2552490234375
1784547293747417088,14.112673044204712,0.984222412109375,0.21099853515625,-0.3907470703125
1784547293757336064,14.122591972351074,1.01446533203125,0.03167724609375,-0.4370574951171875
1784547293767256320,14.132512092590332,1.04193115234375,0.0155029296875,-0.4148101806640625
1784547293777175552,14.142431497573853,1.06951904296875,0.1905517578125,-0.43316650390625
1784547293787095552,14.152351379394531,1.0978851318359375,0.4011077880859375,-0.3490447998046875
1784547293797014784,14.162270545959473,1.159454345703125,0.4667205810546875,-0.34600830078125
1784547293806934528,14.172190427780151,1.1421051025390625,0.3655853271484375,-0.3897705078125
1784547293816854784,14.18211054801941,1.0902252197265625,0.228363037109375,-0.297027587890625
1784547293826773760,14.192029476165771,1.143310546875,0.1118621826171875,-0.2333526611328125
1784547293836693760,14.20194959640503,1.3571929931640625,-0.0203399658203125,-0.252166748046875
1784547293846613760,14.211869478225708,1.6324005126953125,-0.190277099609375,-0.337890625
1784547293856533760,14.221789598464966,1.9205474853515625,-0.1640167236328125,-0.2810516357421875
1784547293866452736,14.231708526611328,1.9589385986328125,-0.167266845703125,-0.2165069580078125
1784547293876372480,14.241628408432007,1.9266510009765625,-0.321563720703125,-0.1627044677734375
1784547293886292736,14.251548528671265,1.7754669189453125,-0.614288330078125,0.0970306396484375
1784547293896211712,14.261467456817627,1.83721923828125,-0.8902130126953125,0.296783447265625
1784547293906131712,14.271387577056885,1.7359466552734375,-1.0986328125,0.3236236572265625
1784547293916051712,14.281307458877563,1.587493896484375,-1.48876953125,0.138885498046875
1784547293925970432,14.291226387023926,1.701324462890625,-2.2176971435546875,-0.1757049560546875
1784547293935890688,14.301146507263184,1.9675445556640625,-2.4409027099609375,-0.2115936279296875
1784547293945810432,14.311066389083862,2.340423583984375,-2.470672607421875,-0.40142822265625
1784547293955730688,14.32098650932312,2.591827392578125,-2.35223388671875,-0.7854766845703125
1784547293965649664,14.330905437469482,2.5398406982421875,-2.0965423583984375,-0.9744720458984375
1784547293975569664,14.34082555770874,2.3989715576171875,-1.746490478515625,-0.9477081298828125
1784547293985489664,14.350745439529419,2.2703857421875,-1.67706298828125,-0.9440765380859375
1784547293995408640,14.360664367675781,1.9308624267578125,-1.6007843017578125,-0.91754150390625
1784547294005328640,14.370584487915039,1.8942718505859375,-1.23968505859375,-0.647064208984375
1784547294015248640,14.380504369735718,1.89337158203125,-0.9398040771484375,-0.28399658203125
1784547294025168640,14.390424489974976,1.77325439453125,-0.4586334228515625,0.1397705078125
1784547294035087616,14.400343418121338,1.2733001708984375,-0.4927825927734375,-0.0324554443359375
1784547294045007616,14.410263538360596,1.2258148193359375,0.0424652099609375,0.241302490234375
1784547294054927616,14.420183420181274,0.786834716796875,-0.1786956787109375,-0.07098388671875
1784547294064846848,14.430102586746216,0.93951416015625,0.29962158203125,0.0101776123046875
1784547294074766592,14.440022468566895,1.0360870361328125,0.9437103271484375,0.15472412109375
1784547294084686848,14.449942588806152,1.3853912353515625,0.8991851806640625,-0.22369384765625
1784547294094605568,14.459861516952515,2.100860595703125,0.6337890625,-0.423126220703125
1784547294104525568,14.469781398773193,2.1234130859375,0.0432891845703125,-0.0933990478515625
1784547294114445568,14.479701519012451,2.5926513671875,-0.5267181396484375,-0.569976806640625
1784547294124365568,14.48962140083313,2.4487762451171875,0.0393218994140625,-0.451507568359375
1784547294134284800,14.499540567398071,2.1254119873046875,-0.284576416015625,-0.2601776123046875
1784547294144204544,14.50946044921875,1.864898681640625,-0.47332763671875,-0.821014404296875
1784547294154124800,14.519380569458008,1.98297119140625,-0.1532745361328125,-0.5510406494140625
1784547294164043776,14.52929949760437,2.17352294921875,0.007415771484375,-0.94952392578125
1784547294173963520,14.539219379425049,2.288787841796875,-0.3126220703125,-0.9161224365234375
1784547294183883776,14.549139499664307,2.50433349609375,-0.8221893310546875,-0.080841064453125
1784547294193803520,14.559059381484985,2.9220428466796875,-0.2047119140625,-0.229705810546875
1784547294203722752,14.568978548049927,2.3282470703125,0.0024871826171875,-0.454559326171875
1784547294213642496,14.578898429870605,1.3813629150390625,-0.149017333984375,-0.36151123046875
1784547294223562752,14.588818550109863,1.1310882568359375,0.0861358642578125,0.28375244140625
1784547294233481728,14.598737478256226,1.6600341796875,0.3723602294921875,-0.0281219482421875
1784547294243401728,14.608657598495483,1.89892578125,-0.077789306640625,-0.1339569091796875
1784547294253321728,14.618577480316162,2.029541015625,-0.459930419921875,-0.4152679443359375
1784547294263241472,14.62849736213684,2.0226898193359375,-0.62872314453125,-0.6162109375
1784547294273160704,14.638416528701782,1.753265380859375,-0.286102294921875,-0.202972412109375
1784547294283080704,14.648336410522461,1.8800201416015625,-0.0273590087890625,-0.1746978759765625
1784547294293000704,14.658256530761719,1.6484375,-0.3662872314453125,-0.1692352294921875
1784547294302919680,14.668175458908081,1.3200531005859375,-0.4570159912109375,-0.024932861328125
1784547294312839680,14.678095579147339,1.529083251953125,-0.206787109375,0.197967529296875
1784547294322759680,14.688015460968018,1.5863800048828125,-0.4029693603515625,-0.088226318359375
1784547294332678656,14.69793438911438,1.4133148193359375,-0.3962554931640625,-0.06427001953125
1784547294342598656,14.707854509353638,1.249755859375,-0.0640869140625,-0.2200469970703125
1784547294352518656,14.717774391174316,1.1175994873046875,0.2597503662109375,-0.63916015625
1784547294362438656,14.727694511413574,1.4798126220703125,1.1112518310546875,-0.8395843505859375
1784547294372357632,14.737613439559937,1.3140411376953125,1.0852813720703125,-1.3076629638671875
1784547294382277632,14.747533559799194,1.7021942138671875,0.9752655029296875,-1.0495147705078125
1784547294392197632,14.757453441619873,2.0418701171875,0.983551025390625,-1.2479400634765625
1784547294402116608,14.767372369766235,1.8736572265625,1.285888671875,-1.3209075927734375
1784547294412036608,14.777292490005493,1.49774169921875,1.06463623046875,-1.449432373046875
1784547294421956608,14.787212371826172,1.312103271484375,0.9834136962890625,-1.2955780029296875
1784547294431876608,14.79713249206543,1.560455322265625,1.1918182373046875,-1.317474365234375
1784547294441795584,14.807051420211792,1.7060089111328125,1.094940185546875,-1.3024444580078125
1784547294451715584,14.81697154045105,1.8257598876953125,0.710357666015625,-1.14654541015625
1784547294461635584,14.826891422271729,1.9829254150390625,0.2655181884765625,-1.089385986328125
1784547294471554816,14.83681058883667,2.117462158203125,0.020721435546875,-1.084991455078125
1784547294481474560,14.846730470657349,2.2223052978515625,-0.076690673828125,-1.0671234130859375
1784547294491394816,14.856650590896606,2.2984161376953125,-0.129119873046875,-0.9893798828125
1784547294501313792,14.866569519042969,2.28955078125,-0.085968017578125,-0.6897430419921875
1784547294511233536,14.876489400863647,2.189544677734375,-0.0989532470703125,-0.542633056640625
1784547294521153792,14.886409521102905,2.1253204345703125,-0.2180328369140625,-0.5276031494140625
1784547294531073536,14.896329402923584,2.155242919921875,-0.3336944580078125,-0.52587890625
1784547294540992768,14.906248569488525,2.2724456787109375,-0.369842529296875,-0.415618896484375
1784547294550912512,14.916168451309204,2.3736724853515625,-0.3637237548828125,-0.2901611328125
1784547294560832768,14.926088571548462,2.4291534423828125,-0.3170013427734375,-0.135711669921875
1784547294570751744,14.936007499694824,2.4761199951171875,-0.2914276123046875,-0.0092315673828125
1784547294580671488,14.945927381515503,2.48516845703125,-0.258758544921875,0.0772552490234375
1784547294590591744,14.95584750175476,2.477508544921875,-0.2958526611328125,0.17193603515625
1784547294600510720,14.965766429901123,2.54669189453125,-0.3856658935546875,0.2704925537109375
1784547294610430720,14.97568655014038,2.6277313232421875,-0.457672119140625,0.4448699951171875
1784547294620350720,14.98560643196106,2.6936187744140625,-0.3674468994140625,0.6468658447265625
1784547294630270720,14.995526552200317,2.70166015625,-0.1258544921875,0.82696533203125
1784547294640189696,15.00544548034668,2.6587371826171875,0.115997314453125,0.9071197509765625
1784547294650109440,15.015365362167358,2.5514984130859375,0.242340087890625,0.9297332763671875
1784547294660029696,15.025285482406616,2.412994384765625,0.278472900390625,0.912811279296875
1784547294669948672,15.035204410552979,2.2798309326171875,0.2848663330078125,0.9217987060546875
1784547294679868672,15.045124530792236,2.1503753662109375,0.272979736328125,0.895355224609375
1784547294689788672,15.055044412612915,2.033172607421875,0.251922607421875,0.8187103271484375
1784547294699708672,15.064964532852173,1.9608917236328125,0.256744384765625,0.7180938720703125
1784547294709627648,15.074883460998535,1.9390106201171875,0.18878173828125,0.6829376220703125
1784547294719547648,15.084803581237793,1.942169189453125,0.056182861328125,0.6227874755859375
1784547294729467648,15.094723463058472,1.996124267578125,0.2322845458984375,0.7262725830078125
1784547294739386624,15.104642391204834,2.063568115234375,0.73126220703125,0.887725830078125
1784547294749306624,15.114562511444092,2.020294189453125,1.2055511474609375,0.8496246337890625
1784547294759226624,15.12448239326477,1.8543243408203125,1.31201171875,0.7784576416015625
1784547294769145600,15.134401559829712,1.6697998046875,1.1854705810546875,0.7156829833984375
1784547294779067392,15.144323348999023,1.5446624755859375,1.4105072021484375,0.6941375732421875
1784547294788987392,15.154243230819702,1.490478515625,1.95404052734375,0.775970458984375
1784547294798907392,15.16416311264038,1.363067626953125,2.6231231689453125,0.6469268798828125
1784547294808826368,15.174082279205322,2.2906341552734375,3.2679901123046875,0.318359375
1784547294818746368,15.184002161026001,2.458740234375,4.9350738525390625,0.5504302978515625
1784547294828666368,15.193922281265259,0.981719970703125,3.5619354248046875,0.1368255615234375
1784547294838585344,15.203841209411621,0.7752685546875,3.605712890625,-0.660980224609375
1784547294848505600,15.213761329650879,0.7757568359375,3.531494140625,-0.345123291015625
1784547294858425344,15.223681211471558,0.5429534912109375,2.90325927734375,-0.4348602294921875
1784547294868345600,15.233601331710815,-0.3371734619140625,2.171539306640625,-0.236358642578125
1784547294878264320,15.243520259857178,-0.7809600830078125,1.6749725341796875,-0.0447235107421875
1784547294888184320,15.253440141677856,-0.484161376953125,1.496337890625,0.180084228515625
1784547294898104320,15.263360261917114,0.30010986328125,1.399169921875,-0.0294342041015625
1784547294908023296,15.273279190063477,0.61199951171875,1.2430267333984375,-0.1361083984375
1784547294917943552,15.283199310302734,0.33843994140625,0.7621917724609375,-0.7670135498046875
1784547294927863296,15.293119192123413,0.10137939453125,0.76190185546875,-0.6660614013671875
1784547294937782272,15.303038120269775,0.144561767578125,1.1194305419921875,-0.7194671630859375
1784547294947702528,15.312958240509033,0.4764862060546875,1.708740234375,-0.8187255859375
1784547294957622272,15.322878122329712,0.47735595703125,1.9642791748046875,-0.9233856201171875
1784547294967542528,15.33279824256897,0.6055908203125,1.7165374755859375,-1.16143798828125
1784547294977461248,15.342717170715332,0.81134033203125,1.2660369873046875,-0.9178619384765625
1784547294987381504,15.35263729095459,0.695770263671875,0.7481536865234375,-0.5836029052734375
1784547294997301248,15.362557172775269,0.3835601806640625,0.3236083984375,-0.538177490234375
1784547295007220480,15.37247633934021,0.4977874755859375,0.0534820556640625,-0.6082305908203125
1784547295017140480,15.382396221160889,0.3555908203125,-0.2360992431640625,-0.8902435302734375
1784547295027060480,15.392316341400146,-0.1169891357421875,-0.0154571533203125,-0.86163330078125
1784547295036980480,15.402236223220825,0.197998046875,0.288055419921875,-0.97796630859375
1784547295046899200,15.412155151367188,0.2848968505859375,0.3419342041015625,-1.04583740234375
1784547295056819456,15.422075271606445,0.246856689453125,0.35968017578125,-1.066680908203125
1784547295066739200,15.431995153427124,0.159393310546875,0.1668243408203125,-0.9283905029296875
1784547295076658432,15.441914319992065,0.02001953125,-0.0391387939453125,-0.889678955078125
1784547295086578432,15.451834201812744,0.0087432861328125,-0.2048797607421875,-0.8683929443359375
1784547295096498432,15.461754322052002,-0.0088043212890625,-0.326690673828125,-1.0731353759765625
1784547295106417408,15.471673250198364,0.083587646484375,-0.164337158203125,-0.9792327880859375
1784547295116337408,15.481593132019043,0.055938720703125,-0.1024932861328125,-1.0975494384765625
1784547295126257408,15.4915132522583,0.0971221923828125,-0.0482177734375,-1.2235107421875
1784547295136177408,15.50143313407898,0.038543701171875,-0.060821533203125,-1.2280120849609375
1784547295146096384,15.511352300643921,-0.0209808349609375,-0.0692901611328125,-1.068389892578125
1784547295156016384,15.5212721824646,-0.051910400390625,-0.127899169921875,-1.0121002197265625
1784547295165936384,15.531192302703857,-0.0412445068359375,-0.21697998046875,-1.093719482421875
1784547295175855360,15.54111123085022,0.0382080078125,-0.1843109130859375,-1.0980682373046875
1784547295185775360,15.551031112670898,0.0771636962890625,-0.16461181640625,-1.038543701171875
1784547295195695360,15.560951232910156,0.0499267578125,-0.2069244384765625,-0.9505767822265625
1784547295205615360,15.570871114730835,-0.0869903564453125,-0.1840667724609375,-0.966644287109375
1784547295215534336,15.580790281295776,-0.029449462890625,-0.1697235107421875,-1.0318145751953125
1784547295225454336,15.590710163116455,0.1862945556640625,-0.2099456787109375,-1.1097259521484375
1784547295235374336,15.600630283355713,0.2813720703125,-0.155487060546875,-1.0704345703125
1784547295245293312,15.610549211502075,0.284942626953125,-0.111968994140625,-1.0698089599609375
1784547295255213568,15.620469331741333,0.1816558837890625,-0.0772552490234375,-1.0180511474609375
1784547295265133312,15.630389213562012,0.1243743896484375,-0.020782470703125,-0.906829833984375
1784547295275052288,15.640308141708374,0.16998291015625,0.0140380859375,-0.8024749755859375
1784547295284972544,15.650228261947632,0.1740264892578125,-0.130523681640625,-0.8430938720703125
1784547295294892288,15.66014814376831,0.1623382568359375,-0.198394775390625,-0.8648529052734375
1784547295304812544,15.670068264007568,0.22113037109375,-0.2819976806640625,-0.798370361328125
1784547295314731264,15.67998719215393,0.20733642578125,-0.167938232421875,-0.67449951171875
1784547295324651520,15.689907312393188,0.2173614501953125,0.0210418701171875,-0.5930938720703125
1784547295334571264,15.699827194213867,0.2487335205078125,0.261810302734375,-0.4013214111328125
1784547295344490240,15.70974612236023,0.255126953125,0.4231414794921875,-0.3276519775390625
1784547295354410496,15.719666242599487,0.334869384765625,0.357147216796875,-0.2039031982421875
1784547295364330240,15.729586124420166,0.3335418701171875,0.1268310546875,-0.0151519775390625
1784547295374249472,15.739505290985107,0.3848724365234375,-0.1794891357421875,0.089141845703125
1784547295384169216,15.749425172805786,0.3745880126953125,-0.3256683349609375,0.2729339599609375
1784547295394089472,15.759345293045044,0.395263671875,-0.3452606201171875,0.25439453125
1784547295404009216,15.769265174865723,0.4593505859375,-0.247528076171875,0.0043792724609375
1784547295413928448,15.779184341430664,0.4984283447265625,0.0848846435546875,-0.2160186767578125
1784547295423848448,15.789104223251343,0.520721435546875,0.474884033203125,-0.3303070068359375
1784547295433768448,15.7990243434906,0.6042633056640625,0.7161407470703125,-0.6852569580078125
1784547295443687424,15.808943271636963,0.702545166015625,0.970947265625,-0.8640899658203125
1784547295453607424,15.818863153457642,0.8201904296875,0.955596923828125,-1.1247711181640625
1784547295463527424,15.8287832736969,0.961669921875,0.9257965087890625,-1.3782958984375
1784547295473447424,15.838703155517578,1.0587310791015625,1.123931884765625,-1.5394744873046875
1784547295483366400,15.84862232208252,1.0518035888671875,1.23333740234375,-1.5983428955078125
1784547295493286400,15.858542203903198,1.15673828125,1.254302978515625,-1.4609832763671875
1784547295503206400,15.868462324142456,1.2042083740234375,0.9770660400390625,-1.40130615234375
1784547295513125376,15.878381252288818,1.2860107421875,0.5953216552734375,-1.2685394287109375
1784547295523045376,15.888301134109497,1.33917236328125,0.2512664794921875,-1.030670166015625
1784547295532965376,15.898221254348755,1.291015625,0.063934326171875,-0.7745361328125
1784547295542884352,15.908140182495117,1.2861175537109375,0.0243682861328125,-0.52001953125
1784547295552804352,15.918060302734375,1.1770782470703125,0.031005859375,-0.4590606689453125
1784547295562724352,15.927980184555054,1.1198577880859375,0.0473480224609375,-0.4459686279296875
1784547295572644352,15.937900304794312,1.28228759765625,0.019287109375,-0.43878173828125
1784547295582563328,15.947819232940674,1.4569549560546875,-0.0897064208984375,-0.32415771484375
1784547295592483328,15.957739114761353,1.6716461181640625,-0.077667236328125,-0.0822601318359375
1784547295602403328,15.96765923500061,1.84295654296875,-0.0416259765625,0.2714080810546875
1784547295612322304,15.977578163146973,1.932098388671875,-0.255767822265625,0.3626251220703125
1784547295622242560,15.98749828338623,1.8842926025390625,-0.435760498046875,0.4381256103515625
1784547295632162304,15.99741816520691,1.827911376953125,-0.894439697265625,0.4098968505859375
1784547295642082560,16.007338285446167,1.8037872314453125,-1.354827880859375,0.411346435546875
1784547295652001280,16.01725721359253,1.8629150390625,-1.45306396484375,0.462677001953125
1784547295661921536,16.027177333831787,1.8469390869140625,-1.79437255859375,0.237030029296875
1784547295671841280,16.037097215652466,1.910614013671875,-2.12823486328125,0.0164947509765625
1784547295681760256,16.047016143798828,1.87701416015625,-2.3901214599609375,-0.4804229736328125
1784547295691680512,16.056936264038086,1.8871917724609375,-2.3446044921875,-0.5858612060546875
1784547295701600256,16.066856145858765,2.2998504638671875,-2.1569366455078125,-0.6419830322265625
1784547295711519488,16.076775312423706,2.728118896484375,-1.9217681884765625,-0.619140625
1784547295721439488,16.086695194244385,2.9522552490234375,-1.8736114501953125,-0.9024810791015625
1784547295731359488,16.096615314483643,2.550537109375,-1.5824737548828125,-0.8951873779296875
1784547295741279488,16.10653519630432,2.1460418701171875,-1.4300689697265625,-0.8181610107421875
1784547295751198208,16.116454124450684,1.4517822265625,-1.2134246826171875,-0.6866607666015625
1784547295761118464,16.12637424468994,1.5304107666015625,-0.9594879150390625,-0.2092132568359375
1784547295771038208,16.13629412651062,1.650787353515625,-0.5441131591796875,-0.20172119140625
1784547295780957184,16.146213054656982,1.4178619384765625,-0.0634002685546875,-0.104888916015625
1784547295790877184,16.15613293647766,0.897979736328125,0.3687591552734375,0.0023040771484375
1784547295800797184,16.16605305671692,0.5271759033203125,0.5963592529296875,0.163177490234375
1784547295810717184,16.175972938537598,-0.03802490234375,0.6299591064453125,0.217803955078125
1784547295820636160,16.18589210510254,0.46649169921875,0.8907012939453125,0.0234527587890625
1784547295830556160,16.195811986923218,1.0186004638671875,1.014190673828125,-0.1689910888671875
1784547295840476160,16.205732107162476,1.23236083984375,0.794189453125,-0.490447998046875
1784547295850395136,16.215651035308838,1.5796356201171875,0.582122802734375,0.0519866943359375
1784547295860315136,16.225570917129517,2.2193450927734375,-0.174591064453125,-0.152618408203125
1784547295870235136,16.235491037368774,3.1831817626953125,-0.4732208251953125,-0.3319549560546875
1784547295880155136,16.245410919189453,2.8006744384765625,-0.3662261962890625,-0.2745208740234375
1784547295890074368,16.255330085754395,2.3737030029296875,0.0583343505859375,-0.42724609375
1784547295899994112,16.265249967575073,1.8870391845703125,0.85894775390625,-0.639190673828125
1784547295909914368,16.27517008781433,2.1762542724609375,0.2428436279296875,-0.9692230224609375
1784547295919833088,16.285089015960693,2.2046661376953125,0.2729034423828125,-0.7168731689453125
1784547295929753344,16.29500913619995,2.2801361083984375,0.19775390625,-0.216644287109375
1784547295939673088,16.30492901802063,2.102569580078125,0.33856201171875,-0.5629425048828125
1784547295949592064,16.314847946166992,2.4296722412109375,0.8094024658203125,-0.044097900390625
1784547295959512320,16.32476806640625,2.13555908203125,0.0454254150390625,-0.6466217041015625
1784547295969432064,16.33468794822693,1.6077728271484375,-0.8183441162109375,0.2954559326171875
1784547295979352320,16.344608068466187,2.29327392578125,-0.4497222900390625,0.2825775146484375
1784547295989271040,16.35452699661255,1.913330078125,-0.1180572509765625,-0.226776123046875
1784547295999191296,16.364447116851807,1.5307769775390625,-0.0576629638671875,-0.7360382080078125
1784547296009111040,16.374366998672485,1.6732025146484375,0.379119873046875,-0.0267333984375
1784547296019030016,16.384285926818848,1.4178466796875,0.2137298583984375,-0.15936279296875
1784547296028950272,16.394206047058105,1.50537109375,0.0751953125,-0.2140045166015625
1784547296038870016,16.404125928878784,1.5953216552734375,0.4915313720703125,0.1649322509765625
1784547296048790272,16.414046049118042,1.7055511474609375,0.430816650390625,0.1529693603515625
1784547296058709248,16.423964977264404,1.4506072998046875,0.4542694091796875,0.3003082275390625
1784547296068629248,16.433885097503662,1.116424560546875,0.2594451904296875,0.175018310546875
1784547296078549248,16.44380497932434,1.1665191650390625,0.2648162841796875,-0.1233978271484375
1784547296088467968,16.453723907470703,1.4820709228515625,0.670806884765625,-0.5157470703125
1784547296098388224,16.46364402770996,1.51995849609375,1.0262603759765625,-0.9106597900390625
1784547296108307968,16.47356390953064,2.2099761962890625,1.0131378173828125,-1.3257598876953125
1784547296118228224,16.483484029769897,2.5753936767578125,0.7299041748046875,-1.05523681640625
1784547296128147200,16.49340295791626,2.180450439453125,0.85809326171875,-1.1321563720703125
1784547296138067200,16.503323078155518,2.0074615478515625,1.3270111083984375,-1.4951019287109375
1784547296147987200,16.513242959976196,1.3880767822265625,1.7954254150390625,-1.2748870849609375
1784547296157906176,16.523162126541138,1.4715728759765625,1.975311279296875,-1.15692138671875
1784547296167826176,16.533082008361816,1.7258148193359375,1.7761688232421875,-1.06024169921875
1784547296177746176,16.543002128601074,2.0570220947265625,1.3372802734375,-1.001678466796875
1784547296187665152,16.552921056747437,2.2934722900390625,0.921600341796875,-0.8728485107421875
1784547296197585152,16.562840938568115,2.4785614013671875,0.4716339111328125,-0.9115142822265625
1784547296207505152,16.572761058807373,2.541259765625,0.2077789306640625,-0.9333953857421875
1784547296217425152,16.58268094062805,2.507965087890625,0.198822021484375,-0.8880462646484375
1784547296227344384,16.592600107192993,2.37030029296875,0.2091064453125,-0.796051025390625
1784547296237264128,16.602519989013672,2.3132781982421875,0.0746002197265625,-0.7985382080078125
1784547296247184384,16.61244010925293,2.4086761474609375,-0.120758056640625,-0.669921875
1784547296257103104,16.622359037399292,2.569244384765625,-0.3709869384765625,-0.441375732421875
1784547296267023104,16.63227891921997,2.7019500732421875,-0.5933990478515625,-0.094085693359375
1784547296276943104,16.64219903945923,2.7320709228515625,-0.6468658447265625,0.2390899658203125
1784547296286862080,16.65211796760559,2.6530609130859375,-0.58868408203125,0.3797760009765625
1784547296296782336,16.66203808784485,2.5911102294921875,-0.5521697998046875,0.4273223876953125
1784547296306702080,16.671957969665527,2.5197906494140625,-0.4378662109375,0.474090576171875
1784547296316622336,16.681878089904785,2.452606201171875,-0.326324462890625,0.4950408935546875
1784547296326541312,16.691797018051147,2.382476806640625,-0.2817230224609375,0.513031005859375
1784547296336461312,16.701717138290405,2.333831787109375,-0.2537078857421875,0.4788360595703125
1784547296346381312,16.711637020111084,2.392333984375,-0.2608489990234375,0.5284271240234375
1784547296356300032,16.721555948257446,2.503082275390625,-0.2426605224609375,0.6437835693359375
1784547296366220288,16.731476068496704,2.599456787109375,-0.1830596923828125,0.79290771484375
1784547296376140032,16.741395950317383,2.682952880859375,-0.079803466796875,0.9742431640625
1784547296386060288,16.75131607055664,2.7225799560546875,0.0576934814453125,1.096923828125
1784547296395979264,16.761234998703003,2.59503173828125,0.1967620849609375,1.157196044921875
1784547296405899264,16.77115511894226,2.359100341796875,0.3175201416015625,1.080902099609375
1784547296415819264,16.78107500076294,2.1523590087890625,0.3809356689453125,0.8402099609375
1784547296425737984,16.7909939289093,2.067535400390625,0.409820556640625,0.653900146484375
1784547296435658240,16.80091404914856,2.1247100830078125,0.4288177490234375,0.570465087890625
1784547296445577984,16.81083393096924,2.22235107421875,0.4376983642578125,0.58489990234375
1784547296455498240,16.820754051208496,2.2823333740234375,0.4959259033203125,0.6780853271484375
1784547296465417216,16.83067297935486,2.2503204345703125,0.7288665771484375,0.8039703369140625
1784547296475337216,16.840593099594116,2.062744140625,1.000152587890625,0.879180908203125
1784547296485257216,16.850512981414795,1.813385009765625,1.073333740234375,0.7757568359375
1784547296495176192,16.860431909561157,1.61383056640625,1.028594970703125,0.714569091796875
1784547296505096192,16.870352029800415,1.4589385986328125,1.017791748046875,0.738311767578125
1784547296515016192,16.880271911621094,1.4322357177734375,1.10235595703125,0.7852783203125
1784547296524935168,16.890191078186035,1.558868408203125,1.4805755615234375,0.79705810546875
1784547296534855168,16.900110960006714,1.6345062255859375,2.2959442138671875,0.846160888671875
1784547296544775168,16.91003108024597,3.09710693359375,3.4412689208984375,0.141021728515625
1784547296554695168,16.91995096206665,2.8342437744140625,5.76422119140625,0.9859771728515625
1784547296564614400,16.929870128631592,0.596466064453125,3.9409332275390625,-0.2538909912109375
1784547296574534144,16.93979001045227,0.4053192138671875,4.3865814208984375,-0.88031005859375
1784547296584454400,16.94971013069153,-0.08050537109375,2.9610748291015625,-0.8184051513671875
1784547296594373120,16.95962905883789,-0.46343994140625,1.7471160888671875,-0.9346923828125
1784547296604293120,16.96954894065857,-0.15081787109375,1.3283538818359375,-0.5093994140625
1784547296614213120,16.979469060897827,0.464080810546875,1.2424163818359375,0.430023193359375
1784547296624133120,16.989388942718506,0.860321044921875,1.1747283935546875,0.1392364501953125
1784547296634052352,16.999308109283447,0.3991851806640625,1.630615234375,-0.4535369873046875
1784547296643972096,17.009227991104126,0.46923828125,1.6713104248046875,-0.7266693115234375
1784547296653892352,17.019148111343384,0.2867279052734375,1.62994384765625,-0.9319305419921875
1784547296663811328,17.029067039489746,0.503936767578125,1.4441375732421875,-0.92108154296875
1784547296673731072,17.038986921310425,0.6383209228515625,1.533111572265625,-0.588226318359375
1784547296683651328,17.048907041549683,0.6679840087890625,1.30657958984375,-0.5663299560546875
1784547296693570048,17.058825969696045,1.0069580078125,1.2333221435546875,-0.638336181640625
1784547296703490304,17.068746089935303,0.861602783203125,0.9658050537109375,-0.3650360107421875
1784547296713410048,17.07866597175598,0.5202789306640625,0.6824188232421875,-0.367889404296875
1784547296723330304,17.08858609199524,0.3340911865234375,0.4696807861328125,-0.2048492431640625
1784547296733249280,17.0985050201416,0.093841552734375,0.123565673828125,-0.522674560546875
1784547296743169280,17.10842514038086,0.197662353515625,0.126495361328125,-0.790374755859375
1784547296753089280,17.118345022201538,0.496063232421875,0.3680419921875,-0.917633056640625
1784547296763008000,17.1282639503479,0.425506591796875,0.4693756103515625,-0.935882568359375
1784547296772928256,17.138184070587158,0.3460235595703125,0.627288818359375,-1.06182861328125
1784547296782845952,17.148101806640625,0.3501434326171875,0.5987091064453125,-1.3568267822265625
1784547296792765952,17.158021688461304,0.256591796875,0.8163299560546875,-0.947235107421875
1784547296802684928,17.167940855026245,0.0323944091796875,0.6805877685546875,-0.9170074462890625
1784547296812604928,17.177860736846924,0.0340423583984375,0.4565582275390625,-0.978759765625
1784547296822524928,17.18778085708618,0.0401763916015625,0.3000946044921875,-1.0479278564453125
1784547296832443904,17.197699785232544,0.0740509033203125,0.3345794677734375,-1.099761962890625
1784547296842363904,17.207619667053223,0.1237640380859375,0.5080108642578125,-0.920166015625
1784547296852283904,17.21753978729248,0.30291748046875,0.6606903076171875,-1.10113525390625
1784547296862202880,17.227458715438843,0.4271697998046875,0.6837615966796875,-1.207489013671875
1784547296872122880,17.2373788356781,0.406219482421875,0.62921142578125,-1.2116546630859375
1784547296882042880,17.24729871749878,0.389801025390625,0.5716094970703125,-1.0937652587890625
1784547296891962880,17.257218837738037,0.3104400634765625,0.3325347900390625,-1.1448974609375
1784547296901881856,17.2671377658844,0.1554718017578125,0.2521514892578125,-0.9741973876953125
1784547296911802112,17.277057886123657,0.0330352783203125,0.140625,-0.93414306640625
1784547296921721856,17.286977767944336,0.076904296875,0.063690185546875,-0.9695587158203125
1784547296931640832,17.2968966960907,0.131744384765625,0.134124755859375,-0.9150390625
1784547296941561088,17.306816816329956,0.171478271484375,0.1803131103515625,-0.8767242431640625
1784547296951480832,17.316736698150635,0.2781524658203125,0.230865478515625,-0.944732666015625
1784547296961401088,17.326656818389893,0.3152923583984375,0.2912750244140625,-0.813568115234375
1784547296971319808,17.336575746536255,0.20538330078125,0.2058258056640625,-0.8186798095703125
1784547296981240064,17.346495866775513,0.0925445556640625,0.1483001708984375,-0.7288360595703125
1784547296991159808,17.35641574859619,0.0422210693359375,0.055450439453125,-0.63812255859375
1784547297001078784,17.366334676742554,0.170501708984375,-0.0881805419921875,-0.6523590087890625
1784547297010999040,17.37625479698181,0.2419586181640625,-0.19659423828125,-0.6622161865234375
1784547297020918784,17.38617467880249,0.3070068359375,-0.2053680419921875,-0.605682373046875
1784547297030838016,17.39609384536743,0.389190673828125,-0.196197509765625,-0.590484619140625
1784547297040758016,17.40601372718811,0.391815185546875,-0.0958404541015625,-0.5326080322265625
1784547297050678016,17.415933847427368,0.420501708984375,0.0200958251953125,-0.5784149169921875
1784547297060598016,17.425853729248047,0.386138916015625,0.1575164794921875,-0.5150909423828125
1784547297070516736,17.43577265739441,0.3683624267578125,0.2362823486328125,-0.457733154296875
1784547297080436992,17.445692777633667,0.42840576171875,0.10601806640625,-0.59521484375
1784547297090356736,17.455612659454346,0.4010467529296875,-0.0663604736328125,-0.577667236328125
1784547297100275968,17.465531826019287,0.35064697265625,-0.1162261962890625,-0.365875244140625
1784547297110195968,17.475451707839966,0.3985443115234375,-0.1828460693359375,-0.4906005859375
1784547297120115968,17.485371828079224,0.4623565673828125,-0.1801300048828125,-0.615264892578125
1784547297130034944,17.495290756225586,0.56597900390625,0.027618408203125,-0.703521728515625
1784547297139954944,17.505210876464844,0.79315185546875,0.31732177734375,-0.84832763671875
1784547297149874944,17.515130758285522,0.9019317626953125,0.54681396484375,-0.9333648681640625
1784547297159794944,17.52505087852478,0.91058349609375,0.718048095703125,-0.925750732421875
1784547297169713920,17.534969806671143,0.888275146484375,0.7032623291015625,-0.8718719482421875
1784547297179633920,17.54488968849182,0.7746124267578125,0.5450897216796875,-0.7801666259765625
1784547297189553920,17.55480980873108,0.701446533203125,0.3703460693359375,-0.747650146484375
1784547297199472896,17.56472873687744,0.7615509033203125,0.257537841796875,-0.7615814208984375
1784547297209393152,17.5746488571167,0.9167938232421875,0.26019287109375,-0.8282623291015625
1784547297219312896,17.584568738937378,1.0889892578125,0.430419921875,-0.7611236572265625
1784547297229233152,17.594488859176636,1.2071380615234375,0.6026763916015625,-0.6946868896484375
1784547297239151872,17.604407787322998,1.241119384765625,0.7046966552734375,-0.73443603515625
1784547297249071872,17.614327669143677,1.2574920654296875,0.7135162353515625,-0.6982574462890625
1784547297258991872,17.624247789382935,1.250640869140625,0.6874542236328125,-0.622283935546875
1784547297268910848,17.634166717529297,1.2494354248046875,0.5980682373046875,-0.4556732177734375
1784547297278831104,17.644086837768555,1.3193817138671875,0.3627777099609375,-0.1948089599609375
1784547297288750848,17.654006719589233,1.4508209228515625,0.091888427734375,-0.066497802734375
1784547297298670080,17.663925886154175,1.5871124267578125,-0.235687255859375,0.1542510986328125
1784547297308589824,17.673845767974854,1.7435150146484375,-0.5413970947265625,0.3622894287109375
1784547297318510080,17.68376588821411,2.0160980224609375,-0.8827667236328125,0.3719024658203125
1784547297328429824,17.69368577003479,2.1107635498046875,-1.104400634765625,0.3258209228515625
1784547297338348800,17.703604698181152,1.97174072265625,-1.0268096923828125,0.3989410400390625
1784547297348269056,17.71352481842041,1.9041595458984375,-1.052642822265625,0.4337615966796875
1784547297358188800,17.72344470024109,2.041168212890625,-1.17315673828125,0.365570068359375
1784547297368108032,17.73336386680603,2.26031494140625,-1.4557952880859375,0.272491455078125
1784547297378028032,17.74328374862671,2.214202880859375,-1.6641082763671875,0.1156768798828125
1784547297387948032,17.753203868865967,2.1143798828125,-1.87872314453125,-0.062713623046875
1784547297397868032,17.763123750686646,2.4424591064453125,-2.3395233154296875,-0.3903656005859375
1784547297407786752,17.773042678833008,2.5162353515625,-2.480712890625,-0.743408203125
1784547297417707008,17.782962799072266,2.6879119873046875,-2.1038055419921875,-0.81463623046875
1784547297427626752,17.792882680892944,2.609130859375,-2.0005950927734375,-1.1156158447265625
1784547297437545984,17.802801847457886,2.387054443359375,-1.985107421875,-1.083953857421875
1784547297447465984,17.812721729278564,1.98974609375,-1.133331298828125,-0.7248992919921875
1784547297457385984,17.822641849517822,1.6136016845703125,-1.0864105224609375,-0.77197265625
1784547297467304960,17.832560777664185,1.243865966796875,-0.1221160888671875,-0.5169219970703125
1784547297477224704,17.842480659484863,0.6786346435546875,0.3128814697265625,-0.6826171875
1784547297487144960,17.85240077972412,0.4704437255859375,0.6401519775390625,-0.1723480224609375
1784547297497064704,17.8623206615448,1.08294677734375,0.643218994140625,-0.4329833984375
1784547297506983936,17.87223982810974,-0.1220550537109375,0.616607666015625,0.39337158203125
1784547297516903936,17.88215970993042,1.5717620849609375,0.036834716796875,-0.4631500244140625
1784547297526823936,17.892079830169678,1.3375244140625,0.43902587890625,-0.02484130859375
1784547297536742912,17.90199875831604,2.081695556640625,1.2739105224609375,-0.274139404296875
1784547297546663168,17.911918878555298,2.3455963134765625,0.7394561767578125,-0.6828765869140625
1784547297556582912,17.921838760375977,2.088653564453125,0.9720611572265625,-0.017364501953125
1784547297566503168,17.931758880615234,2.233642578125,0.667724609375,-0.3385772705078125
1784547297576421888,17.941677808761597,2.484649658203125,0.1209716796875,-0.9121856689453125
1784547297586341888,17.951597690582275,2.4911651611328125,-0.024627685546875,-0.4160308837890625
1784547297596261888,17.961517810821533,2.7432098388671875,-0.1076812744140625,-0.726654052734375
1784547297606180864,17.971436738967896,2.152587890625,-0.2648468017578125,-1.1859283447265625
1784547297616101120,17.981356859207153,2.3416748046875,-0.0196533203125,-0.4874420166015625
1784547297626020864,17.991276741027832,2.3202056884765625,-0.0640106201171875,-0.8108673095703125
1784547297635941120,18.00119686126709,2.0735015869140625,0.0321197509765625,-0.209625244140625
1784547297645859840,18.011115789413452,2.2487640380859375,-0.1407318115234375,-0.187164306640625
1784547297655779840,18.02103567123413,2.482025146484375,-0.06707763671875,0.2052001953125
1784547297665699840,18.03095579147339,2.237640380859375,-0.337860107421875,-0.24322509765625
1784547297675618816,18.04087471961975,2.077423095703125,-0.339599609375,0.4073944091796875
1784547297685539072,18.05079483985901,1.96563720703125,-0.1602020263671875,0.297271728515625
1784547297695458816,18.060714721679688,2.0417938232421875,-0.37841796875,0.1182861328125
1784547297705378048,18.07063388824463,2.06842041015625,-0.6063385009765625,0.0572662353515625
1784547297715298048,18.080553770065308,2.14202880859375,-0.79595947265625,-0.241424560546875
1784547297725218048,18.090473890304565,2.1058349609375,-0.48858642578125,-0.4514923095703125
1784547297735138048,18.100393772125244,2.1316680908203125,0.07183837890625,-0.665008544921875
1784547297745056768,18.110312700271606,2.2230987548828125,0.346343994140625,-0.9078826904296875
1784547297754977024,18.120232820510864,2.1724700927734375,0.6721038818359375,-1.1732025146484375
1784547297764896768,18.130152702331543,1.7042236328125,0.95758056640625,-1.504730224609375
1784547297774816000,18.140071868896484,1.897125244140625,0.83349609375,-1.5229644775390625
1784547297784738304,18.149994134902954,2.582061767578125,1.240447998046875,-1.4513702392578125
1784547297794658304,18.159914016723633,2.5167083740234375,1.6372528076171875,-1.72125244140625
1784547297804578304,18.16983413696289,2.307373046875,0.8904571533203125,-1.8691253662109375
1784547297814497280,18.179753065109253,2.2945709228515625,0.31451416015625,-1.52923583984375
1784547297824417024,18.18967294692993,2.7025604248046875,0.6323089599609375,-1.136932373046875
1784547297834337280,18.19959306716919,2.458587646484375,0.870513916015625,-1.1515350341796875
1784547297844256256,18.20951199531555,2.315216064453125,1.0609130859375,-1.216705322265625
1784547297854176256,18.21943211555481,2.2732696533203125,1.0052337646484375,-1.2807464599609375
1784547297864096256,18.22935199737549,2.2668914794921875,0.5554962158203125,-1.1857452392578125
1784547297874016256,18.239272117614746,2.4692535400390625,-0.2566986083984375,-1.0205078125
1784547297883935232,18.24919104576111,2.683013916015625,-1.0348968505859375,-0.715911865234375
1784547297893854976,18.259110927581787,2.68951416015625,-1.62591552734375,-0.5223388671875
1784547297903775232,18.269031047821045,2.5991668701171875,-1.660552978515625,-0.3719482421875
1784547297913694208,18.278949975967407,2.409912109375,-1.214141845703125,-0.1519317626953125
1784547297923614208,18.288870096206665,2.2341766357421875,-1.02044677734375,-0.0402984619140625
1784547297933534208,18.298789978027344,2.1587982177734375,-1.0604248046875,0.1861572265625
1784547297943453184,18.308708906173706,2.1349029541015625,-1.115997314453125,0.407470703125
1784547297953373184,18.318629026412964,2.137176513671875,-1.1179656982421875,0.455474853515625
1784547297963293184,18.328548908233643,2.08953857421875,-1.0858306884765625,0.56280517578125
1784547297973212160,18.338468074798584,2.0244903564453125,-0.9717864990234375,0.6337127685546875
1784547297983132160,18.348387956619263,1.993865966796875,-0.75250244140625,0.641265869140625
1784547297993052160,18.35830807685852,2.0460968017578125,-0.6573944091796875,0.7016754150390625
1784547298002972160,18.3682279586792,2.1998443603515625,-0.707305908203125,0.8792724609375
1784547298012891392,18.37814712524414,2.3204803466796875,-0.663909912109375,1.1143035888671875
1784547298022811136,18.38806700706482,2.427093505859375,-0.5773162841796875,1.174560546875
1784547298032731392,18.397987127304077,2.4587860107421875,-0.433319091796875,1.2608489990234375
1784547298042650112,18.40790605545044,2.3778839111328125,-0.314178466796875,1.1575164794921875
1784547298052570112,18.417825937271118,2.2505035400390625,-0.216400146484375,0.984832763671875
1784547298062490112,18.427746057510376,2.2441253662109375,-0.101837158203125,0.886474609375
1784547298072410112,18.437665939331055,2.2910003662109375,0.0203704833984375,0.961944580078125
1784547298082329344,18.447585105895996,2.3396148681640625,0.1047821044921875,1.0329742431640625
1784547298092249088,18.457504987716675,2.3731231689453125,0.20147705078125,1.0740203857421875
1784547298102169344,18.467425107955933,2.3781280517578125,0.44525146484375,1.0606842041015625
1784547298112088320,18.477344036102295,2.346893310546875,0.9384765625,1.0309295654296875
1784547298122008064,18.487263917922974,2.1884765625,1.3021087646484375,0.9121246337890625
1784547298131928320,18.49718403816223,1.9132537841796875,1.2398834228515625,0.820648193359375
1784547298141848064,18.50710391998291,1.82244873046875,1.1290435791015625,0.7834014892578125
1784547298151767296,18.51702308654785,1.8607177734375,1.230926513671875,0.885833740234375
1784547298161687040,18.52694296836853,1.9732666015625,1.2316131591796875,0.9442291259765625
1784547298171607296,18.536863088607788,1.987579345703125,1.2952423095703125,0.935302734375
1784547298181526272,18.54678201675415,1.837005615234375,1.2955322265625,0.7523956298828125
1784547298191446272,18.556702136993408,2.206512451171875,2.185821533203125,-0.098236083984375
1784547298201366272,18.566622018814087,3.9748992919921875,3.51104736328125,-0.734405517578125
1784547298211284992,18.57654094696045,1.5266876220703125,3.0062408447265625,-1.2788848876953125
1784547298221205248,18.586461067199707,0.633056640625,2.3311920166015625,-1.4663543701171875
1784547298231124992,18.596380949020386,1.9506988525390625,3.195709228515625,-1.1969757080078125
1784547298241045248,18.606301069259644,2.5433502197265625,1.8148193359375,-0.662445068359375
1784547298250964224,18.616219997406006,1.8868560791015625,0.5087890625,0.015411376953125
1784547298260884224,18.626140117645264,1.463409423828125,0.092498779296875,-0.114227294921875
1784547298270804224,18.636059999465942,1.41107177734375,-0.34649658203125,0.1298980712890625
1784547298280723200,18.645978927612305,1.4100799560546875,-0.4319915771484375,0.8367156982421875
1784547298290643200,18.655899047851562,-0.150115966796875,-0.039276123046875,-0.27880859375
1784547298300563200,18.66581892967224,-0.332916259765625,-0.1259918212890625,0.414337158203125
1784547298310483200,18.6757390499115,0.620941162109375,-0.3451080322265625,0.6304931640625
1784547298320402176,18.68565797805786,1.634552001953125,-0.660125732421875,0.293731689453125
1784547298330322176,18.69557809829712,1.4160003662109375,-0.6337127685546875,0.5832061767578125
1784547298340242176,18.705497980117798,1.403533935546875,-1.1635894775390625,0.1743011474609375
1784547298350161152,18.71541690826416,1.710357666015625,-1.1160430908203125,0.4530792236328125
1784547298360081152,18.725337028503418,1.8963775634765625,-0.7862701416015625,0.455078125
1784547298370001152,18.735256910324097,2.1250762939453125,-1.3588104248046875,0.2152557373046875
1784547298379920128,18.745176076889038,2.07403564453125,-1.276641845703125,0.541839599609375
1784547298389840128,18.755095958709717,2.125,-1.1833038330078125,0.221710205078125
1784547298399760128,18.765016078948975,2.1175537109375,-1.110443115234375,0.450592041015625
1784547298409680128,18.774935960769653,2.31304931640625,-1.3172607421875,0.7780609130859375
1784547298419599360,18.784855127334595,2.5606231689453125,-1.7510833740234375,0.38531494140625
1784547298429519104,18.794775009155273,2.4556732177734375,-1.9691314697265625,0.1671905517578125
1784547298439439360,18.80469512939453,2.3762664794921875,-1.98309326171875,0.3834381103515625
1784547298449358336,18.814614057540894,2.4109954833984375,-1.7075958251953125,0.435028076171875
1784547298459278080,18.824533939361572,2.174896240234375,-1.4144134521484375,0.5306243896484375
1784547298469198336,18.83445405960083,1.788360595703125,-1.2136077880859375,0.666412353515625
1784547298479118080,18.84437394142151,1.759368896484375,-1.5962066650390625,0.5126495361328125
1784547298489037312,18.85429310798645,1.8178558349609375,-2.1045074462890625,0.2171173095703125
1784547298498957056,18.86421298980713,1.806121826171875,-2.1764373779296875,0.356689453125
1784547298508877312,18.874133110046387,1.742767333984375,-1.79278564453125,0.6056365966796875
1784547298518796288,18.88405203819275,1.7302703857421875,-1.602294921875,0.46209716796875
1784547298528716032,18.893971920013428,1.6595001220703125,-1.5411224365234375,0.1988372802734375
1784547298538636288,18.903892040252686,1.69549560546875,-1.4845428466796875,0.106658935546875
1784547298548555008,18.913810968399048,1.7108612060546875,-1.5844573974609375,0.09136962890625
1784547298558475264,18.923731088638306,1.62432861328125,-1.6608734130859375,0.3032379150390625
1784547298568395264,18.933650970458984,1.4670562744140625,-1.534515380859375,0.32891845703125
1784547298578315264,18.943571090698242,1.1309814453125,-1.197479248046875,0.248382568359375
1784547298588234240,18.953490018844604,1.002166748046875,-0.684173583984375,0.28857421875
1784547298598154240,18.963410139083862,1.06524658203125,-0.0695037841796875,0.2289581298828125
1784547298608074240,18.97333002090454,0.9573822021484375,0.1721343994140625,0.157928466796875
1784547298617993216,18.983248949050903,0.8365631103515625,0.1063385009765625,0.1549530029296875
1784547298627913216,18.99316906929016,0.7919464111328125,-0.060089111328125,0.2073211669921875
1784547298637833216,19.00308895111084,0.9366912841796875,-0.280029296875,0.248870849609375
1784547298647753216,19.013009071350098,1.5142364501953125,-0.2901611328125,0.5193328857421875
1784547298657672192,19.02292799949646,2.094940185546875,-0.501495361328125,0.3171844482421875
1784547298667592192,19.032848119735718,2.114013671875,-0.8102569580078125,-0.36248779296875
1784547298677512192,19.042768001556396,2.2070465087890625,-0.5730133056640625,-0.1552581787109375
1784547298687431168,19.05268692970276,2.021820068359375,-0.375732421875,-0.2577972412109375
1784547298697351168,19.062607049942017,2.1696014404296875,-0.226043701171875,-0.11297607421875
1784547298707271168,19.072526931762695,2.533233642578125,-0.550201416015625,-0.1085662841796875
1784547298717191168,19.082447052001953,2.3268280029296875,-0.7818450927734375,0.0159149169921875
1784547298727110144,19.092365980148315,1.6454620361328125,-0.68359375,0.13037109375
1784547298737030144,19.102286100387573,1.070404052734375,-0.466766357421875,0.1661834716796875
1784547298746950144,19.112205982208252,1.0111083984375,-0.282257080078125,0.3226318359375
1784547298756869120,19.122124910354614,1.334991455078125,-0.4667205810546875,0.41705322265625
1784547298766789120,19.132045030593872,1.5527496337890625,-0.6653594970703125,0.655242919921875
1784547298776709120,19.14196491241455,1.57049560546875,-0.5705413818359375,0.6637115478515625
1784547298786627840,19.151883602142334,1.108612060546875,-0.409210205078125,0.73004150390625
1784547298796547840,19.161803722381592,0.724212646484375,-0.3692626953125,0.3628082275390625
1784547298806467840,19.17172360420227,0.8782196044921875,-0.1005096435546875,0.60528564453125
1784547298816387584,19.18164348602295,0.7887115478515625,-0.104461669921875,0.631378173828125
1784547298826306816,19.19156265258789,0.805694580078125,-0.0885009765625,0.61480712890625
1784547298836226816,19.20148253440857,0.7186737060546875,-0.1213226318359375,0.742584228515625
1784547298846146816,19.211402654647827,0.620635986328125,-0.08734130859375,0.7884979248046875
1784547298856065792,19.22132158279419,0.49505615234375,-0.0023956298828125,0.7213592529296875
1784547298865985792,19.231241703033447,0.413665771484375,0.0841827392578125,0.5970611572265625
1784547298875905792,19.241161584854126,0.4476165771484375,0.115966796875,0.4839324951171875
1784547298885825792,19.251081705093384,0.471221923828125,0.12109375,0.3425445556640625
1784547298895744768,19.261000633239746,0.4225921630859375,0.1686553955078125,0.245147705078125
1784547298905664768,19.270920515060425,0.3431243896484375,0.1784515380859375,0.232879638671875
1784547298915584768,19.280840635299683,0.213653564453125,0.159637451171875,0.1604156494140625
1784547298925503744,19.290759563446045,0.103790283203125,0.2457733154296875,0.2022247314453125
1784547298935423744,19.300679683685303,0.0564422607421875,0.3526458740234375,0.21295166015625
1784547298945343744,19.31059956550598,0.00299072265625,0.4979705810546875,0.23236083984375
1784547298955262720,19.320518493652344,-0.00537109375,0.602813720703125,0.2571563720703125
1784547298965182720,19.3304386138916,0.0020751953125,0.643218994140625,0.2937469482421875
1784547298975102720,19.34035849571228,-0.098052978515625,0.6653900146484375,0.4305877685546875
1784547298985022720,19.350278615951538,-0.230865478515625,0.6766357421875,0.4252471923828125
1784547298994941696,19.3601975440979,-0.3354339599609375,0.745635986328125,0.409637451171875
1784547299004861952,19.370117664337158,-0.3950958251953125,0.8435821533203125,0.39764404296875
1784547299014781696,19.380037546157837,-0.41485595703125,0.8455810546875,0.25164794921875
1784547299024700928,19.38995671272278,-0.4585418701171875,0.6969757080078125,0.099853515625
1784547299034620672,19.399876594543457,-0.5335540771484375,0.4810333251953125,0.0376739501953125
1784547299044540928,19.409796714782715,-0.713592529296875,0.3304443359375,-0.005218505859375
1784547299054460672,19.419716596603394,-0.972381591796875,0.30731201171875,-0.0811920166015625
1784547299064379648,19.429635524749756,-1.1367645263671875,0.3987579345703125,-0.09625244140625
1784547299074299904,19.439555644989014,-1.196685791015625,0.46490478515625,-0.1826019287109375
1784547299084219648,19.449475526809692,-1.196990966796875,0.54449462890625,-0.25750732421875
1784547299094138880,19.459394693374634,-1.17071533203125,0.5779876708984375,-0.3088226318359375
1784547299104058624,19.469314575195312,-1.1456146240234375,0.5441741943359375,-0.2689666748046875
1784547299113978880,19.47923469543457,-1.0876312255859375,0.44940185546875,-0.189971923828125
1784547299123898624,19.48915457725525,-1.0343780517578125,0.398834228515625,-0.0689697265625
1784547299133817600,19.49907350540161,-1.0013427734375,0.262786865234375,-0.0240631103515625
1784547299143737856,19.50899362564087,-0.9520721435546875,0.17181396484375,-0.035003662109375
1784547299153657600,19.518913507461548,-0.8907318115234375,0.2782135009765625,0.0008087158203125
1784547299163576832,19.52883267402649,-0.6916961669921875,0.352081298828125,-0.0213470458984375
1784547299173496832,19.538752555847168,-0.5015716552734375,0.3372955322265625,-0.17822265625
1784547299183416832,19.548672676086426,-0.3648681640625,0.3267059326171875,-0.3167724609375
1784547299193335808,19.558591604232788,-0.40313720703125,0.4321136474609375,-0.4016571044921875
1784547299203255552,19.568511486053467,-0.4288482666015625,0.457550048828125,-0.4790191650390625
1784547299213175808,19.578431606292725,-0.229461669921875,0.4068603515625,-0.434600830078125
1784547299223095552,19.588351488113403,-0.0637664794921875,0.3736572265625,-0.499237060546875
1784547299233014784,19.598270654678345,-0.036529541015625,0.4585113525390625,-0.6337738037109375
1784547299242934784,19.608190536499023,0.1132354736328125,0.67486572265625,-0.633880615234375
1784547299252854784,19.61811065673828,0.2427825927734375,0.67315673828125,-0.645721435546875
1784547299262773760,19.628029584884644,0.32940673828125,0.419647216796875,-0.834747314453125
1784547299272693760,19.6379497051239,0.4393157958984375,0.43157958984375,-0.7119140625
1784547299282613760,19.64786958694458,0.3514251708984375,0.292999267578125,-0.859527587890625
1784547299292533760,19.657789707183838,0.19537353515625,0.2240753173828125,-0.889556884765625
1784547299302452736,19.6677086353302,0.1923828125,0.188507080078125,-0.9394073486328125
1784547299312372736,19.67762851715088,0.4162445068359375,0.44537353515625,-0.8916168212890625
1784547299322292736,19.687548637390137,0.5745391845703125,0.728759765625,-0.8226318359375
1784547299332211712,19.6974675655365,0.545623779296875,0.771728515625,-0.7414398193359375
1784547299342131968,19.707387685775757,0.6124725341796875,0.5858306884765625,-0.7272796630859375
1784547299352051712,19.717307567596436,0.87591552734375,0.6460723876953125,-0.6547088623046875
1784547299361970688,19.727226495742798,1.0789947509765625,0.84698486328125,-0.7535858154296875
1784547299371890688,19.737146615982056,1.2007598876953125,0.85931396484375,-0.911346435546875
1784547299381810688,19.747066497802734,1.1196136474609375,0.7928466796875,-0.96014404296875
1784547299391730688,19.756986618041992,1.1157684326171875,0.765899658203125,-0.9266204833984375
1784547299401649664,19.766905546188354,1.242645263671875,0.76116943359375,-0.924591064453125
1784547299411569920,19.776825666427612,1.3592529296875,0.7917327880859375,-0.97674560546875
1784547299421489664,19.78674554824829,1.4807586669921875,0.9439544677734375,-0.8561248779296875
1784547299431408896,19.796664714813232,1.6527862548828125,1.134185791015625,-0.7551727294921875
1784547299441328640,19.80658459663391,1.833221435546875,1.1338653564453125,-0.6350860595703125
1784547299451248896,19.81650471687317,1.983673095703125,0.9345703125,-0.6892242431640625
1784547299461168640,19.826424598693848,2.0531005859375,0.934173583984375,-0.6048126220703125
1784547299471087616,19.83634352684021,2.0901947021484375,0.850250244140625,-0.621246337890625
1784547299481007872,19.846263647079468,1.9024505615234375,0.822845458984375,-0.66937255859375
1784547299490927616,19.856183528900146,1.8136444091796875,1.0336761474609375,-0.7159881591796875
1784547299500846848,19.866102695465088,1.671783447265625,1.342132568359375,-0.8067626953125
1784547299510766848,19.876022577285767,1.3088531494140625,1.6803131103515625,-0.69287109375
1784547299520686848,19.885942697525024,1.2754974365234375,1.8822479248046875,-0.7325592041015625
1784547299530606848,19.895862579345703,1.11956787109375,1.8206329345703125,-0.7657623291015625
1784547299540525568,19.905781507492065,0.6159210205078125,1.827850341796875,-0.6519012451171875
1784547299550445824,19.915701627731323,0.441925048828125,2.06390380859375,-0.48626708984375
1784547299560365568,19.925621509552002,0.4518890380859375,2.1916656494140625,-0.52752685546875
1784547299570284800,19.935540676116943,0.1427764892578125,2.0135650634765625,-0.655303955078125
1784547299580204800,19.945460557937622,-0.1166839599609375,1.6617584228515625,-0.7760009765625
1784547299590124800,19.95538067817688,-0.484771728515625,1.27447509765625,-0.7873687744140625
1784547299600044800,19.96530055999756,-0.7472381591796875,0.7645416259765625,-0.9747314453125
1784547299609963776,19.97521948814392,-0.671661376953125,0.2389984130859375,-0.8474578857421875
1784547299619883776,19.98513960838318,-0.5874176025390625,-0.2940673828125,-0.8143768310546875
1784547299629803776,19.995059490203857,-0.7157135009765625,-0.6309967041015625,-0.8785858154296875
1784547299639722752,20.0049786567688,-0.90478515625,-0.5742645263671875,-0.6421051025390625
1784547299649642752,20.014898538589478,-1.030487060546875,-0.1796875,-0.615631103515625
1784547299659562752,20.024818658828735,-1.042572021484375,0.165802001953125,-0.6494293212890625
1784547299669481728,20.034737586975098,-0.9646148681640625,0.2718505859375,-0.460723876953125
1784547299679401984,20.044657707214355,-0.8109893798828125,0.0732269287109375,-0.3089752197265625
1784547299689321728,20.054577589035034,-0.718963623046875,-0.1810150146484375,-0.192230224609375
1784547299699241984,20.064497709274292,-0.6142425537109375,-0.3504638671875,-0.298919677734375
1784547299709160704,20.074416637420654,-0.5780792236328125,-0.1597747802734375,-0.2281494140625
1784547299719080704,20.084336519241333,-0.682037353515625,0.103363037109375,-0.18316650390625
1784547299729000704,20.09425663948059,-0.78033447265625,0.32122802734375,0.0989990234375
1784547299738919680,20.104175567626953,-0.5051116943359375,0.307098388671875,0.3026580810546875
1784547299748839936,20.11409568786621,-0.353057861328125,0.1781158447265625,0.5555419921875
1784547299758759680,20.12401556968689,-0.1165313720703125,0.3681640625,0.643157958984375
1784547299768679936,20.133935689926147,-0.0919189453125,0.8491058349609375,0.640533447265625
1784547299778598912,20.14385461807251,-0.40191650390625,1.3380889892578125,0.4778289794921875
1784547299788517376,20.153773307800293,-0.5166473388671875,1.6642913818359375,0.4658203125
1784547299798437376,20.16369318962097,-0.16326904296875,1.5510406494140625,0.5269622802734375
1784547299808356352,20.173612117767334,0.1895751953125,1.2259674072265625,0.579437255859375
1784547299818276352,20.183532238006592,0.32000732421875,1.0806427001953125,0.618988037109375
1784547299828196352,20.19345211982727,0.2995758056640625,1.016571044921875,0.659454345703125
1784547299838115328,20.203371286392212,0.191558837890625,1.14239501953125,0.8446044921875
1784547299848035328,20.21329116821289,-0.0821533203125,1.425506591796875,0.85565185546875
1784547299857955328,20.22321128845215,-0.270904541015625,1.5250396728515625,0.8424835205078125
1784547299867875328,20.233131170272827,-0.2436676025390625,1.543304443359375,0.6982574462890625
1784547299877794560,20.24305033683777,0.0670318603515625,1.4427490234375,0.6223297119140625
1784547299887714304,20.252970218658447,0.1833648681640625,1.27783203125,0.638153076171875
1784547299897634560,20.262890338897705,0.088043212890625,1.167236328125,0.417816162109375
1784547299907553536,20.272809267044067,-0.0396728515625,1.016845703125,0.401153564453125
1784547299917473280,20.282729148864746,-0.7008209228515625,1.1254425048828125,0.5076141357421875
1784547299927393536,20.292649269104004,-0.8859710693359375,1.0965118408203125,0.3861236572265625
1784547299937313280,20.302569150924683,-0.558319091796875,1.179229736328125,0.654327392578125
1784547299947232512,20.312488317489624,-0.0621795654296875,1.1605682373046875,0.289459228515625
1784547299957152256,20.322408199310303,0.1028594970703125,0.6873321533203125,0.103424072265625
1784547299967072512,20.33232831954956,-0.2501068115234375,0.57000732421875,0.063323974609375
1784547299976991488,20.342247247695923,-0.2664947509765625,0.89959716796875,0.174774169921875
1784547299986911232,20.3521671295166,-0.2622222900390625,1.883636474609375,0.4560089111328125
1784547299996831488,20.36208724975586,-0.533172607421875,1.4277191162109375,0.3339996337890625
1784547300006750464,20.37200617790222,-0.449737548828125,0.9668731689453125,1.2456817626953125
1784547300016670464,20.38192629814148,-0.6113433837890625,1.111846923828125,1.5999603271484375
1784547300026590464,20.391846179962158,-0.5327606201171875,0.7771453857421875,0.998199462890625
1784547300036510464,20.401766300201416,-0.763671875,0.9764556884765625,0.8719329833984375
1784547300046429440,20.41168522834778,-0.064788818359375,0.829864501953125,0.58453369140625
1784547300056349440,20.421605348587036,-0.568084716796875,0.6746826171875,0.1950531005859375
1784547300066269440,20.431525230407715,0.002288818359375,0.863189697265625,0.32470703125
1784547300076188416,20.441444158554077,-0.0463714599609375,0.9949188232421875,0.3816986083984375
1784547300086108416,20.451364278793335,0.769683837890625,1.2918548583984375,0.4718017578125
1784547300096028416,20.461284160614014,0.977691650390625,1.6584014892578125,0.944305419921875
1784547300105948416,20.47120428085327,0.8521575927734375,1.26953125,0.6469573974609375
1784547300115867392,20.481123208999634,0.87640380859375,0.4746551513671875,0.6027069091796875
1784547300125787392,20.49104332923889,0.7799530029296875,0.4420013427734375,0.628753662109375
1784547300135707392,20.50096321105957,0.7725830078125,0.7366180419921875,0.7952728271484375
1784547300145626368,20.510882139205933,0.776580810546875,0.8042449951171875,0.40606689453125
1784547300155546368,20.52080225944519,0.685302734375,0.860443115234375,0.435394287109375
1784547300165466368,20.53072214126587,0.9241485595703125,0.7407684326171875,0.572174072265625
1784547300175386368,20.540642261505127,0.5370635986328125,0.747528076171875,0.8228912353515625
1784547300185305344,20.55056118965149,0.5205078125,1.0120086669921875,0.940582275390625
1784547300195225600,20.560481309890747,0.3235321044921875,1.1040191650390625,1.0076751708984375
1784547300205145344,20.570401191711426,0.5637969970703125,0.83404541015625,0.7965087890625
1784547300215064320,20.580320119857788,0.6453399658203125,0.84600830078125,0.8077392578125
1784547300224984320,20.590240240097046,0.6288604736328125,0.8775177001953125,0.678955078125
1784547300234904320,20.600160121917725,0.4271697998046875,0.8475189208984375,0.6444091796875
1784547300244823552,20.610079288482666,0.5306243896484375,0.84698486328125,0.4689178466796875
1784547300254743296,20.619999170303345,0.3238525390625,0.9785919189453125,0.4733428955078125
1784547300264663552,20.629919290542603,0.412994384765625,1.17584228515625,0.4545440673828125
1784547300274583296,20.63983917236328,0.425628662109375,1.2623748779296875,0.5785369873046875
1784547300284502528,20.649758338928223,0.4536590576171875,0.93914794921875,0.5135955810546875
1784547300294422272,20.6596782207489,0.2440185546875,1.01165771484375,0.7973785400390625
1784547300304342528,20.66959834098816,0.26959228515625,1.0081329345703125,0.6411285400390625
1784547300314261504,20.67951726913452,0.3567962646484375,1.02069091796875,0.717529296875
1784547300324181248,20.6894371509552,0.437225341796875,0.9341278076171875,0.6424102783203125
1784547300334101504,20.699357271194458,0.29547119140625,0.7786712646484375,0.5989532470703125
1784547300344020480,20.70927619934082,0.2625732421875,0.8724517822265625,0.6571044921875
1784547300353940480,20.719196319580078,0.2192535400390625,0.86041259765625,0.5808258056640625
1784547300363860480,20.729116201400757,0.44451904296875,0.8529205322265625,0.4891815185546875
1784547300373780480,20.739036321640015,0.2464141845703125,0.8922119140625,0.474365234375
1784547300383699456,20.748955249786377,0.4507598876953125,1.003387451171875,0.4898223876953125
1784547300393619200,20.758875131607056,0.35211181640625,1.0128936767578125,0.4314727783203125
1784547300403539456,20.768795251846313,0.3497161865234375,1.0577850341796875,0.45867919921875
1784547300413458432,20.778714179992676,0.342529296875,0.923370361328125,0.3172607421875
1784547300423378432,20.788634300231934,0.2333221435546875,0.92486572265625,0.4148101806640625
1784547300433298432,20.798554182052612,0.176116943359375,0.9608612060546875,0.387664794921875
1784547300443218432,20.80847430229187,0.23675537109375,0.8233642578125,0.3898773193359375
1784547300453137408,20.818393230438232,0.1971893310546875,0.7680816650390625,0.3798065185546875
1784547300463057152,20.82831311225891,0.214385986328125,0.9045257568359375,0.293121337890625
1784547300472977408,20.83823323249817,0.28741455078125,1.0334320068359375,0.165985107421875
1784547300482896384,20.84815216064453,0.1937103271484375,1.044830322265625,0.26470947265625
1784547300492816384,20.85807228088379,0.237579345703125,0.9511566162109375,0.2535400390625
1784547300502736384,20.867992162704468,0.362548828125,0.9146728515625,0.0631866455078125
1784547300512655616,20.87791132926941,0.4060821533203125,0.846893310546875,0.0432891845703125
1784547300522575360,20.887831211090088,0.276397705078125,0.973876953125,0.26947021484375
1784547300532495616,20.897751331329346,0.1656646728515625,0.969818115234375,-0.140625
1784547300542415360,20.907671213150024,0.0994720458984375,1.005767822265625,0.13299560546875
1784547300552334336,20.917590141296387,0.3372650146484375,1.192047119140625,0.08782958984375
1784547300562254336,20.927510261535645,0.243133544921875,0.9661102294921875,-0.1213531494140625
1784547300572174336,20.937430143356323,0.19659423828125,0.8472442626953125,0.016754150390625
1784547300582093568,20.947349309921265,0.4006805419921875,0.84130859375,-0.0697479248046875
1784547300592013312,20.957269191741943,0.09027099609375,0.8299713134765625,-0.0638275146484375
1784547300601933568,20.9671893119812,0.112335205078125,1.0273590087890625,-0.084259033203125
1784547300611852288,20.977108240127563,0.154205322265625,1.114776611328125,-0.10552978515625
1784547300621772288,20.987028121948242,0.2932891845703125,1.1829681396484375,-0.162567138671875
1784547300631692288,20.9969482421875,0.222503662109375,1.010162353515625,-0.1647186279296875
1784547300641612288,21.00686812400818,0.2551116943359375,0.939208984375,-0.09735107421875
1784547300651531520,21.01678729057312,0.1562957763671875,0.8265380859375,-0.22796630859375
1784547300661451264,21.0267071723938,0.2756195068359375,0.956939697265625,-0.0665740966796875
1784547300671371520,21.036627292633057,0.259063720703125,0.9183349609375,-0.2314605712890625
1784547300681290496,21.04654622077942,0.2827606201171875,1.03533935546875,-0.1872406005859375
1784547300691210496,21.056466341018677,0.156951904296875,0.8585357666015625,-0.2802886962890625
1784547300701130496,21.066386222839355,0.284515380859375,0.925567626953125,-0.20037841796875
1784547300711049216,21.076305150985718,0.2288970947265625,0.9734344482421875,-0.3108673095703125
1784547300720969472,21.086225271224976,0.247406005859375,1.03839111328125,-0.280029296875
1784547300730889216,21.096145153045654,0.2609405517578125,1.0643157958984375,-0.298553466796875
1784547300740809472,21.106065273284912,0.1746368408203125,1.0279388427734375,-0.3157958984375
1784547300750728448,21.115984201431274,0.21343994140625,0.9661407470703125,-0.2948760986328125
1784547300760648448,21.125904321670532,0.2057952880859375,0.873687744140625,-0.3570709228515625
1784547300770568448,21.13582420349121,0.181549072265625,0.823211669921875,-0.4212646484375
1784547300780487424,21.145743131637573,0.25018310546875,0.8070068359375,-0.44158935546875
1784547300790408192,21.15566396713257,0.235443115234375,0.764739990234375,-0.427947998046875
1784547300800327936,21.165583848953247,0.227874755859375,0.7796478271484375,-0.4080047607421875
1784547300810248192,21.175503969192505,0.258880615234375,0.862518310546875,-0.4229278564453125
1784547300820167168,21.185422897338867,0.190704345703125,0.8370208740234375,-0.4300384521484375
1784547300830086912,21.195342779159546,0.1703033447265625,0.7880859375,-0.405670166015625
1784547300840007168,21.205262899398804,0.100830078125,0.7272796630859375,-0.425567626953125
1784547300849925888,21.215181827545166,0.1450653076171875,0.6231536865234375,-0.49713134765625
1784547300859846144,21.225101947784424,0.2733001708984375,0.654571533203125,-0.4984283447265625
1784547300869765888,21.235021829605103,0.2135772705078125,0.6598358154296875,-0.555389404296875
1784547300879684864,21.244940757751465,0.2266082763671875,0.6998748779296875,-0.559906005859375
1784547300889605120,21.254860877990723,0.2275390625,0.7504119873046875,-0.623779296875
1784547300899524864,21.2647807598114,0.2849273681640625,0.8571929931640625,-0.5233917236328125
1784547300909445120,21.27470088005066,0.316680908203125,0.8300323486328125,-0.5589447021484375
1784547300919364096,21.28461980819702,0.352447509765625,0.743927001953125,-0.6226806640625
1784547300929284096,21.29453992843628,0.3447418212890625,0.71533203125,-0.6240234375
1784547300939204096,21.304459810256958,0.2841033935546875,0.7058563232421875,-0.7001190185546875
1784547300949122816,21.31437873840332,0.2347259521484375,0.748779296875,-0.778289794921875
1784547300959043072,21.324298858642578,0.149932861328125,0.8636627197265625,-0.7569427490234375
1784547300968962816,21.334218740463257,0.00140380859375,0.9205169677734375,-0.7938385009765625
1784547300978882048,21.3441379070282,-0.014556884765625,0.916015625,-0.7833404541015625
1784547300988802048,21.354057788848877,0.176544189453125,0.908905029296875,-0.7789154052734375
1784547300998722048,21.363977909088135,0.28173828125,0.8558349609375,-0.830780029296875
1784547301008642048,21.373897790908813,0.349029541015625,0.8643798828125,-0.7952728271484375
1784547301018561024,21.383816957473755,0.337249755859375,0.892364501953125,-0.8009796142578125
1784547301028481024,21.393736839294434,0.3262786865234375,0.9064788818359375,-0.829681396484375
1784547301038401024,21.40365695953369,0.2895050048828125,0.9692840576171875,-0.8193206787109375
1784547301048320000,21.413575887680054,0.2499237060546875,0.9612579345703125,-0.856781005859375
1784547301058240000,21.423495769500732,0.225372314453125,0.9422607421875,-0.8333892822265625
1784547301068160000,21.43341588973999,0.20855712890625,0.9170074462890625,-0.86181640625
1784547301078078976,21.443334817886353,0.2109527587890625,0.9013214111328125,-0.821014404296875
1784547301087999232,21.45325493812561,0.20025634765625,0.8639678955078125,-0.7952880859375
1784547301097918976,21.46317481994629,0.2589263916015625,0.804931640625,-0.7708740234375
1784547301107839232,21.473094940185547,0.4160308837890625,0.7416534423828125,-0.794342041015625
1784547301117757952,21.48301386833191,0.3358612060546875,0.735687255859375,-0.8133697509765625
1784547301127677952,21.492933750152588,0.2552337646484375,0.8310394287109375,-0.816162109375
1784547301137597952,21.502853870391846,0.2343902587890625,0.8895416259765625,-0.8525390625
1784547301147516928,21.512772798538208,0.2133636474609375,0.83135986328125,-0.861328125
1784547301157437184,21.522692918777466,0.2754669189453125,0.75274658203125,-0.829071044921875
1784547301167356928,21.532612800598145,0.2544097900390625,0.7593231201171875,-0.7619476318359375
1784547301177277184,21.542532920837402,0.218017578125,0.7389678955078125,-0.7615203857421875
1784547301187195904,21.552451848983765,0.2099609375,0.6957244873046875,-0.760955810546875
1784547301197116160,21.562371969223022,0.1501007080078125,0.61773681640625,-0.731658935546875
1784547301207035904,21.5722918510437,0.2086639404296875,0.6686248779296875,-0.69659423828125
1784547301216954880,21.582210779190063,0.1242523193359375,0.700897216796875,-0.67327880859375
1784547301226875136,21.59213089942932,0.0816650390625,0.738525390625,-0.6561431884765625
1784547301236794880,21.60205078125,0.0958251953125,0.7078399658203125,-0.6787567138671875
1784547301246714112,21.61196994781494,0.1562957763671875,0.6515350341796875,-0.575927734375
1784547301256634112,21.62188982963562,0.056243896484375,0.585479736328125,-0.4945526123046875
1784547301266554112,21.631809949874878,0.0053558349609375,0.6644744873046875,-0.4039764404296875
1784547301276473088,21.64172887802124,0.079559326171875,0.69036865234375,-0.4246063232421875
1784547301286392832,21.65164875984192,0.1650390625,0.64471435546875,-0.43829345703125
1784547301296313088,21.661568880081177,0.15850830078125,0.64898681640625,-0.3677520751953125
1784547301306232832,21.671488761901855,0.0896453857421875,0.6273651123046875,-0.3904266357421875
1784547301316152064,21.681407928466797,0.04595947265625,0.683624267578125,-0.34454345703125
1784547301326072064,21.691327810287476,-0.005950927734375,0.7624969482421875,-0.293853759765625
1784547301335992064,21.701247930526733,-0.0446624755859375,0.8034515380859375,-0.2515716552734375
1784547301345911040,21.711166858673096,-0.078582763671875,0.7481689453125,-0.2259674072265625
1784547301355830784,21.721086740493774,-0.0443115234375,0.7027587890625,-0.1459503173828125
1784547301365751040,21.731006860733032,-0.0010223388671875,0.5641632080078125,-0.1956634521484375
1784547301375670784,21.74092674255371,-0.002899169921875,0.4674224853515625,-0.228973388671875
1784547301385590016,21.750845909118652,0.06744384765625,0.4185028076171875,-0.1941070556640625
1784547301395510016,21.76076579093933,0.1510162353515625,0.3316192626953125,-0.1982421875
1784547301405430016,21.77068591117859,0.138214111328125,0.27471923828125,-0.1829376220703125
1784547301415348992,21.78060483932495,0.12255859375,0.22637939453125,-0.2322845458984375
1784547301425269248,21.79052495956421,0.169769287109375,0.2902374267578125,-0.326324462890625
1784547301435188992,21.800444841384888,0.181549072265625,0.3645172119140625,-0.434234619140625
1784547301445107968,21.81036376953125,0.0855865478515625,0.487640380859375,-0.5364532470703125
1784547301455027968,21.820283889770508,0.10723876953125,0.578155517578125,-0.6379241943359375
1784547301464947968,21.830203771591187,0.0330352783203125,0.574493408203125,-0.760223388671875
1784547301474867200,21.840122938156128,0.087432861328125,0.503753662109375,-0.8088531494140625
1784547301484786944,21.850042819976807,0.137420654296875,0.4991607666015625,-0.8302154541015625
1784547301494707200,21.859962940216064,0.12225341796875,0.544464111328125,-0.8366546630859375
1784547301504626944,21.869882822036743,0.132293701171875,0.5440216064453125,-0.9128875732421875
1784547301514545920,21.879801750183105,0.1343841552734375,0.5318145751953125,-0.9031982421875
1784547301524465920,21.889721870422363,0.177001953125,0.57366943359375,-0.937530517578125
1784547301534385920,21.899641752243042,0.2576141357421875,0.6777801513671875,-0.9191436767578125
1784547301544305152,21.909560918807983,0.2813568115234375,0.6308441162109375,-1.0318756103515625
1784547301554224896,21.919480800628662,0.2390289306640625,0.408050537109375,-1.13037109375
1784547301564145152,21.92940092086792,0.1520538330078125,0.3033294677734375,-1.09539794921875
1784547301574064896,21.9393208026886,0.0731201171875,0.4130706787109375,-1.084381103515625
1784547301583984128,21.94923996925354,-0.0152587890625,0.4074249267578125,-1.2139434814453125
1784547301593904128,21.95915985107422,-0.1456298828125,0.4151153564453125,-1.2346343994140625
1784547301603824128,21.969079971313477,-0.1439971923828125,0.5420684814453125,-1.217376708984375
1784547301613743104,21.97899889945984,-0.1882781982421875,0.5155181884765625,-1.262481689453125
1784547301623662848,21.988918781280518,-0.0768890380859375,0.5283355712890625,-1.2767486572265625
1784547301633583104,21.998838901519775,-0.0086517333984375,0.446197509765625,-1.2702484130859375
1784547301643502080,22.008757829666138,0.043701171875,0.5105438232421875,-1.216949462890625
1784547301653422080,22.018677949905396,0.0569000244140625,0.4236602783203125,-1.1832275390625
1784547301663342080,22.028597831726074,0.177520751953125,0.3735809326171875,-1.0589141845703125
1784547301673262080,22.038517951965332,0.1479034423828125,0.3892669677734375,-1.0797119140625
1784547301683181056,22.048436880111694,0.4030609130859375,0.2444610595703125,-1.2400970458984375
1784547301693101056,22.058356761932373,0.337310791015625,0.11627197265625,-1.2775726318359375
1784547301703021056,22.06827688217163,0.31683349609375,0.187774658203125,-1.2276458740234375
1784547301712940032,22.078195810317993,0.5222015380859375,0.2264862060546875,-1.29583740234375
1784547301722860032,22.08811593055725,0.7820281982421875,0.1251220703125,-1.2064056396484375
1784547301732780032,22.09803581237793,0.6370697021484375,-0.0226898193359375,-1.147796630859375
1784547301742699008,22.107954740524292,0.4554290771484375,-0.041839599609375,-1.1620330810546875
1784547301752619008,22.11787486076355,0.3836669921875,0.01593017578125,-1.0651397705078125
1784547301762539008,22.12779474258423,0.2097320556640625,0.151123046875,-1.0908966064453125
1784547301772459008,22.137714862823486,0.2747955322265625,0.2310028076171875,-1.2107696533203125
1784547301782378496,22.147634267807007,0.1930389404296875,0.26318359375,-1.1627044677734375
1784547301792298496,22.157554388046265,0.2847442626953125,0.3098907470703125,-1.1950531005859375
1784547301802218496,22.167474269866943,0.3188629150390625,0.3762664794921875,-1.20623779296875
1784547301812137728,22.177393436431885,0.2686767578125,0.4931640625,-1.1471405029296875
1784547301822057472,22.187313318252563,0.2440032958984375,0.6094818115234375,-1.1408538818359375
1784547301831977728,22.19723343849182,0.2051849365234375,0.6017913818359375,-1.1222076416015625
1784547301841897472,22.2071533203125,0.1927032470703125,0.5287933349609375,-1.142852783203125
1784547301851816448,22.217072248458862,0.1989593505859375,0.5209197998046875,-1.149322509765625
1784547301861736448,22.22699236869812,0.1893768310546875,0.573760986328125,-1.1639556884765625
1784547301871656448,22.2369122505188,0.1780548095703125,0.6231689453125,-1.1969757080078125
1784547301881575680,22.24683141708374,0.1483001708984375,0.5999755859375,-1.1570281982421875
1784547301891495424,22.25675129890442,0.109527587890625,0.4450531005859375,-1.0799713134765625
1784547301901415680,22.266671419143677,0.10589599609375,0.3227996826171875,-1.008056640625
1784547301911334400,22.27659034729004,0.1215057373046875,0.3478546142578125,-1.0233306884765625
1784547301921254656,22.286510467529297,0.0645294189453125,0.388885498046875,-1.0218963623046875
1784547301931174400,22.296430349349976,0.049407958984375,0.402191162109375,-1.0588226318359375
1784547301941094656,22.306350469589233,0.029083251953125,0.39581298828125,-1.0665435791015625
1784547301951013632,22.316269397735596,0.010498046875,0.3924102783203125,-1.0687408447265625
1784547301960933376,22.326189279556274,-0.0068511962890625,0.4228057861328125,-1.0643463134765625
1784547301970853632,22.336109399795532,0.0393524169921875,0.4522552490234375,-1.076934814453125
1784547301980772608,22.346028327941895,0.027069091796875,0.418670654296875,-1.034088134765625
1784547301990692608,22.355948448181152,0.0354156494140625,0.3830108642578125,-0.9293060302734375
1784547302000612608,22.36586833000183,0.0581512451171875,0.3369598388671875,-0.883636474609375
1784547302010531328,22.375787258148193,0.0247802734375,0.3006439208984375,-0.822662353515625
1784547302020451584,22.38570737838745,0.0181884765625,0.2728424072265625,-0.7476654052734375
1784547302030371328,22.39562726020813,-0.0229644775390625,0.26324462890625,-0.718536376953125
1784547302040291584,22.405547380447388,-0.0630950927734375,0.2525177001953125,-0.685943603515625
1784547302050210560,22.41546630859375,-0.0990447998046875,0.2597808837890625,-0.674530029296875
1784547302060130560,22.425386428833008,-0.0810699462890625,0.3087921142578125,-0.6673431396484375
1784547302070050560,22.435306310653687,-0.0932159423828125,0.3408660888671875,-0.687347412109375
1784547302079969280,22.44522523880005,-0.099456787109375,0.3923187255859375,-0.6583099365234375
1784547302089889536,22.455145359039307,-0.1240081787109375,0.4180908203125,-0.6439056396484375
1784547302099809536,22.465065240859985,-0.19317626953125,0.481353759765625,-0.6210784912109375
1784547302109728512,22.474984407424927,-0.19549560546875,0.56341552734375,-0.558502197265625
1784547302119648512,22.484904289245605,-0.217803955078125,0.5511322021484375,-0.5655517578125
1784547302129568512,22.494824409484863,-0.226898193359375,0.57293701171875,-0.4988861083984375
1784547302139488512,22.504744291305542,-0.173126220703125,0.5571746826171875,-0.45819091796875
1784547302149407744,22.514663457870483,-0.1234130859375,0.526947021484375,-0.4016265869140625
1784547302159327488,22.524583339691162,-0.10394287109375,0.3860015869140625,-0.45367431640625
1784547302169247744,22.53450345993042,-0.1008148193359375,0.3003997802734375,-0.41839599609375
1784547302179166464,22.544422388076782,-0.064910888671875,0.246612548828125,-0.446624755859375
1784547302189086464,22.55434226989746,-0.0172576904296875,0.2072296142578125,-0.457611083984375
1784547302199006464,22.56426239013672,0.05853271484375,0.2287445068359375,-0.45001220703125
1784547302208925440,22.57418131828308,0.15625,0.2642974853515625,-0.4587249755859375
1784547302218845696,22.58410143852234,0.1023712158203125,0.285797119140625,-0.549774169921875
1784547302228765440,22.594021320343018,0.0534210205078125,0.396240234375,-0.495880126953125
1784547302238685696,22.603941440582275,0.00933837890625,0.436920166015625,-0.477813720703125
1784547302248604416,22.613860368728638,0.0720672607421875,0.2019500732421875,-0.4610443115234375
1784547302258524416,22.623780250549316,0.0452728271484375,0.1896209716796875,-0.711334228515625
1784547302268444416,22.633700370788574,0.0001678466796875,0.454742431640625,-0.7629852294921875
1784547302278363392,22.643619298934937,0.031097412109375,0.583709716796875,-0.7419586181640625
1784547302288283648,22.653539419174194,0.00775146484375,0.5286102294921875,-0.7116851806640625
1784547302298203392,22.663459300994873,0.1211700439453125,0.40838623046875,-0.825439453125
1784547302308122624,22.673378467559814,0.105743408203125,0.206268310546875,-0.8297576904296875
1784547302318042624,22.683298349380493,0.171844482421875,0.101318359375,-0.8771514892578125
1784547302327962624,22.69321846961975,0.1578369140625,0.13116455078125,-0.9897918701171875
1784547302337882624,22.70313835144043,0.1016998291015625,0.1902923583984375,-0.988861083984375
1784547302347801344,22.713057279586792,0.080902099609375,0.0682830810546875,-1.0293731689453125
1784547302357721600,22.72297739982605,-0.0539703369140625,0.0420074462890625,-0.9176177978515625
1784547302367641344,22.73289728164673,-0.156280517578125,0.0099334716796875,-0.9328460693359375
1784547302377560576,22.74281644821167,-0.184234619140625,0.1213836669921875,-0.91888427734375
1784547302387480576,22.75273633003235,-0.2407684326171875,0.19818115234375,-1.1488494873046875
1784547302397400576,22.762656450271606,-0.2867279052734375,0.3589630126953125,-1.1448822021484375
1784547302407319552,22.77257537841797,-0.421661376953125,0.498199462890625,-0.9903411865234375
1784547302417239552,22.782495260238647,-0.4461822509765625,0.575042724609375,-1.0618896484375
1784547302427159552,22.792415380477905,-0.284698486328125,0.6018218994140625,-1.164215087890625
1784547302437079552,22.802335262298584,-0.121826171875,0.7357025146484375,-1.1537017822265625
1784547302446998528,22.812254428863525,-0.02392578125,0.8256988525390625,-1.195892333984375
1784547302456918528,22.822174310684204,0.22747802734375,0.7143402099609375,-1.178192138671875
1784547302466838528,22.832094430923462,0.35516357421875,0.5023040771484375,-1.206817626953125
1784547302476757504,22.842013359069824,0.3208160400390625,0.3126983642578125,-1.2728271484375
1784547302486677504,22.851933240890503,0.312225341796875,0.271240234375,-0.9335479736328125
1784547302496597504,22.86185336112976,0.4635009765625,0.2564697265625,-0.8884429931640625
1784547302506517504,22.87177324295044,0.43670654296875,0.2966461181640625,-0.763153076171875
1784547302516436480,22.88169240951538,0.4304656982421875,0.31085205078125,-0.6922454833984375
1784547302526356480,22.89161229133606,0.42681884765625,0.3733062744140625,-0.70855712890625
1784547302536276480,22.901532411575317,0.4088897705078125,0.3395538330078125,-0.923736572265625
1784547302546195456,22.91145133972168,0.200225830078125,0.4236297607421875,-0.8165435791015625
1784547302556115712,22.921371459960938,0.190277099609375,0.4842987060546875,-0.80810546875
1784547302566035456,22.931291341781616,0.227325439453125,0.5205841064453125,-0.8397369384765625
1784547302575954432,22.94121026992798,0.226287841796875,0.5989532470703125,-0.7610015869140625
1784547302585874432,22.951130390167236,0.1407470703125,0.681854248046875,-0.6387176513671875
1784547302595794432,22.961050271987915,0.0597686767578125,0.7000579833984375,-0.6255035400390625
1784547302605714432,22.970970392227173,0.0635528564453125,0.8183746337890625,-0.6029815673828125
1784547302615633408,22.980889320373535,0.0592498779296875,1.0155487060546875,-0.6635894775390625
1784547302625553664,22.990809440612793,0.0995330810546875,1.1453094482421875,-0.663543701171875
1784547302635473408,23.00072932243347,0.2281951904296875,1.0643157958984375,-0.5909881591796875
1784547302645392384,23.010648250579834,0.2996063232421875,0.867462158203125,-0.500335693359375
1784547302655312640,23.020568370819092,0.4564056396484375,0.718170166015625,-0.4912872314453125
1784547302665232384,23.03048825263977,0.51708984375,0.712066650390625,-0.2732696533203125
1784547302675151616,23.040407419204712,0.583526611328125,0.8668365478515625,-0.1418304443359375
1784547302685071360,23.05032730102539,0.7125091552734375,1.09600830078125,-0.1324462890625
1784547302694991616,23.06024742126465,0.81024169921875,1.137054443359375,0.0271759033203125
1784547302704911360,23.070167303085327,0.826324462890625,1.022308349609375,0.2023162841796875
1784547302714830592,23.08008646965027,0.805419921875,0.6907958984375,0.308837890625
1784547302724750592,23.090006351470947,0.9773101806640625,0.389190673828125,0.174407958984375
1784547302734670592,23.099926471710205,0.9637298583984375,0.190216064453125,0.0902557373046875
1784547302744589568,23.109845399856567,1.0457305908203125,0.0553436279296875,0.1837310791015625
1784547302754509568,23.119765281677246,1.13946533203125,0.0162811279296875,0.2561492919921875
1784547302764429568,23.129685401916504,1.310272216796875,-0.120208740234375,0.18536376953125
1784547302774348544,23.139604330062866,1.3731536865234375,-0.1588134765625,0.224700927734375
1784547302784268288,23.149524211883545,1.5312652587890625,-0.0972900390625,0.0313262939453125
1784547302794188544,23.159444332122803,1.6547088623046875,0.127166748046875,0.0263671875
1784547302804108288,23.16936421394348,1.6568756103515625,0.3958282470703125,-0.042877197265625
1784547302814027520,23.179283380508423,1.594451904296875,0.6177825927734375,-0.16253662109375
1784547302823947520,23.1892032623291,1.7102203369140625,0.63714599609375,-0.3483734130859375
1784547302833867520,23.19912338256836,1.7593536376953125,0.3090057373046875,-0.2872467041015625
1784547302843786496,23.20904231071472,1.8753814697265625,-0.3873748779296875,-0.247711181640625
1784547302853706240,23.2189621925354,2.1051025390625,-1.2360382080078125,-0.0570220947265625
1784547302863626496,23.228882312774658,2.1507568359375,-2.004913330078125,0.0945587158203125
1784547302873545472,23.23880124092102,1.9975128173828125,-2.01739501953125,0.1349639892578125
1784547302883465472,23.24872136116028,1.852020263671875,-1.972930908203125,-0.0369110107421875
1784547302893385472,23.258641242980957,2.077178955078125,-1.951171875,-0.152313232421875
1784547302903305472,23.268561363220215,2.0837554931640625,-2.1479034423828125,-0.6424407958984375
1784547302913224448,23.278480291366577,1.9633636474609375,-2.393463134765625,-1.4127960205078125
1784547302923144448,23.288400173187256,2.2252655029296875,-1.9972381591796875,-1.5909881591796875
1784547302933064448,23.298320293426514,2.602447509765625,-1.449066162109375,-1.8464508056640625
1784547302942983424,23.308239221572876,2.7960205078125,-1.1967620849609375,-1.706207275390625
1784547302952903424,23.318159341812134,2.8679656982421875,-1.2979583740234375,-1.0943450927734375
1784547302962823424,23.328079223632812,2.35205078125,-1.2898101806640625,-0.925750732421875
1784547302972743424,23.33799934387207,1.5640716552734375,-0.37908935546875,-0.9071502685546875
1784547302982662400,23.347918272018433,1.0456085205078125,0.6924591064453125,-0.136749267578125
1784547302992582400,23.35783815383911,0.5799102783203125,0.96441650390625,0.0902557373046875
1784547303002502400,23.36775827407837,0.40118408203125,0.912689208984375,-0.19207763671875
1784547303012421376,23.37767720222473,0.64410400390625,0.94305419921875,0.1138153076171875
1784547303022341376,23.38759732246399,1.2319183349609375,1.32708740234375,0.4566497802734375
1784547303032261376,23.397517204284668,1.4525146484375,0.878082275390625,0.0372314453125
1784547303042180608,23.40743637084961,1.2746124267578125,0.9034423828125,0.03955078125
1784547303052100352,23.417356252670288,1.983489990234375,1.199615478515625,0.24639892578125
1784547303062020608,23.427276372909546,2.18365478515625,1.032684326171875,-0.14739990234375
1784547303071940352,23.437196254730225,2.103607177734375,0.4987030029296875,-0.892425537109375
1784547303081859328,23.447115182876587,2.097412109375,0.420928955078125,-0.8410186767578125
1784547303091779584,23.457035303115845,2.827789306640625,0.67095947265625,-0.8130340576171875
1784547303101699328,23.466955184936523,2.9906158447265625,0.7831268310546875,-1.0819854736328125
1784547303111618560,23.476874351501465,2.7309417724609375,0.30059814453125,-0.70135498046875
1784547303121538304,23.486794233322144,2.665924072265625,0.9137420654296875,-0.8560333251953125
1784547303131458560,23.4967143535614,2.0931854248046875,0.956085205078125,-1.212890625
1784547303141377536,23.506633281707764,2.042938232421875,0.5846099853515625,-0.834228515625
1784547303151297280,23.516553163528442,2.5047149658203125,0.1992645263671875,-0.3838653564453125
1784547303161217536,23.5264732837677,2.60357666015625,0.0859832763671875,-0.500274658203125
1784547303171137280,23.53639316558838,2.3681793212890625,0.68267822265625,0.0182342529296875
1784547303181056512,23.54631233215332,2.281524658203125,0.4483489990234375,-0.76617431640625
1784547303190976256,23.556232213974,1.9429779052734375,0.2497406005859375,-0.254913330078125
1784547303200896512,23.566152334213257,1.849334716796875,-0.0295867919921875,-0.3873748779296875
1784547303210815488,23.57607126235962,2.2753143310546875,0.08587646484375,-0.515777587890625
1784547303220735488,23.585991382598877,2.37060546875,-0.0570526123046875,-0.4232635498046875
1784547303230655488,23.595911264419556,2.1837005615234375,-0.1316680908203125,-0.9768218994140625
1784547303240574464,23.605830192565918,2.1071319580078125,0.0468292236328125,-0.509979248046875
1784547303250494464,23.615750312805176,2.09173583984375,0.0211334228515625,-1.0896453857421875
1784547303260414464,23.625670194625854,2.386383056640625,0.3266448974609375,-1.631988525390625
1784547303270334464,23.635590314865112,2.4648284912109375,1.004425048828125,-2.123504638671875
1784547303280253440,23.645509243011475,2.4076385498046875,1.5042724609375,-2.07318115234375
1784547303290173440,23.655429363250732,1.911865234375,1.7143707275390625,-2.084930419921875
1784547303300093440,23.66534924507141,1.69158935546875,1.8252716064453125,-2.123199462890625
1784547303310012416,23.675268173217773,1.6358795166015625,1.8667144775390625,-1.855255126953125
1784547303319932416,23.68518829345703,1.7169647216796875,1.4998626708984375,-1.422760009765625
1784547303329852416,23.69510817527771,2.13360595703125,0.61590576171875,-1.09857177734375
1784547303339772416,23.705028295516968,2.5851593017578125,-0.2397613525390625,-0.947784423828125
1784547303349691392,23.71494722366333,2.960296630859375,-0.8569488525390625,-1.0697479248046875
1784547303359611392,23.724867343902588,3.0577545166015625,-1.0643310546875,-1.203369140625
1784547303369531392,23.734787225723267,2.884857177734375,-1.014434814453125,-1.434600830078125
1784547303379450368,23.74470615386963,2.725250244140625,-0.595794677734375,-1.591583251953125
1784547303389370368,23.754626274108887,2.58135986328125,-0.125640869140625,-1.54119873046875
1784547303399290368,23.764546155929565,2.5326690673828125,-0.0753631591796875,-1.3649139404296875
1784547303409209600,23.774465322494507,2.6132659912109375,-0.3692779541015625,-1.064788818359375
1784547303419129344,23.784385204315186,2.751861572265625,-0.731964111328125,-0.7082977294921875
1784547303429049600,23.794305324554443,2.906341552734375,-0.9401092529296875,-0.3040618896484375
1784547303438969344,23.804225206375122,2.9599761962890625,-1.033477783203125,0.15008544921875
1784547303448888576,23.814144372940063,2.8802032470703125,-1.1387939453125,0.5030517578125
1784547303458808320,23.824064254760742,2.8052520751953125,-1.207244873046875,0.7155609130859375
1784547303468728576,23.833984375,2.7749481201171875,-1.14324951171875,0.7888946533203125
1784547303478647552,23.843903303146362,2.701141357421875,-1.1143951416015625,0.9137420654296875
1784547303488567296,23.85382318496704,2.669891357421875,-1.1357879638671875,1.0639801025390625
1784547303498487552,23.8637433052063,2.6803131103515625,-1.074462890625,1.2655792236328125
1784547303508406528,23.87366223335266,2.723297119140625,-0.8882904052734375,1.3806610107421875
1784547303518326528,23.88358235359192,2.7607421875,-0.6396331787109375,1.4303741455078125
1784547303528246528,23.893502235412598,2.7602081298828125,-0.4726409912109375,1.357696533203125
1784547303538165248,23.90342116355896,2.79412841796875,-0.35467529296875,1.2847137451171875
1784547303548085504,23.913341283798218,2.8353729248046875,-0.1819305419921875,1.2086029052734375
1784547303558005248,23.923261165618896,2.94293212890625,0.018890380859375,1.054443359375
1784547303567925504,23.933181285858154,2.9905242919921875,0.2808837890625,0.867340087890625
1784547303577844480,23.943100214004517,2.9343414306640625,0.598602294921875,0.753448486328125
1784547303587764480,23.953020334243774,2.8431854248046875,0.9096221923828125,0.718292236328125
1784547303597684480,23.962940216064453,2.7255096435546875,1.022186279296875,0.630859375
1784547303607603456,23.972859382629395,2.611907958984375,1.00384521484375,0.6537322998046875
1784547303617523456,23.982779264450073,2.4834136962890625,1.0088348388671875,0.6737823486328125
1784547303627443456,23.99269938468933,2.463470458984375,1.057586669921875,0.6244964599609375
1784547303637363456,24.00261926651001,2.50079345703125,1.1897735595703125,0.4882965087890625
1784547303647282432,24.012538194656372,2.4621429443359375,1.433807373046875,0.4042205810546875
1784547303657202432,24.02245831489563,2.3927459716796875,1.72882080078125,0.3317108154296875
1784547303667122432,24.03237819671631,2.22369384765625,2.0876007080078125,0.3136138916015625
1784547303677041408,24.04229736328125,1.9273681640625,2.3874359130859375,0.2998199462890625
1784547303686961408,24.05221724510193,1.5425872802734375,2.480743408203125,0.2048187255859375
1784547303696881408,24.062137365341187,1.192779541015625,2.6363677978515625,-0.010040283203125
1784547303706800384,24.07205629348755,1.0479583740234375,3.0184478759765625,0.2720184326171875
1784547303716720384,24.081976175308228,1.80755615234375,3.243408203125,-0.1046905517578125
1784547303726640384,24.091896295547485,0.851104736328125,3.0608673095703125,-0.4781494140625
1784547303736560384,24.101816177368164,0.729278564453125,3.038604736328125,-0.6106719970703125
1784547303746479616,24.111735343933105,0.6510009765625,3.1660919189453125,-0.6082916259765625
1784547303756399360,24.121655225753784,0.719696044921875,2.58477783203125,-1.0531158447265625
1784547303766319616,24.131575345993042,0.77886962890625,1.7644805908203125,-1.2456512451171875
1784547303776238336,24.141494274139404,0.505218505859375,1.1029510498046875,-0.5350189208984375
1784547303786157568,24.151413440704346,1.61602783203125,0.914825439453125,-0.19671630859375
1784547303796077568,24.161333322525024,-0.025421142578125,0.9173431396484375,-0.397796630859375
1784547303805996544,24.171252250671387,-1.063232421875,0.8440704345703125,-0.3488922119140625
1784547303815916544,24.181172370910645,-0.980499267578125,0.9809112548828125,-0.411834716796875
1784547303825836544,24.191092252731323,-0.2194366455078125,1.2072601318359375,-0.3863372802734375
1784547303835755520,24.201011419296265,0.505828857421875,1.4506988525390625,-1.0537567138671875
1784547303845675520,24.210931301116943,0.79803466796875,1.3744354248046875,-0.75970458984375
1784547303855595520,24.2208514213562,0.7357330322265625,1.0466766357421875,-0.933990478515625
1784547303865515520,24.23077130317688,0.6555023193359375,0.9595794677734375,-0.6456451416015625
1784547303875434752,24.24069046974182,0.624053955078125,0.66583251953125,-0.792694091796875
1784547303885354496,24.2506103515625,0.4321746826171875,0.7199859619140625,-0.6627960205078125
1784547303895274752,24.260530471801758,0.3787841796875,0.6128997802734375,-0.762359619140625
1784547303905193472,24.27044939994812,0.3132781982421875,0.591552734375,-0.8114471435546875
1784547303915113472,24.2803692817688,0.2838897705078125,0.6183319091796875,-0.8007659912109375
1784547303925033472,24.290289402008057,0.339874267578125,0.56024169921875,-1.0322113037109375
1784547303934952448,24.30020833015442,0.353515625,0.4871826171875,-0.9307098388671875
1784547303944872704,24.310128450393677,0.154022216796875,0.42425537109375,-0.9171142578125
1784547303954792448,24.320048332214355,0.0291290283203125,0.251861572265625,-0.9119110107421875
1784547303964712704,24.329968452453613,-0.056365966796875,0.3441619873046875,-0.7188873291015625
1784547303974631424,24.339887380599976,0.2424163818359375,0.14300537109375,-0.8686065673828125
1784547303984551424,24.349807262420654,0.12640380859375,0.1480255126953125,-0.9369354248046875
1784547303994471424,24.359727382659912,0.0471038818359375,0.450897216796875,-0.9179534912109375
1784547304004390400,24.369646310806274,-0.0230255126953125,0.59759521484375,-0.958587646484375
1784547304014310656,24.379566431045532,0.1753387451171875,0.55889892578125,-0.99090576171875
1784547304024230400,24.38948631286621,0.3647003173828125,0.3334503173828125,-0.99847412109375
1784547304034149376,24.399405241012573,0.3162689208984375,0.092926025390625,-1.0415802001953125
1784547304044069632,24.40932536125183,0.357086181640625,-0.0339202880859375,-0.9626922607421875
1784547304053989376,24.41924524307251,0.3509368896484375,-0.0361480712890625,-0.957611083984375
1784547304063909632,24.429165363311768,0.21881103515625,-0.001129150390625,-0.9954071044921875
1784547304073828352,24.43908429145813,0.156890869140625,0.1396484375,-0.9006805419921875
1784547304083748608,24.449004411697388,0.160736083984375,0.2298126220703125,-0.7574310302734375
1784547304093668352,24.458924293518066,0.20355224609375,0.124755859375,-0.86090087890625
1784547304103587584,24.468843460083008,0.255706787109375,-0.0125885009765625,-0.9527587890625
1784547304113507584,24.478763341903687,0.3119659423828125,-0.0251007080078125,-0.8074188232421875
1784547304123427584,24.488683462142944,0.3045196533203125,-0.137939453125,-0.7503509521484375
1784547304133346560,24.498602390289307,0.236968994140625,-0.218994140625,-0.8204498291015625
1784547304143266560,24.508522272109985,0.1631622314453125,-0.10296630859375,-0.7234954833984375
1784547304153186560,24.518442392349243,0.14996337890625,0.0891571044921875,-0.609710693359375
1784547304163106560,24.528362274169922,0.20770263671875,0.185546875,-0.6177215576171875
1784547304173025536,24.538281440734863,0.38702392578125,0.2722625732421875,-0.46826171875
1784547304182945536,24.548201322555542,0.4592132568359375,0.18902587890625,-0.2446136474609375
1784547304192865536,24.5581214427948,0.42132568359375,-0.000274658203125,-0.1539306640625
1784547304202784512,24.568040370941162,0.5079803466796875,-0.0489501953125,-0.07135009765625
1784547304212704512,24.57796025276184,0.5119476318359375,-0.1766510009765625,-0.1689605712890625
1784547304222624512,24.5878803730011,0.3548126220703125,-0.0976409912109375,-0.171783447265625
1784547304232543488,24.59779930114746,0.299652099609375,-0.0358428955078125,-0.292022705078125
1784547304242463488,24.60771942138672,0.37115478515625,-0.1121673583984375,-0.4372100830078125
1784547304252383488,24.617639303207397,0.5713958740234375,-0.157470703125,-0.5515899658203125
1784547304262303488,24.627559423446655,0.8336944580078125,0.007843017578125,-0.4869537353515625
1784547304272222464,24.637478351593018,0.9113616943359375,0.2132415771484375,-0.5690765380859375
1784547304282142720,24.647398471832275,1.00140380859375,0.3583221435546875,-0.74493408203125
1784547304292062464,24.657318353652954,1.032318115234375,0.4539947509765625,-0.70611572265625
1784547304301981440,24.667237281799316,1.1121368408203125,0.4384765625,-0.7651519775390625
1784547304311901696,24.677157402038574,1.2022247314453125,0.2657012939453125,-0.7409210205078125
1784547304321821440,24.687077283859253,1.3192901611328125,0.150665283203125,-0.5853424072265625
1784547304331740672,24.696996450424194,1.349853515625,0.1295013427734375,-0.52227783203125
1784547304341660416,24.706916332244873,1.3525848388671875,0.2063140869140625,-0.34930419921875
1784547304351580672,24.71683645248413,1.41259765625,0.2198486328125,-0.1907196044921875
1784547304361499648,24.726755380630493,1.508270263671875,0.0894927978515625,-0.222625732421875
1784547304371419392,24.736675262451172,1.605621337890625,-0.1531829833984375,-0.24737548828125
1784547304381339648,24.74659538269043,1.7690582275390625,-0.5194854736328125,-0.1014556884765625
1784547304391259392,24.75651526451111,1.946136474609375,-0.7473907470703125,-0.0074462890625
1784547304401178624,24.76643443107605,2.0482177734375,-0.56805419921875,0.15228271484375
1784547304411098368,24.77635431289673,2.0033721923828125,-0.5115966796875,0.2999114990234375
1784547304421018624,24.786274433135986,1.7607879638671875,-0.6628265380859375,0.3141632080078125
1784547304430937600,24.79619336128235,1.817047119140625,-0.95916748046875,0.35858154296875
1784547304440857344,24.806113243103027,1.88330078125,-1.545623779296875,0.114471435546875
1784547304450777600,24.816033363342285,1.8066558837890625,-2.00787353515625,-0.326080322265625
1784547304460696576,24.825952291488647,1.878753662109375,-2.25762939453125,-0.5830230712890625
1784547304470616576,24.835872411727905,1.971649169921875,-2.44842529296875,-0.757598876953125
1784547304480536576,24.845792293548584,2.31146240234375,-2.2464447021484375,-0.870819091796875
1784547304490456576,24.855712413787842,2.1990509033203125,-1.7799835205078125,-0.846435546875
1784547304500375552,24.865631341934204,2.0735015869140625,-1.631500244140625,-0.7177276611328125
1784547304510295552,24.875551462173462,1.9617462158203125,-1.7855224609375,-0.7783355712890625
1784547304520215552,24.88547134399414,1.792694091796875,-2.097625732421875,-0.7854461669921875
1784547304530134528,24.895390272140503,1.6549224853515625,-1.8638153076171875,-0.8271942138671875
1784547304540054528,24.90531039237976,1.618743896484375,-1.1985321044921875,-0.1944732666015625
1784547304549974528,24.91523027420044,1.6930999755859375,-0.559356689453125,0.015411376953125
1784547304559893504,24.92514944076538,1.3328399658203125,-0.23675537109375,-0.20379638671875
1784547304569813504,24.93506932258606,0.9511260986328125,-0.098663330078125,-0.1938934326171875
1784547304579733504,24.944989442825317,0.907470703125,0.08905029296875,-0.1408233642578125
1784547304589653504,24.954909324645996,0.933074951171875,0.266510009765625,-0.01275634765625
1784547304599572480,24.96482825279236,1.0883636474609375,0.499603271484375,0.1342926025390625
1784547304609492480,24.974748373031616,0.9124298095703125,0.7618865966796875,0.2189483642578125
1784547304619412480,24.984668254852295,1.737518310546875,0.5224151611328125,0.3255767822265625
1784547304629331712,24.994587421417236,2.4412841796875,0.589324951171875,-0.2330780029296875
1784547304639251456,25.004507303237915,1.519744873046875,-0.272491455078125,0.09637451171875
1784547304649171712,25.014427423477173,2.494354248046875,-0.9819488525390625,-0.7106475830078125
1784547304659090432,25.024346351623535,3.218353271484375,-0.164703369140625,-0.373046875
1784547304669010688,25.034266471862793,2.5679473876953125,0.3147430419921875,-0.1121368408203125
1784547304678930432,25.04418635368347,2.2233734130859375,-0.0150604248046875,-1.069854736328125
1784547304688850688,25.05410647392273,2.4793548583984375,0.064056396484375,-0.9249267578125
1784547304698769664,25.064025402069092,2.377655029296875,-0.0076141357421875,-0.433685302734375
1784547304708689408,25.07394528388977,2.6383819580078125,0.016937255859375,-0.5296478271484375
1784547304718609664,25.08386540412903,2.5078582763671875,0.1075592041015625,-0.7183990478515625
1784547304728528384,25.09378433227539,1.910614013671875,-0.0787200927734375,-0.18719482421875
1784547304738448640,25.10370445251465,2.2742156982421875,0.179901123046875,0.3793792724609375
1784547304748368384,25.113624334335327,2.1996917724609375,0.182220458984375,-0.0435638427734375
1784547304758287360,25.12354326248169,1.8349456787109375,-0.4844818115234375,0.548248291015625
1784547304768207616,25.133463382720947,1.76336669921875,-0.8494110107421875,0.6982421875
1784547304778127360,25.143383264541626,1.99676513671875,-0.67236328125,0.1617431640625
1784547304788048896,25.15330481529236,2.082000732421875,-0.9652557373046875,-0.179473876953125
1784547304797967872,25.16322374343872,1.4793701171875,-0.9396820068359375,0.1297454833984375
1784547304807887872,25.1731436252594,1.4658966064453125,-0.511871337890625,0.168182373046875
1784547304817807872,25.183063745498657,2.0300445556640625,-0.09906005859375,-0.1677398681640625
1784547304827726848,25.19298267364502,2.5454864501953125,-0.0193023681640625,-0.7865753173828125
1784547304837646848,25.202902793884277,2.4437713623046875,0.24395751953125,-0.89251708984375
1784547304847566848,25.212822675704956,2.08184814453125,0.0306243896484375,-1.1825408935546875
1784547304857486080,25.222741842269897,2.1034393310546875,0.7652587890625,-1.1841888427734375
1784547304867405824,25.232661724090576,1.609954833984375,1.0122528076171875,-1.3753662109375
1784547304877326080,25.242581844329834,2.07647705078125,1.2541656494140625,-1.2583465576171875
1784547304887245824,25.252501726150513,2.656585693359375,1.0426483154296875,-1.9680023193359375
1784547304897164800,25.262420654296875,2.3245697021484375,0.626861572265625,-2.073944091796875
1784547304907085056,25.272340774536133,2.140045166015625,0.697479248046875,-1.8109588623046875
1784547304917004800,25.28226065635681,2.083343505859375,0.6235504150390625,-1.4949493408203125
1784547304926924032,25.292179822921753,2.120697021484375,0.4800262451171875,-1.2491607666015625
1784547304936843776,25.30209970474243,2.18133544921875,0.16424560546875,-1.369842529296875
1784547304946764032,25.31201982498169,2.3960113525390625,-0.0335845947265625,-1.5666656494140625
1784547304956683008,25.32193875312805,2.6730499267578125,-0.151580810546875,-1.6441802978515625
1784547304966602752,25.33185863494873,2.8184661865234375,-0.176239013671875,-1.7347412109375
1784547304976523008,25.34177875518799,2.90869140625,-0.2396087646484375,-1.4947509765625
1784547304986441728,25.35169768333435,2.9963531494140625,-0.4091339111328125,-1.0248870849609375
1784547304996361984,25.36161780357361,3.0793609619140625,-0.58233642578125,-0.6455230712890625
1784547305006281728,25.371537685394287,3.077667236328125,-0.6750946044921875,-0.2749481201171875
1784547305016201984,25.381457805633545,2.9738311767578125,-0.6977081298828125,0.1219940185546875
1784547305026120960,25.391376733779907,2.831939697265625,-0.7118072509765625,0.445465087890625
1784547305036040704,25.401296615600586,2.7342071533203125,-0.752288818359375,0.661346435546875
1784547305045960960,25.411216735839844,2.6955718994140625,-0.814117431640625,0.768585205078125
1784547305055879936,25.421135663986206,2.7136993408203125,-0.8675537109375,0.7913665771484375
1784547305065799936,25.431055784225464,2.829498291015625,-0.79388427734375,0.7035064697265625
1784547305075719936,25.440975666046143,3.0111846923828125,-0.574951171875,0.5557403564453125
1784547305085638912,25.450894832611084,3.259796142578125,-0.3511199951171875,0.661163330078125
1784547305095558912,25.460814714431763,3.4456787109375,-0.2380218505859375,0.874176025390625
1784547305105478912,25.47073483467102,3.5174560546875,-0.09539794921875,0.9517974853515625
1784547305115397888,25.480653762817383,3.422882080078125,0.2141571044921875,1.0042266845703125
1784547305125317888,25.49057364463806,3.2075653076171875,0.5870819091796875,1.047515869140625
1784547305135237888,25.50049376487732,2.9649505615234375,0.8550567626953125,1.118927001953125
1784547305145157888,25.510413646697998,2.730194091796875,0.86883544921875,1.0560302734375
1784547305155076864,25.52033281326294,2.5385284423828125,0.6475982666015625,0.9370880126953125
1784547305164996864,25.530252695083618,2.3796844482421875,0.3578338623046875,0.7579193115234375
1784547305174916864,25.540172815322876,2.386138916015625,0.1558990478515625,0.4556884765625
1784547305184835840,25.55009174346924,2.437042236328125,0.2384033203125,0.2814788818359375
1784547305194755840,25.560011625289917,2.3399810791015625,0.6905975341796875,0.3527374267578125
1784547305204675840,25.569931745529175,2.0678558349609375,1.2317047119140625,0.540191650390625
1784547305214594816,25.579850673675537,1.7491912841796875,1.4597320556640625,0.566131591796875
1784547305224515072,25.589770793914795,1.507965087890625,1.45867919921875,0.4545440673828125
1784547305234434816,25.599690675735474,1.4470672607421875,1.356658935546875,0.4512786865234375
1784547305244355072,25.60961079597473,1.5349578857421875,1.3366851806640625,0.5511474609375
1784547305254273792,25.619529724121094,1.6262359619140625,1.7724609375,0.6068878173828125
1784547305264194048,25.62944984436035,1.613739013671875,2.6796722412109375,0.5418701171875
1784547305274113792,25.63936972618103,2.499603271484375,3.8580474853515625,0.341461181640625
1784547305284032768,25.649288654327393,1.8634490966796875,4.9553680419921875,0.0186004638671875
1784547305293953024,25.65920877456665,0.541107177734375,4.3613739013671875,-0.5244903564453125
1784547305303872768,25.66912865638733,-0.4480438232421875,4.4206390380859375,-0.930145263671875
1784547305313792000,25.67904782295227,-1.285980224609375,3.60870361328125,-0.58837890625
1784547305323712000,25.68896770477295,-0.8466644287109375,2.0299530029296875,-0.3156585693359375
1784547305333632000,25.698887825012207,0.2133941650390625,1.5735626220703125,-0.4613800048828125
1784547305343550976,25.70880675315857,1.58245849609375,1.3495941162109375,-0.2999420166015625
1784547305353470720,25.718726634979248,1.9780731201171875,0.9443359375,-0.291046142578125
1784547305363390976,25.728646755218506,1.911895751953125,0.7945098876953125,-0.1908721923828125
1784547305373310720,25.738566637039185,0.1964111328125,0.6219482421875,-0.4387664794921875
1784547305383229952,25.748485803604126,-0.218994140625,0.782806396484375,-0.60589599609375
1784547305393149952,25.758405685424805,-0.4049530029296875,0.7418670654296875,-0.6713104248046875
1784547305403069952,25.768325805664062,0.2475128173828125,0.7613983154296875,-0.4730987548828125
1784547305412988928,25.778244733810425,0.4924163818359375,0.8873138427734375,-0.72747802734375
1784547305422908672,25.788164615631104,0.6795654296875,0.961639404296875,-0.7354278564453125
1784547305432828928,25.79808473587036,0.369842529296875,0.9878997802734375,-0.8657379150390625
1784547305442747904,25.808003664016724,0.2953338623046875,0.9028472900390625,-0.98052978515625
1784547305452667904,25.81792378425598,0.1349029541015625,0.7682647705078125,-0.938720703125
1784547305462587904,25.82784366607666,0.254302978515625,0.4560546875,-0.894073486328125
1784547305472506880,25.8377628326416,0.18048095703125,0.1031494140625,-1.001251220703125
1784547305482426880,25.84768271446228,0.18939208984375,-0.0449676513671875,-1.1568603515625
1784547305492346880,25.857602834701538,0.228485107421875,0.1300811767578125,-1.0823822021484375
1784547305502266880,25.867522716522217,0.2534332275390625,0.2874908447265625,-1.18951416015625
1784547305512185856,25.87744164466858,0.2122344970703125,0.4416656494140625,-1.149444580078125
1784547305522105856,25.887361764907837,0.2101898193359375,0.395172119140625,-1.22760009765625
1784547305532025856,25.897281646728516,0.143768310546875,0.322845458984375,-0.977630615234375
1784547305541945088,25.907200813293457,0.0797119140625,0.0337677001953125,-1.0275115966796875
1784547305551864832,25.917120695114136,0.001617431640625,-0.1913909912109375,-0.98980712890625
1784547305561785088,25.927040815353394,-0.0600738525390625,-0.297882080078125,-1.0453643798828125
1784547305571703808,25.936959743499756,0.0073394775390625,-0.38397216796875,-1.105316162109375
1784547305581623808,25.946879625320435,0.0881195068359375,-0.30340576171875,-1.103363037109375
1784547305591543808,25.956799745559692,0.0900115966796875,-0.12664794921875,-1.115692138671875
1784547305601462784,25.966718673706055,0.09423828125,0.091461181640625,-1.0683746337890625
1784547305611383040,25.976638793945312,0.1240081787109375,0.1923675537109375,-1.01055908203125
1784547305621302784,25.98655867576599,0.1084442138671875,0.1157989501953125,-0.96514892578125
1784547305631223040,25.99647879600525,0.0567169189453125,0.001190185546875,-0.9461822509765625
1784547305641142016,26.00639772415161,0.05706787109375,-0.1055908203125,-0.8303985595703125
1784547305651062016,26.01631784439087,0.1111297607421875,-0.253265380859375,-0.7792205810546875
1784547305660982016,26.026237726211548,0.183135986328125,-0.3355712890625,-0.7181549072265625
1784547305670900736,26.03615665435791,0.2803955078125,-0.3468780517578125,-0.7451019287109375
1784547305680820992,26.046076774597168,0.323883056640625,-0.1054840087890625,-0.592926025390625
1784547305690740736,26.055996656417847,0.28009033203125,0.1844635009765625,-0.5008544921875
1784547305700659968,26.065915822982788,0.26300048828125,0.3744049072265625,-0.518463134765625
1784547305710579968,26.075835704803467,0.220367431640625,0.517120361328125,-0.509918212890625
1784547305720499968,26.085755825042725,0.242431640625,0.483245849609375,-0.36700439453125
1784547305730418944,26.095674753189087,0.300201416015625,0.2122955322265625,-0.144866943359375
1784547305740338688,26.105594635009766,0.324951171875,-0.0482025146484375,0.0647125244140625
1784547305750258944,26.115514755249023,0.3232269287109375,-0.31182861328125,0.1852874755859375
1784547305760178688,26.125434637069702,0.2405548095703125,-0.383575439453125,0.07159423828125
1784547305770097920,26.135353803634644,0.2654266357421875,-0.241912841796875,-0.1575927734375
1784547305780017920,26.145273685455322,0.2751617431640625,0.0103912353515625,-0.32452392578125
1784547305789938176,26.15519404411316,0.3753509521484375,0.3654327392578125,-0.5652313232421875
1784547305799857152,26.16511297225952,0.5391082763671875,0.57952880859375,-0.7731475830078125
1784547305809777152,26.17503309249878,0.625518798828125,0.662841796875,-1.0462188720703125
1784547305819697152,26.184952974319458,0.8580474853515625,0.571075439453125,-1.250518798828125
1784547305829616128,26.19487190246582,0.938720703125,0.8667144775390625,-1.169830322265625
1784547305839536128,26.204792022705078,0.9766387939453125,1.1706390380859375,-1.344482421875
1784547305849456128,26.214711904525757,0.9849395751953125,1.143798828125,-1.2803802490234375
1784547305859375360,26.2246310710907,0.993988037109375,0.8614349365234375,-0.91656494140625
1784547305869295104,26.234550952911377,1.1134796142578125,0.4579315185546875,-0.9290008544921875
1784547305879215360,26.244471073150635,1.16827392578125,0.2085113525390625,-0.7910614013671875
1784547305889134080,26.254390001296997,1.277008056640625,0.031494140625,-0.6426239013671875
1784547305899054080,26.264309883117676,1.3546295166015625,-0.1238250732421875,-0.52325439453125
1784547305908974080,26.274230003356934,1.3954010009765625,-0.3185882568359375,-0.3904571533203125
1784547305918894080,26.284149885177612,1.3494415283203125,-0.4067535400390625,-0.2548370361328125
1784547305928813312,26.294069051742554,1.3017120361328125,-0.4297027587890625,-0.16754150390625
1784547305938733056,26.303988933563232,1.4933319091796875,-0.282470703125,-0.0570220947265625
1784547305948653312,26.31390905380249,1.5912628173828125,-0.0338897705078125,-0.00457763671875
1784547305958572032,26.323827981948853,1.593292236328125,0.0904998779296875,0.0490875244140625
1784547305968492032,26.33374786376953,1.61370849609375,-0.1125946044921875,0.2499847412109375
1784547305978412032,26.34366798400879,1.7100830078125,-0.57733154296875,0.4083251953125
1784547305988331008,26.35358691215515,1.955108642578125,-1.3714141845703125,0.4429779052734375
1784547305998251264,26.36350703239441,2.1319732666015625,-1.836944580078125,0.3074798583984375
1784547306008171008,26.373426914215088,1.990142822265625,-1.7984771728515625,0.1644439697265625
1784547306018090240,26.38334608078003,1.659332275390625,-2.0353851318359375,-0.2026214599609375
1784547306028010240,26.393265962600708,1.8325653076171875,-2.038848876953125,-0.341339111328125
1784547306037930240,26.403186082839966,2.18218994140625,-1.8017730712890625,-0.3911285400390625
1784547306047850240,26.413105964660645,2.3122406005859375,-1.737213134765625,-0.4631805419921875
1784547306057768960,26.423024892807007,2.415283203125,-1.6851654052734375,-0.741729736328125
1784547306067689216,26.432945013046265,2.6700439453125,-1.9427490234375,-0.7629547119140625
1784547306077608960,26.442864894866943,2.987213134765625,-1.7146148681640625,-0.8135833740234375
1784547306087528192,26.452784061431885,2.855712890625,-1.4030914306640625,-0.8158111572265625
1784547306097448192,26.462703943252563,2.4088592529296875,-1.18402099609375,-0.64013671875
1784547306107368192,26.47262406349182,1.9243316650390625,-1.136505126953125,-0.2910614013671875
1784547306117287168,26.482542991638184,1.4947357177734375,-0.8701171875,-0.2938995361328125
1784547306127207168,26.492462873458862,0.988983154296875,-0.4922027587890625,-0.093109130859375
1784547306137127168,26.50238299369812,1.3493499755859375,-0.1679534912109375,0.2503814697265625
1784547306147046144,26.512301921844482,1.229095458984375,0.142730712890625,0.04510498046875
1784547306156966144,26.52222204208374,0.853179931640625,0.418792724609375,0.0300445556640625
1784547306166886144,26.53214192390442,0.9901885986328125,0.8175506591796875,0.0314483642578125
1784547306176806144,26.542062044143677,1.5830535888671875,0.6720428466796875,-0.348541259765625
1784547306186725120,26.55198097229004,1.85467529296875,0.012908935546875,-0.19036865234375
1784547306196645376,26.561901092529297,1.987152099609375,-0.214202880859375,-0.22515869140625
1784547306206565120,26.571820974349976,2.3966217041015625,0.3162384033203125,-0.2741851806640625
1784547306216484096,26.581739902496338,1.980133056640625,0.3707122802734375,-0.3498382568359375
1784547306226404096,26.591660022735596,2.0403289794921875,0.3058624267578125,-0.513275146484375
1784547306236324096,26.601579904556274,2.3666229248046875,0.418975830078125,-0.3223876953125
1784547306246243328,26.611499071121216,2.641204833984375,-0.013336181640625,-0.743072509765625
1784547306256163072,26.621418952941895,2.54510498046875,-0.2797088623046875,-0.5326385498046875
1784547306266083328,26.631339073181152,2.6164398193359375,-0.322906494140625,-0.597808837890625
1784547306276002048,26.641258001327515,2.23968505859375,-0.2870330810546875,-0.526031494140625
1784547306285922048,26.651177883148193,2.2055206298828125,0.35235595703125,-0.5511474609375
1784547306295842048,26.66109800338745,1.956146240234375,0.219390869140625,-0.337615966796875
1784547306305762048,26.67101788520813,1.4820098876953125,-0.2265625,-0.4450836181640625
1784547306315681280,26.68093705177307,1.860015869140625,0.1695556640625,0.3126373291015625
1784547306325601024,26.69085693359375,1.7543182373046875,-0.4394378662109375,-0.2461700439453125
1784547306335521280,26.700777053833008,1.26171875,-0.83184814453125,0.1977386474609375
1784547306345440256,26.71069598197937,1.8075103759765625,-0.3282318115234375,0.7138519287109375
1784547306355360000,26.72061586380005,2.1744842529296875,-0.101593017578125,0.1343536376953125
1784547306365280256,26.730535984039307,1.5381622314453125,-0.135650634765625,-0.4545745849609375
1784547306375198976,26.74045491218567,1.5309906005859375,0.0528411865234375,-0.120269775390625
1784547306385119232,26.750375032424927,1.2859344482421875,0.208160400390625,-0.1600494384765625
1784547306395038976,26.760294914245605,1.551177978515625,0.3526153564453125,-0.59112548828125
1784547306404958208,26.770214080810547,1.5796051025390625,0.53668212890625,-0.68914794921875
1784547306414878208,26.780133962631226,1.66156005859375,0.752593994140625,-0.998992919921875
1784547306424798208,26.790054082870483,1.8970184326171875,0.888824462890625,-1.1769256591796875
1784547306434717184,26.799973011016846,1.72467041015625,1.1048583984375,-1.37432861328125
1784547306444637184,26.809892892837524,1.985260009765625,0.81451416015625,-1.0701141357421875
1784547306454557184,26.819813013076782,2.452880859375,0.9614410400390625,-1.199462890625
1784547306464477184,26.82973289489746,2.026153564453125,0.9662017822265625,-1.6608428955078125
1784547306474396160,26.839652061462402,1.896453857421875,0.935302734375,-1.733001708984375
1784547306484316160,26.84957194328308,1.8165130615234375,1.162261962890625,-1.5740966796875
1784547306494236160,26.85949206352234,1.9055938720703125,1.3258209228515625,-1.549530029296875
1784547306504155136,26.8694109916687,2.1338958740234375,1.197418212890625,-1.5528411865234375
1784547306514075136,26.87933087348938,2.4314727783203125,0.941497802734375,-1.563720703125
1784547306523995136,26.889250993728638,2.642181396484375,0.6125946044921875,-1.461273193359375
1784547306533914112,26.899169921875,2.6858673095703125,0.2181549072265625,-1.252166748046875
1784547306543834112,26.909090042114258,2.7025146484375,-0.1350860595703125,-1.1286468505859375
1784547306553754112,26.919009923934937,2.780609130859375,-0.3355865478515625,-1.0115203857421875
1784547306563673344,26.928929090499878,2.8753662109375,-0.4236297607421875,-0.80419921875
1784547306573593088,26.938848972320557,2.872528076171875,-0.4920501708984375,-0.59307861328125
1784547306583513344,26.948769092559814,2.8550262451171875,-0.5820159912109375,-0.4126129150390625
1784547306593433088,26.958688974380493,2.77667236328125,-0.617034912109375,-0.2164459228515625
1784547306603352064,26.968607902526855,2.795166015625,-0.6391448974609375,-0.0913848876953125
1784547306613272064,26.978528022766113,2.875457763671875,-0.6330413818359375,0.2080230712890625
1784547306623192064,26.988447904586792,2.9185791015625,-0.5733795166015625,0.5488739013671875
1784547306633111296,26.998367071151733,2.8994140625,-0.54620361328125,0.6838836669921875
1784547306643031040,27.008286952972412,2.86810302734375,-0.5545654296875,0.7866668701171875
1784547306652951296,27.01820707321167,2.853607177734375,-0.457977294921875,0.773345947265625
1784547306662870272,27.028126001358032,2.8623046875,-0.280517578125,0.760406494140625
1784547306672790016,27.03804588317871,2.95269775390625,-0.1024627685546875,0.7710723876953125
1784547306682710272,27.04796600341797,2.9860382080078125,-0.079315185546875,0.8458404541015625
1784547306692628992,27.05788493156433,2.9460906982421875,-0.0765380859375,0.9553680419921875
1784547306702549248,27.06780505180359,2.8856658935546875,0.0764617919921875,0.9874267578125
1784547306712468992,27.077724933624268,2.8363037109375,0.3272247314453125,1.0140228271484375
1784547306722387968,27.08764386177063,2.7565765380859375,0.5451812744140625,1.049072265625
1784547306732308224,27.097563982009888,2.5899505615234375,0.535614013671875,0.9839630126953125
1784547306742227968,27.107483863830566,2.4241943359375,0.296112060546875,0.8445892333984375
1784547306752147200,27.117403030395508,2.3233489990234375,0.0932769775390625,0.788665771484375
1784547306762067200,27.127322912216187,2.3299713134765625,0.0538330078125,0.7122039794921875
1784547306771987200,27.137243032455444,2.39501953125,0.1107635498046875,0.712860107421875
1784547306781907200,27.147162914276123,2.3947906494140625,0.2407989501953125,0.8666534423828125
1784547306791825152,27.15708088874817,2.31011962890625,0.4451904296875,1.116851806640625
1784547306801745152,27.167001008987427,2.12823486328125,0.793975830078125,1.0981903076171875
1784547306811665152,27.176920890808105,1.8853912353515625,1.2696380615234375,0.8538818359375
1784547306821584128,27.186840057373047,1.6408843994140625,1.6866455078125,0.7393951416015625
1784547306831504128,27.196759939193726,1.367645263671875,1.8666534423828125,0.5640869140625
1784547306841424128,27.206680059432983,1.247467041015625,2.2132110595703125,0.47686767578125
1784547306851343104,27.216598987579346,3.7599639892578125,3.801055908203125,-0.2707672119140625
1784547306861263104,27.226518869400024,2.7866058349609375,5.3192901611328125,0.21685791015625
1784547306871183104,27.236438989639282,0.823150634765625,4.4184722900390625,-0.4789581298828125
1784547306881102080,27.246357917785645,0.101654052734375,4.45062255859375,-0.488525390625
1784547306891022080,27.256278038024902,-0.912841796875,3.2174530029296875,-0.44140625
1784547306900942080,27.26619791984558,-1.0050506591796875,2.0892791748046875,-0.0090179443359375
1784547306910861312,27.276117086410522,0.0124969482421875,1.3881072998046875,0.4893341064453125
1784547306920781056,27.2860369682312,0.8126983642578125,1.0205535888671875,-0.9700927734375
1784547306930701312,27.29595708847046,1.6180572509765625,1.4690704345703125,-0.6507568359375
1784547306940621056,27.305876970291138,1.3980255126953125,1.696990966796875,-0.6379547119140625
1784547306950540032,27.3157958984375,1.084991455078125,1.47772216796875,-0.838592529296875
1784547306960460288,27.325716018676758,0.5696868896484375,1.111175537109375,-0.8866424560546875
1784547306970380032,27.335635900497437,0.2081146240234375,1.117950439453125,-0.659454345703125
1784547306980299264,27.345555067062378,0.3544464111328125,0.9974822998046875,-0.7588958740234375
1784547306990219008,27.355474948883057,0.570953369140625,0.9579010009765625,-0.569488525390625
1784547307000139264,27.365395069122314,0.7465362548828125,0.810089111328125,-0.528961181640625
1784547307010058240,27.375313997268677,0.76824951171875,0.426971435546875,-0.61322021484375
1784547307019977984,27.385233879089355,0.6055908203125,0.2179718017578125,-0.653228759765625
1784547307029898240,27.395153999328613,0.4473114013671875,0.04833984375,-0.726531982421875
1784547307039817216,27.405072927474976,0.4248504638671875,0.01336669921875,-0.8321685791015625
1784547307049737216,27.414993047714233,0.257537841796875,0.2384796142578125,-0.8614044189453125
1784547307059657216,27.424912929534912,0.283294677734375,0.6787109375,-0.96728515625
1784547307069576192,27.434832096099854,0.318359375,0.8325347900390625,-1.2342071533203125
1784547307079496192,27.444751977920532,0.24810791015625,0.8706207275390625,-1.22430419921875
1784547307089416192,27.45467209815979,0.0995941162109375,0.7838134765625,-1.27386474609375
1784547307099335168,27.464591026306152,0.073333740234375,0.66900634765625,-1.0943603515625
1784547307109255168,27.47451090812683,-0.010498046875,0.4530792236328125,-0.924407958984375
1784547307119175168,27.48443102836609,0.0395660400390625,0.183746337890625,-0.937591552734375
1784547307129095168,27.494350910186768,0.113555908203125,0.081329345703125,-0.9848175048828125
1784547307139014144,27.50427007675171,0.247955322265625,0.07275390625,-0.8768768310546875
1784547307148934144,27.514189958572388,0.419586181640625,0.0242767333984375,-1.0060272216796875
1784547307158854144,27.524110078811646,0.3304290771484375,0.17510986328125,-1.0015716552734375
1784547307168773120,27.534029006958008,0.197265625,0.322509765625,-0.899322509765625
1784547307178693120,27.543948888778687,0.2713165283203125,0.4938201904296875,-0.9323577880859375
1784547307188613120,27.553869009017944,0.3475799560546875,0.4363555908203125,-0.9923248291015625
1784547307198532096,27.563787937164307,0.2705841064453125,0.178802490234375,-0.897705078125
1784547307208452352,27.573708057403564,0.2071380615234375,-0.0774688720703125,-0.7071990966796875
1784547307218372096,27.583627939224243,0.233001708984375,-0.3649444580078125,-0.6483154296875
1784547307228291072,27.593546867370605,0.2574462890625,-0.554595947265625,-0.6580657958984375
1784547307238211072,27.603466987609863,0.3044586181640625,-0.5164337158203125,-0.5279541015625
1784547307248131072,27.613386869430542,0.2712554931640625,-0.30322265625,-0.4250640869140625
1784547307258050304,27.623306035995483,0.3679962158203125,-0.1193695068359375,-0.2693023681640625
1784547307267970048,27.633225917816162,0.428375244140625,-0.0485992431640625,-0.168731689453125
1784547307277890304,27.64314603805542,0.3152008056640625,-0.1667633056640625,-0.2630615234375
1784547307287809024,27.653064966201782,0.3179779052734375,-0.305816650390625,-0.2025909423828125
1784547307297729280,27.66298508644104,0.3770599365234375,-0.3292388916015625,-0.18365478515625
1784547307307649024,27.67290496826172,0.4869537353515625,-0.3710174560546875,-0.4320068359375
1784547307317569280,27.682825088500977,0.5519866943359375,-0.2813720703125,-0.4581756591796875
1784547307327488256,27.69274401664734,0.60052490234375,-0.02740478515625,-0.3736724853515625
1784547307337408000,27.702663898468018,0.4781646728515625,0.347900390625,-0.325225830078125
1784547307347328256,27.712584018707275,0.5045928955078125,0.6305084228515625,-0.5431976318359375
1784547307357247232,27.722502946853638,0.7748870849609375,0.7138824462890625,-0.8366546630859375
1784547307367167232,27.732423067092896,1.02459716796875,0.5963134765625,-0.867218017578125
1784547307377087232,27.742342948913574,1.1262054443359375,0.385772705078125,-0.9150543212890625
1784547307387005952,27.752261877059937,1.122711181640625,0.3548431396484375,-0.8489990234375
1784547307396926208,27.762181997299194,1.068939208984375,0.4762420654296875,-0.797332763671875
1784547307406845952,27.772101879119873,1.0948028564453125,0.5671539306640625,-0.73992919921875
1784547307416765184,27.782021045684814,1.1977386474609375,0.4721221923828125,-0.7024383544921875
1784547307426685184,27.791940927505493,1.333709716796875,0.171478271484375,-0.695526123046875
1784547307436605184,27.80186104774475,1.4176788330078125,-0.1507720947265625,-0.4776153564453125
1784547307446524160,27.811779975891113,1.4762725830078125,-0.2064208984375,-0.2776641845703125
1784547307456444160,27.82170009613037,1.4927520751953125,-0.1378326416015625,-0.035491943359375
1784547307466364160,27.83161997795105,1.60205078125,-0.185943603515625,0.0029754638671875
1784547307476283136,27.841538906097412,1.7973480224609375,-0.234954833984375,-0.097320556640625
1784547307486203136,27.85145902633667,1.9152679443359375,-0.1965484619140625,0.08331298828125
1784547307496123136,27.86137890815735,2.201507568359375,-0.250762939453125,0.3885650634765625
1784547307506042368,27.87129807472229,2.4558563232421875,-0.762603759765625,0.237884521484375
1784547307515962112,27.88121795654297,2.2188568115234375,-1.5905914306640625,0.16876220703125
1784547307525882368,27.891138076782227,2.041900634765625,-1.9902801513671875,-0.060394287109375
1784547307535802112,27.901057958602905,1.8167266845703125,-1.701141357421875,-0.3721466064453125
1784547307545721088,27.910976886749268,1.817840576171875,-1.478424072265625,-0.4273681640625
1784547307555641088,27.920897006988525,1.88580322265625,-1.67962646484375,-0.6483154296875
1784547307565561088,27.930816888809204,2.31268310546875,-1.997161865234375,-0.8718719482421875
1784547307575480320,27.940736055374146,2.5909423828125,-2.0360565185546875,-0.9362945556640625
1784547307585400064,27.950655937194824,2.5583343505859375,-2.154144287109375,-0.8854522705078125
1784547307595320320,27.960576057434082,2.2625579833984375,-2.249420166015625,-0.8873291015625
1784547307605239040,27.970494985580444,1.7762451171875,-1.778778076171875,-0.82794189453125
1784547307615159040,27.980414867401123,0.946563720703125,-1.1533050537109375,-0.8963165283203125
1784547307625079040,27.99033498764038,0.9926910400390625,-1.217315673828125,-0.8415985107421875
1784547307634998016,28.000253915786743,1.603179931640625,-1.181854248046875,-0.6988525390625
1784547307644918272,28.010174036026,1.571380615234375,-0.7682037353515625,-0.462188720703125
1784547307654838016,28.02009391784668,1.5205230712890625,-0.13787841796875,0.0406646728515625
1784547307664757248,28.03001308441162,0.7823028564453125,0.1120147705078125,-0.14971923828125
1784547307674677248,28.0399329662323,0.3592681884765625,0.802215576171875,0.0773468017578125
1784547307684597248,28.049853086471558,0.1855926513671875,0.7264556884765625,0.0402069091796875
1784547307694516224,28.05977201461792,0.4892730712890625,0.552001953125,0.3059539794921875
1784547307704435968,28.0696918964386,1.325164794921875,0.1263427734375,-0.590728759765625
1784547307714356224,28.079612016677856,2.64306640625,0.358673095703125,-0.5408782958984375
1784547307724275968,28.089531898498535,2.9099578857421875,0.3526458740234375,-0.5029144287109375
1784547307734195200,28.099451065063477,3.271270751953125,0.2200469970703125,-0.79205322265625
1784547307744115200,28.109370946884155,1.93829345703125,0.2344207763671875,-0.3656768798828125
1784547307754035200,28.119291067123413,1.9888153076171875,-0.4536895751953125,0.0895233154296875
1784547307763954176,28.129209995269775,2.4263916015625,-0.3070526123046875,-0.2953338623046875
1784547307773873920,28.139129877090454,2.8218536376953125,0.0849151611328125,-0.039764404296875
1784547307783794176,28.149049997329712,3.129730224609375,0.055908203125,-0.7982330322265625
1784547307793713920,28.15896964073181,2.574798583984375,-0.4232025146484375,-0.6360321044921875
1784547307803633920,28.16888976097107,2.0648956298828125,-0.6247406005859375,-0.790557861328125
1784547307813553920,28.178809642791748,2.2089996337890625,-0.63446044921875,-0.627593994140625
1784547307823472896,28.18872880935669,2.6895294189453125,-0.1317596435546875,-0.536346435546875
1784547307833392896,28.198648691177368,1.9876556396484375,0.251068115234375,-0.68316650390625
1784547307843312896,28.208568811416626,1.465118408203125,0.0941314697265625,-0.6773223876953125
1784547307853231872,28.21848773956299,1.6452484130859375,0.1824493408203125,-0.1444854736328125
1784547307863151872,28.228407621383667,1.5045013427734375,-0.3110809326171875,0.0189361572265625
1784547307873071872,28.238327741622925,1.90435791015625,-0.1676788330078125,0.1688995361328125
1784547307882991872,28.248247623443604,1.87823486328125,0.1378173828125,0.19036865234375
1784547307892910848,28.258166790008545,2.3827667236328125,0.32989501953125,-0.089630126953125
1784547307902830848,28.268086671829224,2.0191192626953125,0.129058837890625,-0.5852813720703125
1784547307912750848,28.27800679206848,2.124176025390625,-0.2716522216796875,-0.6090545654296875
1784547307922669824,28.287925720214844,2.0704803466796875,-0.16900634765625,-1.0511322021484375
1784547307932590080,28.2978458404541,2.0124969482421875,0.3306121826171875,-1.51531982421875
1784547307942509824,28.30776572227478,1.87811279296875,0.9976043701171875,-1.3135833740234375
1784547307952428800,28.317684650421143,2.2563934326171875,1.1536407470703125,-1.376007080078125
1784547307962349056,28.3276047706604,2.7596893310546875,1.013580322265625,-1.4190673828125
1784547307972268800,28.33752465248108,2.435791015625,0.678863525390625,-1.221221923828125
1784547307982188032,28.34744381904602,1.8937225341796875,0.2586212158203125,-1.66253662109375
1784547307992107776,28.3573637008667,2.4094696044921875,0.1784210205078125,-1.5891876220703125
1784547308002028032,28.367283821105957,2.642181396484375,0.44110107421875,-1.60919189453125
1784547308011947008,28.37720274925232,2.2310943603515625,0.17333984375,-1.7238311767578125
1784547308021866752,28.387122631072998,2.0582122802734375,-0.3562774658203125,-1.4284515380859375
1784547308031787008,28.397042751312256,2.369842529296875,-0.400848388671875,-1.3751678466796875
1784547308041705728,28.406961679458618,2.490631103515625,-0.3499755859375,-1.32275390625
1784547308051625984,28.416881799697876,2.41387939453125,-0.539337158203125,-1.2979736328125
1784547308061545728,28.426801681518555,2.3111724853515625,-0.70965576171875,-1.0577392578125
1784547308071464960,28.436720848083496,2.3276824951171875,-0.7658233642578125,-0.8342437744140625
1784547308081384960,28.446640729904175,2.3289337158203125,-0.7219390869140625,-0.68218994140625
1784547308091304704,28.456560611724854,2.3375701904296875,-0.7844696044921875,-0.6061859130859375
1784547308101224960,28.46648073196411,2.3733673095703125,-0.8337554931640625,-0.40576171875
1784547308111143936,28.476399660110474,2.3659820556640625,-0.9295501708984375,-0.0391998291015625
1784547308121063936,28.48631978034973,2.35693359375,-1.035003662109375,0.4062347412109375
1784547308130983936,28.49623966217041,2.305328369140625,-1.052032470703125,0.7854461669921875
1784547308140902912,28.50615882873535,2.129669189453125,-1.0178680419921875,1.0802001953125
1784547308150822912,28.51607871055603,1.886505126953125,-1.1444854736328125,1.210479736328125
1784547308160742912,28.525998830795288,1.7939300537109375,-1.5597381591796875,1.090179443359375
1784547308170661888,28.53591775894165,1.9097747802734375,-1.8575592041015625,0.9685516357421875
1784547308180581888,28.54583764076233,2.2437744140625,-1.6248321533203125,1.0620880126953125
1784547308190501888,28.555757761001587,2.6583251953125,-1.0756072998046875,1.081878662109375
1784547308200420864,28.56567668914795,2.8744964599609375,-0.429412841796875,1.13427734375
1784547308210340864,28.575596809387207,2.8527069091796875,0.0389404296875,1.076873779296875
1784547308220260864,28.585516691207886,2.651611328125,0.3478546142578125,0.9571533203125
1784547308230179840,28.595435619354248,2.4375,0.5141448974609375,0.9773712158203125
1784547308240099840,28.605355739593506,2.3477325439453125,0.4726104736328125,0.840484619140625
1784547308250019840,28.615275621414185,2.3802032470703125,0.48382568359375,0.718658447265625
1784547308259939072,28.625194787979126,2.4742584228515625,0.56402587890625,0.51177978515625
1784547308269858816,28.635114669799805,2.492034912109375,0.7201690673828125,0.440155029296875
1784547308279779072,28.645034790039062,2.381561279296875,1.013153076171875,0.475006103515625
1784547308289697792,28.654953718185425,2.161865234375,1.361328125,0.65008544921875
1784547308299618048,28.664873838424683,1.9026641845703125,1.3495330810546875,0.6146087646484375
1784547308309537792,28.67479372024536,1.713897705078125,1.21893310546875,0.591522216796875
1784547308319456768,28.684712648391724,1.714019775390625,1.2973785400390625,0.555450439453125
1784547308329377024,28.69463276863098,1.7854156494140625,1.4521331787109375,0.49310302734375
1784547308339296768,28.70455265045166,1.7433929443359375,1.549468994140625,0.4927825927734375
1784547308349216000,28.7144718170166,1.600738525390625,1.552764892578125,0.345947265625
1784547308359135744,28.72439169883728,1.594390869140625,1.928985595703125,0.638641357421875
1784547308369056000,28.734311819076538,2.8556976318359375,2.61407470703125,0.5983123779296875
1784547308378974976,28.7442307472229,1.8280029296875,3.6995086669921875,1.168304443359375
1784547308388894720,28.75415062904358,0.739501953125,3.252288818359375,-0.973236083984375
1784547308398814976,28.764070749282837,0.8310546875,3.8743743896484375,-0.4400634765625
1784547308408734720,28.773990631103516,0.5059967041015625,2.6173858642578125,-0.7095794677734375
1784547308418653952,28.783909797668457,0.552520751953125,1.6397705078125,-0.65838623046875
1784547308428573952,28.793829679489136,0.6091461181640625,1.136260986328125,-0.130889892578125
1784547308438493952,28.803749799728394,0.5071563720703125,0.96875,-0.0877227783203125
1784547308448412928,28.813668727874756,0.09674072265625,1.2970123291015625,-0.3699188232421875
1784547308458332928,28.823588848114014,0.383148193359375,1.8461456298828125,-0.3972320556640625
1784547308468252928,28.833508729934692,-0.0204010009765625,1.6287689208984375,-0.822662353515625
1784547308478171904,28.843427658081055,-0.001251220703125,1.1561126708984375,-0.6916656494140625
1784547308488091904,28.853347778320312,-0.0817108154296875,0.807281494140625,-0.6750030517578125
1784547308498011904,28.86326766014099,0.014190673828125,0.5625,-0.6466217041015625
1784547308507930880,28.873186826705933,0.310211181640625,0.7592315673828125,-0.3849029541015625
1784547308517850880,28.88310670852661,0.437530517578125,1.0698394775390625,-0.5355377197265625
1784547308527770880,28.89302682876587,0.493408203125,1.089996337890625,-0.7020416259765625
1784547308537689856,28.90294575691223,0.2761077880859375,1.0758209228515625,-0.79583740234375
1784547308547609856,28.91286563873291,0.4431304931640625,1.0556182861328125,-0.70135498046875
1784547308557529856,28.922785758972168,0.3521881103515625,0.654876708984375,-0.832061767578125
1784547308567448832,28.93270468711853,0.222442626953125,0.602294921875,-0.7164306640625
1784547308577369088,28.942624807357788,0.1168060302734375,0.4684295654296875,-0.8137664794921875
1784547308587288832,28.952544689178467,0.202056884765625,0.3131561279296875,-1.015960693359375
1784547308597207808,28.96246361732483,0.3802490234375,0.4298095703125,-1.09735107421875
1784547308607127808,28.972383737564087,0.2564849853515625,0.644805908203125,-0.82623291015625
1784547308617047808,28.982303619384766,0.2565765380859375,0.6098175048828125,-0.9110260009765625
1784547308626967040,28.992222785949707,0.1802825927734375,0.565643310546875,-0.8322296142578125
1784547308636886784,29.002142667770386,-0.0850067138671875,0.41015625,-0.7469940185546875
1784547308646807040,29.012062788009644,-0.0323333740234375,0.2905731201171875,-1.0472259521484375
1784547308656725760,29.021981716156006,0.1555328369140625,0.2069854736328125,-1.12921142578125
1784547308666646016,29.031901836395264,0.1729736328125,0.2215728759765625,-0.95703125
1784547308676565760,29.041821718215942,0.34173583984375,0.158447265625,-1.1470184326171875
1784547308686484736,29.051740646362305,0.312744140625,0.2835845947265625,-1.169525146484375
1784547308696404992,29.061660766601562,0.2449188232421875,0.4034271240234375,-1.0575714111328125
1784547308706324736,29.07158064842224,0.3043060302734375,0.40594482421875,-1.0941619873046875
1784547308716244992,29.0815007686615,0.1777801513671875,0.309112548828125,-1.0351409912109375
1784547308726163968,29.09141969680786,0.1116485595703125,0.152191162109375,-1.09295654296875
1784547308736083968,29.10133981704712,0.07012939453125,0.067901611328125,-1.047882080078125
1784547308746003968,29.111259698867798,0.0986785888671875,0.072052001953125,-0.9998779296875
1784547308755922688,29.12117862701416,0.226165771484375,0.05133056640625,-1.074462890625
1784547308765842944,29.131098747253418,0.2626190185546875,0.0462646484375,-1.0788116455078125
1784547308775762688,29.141018629074097,0.3288116455078125,0.1641082763671875,-0.992401123046875
1784547308785681920,29.150937795639038,0.266021728515625,0.3129425048828125,-0.9556427001953125
1784547308795601664,29.160857439041138,0.176605224609375,0.408843994140625,-0.9789886474609375
1784547308805521664,29.170777559280396,0.1546173095703125,0.4869232177734375,-0.948272705078125
1784547308815440640,29.180696487426758,0.2124481201171875,0.3329620361328125,-0.9883575439453125
1784547308825360640,29.190616369247437,0.1059112548828125,0.1711273193359375,-0.8980255126953125
1784547308835280640,29.200536489486694,-0.009613037109375,0.0529632568359375,-0.6871185302734375
1784547308845199616,29.210455417633057,0.0768585205078125,-0.074127197265625,-0.6778411865234375
1784547308855119616,29.220375537872314,0.136810302734375,-0.1186370849609375,-0.682220458984375
1784547308865039616,29.230295419692993,0.1337432861328125,-0.0455780029296875,-0.6046295166015625
1784547308874958848,29.240214586257935,0.199951171875,0.0366363525390625,-0.5815582275390625
1784547308884878592,29.250134468078613,0.220611572265625,0.080718994140625,-0.60894775390625
1784547308894798848,29.26005458831787,0.2869873046875,-0.034637451171875,-0.6484375
1784547308904717568,29.269973516464233,0.36529541015625,-0.162261962890625,-0.634368896484375
1784547308914637568,29.279893398284912,0.45831298828125,-0.2753753662109375,-0.593048095703125
1784547308924557568,29.28981351852417,0.4540557861328125,-0.3645172119140625,-0.668304443359375
1784547308934476544,29.299732446670532,0.4564208984375,-0.212158203125,-0.589599609375
1784547308944396800,29.30965256690979,0.497161865234375,-0.013671875,-0.595550537109375
1784547308954316544,29.31957244873047,0.519195556640625,0.1768951416015625,-0.592376708984375
1784547308964235520,29.32949137687683,0.530426025390625,0.1959991455078125,-0.545318603515625
1784547308974155776,29.33941149711609,0.4972991943359375,0.1461334228515625,-0.4579010009765625
1784547308984075520,29.349331378936768,0.50732421875,0.0531158447265625,-0.454345703125
1784547308993995776,29.359251499176025,0.6049346923828125,-0.1339111328125,-0.4775543212890625
1784547309003914496,29.369170427322388,0.712860107421875,-0.17742919921875,-0.5340118408203125
1784547309013834752,29.379090547561646,0.8202972412109375,-0.0837554931640625,-0.490966796875
1784547309023754496,29.389010429382324,0.9455413818359375,-0.00799560546875,-0.4617156982421875
1784547309033673728,29.398929595947266,0.912445068359375,0.058349609375,-0.4086151123046875
1784547309043593728,29.408849477767944,0.781982421875,0.1744384765625,-0.405242919921875
1784547309053513728,29.418769598007202,0.7583770751953125,0.3890228271484375,-0.3819122314453125
1784547309063432704,29.428688526153564,0.877777099609375,0.5713043212890625,-0.432342529296875
1784547309073352448,29.438608407974243,1.0183868408203125,0.54693603515625,-0.537567138671875
1784547309083272704,29.4485285282135,1.1288604736328125,0.333709716796875,-0.448486328125
1784547309093191680,29.458447456359863,1.2175140380859375,0.039520263671875,-0.2436065673828125
1784547309103111680,29.46836757659912,1.3720855712890625,-0.1258392333984375,-0.1406707763671875
1784547309113031680,29.4782874584198,1.5477294921875,-0.1316680908203125,-0.1051177978515625
1784547309122950656,29.488206386566162,1.6455230712890625,-0.158294677734375,-0.0918121337890625
1784547309132870656,29.49812650680542,1.7814178466796875,0.04150390625,-0.0414886474609375
1784547309142790656,29.5080463886261,1.870697021484375,0.39227294921875,-0.082183837890625
1784547309152709632,29.51796555519104,1.6999664306640625,0.366363525390625,-0.2462615966796875
1784547309162629632,29.52788543701172,1.744140625,-0.030364990234375,-0.1998443603515625
1784547309172549632,29.537805557250977,1.7570648193359375,-0.4892578125,-0.09088134765625
1784547309182468608,29.54772448539734,1.9045867919921875,-1.155487060546875,0.0811614990234375
1784547309192388608,29.557644367218018,2.0195159912109375,-1.4749298095703125,0.45867919921875
1784547309202308608,29.567564487457275,2.00244140625,-1.7203826904296875,0.3739776611328125
1784547309212227584,29.577483415603638,1.95440673828125,-1.7084197998046875,0.6148834228515625
1784547309222147584,29.587403535842896,2.0144195556640625,-2.058074951171875,0.3389434814453125
1784547309232067584,29.597323417663574,2.0505523681640625,-2.80438232421875,-0.225311279296875
1784547309241986816,29.607242584228516,2.1642303466796875,-2.894073486328125,-0.358001708984375
1784547309251906560,29.617162466049194,2.1856231689453125,-2.5390625,-0.7346343994140625
1784547309261826816,29.627082586288452,2.5990142822265625,-1.7194976806640625,-0.8733673095703125
1784547309271745792,29.637001514434814,2.9177398681640625,-1.363616943359375,-0.9022369384765625
1784547309281665536,29.646921396255493,2.7057342529296875,-1.9751129150390625,-1.2574920654296875
1784547309291585792,29.65684151649475,1.83929443359375,-1.659454345703125,-1.0453033447265625
1784547309301504512,29.666760444641113,1.5907745361328125,-0.8992156982421875,-0.762603759765625
1784547309311424768,29.67668056488037,1.2853546142578125,-0.663787841796875,-0.4289093017578125
1784547309321344512,29.68660044670105,0.97344970703125,-0.906524658203125,-0.0770721435546875
1784547309331263488,29.696519374847412,1.1319427490234375,-0.64361572265625,0.066680908203125
1784547309341183744,29.70643949508667,1.0005645751953125,0.0943450927734375,-0.0934295654296875
1784547309351103488,29.71635937690735,0.98846435546875,0.209808349609375,0.147613525390625
1784547309361022720,29.72627854347229,1.3303680419921875,0.0739898681640625,0.36309814453125
1784547309370942720,29.73619842529297,0.734527587890625,0.150421142578125,-0.0117645263671875
1784547309380862720,29.746118545532227,1.0496063232421875,0.72760009765625,0.2640838623046875
1784547309390782720,29.756038427352905,1.262908935546875,0.7425689697265625,-0.2782135009765625
1784547309400701696,29.765957593917847,1.3703460693359375,0.5978851318359375,-0.4534454345703125
1784547309410621696,29.775877475738525,1.512786865234375,0.47418212890625,-0.2743377685546875
1784547309420541696,29.785797595977783,2.3541412353515625,0.3080596923828125,-0.51470947265625
1784547309430460672,29.795716524124146,2.510955810546875,0.20928955078125,-0.3888092041015625
1784547309440380672,29.805636405944824,2.2511749267578125,-0.2711334228515625,-0.2050323486328125
1784547309450300672,29.815556526184082,2.29473876953125,-0.299224853515625,-0.559814453125
1784547309460219648,29.825475454330444,2.1699981689453125,-0.733245849609375,-0.713043212890625
1784547309470139648,29.835395574569702,1.7484130859375,-0.968353271484375,-0.985443115234375
1784547309480059648,29.84531545639038,1.880462646484375,0.003448486328125,-0.4780120849609375
1784547309489978624,29.855234384536743,2.607696533203125,0.0757293701171875,-0.792144775390625
1784547309499898624,29.865154504776,1.877471923828125,-0.1037139892578125,-0.74322509765625
1784547309509818624,29.87507438659668,1.7909698486328125,-0.08447265625,-0.0310821533203125
1784547309519737600,29.88499355316162,1.6640777587890625,-0.728973388671875,-0.5046234130859375
1784547309529657600,29.8949134349823,2.010589599609375,-0.5946502685546875,-0.1996917724609375
1784547309539577600,29.904833555221558,1.8004150390625,0.111358642578125,-0.3353729248046875
1784547309549496576,29.91475248336792,1.8632049560546875,0.0760650634765625,-0.6401824951171875
1784547309559416576,29.9246723651886,1.424224853515625,0.1147613525390625,-0.5006561279296875
1784547309569336576,29.934592485427856,1.378997802734375,0.0632171630859375,-0.4327239990234375
1784547309579255552,29.94451141357422,1.1413726806640625,0.53399658203125,-0.2956390380859375
1784547309589175808,29.954431533813477,1.3861236572265625,0.6272735595703125,-0.1319732666015625
1784547309599095552,29.964351415634155,1.68780517578125,0.1684112548828125,-0.00360107421875
1784547309609014784,29.974270582199097,1.5937957763671875,-0.128875732421875,0.0377044677734375
1784547309618934528,29.984190464019775,1.6334381103515625,0.172882080078125,0.2434234619140625
1784547309628854784,29.994110584259033,2.000274658203125,0.234710693359375,-0.1558685302734375
1784547309638773760,30.004029512405396,1.603607177734375,0.4440155029296875,-0.5261688232421875
1784547309648693504,30.013949394226074,1.269012451171875,0.8246917724609375,-0.6865997314453125
1784547309658613760,30.023869514465332,1.7033233642578125,0.932891845703125,-1.1379547119140625
1784547309668532736,30.033788442611694,1.9644927978515625,0.6932525634765625,-1.2043304443359375
1784547309678452736,30.043708562850952,2.0916748046875,0.6808319091796875,-1.190582275390625
1784547309688372736,30.05362844467163,1.88623046875,1.1257476806640625,-1.29266357421875
1784547309698292736,30.06354856491089,1.764434814453125,1.5184173583984375,-1.272430419921875
1784547309708211712,30.07346749305725,1.50537109375,1.159149169921875,-1.25946044921875
1784547309718131456,30.08338737487793,1.374237060546875,0.853729248046875,-1.4105224609375
1784547309728051712,30.093307495117188,1.7479705810546875,0.7111663818359375,-1.4403076171875
1784547309737970688,30.10322642326355,2.2456817626953125,0.582275390625,-1.75732421875
1784547309747890688,30.113146543502808,2.27032470703125,0.515838623046875,-1.4151153564453125
1784547309757810688,30.123066425323486,2.299163818359375,0.2339324951171875,-1.12872314453125
1784547309767729664,30.132985591888428,2.275482177734375,0.1041412353515625,-0.6790924072265625
1784547309777649664,30.142905473709106,2.257843017578125,-0.0120849609375,-0.4055328369140625
1784547309787569664,30.152825593948364,2.30712890625,-0.134521484375,-0.2806396484375
1784547309797488896,30.162744760513306,2.374969482421875,-0.3176116943359375,-0.3328704833984375
1784547309807408896,30.172664642333984,2.4087677001953125,-0.5056915283203125,-0.3153839111328125
1784547309817328896,30.182584762573242,2.3828125,-0.5608978271484375,-0.12701416015625
1784547309827247872,30.192503690719604,2.34869384765625,-0.5341644287109375,0.057647705078125
1784547309837167872,30.202423810958862,2.415679931640625,-0.5281219482421875,0.2141876220703125
1784547309847087872,30.21234369277954,2.43658447265625,-0.55169677734375,0.39239501953125
1784547309857006848,30.222262620925903,2.3648223876953125,-0.5400543212890625,0.523834228515625
1784547309866926848,30.23218274116516,2.4093017578125,-0.4982452392578125,0.457763671875
1784547309876846848,30.24210262298584,2.5427703857421875,-0.37451171875,0.334136962890625
1784547309886766080,30.25202178955078,2.7106475830078125,-0.2969512939453125,0.1577301025390625
1784547309896685824,30.26194167137146,2.8390350341796875,-0.16192626953125,0.2986907958984375
1784547309906606080,30.271861791610718,2.8903350830078125,-0.0543365478515625,0.5836029052734375
1784547309916524800,30.28178071975708,2.8533935546875,0.041107177734375,0.832977294921875
1784547309926445056,30.291700839996338,2.8201904296875,0.1089935302734375,0.9075164794921875
1784547309936364800,30.301620721817017,2.80511474609375,0.148040771484375,0.931488037109375
1784547309946283776,30.31153964996338,2.7584686279296875,0.2460479736328125,0.894561767578125
1784547309956204032,30.321459770202637,2.6465911865234375,0.303131103515625,0.795684814453125
1784547309966123776,30.331379652023315,2.43817138671875,0.30389404296875,0.7195281982421875
1784547309976043008,30.341298818588257,2.23455810546875,0.3072052001953125,0.6624603271484375
1784547309985962752,30.351218700408936,2.057464599609375,0.3111419677734375,0.5867462158203125
1784547309995883008,30.361138820648193,1.9224395751953125,0.2979736328125,0.5450286865234375
1784547310005801984,30.371057748794556,1.8845977783203125,0.28875732421875,0.586151123046875
1784547310015721728,30.380977630615234,1.90106201171875,0.2593536376953125,0.71868896484375
1784547310025641984,30.390897750854492,1.9654388427734375,0.2819061279296875,0.8190155029296875
1784547310035560960,30.400816679000854,2.0693511962890625,0.4510498046875,0.7361907958984375
1784547310045480960,30.410736799240112,2.115325927734375,0.8249053955078125,0.4158935546875
1784547310055400960,30.42065668106079,2.0053558349609375,1.439849853515625,0.2530059814453125
1784547310065319936,30.430575847625732,1.8329010009765625,1.9691619873046875,0.3179931640625
1784547310075239936,30.44049572944641,1.5588226318359375,2.3860626220703125,0.0551910400390625
1784547310085159680,30.45041561126709,1.369415283203125,2.9520111083984375,0.41864013671875
1784547310095078912,30.46033477783203,2.4527435302734375,3.90679931640625,0.4349517822265625
1784547310104998912,30.47025465965271,1.6371307373046875,4.78082275390625,0.138458251953125
1784547310114918912,30.480174779891968,0.3456878662109375,4.0843048095703125,-0.7249298095703125
1784547310124837888,30.49009370803833,-0.7773895263671875,4.0856170654296875,-0.9227447509765625
1784547310134757888,30.500013828277588,-0.3927154541015625,3.0217742919921875,-0.6692657470703125
1784547310144677888,30.509933710098267,0.032135009765625,2.085968017578125,-0.51324462890625
1784547310154596864,30.51985263824463,0.653778076171875,1.677703857421875,-0.4702911376953125
1784547310164516864,30.529772758483887,1.3726348876953125,1.1787567138671875,-0.39056396484375
1784547310174436864,30.539692640304565,2.222076416015625,1.1150054931640625,0.0378570556640625
1784547310184356096,30.549611806869507,0.43389892578125,1.21453857421875,-0.15997314453125
1784547310194275840,30.559531688690186,-0.218048095703125,1.0488128662109375,-0.6074371337890625
1784547310204196096,30.569451808929443,-0.5041351318359375,0.84893798828125,-0.561279296875
1784547310214114816,30.579370737075806,-0.15179443359375,0.773895263671875,-0.769866943359375
1784547310224034816,30.589290618896484,0.585235595703125,0.7770538330078125,-0.871490478515625
1784547310233954816,30.599210739135742,0.851287841796875,1.028778076171875,-0.7719879150390625
1784547310243873792,30.609129667282104,0.8451995849609375,1.1291046142578125,-0.8007659912109375
1784547310253794048,30.619049787521362,0.6303253173828125,1.01666259765625,-0.8122406005859375
1784547310263713792,30.62896966934204,0.3616943359375,0.8799285888671875,-0.8656463623046875
1784547310273633024,30.638888835906982,0.38446044921875,0.616912841796875,-1.131561279296875
1784547310283552768,30.64880871772766,0.06341552734375,0.4341278076171875,-0.8599395751953125
1784547310293473024,30.65872883796692,0.132904052734375,0.0539093017578125,-1.02923583984375
1784547310303392768,30.668648719787598,0.2393341064453125,-0.129119873046875,-1.158843994140625
1784547310313311744,30.67856764793396,0.19268798828125,0.1797332763671875,-1.2056884765625
1784547310323232000,30.688487768173218,0.2628631591796875,0.4700164794921875,-1.3438873291015625
1784547310333150976,30.69840669631958,0.0879058837890625,0.5153656005859375,-1.30438232421875
1784547310343070976,30.708326816558838,0.0202789306640625,0.33612060546875,-1.1474456787109375
1784547310352990976,30.718246698379517,-0.055145263671875,-0.18804931640625,-0.8219757080078125
1784547310362909696,30.72816562652588,0.0284271240234375,-0.5422821044921875,-0.649261474609375
1784547310372829952,30.738085746765137,0.0813446044921875,-0.6710662841796875,-0.8958587646484375
1784547310382749696,30.748005628585815,0.073638916015625,-0.4587554931640625,-0.9921875
1784547310392669952,30.757925748825073,0.0404205322265625,-0.13128662109375,-1.07366943359375
1784547310402588928,30.767844676971436,-0.08416748046875,0.0409088134765625,-1.075225830078125
1784547310412508928,30.777764797210693,-0.1700439453125,0.124481201171875,-1.027679443359375
1784547310422428928,30.787684679031372,-0.0645904541015625,0.0290374755859375,-0.9915771484375
1784547310432347904,30.797603845596313,0.0355377197265625,-0.2264404296875,-0.93853759765625
1784547310442267904,30.807523727416992,0.0889739990234375,-0.4260406494140625,-0.8384857177734375
1784547310452187904,30.81744384765625,0.0628509521484375,-0.532073974609375,-0.899658203125
1784547310462106880,30.827362775802612,-0.0289154052734375,-0.5245208740234375,-0.9488372802734375
1784547310472026880,30.83728265762329,-0.11700439453125,-0.44024658203125,-0.912933349609375
1784547310481946880,30.84720277786255,-0.1005401611328125,-0.339630126953125,-0.9614105224609375
1784547310491865856,30.85712170600891,-0.0008697509765625,-0.253753662109375,-1.104461669921875
1784547310501786112,30.86704182624817,0.134490966796875,-0.1695556640625,-1.095916748046875
1784547310511705856,30.876961708068848,0.15142822265625,-0.0300750732421875,-0.9687957763671875
1784547310521624832,30.88688063621521,0.1884613037109375,-0.0014190673828125,-0.894378662109375
1784547310531544832,30.896800756454468,0.202880859375,0.06585693359375,-0.815032958984375
1784547310541464832,30.906720638275146,0.1791229248046875,0.0106353759765625,-0.8301849365234375
1784547310551384064,30.916639804840088,0.197357177734375,-0.0048675537109375,-0.7552642822265625
1784547310561303808,30.926559686660767,0.167327880859375,0.1318511962890625,-0.5923919677734375
1784547310571224064,30.936479806900024,0.22052001953125,0.20379638671875,-0.480438232421875
1784547310581142784,30.946398735046387,0.2627105712890625,0.12750244140625,-0.458587646484375
1784547310591062784,30.956318616867065,0.2244415283203125,0.0275115966796875,-0.4341583251953125
1784547310600982784,30.966238737106323,0.2118682861328125,0.0113677978515625,-0.3015899658203125
1784547310610901760,30.976157665252686,0.238128662109375,0.0921630859375,-0.14276123046875
1784547310620822016,30.986077785491943,0.2751007080078125,0.0916900634765625,0.057708740234375
1784547310630741760,30.995997667312622,0.2425994873046875,-0.0862579345703125,0.1587371826171875
1784547310640660992,31.005916833877563,0.3155975341796875,-0.2795257568359375,0.086151123046875
1784547310650580992,31.015836715698242,0.40570068359375,-0.36834716796875,-0.0550994873046875
1784547310660500992,31.0257568359375,0.542022705078125,-0.3179931640625,-0.165496826171875
1784547310670419968,31.035675764083862,0.5735321044921875,-0.0173492431640625,-0.475433349609375
1784547310680339712,31.04559564590454,0.57989501953125,0.5409088134765625,-0.621612548828125
1784547310690259968,31.0555157661438,0.56976318359375,1.0104827880859375,-0.8635101318359375
1784547310700178944,31.06543469429016,0.655975341796875,1.25457763671875,-1.054534912109375
1784547310710098944,31.07535481452942,0.7689666748046875,1.361724853515625,-1.222503662109375
1784547310720018944,31.085274696350098,0.8736724853515625,1.1833038330078125,-1.4420623779296875
1784547310729937664,31.09519362449646,1.0316009521484375,0.970489501953125,-1.54705810546875
1784547310739857920,31.105113744735718,1.21826171875,0.8762664794921875,-1.4277801513671875
1784547310749777920,31.115033626556396,1.3062286376953125,0.783782958984375,-1.3180694580078125
1784547310759696896,31.124952793121338,1.3216705322265625,0.725128173828125,-1.3079376220703125
1784547310769616896,31.134872674942017,1.206939697265625,0.587860107421875,-1.34356689453125
1784547310779536896,31.144792795181274,1.011566162109375,0.43017578125,-1.1528167724609375
1784547310789455872,31.154711723327637,1.005218505859375,0.3759765625,-0.7719879150390625
1784547310799373824,31.164629697799683,1.1226654052734375,0.183258056640625,-0.517486572265625
1784547310809294080,31.17454981803894,1.1548919677734375,-0.09942626953125,-0.3362884521484375
1784547310819212800,31.184468746185303,1.2706298828125,-0.384063720703125,-0.27032470703125
1784547310829133056,31.19438886642456,1.422515869140625,-0.661041259765625,-0.1767425537109375
1784547310839052800,31.20430874824524,1.6356353759765625,-0.8277587890625,0.039276123046875
1784547310848971776,31.2142276763916,1.8136138916015625,-0.82269287109375,-0.130462646484375
1784547310858892032,31.22414779663086,1.812774658203125,-0.6002960205078125,0.11279296875
1784547310868811776,31.234067678451538,1.8739013671875,-0.3255157470703125,0.190460205078125
1784547310878731008,31.24398684501648,1.99700927734375,-0.401641845703125,0.2037353515625
1784547310888651008,31.253906726837158,1.74896240234375,-0.5120391845703125,0.399566650390625
1784547310898571008,31.263826847076416,1.566986083984375,-0.7472076416015625,0.159912109375
1784547310908489984,31.27374577522278,1.5555572509765625,-0.97003173828125,-0.06524658203125
1784547310918409728,31.283665657043457,1.607330322265625,-1.291168212890625,-0.075042724609375
1784547310928329984,31.293585777282715,1.8333282470703125,-1.8879547119140625,-0.09722900390625
1784547310938248960,31.303504705429077,2.0816497802734375,-2.3480987548828125,-0.35498046875
1784547310948168960,31.313424825668335,2.13714599609375,-2.1036529541015625,-0.5324249267578125
1784547310958088960,31.323344707489014,2.1650238037109375,-1.6920166015625,-0.794769287109375
1784547310968007936,31.333263874053955,2.1336212158203125,-1.352020263671875,-0.948638916015625
1784547310977927936,31.343183755874634,2.0850830078125,-1.3280181884765625,-0.95892333984375
1784547310987847936,31.35310387611389,2.13299560546875,-1.6628265380859375,-0.947052001953125
1784547310997766912,31.363022804260254,1.9315948486328125,-2.042510986328125,-0.844268798828125
1784547311007686912,31.372942686080933,1.8446807861328125,-1.8650970458984375,-0.663238525390625
1784547311017606912,31.38286280632019,1.9528656005859375,-1.1594085693359375,-0.626708984375
1784547311027525888,31.392781734466553,1.75341796875,-0.5563812255859375,-0.344390869140625
1784547311037446144,31.40270185470581,1.48199462890625,-0.1340484619140625,-0.2948455810546875
1784547311047365888,31.41262173652649,1.3026123046875,-0.202789306640625,-0.07147216796875
1784547311057284864,31.42254066467285,1.0452880859375,-0.059967041015625,0.0165863037109375
1784547311067204864,31.43246078491211,0.714080810546875,0.28131103515625,0.3390655517578125
1784547311077124864,31.442380666732788,0.128936767578125,0.52069091796875,0.2313995361328125
1784547311087044096,31.45229983329773,0.333709716796875,1.0847930908203125,0.356597900390625
1784547311096963840,31.462219715118408,0.625762939453125,0.87933349609375,-0.034393310546875
1784547311106884096,31.472139835357666,1.5838165283203125,0.6640625,0.0007171630859375
1784547311116802816,31.48205876350403,2.173583984375,0.1616058349609375,0.3701324462890625
1784547311126723072,31.491978883743286,2.354766845703125,0.592926025390625,0.168853759765625
1784547311136642816,31.501898765563965,1.5110931396484375,0.54901123046875,-0.4434814453125
1784547311146561792,31.511817693710327,1.4131317138671875,0.219146728515625,-0.513671875
1784547311156482048,31.521737813949585,1.6048736572265625,-0.26959228515625,-0.7621917724609375
1784547311166401792,31.531657695770264,2.5348968505859375,-0.097259521484375,-0.1278076171875
1784547311176321024,31.541576862335205,3.480621337890625,0.2982940673828125,-0.4334716796875
1784547311186241024,31.551496744155884,2.4783782958984375,-0.3726348876953125,-0.805633544921875
1784547311196161024,31.56141686439514,1.9366912841796875,-0.0726318359375,-0.43603515625
1784547311206080000,31.571335792541504,2.193756103515625,0.04754638671875,-0.2038116455078125
1784547311215999744,31.581255674362183,2.6858367919921875,0.2203521728515625,-0.4767608642578125
1784547311225920000,31.59117579460144,2.1547393798828125,0.154510498046875,-0.4765472412109375
1784547311235839744,31.60109567642212,2.0976715087890625,0.26580810546875,0.0673828125
1784547311245758976,31.61101484298706,2.3499603271484375,-0.2430267333984375,-0.31866455078125
1784547311255678976,31.62093472480774,1.6769256591796875,-0.3030548095703125,-0.1476287841796875
1784547311265598976,31.630854845046997,1.5077667236328125,-0.344879150390625,-0.27880859375
1784547311275517952,31.64077377319336,1.4389801025390625,-0.1879730224609375,0.110595703125
1784547311285437696,31.650693655014038,1.665008544921875,0.078155517578125,-0.207366943359375
1784547311295357952,31.660613775253296,1.8233489990234375,0.388153076171875,-0.1376495361328125
1784547311305276928,31.670532703399658,1.8753814697265625,0.227325439453125,-0.2956390380859375
1784547311315196928,31.680452823638916,1.76849365234375,-0.081085205078125,-0.33203125
1784547311325116928,31.690372705459595,1.8359832763671875,0.081787109375,-0.0371551513671875
1784547311335036160,31.700291872024536,1.8668670654296875,0.2068023681640625,-0.256103515625
1784547311344955904,31.710211753845215,1.56805419921875,0.3667755126953125,-0.4151611328125
1784547311354876160,31.720131874084473,1.2870635986328125,0.0745086669921875,-0.5523681640625
1784547311364794880,31.730050802230835,1.2888946533203125,0.054351806640625,-0.4473724365234375
1784547311374714880,31.739970684051514,1.3349151611328125,0.7083282470703125,-0.6222381591796875
1784547311384634880,31.74989080429077,1.6951904296875,1.0578460693359375,-0.8606719970703125
1784547311394553856,31.759809732437134,1.811981201171875,0.9189605712890625,-0.8997344970703125
1784547311404474112,31.76972985267639,1.47943115234375,0.8745269775390625,-0.8456573486328125
1784547311414393856,31.77964973449707,1.5869598388671875,1.0606536865234375,-0.811279296875
1784547311424312832,31.789568662643433,1.5602569580078125,1.0628509521484375,-1.0560760498046875
1784547311434232832,31.79948878288269,1.6972198486328125,0.880615234375,-1.3239898681640625
1784547311444152832,31.80940866470337,1.8426666259765625,0.8189697265625,-1.173828125
1784547311454072064,31.81932783126831,2.0018157958984375,0.843841552734375,-1.1212158203125
1784547311463991808,31.82924771308899,2.0382843017578125,0.7889556884765625,-0.9815826416015625
1784547311473912064,31.839167833328247,1.9522247314453125,0.4279632568359375,-1.0694427490234375
1784547311483831040,31.84908676147461,1.9624481201171875,0.0594940185546875,-1.184722900390625
1784547311493751040,31.859006881713867,2.1613006591796875,-0.1948699951171875,-1.2531280517578125
1784547311503671040,31.868926763534546,2.3960113525390625,-0.3794097900390625,-1.1800994873046875
1784547311513589760,31.878845691680908,2.552215576171875,-0.4437103271484375,-0.901947021484375
1784547311523510016,31.888765811920166,2.6256866455078125,-0.5034942626953125,-0.622222900390625
1784547311533429760,31.898685693740845,2.6011962890625,-0.5133209228515625,-0.3364715576171875
1784547311543348992,31.908604860305786,2.4906158447265625,-0.5027923583984375,-0.1337127685546875
1784547311553268992,31.918524742126465,2.388916015625,-0.5003662109375,0.0320587158203125
1784547311563188992,31.928444862365723,2.3828277587890625,-0.5078887939453125,0.10540771484375
1784547311573107968,31.938363790512085,2.4404144287109375,-0.528045654296875,0.0594024658203125
1784547311583027712,31.948283672332764,2.5305328369140625,-0.6194305419921875,0.0467987060546875
1784547311592947968,31.95820379257202,2.6805267333984375,-0.580047607421875,0.2700042724609375
1784547311602866944,31.968122720718384,2.8180999755859375,-0.482696533203125,0.496826171875
1784547311612786944,31.97804284095764,2.8531036376953125,-0.458465576171875,0.6622314453125
1784547311622706944,31.98796272277832,2.803802490234375,-0.4299774169921875,0.824737548828125
1784547311632626176,31.99788188934326,2.7384185791015625,-0.417205810546875,0.94244384765625
1784547311642545920,32.00780177116394,2.719390869140625,-0.4067535400390625,1.0200347900390625
1784547311652465920,32.01772165298462,2.742889404296875,-0.26397705078125,1.094390869140625
1784547311662384896,32.02764081954956,2.8157196044921875,0.0053558349609375,1.1429290771484375
1784547311672304896,32.03756070137024,2.82415771484375,0.2336883544921875,1.202362060546875
1784547311682224896,32.0474808216095,2.65863037109375,0.34954833984375,1.2163238525390625
1784547311692143872,32.05739974975586,2.4391326904296875,0.3580322265625,1.143280029296875
1784547311702064128,32.06731986999512,2.2690582275390625,0.3725128173828125,1.0711517333984375
1784547311711983872,32.077239751815796,2.201324462890625,0.41766357421875,1.0574493408203125
1784547311721902848,32.08715867996216,2.13067626953125,0.3277587890625,1.0189208984375
1784547311731822848,32.097078800201416,2.0258636474609375,0.3225555419921875,1.0615692138671875
1784547311741742848,32.106998682022095,1.892303466796875,0.4831695556640625,1.134552001953125
1784547311751662080,32.116917848587036,1.8051300048828125,0.7227935791015625,1.066131591796875
1784547311761581824,32.126837730407715,1.7254486083984375,1.1083984375,0.95849609375
1784547311771502080,32.13675785064697,1.611480712890625,1.603515625,0.83001708984375
1784547311781421056,32.146676778793335,1.632720947265625,2.3007965087890625,0.9364471435546875
1784547311791340800,32.156596660614014,3.5421905517578125,3.648834228515625,0.4968719482421875
1784547311801261824,32.16651773452759,1.8845977783203125,4.5897979736328125,0.5599365234375
1784547311811180800,32.17643666267395,0.5356597900390625,3.67193603515625,-0.7960052490234375
1784547311821100800,32.18635654449463,-0.1845245361328125,5.057403564453125,-0.9653167724609375
1784547311831020800,32.19627666473389,-0.64361572265625,3.3389129638671875,-0.5613250732421875
1784547311840939776,32.20619559288025,-0.9503021240234375,1.9275970458984375,-0.3749847412109375
1784547311850859776,32.21611571311951,-0.3149566650390625,1.2838287353515625,0.0965118408203125
1784547311860779776,32.226035594940186,0.8157958984375,0.6759490966796875,-0.2699737548828125
1784547311870699008,32.23595476150513,1.7179412841796875,0.4096221923828125,-0.3401336669921875
1784547311880618752,32.245874643325806,1.1986846923828125,0.9507293701171875,-0.327239990234375
1784547311890539008,32.25579476356506,0.6161956787109375,1.584075927734375,-0.413848876953125
1784547311900457984,32.265713691711426,0.256866455078125,1.487213134765625,-0.5973358154296875
1784547311910377728,32.275633573532104,-0.0728302001953125,1.2571868896484375,-0.8537139892578125
1784547311920297984,32.28555369377136,0.203277587890625,1.5283660888671875,-0.4898529052734375
1784547311930217728,32.29547357559204,0.6470184326171875,1.349029541015625,-0.75146484375
1784547311940136960,32.30539274215698,0.803466796875,1.0716400146484375,-0.6959228515625
1784547311950056704,32.31531262397766,0.95367431640625,0.958343505859375,-0.8678741455078125
1784547311959975680,32.32523155212402,0.8518829345703125,0.7703399658203125,-0.5315093994140625
1784547311969895936,32.33515167236328,0.3466796875,0.5185699462890625,-0.61468505859375
1784547311979815680,32.34507155418396,0.1569976806640625,0.4135284423828125,-0.839752197265625
1784547311989735936,32.35499167442322,0.3391571044921875,0.3837738037109375,-0.9873809814453125
1784547311999654656,32.36491060256958,0.526092529296875,0.43402099609375,-0.6631622314453125
1784547312009574912,32.37483072280884,0.452239990234375,0.365692138671875,-0.9237823486328125
1784547312019493888,32.3847496509552,0.5101776123046875,0.4401092529296875,-1.106048583984375
1784547312029413632,32.39466953277588,0.302337646484375,0.6541748046875,-1.0050506591796875
1784547312039333888,32.40458965301514,0.0679779052734375,0.618377685546875,-1.151824951171875
1784547312049252864,32.4145085811615,0.13201904296875,0.7970123291015625,-0.933349609375
1784547312059172864,32.42442870140076,0.0452728271484375,0.7824249267578125,-0.94903564453125
1784547312069092864,32.434348583221436,-0.067169189453125,0.674407958984375,-1.0789947509765625
1784547312079012864,32.44426870346069,-0.0237579345703125,0.52947998046875,-1.128631591796875
1784547312088931840,32.454187631607056,0.1659698486328125,0.606231689453125,-0.9498138427734375
1784547312098851840,32.46410775184631,0.3037109375,0.422119140625,-1.0656890869140625
1784547312108771840,32.47402763366699,0.3483123779296875,0.2530975341796875,-0.9769287109375
1784547312118690816,32.483946561813354,0.3858795166015625,0.2151031494140625,-0.8657684326171875
1784547312128610816,32.49386668205261,0.401275634765625,0.072906494140625,-0.9846649169921875
1784547312138530816,32.50378656387329,0.252777099609375,0.0661773681640625,-0.9864349365234375
1784547312148449792,32.51370573043823,0.093475341796875,0.1399078369140625,-0.918853759765625
1784547312158369792,32.52362561225891,-0.0447235107421875,0.2230072021484375,-0.8320465087890625
1784547312168289792,32.53354573249817,-0.125030517578125,0.1826324462890625,-0.9029388427734375
1784547312178208768,32.54346466064453,-0.0419158935546875,0.200164794921875,-0.9080963134765625
1784547312188128768,32.55338454246521,0.22222900390625,0.17926025390625,-0.79931640625
1784547312198048768,32.56330466270447,0.350128173828125,0.1221771240234375,-0.826873779296875
1784547312207967744,32.57322359085083,0.3248291015625,0.1829833984375,-0.7581787109375
1784547312217888000,32.58314371109009,0.387054443359375,0.1883087158203125,-0.7693939208984375
1784547312227807744,32.59306359291077,0.2993316650390625,0.215728759765625,-0.709136962890625
1784547312237726976,32.60298275947571,0.194122314453125,0.1602020263671875,-0.7314300537109375
1784547312247646720,32.61290264129639,0.190032958984375,0.1304779052734375,-0.6971893310546875
1784547312257566976,32.622822761535645,0.2842559814453125,0.1631622314453125,-0.5675811767578125
1784547312267485952,32.63274168968201,0.3500213623046875,0.103912353515625,-0.5711517333984375
1784547312277405696,32.642661571502686,0.3801727294921875,0.058380126953125,-0.54315185546875
1784547312287325952,32.65258169174194,0.3731689453125,0.0492706298828125,-0.5036773681640625
1784547312297244672,32.662500619888306,0.3173370361328125,0.0326995849609375,-0.5964508056640625
1784547312307164928,32.67242074012756,0.2754974365234375,0.1045684814453125,-0.6214141845703125
1784547312317084672,32.68234062194824,0.2557220458984375,0.131500244140625,-0.6422882080078125
1784547312327003648,32.692259550094604,0.2696075439453125,-0.0203399658203125,-0.7110137939453125
1784547312336923904,32.70217967033386,0.367645263671875,-0.1151275634765625,-0.5912933349609375
1784547312346843648,32.71209955215454,0.5243682861328125,-0.0077362060546875,-0.5314788818359375
1784547312356762880,32.72201871871948,0.717559814453125,0.054290771484375,-0.7692413330078125
1784547312366682880,32.73193860054016,0.8447265625,0.20318603515625,-0.8193206787109375
1784547312376602880,32.74185872077942,0.8886871337890625,0.446807861328125,-0.860687255859375
1784547312386521856,32.75177764892578,0.893341064453125,0.6591339111328125,-0.8955841064453125
1784547312396441600,32.76169753074646,0.8203277587890625,0.709564208984375,-0.888031005859375
1784547312406361856,32.77161765098572,0.727935791015625,0.5495452880859375,-0.995819091796875
1784547312416280832,32.78153657913208,0.763580322265625,0.4500885009765625,-0.9764862060546875
1784547312426200832,32.79145669937134,0.8777618408203125,0.35791015625,-0.9864654541015625
1784547312436120832,32.80137658119202,0.993133544921875,0.301361083984375,-0.929718017578125
1784547312446039808,32.81129574775696,1.0823974609375,0.28167724609375,-0.827789306640625
1784547312455959808,32.82121562957764,1.092010498046875,0.368133544921875,-0.7032928466796875
1784547312465879808,32.831135749816895,1.0221405029296875,0.5179290771484375,-0.5246124267578125
1784547312475798784,32.84105467796326,0.9683990478515625,0.6227874755859375,-0.3369598388671875
1784547312485718784,32.850974559783936,0.98297119140625,0.5302276611328125,-0.4062042236328125
1784547312495638784,32.86089468002319,1.078857421875,0.2391357421875,-0.3704833984375
1784547312505557760,32.870813608169556,1.330322265625,-0.1432952880859375,-0.28125
1784547312515478016,32.88073372840881,1.544586181640625,-0.4761810302734375,-0.2183685302734375
1784547312525397760,32.89065361022949,1.7147369384765625,-0.66644287109375,0.14886474609375
1784547312535316736,32.900572538375854,1.8870697021484375,-0.6923828125,0.234039306640625
1784547312545236736,32.91049265861511,1.8722076416015625,-0.566131591796875,0.195770263671875
1784547312555156736,32.92041254043579,1.7735443115234375,-0.3378753662109375,0.1469573974609375
1784547312565075968,32.93033170700073,1.6551513671875,-0.225433349609375,0.1748504638671875
1784547312574995712,32.94025158882141,1.750640869140625,-0.6419830322265625,0.2118682861328125
1784547312584915968,32.95017170906067,2.0343170166015625,-1.4033355712890625,0.1260833740234375
1784547312594834688,32.96009063720703,2.2013092041015625,-1.9564971923828125,-0.0178985595703125
1784547312604754944,32.97001075744629,2.21453857421875,-2.2477264404296875,-0.0905609130859375
1784547312614674688,32.97993063926697,2.17523193359375,-2.18341064453125,-0.3642730712890625
1784547312624593664,32.98984956741333,2.012359619140625,-1.915618896484375,-0.6098480224609375
1784547312634513920,32.99976968765259,1.9130096435546875,-1.8001556396484375,-0.7282867431640625
1784547312644433664,33.00968956947327,1.959869384765625,-1.9355316162109375,-1.0181732177734375
1784547312654352896,33.01960873603821,2.351409912109375,-2.2362823486328125,-1.189971923828125
1784547312664272896,33.02952861785889,2.5480194091796875,-2.16424560546875,-1.3630523681640625
1784547312674192896,33.039448738098145,2.56768798828125,-1.658843994140625,-1.3177490234375
1784547312684111872,33.04936766624451,2.0194854736328125,-0.950927734375,-1.093353271484375
1784547312694031616,33.059287548065186,1.486236572265625,-0.703369140625,-0.5006103515625
1784547312703951872,33.06920766830444,1.0519561767578125,-0.6891632080078125,-0.235870361328125
1784547312713870848,33.079126596450806,0.006744384765625,0.2234649658203125,-0.435272216796875
1784547312723790848,33.08904671669006,-0.2801055908203125,0.62384033203125,0.23309326171875
1784547312733710848,33.09896659851074,0.54986572265625,0.912322998046875,-0.046173095703125
1784547312743629824,33.108885765075684,0.8357086181640625,0.6323089599609375,0.1470947265625
1784547312753549824,33.11880564689636,0.9007568359375,0.2102813720703125,-0.11895751953125
1784547312763469824,33.12872552871704,1.5860748291015625,0.0964508056640625,0.481689453125
1784547312773389824,33.1386456489563,2.2509918212890625,0.4444732666015625,-0.0837249755859375
1784547312783308800,33.14856457710266,2.3672027587890625,0.9404296875,-0.2489166259765625
1784547312793229568,33.158485412597656,2.0211639404296875,0.6223602294921875,-0.9187774658203125
1784547312803149824,33.168405532836914,1.7712860107421875,0.3848419189453125,-0.5695037841796875
1784547312813068544,33.178324460983276,1.871551513671875,0.371917724609375,-0.840423583984375
1784547312822988800,33.188244581222534,2.0843963623046875,0.09918212890625,-0.423126220703125
1784547312832908544,33.19816446304321,2.762542724609375,0.45196533203125,-0.45892333984375
1784547312842827520,33.208083391189575,3.2740631103515625,0.5527801513671875,-0.6851806640625
1784547312852747776,33.21800351142883,2.662384033203125,0.042755126953125,-0.94976806640625
1784547312862667520,33.22792339324951,2.3657073974609375,-0.178466796875,-0.8106231689453125
1784547312872586752,33.23784255981445,2.07122802734375,-0.586669921875,-0.7740020751953125
1784547312882506496,33.24776244163513,1.815216064453125,-0.6279754638671875,-0.183319091796875
1784547312892426752,33.25768256187439,2.3845367431640625,-0.443450927734375,-0.2301025390625
1784547312902345728,33.26760149002075,2.1679534912109375,-0.12939453125,-0.1234283447265625
1784547312912265472,33.27752137184143,2.2721405029296875,-0.0440826416015625,-0.3502655029296875
1784547312922185728,33.28744149208069,2.0773468017578125,0.146270751953125,-0.1778106689453125
1784547312932104704,33.29736042022705,2.0952911376953125,0.0823974609375,-0.1119537353515625
1784547312942024704,33.30728054046631,2.0708160400390625,-0.019683837890625,-0.209381103515625
1784547312951944704,33.31720042228699,1.7726898193359375,0.0251617431640625,0.221954345703125
1784547312961863680,33.32711958885193,2.16546630859375,-0.2220458984375,-0.2032012939453125
1784547312971783680,33.33703947067261,2.1431884765625,-0.375091552734375,-0.17669677734375
1784547312981703680,33.346959590911865,1.93817138671875,-0.210784912109375,-0.65185546875
1784547312991622656,33.35687851905823,1.8325653076171875,0.2925872802734375,-0.817138671875
1784547313001542656,33.366798400878906,1.676513671875,0.54425048828125,-1.2056427001953125
1784547313011462656,33.376718521118164,1.5836181640625,0.662078857421875,-1.3043060302734375
1784547313021381632,33.386637449264526,1.690765380859375,0.8636474609375,-1.1626739501953125
1784547313031301632,33.396557569503784,2.231842041015625,0.7595367431640625,-1.000244140625
1784547313041221632,33.40647745132446,2.5245361328125,0.44671630859375,-1.0800018310546875
1784547313051140608,33.416396379470825,2.1231689453125,0.087738037109375,-1.461761474609375
1784547313061060608,33.42631649971008,2.056640625,0.2711181640625,-1.5399322509765625
1784547313070980608,33.43623638153076,2.1199188232421875,0.836090087890625,-1.513885498046875
1784547313080899840,33.4461555480957,1.9424591064453125,0.842864990234375,-1.7134552001953125
1784547313090819584,33.45607542991638,1.9083099365234375,0.50238037109375,-1.6519622802734375
1784547313100739840,33.46599555015564,2.124847412109375,0.13946533203125,-1.4831085205078125
1784547313110658560,33.475914478302,2.22979736328125,-0.215728759765625,-1.10430908203125
1784547313120578816,33.48583459854126,2.2050628662109375,-0.4897613525390625,-0.8722381591796875
1784547313130498560,33.49575448036194,2.1334381103515625,-0.613677978515625,-0.84967041015625
1784547313140418560,33.50567436218262,2.1261749267578125,-0.475006103515625,-1.0052642822265625
1784547313150337792,33.51559352874756,2.1055145263671875,-0.2502593994140625,-1.092315673828125
1784547313160257536,33.52551341056824,2.067230224609375,-0.19854736328125,-1.0308074951171875
1784547313170177792,33.535433530807495,2.1173248291015625,-0.3752899169921875,-0.8683319091796875
1784547313180096512,33.54535245895386,2.22125244140625,-0.5774688720703125,-0.46807861328125
1784547313190016768,33.555272579193115,2.222686767578125,-0.8070526123046875,-0.1131439208984375
1784547313199936512,33.565192461013794,2.157440185546875,-1.037994384765625,0.1518402099609375
1784547313209855488,33.575111389160156,2.085418701171875,-1.18487548828125,0.2996368408203125
1784547313219775744,33.585031509399414,2.0372772216796875,-1.23193359375,0.3555450439453125
1784547313229695488,33.59495139122009,2.0341949462890625,-1.1472625732421875,0.4578094482421875
1784547313239614720,33.604870557785034,2.1320648193359375,-0.9832916259765625,0.5899505615234375
1784547313249534720,33.61479043960571,2.2389068603515625,-0.872039794921875,0.7622528076171875
1784547313259454720,33.62471055984497,2.3161163330078125,-0.8028411865234375,0.9292755126953125
1784547313269373696,33.63462948799133,2.3497772216796875,-0.703948974609375,1.01580810546875
1784547313279293440,33.64454936981201,2.3594970703125,-0.551361083984375,1.0733642578125
1784547313289213696,33.65446949005127,2.3416748046875,-0.3332672119140625,1.11102294921875
1784547313299132672,33.66438841819763,2.41217041015625,-0.1405792236328125,1.01483154296875
1784547313309052672,33.67430853843689,2.5058135986328125,-0.0121612548828125,0.964111328125
1784547313318972672,33.68422842025757,2.590728759765625,0.037933349609375,0.9028167724609375
1784547313328891648,33.69414758682251,2.780487060546875,0.0640716552734375,0.8004608154296875
1784547313338811648,33.70406746864319,3.001983642578125,0.1595916748046875,0.7401580810546875
1784547313348731648,33.713987588882446,3.05535888671875,0.4736175537109375,0.5495758056640625
1784547313358650624,33.72390651702881,2.8952789306640625,1.1087493896484375,0.2659912109375
1784547313368570624,33.73382639884949,2.5709228515625,1.8579864501953125,0.22039794921875
1784547313378490624,33.743746519088745,2.1717376708984375,2.3118438720703125,0.274871826171875
1784547313388409600,33.75366544723511,1.7396240234375,2.1225738525390625,0.299774169921875
1784547313398329856,33.763585567474365,1.497955322265625,1.611236572265625,0.27972412109375
1784547313408249600,33.773505449295044,1.5381622314453125,1.2965240478515625,0.36602783203125
1784547313418168576,33.783424377441406,1.669219970703125,1.216766357421875,0.559112548828125
1784547313428088576,33.793344497680664,1.6682281494140625,1.4214935302734375,0.479644775390625
1784547313438008576,33.80326437950134,2.0185394287109375,2.2161407470703125,0.911865234375
1784547313447927808,33.813183546066284,2.380615234375,3.399139404296875,0.379302978515625
1784547313457847552,33.82310342788696,1.4763641357421875,3.8839874267578125,-0.46697998046875
1784547313467767808,33.83302354812622,0.5935516357421875,3.5181884765625,-0.857513427734375
1784547313477686528,33.84294247627258,0.1160430908203125,3.1464385986328125,-0.5040130615234375
1784547313487606784,33.85286259651184,0.36920166015625,2.2791595458984375,-0.52349853515625
1784547313497526528,33.86278247833252,0.387664794921875,1.591156005859375,-0.7679443359375
1784547313507445504,33.87270140647888,0.5378265380859375,1.2298431396484375,-0.22357177734375
1784547313517365760,33.88262152671814,0.3642578125,1.297088623046875,-0.11962890625
1784547313527285504,33.89254140853882,0.09136962890625,1.63458251953125,-0.2278594970703125
1784547313537205760,33.902461528778076,0.368255615234375,1.558502197265625,-0.878936767578125
1784547313547124736,33.91238045692444,0.3804168701171875,1.26025390625,-0.8691864013671875
1784547313557044736,33.922300577163696,-0.246246337890625,1.05584716796875,-0.993927001953125
1784547313566964736,33.932220458984375,0.033477783203125,0.75823974609375,-0.6598663330078125
1784547313576883456,33.94213938713074,0.479095458984375,0.445709228515625,-0.5402679443359375
1784547313586803712,33.952059507369995,0.655853271484375,0.2996826171875,-0.4019012451171875
1784547313596723456,33.961979389190674,0.4388580322265625,0.2831268310546875,-0.467437744140625
1784547313606642688,33.971898555755615,0.2817230224609375,0.3563232421875,-0.57476806640625
1784547313616562688,33.981818437576294,0.3180389404296875,0.429107666015625,-0.8593597412109375
1784547313626482688,33.99173855781555,0.35589599609375,0.5247802734375,-0.8582763671875
1784547313636401664,34.001657485961914,0.0860595703125,0.5549468994140625,-0.9231719970703125
1784547313646321408,34.01157736778259,0.3384246826171875,0.3914337158203125,-1.23846435546875
1784547313656241664,34.02149748802185,0.340179443359375,0.332916259765625,-1.1234283447265625
1784547313666160640,34.03141641616821,0.371795654296875,0.2993011474609375,-1.16400146484375
1784547313676080640,34.04133653640747,0.3239898681640625,0.3126220703125,-1.1949615478515625
1784547313686000640,34.05125641822815,0.165252685546875,0.4847412109375,-1.034912109375
1784547313695919872,34.06117558479309,0.1922760009765625,0.5064544677734375,-1.0780181884765625
1784547313705839616,34.07109546661377,0.0501861572265625,0.4299163818359375,-1.0316162109375
1784547313715759872,34.08101558685303,0.133575439453125,0.378021240234375,-0.955810546875
1784547313725678592,34.09093451499939,0.0280914306640625,0.2511749267578125,-0.9548492431640625
1784547313735598592,34.10085439682007,0.0388946533203125,0.2102203369140625,-0.993988037109375
1784547313745518592,34.110774517059326,0.1527252197265625,0.28216552734375,-1.0275726318359375
1784547313755437568,34.12069344520569,0.196533203125,0.3380889892578125,-1.095855712890625
1784547313765357824,34.130613565444946,0.189910888671875,0.3778839111328125,-1.193511962890625
1784547313775277568,34.140533447265625,0.1582489013671875,0.4046783447265625,-1.0672149658203125
1784547313785196544,34.15045237541199,0.2011566162109375,0.296661376953125,-1.048553466796875
1784547313795116544,34.160372495651245,0.1681060791015625,0.1008148193359375,-1.093231201171875
1784547313805036800,34.1702926158905,0.1841583251953125,-0.0703125,-1.06982421875
1784547313814955776,34.180211544036865,0.1917877197265625,-0.1432952880859375,-1.035552978515625
1784547313824875520,34.190131425857544,0.26806640625,-0.032867431640625,-1.0122528076171875
1784547313834795776,34.2000515460968,0.2860107421875,0.09759521484375,-1.0615997314453125
1784547313844715520,34.20997142791748,0.2469482421875,0.148895263671875,-1.1237640380859375
1784547313854634752,34.21989059448242,0.2334442138671875,0.2260284423828125,-1.032257080078125
1784547313864554752,34.2298104763031,0.205078125,0.20489501953125,-0.9911041259765625
1784547313874474752,34.23973059654236,0.1001434326171875,0.114227294921875,-0.973358154296875
1784547313884393728,34.24964952468872,0.049835205078125,0.058868408203125,-0.8775787353515625
1784547313894313472,34.2595694065094,0.095733642578125,0.023529052734375,-0.8193817138671875
1784547313904233728,34.26948952674866,0.2272186279296875,0.0715789794921875,-0.8266448974609375
1784547313914152704,34.27940845489502,0.2714080810546875,0.09210205078125,-0.8166046142578125
1784547313924072704,34.28932857513428,0.228179931640625,0.16046142578125,-0.8235321044921875
1784547313933992704,34.299248456954956,0.305450439453125,0.279937744140625,-0.706695556640625
1784547313943911680,34.3091676235199,0.33355712890625,0.28497314453125,-0.6015777587890625
1784547313953831680,34.319087505340576,0.2956390380859375,0.1684112548828125,-0.6877899169921875
1784547313963751680,34.329007625579834,0.34173583984375,0.0611572265625,-0.6590423583984375
1784547313973670656,34.338926553726196,0.4340362548828125,0.014984130859375,-0.6671600341796875
1784547313983590656,34.348846435546875,0.451507568359375,-0.01080322265625,-0.57989501953125
1784547313993510656,34.35876655578613,0.4707183837890625,-0.0471649169921875,-0.5752105712890625
1784547314003429632,34.368685483932495,0.4459075927734375,-0.0412139892578125,-0.592681884765625
1784547314013349888,34.37860560417175,0.4603729248046875,-0.0091705322265625,-0.524627685546875
1784547314023269632,34.38852548599243,0.4622650146484375,0.0917816162109375,-0.42462158203125
1784547314033188608,34.398444414138794,0.5198211669921875,0.18536376953125,-0.359161376953125
1784547314043108608,34.40836453437805,0.6016082763671875,0.20684814453125,-0.4459228515625
1784547314053028608,34.41828441619873,0.625762939453125,0.1820831298828125,-0.5843963623046875
1784547314062947840,34.42820358276367,0.664398193359375,0.22760009765625,-0.67388916015625
1784547314072867584,34.43812346458435,0.7203369140625,0.3250885009765625,-0.7020721435546875
1784547314082787840,34.44804358482361,0.74151611328125,0.4062652587890625,-0.6446685791015625
1784547314092706560,34.45796251296997,0.7637939453125,0.461669921875,-0.60791015625
1784547314102626816,34.46788263320923,0.7799835205078125,0.36749267578125,-0.6191558837890625
1784547314112546560,34.47780251502991,0.797119140625,0.1969757080078125,-0.624847412109375
1784547314122465536,34.48772144317627,0.903289794921875,0.0931243896484375,-0.7431640625
1784547314132385792,34.49764156341553,1.0948028564453125,0.0788421630859375,-0.7545928955078125
1784547314142305536,34.507561445236206,1.2082366943359375,0.1794891357421875,-0.641021728515625
1784547314152225792,34.517481565475464,1.23919677734375,0.37335205078125,-0.4597320556640625
1784547314162144768,34.527400493621826,1.232208251953125,0.4380035400390625,-0.292694091796875
1784547314172064768,34.537320613861084,1.1869964599609375,0.31024169921875,-0.122589111328125
1784547314181984768,34.54724049568176,1.2301025390625,0.0755157470703125,-0.1570892333984375
1784547314191903488,34.557159423828125,1.3345794677734375,-0.1240997314453125,-0.1811676025390625
1784547314201823744,34.56707954406738,1.49847412109375,-0.2720489501953125,-0.0649261474609375
1784547314211743488,34.57699942588806,1.704345703125,-0.42742919921875,-0.0594024658203125
1784547314221662720,34.586918592453,1.9383392333984375,-0.4513702392578125,-0.0078125
1784547314231582720,34.59683847427368,2.1439666748046875,-0.303375244140625,0.1769866943359375
1784547314241502720,34.60675859451294,2.004180908203125,-0.477569580078125,0.1104278564453125
1784547314251421696,34.6166775226593,1.6530914306640625,-0.79150390625,0.16357421875
1784547314261341696,34.62659740447998,1.510101318359375,-1.00897216796875,0.2049407958984375
1784547314271261696,34.63651752471924,1.565887451171875,-1.41522216796875,-0.0606842041015625
1784547314281180672,34.6464364528656,1.71551513671875,-1.8335113525390625,-0.1556243896484375
1784547314291100672,34.65635657310486,1.9898529052734375,-2.1342926025390625,-0.2025909423828125
1784547314301020672,34.66627645492554,2.224456787109375,-2.1724700927734375,-0.2845458984375
1784547314310939904,34.67619562149048,2.1307373046875,-2.0516204833984375,-0.5832061767578125
1784547314320859648,34.68611550331116,2.166412353515625,-2.00225830078125,-0.7406463623046875
1784547314330779904,34.696035623550415,2.16845703125,-2.0465087890625,-1.018096923828125
1784547314340698624,34.70595455169678,2.181121826171875,-2.2201690673828125,-0.89984130859375
1784547314350618624,34.715874433517456,2.3640594482421875,-2.2478790283203125,-1.07977294921875
1784547314360538624,34.725794553756714,2.397064208984375,-1.4531097412109375,-0.73406982421875
1784547314370457600,34.735713481903076,2.17108154296875,-1.0540313720703125,-0.6580810546875
1784547314380377856,34.745633602142334,1.6177978515625,-1.001068115234375,-0.507415771484375
1784547314390297600,34.75555348396301,1.19140625,-0.7422943115234375,-0.52740478515625
1784547314400217856,34.76547360420227,1.1217498779296875,-0.4808349609375,-0.4530181884765625
1784547314410136576,34.77539253234863,1.2067413330078125,0.1192169189453125,-0.0998687744140625
1784547314420056576,34.78531241416931,1.38238525390625,0.042877197265625,-0.3814849853515625
1784547314429976576,34.79523253440857,1.3525390625,0.8514404296875,0.1481475830078125
1784547314439895552,34.80515146255493,1.4649200439453125,1.298675537109375,0.1389007568359375
1784547314449815808,34.81507158279419,1.0949249267578125,0.9334259033203125,-0.1841888427734375
1784547314459735552,34.82499146461487,0.24505615234375,0.248291015625,-0.0959014892578125
1784547314469654784,34.83491063117981,0.8129730224609375,0.3433074951171875,0.4651641845703125
1784547314479574784,34.84483051300049,1.391448974609375,0.0538330078125,-0.0918731689453125
1784547314489494784,34.854750633239746,2.0243682861328125,-0.0020294189453125,-0.0485382080078125
1784547314499413760,34.86466956138611,2.4425201416015625,-0.3100433349609375,-0.4501190185546875
1784547314509333504,34.87458944320679,2.29486083984375,0.076416015625,-0.6846771240234375
1784547314519253760,34.884509563446045,1.8104400634765625,0.4123382568359375,-0.6005401611328125
1784547314529172736,34.89442849159241,1.9228057861328125,-0.110870361328125,-0.685211181640625
1784547314539092736,34.904348611831665,1.8996124267578125,-0.4299468994140625,-0.398406982421875
1784547314549012736,34.914268493652344,2.4145355224609375,-0.3488311767578125,-0.506988525390625
1784547314558931712,34.924187421798706,2.712005615234375,-0.3189849853515625,-0.1494598388671875
1784547314568851712,34.934107542037964,2.41436767578125,-0.2542724609375,-0.4758453369140625
1784547314578771712,34.94402742385864,2.2020111083984375,0.1577606201171875,-0.313323974609375
1784547314588690688,34.953946590423584,1.74761962890625,-0.0230255126953125,-0.6598052978515625
1784547314598610688,34.96386647224426,1.8596343994140625,-0.0929412841796875,-0.3900299072265625
1784547314608530688,34.97378659248352,1.7869873046875,-0.0898590087890625,-0.2285003662109375
1784547314618449664,34.98370552062988,2.1269989013671875,-0.1136322021484375,-0.2755584716796875
1784547314628369920,34.99362564086914,1.5227813720703125,-0.129669189453125,-0.1138153076171875
1784547314638289664,35.00354552268982,1.65008544921875,-0.3065643310546875,-0.1843719482421875
1784547314648209664,35.0134654045105,1.55291748046875,-0.1982421875,0.2958221435546875
1784547314658128640,35.02338457107544,1.5018768310546875,-0.075592041015625,-0.11767578125
1784547314668048640,35.03330445289612,1.72430419921875,0.0552825927734375,0.58428955078125
1784547314677968640,35.043224573135376,1.371124267578125,-0.7292022705078125,0.32525634765625
1784547314687887616,35.05314350128174,1.46539306640625,-0.84686279296875,0.2923126220703125
1784547314697807872,35.063063621520996,1.388427734375,-0.35113525390625,0.03961181640625
1784547314707727616,35.072983503341675,1.204010009765625,-0.1068267822265625,-0.4970703125
1784547314717646592,35.08290243148804,1.3125457763671875,0.42010498046875,-0.7109375
1784547314727566592,35.092822551727295,1.285491943359375,0.603790283203125,-1.159454345703125
1784547314737486592,35.102742433547974,1.5071258544921875,0.32244873046875,-1.292388916015625
1784547314747405824,35.112661600112915,1.8244781494140625,0.5651092529296875,-1.0560150146484375
1784547314757325568,35.122581481933594,2.1114349365234375,1.0006256103515625,-1.190826416015625
1784547314767245824,35.13250160217285,1.7298431396484375,1.007598876953125,-1.6942596435546875
1784547314777164800,35.142420530319214,1.1944427490234375,1.457000732421875,-1.3155364990234375
1784547314787084544,35.15234041213989,1.3873443603515625,1.496429443359375,-1.5968475341796875
1784547314797003520,35.162259340286255,1.290283203125,1.31219482421875,-1.4699249267578125
1784547314806922496,35.17217826843262,1.446441650390625,1.1785430908203125,-1.2296142578125
1784547314816842496,35.182098388671875,1.7396087646484375,0.7992706298828125,-1.2004241943359375
1784547314826762496,35.192018270492554,2.0303955078125,0.4415435791015625,-1.133209228515625
1784547314836681472,35.201937198638916,2.1826934814453125,0.110321044921875,-1.0951995849609375
1784547314846601472,35.211857318878174,2.2255401611328125,-0.1020660400390625,-1.0857391357421875
1784547314856521472,35.22177720069885,2.2393035888671875,-0.1165771484375,-1.0857086181640625
1784547314866440448,35.231696367263794,2.2275543212890625,-0.0637969970703125,-1.0225067138671875
1784547314876360448,35.24161624908447,2.21649169921875,-0.1402130126953125,-0.9326019287109375
1784547314886280448,35.25153636932373,2.20025634765625,-0.344329833984375,-0.7805633544921875
1784547314896200448,35.26145625114441,2.259429931640625,-0.5256805419921875,-0.63726806640625
1784547314906119424,35.27137517929077,2.3591461181640625,-0.60302734375,-0.4709014892578125
1784547314916039424,35.28129529953003,2.45941162109375,-0.608734130859375,-0.26861572265625
1784547314925959424,35.29121518135071,2.4623870849609375,-0.57220458984375,-0.116363525390625
1784547314935878400,35.30113434791565,2.394012451171875,-0.533294677734375,0.0094451904296875
1784547314945798400,35.31105422973633,2.3094940185546875,-0.4160308837890625,0.0831451416015625
1784547314955718400,35.320974349975586,2.248626708984375,-0.161956787109375,0.1371307373046875
1784547314965637376,35.33089327812195,2.2841949462890625,0.02838134765625,0.195953369140625
1784547314975557376,35.34081315994263,2.312255859375,0.23406982421875,0.2974090576171875
1784547314985477376,35.350733280181885,2.41552734375,0.279754638671875,0.3477325439453125
1784547314995396352,35.36065220832825,2.5311431884765625,0.1917724609375,0.512054443359375
1784547315005316608,35.370572328567505,2.5756683349609375,0.0540008544921875,0.6999969482421875
1784547315015236352,35.380492210388184,2.59521484375,0.0025177001953125,0.786102294921875
1784547315025155584,35.390411376953125,2.5857391357421875,0.1555328369140625,0.8649444580078125
1784547315035075328,35.400331258773804,2.4796295166015625,0.3986358642578125,0.8429412841796875
1784547315044995584,35.41025137901306,2.2703857421875,0.5226593017578125,0.8371124267578125
1784547315054914560,35.420170307159424,2.008209228515625,0.476318359375,0.7979736328125
1784547315064834304,35.4300901889801,1.8283233642578125,0.314849853515625,0.61480712890625
1784547315074754560,35.44001030921936,1.84698486328125,0.101165771484375,0.437408447265625
1784547315084673280,35.44992923736572,1.9821624755859375,-0.0592041015625,0.3029937744140625
1784547315094593536,35.45984935760498,2.1656494140625,-0.11737060546875,0.12237548828125
1784547315104513280,35.46976923942566,2.23175048828125,0.0840301513671875,0.0572357177734375
1784547315114432256,35.47968816757202,2.1119384765625,0.6027679443359375,0.139404296875
1784547315124352512,35.48960828781128,1.85888671875,1.1439361572265625,0.20782470703125
1784547315134272256,35.49952816963196,1.562591552734375,1.4489288330078125,0.2216796875
1784547315144192512,35.509448289871216,1.3138275146484375,1.511505126953125,0.1917877197265625
1784547315154111488,35.51936721801758,1.072418212890625,1.4947357177734375,0.3184356689453125
1784547315164031488,35.529287338256836,0.9534149169921875,1.5727081298828125,0.3420562744140625
1784547315173951488,35.539207220077515,0.965606689453125,1.8051910400390625,0.324798583984375
1784547315183870464,35.549126386642456,1.0327301025390625,2.381134033203125,0.6004180908203125
1784547315193790464,35.559046268463135,2.4252166748046875,3.1773223876953125,0.413665771484375
1784547315203710464,35.56896638870239,2.0644073486328125,4.4342193603515625,0.224212646484375
1784547315213629440,35.578885316848755,0.2872772216796875,3.5974884033203125,-0.7928009033203125
1784547315223549440,35.588805198669434,0.143646240234375,4.1142425537109375,-0.646148681640625
1784547315233469440,35.59872531890869,-0.0904541015625,3.04876708984375,-0.6857757568359375
1784547315243388416,35.608644247055054,-0.656005859375,2.1930084228515625,-0.7183990478515625
1784547315253308416,35.61856436729431,-0.385009765625,1.7047119140625,-0.1028900146484375
1784547315263228416,35.62848424911499,0.3570556640625,1.312713623046875,0.1267547607421875
1784547315273147392,35.63840317726135,0.9685211181640625,1.3738250732421875,-0.0984649658203125
1784547315283067392,35.64832329750061,0.3945159912109375,1.53997802734375,-0.312713623046875
1784547315292987392,35.65824317932129,0.5140380859375,1.2905426025390625,-0.5887451171875
1784547315302906624,35.66816234588623,0.3935699462890625,0.9046478271484375,-0.797821044921875
1784547315312826368,35.67808222770691,0.4813995361328125,0.8213043212890625,-0.60296630859375
1784547315322746624,35.68800234794617,0.760833740234375,0.9419097900390625,-0.559173583984375
1784547315332665344,35.69792127609253,0.7238616943359375,1.1201171875,-0.59735107421875
1784547315342585344,35.70784115791321,0.5666656494140625,1.2646026611328125,-0.5767822265625
1784547315352505344,35.717761278152466,0.402252197265625,1.2199249267578125,-0.604278564453125
1784547315362424320,35.72768020629883,0.5026092529296875,1.0954742431640625,-0.6587677001953125
1784547315372344576,35.737600326538086,0.364593505859375,0.8696136474609375,-0.565948486328125
1784547315382264320,35.747520208358765,0.3801116943359375,0.530609130859375,-0.733978271484375
1784547315392183552,35.757439374923706,0.31475830078125,0.353424072265625,-0.8423919677734375
1784547315402103552,35.767359256744385,0.3009796142578125,0.238128662109375,-1.0799713134765625
1784547315412023552,35.77727937698364,0.3483734130859375,0.3369140625,-0.9896697998046875
1784547315421943552,35.78719925880432,0.19439697265625,0.3468170166015625,-1.0201568603515625
1784547315431862272,35.797118186950684,0.005279541015625,0.4097442626953125,-1.117919921875
1784547315441782528,35.80703830718994,0.144744873046875,0.4105377197265625,-1.1504669189453125
1784547315451702272,35.81695818901062,0.0897674560546875,0.4403533935546875,-0.87786865234375
1784547315461621504,35.82687735557556,0.0590057373046875,0.32330322265625,-0.7308197021484375
1784547315471541504,35.83679723739624,-0.021087646484375,0.0177764892578125,-0.7855987548828125
1784547315481461504,35.8467173576355,-0.20343017578125,-0.13250732421875,-0.60906982421875
1784547315491380480,35.85663628578186,-0.145111083984375,-0.19940185546875,-0.60455322265625
1784547315501300224,35.86655616760254,0.04681396484375,-0.306549072265625,-0.8683319091796875
1784547315511220480,35.8764762878418,0.127044677734375,-0.258392333984375,-0.84478759765625
1784547315521139456,35.88639521598816,0.14666748046875,-0.3549041748046875,-0.9085693359375
1784547315531059456,35.89631533622742,0.1581268310546875,-0.48828125,-1.0000457763671875
1784547315540979456,35.906235218048096,-0.0608367919921875,-0.4890899658203125,-0.9840545654296875
1784547315550898432,35.91615438461304,-0.10919189453125,-0.416473388671875,-0.976654052734375
1784547315560818432,35.926074266433716,-0.09814453125,-0.30914306640625,-0.83544921875
1784547315570738432,35.935994386672974,-0.088348388671875,-0.2220916748046875,-0.8027496337890625
1784547315580657408,35.945913314819336,0.03240966796875,-0.089202880859375,-0.8238372802734375
1784547315590577408,35.955833196640015,0.0955963134765625,-0.0141754150390625,-0.8050994873046875
1784547315600497408,35.96575331687927,0.0647735595703125,0.0100555419921875,-0.68243408203125
1784547315610416384,35.975672245025635,0.10406494140625,-0.06658935546875,-0.6795196533203125
1784547315620336640,35.98559236526489,0.16729736328125,-0.23797607421875,-0.769012451171875
1784547315630256384,35.99551224708557,0.1872711181640625,-0.262451171875,-0.8780517578125
1784547315640175360,36.005431175231934,0.2595977783203125,-0.1850433349609375,-0.866973876953125
1784547315650095360,36.01535129547119,0.2722930908203125,-0.112091064453125,-0.7557525634765625
1784547315660015360,36.02527117729187,0.274627685546875,0.048736572265625,-0.5708160400390625
1784547315669934592,36.03519034385681,0.29705810546875,0.2314453125,-0.3328094482421875
1784547315679854336,36.04511022567749,0.33087158203125,0.3011016845703125,-0.3054656982421875
1784547315689774592,36.05503034591675,0.2184906005859375,0.2962493896484375,-0.1514434814453125
1784547315699693568,36.06494927406311,0.1292266845703125,0.0671844482421875,-0.0781097412109375
1784547315709613312,36.07486915588379,0.107940673828125,-0.3081512451171875,-0.1198577880859375
1784547315719533568,36.08478927612305,0.1307220458984375,-0.62603759765625,-0.3075714111328125
1784547315729452288,36.09470820426941,0.2143096923828125,-0.6271209716796875,-0.5915069580078125
1784547315739372544,36.10462832450867,0.450439453125,-0.279052734375,-0.676300048828125
1784547315749292288,36.114548206329346,0.56170654296875,0.4687957763671875,-0.672882080078125
1784547315759212544,36.1244683265686,0.7451629638671875,0.8315277099609375,-0.8901824951171875
1784547315769131520,36.134387254714966,0.7483978271484375,1.1221160888671875,-1.0626068115234375
1784547315779051520,36.144307374954224,0.5164031982421875,0.8702392578125,-1.1571502685546875
1784547315788971520,36.1542272567749,0.37384033203125,0.7095794677734375,-1.1530609130859375
1784547315798890496,36.164146423339844,0.5316009521484375,0.6918487548828125,-1.153167724609375
1784547315808810496,36.17406630516052,0.7814483642578125,0.6179962158203125,-1.2202301025390625
1784547315818730496,36.18398642539978,1.06768798828125,0.6105194091796875,-1.079742431640625
1784547315828649472,36.19390535354614,1.280242919921875,0.7424163818359375,-0.8553314208984375
1784547315838569728,36.2038254737854,1.3795013427734375,0.54962158203125,-0.7715911865234375
1784547315848489472,36.21374535560608,1.2315521240234375,0.3830718994140625,-0.8461151123046875
1784547315858408448,36.22366428375244,1.1001739501953125,0.2613677978515625,-0.84429931640625
1784547315868328448,36.2335844039917,1.0489349365234375,0.116424560546875,-0.6786651611328125
1784547315878248448,36.24350428581238,1.1447601318359375,-0.0154266357421875,-0.5371856689453125
1784547315888167680,36.25342345237732,1.162872314453125,-0.18115234375,-0.4165191650390625
1784547315898087424,36.263343334198,1.2395782470703125,-0.2440032958984375,-0.3496551513671875
1784547315908007680,36.273263454437256,1.38421630859375,-0.1886749267578125,-0.2145843505859375
1784547315917926656,36.28318238258362,1.41448974609375,-0.0609893798828125,-0.141021728515625
1784547315927846400,36.2931022644043,1.3777008056640625,0.025787353515625,-0.1090087890625
1784547315937766656,36.303022384643555,1.22613525390625,0.01202392578125,-0.243133544921875
1784547315947685376,36.31294131278992,1.283294677734375,-0.275726318359375,-0.085235595703125
1784547315957605632,36.322861433029175,1.4258270263671875,-0.5686492919921875,0.0514068603515625
1784547315967525376,36.33278131484985,1.46405029296875,-0.683441162109375,0.0673370361328125
1784547315977445632,36.34270143508911,1.547332763671875,-0.8494720458984375,0.18817138671875
1784547315987364608,36.352620363235474,1.4194183349609375,-1.2135162353515625,0.037200927734375
1784547315997284352,36.36254024505615,1.38946533203125,-1.2798004150390625,0.120391845703125
1784547316007204608,36.37246036529541,1.533538818359375,-1.3523712158203125,-0.1790313720703125
1784547316017123584,36.38237929344177,1.4506072998046875,-1.378753662109375,-0.2713165283203125
1784547316027043584,36.39229941368103,2.0612030029296875,-1.3327484130859375,-0.143218994140625
1784547316036963584,36.40221929550171,2.3810272216796875,-1.7459869384765625,-0.419708251953125
1784547316046882560,36.41213846206665,2.38958740234375,-1.7500152587890625,-0.62701416015625
1784547316056802560,36.42205834388733,2.351593017578125,-1.6251373291015625,-0.6495819091796875
1784547316066722560,36.43197846412659,2.4594268798828125,-1.6376953125,-0.7740020751953125
1784547316076641536,36.44189739227295,2.5425872802734375,-1.777587890625,-0.9500732421875
1784547316086561536,36.45181727409363,2.6061553955078125,-1.674041748046875,-0.8343048095703125
1784547316096481536,36.461737394332886,2.7026824951171875,-1.4352569580078125,-0.8319549560546875
1784547316106400512,36.47165632247925,2.560302734375,-1.0379638671875,-0.539764404296875
1784547316116320512,36.481576442718506,2.4266510009765625,-0.8743133544921875,-0.359771728515625
1784547316126240512,36.491496324539185,2.235687255859375,-0.727325439453125,-0.3748016357421875
1784547316136159488,36.50141525268555,1.9306793212890625,-0.458282470703125,-0.452545166015625
1784547316146079488,36.511335372924805,1.245574951171875,0.0517578125,-0.2911376953125
1784547316155999488,36.52125525474548,1.0056915283203125,0.252105712890625,-0.2419586181640625
1784547316165918464,36.531174421310425,0.916748046875,0.41064453125,-0.04327392578125
1784547316175838464,36.5410943031311,0.977691650390625,0.569366455078125,0.3752288818359375
1784547316185758464,36.55101442337036,1.228271484375,0.1819000244140625,0.4655609130859375
1784547316195677440,36.560933351516724,1.3494720458984375,0.65557861328125,0.520294189453125
1784547316205597696,36.57085347175598,1.0496368408203125,1.0075836181640625,-0.1077117919921875
1784547316215517440,36.58077335357666,1.1656646728515625,0.87939453125,-0.10699462890625
1784547316225436416,36.59069228172302,1.21533203125,0.6246337890625,-0.2477874755859375
1784547316235356672,36.60061240196228,1.2265777587890625,0.408233642578125,-0.1940155029296875
1784547316245276416,36.61053228378296,1.814422607421875,0.1719818115234375,-0.5876922607421875
1784547316255196672,36.62045240402222,2.1153411865234375,-0.0810394287109375,-0.524627685546875
1784547316265115392,36.63037133216858,2.77459716796875,0.061798095703125,-0.299530029296875
1784547316275035648,36.64029145240784,2.053558349609375,0.3664398193359375,-0.6942291259765625
1784547316284955392,36.650211334228516,1.92193603515625,0.449920654296875,-0.4821014404296875
1784547316294874368,36.66013026237488,1.774017333984375,-0.47509765625,-0.7080230712890625
1784547316304794624,36.670050382614136,2.2303619384765625,-0.403228759765625,-0.4235992431640625
1784547316314714368,36.679970264434814,2.04998779296875,-0.020721435546875,-0.467254638671875
1784547316324633600,36.689889430999756,1.736663818359375,0.1903076171875,-0.0211029052734375
1784547316334553600,36.699809312820435,2.008880615234375,0.3006134033203125,0.2534637451171875
1784547316344473600,36.70972943305969,1.5959320068359375,-0.20233154296875,0.161346435546875
1784547316354392576,36.719648361206055,1.4545745849609375,-0.4693145751953125,0.28778076171875
1784547316364312320,36.72956824302673,1.76513671875,-0.1830291748046875,0.2867431640625
1784547316374232576,36.73948836326599,1.8325653076171875,0.2730865478515625,0.361663818359375
1784547316384151552,36.74940729141235,1.658538818359375,-0.316986083984375,0.224609375
1784547316394071552,36.75932741165161,1.3679962158203125,-0.36419677734375,0.49267578125
1784547316403991552,36.76924729347229,1.18927001953125,-0.16888427734375,0.4717864990234375
1784547316413910528,36.77916646003723,1.2713165283203125,-0.288970947265625,0.4766998291015625
1784547316423830528,36.78908634185791,1.29571533203125,-0.0976409912109375,0.1637420654296875
1784547316433750528,36.79900646209717,1.4527435302734375,0.0015716552734375,0.0933990478515625
1784547316443670528,36.80892634391785,1.4118499755859375,0.2772369384765625,-0.319366455078125
1784547316453589504,36.81884527206421,1.4075164794921875,0.2264404296875,-0.9193115234375
1784547316463509504,36.82876539230347,1.4124603271484375,0.329345703125,-0.8095855712890625
1784547316473429504,36.838685274124146,1.5843048095703125,0.532989501953125,-0.9191741943359375
1784547316483348736,36.84860444068909,1.8503875732421875,0.573944091796875,-1.30010986328125
1784547316493268480,36.858524322509766,1.8159942626953125,0.8859100341796875,-1.294952392578125
1784547316503188736,36.86844444274902,1.9227447509765625,1.314971923828125,-1.3246612548828125
1784547316513107456,36.878363370895386,1.869873046875,0.892181396484375,-1.5893402099609375
1784547316523027456,36.888283252716064,1.965545654296875,1.345062255859375,-1.1678314208984375
1784547316532947456,36.89820337295532,1.6875,1.5,-1.1627655029296875
1784547316542866432,36.908122301101685,1.2819976806640625,1.0900726318359375,-1.0750732421875
1784547316552786688,36.91804242134094,1.120391845703125,0.61175537109375,-1.0159149169921875
1784547316562706432,36.92796230316162,1.419219970703125,0.33905029296875,-1.079498291015625
1784547316572625664,36.93788146972656,1.80340576171875,0.2915802001953125,-1.127410888671875
1784547316582545408,36.94780135154724,2.0676727294921875,0.2594451904296875,-1.118011474609375
1784547316592465664,36.9577214717865,2.0762939453125,0.444091796875,-1.0688934326171875
1784547316602385408,36.96764135360718,1.886474609375,0.6808013916015625,-1.048187255859375
1784547316612304384,36.97756028175354,1.7524261474609375,0.6664276123046875,-0.9596405029296875
1784547316622224640,36.9874804019928,1.8143310546875,0.4679718017578125,-0.8163604736328125
1784547316632144384,36.99740028381348,1.9874114990234375,0.2027130126953125,-0.637725830078125
1784547316642063616,37.00731945037842,2.1367645263671875,-0.0494842529296875,-0.54766845703125
1784547316651983616,37.0172393321991,2.26593017578125,-0.2802734375,-0.4802093505859375
1784547316661903616,37.027159452438354,2.3829345703125,-0.421295166015625,-0.425811767578125
1784547316671822592,37.03707838058472,2.44354248046875,-0.450164794921875,-0.406463623046875
1784547316681742336,37.046998262405396,2.5093231201171875,-0.20989990234375,-0.2277374267578125
1784547316691662592,37.05691838264465,2.4739532470703125,0.192169189453125,0.0989227294921875
1784547316701581568,37.066837310791016,2.33203125,0.3479156494140625,0.246795654296875
1784547316711501568,37.07675743103027,2.19061279296875,0.27056884765625,0.350982666015625
1784547316721421568,37.08667731285095,2.11029052734375,0.0639801025390625,0.3292694091796875
1784547316731340288,37.096596240997314,2.1297149658203125,-0.1514739990234375,0.315032958984375
1784547316741260544,37.10651636123657,2.219085693359375,-0.2842559814453125,0.3274383544921875
1784547316751180288,37.11643624305725,2.3255767822265625,-0.2627410888671875,0.338226318359375
1784547316761099520,37.12635540962219,2.4176025390625,-0.1480560302734375,0.3374481201171875
1784547316771019520,37.13627529144287,2.4260711669921875,-0.008209228515625,0.5010223388671875
1784547316780939520,37.14619541168213,2.310577392578125,0.0900421142578125,0.682159423828125
1784547316790859520,37.15611529350281,2.1275482177734375,0.1222686767578125,0.7408447265625
1784547316800779520,37.166035413742065,1.9149017333984375,0.1815338134765625,0.70184326171875
1784547316810699520,37.175955295562744,1.753997802734375,0.25213623046875,0.5912628173828125
1784547316820619520,37.185875415802,1.742401123046875,0.2049713134765625,0.3943634033203125
1784547316830538496,37.195794343948364,1.7686767578125,0.139923095703125,0.3135528564453125
1784547316840458752,37.20571446418762,1.832763671875,0.208160400390625,0.33447265625
1784547316850378496,37.2156343460083,1.9084625244140625,0.378082275390625,0.3412628173828125
1784547316860297472,37.22555327415466,1.9064788818359375,0.5556182861328125,0.3684539794921875
1784547316870217472,37.23547339439392,1.7800140380859375,0.6978759765625,0.4221649169921875
1784547316880137472,37.2453932762146,1.627838134765625,0.7177581787109375,0.4514007568359375
1784547316890056704,37.25531244277954,1.5261383056640625,0.5549163818359375,0.5430450439453125
1784547316899976448,37.26523232460022,1.44976806640625,0.364013671875,0.68377685546875
1784547316909896704,37.27515244483948,1.3939208984375,0.2735748291015625,0.8198089599609375
1784547316919815424,37.28507137298584,1.329742431640625,0.4760589599609375,0.9337921142578125
1784547316929735424,37.29499125480652,1.2159576416015625,0.76129150390625,0.9052734375
1784547316939655424,37.304911375045776,1.0307769775390625,1.000335693359375,0.8935699462890625
1784547316949574400,37.31483030319214,0.8153839111328125,1.34173583984375,0.789703369140625
1784547316959494656,37.3247504234314,1.85968017578125,2.0821075439453125,-0.0724334716796875
1784547316969414400,37.334670305252075,3.4067230224609375,5.3160400390625,0.5689697265625
1784547316979334656,37.34459042549133,0.97802734375,3.742645263671875,-0.2375946044921875
1784547316989253632,37.354509353637695,0.6140594482421875,3.8626556396484375,-0.554229736328125
1784547316999173632,37.36442947387695,0.445587158203125,3.9244537353515625,-1.141845703125
1784547317009093632,37.37434935569763,1.00543212890625,2.588348388671875,-1.2269287109375
1784547317019012352,37.384268283843994,0.85516357421875,1.882080078125,-0.9073638916015625
1784547317028932608,37.39418840408325,0.2600860595703125,1.4957275390625,-0.8478240966796875
1784547317038852352,37.40410828590393,-0.08306884765625,1.712066650390625,-0.473663330078125
1784547317048771584,37.41402745246887,0.5898590087890625,1.894256591796875,-0.259063720703125
1784547317058691584,37.42394733428955,0.88153076171875,1.5017852783203125,-0.4462432861328125
1784547317068611584,37.43386745452881,0.96881103515625,0.9718475341796875,-0.6986083984375
1784547317078530560,37.44378638267517,0.976409912109375,0.6375274658203125,-0.59161376953125
1784547317088450304,37.45370626449585,0.80487060546875,0.5789947509765625,-0.2307586669921875
1784547317098370560,37.46362638473511,1.036346435546875,0.7244415283203125,-0.331268310546875
1784547317108290560,37.473546266555786,1.005645751953125,0.8213348388671875,-0.3367767333984375
1784547317118209536,37.48346543312073,0.7528076171875,0.90142822265625,-0.66107177734375
1784547317128129536,37.493385314941406,0.434112548828125,1.2680511474609375,-0.4931488037109375
1784547317138049536,37.503305435180664,0.280426025390625,1.231689453125,-0.63604736328125
1784547317147968512,37.513224363327026,0.2401123046875,1.1142578125,-0.771240234375
1784547317157888512,37.523144245147705,0.365325927734375,1.107513427734375,-0.78167724609375
1784547317167808512,37.53306436538696,0.3027496337890625,1.0940704345703125,-0.8226165771484375
1784547317177727488,37.542983293533325,0.544891357421875,1.0462493896484375,-0.9316253662109375
1784547317187647488,37.55290341377258,0.7537841796875,0.8759307861328125,-0.8218536376953125
1784547317197567488,37.56282329559326,0.4398956298828125,0.5564422607421875,-0.9373016357421875
1784547317207486720,37.5727424621582,0.1303558349609375,0.423187255859375,-1.0139312744140625
1784547317217406464,37.58266234397888,0.048797607421875,0.3418426513671875,-1.0182647705078125
1784547317227326720,37.59258246421814,-0.0142059326171875,0.2388458251953125,-1.08740234375
1784547317237245440,37.6025013923645,0.098663330078125,0.3606719970703125,-1.0427093505859375
1784547317247165440,37.61242127418518,0.1854705810546875,0.3730926513671875,-1.0492401123046875
1784547317257085440,37.62234139442444,0.1287078857421875,0.4997711181640625,-0.95745849609375
1784547317267005440,37.63226127624512,0.2440185546875,0.45782470703125,-1.040618896484375
1784547317276924672,37.64218044281006,0.3670196533203125,0.2848968505859375,-1.2243499755859375
1784547317286844416,37.65210032463074,0.32354736328125,0.2849578857421875,-1.0811004638671875
1784547317296764672,37.662020444869995,0.36322021484375,0.36083984375,-0.9072113037109375
1784547317306683648,37.67193937301636,0.28460693359375,0.328460693359375,-1.056488037109375
1784547317316603392,37.681859254837036,0.098663330078125,0.2755584716796875,-1.113494873046875
1784547317326523648,37.691779375076294,0.0484161376953125,0.2368621826171875,-1.028045654296875
1784547317336442368,37.701698303222656,0.070281982421875,0.1219635009765625,-1.0381011962890625
1784547317346362624,37.711618423461914,0.047698974609375,0.0028228759765625,-1.06048583984375
1784547317356282368,37.72153830528259,0.14263916015625,-0.133270263671875,-1.0965423583984375
1784547317366201600,37.731457471847534,0.183135986328125,-0.1490631103515625,-1.054656982421875
1784547317376121600,37.74137735366821,0.195892333984375,-0.15887451171875,-1.105560302734375
1784547317386041600,37.75129747390747,0.1766510009765625,-0.14630126953125,-1.2079620361328125
1784547317395961600,37.76121735572815,0.155029296875,-0.0937042236328125,-1.1722564697265625
1784547317405880576,37.77113628387451,0.142486572265625,-0.0860748291015625,-1.1768035888671875
1784547317415800576,37.78105640411377,0.1293792724609375,-0.0366668701171875,-1.14984130859375
1784547317425720576,37.79097628593445,0.1279754638671875,-0.0200653076171875,-1.125030517578125
1784547317435639552,37.80089545249939,0.154754638671875,-0.0433807373046875,-1.160675048828125
1784547317445559552,37.81081533432007,0.1576995849609375,-0.0039825439453125,-1.084716796875
1784547317455479552,37.820735454559326,0.1555633544921875,0.0206451416015625,-1.0382232666015625
1784547317465398528,37.83065438270569,0.1823272705078125,-0.001312255859375,-1.07379150390625
1784547317475318528,37.84057426452637,0.192718505859375,-0.0110321044921875,-1.0697021484375
1784547317485238528,37.850494384765625,0.20458984375,-0.074859619140625,-1.087738037109375
1784547317495158528,37.860414266586304,0.2288360595703125,-0.12152099609375,-1.0383453369140625
1784547317505077504,37.870333433151245,0.17315673828125,-0.1697845458984375,-1.01513671875
1784547317514997504,37.880253314971924,0.15863037109375,-0.234466552734375,-1.0238800048828125
1784547317524917504,37.89017343521118,0.130645751953125,-0.233978271484375,-0.9859771728515625
1784547317534836480,37.900092363357544,0.1517181396484375,-0.229461669921875,-0.955841064453125
1784547317544756480,37.91001224517822,0.1978759765625,-0.220977783203125,-0.9738616943359375
1784547317554676480,37.91993236541748,0.219879150390625,-0.21539306640625,-0.96478271484375
1784547317564595456,37.92985129356384,0.1922454833984375,-0.23052978515625,-0.9515533447265625
1784547317574515456,37.9397714138031,0.152496337890625,-0.2711639404296875,-0.975128173828125
1784547317584435456,37.94969129562378,0.193695068359375,-0.306610107421875,-0.9477691650390625
1784547317594354688,37.95961046218872,0.216705322265625,-0.3503875732421875,-0.92559814453125
1784547317604274432,37.9695303440094,0.1982269287109375,-0.3842926025390625,-0.9317626953125
1784547317614194688,37.97945046424866,0.220001220703125,-0.3665924072265625,-0.920928955078125
1784547317624114432,37.989370346069336,0.2568359375,-0.3211822509765625,-0.941070556640625
1784547317634033408,37.9992892742157,0.2679901123046875,-0.264678955078125,-0.9734344482421875
1784547317643953664,38.009209394454956,0.1822509765625,-0.2062530517578125,-0.93157958984375
1784547317653873408,38.019129276275635,0.044403076171875,-0.176849365234375,-0.8918304443359375
1784547317663792640,38.029048442840576,-0.0667572021484375,-0.1311187744140625,-0.862213134765625
1784547317673712384,38.038968324661255,-0.0479278564453125,-0.2181396484375,-0.9052581787109375
1784547317683632640,38.04888844490051,0.0095062255859375,-0.2913665771484375,-0.9140625
1784547317693551616,38.058807373046875,0.1070556640625,-0.3032989501953125,-0.9034576416015625
1784547317703471360,38.068727254867554,0.1827392578125,-0.3062286376953125,-0.919464111328125
1784547317713391616,38.07864737510681,0.2068328857421875,-0.30718994140625,-0.97845458984375
1784547317723311360,38.08856725692749,0.2160491943359375,-0.26220703125,-0.9867095947265625
1784547317733230592,38.09848642349243,0.2213897705078125,-0.2438812255859375,-1.0192413330078125
1784547317743150592,38.10840630531311,0.18243408203125,-0.2345123291015625,-1.0408172607421875
1784547317753070592,38.11832642555237,0.1180267333984375,-0.256683349609375,-1.059173583984375
1784547317762989568,38.12824535369873,0.0690460205078125,-0.299957275390625,-1.055755615234375
1784547317772909568,38.13816547393799,0.0514373779296875,-0.3531951904296875,-1.0347137451171875
1784547317782829568,38.14808535575867,0.0517120361328125,-0.399688720703125,-1.0213470458984375
1784547317792748544,38.15800428390503,0.0769500732421875,-0.3863067626953125,-0.9885406494140625
1784547317802669056,38.167924880981445,0.089508056640625,-0.3513946533203125,-0.961761474609375
1784547317812589056,38.177844762802124,0.0903167724609375,-0.354339599609375,-0.975982666015625
1784547317822508032,38.187763929367065,0.0897979736328125,-0.372406005859375,-0.9774169921875
1784547317832428032,38.197683811187744,0.0945587158203125,-0.3933258056640625,-0.979339599609375
1784547317842348032,38.207603931427,0.1153106689453125,-0.4037933349609375,-0.9774627685546875
1784547317852268032,38.21752381324768,0.1585235595703125,-0.412322998046875,-0.995208740234375
1784547317862187008,38.22744274139404,0.178436279296875,-0.398406982421875,-1.000213623046875
1784547317872107008,38.2373628616333,0.1728057861328125,-0.37017822265625,-0.9954986572265625
1784547317882027008,38.24728274345398,0.1775665283203125,-0.360107421875,-0.9730987548828125
1784547317891945984,38.25720191001892,0.164764404296875,-0.3522491455078125,-0.9690399169921875
1784547317901865984,38.2671217918396,0.1247100830078125,-0.3323516845703125,-0.9718170166015625
1784547317911785984,38.27704191207886,0.109344482421875,-0.3249053955078125,-0.989593505859375
1784547317921704960,38.28696084022522,0.111968994140625,-0.3289642333984375,-0.995147705078125
1784547317931625216,38.29688096046448,0.1369781494140625,-0.34136962890625,-0.9973907470703125
1784547317941544960,38.306800842285156,0.16253662109375,-0.336395263671875,-1.0281982421875
1784547317951465216,38.316720962524414,0.1672210693359375,-0.310882568359375,-1.0140533447265625
1784547317961383936,38.326639890670776,0.1631317138671875,-0.301971435546875,-1.0125274658203125
1784547317971303936,38.336559772491455,0.1746063232421875,-0.3259429931640625,-1.026214599609375
1784547317981223936,38.34647989273071,0.1568756103515625,-0.345062255859375,-1.017425537109375
1784547317991142912,38.356398820877075,0.14996337890625,-0.3777008056640625,-1.0054779052734375
1784547318001063168,38.36631894111633,0.1446685791015625,-0.425811767578125,-0.9962310791015625
1784547318010982912,38.37623882293701,0.1975860595703125,-0.4633331298828125,-0.996795654296875
1784547318020901888,38.386157751083374,0.224212646484375,-0.457763671875,-0.955474853515625
1784547318030822144,38.39607787132263,0.1966400146484375,-0.4389801025390625,-0.9312286376953125
1784547318040741888,38.40599775314331,0.1408233642578125,-0.4043731689453125,-0.8927001953125
1784547318050662144,38.41591787338257,0.1106109619140625,-0.368560791015625,-0.91015625
1784547318060580864,38.42583680152893,0.1100616455078125,-0.3112030029296875,-0.907379150390625
1784547318070501120,38.43575692176819,0.09759521484375,-0.3000640869140625,-0.92877197265625
1784547318080420864,38.44567680358887,0.104095458984375,-0.315155029296875,-0.92724609375
1784547318090340096,38.45559597015381,0.115570068359375,-0.3431854248046875,-0.8733673095703125
1784547318100260096,38.46551585197449,0.1203765869140625,-0.342987060546875,-0.8545379638671875
1784547318110180096,38.475435972213745,0.1021270751953125,-0.3417205810546875,-0.865325927734375
1784547318120099072,38.48535490036011,0.0650177001953125,-0.3448638916015625,-0.8967132568359375
1784547318130019072,38.495274782180786,0.0355682373046875,-0.3295745849609375,-0.8900146484375
1784547318139939072,38.505194902420044,0.0349578857421875,-0.3372344970703125,-0.914459228515625
1784547318149858048,38.515113830566406,0.0442352294921875,-0.3451995849609375,-0.9482421875
1784547318159778048,38.525033950805664,0.054046630859375,-0.3432464599609375,-0.9489593505859375
1784547318169698048,38.53495383262634,0.0679473876953125,-0.3553314208984375,-0.9536285400390625
1784547318179618048,38.5448739528656,0.0771942138671875,-0.376983642578125,-0.97259521484375
1784547318189537024,38.55479288101196,0.0719757080078125,-0.3865509033203125,-0.9576263427734375
1784547318199457024,38.56471276283264,0.0630340576171875,-0.4129486083984375,-0.952789306640625
1784547318209377024,38.5746328830719,0.0645599365234375,-0.4392547607421875,-0.9548187255859375
1784547318219296000,38.58455181121826,0.0845489501953125,-0.4483795166015625,-0.953582763671875
1784547318229216000,38.59447193145752,0.0977325439453125,-0.4454345703125,-0.9653778076171875
1784547318239136000,38.6043918132782,0.1017913818359375,-0.424468994140625,-0.9741668701171875
1784547318249054976,38.61431074142456,0.0866851806640625,-0.4010009765625,-1.003875732421875
1784547318258974976,38.62423086166382,0.0660552978515625,-0.382568359375,-1.023681640625
1784547318268894976,38.6341507434845,0.0552978515625,-0.37548828125,-0.9984588623046875
1784547318278814976,38.644070863723755,0.0362548828125,-0.401031494140625,-0.9783782958984375
1784547318288733952,38.65398979187012,0.0283050537109375,-0.405914306640625,-0.93292236328125
1784547318298653952,38.663909912109375,0.0329437255859375,-0.3871917724609375,-0.894134521484375
1784547318308573952,38.673829793930054,0.0518646240234375,-0.357696533203125,-0.8734893798828125
1784547318318493184,38.683748960494995,0.0719146728515625,-0.3299407958984375,-0.8762664794921875
1784547318328412928,38.693668842315674,0.0885772705078125,-0.3109130859375,-0.8883514404296875
1784547318338333184,38.70358896255493,0.104522705078125,-0.3041534423828125,-0.9163818359375
1784547318348252160,38.713507890701294,0.10394287109375,-0.2891082763671875,-0.9120941162109375
1784547318358171904,38.72342777252197,0.1006011962890625,-0.2781829833984375,-0.9091339111328125
1784547318368092160,38.73334789276123,0.091278076171875,-0.278656005859375,-0.928070068359375
1784547318378011904,38.74326777458191,0.0986175537109375,-0.2536773681640625,-0.93408203125
1784547318387931136,38.75318694114685,0.107513427734375,-0.220977783203125,-0.976409912109375
1784547318397850880,38.76310682296753,0.1138153076171875,-0.19293212890625,-1.0141754150390625
1784547318407771136,38.77302694320679,0.128326416015625,-0.2029571533203125,-1.033538818359375
1784547318417690112,38.78294587135315,0.1317138671875,-0.2728424072265625,-1.0465850830078125
1784547318427609856,38.79286575317383,0.10601806640625,-0.335052490234375,-1.0120086669921875
1784547318437530112,38.802785873413086,0.0789031982421875,-0.3527984619140625,-0.948822021484375
1784547318447449088,38.81270480155945,0.08355712890625,-0.3220672607421875,-0.8805389404296875
1784547318457369088,38.822624921798706,0.0718841552734375,-0.27923583984375,-0.8775482177734375
1784547318467289088,38.832544803619385,0.069488525390625,-0.2095489501953125,-0.9520111083984375
1784547318477209088,38.84246492385864,0.1013946533203125,-0.0847930908203125,-1.0064239501953125
1784547318487128064,38.852383852005005,0.157928466796875,0.0135650634765625,-1.01202392578125
1784547318497048064,38.86230397224426,0.1829376220703125,0.0361328125,-1.000244140625
1784547318506968064,38.87222385406494,0.16314697265625,0.0281829833984375,-0.96722412109375
1784547318516887040,38.882142782211304,0.1091156005859375,-0.0209197998046875,-0.925445556640625
1784547318526807040,38.89206290245056,0.0860137939453125,-0.0619964599609375,-0.981109619140625
1784547318536727040,38.90198278427124,0.0684051513671875,-0.06182861328125,-0.9621734619140625
1784547318546646016,38.91190195083618,0.075042724609375,-0.036346435546875,-0.9346466064453125
1784547318556566016,38.92182183265686,0.07147216796875,0.0095367431640625,-0.8831634521484375
1784547318566486016,38.93174195289612,0.0352020263671875,0.0522308349609375,-0.857391357421875
1784547318576406016,38.9416618347168,0.0140380859375,0.1498870849609375,-0.852783203125
1784547318586324992,38.95158076286316,0.05462646484375,0.2415924072265625,-0.8750457763671875
1784547318596244992,38.96150088310242,0.12664794921875,0.2259521484375,-0.90576171875
1784547318606164992,38.971420764923096,0.17462158203125,0.1531829833984375,-0.8698577880859375
1784547318616084224,38.98133993148804,0.1562652587890625,0.1656646728515625,-0.518585205078125
1784547318626003968,38.991259813308716,0.2194061279296875,0.2378387451171875,-0.4370574951171875
1784547318635924224,39.001179933547974,0.2156219482421875,0.1339874267578125,-0.5360107421875
1784547318645842944,39.011098861694336,0.1126556396484375,-0.1212158203125,-0.6560821533203125
1784547318655762944,39.021018743515015,0.0879058837890625,-0.34857177734375,-0.7200469970703125
1784547318665682944,39.03093886375427,0.191680908203125,-0.38323974609375,-0.8227386474609375
1784547318675601920,39.040857791900635,0.1048431396484375,-0.28143310546875,-0.831512451171875
1784547318685522176,39.05077791213989,0.0569610595703125,-0.2672271728515625,-0.801361083984375
1784547318695441920,39.06069779396057,0.116546630859375,-0.2975006103515625,-0.7896270751953125
1784547318705362176,39.07061791419983,0.1280517578125,-0.3443603515625,-0.8475341796875
1784547318715280896,39.08053684234619,0.1232757568359375,-0.2899017333984375,-0.9604339599609375
1784547318725201152,39.09045696258545,0.11474609375,-0.154510498046875,-1.1055908203125
1784547318735120896,39.10037684440613,0.09173583984375,-0.03057861328125,-1.251922607421875
1784547318745039872,39.11029577255249,-0.0149688720703125,-0.010650634765625,-1.4419097900390625
1784547318754960128,39.12021589279175,-0.0531463623046875,-0.1010589599609375,-1.3311614990234375
1784547318764879872,39.13013577461243,0.0118865966796875,-0.2545166015625,-1.256622314453125
1784547318774799104,39.14005494117737,0.0643310546875,-0.21246337890625,-1.1273651123046875
1784547318784719104,39.14997482299805,0.0344085693359375,-0.046051025390625,-1.05535888671875
1784547318794639104,39.159894943237305,-0.0408782958984375,0.005340576171875,-1.0828399658203125
1784547318804557568,39.16981339454651,-0.1001739501953125,-0.0147247314453125,-0.9846038818359375
1784547318814476800,39.17973256111145,-0.119293212890625,-0.012420654296875,-0.973724365234375
1784547318824396544,39.18965244293213,-0.127105712890625,0.0114593505859375,-0.974517822265625
1784547318834316800,39.19957256317139,-0.1210479736328125,0.023895263671875,-0.9813385009765625
1784547318844235776,39.20949149131775,-0.1392822265625,-0.017486572265625,-0.9910430908203125
1784547318854155520,39.21941137313843,-0.2261199951171875,-0.088775634765625,-0.983245849609375
1784547318864075776,39.229331493377686,-0.3226776123046875,-0.1245269775390625,-0.98876953125
1784547318873995520,39.239251375198364,-0.3886260986328125,-0.097747802734375,-0.991455078125
1784547318883914752,39.249170541763306,-0.40972900390625,-0.051849365234375,-1.0093841552734375
1784547318893834496,39.259090423583984,-0.3828125,-0.0721282958984375,-1.0023040771484375
1784547318903754752,39.26901054382324,-0.32464599609375,-0.179351806640625,-0.9986724853515625
1784547318913673728,39.278929471969604,-0.282379150390625,-0.282745361328125,-0.975799560546875
1784547318923593728,39.28884959220886,-0.2644195556640625,-0.33990478515625,-0.971160888671875
1784547318933513728,39.29876947402954,-0.251434326171875,-0.32684326171875,-0.96697998046875
1784547318943432448,39.3086884021759,-0.227020263671875,-0.2627410888671875,-0.9898834228515625
1784547318953352704,39.31860852241516,-0.1951751708984375,-0.2020416259765625,-1.0245819091796875
1784547318963272448,39.32852840423584,-0.1739349365234375,-0.1871185302734375,-1.02337646484375
1784547318973191680,39.33844757080078,-0.161651611328125,-0.212188720703125,-0.994171142578125
1784547318983111680,39.34836745262146,-0.180267333984375,-0.23870849609375,-0.952423095703125
1784547318993031680,39.35828757286072,-0.23626708984375,-0.2460479736328125,-0.9510040283203125
1784547319002951680,39.3682074546814,-0.28680419921875,-0.226531982421875,-0.983551025390625
1784547319012870656,39.37812638282776,-0.3081207275390625,-0.177276611328125,-0.9791107177734375
1784547319022790656,39.38804650306702,-0.30157470703125,-0.120941162109375,-1.00244140625
1784547319032710656,39.397966384887695,-0.250335693359375,-0.0976104736328125,-1.0574951171875
1784547319042629632,39.40788555145264,-0.1709442138671875,-0.13250732421875,-1.0496978759765625
1784547319052549632,39.417805433273315,-0.1264801025390625,-0.197265625,-1.0071563720703125
1784547319062469632,39.42772555351257,-0.1576690673828125,-0.2470703125,-0.947723388671875
1784547319072388608,39.437644481658936,-0.24127197265625,-0.2649383544921875,-0.85626220703125
1784547319082308608,39.447564363479614,-0.3408203125,-0.225494384765625,-0.8828125
1784547319092228608,39.45748448371887,-0.4125823974609375,-0.1257781982421875,-0.8874053955078125
1784547319102148608,39.46740436553955,-0.4310150146484375,-0.035797119140625,-0.85418701171875
1784547319112067584,39.47732353210449,-0.404296875,-0.00909423828125,-0.8561859130859375
1784547319121987584,39.48724341392517,-0.321746826171875,0.005584716796875,-0.8695526123046875
1784547319131907584,39.49716353416443,-0.2288665771484375,-0.0088653564453125,-0.88189697265625
1784547319141826560,39.50708246231079,-0.185546875,-0.078155517578125,-0.9375152587890625
1784547319151746816,39.51700258255005,-0.19415283203125,-0.166351318359375,-0.95770263671875
1784547319161666560,39.52692246437073,-0.25067138671875,-0.2323150634765625,-0.964630126953125
1784547319171586816,39.536842584609985,-0.30596923828125,-0.2631683349609375,-0.9708099365234375
1784547319181505792,39.54676151275635,-0.3325958251953125,-0.291229248046875,-0.96966552734375
1784547319191425536,39.556681394577026,-0.3382415771484375,-0.30706787109375,-0.9563446044921875
1784547319201345792,39.566601514816284,-0.325347900390625,-0.2931671142578125,-0.9299468994140625
1784547319211264512,39.57652044296265,-0.3149261474609375,-0.2400665283203125,-0.903564453125
1784547319221184768,39.586440563201904,-0.3186798095703125,-0.1835174560546875,-0.887847900390625
1784547319231104512,39.59636044502258,-0.34588623046875,-0.142791748046875,-0.849945068359375
1784547319241023488,39.606279373168945,-0.3745269775390625,-0.0812530517578125,-0.8257904052734375
1784547319250943744,39.6161994934082,-0.39068603515625,-0.043731689453125,-0.8614501953125
1784547319260863488,39.62611937522888,-0.3902435302734375,-0.053436279296875,-0.924652099609375
1784547319270783744,39.63603949546814,-0.3852386474609375,-0.101104736328125,-0.9879302978515625
1784547319280702464,39.6459584236145,-0.3681182861328125,-0.1522216796875,-1.0148162841796875
1784547319290622720,39.65587854385376,-0.329376220703125,-0.202392578125,-1.0171051025390625
1784547319300542720,39.66579842567444,-0.2881011962890625,-0.23419189453125,-1.008544921875
1784547319310461696,39.67571759223938,-0.2647552490234375,-0.1935577392578125,-0.960906982421875
1784547319320381696,39.68563747406006,-0.27142333984375,-0.099822998046875,-0.9447784423828125
1784547319330301696,39.695557594299316,-0.3083343505859375,-0.0129852294921875,-0.9183197021484375
1784547319340220672,39.70547652244568,-0.3438568115234375,0.0469207763671875,-0.9109954833984375
1784547319350140672,39.71539640426636,-0.3382415771484375,0.046234130859375,-0.953765869140625
1784547319360060672,39.725316524505615,-0.2904052734375,0.008575439453125,-1.0013427734375
1784547319369980672,39.735236406326294,-0.2494354248046875,-0.0551910400390625,-1.039581298828125
1784547319379899648,39.745155572891235,-0.2252960205078125,-0.1329345703125,-1.0593109130859375
1784547319389819648,39.755075454711914,-0.220489501953125,-0.171356201171875,-1.0629730224609375
1784547319399739648,39.76499557495117,-0.22021484375,-0.133544921875,-1.0787811279296875
1784547319409658624,39.774914503097534,-0.19879150390625,-0.089996337890625,-1.086822509765625
1784547319419578624,39.78483438491821,-0.196136474609375,-0.1199493408203125,-1.032257080078125
1784547319429498624,39.79475450515747,-0.284210205078125,-0.14617919921875,-1.020263671875
1784547319439417600,39.80467343330383,-0.526580810546875,0.0654296875,-1.2588348388671875
1784547319449337600,39.81459355354309,-0.6953582763671875,0.43408203125,-0.8153076171875
1784547319459257600,39.82451343536377,-0.5232696533203125,0.1211700439453125,-0.454132080078125
1784547319469177600,39.83443355560303,0.089111328125,-0.7589111328125,0.134185791015625
1784547319479096576,39.84435248374939,0.1932830810546875,-1.383453369140625,-0.88299560546875
1784547319489016576,39.85427236557007,-0.266510009765625,-0.6225738525390625,-1.1021728515625
1784547319498936576,39.864192485809326,-0.5794830322265625,0.6096649169921875,-0.84039306640625
1784547319508855552,39.87411141395569,-0.748443603515625,0.7490692138671875,-1.2274017333984375
1784547319518775808,39.884031534194946,-0.7094879150390625,0.1594390869140625,-1.1927947998046875
1784547319528695552,39.893951416015625,-0.4427337646484375,-0.339385986328125,-0.970062255859375
1784547319538615808,39.90387153625488,-0.1788177490234375,-0.4400634765625,-0.8939361572265625
1784547319548534528,39.913790464401245,-0.12518310546875,-0.1950836181640625,-0.9032135009765625
1784547319558454784,39.9237105846405,-0.1665191650390625,0.0616912841796875,-0.8730621337890625
1784547319568374528,39.93363046646118,-0.2375640869140625,0.159759521484375,-1.010223388671875
1784547319578293504,39.943549394607544,-0.3092041015625,0.1487579345703125,-1.04150390625
1784547319588213760,39.9534695148468,-0.35595703125,0.11761474609375,-0.96868896484375
1784547319598133504,39.96338939666748,-0.3688812255859375,0.13726806640625,-0.918182373046875
1784547319608052736,39.97330856323242,-0.342010498046875,0.1522369384765625,-0.913299560546875
1784547319617972736,39.9832284450531,-0.27532958984375,0.1343841552734375,-0.938934326171875
1784547319627892736,39.99314856529236,-0.2213134765625,0.1309814453125,-0.96820068359375
1784547319637812736,40.00306844711304,-0.201995849609375,0.1184844970703125,-1.0245819091796875
1784547319647731456,40.0129873752594,-0.21380615234375,0.1002044677734375,-1.07342529296875
1784547319657651712,40.02290749549866,-0.275970458984375,0.090484619140625,-1.0711517333984375
1784547319667571456,40.032827377319336,-0.347442626953125,0.136077880859375,-1.00335693359375
1784547319677490688,40.04274654388428,-0.3361968994140625,0.123199462890625,-0.9810028076171875
1784547319687410688,40.052666425704956,-0.2587890625,0.076690673828125,-1.0229339599609375
1784547319697330688,40.062586545944214,-0.2171630859375,0.0078582763671875,-1.0835723876953125
1784547319707250688,40.07250642776489,-0.2016143798828125,-0.069061279296875,-1.1233062744140625
1784547319717169664,40.082425594329834,-0.197845458984375,-0.1302642822265625,-1.173583984375
1784547319727089664,40.09234547615051,-0.2391815185546875,-0.119293212890625,-1.211944580078125
1784547319737009664,40.10226559638977,-0.2879638671875,-0.0214385986328125,-1.2461700439453125
1784547319746928640,40.11218452453613,-0.2930908203125,0.1103668212890625,-1.2393798828125
1784547319756848640,40.12210440635681,-0.2415924072265625,0.15301513671875,-1.242767333984375
1784547319766768640,40.13202452659607,-0.1820526123046875,0.1196441650390625,-1.223724365234375
1784547319776687616,40.14194345474243,-0.14349365234375,0.0527801513671875,-1.2242889404296875
1784547319786607616,40.15186357498169,-0.1611785888671875,0.0036163330078125,-1.209075927734375
1784547319796527616,40.16178345680237,-0.20745849609375,0.00482177734375,-1.1634521484375
1784547319806448640,40.17170453071594,-0.249267578125,0.0093231201171875,-1.124847412109375
1784547319816367872,40.181623697280884,-0.28009033203125,-0.0177459716796875,-1.0753326416015625
1784547319826287872,40.19154357910156,-0.2871551513671875,-0.07342529296875,-1.0171661376953125
1784547319836207872,40.20146369934082,-0.2693939208984375,-0.1071014404296875,-0.982391357421875
1784547319846126848,40.21138262748718,-0.2209320068359375,-0.11767578125,-0.9581451416015625
1784547319856046592,40.22130250930786,-0.129730224609375,-0.1241607666015625,-0.9538421630859375
1784547319865966848,40.23122262954712,-0.0557098388671875,-0.1683807373046875,-0.9861907958984375
1784547319875886592,40.2411425113678,-0.062164306640625,-0.2288818359375,-1.0071563720703125
1784547319885805824,40.25106167793274,-0.130828857421875,-0.2554473876953125,-1.0404052734375
1784547319895725824,40.26098155975342,-0.2309722900390625,-0.251251220703125,-1.0654296875
1784547319905645824,40.270901679992676,-0.288970947265625,-0.2473297119140625,-1.05767822265625
1784547319915564800,40.28082060813904,-0.2729034423828125,-0.250152587890625,-1.00360107421875
1784547319925484544,40.29074048995972,-0.2671356201171875,-0.2936248779296875,-0.84161376953125
1784547319935404800,40.300660610198975,-0.2420196533203125,-0.3416595458984375,-0.709197998046875
1784547319945324544,40.31058049201965,-0.1779937744140625,-0.3212127685546875,-0.6939544677734375
1784547319955243776,40.320499658584595,-0.1207733154296875,-0.181976318359375,-0.7345123291015625
1784547319965163776,40.33041954040527,-0.093963623046875,-0.0074920654296875,-0.795013427734375
1784547319975083776,40.34033966064453,-0.1127777099609375,0.13043212890625,-0.831207275390625
1784547319985002752,40.350258588790894,-0.136749267578125,0.2401275634765625,-0.8367919921875
1784547319994922752,40.36017870903015,-0.171051025390625,0.28619384765625,-0.8301239013671875
1784547320004842752,40.37009859085083,-0.210693359375,0.175750732421875,-0.760955810546875
1784547320014761728,40.38001751899719,-0.22418212890625,-0.0111541748046875,-0.7280426025390625
1784547320024681728,40.38993763923645,-0.2340545654296875,0.04534912109375,-0.708099365234375
1784547320034601728,40.39985752105713,-0.22222900390625,0.4476776123046875,-0.6362152099609375
1784547320044521728,40.40977764129639,-0.1863861083984375,0.613037109375,-0.634857177734375
1784547320054440704,40.41969656944275,-0.1779327392578125,0.6286468505859375,-0.601470947265625
1784547320064360960,40.42961668968201,-0.186309814453125,0.69305419921875,-0.50408935546875
1784547320074280704,40.439536571502686,-0.1702880859375,0.8159027099609375,-0.458038330078125
1784547320084199680,40.44945549964905,-0.162567138671875,0.9375762939453125,-0.4868316650390625
1784547320094119680,40.459375619888306,-0.1866302490234375,0.8843536376953125,-0.64373779296875
1784547320104039680,40.469295501708984,-0.2376708984375,0.7133331298828125,-0.7382659912109375
1784547320113959680,40.47921562194824,-0.3372955322265625,0.603973388671875,-0.6790924072265625
1784547320123878656,40.489134550094604,-0.3857269287109375,0.6237640380859375,-0.6502685546875
1784547320133798912,40.49905467033386,-0.40899658203125,0.7635498046875,-0.6142730712890625
1784547320143718656,40.50897455215454,-0.4134063720703125,0.8641204833984375,-0.621490478515625
1784547320153637888,40.51889371871948,-0.390533447265625,0.86468505859375,-0.5963897705078125
1784547320163557888,40.52881360054016,-0.4088287353515625,0.7616424560546875,-0.6116485595703125
1784547320173477888,40.53873372077942,-0.424591064453125,0.659637451171875,-0.6188812255859375
1784547320183397888,40.5486536026001,-0.4422149658203125,0.6136474609375,-0.6225128173828125
1784547320193316608,40.55857253074646,-0.41949462890625,0.66162109375,-0.617645263671875
1784547320203236864,40.56849265098572,-0.3466339111328125,0.77337646484375,-0.6901397705078125
1784547320213156608,40.5784125328064,-0.228363037109375,0.8828277587890625,-0.735992431640625
1784547320223075840,40.58833169937134,-0.0969085693359375,0.9031219482421875,-0.775299072265625
1784547320232995840,40.59825158119202,-0.006927490234375,0.834747314453125,-0.800201416015625
1784547320242915840,40.608171701431274,0.043914794921875,0.691650390625,-0.810455322265625
1784547320252834816,40.61809062957764,0.056182861328125,0.5859832763671875,-0.828369140625
1784547320262754560,40.628010511398315,0.0471343994140625,0.55615234375,-0.8326416015625
1784547320272674816,40.63793063163757,0.0425872802734375,0.5706634521484375,-0.8430023193359375
1784547320282594560,40.64785051345825,0.070465087890625,0.5938873291015625,-0.847747802734375
1784547320292513792,40.65776968002319,0.111419677734375,0.6201629638671875,-0.8400421142578125
1784547320302433792,40.66768956184387,0.1504974365234375,0.6385650634765625,-0.825347900390625
1784547320312353792,40.67760968208313,0.1710662841796875,0.677764892578125,-0.795684814453125
1784547320322272768,40.68752861022949,0.174041748046875,0.7063446044921875,-0.760894775390625
1784547320332192768,40.69744849205017,0.1522064208984375,0.6869659423828125,-0.7003173828125
1784547320342112768,40.70736861228943,0.08380126953125,0.63507080078125,-0.65948486328125
1784547320352032768,40.71728849411011,-0.0039825439453125,0.6060028076171875,-0.63165283203125
1784547320361951744,40.72720766067505,-0.0343170166015625,0.5803985595703125,-0.6281585693359375
1784547320371871744,40.73712754249573,-0.0417938232421875,0.5946197509765625,-0.623870849609375
1784547320381791744,40.747047662734985,-0.058807373046875,0.5988006591796875,-0.622314453125
1784547320391710720,40.75696659088135,-0.0504608154296875,0.5784759521484375,-0.620697021484375
1784547320401630976,40.766886711120605,-0.0564117431640625,0.5871734619140625,-0.62860107421875
1784547320411550720,40.776806592941284,-0.1064605712890625,0.601531982421875,-0.662109375
1784547320421470976,40.78672671318054,-0.1806182861328125,0.599945068359375,-0.6981201171875
1784547320431389696,40.796645641326904,-0.2182464599609375,0.623687744140625,-0.7327880859375
1784547320441309696,40.80656552314758,-0.172576904296875,0.642913818359375,-0.7412567138671875
1784547320451229696,40.81648564338684,0.7113189697265625,0.5489044189453125,-0.67388916015625
1784547320461148672,40.8264045715332,0.0034637451171875,0.85809326171875,-0.91680908203125
1784547320471068928,40.83632469177246,-0.4423370361328125,0.883544921875,-0.6926727294921875
1784547320480988672,40.84624457359314,-0.5267333984375,0.6935577392578125,-0.66546630859375
1784547320490908928,40.8561646938324,-0.4692840576171875,0.5025482177734375,-0.5728759765625
1784547320500827904,40.86608362197876,-0.3425445556640625,0.3687744140625,-0.539581298828125
1784547320510747648,40.87600350379944,0.1108245849609375,0.4737548828125,-0.6246337890625
1784547320520667904,40.885923624038696,0.48675537109375,0.7573394775390625,-0.703399658203125
1784547320530586624,40.89584255218506,0.3013916015625,0.8170318603515625,-0.7786712646484375
1784547320540506880,40.905762672424316,0.0247802734375,0.8343353271484375,-0.682952880859375
1784547320550426624,40.915682554244995,0.013519287109375,1.05047607421875,-0.6488494873046875
1784547320560346880,40.92560267448425,0.0482330322265625,0.90850830078125,-0.7497100830078125
1784547320570265856,40.935521602630615,0.1208648681640625,0.710784912109375,-0.7653350830078125
1784547320580185856,40.94544172286987,0.0276031494140625,0.7130889892578125,-0.7080078125
1784547320590105856,40.95536160469055,-0.1006317138671875,0.711090087890625,-0.6981353759765625
1784547320600024576,40.965280532836914,-0.1344451904296875,0.7965240478515625,-0.7327117919921875
1784547320609944832,40.97520065307617,-0.10565185546875,0.806427001953125,-0.7535552978515625
1784547320619864576,40.98512053489685,-0.0742950439453125,0.6880950927734375,-0.726654052734375
1784547320629784832,40.99504065513611,-0.0372772216796875,0.5983428955078125,-0.6937408447265625
1784547320639703808,41.00495958328247,-0.034912109375,0.56854248046875,-0.6559906005859375
1784547320649623808,41.01487970352173,-0.0230865478515625,0.591094970703125,-0.67431640625
1784547320659543808,41.02479958534241,-0.0065765380859375,0.6095428466796875,-0.7251739501953125
1784547320669462784,41.03471851348877,-0.0402679443359375,0.654754638671875,-0.7275848388671875
1784547320679382784,41.04463863372803,-0.0932769775390625,0.6480865478515625,-0.73651123046875
1784547320689302784,41.054558515548706,-0.1149139404296875,0.62109375,-0.7496490478515625
1784547320699222784,41.064478635787964,-0.123291015625,0.5823974609375,-0.744049072265625
1784547320709141760,41.074397563934326,-0.08587646484375,0.56011962890625,-0.72686767578125
1784547320719061760,41.084317684173584,-0.0123748779296875,0.52130126953125,-0.78253173828125
1784547320728981760,41.09423756599426,-0.010894775390625,0.5621337890625,-0.800048828125
1784547320738900736,41.104156494140625,-0.0301513671875,0.597412109375,-0.79876708984375
1784547320748820736,41.11407661437988,-0.0627593994140625,0.5725860595703125,-0.78680419921875
1784547320758740736,41.12399649620056,-0.0908966064453125,0.588104248046875,-0.7541656494140625
1784547320768659712,41.1339156627655,-0.1061553955078125,0.6127471923828125,-0.7527313232421875
1784547320778579712,41.14383554458618,-0.1396331787109375,0.6459808349609375,-0.748748779296875
1784547320788499712,41.15375566482544,-0.16558837890625,0.6817626953125,-0.7720947265625
1784547320798419712,41.16367554664612,-0.1602630615234375,0.6799468994140625,-0.7774810791015625
1784547320808338176,41.17359399795532,-0.134033203125,0.616912841796875,-0.7493896484375
1784547320818257920,41.183513879776,-0.0944366455078125,0.5811004638671875,-0.7554168701171875
1784547320828178176,41.19343400001526,-0.0633392333984375,0.593292236328125,-0.7714691162109375
1784547320838097152,41.20335292816162,-0.03515625,0.620269775390625,-0.8005218505859375
1784547320848016896,41.2132728099823,-0.08135986328125,0.6536865234375,-0.80767822265625
1784547320857937152,41.22319293022156,-0.13592529296875,0.6698150634765625,-0.7781829833984375
1784547320867856896,41.233112812042236,-0.1688690185546875,0.678680419921875,-0.7532196044921875
1784547320877776128,41.24303197860718,-0.206878662109375,0.7293243408203125,-0.7352294921875
1784547320887696128,41.252951860427856,-0.222869873046875,0.7560882568359375,-0.7332916259765625
1784547320897616128,41.262871980667114,-0.2161865234375,0.7093048095703125,-0.7547149658203125
1784547320907535104,41.27279090881348,-0.1517791748046875,0.6021575927734375,-0.7371826171875
1784547320917454848,41.282710790634155,0.026153564453125,0.4822540283203125,-0.734588623046875
1784547320927375104,41.29263091087341,0.1415557861328125,0.527069091796875,-0.758026123046875
1784547320937294848,41.30255079269409,0.0731658935546875,0.65618896484375,-0.7793731689453125
1784547320947214080,41.31246995925903,-0.0935516357421875,0.6984405517578125,-0.7521209716796875
1784547320957134080,41.32238984107971,-0.2867584228515625,0.68408203125,-0.7309417724609375
1784547320967054080,41.33230996131897,-0.36248779296875,0.6778106689453125,-0.7241058349609375
1784547320976973056,41.34222888946533,-0.29144287109375,0.6746063232421875,-0.7220611572265625
1784547320986893056,41.35214900970459,-0.1943206787109375,0.657073974609375,-0.756927490234375
1784547320996813056,41.36206889152527,-0.13397216796875,0.665740966796875,-0.7804107666015625
1784547321006733056,41.371989011764526,-0.0876617431640625,0.683349609375,-0.76934814453125
1784547321016652032,41.38190793991089,-0.0801849365234375,0.671905517578125,-0.7454681396484375
1784547321026572032,41.39182782173157,-0.1102142333984375,0.659637451171875,-0.7238922119140625
1784547321036492032,41.401747941970825,-0.132781982421875,0.64019775390625,-0.7012481689453125
1784547321046411008,41.41166687011719,-0.1933135986328125,0.7013092041015625,-0.70782470703125
1784547321056331264,41.421586990356445,-0.20111083984375,0.70843505859375,-0.713165283203125
1784547321066251008,41.431506872177124,-0.1729888916015625,0.666961669921875,-0.695770263671875
1784547321076171264,41.44142699241638,-0.1276092529296875,0.6717987060546875,-0.695098876953125
1784547321086089984,41.451345920562744,-0.0465850830078125,0.6726531982421875,-0.7164764404296875
1784547321096009984,41.46126580238342,-0.1338958740234375,0.60101318359375,-0.778350830078125
1784547321105929984,41.47118592262268,-0.120025634765625,0.601318359375,-0.778411865234375
1784547321115848960,41.48110485076904,0.0160675048828125,0.62628173828125,-0.822662353515625
1784547321125769216,41.4910249710083,-0.003753662109375,0.58782958984375,-0.8475189208984375
1784547321135688960,41.50094485282898,-0.0462799072265625,0.5977783203125,-0.814483642578125
1784547321145609216,41.51086497306824,-0.0684661865234375,0.6397705078125,-0.790618896484375
1784547321155528192,41.5207839012146,-0.0718994140625,0.677490234375,-0.773834228515625
1784547321165447936,41.53070378303528,-0.0918426513671875,0.689361572265625,-0.7647247314453125
1784547321175368192,41.540623903274536,-0.120758056640625,0.66009521484375,-0.746795654296875
1784547321185286912,41.5505428314209,-0.1079864501953125,0.63006591796875,-0.7203521728515625
1784547321195207168,41.560462951660156,-0.084564208984375,0.7298736572265625,-0.7299957275390625
1784547321205126912,41.570382833480835,-0.1530303955078125,0.74102783203125,-0.7314910888671875
1784547321215046144,41.580302000045776,-0.173828125,0.729461669921875,-0.7073974609375
1784547321224966144,41.590221881866455,-0.145172119140625,0.7286529541015625,-0.69891357421875
1784547321234886144,41.60014200210571,-0.1354827880859375,0.7125244140625,-0.710113525390625
1784547321244806144,41.61006188392639,-0.143402099609375,0.6888580322265625,-0.6989593505859375
1784547321254724864,41.619980812072754,-0.1465606689453125,0.666473388671875,-0.709381103515625
1784547321264645120,41.62990093231201,-0.1413726806640625,0.686798095703125,-0.69842529296875
1784547321274564864,41.63982081413269,-0.1649627685546875,0.7147979736328125,-0.687469482421875
1784547321284484096,41.64973998069763,-0.181640625,0.728607177734375,-0.670928955078125
1784547321294404096,41.65965986251831,-0.1416778564453125,0.7082061767578125,-0.6718292236328125
1784547321304324096,41.66957998275757,-0.1323089599609375,0.699462890625,-0.66845703125
1784547321314244096,41.67949986457825,-0.1762237548828125,0.71331787109375,-0.658843994140625
1784547321324163072,41.68941879272461,-0.189971923828125,0.7144012451171875,-0.6535491943359375
1784547321334083072,41.69933891296387,-0.175018310546875,0.7055511474609375,-0.642547607421875
1784547321344003072,41.709258794784546,-0.162322998046875,0.7005767822265625,-0.654205322265625
1784547321353922048,41.71917796134949,-0.167083740234375,0.698211669921875,-0.6663818359375
1784547321363842048,41.729097843170166,-0.1563568115234375,0.6944427490234375,-0.681243896484375
1784547321373762048,41.739017963409424,-0.1387481689453125,0.67962646484375,-0.7118988037109375
1784547321383682048,41.7489378452301,-0.1448211669921875,0.65966796875,-0.72467041015625
1784547321393601280,41.758857011795044,-0.1443939208984375,0.6276092529296875,-0.7392578125
1784547321403521024,41.76877689361572,-0.1145782470703125,0.6135101318359375,-0.7640380859375
1784547321413441280,41.77869701385498,-0.0572509765625,0.6182708740234375,-0.7906951904296875
1784547321423360000,41.78861594200134,-0.0355987548828125,0.6193389892578125,-0.80615234375
1784547321433280000,41.79853582382202,-0.0753936767578125,0.6460723876953125,-0.7572479248046875
1784547321443200000,41.80845594406128,-0.101806640625,0.661865234375,-0.6832275390625
1784547321453120000,41.81837582588196,-0.1256561279296875,0.67449951171875,-0.620635986328125
1784547321463039232,41.8282949924469,-0.15283203125,0.6903533935546875,-0.61029052734375
1784547321472958976,41.83821487426758,-0.191650390625,0.6956024169921875,-0.6111602783203125
1784547321482879232,41.848134994506836,-0.2064666748046875,0.6986846923828125,-0.5978240966796875
1784547321492798208,41.8580539226532,-0.218597412109375,0.7046661376953125,-0.5977325439453125
1784547321502717952,41.86797380447388,-0.2314605712890625,0.739593505859375,-0.6042327880859375
1784547321512638208,41.877893924713135,-0.2247314453125,0.77978515625,-0.6099700927734375
1784547321522557952,41.88781380653381,-0.2246551513671875,0.78106689453125,-0.60955810546875
1784547321532477184,41.897732973098755,-0.235931396484375,0.7395477294921875,-0.6227569580078125
1784547321542396928,41.907652854919434,-0.2498321533203125,0.7066802978515625,-0.63671875
1784547321552317184,41.91757297515869,-0.25018310546875,0.7102203369140625,-0.6555633544921875
1784547321562236160,41.927491903305054,-0.2346038818359375,0.7389984130859375,-0.66693115234375
1784547321572155904,41.93741178512573,-0.1804656982421875,0.7503662109375,-0.6879425048828125
1784547321582076160,41.94733190536499,-0.1304779052734375,0.7405548095703125,-0.704742431640625
1784547321591994880,41.95725083351135,-0.1535186767578125,0.720367431640625,-0.71258544921875
1784547321601915136,41.96717095375061,-0.1062774658203125,0.7306976318359375,-0.712432861328125
1784547321611834880,41.97709083557129,-0.1925048828125,0.69244384765625,-0.7271881103515625
1784547321621755136,41.98701095581055,-0.2808074951171875,0.6700592041015625,-0.697357177734375
1784547321631674112,41.99692988395691,-0.3029022216796875,0.664947509765625,-0.69873046875
1784547321641594112,42.00685000419617,-0.268890380859375,0.6873321533203125,-0.6965179443359375
1784547321651514112,42.016769886016846,-0.24774169921875,0.696502685546875,-0.7026214599609375
1784547321661433088,42.02668881416321,-0.2233734130859375,0.711090087890625,-0.700347900390625
1784547321671353088,42.036608934402466,-0.1911773681640625,0.708709716796875,-0.7266845703125
1784547321681273088,42.046528816223145,-0.187896728515625,0.6905517578125,-0.7317047119140625
1784547321691193088,42.0564489364624,-0.2041778564453125,0.6810760498046875,-0.73089599609375
1784547321701112064,42.066367864608765,-0.18341064453125,0.7025299072265625,-0.7344818115234375
1784547321711032064,42.07628798484802,-0.1233367919921875,0.722991943359375,-0.7117462158203125
1784547321720952064,42.0862078666687,-0.0944366455078125,0.702606201171875,-0.698883056640625
1784547321730871040,42.09612679481506,-0.136138916015625,0.679840087890625,-0.6618804931640625
1784547321740791040,42.10604691505432,-0.1715087890625,0.64239501953125,-0.6326904296875
1784547321750711040,42.115966796875,-0.190460205078125,0.64044189453125,-0.6091156005859375
1784547321760631040,42.12588691711426,-0.206817626953125,0.6654052734375,-0.6162872314453125
1784547321770550016,42.13580584526062,-0.2484893798828125,0.711181640625,-0.6530914306640625
1784547321780470016,42.14572596549988,-0.31854248046875,0.775787353515625,-0.701171875
1784547321790390016,42.15564584732056,-0.3443756103515625,0.8192901611328125,-0.7234649658203125
1784547321800309248,42.1655650138855,-0.265869140625,0.798309326171875,-0.711151123046875
1784547321810228224,42.17548394203186,-0.174713134765625,0.7539520263671875,-0.6792755126953125
1784547321820147968,42.18540382385254,-0.1423187255859375,0.7293548583984375,-0.6425628662109375
1784547321830066944,42.1953227519989,-0.1360931396484375,0.7097320556640625,-0.620513916015625
1784547321839986944,42.20524287223816,-0.1438751220703125,0.7020721435546875,-0.6055145263671875
1784547321849906944,42.21516275405884,-0.144927978515625,0.69970703125,-0.6068267822265625
1784547321859826944,42.225082874298096,-0.1233062744140625,0.706634521484375,-0.6413726806640625
1784547321869745920,42.23500180244446,-0.1186370849609375,0.74139404296875,-0.6522674560546875
1784547321879666176,42.244921922683716,-0.130706787109375,0.74029541015625,-0.6776123046875
1784547321889585920,42.254841804504395,-0.1606903076171875,0.71978759765625,-0.69512939453125
1784547321899505152,42.264760971069336,-0.1862030029296875,0.7150726318359375,-0.699798583984375
1784547321909424896,42.274680852890015,-0.1764068603515625,0.7177734375,-0.7008514404296875
1784547321919345152,42.28460097312927,-0.16387939453125,0.7427825927734375,-0.7038726806640625
1784547321929264896,42.29452085494995,-0.1271514892578125,0.7516021728515625,-0.69384765625
1784547321939183872,42.30443978309631,-0.113861083984375,0.7410430908203125,-0.664794921875
1784547321949104128,42.31435990333557,-0.1236724853515625,0.7135467529296875,-0.639404296875
1784547321959023872,42.32427978515625,-0.153839111328125,0.67730712890625,-0.6184539794921875
1784547321968943104,42.33419895172119,-0.1756591796875,0.6329803466796875,-0.60205078125
1784547321978863104,42.34411883354187,-0.201690673828125,0.6353912353515625,-0.5990753173828125
1784547321988783104,42.35403895378113,-0.17999267578125,0.691864013671875,-0.63037109375
1784547321998703104,42.36395883560181,-0.1259002685546875,0.7385406494140625,-0.66473388671875
1784547322008621824,42.37387776374817,-0.1197509765625,0.77166748046875,-0.6682891845703125
1784547322018542080,42.38379788398743,-0.1850128173828125,0.80316162109375,-0.65618896484375
1784547322028461824,42.393717765808105,-0.278411865234375,0.802093505859375,-0.6463470458984375
1784547322038381056,42.40363693237305,-0.28985595703125,0.7389984130859375,-0.6356658935546875
1784547322048301056,42.413556814193726,-0.2021942138671875,0.6480255126953125,-0.6146392822265625
1784547322058221056,42.42347693443298,-0.0921478271484375,0.568359375,-0.6217193603515625
1784547322068140032,42.433395862579346,-0.0564727783203125,0.6236724853515625,-0.6539459228515625
1784547322078060032,42.443315744400024,-0.102935791015625,0.7566070556640625,-0.6884613037109375
1784547322087980032,42.45323586463928,-0.205535888671875,0.8758544921875,-0.709686279296875
1784547322097900032,42.46315574645996,-0.273345947265625,0.942779541015625,-0.71661376953125
1784547322107819008,42.4730749130249,-0.241363525390625,0.8978729248046875,-0.7261810302734375
1784547322117739008,42.48299479484558,-0.2216033935546875,0.82220458984375,-0.7108306884765625
1784547322127659008,42.49291491508484,-0.219390869140625,0.7472076416015625,-0.69610595703125
1784547322137577984,42.5028338432312,-0.1912384033203125,0.696868896484375,-0.6884765625
1784547322147498240,42.51275396347046,-0.1927032470703125,0.6507568359375,-0.655426025390625
1784547322157417984,42.52267384529114,-0.2258453369140625,0.6510009765625,-0.63922119140625
1784547322167338240,42.532593965530396,-0.246490478515625,0.700286865234375,-0.6404266357421875
1784547322177256960,42.54251289367676,-0.2462921142578125,0.73297119140625,-0.6619415283203125
1784547322187176960,42.55243277549744,-0.2100677490234375,0.7410430908203125,-0.6715087890625
1784547322197096960,42.562352895736694,-0.161376953125,0.73095703125,-0.68243408203125
1784547322207015936,42.57227182388306,-0.147552490234375,0.72344970703125,-0.6931304931640625
1784547322216936192,42.582191944122314,-0.1423797607421875,0.7062225341796875,-0.700836181640625
1784547322226855936,42.59211182594299,-0.1156005859375,0.6870269775390625,-0.6869049072265625
1784547322236776192,42.60203194618225,-0.122406005859375,0.6865386962890625,-0.6810302734375
1784547322246695168,42.61195087432861,-0.1696014404296875,0.7171630859375,-0.6922760009765625
1784547322256614912,42.62187075614929,-0.226043701171875,0.7351531982421875,-0.67767333984375
1784547322266535168,42.63179087638855,-0.2441253662109375,0.709716796875,-0.6799468994140625
1784547322276453888,42.64170980453491,-0.249542236328125,0.7095947265625,-0.68951416015625
1784547322286374144,42.65162992477417,-0.2509918212890625,0.7060699462890625,-0.6913299560546875
1784547322296293888,42.66154980659485,-0.2061309814453125,0.6654815673828125,-0.7038116455078125
1784547322306213120,42.67146897315979,-0.16326904296875,0.649444580078125,-0.6815032958984375
1784547322316133120,42.68138885498047,-0.1552886962890625,0.6297607421875,-0.6656036376953125
1784547322326052864,42.69130873680115,-0.1975555419921875,0.6619873046875,-0.6707763671875
1784547322335973120,42.701228857040405,-0.271575927734375,0.704437255859375,-0.678955078125
1784547322345891840,42.71114778518677,-0.2780914306640625,0.6973876953125,-0.68585205078125
1784547322355812096,42.721067905426025,-0.2406463623046875,0.656646728515625,-0.6917266845703125
1784547322365731840,42.730987787246704,-0.1581878662109375,0.615966796875,-0.7077178955078125
1784547322375651072,42.740906953811646,-0.1088714599609375,0.5896148681640625,-0.7219696044921875
1784547322385571072,42.750826835632324,-0.116973876953125,0.6048736572265625,-0.7125244140625
1784547322395491072,42.76074695587158,-0.1810760498046875,0.658294677734375,-0.7152862548828125
1784547322405411072,42.77066683769226,-0.2369537353515625,0.6735687255859375,-0.71124267578125
1784547322415330048,42.78058576583862,-0.24114990234375,0.654449462890625,-0.6935882568359375
1784547322425250048,42.79050588607788,-0.21173095703125,0.654388427734375,-0.705963134765625
1784547322435170048,42.80042576789856,-0.1865081787109375,0.6552886962890625,-0.726287841796875
1784547322445089024,42.8103449344635,-0.16986083984375,0.6595916748046875,-0.7165069580078125
1784547322455009024,42.82026481628418,-0.149993896484375,0.6496734619140625,-0.7073211669921875
1784547322464929024,42.83018493652344,-0.169769287109375,0.6537017822265625,-0.7015838623046875
1784547322474848000,42.8401038646698,-0.1945648193359375,0.64410400390625,-0.6876220703125
1784547322484768000,42.85002374649048,-0.1813201904296875,0.63525390625,-0.6949615478515625
1784547322494688000,42.859943866729736,-0.159332275390625,0.6406707763671875,-0.7028045654296875
1784547322504608000,42.869863748550415,-0.14276123046875,0.638671875,-0.705596923828125
1784547322514526976,42.879782915115356,-0.140472412109375,0.64581298828125,-0.7204437255859375
1784547322524446976,42.889702796936035,-0.1429595947265625,0.6461029052734375,-0.728515625
1784547322534366976,42.89962291717529,-0.17169189453125,0.6582794189453125,-0.7283935546875
1784547322544285952,42.909541845321655,-0.1840362548828125,0.6415863037109375,-0.7172088623046875
1784547322554206208,42.91946196556091,-0.17169189453125,0.6213836669921875,-0.6934356689453125
1784547322564125952,42.92938184738159,-0.149078369140625,0.61871337890625,-0.661712646484375
1784547322574046208,42.93930196762085,-0.155609130859375,0.63751220703125,-0.6543731689453125
1784547322583965184,42.94922089576721,-0.1796112060546875,0.67401123046875,-0.645263671875
1784547322593884928,42.95914077758789,-0.199920654296875,0.705963134765625,-0.6668701171875
1784547322603805184,42.96906089782715,-0.2146453857421875,0.73565673828125,-0.6903076171875
1784547322613723904,42.97897982597351,-0.184112548828125,0.7107696533203125,-0.742919921875
1784547322623644160,42.98889994621277,-0.140869140625,0.6542510986328125,-0.7487945556640625
1784547322633563904,42.99881982803345,-0.134307861328125,0.69158935546875,-0.712371826171875
1784547322643484160,43.008739948272705,-0.13861083984375,0.6976165771484375,-0.695281982421875
1784547322653403136,43.01865887641907,-0.070953369140625,0.667083740234375,-0.7337646484375
1784547322663322880,43.028578758239746,-0.136383056640625,0.6819915771484375,-0.750457763671875
1784547322673243136,43.038498878479004,-0.2505645751953125,0.71099853515625,-0.7415008544921875
1784547322683161856,43.048417806625366,-0.2224578857421875,0.6975250244140625,-0.7673492431640625
1784547322693082112,43.058337926864624,-0.201507568359375,0.714813232421875,-0.7612457275390625
1784547322703001856,43.0682578086853,-0.187408447265625,0.71942138671875,-0.7371826171875
1784547322712920832,43.078176736831665,-0.1459503173828125,0.6890411376953125,-0.724212646484375
1784547322722841088,43.08809685707092,-0.120819091796875,0.6432647705078125,-0.717071533203125
1784547322732760832,43.0980167388916,-0.1409454345703125,0.6191253662109375,-0.7162322998046875
1784547322742681088,43.10793685913086,-0.173675537109375,0.6309051513671875,-0.7435150146484375
1784547322752600064,43.11785578727722,-0.161712646484375,0.638580322265625,-0.765960693359375
1784547322762520064,43.12777590751648,-0.1546478271484375,0.651275634765625,-0.7806549072265625
1784547322772440064,43.13769578933716,-0.1676177978515625,0.6267242431640625,-0.773956298828125
1784547322782359040,43.1476149559021,-0.163848876953125,0.619598388671875,-0.7522125244140625
1784547322792279040,43.15753483772278,-0.171783447265625,0.6397552490234375,-0.74591064453125
1784547322802199808,43.16745567321777,-0.2195587158203125,0.64154052734375,-0.74951171875
1784547322812119808,43.17737555503845,-0.2299957275390625,0.6239013671875,-0.762451171875
