time,seconds_elapsed,x,y,z
1784805811609932032,0.013476848602294922,0.096588134765625,0.6795654296875,-0.6785888671875
1784805811619850752,0.023395776748657227,0.0898895263671875,0.7027740478515625,-0.69818115234375
1784805811629771008,0.03331589698791504,0.0918426513671875,0.73687744140625,-0.7098388671875
1784805811639689984,0.043234825134277344,0.0944671630859375,0.747772216796875,-0.70965576171875
1784805811649609728,0.053154706954956055,0.0889739990234375,0.743316650390625,-0.7044219970703125
1784805811659528960,0.06307387351989746,0.0902252197265625,0.7237548828125,-0.6877593994140625
1784805811669447936,0.07299280166625977,0.0930328369140625,0.6926422119140625,-0.6792144775390625
1784805811679367936,0.08291292190551758,0.08160400390625,0.676910400390625,-0.6639862060546875
1784805811689286912,0.09283185005187988,0.0652923583984375,0.68865966796875,-0.6548309326171875
1784805811699206912,0.1027517318725586,0.067535400390625,0.697540283203125,-0.6564178466796875
1784805811709125888,0.1126708984375,0.0838470458984375,0.683135986328125,-0.6615142822265625
1784805811719044864,0.1225898265838623,0.1032562255859375,0.681884765625,-0.6590576171875
1784805811728964864,0.13250970840454102,0.1142578125,0.6927642822265625,-0.662353515625
1784805811738884096,0.14242887496948242,0.1190185546875,0.7009124755859375,-0.6566009521484375
1784805811748803840,0.15234875679016113,0.1145172119140625,0.7126617431640625,-0.638153076171875
1784805811758723072,0.16226792335510254,0.107452392578125,0.7259521484375,-0.6508636474609375
1784805811768642048,0.17218685150146484,0.1072845458984375,0.7212677001953125,-0.667694091796875
1784805811778561792,0.18210673332214355,0.107513427734375,0.7113800048828125,-0.67742919921875
1784805811788481024,0.19202589988708496,0.0996246337890625,0.6994781494140625,-0.678192138671875
1784805811798400768,0.20194578170776367,0.0666351318359375,0.68646240234375,-0.680999755859375
1784805811808319744,0.21186470985412598,0.044708251953125,0.6707305908203125,-0.654205322265625
1784805811818238976,0.22178387641906738,0.039825439453125,0.7059173583984375,-0.6144256591796875
1784805811828158976,0.2317037582397461,0.0499725341796875,0.7623291015625,-0.65203857421875
1784805811838077952,0.2416229248046875,0.085540771484375,0.7777862548828125,-0.7137298583984375
1784805811847997952,0.2515428066253662,0.1192474365234375,0.781951904296875,-0.7258758544921875
1784805811857916928,0.2614617347717285,0.12469482421875,0.759918212890625,-0.74053955078125
1784805811867835904,0.2713809013366699,0.123016357421875,0.74072265625,-0.7113189697265625
1784805811877755904,0.28130078315734863,0.1044464111328125,0.7326812744140625,-0.6529998779296875
1784805811887674880,0.29121971130371094,0.092529296875,0.7181854248046875,-0.6296539306640625
1784805811897594880,0.30113983154296875,0.078094482421875,0.7322845458984375,-0.6357269287109375
1784805811907513856,0.31105875968933105,0.0525054931640625,0.758026123046875,-0.65728759765625
1784805811917433856,0.32097887992858887,0.051483154296875,0.76177978515625,-0.7111968994140625
1784805811927352832,0.33089780807495117,0.096038818359375,0.73431396484375,-0.7543792724609375
1784805811937271808,0.3408167362213135,0.138702392578125,0.7098846435546875,-0.7727508544921875
1784805811947192064,0.3507368564605713,0.1570281982421875,0.7040557861328125,-0.754608154296875
1784805811957110784,0.3606557846069336,0.146697998046875,0.70428466796875,-0.7257080078125
1784805811967029760,0.3705747127532959,0.14154052734375,0.7086944580078125,-0.672821044921875
1784805811976950016,0.3804948329925537,0.129913330078125,0.73052978515625,-0.5991363525390625
1784805811986868736,0.390413761138916,0.1270904541015625,0.7229461669921875,-0.5922698974609375
1784805811996788992,0.40033388137817383,0.117095947265625,0.6715545654296875,-0.6036376953125
1784805812006707968,0.41025280952453613,0.08502197265625,0.6683807373046875,-0.658660888671875
1784805812016627968,0.42017292976379395,0.1026458740234375,0.6984100341796875,-0.72943115234375
1784805812026546944,0.43009185791015625,0.138458251953125,0.723114013671875,-0.76556396484375
1784805812036465920,0.44001078605651855,0.14019775390625,0.741455078125,-0.79180908203125
1784805812046385920,0.44993090629577637,0.151641845703125,0.7480316162109375,-0.79241943359375
1784805812056304896,0.45984983444213867,0.16845703125,0.7445831298828125,-0.7562408447265625
1784805812066224896,0.4697697162628174,0.184234619140625,0.7396240234375,-0.7047271728515625
1784805812076143872,0.4796888828277588,0.20855712890625,0.7043914794921875,-0.6985931396484375
1784805812086062848,0.4896078109741211,0.21136474609375,0.66448974609375,-0.636566162109375
1784805812095983104,0.4995279312133789,0.197021484375,0.6741485595703125,-0.6075439453125
1784805812105902080,0.5094468593597412,0.2211761474609375,0.6831512451171875,-0.599822998046875
1784805812115821824,0.5193667411804199,0.280364990234375,0.6767425537109375,-0.5619659423828125
1784805812125741056,0.5292859077453613,0.4077301025390625,0.628143310546875,-0.548675537109375
1784805812135660032,0.5392048358917236,0.514129638671875,0.575439453125,-0.6187591552734375
1784805812145579776,0.5491247177124023,0.397857666015625,0.68743896484375,-0.49053955078125
1784805812155499008,0.5590438842773438,0.1842803955078125,0.729583740234375,-0.4428863525390625
1784805812165418752,0.5689637660980225,0.08917236328125,0.7266387939453125,-0.3876800537109375
1784805812175337984,0.5788829326629639,0.1313323974609375,0.6634521484375,-0.438385009765625
1784805812185256960,0.5888018608093262,0.17303466796875,0.6743621826171875,-0.5347442626953125
1784805812195176960,0.5987217426300049,0.2195281982421875,0.78466796875,-0.6821136474609375
1784805812205095936,0.6086409091949463,0.22930908203125,0.9919586181640625,-0.8267974853515625
1784805812215015936,0.618560791015625,0.2041778564453125,1.1767120361328125,-0.8924713134765625
1784805812224934912,0.6284797191619873,0.2102508544921875,1.2375640869140625,-0.867889404296875
1784805812234853888,0.6383988857269287,0.21502685546875,1.1238555908203125,-0.697906494140625
1784805812244773888,0.6483187675476074,0.1325836181640625,0.86004638671875,-0.525177001953125
1784805812254693120,0.6582379341125488,0.05908203125,0.634246826171875,-0.4010467529296875
1784805812264612864,0.6681578159332275,0.037017822265625,0.5034332275390625,-0.5407257080078125
1784805812274531840,0.6780767440795898,-0.17645263671875,0.5996856689453125,-0.9225006103515625
1784805812284451072,0.6879959106445312,-0.1759796142578125,0.8676910400390625,-1.2261962890625
1784805812294370816,0.69791579246521,-0.004364013671875,0.79052734375,-1.1872711181640625
1784805812304289792,0.7078347206115723,0.17218017578125,0.4592132568359375,-0.871612548828125
1784805812314210048,0.7177548408508301,0.129791259765625,0.3654327392578125,-0.639892578125
1784805812324128768,0.7276737689971924,-0.099395751953125,0.36663818359375,-0.63299560546875
1784805812334048000,0.7375929355621338,-0.1465911865234375,0.2918548583984375,-0.763580322265625
1784805812343968000,0.7475128173828125,0.0112762451171875,0.19305419921875,-0.8040924072265625
1784805812353886720,0.7574317455291748,0.121795654296875,0.238433837890625,-0.7687225341796875
1784805812363806976,0.7673518657684326,0.136077880859375,0.3913421630859375,-0.7518157958984375
1784805812373725952,0.7772707939147949,0.164886474609375,0.5104827880859375,-0.762359619140625
1784805812383645952,0.7871909141540527,0.182403564453125,0.5881500244140625,-0.798004150390625
1784805812393564928,0.797109842300415,0.18328857421875,0.656524658203125,-0.8237762451171875
1784805812403483904,0.8070287704467773,0.20233154296875,0.6718902587890625,-0.7622833251953125
1784805812413403904,0.8169488906860352,0.1840362548828125,0.6499176025390625,-0.7400360107421875
1784805812423322880,0.8268678188323975,0.14837646484375,0.6859588623046875,-0.7535858154296875
1784805812433243136,0.8367879390716553,0.1475830078125,0.700592041015625,-0.757232666015625
1784805812443161856,0.8467068672180176,0.1571044921875,0.6722259521484375,-0.752838134765625
1784805812453080832,0.8566257953643799,0.139556884765625,0.7204742431640625,-0.741180419921875
1784805812463001088,0.8665459156036377,0.1341705322265625,0.774749755859375,-0.7872161865234375
1784805812472920064,0.87646484375,0.1495208740234375,0.722747802734375,-0.7637481689453125
1784805812482839808,0.8863847255706787,0.1514892578125,0.5685577392578125,-0.7468109130859375
1784805812492759040,0.8963038921356201,0.1592254638671875,0.436981201171875,-0.750762939453125
1784805812502678016,0.9062228202819824,0.1925201416015625,0.3649444580078125,-0.7364654541015625
1784805812512597760,0.9161427021026611,0.1576385498046875,0.38128662109375,-0.71429443359375
1784805812522515968,0.9260609149932861,0.1262969970703125,0.506927490234375,-0.704345703125
1784805812532436224,0.935981035232544,0.0958099365234375,0.6939697265625,-0.7115631103515625
1784805812542354944,0.9458999633789062,0.1406402587890625,0.8395843505859375,-0.757049560546875
1784805812552275200,0.9558200836181641,0.1944122314453125,0.8306732177734375,-0.7604827880859375
1784805812562194176,0.9657390117645264,0.1843719482421875,0.7679290771484375,-0.730010986328125
1784805812572113152,0.9756579399108887,0.200592041015625,0.69158935546875,-0.7605438232421875
1784805812582033152,0.9855780601501465,0.2469329833984375,0.669708251953125,-0.7250213623046875
1784805812591952128,0.9954969882965088,0.2264251708984375,0.7037506103515625,-0.653472900390625
1784805812601871872,1.0054168701171875,0.13323974609375,0.7561187744140625,-0.669464111328125
1784805812611791104,1.015336036682129,0.1215972900390625,0.860015869140625,-0.7384490966796875
1784805812621710080,1.0252549648284912,0.21087646484375,0.88885498046875,-0.7616729736328125
1784805812631630080,1.035175085067749,0.294647216796875,0.787811279296875,-0.7601470947265625
1784805812641549056,1.0450940132141113,0.3101806640625,0.669342041015625,-0.718841552734375
1784805812651469056,1.05501389503479,0.2214508056640625,0.66546630859375,-0.7393951416015625
1784805812661388032,1.0649330615997314,0.1460113525390625,0.683197021484375,-0.702880859375
1784805812671307008,1.0748519897460938,0.0856475830078125,0.660980224609375,-0.639739990234375
1784805812681227008,1.0847718715667725,0.0487823486328125,0.69647216796875,-0.6737518310546875
1784805812691146240,1.0946910381317139,0.088104248046875,0.7076416015625,-0.728179931640625
1784805812701065984,1.1046109199523926,0.1220245361328125,0.6977691650390625,-0.741363525390625
1784805812710985216,1.114530086517334,0.1465911865234375,0.7081451416015625,-0.7508392333984375
1784805812720904960,1.1244499683380127,0.2110595703125,0.6877593994140625,-0.7395477294921875
1784805812730823936,1.134368896484375,0.258270263671875,0.6656646728515625,-0.6703643798828125
1784805812740743168,1.1442880630493164,0.2023773193359375,0.6555633544921875,-0.711090087890625
1784805812750663168,1.1542079448699951,0.1285858154296875,0.6991119384765625,-0.7556610107421875
1784805812760581888,1.1641268730163574,0.10498046875,0.719757080078125,-0.7425689697265625
1784805812770502144,1.1740469932556152,0.1009674072265625,0.7656707763671875,-0.75048828125
1784805812780421120,1.1839659214019775,0.1499481201171875,0.7635040283203125,-0.706298828125
1784805812790340096,1.193885087966919,0.1668243408203125,0.7164306640625,-0.701416015625
1784805812800260096,1.2038049697875977,0.1317596435546875,0.798492431640625,-0.8028106689453125
1784805812810179072,1.21372389793396,0.06536865234375,0.78643798828125,-0.8486328125
1784805812820099072,1.2236440181732178,0.1054229736328125,0.6292877197265625,-0.793243408203125
1784805812830018048,1.23356294631958,0.197509765625,0.595855712890625,-0.8228912353515625
1784805812839938048,1.243483066558838,0.13775634765625,0.622039794921875,-0.8818511962890625
1784805812849857024,1.2534019947052002,0.2530975341796875,0.4637603759765625,-0.8402252197265625
1784805812859776000,1.2633209228515625,0.3047943115234375,0.215301513671875,-0.7938385009765625
1784805812869696256,1.2732410430908203,0.244598388671875,0.1489715576171875,-0.795379638671875
1784805812879614976,1.2831599712371826,0.1768341064453125,0.091064453125,-0.7876739501953125
1784805812889535232,1.2930800914764404,0.124481201171875,0.1273956298828125,-0.7905120849609375
1784805812899454208,1.3029990196228027,0.0840911865234375,0.22607421875,-0.83905029296875
1784805812909372928,1.312917947769165,0.1140899658203125,0.330169677734375,-0.89599609375
1784805812919293184,1.3228380680084229,0.117919921875,0.49951171875,-0.934539794921875
1784805812929212160,1.3327569961547852,0.0875244140625,0.4707183837890625,-0.933013916015625
1784805812939131904,1.3426768779754639,0.139923095703125,0.2017669677734375,-0.7172393798828125
1784805812949051136,1.3525960445404053,0.1371612548828125,-0.0931396484375,-0.740203857421875
1784805812958971136,1.362515926361084,0.160736083984375,0.0760955810546875,-0.7470703125
1784805812968890112,1.3724350929260254,0.179931640625,0.3152923583984375,-0.802459716796875
1784805812978809088,1.3823540210723877,0.1703643798828125,0.468963623046875,-0.905914306640625
1784805812988729088,1.3922739028930664,0.166229248046875,0.5188446044921875,-0.887176513671875
1784805812998648064,1.4021930694580078,0.16845703125,0.47869873046875,-0.8742523193359375
1784805813008568064,1.4121129512786865,0.1434173583984375,0.481842041015625,-0.8345794677734375
1784805813018487040,1.4220318794250488,0.10748291015625,0.2702178955078125,-0.75933837890625
1784805813028406016,1.4319510459899902,0.09185791015625,0.0808258056640625,-0.6569366455078125
1784805813038326016,1.441870927810669,0.0732574462890625,0.323211669921875,-0.60791015625
1784805813048245248,1.4517900943756104,0.122406005859375,0.5817413330078125,-0.6896820068359375
1784805813058164992,1.461709976196289,0.0124053955078125,0.985687255859375,-0.8542633056640625
1784805813068083968,1.4716289043426514,0.093170166015625,1.0598907470703125,-0.5296783447265625
1784805813078004224,1.4815490245819092,0.617156982421875,0.7677764892578125,-0.6531829833984375
1784805813087922944,1.4914679527282715,0.99932861328125,1.0701141357421875,-1.0871124267578125
1784805813097841920,1.5013868808746338,0.783599853515625,1.513214111328125,-1.3563232421875
1784805813107762176,1.5113070011138916,0.1817474365234375,1.4964599609375,-1.2026519775390625
1784805813117681152,1.521225929260254,-0.4162445068359375,0.8521575927734375,-1.097442626953125
1784805813127601152,1.5311460494995117,-0.3913726806640625,0.1730804443359375,-0.806640625
1784805813137520128,1.541064977645874,0.0546722412109375,-0.237091064453125,-0.6029815673828125
1784805813147440128,1.5509850978851318,0.5287933349609375,-0.2579498291015625,-0.5832366943359375
1784805813157359104,1.5609040260314941,0.49481201171875,0.15032958984375,-0.5986175537109375
1784805813167278080,1.5708229541778564,0.2974090576171875,0.5959625244140625,-0.7374114990234375
1784805813177198080,1.5807430744171143,0.2795257568359375,0.8245849609375,-0.9285125732421875
1784805813187117056,1.5906620025634766,0.3573455810546875,0.835296630859375,-0.9814910888671875
1784805813197037056,1.6005818843841553,0.4537506103515625,0.6484375,-0.9636993408203125
1784805813206956032,1.6105010509490967,0.3606414794921875,0.3909454345703125,-0.9639892578125
1784805813216876032,1.6204209327697754,0.274139404296875,0.259307861328125,-0.995330810546875
1784805813226795264,1.6303400993347168,0.35699462890625,0.2095947265625,-1.1376190185546875
1784805813236714240,1.640259027481079,0.600616455078125,0.211029052734375,-1.291473388671875
1784805813246633984,1.6501789093017578,0.7998199462890625,0.27001953125,-1.4610443115234375
1784805813256553216,1.6600980758666992,0.909820556640625,0.2772216796875,-1.536407470703125
1784805813266472960,1.670017957687378,0.9257659912109375,0.17889404296875,-1.6726226806640625
1784805813276391936,1.6799368858337402,0.8876953125,0.0704193115234375,-1.846771240234375
1784805813286311168,1.6898560523986816,0.756134033203125,0.112548828125,-1.6715545654296875
1784805813296230912,1.6997759342193604,0.7177276611328125,0.43505859375,-1.2620391845703125
1784805813306150144,1.7096951007843018,0.9285888671875,0.73095703125,-0.82183837890625
1784805813316070144,1.7196149826049805,1.2956085205078125,0.6571807861328125,-0.7225341796875
1784805813325989120,1.7295339107513428,1.4308624267578125,0.5439453125,-0.639129638671875
1784805813335909120,1.7394540309906006,1.40155029296875,0.3180084228515625,-0.4769439697265625
1784805813345828096,1.749372959136963,1.42254638671875,-0.076873779296875,-0.5011138916015625
1784805813355747072,1.7592918872833252,1.276824951171875,-0.3172760009765625,-0.7539215087890625
1784805813365667072,1.769212007522583,1.0060272216796875,-0.10772705078125,-0.690948486328125
1784805813375586048,1.7791309356689453,0.7812347412109375,-0.0021209716796875,-0.8828887939453125
1784805813385506048,1.7890510559082031,0.490264892578125,0.045867919921875,-0.8807220458984375
1784805813395425024,1.7989699840545654,0.1667022705078125,-0.3360443115234375,-1.222503662109375
1784805813405345280,1.8088901042938232,0.0105743408203125,-1.1944732666015625,-1.615966796875
1784805813415264256,1.8188090324401855,0.0208587646484375,-2.1657562255859375,-1.693634033203125
1784805813425182976,1.8287279605865479,0.1355743408203125,-2.6077728271484375,-1.2895355224609375
1784805813435103232,1.8386480808258057,0.528778076171875,-2.769287109375,-1.0776519775390625
1784805813445022208,1.848567008972168,0.8531494140625,-2.6319122314453125,-0.929534912109375
1784805813454941952,1.8584868907928467,0.9601898193359375,-2.300628662109375,-0.7735595703125
1784805813464861184,1.868406057357788,1.0752105712890625,-2.0635223388671875,-0.959503173828125
1784805813474780928,1.8783259391784668,1.1367340087890625,-1.9222564697265625,-1.2704925537109375
1784805813484700160,1.8882451057434082,1.0933685302734375,-1.9112091064453125,-1.3127899169921875
1784805813494619136,1.8981640338897705,0.949951171875,-1.9934539794921875,-1.2084197998046875
1784805813504539136,1.9080839157104492,0.8963775634765625,-2.0605010986328125,-1.0253448486328125
1784805813514458112,1.9180030822753906,0.9158782958984375,-2.1413726806640625,-0.854583740234375
1784805813524378880,1.9279236793518066,0.8919830322265625,-2.130340576171875,-0.718597412109375
1784805813534297600,1.937842607498169,0.91973876953125,-2.083770751953125,-0.64044189453125
1784805813544217856,1.9477627277374268,0.964111328125,-1.99407958984375,-0.717315673828125
1784805813554136832,1.957681655883789,1.0003509521484375,-1.8882598876953125,-0.6217041015625
1784805813564055808,1.9676005840301514,1.068756103515625,-1.9394073486328125,-0.3733367919921875
1784805813573975808,1.9775207042694092,1.1652374267578125,-2.1585235595703125,-0.1913299560546875
1784805813583894784,1.9874396324157715,1.18341064453125,-2.30072021484375,0.2914886474609375
1784805813593814528,1.9973595142364502,1.1885223388671875,-2.3339691162109375,0.839508056640625
1784805813603733760,2.0072786808013916,1.18829345703125,-2.286041259765625,1.1635589599609375
1784805813613653760,2.0171985626220703,1.273040771484375,-2.2041778564453125,1.2251434326171875
1784805813623572736,2.0271177291870117,1.4339599609375,-2.0525054931640625,1.316253662109375
1784805813633491712,2.037036657333374,1.68450927734375,-2.0670928955078125,1.3397064208984375
1784805813643411712,2.0469565391540527,1.9012451171875,-2.297393798828125,1.53662109375
1784805813653330688,2.056875705718994,2.0139312744140625,-2.48516845703125,1.939788818359375
1784805813663250688,2.066795587539673,2.204132080078125,-2.3913421630859375,2.17681884765625
1784805813673169664,2.076714515686035,2.4680633544921875,-2.1082763671875,2.2321014404296875
1784805813683089664,2.086634635925293,2.73492431640625,-1.9502716064453125,2.085662841796875
1784805813693008640,2.0965535640716553,2.9040679931640625,-1.9939727783203125,1.7949066162109375
1784805813702928896,2.106473684310913,2.982147216796875,-2.2196502685546875,1.6695709228515625
1784805813712847616,2.1163926124572754,2.9932403564453125,-2.3233642578125,1.7808685302734375
1784805813722766592,2.1263115406036377,2.9958953857421875,-2.1226806640625,1.9420928955078125
1784805813732686848,2.1362316608428955,2.997589111328125,-1.4252471923828125,1.89495849609375
1784805813742605568,2.146150588989258,11.033843994140625,6.7686767578125,4.3589935302734375
1784805813752525824,2.1560707092285156,0.633575439453125,1.2444915771484375,2.8690185546875
1784805813762444800,2.165989637374878,1.055450439453125,4.541839599609375,2.3363189697265625
1784805813772364544,2.1759095191955566,-1.3808135986328125,4.7027587890625,0.27508544921875
1784805813782283776,2.185828685760498,0.112518310546875,1.3762054443359375,-0.4581451416015625
1784805813792202752,2.1957476139068604,3.091827392578125,0.2134246826171875,0.3521270751953125
1784805813802122496,2.205667495727539,4.15789794921875,0.15338134765625,1.7108306884765625
1784805813812041728,2.2155866622924805,5.5434112548828125,0.4749603271484375,1.86920166015625
1784805813821961728,2.225506544113159,6.210205078125,2.7627716064453125,0.3569488525390625
1784805813831880704,2.2354257106781006,3.52935791015625,4.6153564453125,-0.6654510498046875
1784805813841800704,2.2453455924987793,0.1140594482421875,5.4417572021484375,-0.4962615966796875
1784805813851719680,2.2552645206451416,-0.7928466796875,4.4018096923828125,0.4771728515625
1784805813861639680,2.2651846408843994,-1.393524169921875,0.5683135986328125,-0.117095947265625
1784805813871558656,2.2751035690307617,-0.3506317138671875,-0.158782958984375,1.1637115478515625
1784805813881477632,2.285022497177124,0.8027801513671875,0.663604736328125,1.0029754638671875
1784805813891397632,2.294942617416382,0.8199005126953125,1.811370849609375,0.7573699951171875
1784805813901316608,2.304861545562744,1.350738525390625,2.679534912109375,0.30792236328125
1784805813911236864,2.314781665802002,1.2610015869140625,2.898223876953125,0.1173553466796875
1784805813921155584,2.3247005939483643,0.598602294921875,2.7518768310546875,0.368988037109375
1784805813931075840,2.334620714187622,0.0330352783203125,1.75494384765625,0.38031005859375
1784805813940994816,2.3445396423339844,0.0123138427734375,1.312530517578125,0.26690673828125
1784805813950914560,2.354459524154663,-0.010101318359375,1.1769561767578125,0.039825439453125
1784805813960833792,2.3643786907196045,0.2442169189453125,1.147735595703125,-0.572235107421875
1784805813970752768,2.374297618865967,0.1555633544921875,1.877166748046875,-0.0010223388671875
1784805813980672512,2.3842175006866455,0.3584442138671875,1.70391845703125,-0.5871124267578125
1784805813990591744,2.394136667251587,0.3820343017578125,1.693084716796875,-0.2145538330078125
1784805814000511744,2.4040565490722656,-0.2951507568359375,1.0989837646484375,0.4765777587890625
1784805814010430720,2.413975715637207,0.1329803466796875,0.3336181640625,-0.58392333984375
1784805814020350720,2.4238955974578857,0.580108642578125,1.282684326171875,-0.59808349609375
1784805814030269696,2.433814525604248,1.0616302490234375,1.483489990234375,-0.0920867919921875
1784805814040188672,2.4437336921691895,1.2333831787109375,1.061004638671875,-0.430023193359375
1784805814050108672,2.453653573989868,1.512115478515625,1.0853729248046875,-0.1845703125
1784805814060027648,2.4635725021362305,1.848602294921875,0.7613677978515625,-0.3047332763671875
1784805814069947648,2.4734926223754883,1.23980712890625,0.8477325439453125,0.1201324462890625
1784805814079866624,2.4834115505218506,1.4252166748046875,0.48907470703125,-0.0647125244140625
1784805814089786880,2.4933316707611084,0.653076171875,0.531494140625,0.1219024658203125
1784805814099705600,2.5032505989074707,0.6485595703125,0.20318603515625,-0.008636474609375
1784805814109625856,2.5131707191467285,0.2621917724609375,0.4965362548828125,-0.3360137939453125
1784805814119544832,2.523089647293091,0.1211395263671875,1.17327880859375,-0.5791015625
1784805814129464576,2.5330095291137695,-0.0706329345703125,1.05548095703125,-0.736083984375
1784805814139383808,2.542928695678711,0.4772796630859375,0.9020538330078125,-0.8190460205078125
1784805814149302784,2.5528476238250732,0.948883056640625,0.82354736328125,-0.785003662109375
1784805814159222528,2.562767505645752,0.7622833251953125,0.387359619140625,-0.6552276611328125
1784805814169141760,2.5726866722106934,0.7510223388671875,0.462249755859375,-0.8525543212890625
1784805814179061760,2.582606554031372,0.656280517578125,0.6064453125,-0.8292236328125
1784805814188980736,2.5925257205963135,0.4498748779296875,0.67626953125,-0.8240966796875
1784805814198900736,2.602445602416992,0.8860015869140625,0.38946533203125,-0.79119873046875
1784805814208819712,2.6123645305633545,0.4591217041015625,0.2621002197265625,-0.7045135498046875
1784805814218739712,2.6222846508026123,0.5251617431640625,0.43939208984375,-0.6914215087890625
1784805814228658688,2.6322035789489746,0.703369140625,0.6702880859375,-0.714111328125
1784805814238577664,2.642122507095337,0.4929656982421875,0.81231689453125,-0.7155914306640625
1784805814248497664,2.6520426273345947,0.475128173828125,0.8962249755859375,-0.9835968017578125
1784805814258416640,2.661961555480957,0.6842498779296875,0.532440185546875,-1.3095855712890625
1784805814268336896,2.671881675720215,0.64056396484375,0.1277313232421875,-1.31390380859375
1784805814278255616,2.681800603866577,0.6188812255859375,0.2627410888671875,-0.9544830322265625
1784805814288175872,2.691720724105835,0.426788330078125,0.394378662109375,-0.694061279296875
1784805814298094848,2.7016396522521973,0.2470550537109375,0.7105255126953125,-0.64471435546875
1784805814308014592,2.711559534072876,0.2602996826171875,0.6972198486328125,-0.77056884765625
1784805814317933824,2.7214787006378174,0.35101318359375,0.8081207275390625,-0.815948486328125
1784805814327853568,2.731398582458496,0.5009765625,0.5379486083984375,-0.87335205078125
1784805814337772544,2.7413175106048584,0.4695281982421875,0.5602874755859375,-1.0999603271484375
1784805814347691776,2.7512366771698,0.3250732421875,0.6475677490234375,-1.324493408203125
1784805814357611776,2.7611565589904785,0.3648834228515625,0.8188323974609375,-1.4551544189453125
1784805814367530752,2.77107572555542,0.3169097900390625,0.466796875,-1.0294189453125
1784805814377450752,2.7809956073760986,0.2752227783203125,0.03436279296875,-0.65570068359375
1784805814387369728,2.790914535522461,0.2289886474609375,0.2143707275390625,-0.885467529296875
1784805814397289728,2.8008346557617188,0.3820037841796875,0.3645782470703125,-0.9014129638671875
1784805814407208704,2.810753583908081,0.3213348388671875,0.3399810791015625,-0.8275146484375
1784805814417128704,2.820673704147339,0.221588134765625,0.208740234375,-0.7380828857421875
1784805814427047680,2.830592632293701,0.2176055908203125,0.2559356689453125,-0.7243194580078125
1784805814436967680,2.84051251411438,0.3824615478515625,0.500885009765625,-0.736785888671875
1784805814446886656,2.8504316806793213,0.4072265625,0.67242431640625,-0.8778533935546875
1784805814456805632,2.8603506088256836,0.3017425537109375,0.7082977294921875,-0.823638916015625
1784805814466725888,2.8702707290649414,0.2383575439453125,0.7126922607421875,-0.9181976318359375
1784805814476644864,2.8801896572113037,0.2242431640625,0.6404571533203125,-0.8482208251953125
1784805814486564608,2.8901095390319824,0.336883544921875,0.651611328125,-1.0083160400390625
1784805814496483840,2.900028705596924,0.2117919921875,0.6685791015625,-0.8827667236328125
1784805814506403584,2.9099485874176025,0.288055419921875,0.5359649658203125,-0.8603057861328125
1784805814516322560,2.919867515563965,0.18048095703125,0.3864288330078125,-0.772369384765625
1784805814526243328,2.92978835105896,0.0445709228515625,0.3504791259765625,-0.8521575927734375
1784805814536162560,2.9397075176239014,0.1484375,0.24786376953125,-0.887237548828125
1784805814546082560,2.94962739944458,0.2820892333984375,0.2220306396484375,-0.8842315673828125
1784805814556001536,2.9595463275909424,0.2100067138671875,0.187896728515625,-0.996978759765625
1784805814565920512,2.969465494155884,0.166290283203125,0.297943115234375,-0.9775848388671875
1784805814575840512,2.9793853759765625,0.1053924560546875,0.2265472412109375,-1.1307525634765625
1784805814585759744,2.989304542541504,0.1074981689453125,0.075714111328125,-1.1452178955078125
1784805814595679488,2.9992244243621826,0.08587646484375,-0.0276031494140625,-1.1200103759765625
1784805814605598464,3.009143352508545,0.1161041259765625,0.0206146240234375,-1.2075958251953125
1784805814615518464,3.0190634727478027,0.130279541015625,0.131134033203125,-1.183441162109375
1784805814625437440,3.028982400894165,0.0434722900390625,0.3439178466796875,-1.279205322265625
1784805814635357696,3.038902521133423,0.0238800048828125,0.4283447265625,-1.2967681884765625
1784805814645276672,3.048821449279785,0.0489654541015625,0.3912200927734375,-1.2381591796875
1784805814655196416,3.058741331100464,0.1389312744140625,0.341766357421875,-1.156494140625
1784805814665115648,3.0686604976654053,0.152740478515625,0.290252685546875,-1.161956787109375
1784805814675035392,3.078580379486084,0.165313720703125,0.1201171875,-1.06463623046875
1784805814684954624,3.0884995460510254,0.111236572265625,0.153289794921875,-1.09906005859375
1784805814694874624,3.098419427871704,-0.06207275390625,0.2122802734375,-1.0428924560546875
1784805814704793344,3.1083383560180664,-0.016998291015625,0.3294830322265625,-1.093902587890625
1784805814714712576,3.118257522583008,-0.0345001220703125,0.42706298828125,-1.049530029296875
1784805814724632576,3.1281774044036865,0.008514404296875,0.464202880859375,-0.989898681640625
1784805814734551552,3.138096332550049,-0.036956787109375,0.5591583251953125,-0.8974456787109375
1784805814744471552,3.1480164527893066,0.11334228515625,0.608642578125,-0.9718780517578125
1784805814754390528,3.157935380935669,0.0392913818359375,0.5537109375,-0.9180145263671875
1784805814764310528,3.1678555011749268,0.0337677001953125,0.344085693359375,-0.920379638671875
1784805814774229504,3.177774429321289,0.00103759765625,0.162078857421875,-0.82476806640625
1784805814784149760,3.187694549560547,0.0204925537109375,0.144775390625,-0.7713165283203125
1784805814794068480,3.197613477706909,0.1136016845703125,0.129241943359375,-0.7033538818359375
1784805814803988480,3.207533359527588,-0.0752105712890625,0.1405487060546875,-0.5615997314453125
1784805814813907712,3.2174525260925293,-0.1172943115234375,0.1539306640625,-0.457427978515625
1784805814823827456,3.227372407913208,-0.1593017578125,0.182220458984375,-0.4197540283203125
1784805814833746432,3.2372913360595703,-0.24334716796875,0.2443084716796875,-0.4462432861328125
1784805814843666432,3.247211456298828,-0.28631591796875,0.2379608154296875,-0.3780517578125
1784805814853585408,3.2571303844451904,-0.261932373046875,0.206573486328125,-0.3066864013671875
1784805814863504640,3.267049551010132,-0.2469940185546875,0.199981689453125,-0.3508758544921875
1784805814873424640,3.2769694328308105,-0.2233428955078125,0.192840576171875,-0.3568572998046875
1784805814883343360,3.286888360977173,-0.203216552734375,0.2582855224609375,-0.3889923095703125
1784805814893263616,3.2968084812164307,-0.1800079345703125,0.4161529541015625,-0.4389190673828125
1784805814903182592,3.306727409362793,-0.217315673828125,0.389801025390625,-0.542388916015625
1784805814913102592,3.316647529602051,-0.1514739990234375,0.266998291015625,-0.5498199462890625
1784805814923021568,3.326566457748413,-0.035430908203125,0.062591552734375,-0.5606231689453125
1784805814932941312,3.336486339569092,0.0637664794921875,-0.060455322265625,-0.491790771484375
1784805814942860544,3.346405506134033,0.13299560546875,-0.1970062255859375,-0.641876220703125
1784805814952780544,3.356325387954712,0.2679595947265625,-0.088226318359375,-0.6900482177734375
1784805814962699776,3.3662445545196533,0.1075286865234375,0.07135009765625,-0.8056640625
1784805814972619520,3.376164436340332,0.0685882568359375,0.3318939208984375,-1.0007171630859375
1784805814982538496,3.3860833644866943,0.107879638671875,0.4974365234375,-1.134307861328125
1784805814992458496,3.396003484725952,0.0311431884765625,0.5544586181640625,-1.1314697265625
1784805815002377472,3.4059224128723145,0.098297119140625,0.3993072509765625,-1.2352142333984375
1784805815012297728,3.4158425331115723,-0.0049285888671875,0.203826904296875,-1.330108642578125
1784805815022216448,3.4257614612579346,-0.0124969482421875,0.0410614013671875,-1.5219573974609375
1784805815032135424,3.435680389404297,-0.0387115478515625,-0.0650787353515625,-1.63507080078125
1784805815042055680,3.4456005096435547,-0.1490631103515625,0.1989593505859375,-1.6442108154296875
1784805815051974656,3.455519437789917,-0.0308685302734375,0.6163177490234375,-1.691192626953125
1784805815061894656,3.465439558029175,0.253753662109375,0.74212646484375,-1.6804351806640625
1784805815071813632,3.475358486175537,0.2525482177734375,0.5539093017578125,-1.65814208984375
1784805815081733376,3.485278367996216,-0.041534423828125,0.38134765625,-1.5236968994140625
1784805815091652608,3.4951975345611572,0.0516815185546875,0.2995758056640625,-1.4394073486328125
1784805815101572608,3.505117416381836,-0.06219482421875,0.1775360107421875,-1.4420318603515625
1784805815111491328,3.5150363445281982,-0.48577880859375,0.155364990234375,-1.30712890625
1784805815121411584,3.524956464767456,-0.366912841796875,0.1232452392578125,-1.3610076904296875
1784805815131330560,3.5348753929138184,-0.09686279296875,0.0796051025390625,-1.3141326904296875
1784805815141250560,3.544795513153076,-0.2303314208984375,0.13916015625,-1.1719512939453125
1784805815151169536,3.5547144412994385,-0.1357421875,0.2098388671875,-1.0756378173828125
1784805815161089536,3.5646345615386963,-0.0435791015625,0.13446044921875,-1.045074462890625
1784805815171008512,3.5745534896850586,0.04486083984375,0.03631591796875,-1.0740966796875
1784805815180928512,3.5844733715057373,0.1846160888671875,-0.02130126953125,-1.0686798095703125
1784805815190847744,3.5943925380706787,0.2241973876953125,0.0272369384765625,-1.142913818359375
1784805815200767488,3.6043124198913574,0.32220458984375,0.1106414794921875,-1.16888427734375
1784805815210686464,3.6142313480377197,0.2839813232421875,0.11676025390625,-1.2217559814453125
1784805815220605696,3.624150514602661,0.1168212890625,0.1880035400390625,-1.1300048828125
1784805815230525440,3.63407039642334,0.0534820556640625,0.0534515380859375,-1.0971221923828125
1784805815240444672,3.6439895629882812,-0.0694427490234375,-0.039306640625,-1.0140533447265625
1784805815250364416,3.65390944480896,-0.1993560791015625,-0.081573486328125,-0.9538116455078125
1784805815260283392,3.6638283729553223,-0.1007080078125,-0.0952911376953125,-0.8704071044921875
1784805815270203648,3.67374849319458,-0.2242279052734375,-0.103179931640625,-0.8673248291015625
1784805815280122624,3.6836674213409424,-0.3008270263671875,0.0048675537109375,-0.801177978515625
1784805815290042624,3.6935875415802,-0.335723876953125,0.0567626953125,-0.7539520263671875
1784805815299961600,3.7035064697265625,-0.22943115234375,0.0944671630859375,-0.763092041015625
1784805815309881344,3.713426351547241,-0.189697265625,0.110931396484375,-0.7653656005859375
1784805815319800576,3.7233455181121826,-0.1024322509765625,0.101959228515625,-0.84356689453125
1784805815329720576,3.7332653999328613,-0.147216796875,0.13031005859375,-0.87054443359375
1784805815339639552,3.7431843280792236,-0.1788482666015625,0.2606353759765625,-0.825897216796875
1784805815349559552,3.7531044483184814,-0.1029052734375,0.2878570556640625,-0.8022308349609375
1784805815359478528,3.7630233764648438,-0.2548370361328125,0.1201171875,-0.66162109375
1784805815369398528,3.7729434967041016,-0.2989959716796875,0.0315093994140625,-0.5027923583984375
1784805815379317504,3.782862424850464,-0.173614501953125,0.0543670654296875,-0.4591827392578125
1784805815389237760,3.7927825450897217,-0.263824462890625,0.1685333251953125,-0.4388275146484375
1784805815399156480,3.802701473236084,-0.177032470703125,0.16583251953125,-0.58319091796875
1784805815409076480,3.8126213550567627,-0.241241455078125,0.3274078369140625,-0.6431884765625
1784805815418995712,3.822540521621704,-0.1688385009765625,0.4524993896484375,-0.779083251953125
1784805815428915456,3.832460403442383,-0.1399993896484375,0.52679443359375,-0.8162384033203125
1784805815438834432,3.842379331588745,-0.0975189208984375,0.4137725830078125,-0.8505859375
1784805815448754432,3.852299451828003,-0.0426483154296875,0.3672943115234375,-0.753387451171875
1784805815458673408,3.8622183799743652,0.0009307861328125,0.4361724853515625,-0.6256866455078125
1784805815468593664,3.872138500213623,0.066253662109375,0.33837890625,-0.6538543701171875
1784805815478512640,3.8820574283599854,-0.0512847900390625,0.307403564453125,-0.519134521484375
1784805815488432640,3.891977548599243,-0.121734619140625,0.3017120361328125,-0.349700927734375
1784805815498351616,3.9018964767456055,0.048980712890625,0.2661590576171875,-0.2281341552734375
1784805815508271360,3.911816358566284,0.029541015625,0.320770263671875,-0.22186279296875
1784805815518190592,3.9217355251312256,0.13714599609375,0.3293609619140625,-0.2369384765625
1784805815528109312,3.931654214859009,0.1408233642578125,0.216827392578125,-0.335693359375
1784805815538029312,3.9415743350982666,0.1107940673828125,0.0854339599609375,-0.63079833984375
1784805815547948288,3.951493263244629,0.1940460205078125,-0.1270294189453125,-0.9555816650390625
1784805815557868544,3.9614133834838867,0.28912353515625,-0.195709228515625,-0.8278656005859375
1784805815567787520,3.971332311630249,0.2259368896484375,-0.296417236328125,-0.7024383544921875
1784805815577707520,3.981252431869507,0.0749969482421875,-0.4291839599609375,-0.7963104248046875
1784805815587626496,3.991171360015869,-0.317901611328125,-0.0128326416015625,-0.7613983154296875
1784805815597546240,4.001091241836548,-0.231109619140625,0.436248779296875,-1.0169677734375
1784805815607465472,4.011010408401489,-0.1546173095703125,0.635009765625,-1.4828033447265625
1784805815617385472,4.020930290222168,-0.0816192626953125,1.2118988037109375,-1.36651611328125
1784805815627304192,4.03084921836853,-0.0850372314453125,1.2725067138671875,-1.6588897705078125
1784805815637224448,4.040769338607788,0.0059814453125,1.1385498046875,-1.6527862548828125
1784805815647143424,4.05068826675415,-0.0243988037109375,0.82098388671875,-1.407989501953125
1784805815657063424,4.060608386993408,0.1086273193359375,0.4265899658203125,-1.2821807861328125
1784805815666982400,4.0705273151397705,0.10760498046875,0.350677490234375,-1.119964599609375
1784805815676902656,4.080447435379028,0.1317901611328125,0.5475616455078125,-1.070159912109375
1784805815686821376,4.090366363525391,0.10064697265625,0.70513916015625,-0.9971923828125
1784805815696741376,4.100286245346069,0.0549468994140625,0.8173065185546875,-0.9928436279296875
1784805815706660608,4.110205411911011,0.111907958984375,0.791046142578125,-1.1727447509765625
1784805815716580352,4.1201252937316895,0.2485504150390625,0.6161956787109375,-1.1295928955078125
1784805815726499328,4.130044221878052,0.4105377197265625,0.496002197265625,-1.010528564453125
1784805815736419328,4.13996434211731,0.5307464599609375,0.615447998046875,-0.8970794677734375
1784805815746338304,4.149883270263672,0.6156463623046875,0.7650299072265625,-0.6170196533203125
1784805815756258560,4.15980339050293,0.642120361328125,0.617828369140625,-0.5273895263671875
1784805815766177536,4.169722318649292,0.5269775390625,0.4986419677734375,-0.420379638671875
1784805815776097536,4.17964243888855,0.1989288330078125,0.577545166015625,-0.45660400390625
1784805815786016512,4.189561367034912,0.0880126953125,0.7281341552734375,-0.44256591796875
1784805815795936256,4.199481248855591,0.2276763916015625,0.7572021484375,-0.3907928466796875
1784805815805855488,4.209400415420532,0.417266845703125,0.6821746826171875,-0.2342987060546875
1784805815815775488,4.219320297241211,0.6158447265625,0.704559326171875,0.0669708251953125
1784805815825694208,4.229239225387573,0.684295654296875,0.63055419921875,0.23992919921875
1784805815835614464,4.239159345626831,0.7848663330078125,0.3918914794921875,0.3192291259765625
1784805815845533440,4.249078273773193,0.9204254150390625,0.104339599609375,0.313140869140625
1784805815855453440,4.258998394012451,1.117919921875,-0.165435791015625,0.464630126953125
1784805815865372416,4.2689173221588135,1.238006591796875,-0.2183837890625,0.43182373046875
1784805815875292416,4.278837203979492,1.4058685302734375,0.19622802734375,0.407867431640625
1784805815885211392,4.288756370544434,1.3701019287109375,0.7882843017578125,0.397979736328125
1784805815895131392,4.298676252365112,1.208648681640625,1.023406982421875,0.1848297119140625
1784805815905050624,4.308595418930054,1.1055450439453125,0.8315277099609375,-0.2863006591796875
1784805815914970368,4.318515300750732,1.211578369140625,0.3953857421875,-0.3587799072265625
1784805815924889344,4.328434228897095,1.4372100830078125,-0.165771484375,-0.46142578125
1784805815934809344,4.3383543491363525,1.5093994140625,-0.4342498779296875,-0.3136138916015625
1784805815944728320,4.348273277282715,1.4839019775390625,-0.4824676513671875,-0.4204559326171875
1784805815954648576,4.358193397521973,1.3714141845703125,-0.417083740234375,-0.4214019775390625
1784805815964567296,4.368112325668335,1.3526153564453125,-0.553741455078125,-0.593841552734375
1784805815974487296,4.378032207489014,1.3106231689453125,-0.7129669189453125,-0.5225372314453125
1784805815984406528,4.387951374053955,1.4588623046875,-0.911102294921875,-0.4442901611328125
1784805815994326272,4.397871255874634,1.751220703125,-1.06097412109375,-0.4911041259765625
1784805816004245504,4.407790422439575,1.83905029296875,-1.255523681640625,-0.577056884765625
1784805816014164480,4.4177093505859375,1.8635406494140625,-1.4104156494140625,-0.710662841796875
1784805816024084224,4.427629232406616,1.9023895263671875,-1.63031005859375,-0.7899932861328125
1784805816034003456,4.437548398971558,2.0125885009765625,-1.7842864990234375,-0.8737640380859375
1784805816043923456,4.447468280792236,2.1150360107421875,-1.7550811767578125,-1.030670166015625
1784805816053842432,4.457387208938599,2.242218017578125,-1.655517578125,-1.17254638671875
1784805816063762432,4.4673073291778564,2.3922576904296875,-1.6784515380859375,-1.327484130859375
1784805816073681408,4.477226257324219,2.401763916015625,-1.66534423828125,-1.3568267822265625
1784805816083601408,4.487146377563477,2.225341796875,-1.2251129150390625,-1.2093658447265625
1784805816093520384,4.497065305709839,2.284332275390625,-0.737030029296875,-0.9702911376953125
1784805816103440640,4.506985425949097,1.9891815185546875,-0.5102996826171875,-0.6974029541015625
1784805816113359360,4.516904354095459,1.2680816650390625,-0.1824493408203125,-0.583709716796875
1784805816123279360,4.526824235916138,1.113494873046875,0.078216552734375,-0.2189483642578125
1784805816133198592,4.536743402481079,1.459747314453125,0.59783935546875,0.0027923583984375
1784805816143118336,4.546663284301758,1.4837493896484375,0.759613037109375,0.367034912109375
1784805816153037312,4.55658221244812,1.4319000244140625,0.5758056640625,0.3090667724609375
1784805816162957312,4.566502332687378,0.960113525390625,0.6522369384765625,0.329803466796875
1784805816172876288,4.57642126083374,0.71112060546875,1.1509857177734375,0.3408203125
1784805816182796544,4.586341381072998,1.2203826904296875,1.090240478515625,-0.0533599853515625
1784805816192715520,4.59626030921936,1.5376739501953125,0.8305206298828125,-0.3545379638671875
1784805816202635520,4.606180429458618,2.166961669921875,0.5894927978515625,-0.6775054931640625
1784805816212554496,4.6160993576049805,3.277130126953125,0.8362274169921875,-1.11846923828125
1784805816222474240,4.626019239425659,4.02490234375,1.04046630859375,-0.9805450439453125
1784805816232393472,4.635938405990601,3.4244384765625,0.384246826171875,-1.062957763671875
1784805816242313472,4.645858287811279,3.145416259765625,0.8123779296875,-0.4339141845703125
1784805816252232192,4.655777215957642,2.55963134765625,0.558868408203125,-0.6324920654296875
1784805816262152448,4.665697336196899,2.1662139892578125,-0.0822601318359375,-0.5131072998046875
1784805816272071424,4.675616264343262,3.2033538818359375,0.38482666015625,-0.350311279296875
1784805816281991424,4.6855363845825195,3.3866119384765625,-0.21429443359375,-0.72637939453125
1784805816291910400,4.695455312728882,3.256561279296875,-0.4939727783203125,-0.746978759765625
1784805816301830656,4.70537543296814,3.0532989501953125,-0.2662506103515625,-1.1607513427734375
1784805816311749376,4.715294361114502,2.477264404296875,0.083404541015625,-1.2747650146484375
1784805816321669376,4.725214242935181,2.47821044921875,0.3766021728515625,-1.138092041015625
1784805816331588608,4.735133409500122,3.259368896484375,0.6949920654296875,-1.501708984375
1784805816341508352,4.745053291320801,2.55328369140625,0.736968994140625,-1.9357757568359375
1784805816351427328,4.754972219467163,2.2622222900390625,0.8117218017578125,-1.9178619384765625
1784805816361347328,4.764892339706421,2.5510711669921875,0.76361083984375,-1.7987518310546875
1784805816371266304,4.774811267852783,2.988494873046875,1.638092041015625,-1.803955078125
1784805816381186560,4.784731388092041,1.9571075439453125,2.3913421630859375,-2.946533203125
1784805816391105536,4.794650316238403,0.7541961669921875,2.44287109375,-2.5027008056640625
1784805816401025536,4.804570436477661,0.68853759765625,2.81005859375,-1.66766357421875
1784805816410944512,4.814489364624023,1.6243896484375,2.9620819091796875,-1.4439544677734375
1784805816420864256,4.824409246444702,3.2595672607421875,1.9401092529296875,-1.5065460205078125
1784805816430783488,4.8343284130096436,4.4093017578125,0.64239501953125,-0.8689117431640625
1784805816440703488,4.844248294830322,4.557373046875,-0.8659210205078125,-0.4293060302734375
1784805816450623488,4.85416841506958,3.6699371337890625,-1.977325439453125,-0.5582733154296875
1784805816460542464,4.864087343215942,2.4460296630859375,-1.307464599609375,-0.97039794921875
1784805816470462208,4.874007225036621,2.0459136962890625,-0.2178192138671875,-1.1951141357421875
1784805816480381440,4.8839263916015625,2.5762481689453125,0.016448974609375,-1.38226318359375
1784805816490300416,4.893845319747925,3.181182861328125,-0.281890869140625,-1.2426605224609375
1784805816500220416,4.9037652015686035,3.2647552490234375,-0.7143096923828125,-0.8649139404296875
1784805816510139392,4.913684368133545,3.1207122802734375,-0.9340362548828125,-0.894012451171875
1784805816520059136,4.9236040115356445,3.260528564453125,-0.6858978271484375,-0.8599853515625
1784805816529978880,4.933523893356323,3.5481414794921875,-0.2245941162109375,-0.60577392578125
1784805816539898112,4.943443059921265,3.74237060546875,0.1672515869140625,-0.2474517822265625
1784805816549818112,4.953362941741943,3.680084228515625,0.3596954345703125,0.206207275390625
1784805816559737088,4.963281869888306,3.376800537109375,0.2396697998046875,0.538818359375
1784805816569657088,4.9732019901275635,3.102874755859375,-0.0750274658203125,0.786163330078125
1784805816579576064,4.983120918273926,2.912689208984375,-0.3069000244140625,1.03387451171875
1784805816589496064,4.993041038513184,2.7808380126953125,-0.3208770751953125,1.169281005859375
1784805816599415040,5.002959966659546,2.82586669921875,-0.1433868408203125,1.1623382568359375
1784805816609335040,5.012879848480225,2.897308349609375,0.046905517578125,1.1775054931640625
1784805816619254016,5.022799015045166,2.7875213623046875,0.0906982421875,1.2004547119140625
1784805816629174016,5.032718896865845,2.5764923095703125,-0.04827880859375,1.10595703125
1784805816639093248,5.042638063430786,2.4244384765625,-0.2548675537109375,1.0262451171875
1784805816649012992,5.052557945251465,2.4420623779296875,-0.44403076171875,0.87255859375
1784805816658931968,5.062476873397827,2.6194915771484375,-0.544342041015625,0.7191314697265625
1784805816668851968,5.072396993637085,2.8638916015625,-0.5105438232421875,0.592987060546875
1784805816678770944,5.082315921783447,3.0697784423828125,-0.3451385498046875,0.5350341796875
1784805816688691200,5.092236042022705,3.2426605224609375,0.0978851318359375,0.5977630615234375
1784805816698610176,5.102154970169067,3.2794189453125,0.8292083740234375,0.7153778076171875
1784805816708529920,5.112074851989746,3.043121337890625,1.49658203125,0.6996002197265625
1784805816718449152,5.1219940185546875,2.6036529541015625,1.750732421875,0.454254150390625
1784805816728368896,5.131913900375366,2.1818695068359375,1.9571990966796875,0.4673614501953125
1784805816738287872,5.1418328285217285,1.84124755859375,2.0930633544921875,0.299957275390625
1784805816748208128,5.151752948760986,1.524810791015625,2.3466796875,0.1865997314453125
1784805816758126848,5.161671876907349,1.37567138671875,2.807373046875,0.344573974609375
1784805816768047104,5.1715919971466064,1.4100494384765625,3.1646881103515625,0.1265869140625
1784805816777966080,5.181510925292969,2.751800537109375,3.55206298828125,0.1487274169921875
1784805816787886080,5.191431045532227,3.562896728515625,5.140899658203125,0.8393096923828125
1784805816797805056,5.201349973678589,0.6418914794921875,3.164581298828125,-0.556640625
1784805816807725056,5.211269855499268,0.31402587890625,4.3831634521484375,0.003143310546875
1784805816817644032,5.221189022064209,-0.1132049560546875,3.7322998046875,-1.2316436767578125
1784805816827564032,5.231108903884888,0.2086944580078125,2.2200927734375,-1.724365234375
1784805816837483008,5.24102783203125,0.6072845458984375,1.353057861328125,-0.8462677001953125
1784805816847403008,5.250947952270508,0.681396484375,0.8475189208984375,-0.282440185546875
1784805816857321984,5.26086688041687,0.96588134765625,0.6090850830078125,-0.5326385498046875
1784805816867241984,5.270787000656128,0.3830718994140625,1.0870361328125,-0.85430908203125
1784805816877160960,5.28070592880249,0.29083251953125,1.7425994873046875,-0.7054443359375
1784805816887081216,5.290626049041748,0.687530517578125,1.9118499755859375,-1.3495941162109375
1784805816897000192,5.30054497718811,1.158782958984375,1.9787139892578125,-1.066253662109375
1784805816906919936,5.310464859008789,0.922760009765625,1.688873291015625,-0.6194915771484375
1784805816916839168,5.3203840255737305,0.92236328125,1.0983734130859375,-0.45916748046875
1784805816926758912,5.330303907394409,0.65771484375,0.7703399658203125,-0.4226837158203125
1784805816936677888,5.3402228355407715,0.427703857421875,0.7371673583984375,-0.38726806640625
1784805816946598144,5.350142955780029,0.548980712890625,0.6749114990234375,-0.65380859375
1784805816956516864,5.360061883926392,0.6202850341796875,0.560089111328125,-0.9591522216796875
1784805816966437120,5.369982004165649,0.5953216552734375,0.61712646484375,-1.1804656982421875
1784805816976356096,5.379900932312012,0.57501220703125,0.6766357421875,-1.0594940185546875
1784805816986276096,5.3898210525512695,0.5592803955078125,0.50274658203125,-1.0656280517578125
1784805816996195072,5.399739980697632,0.4211883544921875,0.4738311767578125,-0.793792724609375
1784805817006115072,5.4096598625183105,0.354339599609375,0.552032470703125,-0.7540283203125
1784805817016034048,5.419579029083252,0.3545379638671875,0.5626220703125,-0.7788238525390625
1784805817025954048,5.429498910903931,0.2166900634765625,0.51397705078125,-0.5182342529296875
1784805817035873024,5.439417839050293,0.1567535400390625,0.4077911376953125,-0.2092437744140625
1784805817045793024,5.449337959289551,0.3175506591796875,0.200531005859375,0.143707275390625
1784805817055712000,5.459256887435913,0.4919891357421875,-0.13421630859375,0.416107177734375
1784805817065632000,5.469177007675171,0.7104034423828125,-0.51580810546875,0.6420745849609375
1784805817075550976,5.479095935821533,0.7472076416015625,-0.951324462890625,0.6173858642578125
1784805817085471232,5.489016056060791,0.6876068115234375,-1.2129974365234375,0.481414794921875
1784805817095390208,5.498934984207153,0.6853790283203125,-0.8372344970703125,0.236175537109375
1784805817105309952,5.508854866027832,0.514923095703125,-0.104522705078125,0.102935791015625
1784805817115229184,5.518774032592773,0.402374267578125,0.5948638916015625,-0.13470458984375
1784805817125148928,5.528693914413452,0.5149383544921875,1.12322998046875,-0.507598876953125
1784805817135067904,5.5386128425598145,0.6742401123046875,1.6925506591796875,-1.055267333984375
1784805817144988160,5.548532962799072,0.9233856201171875,1.8892364501953125,-1.5886077880859375
1784805817154906880,5.558451890945435,1.0426483154296875,1.670196533203125,-1.6651763916015625
1784805817164827136,5.568372011184692,0.9807281494140625,0.9747467041015625,-1.969635009765625
1784805817174746880,5.578291893005371,0.8905029296875,0.7185821533203125,-1.8076629638671875
1784805817184666112,5.5882110595703125,0.959686279296875,0.6415863037109375,-1.627532958984375
1784805817194586112,5.598130941390991,0.9514923095703125,0.6734771728515625,-1.4731597900390625
1784805817204505088,5.6080498695373535,1.01153564453125,0.7641754150390625,-1.309173583984375
1784805817214425088,5.617969989776611,1.14117431640625,0.4264984130859375,-1.1944122314453125
1784805817224344064,5.627888917922974,1.2176666259765625,0.1356201171875,-0.8627166748046875
1784805817234264064,5.6378090381622314,1.361602783203125,-0.2602691650390625,-0.6830291748046875
1784805817244183040,5.647727966308594,1.4708099365234375,-0.501953125,-0.4147491455078125
1784805817254103040,5.6576478481292725,1.5458221435546875,-0.418426513671875,-0.147491455078125
1784805817264022016,5.667567014694214,1.549835205078125,-0.124176025390625,-0.006622314453125
1784805817273942016,5.677486896514893,1.4390106201171875,0.0097503662109375,0.0905914306640625
1784805817283861248,5.687406063079834,1.3857574462890625,-0.1794891357421875,0.1616973876953125
1784805817293780992,5.697325944900513,1.43707275390625,-0.4034881591796875,0.3495025634765625
1784805817303699968,5.707244873046875,1.508209228515625,-0.6176300048828125,0.4200439453125
1784805817313619968,5.717164993286133,1.655426025390625,-0.8206939697265625,0.5231781005859375
1784805817323538944,5.727083921432495,1.816650390625,-1.0461883544921875,0.6185302734375
1784805817333459200,5.737004041671753,1.9860382080078125,-1.2166595458984375,0.66180419921875
1784805817343378176,5.746922969818115,1.9852142333984375,-1.6455078125,0.458587646484375
1784805817353297920,5.756842851638794,2.0390472412109375,-1.9582977294921875,-0.0311431884765625
1784805817363217152,5.766762018203735,2.017578125,-2.2710418701171875,-0.68682861328125
1784805817373136896,5.776681900024414,2.320648193359375,-2.397308349609375,-0.999176025390625
1784805817383055872,5.786600828170776,2.714996337890625,-2.6071929931640625,-1.3764495849609375
1784805817392976128,5.796520948410034,2.694732666015625,-2.34295654296875,-1.550689697265625
1784805817402894848,5.8064398765563965,2.5126495361328125,-2.0881500244140625,-1.676483154296875
1784805817412815104,5.816359996795654,2.4851226806640625,-1.8860321044921875,-1.57757568359375
1784805817422734080,5.826278924942017,2.2278594970703125,-1.7422332763671875,-1.3458251953125
1784805817432654080,5.836199045181274,2.17138671875,-1.1328277587890625,-0.969512939453125
1784805817442573056,5.846117973327637,1.7301177978515625,-0.6105499267578125,-0.8385009765625
1784805817452493056,5.856037855148315,1.202423095703125,-0.23046875,-0.4467926025390625
1784805817462412032,5.865957021713257,0.8146209716796875,-0.3652191162109375,-0.1882781982421875
1784805817472332032,5.8758769035339355,1.030975341796875,-0.1655120849609375,0.02508544921875
1784805817482251008,5.885795831680298,1.753936767578125,0.2462921142578125,0.06744384765625
1784805817492171008,5.895715951919556,1.206756591796875,0.5681610107421875,0.3238372802734375
1784805817502089984,5.905634880065918,0.8545379638671875,0.306121826171875,-0.3919219970703125
1784805817512009984,5.915555000305176,1.068450927734375,1.3479766845703125,-0.0341339111328125
1784805817521929216,5.925474166870117,1.3191070556640625,1.3436279296875,-0.6988677978515625
1784805817531849216,5.935394048690796,2.6648406982421875,1.40570068359375,-1.063812255859375
1784805817541768192,5.945312976837158,3.483306884765625,0.471038818359375,-0.82012939453125
1784805817551688192,5.955233097076416,3.141998291015625,0.1222381591796875,-0.37506103515625
1784805817561608192,5.965152978897095,2.9346160888671875,0.2554931640625,-0.6221160888671875
1784805817571527168,5.975072145462036,2.8354644775390625,-0.222808837890625,-0.9857940673828125
1784805817581447168,5.984992027282715,3.675079345703125,-0.4821624755859375,-0.1989898681640625
1784805817591366144,5.994910955429077,4.509674072265625,-1.022705078125,-1.087127685546875
1784805817601286144,6.004831075668335,3.0232696533203125,-0.9736328125,-0.7183990478515625
1784805817611205120,6.014750003814697,2.5006866455078125,-0.757232666015625,-1.364044189453125
1784805817621125120,6.024670124053955,2.6149139404296875,-0.2093353271484375,-0.8453521728515625
1784805817631044096,6.034589052200317,2.5222625732421875,-0.357879638671875,-0.7851715087890625
1784805817640964352,6.044509172439575,2.6556396484375,-1.003692626953125,-0.774322509765625
1784805817650883072,6.0544281005859375,2.1215057373046875,-1.1658477783203125,-0.12213134765625
1784805817660803072,6.064347982406616,2.4863433837890625,-0.77557373046875,-1.426605224609375
1784805817670722304,6.074267148971558,2.514190673828125,-0.7579803466796875,-1.63751220703125
1784805817680642048,6.084187030792236,2.4120635986328125,0.247039794921875,-2.2316131591796875
1784805817690561024,6.094105958938599,3.1246490478515625,0.886322021484375,-2.76947021484375
1784805817700481280,6.1040260791778564,2.5220947265625,0.577667236328125,-3.804534912109375
1784805817710400000,6.113945007324219,2.671722412109375,0.667449951171875,-3.7490386962890625
1784805817720320256,6.123865127563477,2.0290374755859375,1.3953399658203125,-2.9278411865234375
1784805817730239232,6.133784055709839,2.10223388671875,2.7296905517578125,-1.9235992431640625
1784805817740159232,6.143704175949097,2.2301177978515625,2.4344482421875,-1.8425445556640625
1784805817750078208,6.153623104095459,2.965789794921875,1.348968505859375,-1.8023223876953125
1784805817759998208,6.163542985916138,3.74530029296875,0.3925933837890625,-1.95654296875
1784805817769917184,6.173462152481079,3.7192230224609375,-0.23095703125,-2.0770263671875
1784805817779837184,6.183382034301758,3.1948394775390625,-0.29229736328125,-2.1049957275390625
1784805817789756160,6.19330096244812,3.1002044677734375,-0.4492340087890625,-2.1282501220703125
1784805817799676160,6.203221082687378,3.57135009765625,-0.8502655029296875,-2.0494384765625
1784805817809595136,6.21314001083374,3.8041534423828125,-1.193939208984375,-1.76422119140625
1784805817819515136,6.223060131072998,3.80975341796875,-1.2444915771484375,-1.5389251708984375
1784805817829435136,6.232980012893677,3.9639434814453125,-1.3267974853515625,-1.2183837890625
1784805817839354368,6.242899179458618,4.1826324462890625,-1.491851806640625,-0.561065673828125
1784805817849274112,6.252819061279297,4.336669921875,-1.312835693359375,0.0416412353515625
1784805817859193088,6.262737989425659,4.46392822265625,-1.1521453857421875,0.6434783935546875
1784805817869113088,6.272658109664917,4.4485931396484375,-1.069305419921875,1.101776123046875
1784805817879032064,6.282577037811279,4.3477783203125,-1.0407562255859375,1.1949005126953125
1784805817888952320,6.292497158050537,4.287139892578125,-1.06695556640625,1.204925537109375
1784805817898871296,6.302416086196899,4.3759002685546875,-0.9501800537109375,1.4557647705078125
1784805817908791040,6.312335968017578,4.6208648681640625,-0.62359619140625,1.5464935302734375
1784805817918710272,6.3222551345825195,4.680419921875,-0.2082977294921875,1.6275787353515625
1784805817928630016,6.332175016403198,4.4155731201171875,0.0836029052734375,1.5673370361328125
1784805817938549248,6.34209418296814,4.0677032470703125,0.1121826171875,1.340087890625
1784805817948469248,6.352014064788818,3.8388824462890625,0.038970947265625,1.1461029052734375
1784805817958387968,6.361932992935181,3.65838623046875,-0.025787353515625,1.0331878662109375
1784805817968308224,6.3718531131744385,3.5688934326171875,0.1168365478515625,1.254180908203125
1784805817978227200,6.381772041320801,3.600494384765625,0.747955322265625,1.5574493408203125
1784805817988147200,6.391692161560059,3.5900115966796875,1.3936004638671875,1.4697723388671875
1784805817998066176,6.401611089706421,3.4044036865234375,1.645355224609375,1.153564453125
1784805818007986176,6.4115309715271,3.2563629150390625,1.65045166015625,0.6855621337890625
1784805818017905152,6.421450138092041,3.2092132568359375,1.6081695556640625,0.516021728515625
1784805818027825152,6.43137001991272,2.986907958984375,1.8589935302734375,0.6717987060546875
1784805818037744384,6.441289186477661,2.50311279296875,2.5977325439453125,0.7313079833984375
1784805818047664128,6.45120906829834,2.1587982177734375,3.8240814208984375,0.8553314208984375
1784805818057583104,6.461127996444702,4.3450775146484375,7.11517333984375,0.8283843994140625
1784805818067503104,6.47104811668396,-0.3585357666015625,5.48211669921875,-0.3248748779296875
1784805818077423104,6.480967998504639,-0.167999267578125,5.34820556640625,0.102447509765625
1784805818087342336,6.49088716506958,0.9559478759765625,3.1913909912109375,-0.4042816162109375
1784805818097262080,6.500807046890259,1.801361083984375,1.3643646240234375,-0.7630462646484375
1784805818107181056,6.510725975036621,2.17694091796875,0.9334564208984375,-0.8486480712890625
1784805818117101312,6.520646095275879,1.443572998046875,0.8229217529296875,-0.33038330078125
1784805818127020032,6.530565023422241,0.8586883544921875,1.469696044921875,-0.9066925048828125
1784805818136940288,6.540485143661499,0.46343994140625,2.5414276123046875,-0.2819061279296875
1784805818146859264,6.550404071807861,-0.16912841796875,1.288055419921875,-1.146759033203125
1784805818156779008,6.56032395362854,0.2075347900390625,0.761474609375,-0.7780609130859375
1784805818166698240,6.5702431201934814,0.6271820068359375,0.524658203125,-0.8348846435546875
1784805818176617984,6.58016300201416,0.895965576171875,1.2808990478515625,-0.2706298828125
1784805818186537216,6.590082168579102,0.9020538330078125,1.5503692626953125,-0.7935638427734375
1784805818196457216,6.60000205039978,0.83367919921875,1.4783172607421875,-0.7820281982421875
1784805818206376192,6.609920978546143,0.5948486328125,1.1042633056640625,-0.8504791259765625
1784805818216296192,6.6198410987854,0.3214569091796875,0.96002197265625,-0.6342620849609375
1784805818226215168,6.629760026931763,0.1819305419921875,0.7044219970703125,-0.748992919921875
1784805818236135168,6.6396801471710205,0.37896728515625,0.436065673828125,-0.9991607666015625
1784805818246054144,6.649599075317383,0.3645477294921875,0.380340576171875,-1.082366943359375
1784805818255974144,6.6595189571380615,0.564483642578125,0.4721527099609375,-0.92626953125
1784805818265893120,6.669438123703003,0.641937255859375,0.21136474609375,-1.089263916015625
1784805818275813120,6.679358005523682,0.364837646484375,0.2480010986328125,-0.96337890625
1784805818285732352,6.689277172088623,0.258880615234375,0.4867401123046875,-0.947784423828125
1784805818295652096,6.699197053909302,0.089202880859375,0.6856689453125,-0.9458770751953125
1784805818305571072,6.709115982055664,0.1727447509765625,0.74298095703125,-1.0390625
1784805818315491072,6.719036102294922,0.06982421875,0.764556884765625,-0.8351593017578125
1784805818325410048,6.728955030441284,0.0386810302734375,0.6412353515625,-0.759429931640625
1784805818335330304,6.738875150680542,0.344573974609375,0.4168243408203125,-0.6860504150390625
1784805818345250048,6.748795032501221,0.5675811767578125,0.2351837158203125,-0.698699951171875
1784805818355169024,6.758713960647583,0.559906005859375,0.2979736328125,-0.423614501953125
1784805818365089280,6.768634080886841,0.4643707275390625,0.338714599609375,-0.358367919921875
1784805818375008000,6.778553009033203,0.496185302734375,0.2171478271484375,-0.1658782958984375
1784805818384928256,6.788473129272461,0.4200592041015625,-0.0666656494140625,0.0264739990234375
1784805818394847232,6.798392057418823,0.2873687744140625,-0.336090087890625,0.18878173828125
1784805818404767232,6.808312177658081,0.2263946533203125,-0.47979736328125,0.2318115234375
1784805818414686208,6.818231105804443,0.2997894287109375,-0.659912109375,0.111663818359375
1784805818424606208,6.828150987625122,0.449676513671875,-0.6633148193359375,-0.048492431640625
1784805818434525184,6.8380701541900635,0.43682861328125,-0.2810211181640625,-0.194854736328125
1784805818444445184,6.847990036010742,0.4959259033203125,0.21826171875,-0.485687255859375
1784805818454364160,6.8579089641571045,0.5819549560546875,0.7593841552734375,-0.778533935546875
1784805818464284160,6.867829084396362,0.6639862060546875,1.1472930908203125,-1.0450439453125
1784805818474203136,6.877748012542725,0.825531005859375,1.276885986328125,-1.1192779541015625
1784805818484123136,6.887668132781982,0.8436279296875,1.075164794921875,-1.2204437255859375
1784805818494042112,6.897587060928345,0.7288360595703125,0.886810302734375,-1.1864013671875
1784805818503962368,6.9075071811676025,0.820709228515625,0.6523590087890625,-1.2817840576171875
1784805818513881088,6.917426109313965,1.0400543212890625,0.4800567626953125,-1.3118896484375
1784805818523801088,6.9273459911346436,1.1875762939453125,0.5721435546875,-1.0355377197265625
1784805818533720320,6.937265157699585,1.17315673828125,0.6030426025390625,-0.95819091796875
1784805818543640064,6.947185039520264,1.22039794921875,0.4833526611328125,-0.9522705078125
1784805818553559040,6.957103967666626,1.269073486328125,0.3093719482421875,-0.7086639404296875
1784805818563479296,6.967024087905884,1.3961334228515625,0.18548583984375,-0.55010986328125
1784805818573398016,6.976943016052246,1.37347412109375,0.1189117431640625,-0.363433837890625
1784805818583318272,6.986863136291504,1.451416015625,0.08380126953125,-0.1189727783203125
1784805818593237248,6.996782064437866,1.4821319580078125,0.08184814453125,0.0813140869140625
1784805818603157248,7.006702184677124,1.321197509765625,-0.272308349609375,0.28033447265625
1784805818613077248,7.016622066497803,1.2926025390625,-0.722076416015625,0.215118408203125
1784805818622995968,7.026540994644165,1.3128204345703125,-0.8555755615234375,0.2646484375
1784805818632916224,7.036461114883423,1.602203369140625,-1.097320556640625,0.3840179443359375
1784805818642835200,7.046380043029785,1.9970245361328125,-1.286468505859375,0.390899658203125
1784805818652755200,7.056300163269043,2.093719482421875,-1.55712890625,0.2265625
1784805818662674176,7.066219091415405,2.163116455078125,-1.562408447265625,0.2302398681640625
1784805818672594176,7.076138973236084,2.1771087646484375,-1.58062744140625,-0.1576385498046875
1784805818682513152,7.086058139801025,2.0953216552734375,-1.7411041259765625,-0.475921630859375
1784805818692433152,7.095978021621704,2.05450439453125,-2.2354736328125,-0.921722412109375
1784805818702352384,7.1058971881866455,2.3305816650390625,-2.474578857421875,-0.92572021484375
1784805818712272128,7.115817070007324,2.667816162109375,-2.519256591796875,-1.2430267333984375
1784805818722191104,7.1257359981536865,2.8828125,-2.4263916015625,-1.3524627685546875
1784805818732111104,7.135656118392944,3.1816253662109375,-2.24969482421875,-1.3242340087890625
1784805818742030080,7.145575046539307,3.4236602783203125,-1.0823211669921875,-1.2476348876953125
1784805818751950336,7.1554951667785645,2.7677764892578125,-0.3434295654296875,-1.337066650390625
1784805818761869312,7.165414094924927,1.64971923828125,-0.425933837890625,-0.761505126953125
1784805818771789056,7.1753339767456055,1.1514739990234375,-1.719635009765625,-0.7629241943359375
1784805818781708288,7.185253143310547,1.361419677734375,-1.13671875,-0.0468597412109375
1784805818791628032,7.195173025131226,1.18035888671875,-0.4844818115234375,-0.1782073974609375
1784805818801547008,7.205091953277588,0.8115692138671875,-0.0160064697265625,-0.3496856689453125
1784805818811467264,7.215012073516846,1.1271209716796875,0.387298583984375,0.1595306396484375
1784805818821385984,7.224931001663208,0.695709228515625,1.225616455078125,-0.31768798828125
1784805818831306240,7.234851121902466,1.67633056640625,1.3953399658203125,-0.4037933349609375
1784805818841225984,7.2447710037231445,2.6413726806640625,1.248779296875,-0.2707977294921875
1784805818851145216,7.254690170288086,2.842498779296875,0.3560943603515625,-0.9346771240234375
1784805818861065216,7.264610052108765,3.1949005126953125,0.5016937255859375,-0.8764190673828125
1784805818870984192,7.274528980255127,2.5968475341796875,0.6626434326171875,-1.2401885986328125
1784805818880904192,7.284449100494385,3.257659912109375,0.458526611328125,-1.0539703369140625
1784805818890823168,7.294368028640747,3.9093017578125,-0.38995361328125,-0.7341156005859375
1784805818900743168,7.304288148880005,3.6068878173828125,-1.3777618408203125,-0.4537506103515625
1784805818910662144,7.314207077026367,3.0651092529296875,-1.1129302978515625,-0.4035491943359375
1784805818920582144,7.324126958847046,2.53533935546875,-0.4232940673828125,-0.6602783203125
1784805818930501120,7.334046125411987,1.7667388916015625,0.1824188232421875,-0.5903167724609375
1784805818940421120,7.343966007232666,3.367645263671875,-0.7196044921875,-0.3971710205078125
1784805818950340352,7.353885173797607,2.610565185546875,-1.3340301513671875,-0.9073333740234375
1784805818960260096,7.363805055618286,2.386749267578125,-1.0165557861328125,-0.3482208251953125
1784805818970179072,7.373723983764648,2.6249847412109375,-1.3988494873046875,-0.6768341064453125
1784805818980099328,7.383644104003906,2.9544677734375,-1.1674041748046875,-1.133209228515625
1784805818990018048,7.3935630321502686,2.42974853515625,-0.5668792724609375,-2.5727081298828125
1784805818999938304,7.403483152389526,1.9810028076171875,0.3510589599609375,-3.0711822509765625
1784805819009857280,7.413402080535889,2.1395263671875,1.19476318359375,-3.0795440673828125
1784805819019777024,7.423321962356567,3.325836181640625,2.147552490234375,-3.383026123046875
1784805819029697280,7.433242082595825,3.31207275390625,0.942901611328125,-3.340545654296875
1784805819039616000,7.4431610107421875,2.17010498046875,1.37493896484375,-2.9397735595703125
1784805819049536256,7.453081130981445,1.6749420166015625,2.04681396484375,-2.4483489990234375
1784805819059455232,7.463000059127808,1.7165985107421875,2.2078704833984375,-2.1320037841796875
1784805819069375232,7.472920179367065,3.0777130126953125,1.487335205078125,-1.63427734375
1784805819079294208,7.482839107513428,4.54278564453125,0.0498504638671875,-1.5498199462890625
1784805819089214208,7.4927589893341064,4.6014251708984375,-1.5056610107421875,-1.7708282470703125
1784805819099133184,7.502678155899048,3.64910888671875,-1.642974853515625,-2.1458740234375
1784805819109053184,7.512598037719727,3.457489013671875,-1.0709381103515625,-2.1731414794921875
1784805819118972160,7.522516965866089,3.755706787109375,-1.180511474609375,-1.81317138671875
1784805819128892160,7.532437086105347,3.868865966796875,-1.6146392822265625,-1.3228607177734375
1784805819138811136,7.542356014251709,3.94805908203125,-2.007598876953125,-0.989715576171875
1784805819148731136,7.552276134490967,4.0254364013671875,-1.8401947021484375,-0.887939453125
1784805819158650112,7.562195062637329,4.1912689208984375,-1.5063934326171875,-0.687774658203125
1784805819168570368,7.572115182876587,4.3839569091796875,-1.4518280029296875,-0.47247314453125
1784805819178489088,7.582034111022949,4.52679443359375,-1.39471435546875,0.15472412109375
1784805819188409088,7.591953992843628,4.6281585693359375,-1.255218505859375,0.816986083984375
1784805819198328320,7.601873159408569,4.6307373046875,-1.0274658203125,1.161956787109375
1784805819208248064,7.611793041229248,4.5146026611328125,-0.8162689208984375,1.4146575927734375
1784805819218167040,7.62171196937561,4.582183837890625,-0.8572845458984375,1.5378875732421875
1784805819228087296,7.631632089614868,4.771270751953125,-0.890869140625,1.7040557861328125
1784805819238007040,7.641551971435547,4.7292938232421875,-0.6829986572265625,1.724151611328125
1784805819247926272,7.651471138000488,4.4435882568359375,-0.2358245849609375,1.536529541015625
1784805819257846016,7.661391019821167,4.26190185546875,0.19610595703125,1.3617401123046875
1784805819267765248,7.671310186386108,4.1446685791015625,0.63995361328125,1.1767730712890625
1784805819277685248,7.681230068206787,3.949066162109375,1.097198486328125,1.176300048828125
1784805819287603968,7.691148996353149,3.574615478515625,1.502685546875,1.410003662109375
1784805819297524224,7.701069116592407,3.3139190673828125,1.4726715087890625,1.2182464599609375
1784805819307443200,7.7109880447387695,3.4278564453125,1.080596923828125,0.9601898193359375
1784805819317363200,7.720908164978027,3.5204010009765625,1.20245361328125,0.9603729248046875
1784805819327282176,7.73082709312439,3.3163909912109375,1.81121826171875,0.952972412109375
1784805819337202176,7.740746974945068,2.818634033203125,2.375396728515625,0.955718994140625
1784805819347121152,7.75066614151001,2.218170166015625,2.8749847412109375,0.8659820556640625
1784805819357041152,7.7605860233306885,1.8048858642578125,3.4962158203125,0.6324615478515625
1784805819366960128,7.770504951477051,4.604034423828125,5.73297119140625,0.3986968994140625
1784805819376880128,7.780425071716309,1.357940673828125,5.389312744140625,0.901153564453125
1784805819386799104,7.790343999862671,0.4167633056640625,4.6099700927734375,-0.5630340576171875
1784805819396719104,7.800264120101929,0.4084320068359375,4.8861846923828125,-0.4898681640625
1784805819406638080,7.810183048248291,1.1103668212890625,2.5913238525390625,-0.76544189453125
1784805819416558336,7.820103168487549,0.8534698486328125,1.2369537353515625,-0.9510498046875
1784805819426477312,7.830022096633911,0.6122283935546875,0.73486328125,-0.627044677734375
1784805819436397056,7.83994197845459,0.733642578125,0.424774169921875,-0.601409912109375
1784805819446316288,7.849861145019531,1.2510528564453125,1.31317138671875,-1.4999237060546875
1784805819456236032,7.85978102684021,0.1367340087890625,1.774078369140625,-0.397308349609375
1784805819466156288,7.869701147079468,-0.3568878173828125,1.2681427001953125,-0.7530517578125
1784805819476075264,7.87962007522583,0.1441497802734375,0.736419677734375,-1.143585205078125
1784805819485995008,7.889539957046509,0.841278076171875,1.0163116455078125,-0.6067657470703125
1784805819495914240,7.89945912361145,1.27508544921875,1.091094970703125,-0.7852020263671875
1784805819505833984,7.909379005432129,1.2193756103515625,1.1174774169921875,-0.9992523193359375
1784805819515753216,7.91929817199707,0.8585205078125,1.402313232421875,-0.7671661376953125
1784805819525672192,7.929217100143433,0.5804290771484375,1.549835205078125,-0.784637451171875
1784805819535591424,7.939136266708374,0.696258544921875,1.2105255126953125,-0.93890380859375
1784805819545511168,7.949056148529053,0.5003204345703125,0.896240234375,-0.7091064453125
1784805819555430144,7.958975076675415,0.480926513671875,0.5895233154296875,-0.8517913818359375
1784805819565350400,7.968895196914673,0.6297607421875,0.3259429931640625,-1.064239501953125
1784805819575269120,7.978814125061035,0.7522125244140625,0.3106689453125,-0.8162994384765625
1784805819585189376,7.988734245300293,0.3817291259765625,0.301849365234375,-0.9852447509765625
1784805819595108352,7.998653173446655,0.20086669921875,0.460662841796875,-0.9553070068359375
1784805819605028352,8.008573293685913,-0.127410888671875,0.64202880859375,-0.9383392333984375
1784805819614947328,8.018492221832275,0.026214599609375,0.530609130859375,-0.9519805908203125
1784805819624867328,8.028412103652954,-0.186798095703125,0.408294677734375,-0.8491363525390625
1784805819634786304,8.038331270217896,0.1413421630859375,0.339508056640625,-0.89874267578125
1784805819644706304,8.048251152038574,0.6067352294921875,0.3040771484375,-0.7325439453125
1784805819654625280,8.058170080184937,0.503326416015625,0.2211151123046875,-0.62115478515625
1784805819664545280,8.068090200424194,0.5897216796875,0.1727294921875,-0.72662353515625
1784805819674464256,8.078009128570557,0.6652069091796875,0.3119049072265625,-0.51702880859375
1784805819684384256,8.087929248809814,0.5346221923828125,0.3587188720703125,-0.3290863037109375
1784805819694304256,8.097849130630493,0.4160308837890625,0.1281585693359375,-0.33135986328125
1784805819704223488,8.107768297195435,0.4574127197265625,-0.177398681640625,-0.3489990234375
1784805819714143232,8.117688179016113,0.2842254638671875,-0.2921905517578125,-0.1999359130859375
1784805819724062208,8.127607107162476,0.28271484375,-0.29669189453125,-0.228240966796875
1784805819733982208,8.137527227401733,0.313995361328125,-0.23052978515625,-0.3594818115234375
1784805819743901184,8.147446155548096,0.3475189208984375,0.0385894775390625,-0.49298095703125
1784805819753821440,8.157366275787354,0.446014404296875,0.3237152099609375,-0.7268218994140625
1784805819763740416,8.167285203933716,0.60260009765625,0.4925994873046875,-0.85150146484375
1784805819773660160,8.177205085754395,0.58917236328125,0.462249755859375,-0.9205780029296875
1784805819783579392,8.187124252319336,0.545013427734375,0.5736236572265625,-0.982086181640625
1784805819793499136,8.197044134140015,0.5963897705078125,0.752655029296875,-0.894561767578125
1784805819803418368,8.206963300704956,0.676971435546875,0.6336212158203125,-1.0223388671875
1784805819813338368,8.216883182525635,0.7389068603515625,0.48388671875,-0.9991607666015625
1784805819823257088,8.226802110671997,0.9172515869140625,0.3812408447265625,-0.909881591796875
1784805819833177344,8.236722230911255,1.00177001953125,0.326324462890625,-0.926177978515625
1784805819843096320,8.246641159057617,0.946533203125,0.4370880126953125,-0.7413177490234375
1784805819853016320,8.256561279296875,1.0247955322265625,0.5135955810546875,-0.5631866455078125
1784805819862935296,8.266480207443237,1.190399169921875,0.4362945556640625,-0.6308441162109375
1784805819872855296,8.276400089263916,1.348419189453125,0.2451324462890625,-0.5719451904296875
1784805819882774272,8.286319255828857,1.467254638671875,-0.0927886962890625,-0.3279266357421875
1784805819892694272,8.296239137649536,1.5233001708984375,-0.486663818359375,0.0254058837890625
1784805819902614272,8.306159257888794,1.4076995849609375,-0.7078399658203125,0.0326690673828125
1784805819912533248,8.316078186035156,1.37640380859375,-0.56103515625,0.022186279296875
1784805819922453504,8.325998306274414,1.2375640869140625,-0.206268310546875,0.1130218505859375
1784805819932372224,8.335917234420776,1.1375885009765625,-0.0855712890625,0.1096954345703125
1784805819942292224,8.345837116241455,1.1887664794921875,-0.272247314453125,0.1200408935546875
1784805819952211456,8.355756282806396,1.38226318359375,-0.6287994384765625,0.1446685791015625
1784805819962131200,8.365676164627075,1.7208099365234375,-1.1531219482421875,-0.0186920166015625
1784805819972050176,8.375595092773438,2.00921630859375,-1.653533935546875,0.0169677734375
1784805819981970432,8.385515213012695,2.2672576904296875,-1.818145751953125,0.05078125
1784805819991889152,8.395434141159058,2.436981201171875,-1.8344573974609375,-0.104644775390625
1784805820001809408,8.405354261398315,2.3069610595703125,-1.9204559326171875,-0.3852691650390625
1784805820011728384,8.415273189544678,2.201019287109375,-2.00067138671875,-0.728729248046875
1784805820021648384,8.425193309783936,2.4256134033203125,-2.10443115234375,-1.0507354736328125
1784805820031567360,8.435112237930298,2.806793212890625,-2.2113494873046875,-1.1669769287109375
1784805820041487104,8.445032119750977,2.9380950927734375,-1.990966796875,-1.34295654296875
1784805820051406336,8.454951286315918,2.6428070068359375,-2.0404510498046875,-1.1605682373046875
1784805820061326336,8.464871168136597,2.5923919677734375,-1.6630401611328125,-1.0203704833984375
1784805820071245312,8.474790096282959,2.431671142578125,-1.295135498046875,-0.9164886474609375
1784805820081165312,8.484710216522217,1.9839324951171875,-0.7884674072265625,-1.0242919921875
1784805820091084288,8.494629144668579,1.1319427490234375,-0.395416259765625,-0.4729156494140625
1784805820101004288,8.504549264907837,0.8582916259765625,-0.8692779541015625,-0.2689971923828125
1784805820110924288,8.514469146728516,0.6326446533203125,-0.7109527587890625,-0.282867431640625
1784805820120843520,8.524388313293457,0.380401611328125,0.3606719970703125,0.311279296875
1784805820130763264,8.534308195114136,0.7338714599609375,0.9324951171875,0.3196258544921875
1784805820140682240,8.544227123260498,1.720001220703125,1.6176300048828125,-0.4738616943359375
1784805820150602240,8.554147243499756,1.6082763671875,1.6015777587890625,-0.596893310546875
1784805820160521216,8.564066171646118,2.203369140625,0.628326416015625,-0.6566619873046875
1784805820170441472,8.573986291885376,2.79925537109375,0.2799072265625,-0.573211669921875
1784805820180360192,8.583905220031738,2.8408966064453125,0.203948974609375,-0.8530426025390625
1784805820190280192,8.593825101852417,3.1082763671875,0.3627471923828125,-0.822998046875
1784805820200199424,8.603744268417358,3.498870849609375,-0.2539215087890625,-0.921478271484375
1784805820210119168,8.613664150238037,3.2807769775390625,-0.607421875,-0.67694091796875
1784805820220038144,8.6235830783844,3.350067138671875,-0.8138275146484375,-0.573028564453125
1784805820229958400,8.633503198623657,2.92132568359375,-0.961822509765625,-0.4267425537109375
1784805820239877120,8.64342212677002,2.832794189453125,-0.26251220703125,-0.5121307373046875
1784805820249797376,8.653342247009277,2.87091064453125,-0.20672607421875,-0.4619293212890625
1784805820259716352,8.66326117515564,1.8986968994140625,-0.7442779541015625,-0.8477935791015625
1784805820269636352,8.673181295394897,2.26092529296875,-0.7530364990234375,-0.3610076904296875
1784805820279555328,8.68310022354126,2.985015869140625,-0.808929443359375,-0.363525390625
1784805820289475328,8.693020105361938,2.4063262939453125,-0.4480133056640625,-1.2489471435546875
1784805820299394304,8.70293927192688,2.481658935546875,-0.3840789794921875,-0.8542327880859375
1784805820309314304,8.712859153747559,2.575531005859375,-0.21826171875,-1.6968994140625
1784805820319234304,8.722779273986816,2.2814788818359375,0.4853057861328125,-2.0987701416015625
1784805820329153280,8.732698202133179,2.1143341064453125,1.2768707275390625,-2.663330078125
1784805820339073280,8.742618083953857,2.589324951171875,1.7140045166015625,-2.9199981689453125
1784805820348992256,8.752537250518799,2.8407745361328125,1.7586669921875,-2.61651611328125
1784805820358912256,8.762457132339478,3.3973388671875,0.815155029296875,-2.936004638671875
1784805820368831488,8.772376298904419,3.19842529296875,0.263031005859375,-2.7552032470703125
1784805820378751232,8.782296180725098,2.6426239013671875,0.9197845458984375,-1.824371337890625
1784805820388670208,8.79221510887146,2.3191070556640625,1.6769561767578125,-1.667144775390625
1784805820398590208,8.802135229110718,2.7335205078125,1.606414794921875,-1.96746826171875
1784805820408509184,8.81205415725708,3.524383544921875,0.608245849609375,-2.2971649169921875
1784805820418429440,8.821974277496338,3.8715057373046875,-0.553985595703125,-1.9364776611328125
1784805820428348416,8.8318932056427,3.766571044921875,-1.21923828125,-1.3143463134765625
1784805820438268160,8.841813087463379,3.499664306640625,-1.5092315673828125,-0.70953369140625
1784805820448187392,8.85173225402832,3.2012176513671875,-1.74774169921875,-0.0754852294921875
1784805820458107136,8.861652135848999,2.9403839111328125,-1.9795989990234375,0.4130096435546875
1784805820468026368,8.87157130241394,2.9403228759765625,-2.1692962646484375,0.2686004638671875
1784805820477946368,8.88149118423462,2.880828857421875,-2.2232818603515625,0.202301025390625
1784805820487865088,8.891410112380981,2.76068115234375,-2.2065887451171875,0.04693603515625
1784805820497785344,8.90133023262024,2.9100341796875,-1.892547607421875,0.1982879638671875
1784805820507705088,8.911250114440918,3.2687835693359375,-1.4463958740234375,0.7186737060546875
1784805820517624320,8.92116928100586,3.5623779296875,-1.1254119873046875,1.105987548828125
1784805820527544320,8.931089162826538,3.686370849609375,-0.87188720703125,1.2504119873046875
1784805820537463552,8.94100832939148,3.6836090087890625,-0.769134521484375,1.24554443359375
1784805820547383296,8.950928211212158,3.7015380859375,-0.6573638916015625,1.1935272216796875
1784805820557302272,8.96084713935852,3.7803192138671875,-0.50396728515625,1.197235107421875
1784805820567222272,8.970767259597778,3.8437347412109375,-0.31097412109375,1.1530303955078125
1784805820577141248,8.98068618774414,3.811676025390625,-0.1045989990234375,1.039154052734375
1784805820587061504,8.990606307983398,3.6709747314453125,-0.088958740234375,0.9771270751953125
1784805820596980224,9.00052523612976,3.5199127197265625,-0.173065185546875,0.9850006103515625
1784805820606900224,9.01044511795044,3.4333038330078125,-0.2385711669921875,0.9535064697265625
1784805820616819456,9.02036428451538,3.36700439453125,-0.138519287109375,1.04864501953125
1784805820626739200,9.03028416633606,3.3484039306640625,0.250244140625,1.3146514892578125
1784805820636658432,9.040203332901001,3.4136810302734375,0.80999755859375,1.249176025390625
1784805820646578432,9.05012321472168,3.3449554443359375,1.18780517578125,1.0198974609375
1784805820656497152,9.060042142868042,3.114288330078125,1.274383544921875,0.7586517333984375
1784805820666417408,9.0699622631073,2.991943359375,1.466339111328125,0.635040283203125
1784805820676336384,9.079881191253662,2.9320526123046875,1.80474853515625,0.749603271484375
1784805820686256384,9.08980131149292,2.693084716796875,2.35546875,1.008819580078125
1784805820696175360,9.099720239639282,2.163116455078125,3.24462890625,1.07830810546875
1784805820706095104,9.109640121459961,3.1107635498046875,4.6392974853515625,0.7128448486328125
1784805820716014336,9.119559288024902,2.7177886962890625,7.4103240966796875,1.905670166015625
1784805820725934336,9.129479169845581,-0.3838958740234375,4.8634033203125,-1.133209228515625
1784805820735853312,9.139398336410522,0.112823486328125,5.2967071533203125,0.061309814453125
1784805820745773312,9.149318218231201,1.0318756103515625,2.6322174072265625,-0.6552276611328125
1784805820755693312,9.159238338470459,1.0328216552734375,1.2292022705078125,-0.7979583740234375
1784805820765612288,9.169157266616821,1.306976318359375,0.86810302734375,-0.1846771240234375
1784805820775532288,9.1790771484375,1.9462127685546875,0.8058929443359375,-0.623992919921875
1784805820785451520,9.188996315002441,1.567108154296875,2.0086822509765625,-0.487213134765625
1784805820795371264,9.19891619682312,0.1186065673828125,2.2729034423828125,-0.538726806640625
1784805820805290240,9.208835124969482,-0.2523040771484375,1.64373779296875,-0.795867919921875
1784805820815210240,9.21875524520874,-0.0023956298828125,0.9290924072265625,-1.1694793701171875
1784805820825129216,9.228674173355103,0.655731201171875,0.7911529541015625,-1.087554931640625
1784805820835049472,9.23859429359436,0.8624267578125,0.937591552734375,-0.741607666015625
1784805820844968192,9.248513221740723,0.950531005859375,1.110382080078125,-0.8841400146484375
1784805820854888448,9.25843334197998,0.7696380615234375,1.323089599609375,-0.768890380859375
1784805820864807424,9.268352270126343,0.4486846923828125,1.480865478515625,-0.6795501708984375
1784805820874727168,9.278272151947021,0.3964080810546875,1.383392333984375,-0.728240966796875
1784805820884646400,9.288191318511963,0.5296783447265625,1.001922607421875,-0.88873291015625
1784805820894566400,9.298111200332642,0.818939208984375,0.8541259765625,-0.881561279296875
1784805820904485120,9.308030128479004,0.640869140625,0.49237060546875,-1.0905609130859375
1784805820914405376,9.317950248718262,0.5347747802734375,0.226165771484375,-0.8148651123046875
1784805820924324352,9.327869176864624,0.416656494140625,-0.01416015625,-0.759521484375
1784805820934244352,9.337789297103882,0.16571044921875,0.0185089111328125,-0.556427001953125
1784805820944163328,9.347708225250244,-0.1057281494140625,0.2514190673828125,-0.6601409912109375
1784805820954083328,9.357628345489502,-0.26251220703125,0.43145751953125,-0.802886962890625
1784805820964003328,9.36754822731018,-0.050140380859375,0.4632720947265625,-0.75189208984375
1784805820973922304,9.377467155456543,0.1933441162109375,0.3639678955078125,-0.6527557373046875
1784805820983842304,9.3873872756958,0.306182861328125,0.1539459228515625,-0.60284423828125
1784805820993761280,9.397306203842163,0.55767822265625,0.1449127197265625,-0.5223236083984375
1784805821003681536,9.407226324081421,0.710968017578125,0.2278900146484375,-0.55755615234375
1784805821013600256,9.417145252227783,0.6344757080078125,0.2414093017578125,-0.6347198486328125
1784805821023520256,9.427065134048462,0.4337158203125,-0.0834808349609375,-0.736785888671875
1784805821033439488,9.436984300613403,0.2617034912109375,-0.2885894775390625,-0.5306243896484375
1784805821043359232,9.446904182434082,0.269866943359375,-0.3436126708984375,-0.3849334716796875
1784805821053278464,9.456823348999023,0.3397369384765625,-0.205322265625,-0.2569122314453125
1784805821063198208,9.466743230819702,0.5364227294921875,-0.1002960205078125,-0.3649139404296875
1784805821073117184,9.476662158966064,0.6360931396484375,-0.042205810546875,-0.45941162109375
1784805821083037440,9.486582279205322,0.5720977783203125,0.0222320556640625,-0.518157958984375
1784805821092956416,9.496501207351685,0.447296142578125,0.0551605224609375,-0.6110992431640625
1784805821102876416,9.506421327590942,0.4078521728515625,0.396759033203125,-0.6326904296875
1784805821112795392,9.516340255737305,0.5616607666015625,0.746826171875,-0.8623046875
1784805821122715136,9.526260137557983,0.7593841552734375,0.8878936767578125,-1.0602569580078125
1784805821132634368,9.536179304122925,0.8137054443359375,0.7293243408203125,-1.0873260498046875
1784805821142554368,9.546099185943604,0.736541748046875,0.604400634765625,-0.9900360107421875
1784805821152473344,9.556018352508545,0.6682281494140625,0.6066741943359375,-0.9099578857421875
1784805821162393344,9.565938234329224,0.646331787109375,0.6804656982421875,-0.99224853515625
1784805821172312320,9.575857162475586,0.7924041748046875,0.760650634765625,-1.012359619140625
1784805821182232320,9.585777282714844,0.9815826416015625,0.7700958251953125,-0.8094635009765625
1784805821192152320,9.595697164535522,1.13275146484375,0.605499267578125,-0.738433837890625
1784805821202071552,9.605616331100464,1.1590118408203125,0.4581451416015625,-0.6730194091796875
1784805821211991296,9.615536212921143,1.2070770263671875,0.1876220703125,-0.47283935546875
1784805821221910272,9.625455141067505,1.276458740234375,-0.1779022216796875,-0.5091094970703125
1784805821231830272,9.635375261306763,1.423187255859375,-0.4536895751953125,-0.441162109375
1784805821241749248,9.645294189453125,1.591949462890625,-0.634735107421875,-0.3923492431640625
1784805821251669504,9.655214309692383,1.5233306884765625,-0.5796356201171875,-0.087677001953125
1784805821261588224,9.665133237838745,1.470550537109375,-0.27947998046875,0.111663818359375
1784805821271508224,9.675053119659424,1.459930419921875,0.0648040771484375,0.1280975341796875
1784805821281427456,9.684972286224365,1.395111083984375,-0.049346923828125,0.1287841796875
1784805821291347200,9.694892168045044,1.4515838623046875,-0.494384765625,0.0487060546875
1784805821301266432,9.704811334609985,1.530426025390625,-1.067840576171875,0.023590087890625
1784805821311186432,9.714731216430664,1.7215423583984375,-1.343597412109375,0.1358184814453125
1784805821321105152,9.724650144577026,1.9164276123046875,-1.57623291015625,0.1871185302734375
1784805821331025408,9.734570264816284,2.016510009765625,-1.700927734375,-0.0571136474609375
1784805821340944384,9.744489192962646,2.16943359375,-1.5287017822265625,-0.314453125
1784805821350864384,9.754409313201904,2.0391998291015625,-1.951446533203125,-0.847015380859375
1784805821360783360,9.764328241348267,2.00628662109375,-2.0127716064453125,-1.032257080078125
1784805821370703104,9.774248123168945,2.1771697998046875,-2.199371337890625,-1.439361572265625
1784805821380622336,9.784167289733887,2.4830322265625,-2.2655792236328125,-1.586944580078125
1784805821390542336,9.794087171554565,2.7559967041015625,-2.1055145263671875,-1.6021881103515625
1784805821400461312,9.804006338119507,2.74859619140625,-1.841949462890625,-1.6206512451171875
1784805821410381312,9.813926219940186,2.5303192138671875,-1.0382537841796875,-1.307769775390625
1784805821420300288,9.823845148086548,2.2698974609375,-0.5843048095703125,-0.894378662109375
1784805821430220288,9.833765268325806,1.5754241943359375,-0.502777099609375,-0.582611083984375
1784805821440140288,9.843685150146484,1.353057861328125,-0.6045379638671875,-0.1759185791015625
1784805821450059520,9.853604316711426,0.9730987548828125,-0.747833251953125,0.2437591552734375
1784805821459979264,9.863524198532104,0.4833221435546875,-0.4493408203125,0.0202178955078125
1784805821469898240,9.873443126678467,0.5472564697265625,0.1957244873046875,0.2633514404296875
1784805821479818240,9.883363246917725,1.163421630859375,1.108642578125,0.248779296875
1784805821489737216,9.893282175064087,1.3430938720703125,1.98590087890625,-0.2039794921875
1784805821499657472,9.903202295303345,2.0260162353515625,1.8337249755859375,-0.48712158203125
1784805821509576448,9.913121223449707,2.270721435546875,0.6099090576171875,-0.741851806640625
1784805821519496448,9.923041343688965,2.551910400390625,0.168365478515625,0.0077056884765625
1784805821529416192,9.932960987091064,3.6172332763671875,-0.1185302734375,-0.98699951171875
1784805821539336192,9.942881107330322,3.1113433837890625,-0.14801025390625,-1.41082763671875
1784805821549255168,9.952800035476685,2.5949859619140625,-0.106353759765625,-1.0349273681640625
1784805821559175168,9.962720155715942,2.56866455078125,-0.185791015625,-0.982696533203125
1784805821569094144,9.972639083862305,3.6259307861328125,-0.24609375,-0.2477874755859375
1784805821579014144,9.982558965682983,3.8403167724609375,-0.9528656005859375,-0.5399169921875
1784805821588933120,9.992478132247925,2.79937744140625,-1.041778564453125,-0.3479461669921875
1784805821598853120,10.002398014068604,2.4402008056640625,-0.326141357421875,-0.469482421875
1784805821608772352,10.012317180633545,1.760528564453125,-0.9579925537109375,-0.561920166015625
1784805821618692096,10.022237062454224,2.26568603515625,-0.8685150146484375,-0.27288818359375
1784805821628611072,10.032155990600586,3.176544189453125,-0.802886962890625,-0.469635009765625
1784805821638531328,10.042076110839844,2.55975341796875,-1.0011138916015625,-0.98248291015625
1784805821648450048,10.051995038986206,2.410308837890625,-1.015899658203125,-0.885162353515625
1784805821658370304,10.061915159225464,2.8631439208984375,-0.4741058349609375,-1.6060638427734375
1784805821668289280,10.071834087371826,2.5359954833984375,0.2864532470703125,-2.335601806640625
1784805821678209024,10.081753969192505,2.0909271240234375,0.8519744873046875,-2.9968414306640625
1784805821688129280,10.091674089431763,2.0968780517578125,1.0284423828125,-2.60784912109375
1784805821698048000,10.101593017578125,2.7408599853515625,1.9037017822265625,-2.6740570068359375
1784805821707968256,10.111513137817383,2.451812744140625,1.393157958984375,-2.8475494384765625
1784805821717887232,10.121432065963745,2.15594482421875,0.83050537109375,-2.4421539306640625
1784805821727807232,10.131352186203003,1.7830963134765625,1.0582122802734375,-1.8815765380859375
1784805821737726208,10.141271114349365,2.3175201416015625,1.1483612060546875,-2.0700225830078125
1784805821747646208,10.151190996170044,3.1344146728515625,0.5603790283203125,-1.84478759765625
1784805821757565184,10.161110162734985,3.874969482421875,-0.67596435546875,-1.69189453125
1784805821767485184,10.171030044555664,3.449920654296875,-1.2004547119140625,-2.45977783203125
1784805821777404160,10.180948972702026,2.797698974609375,-0.5716705322265625,-2.86968994140625
1784805821787324160,10.190869092941284,2.9335784912109375,-0.26312255859375,-2.667144775390625
1784805821797243136,10.200788021087646,3.425872802734375,-0.650115966796875,-2.10797119140625
1784805821807163136,10.210708141326904,3.810272216796875,-1.40411376953125,-1.1585540771484375
1784805821817082112,10.220627069473267,3.828643798828125,-2.082977294921875,-0.338165283203125
1784805821827002112,10.230546951293945,3.5960845947265625,-2.3010406494140625,0.004852294921875
1784805821836921088,10.240466117858887,3.3292694091796875,-2.062408447265625,0.13427734375
1784805821846841088,10.250385999679565,3.227294921875,-1.6828765869140625,0.2343902587890625
1784805821856760320,10.260305166244507,3.288909912109375,-1.415435791015625,0.3036956787109375
1784805821866680064,10.270225048065186,3.417205810546875,-1.1609649658203125,0.5316009521484375
1784805821876599040,10.280143976211548,3.5477752685546875,-1.13720703125,0.868682861328125
1784805821886519296,10.290064096450806,3.6747589111328125,-1.2258148193359375,0.870361328125
1784805821896438016,10.299983024597168,3.85028076171875,-1.036468505859375,0.9951019287109375
1784805821906358272,10.309903144836426,4.1024322509765625,-0.71905517578125,1.111053466796875
1784805821916277248,10.319822072982788,4.1685028076171875,-0.3964691162109375,1.340484619140625
1784805821926196992,10.329741954803467,3.9293212890625,-0.3719940185546875,1.458709716796875
1784805821936116224,10.339661121368408,3.73773193359375,-0.48944091796875,1.3719024658203125
1784805821946036224,10.349581003189087,3.85382080078125,-0.5072174072265625,1.232635498046875
1784805821955955200,10.359500169754028,3.9954376220703125,-0.251708984375,1.21234130859375
1784805821965875200,10.369420051574707,3.8344879150390625,0.1112518310546875,1.322479248046875
1784805821975795200,10.379340171813965,3.6356048583984375,0.6710052490234375,1.5381011962890625
1784805821985714176,10.389259099960327,3.5643310546875,1.2315216064453125,1.39410400390625
1784805821995634176,10.399178981781006,3.5288238525390625,1.3977203369140625,1.0819244384765625
1784805822005553152,10.409098148345947,3.312042236328125,1.66619873046875,1.1159515380859375
1784805822015473152,10.419018030166626,2.8892822265625,1.93194580078125,1.06939697265625
1784805822025392128,10.428936958312988,2.5350494384765625,2.2618865966796875,1.01611328125
1784805822035312128,10.438857078552246,2.37652587890625,2.493804931640625,0.9214630126953125
1784805822045231104,10.448776006698608,2.0908660888671875,2.9039154052734375,1.0020599365234375
1784805822055151104,10.458696126937866,3.9082489013671875,4.1849365234375,0.3640594482421875
1784805822065070080,10.468615055084229,2.902435302734375,6.27191162109375,1.8060760498046875
1784805822074990336,10.478535175323486,-0.243408203125,4.6591033935546875,-0.545806884765625
1784805822084909312,10.488454103469849,0.1691436767578125,5.4839019775390625,-0.0664520263671875
1784805822094829056,10.498373985290527,0.8593597412109375,2.9808807373046875,-0.894622802734375
1784805822104748288,10.508293151855469,1.2576446533203125,1.2563629150390625,-1.0347747802734375
1784805822114668032,10.518213033676147,0.9637908935546875,0.842041015625,-0.52197265625
1784805822124587008,10.52813196182251,0.843994140625,0.8385009765625,-0.1449432373046875
1784805822134507264,10.538052082061768,1.03387451171875,1.810577392578125,-0.9848785400390625
1784805822144425984,10.54797101020813,0.4569091796875,2.0621337890625,-0.5296783447265625
1784805822154346240,10.557891130447388,-0.1020660400390625,1.7694244384765625,-1.0264129638671875
1784805822164265216,10.56781005859375,0.397308349609375,0.9768218994140625,-0.924346923828125
1784805822174185216,10.577730178833008,0.84130859375,0.79510498046875,-0.74176025390625
1784805822184104192,10.58764910697937,0.9753265380859375,1.016357421875,-0.4217376708984375
1784805822194024192,10.597568988800049,1.0694732666015625,0.977996826171875,-0.731964111328125
1784805822203943168,10.60748815536499,0.9442291259765625,1.0341033935546875,-0.88720703125
1784805822213863168,10.617408037185669,0.9571990966796875,1.2904205322265625,-0.6064605712890625
1784805822223782144,10.627326965332031,0.6655426025390625,0.843353271484375,-0.7033538818359375
1784805822233702144,10.637247085571289,0.2248992919921875,0.5880889892578125,-0.72796630859375
1784805822243621120,10.647166013717651,0.181060791015625,0.4928741455078125,-0.97698974609375
1784805822253541120,10.65708613395691,0.62939453125,0.2258758544921875,-1.1928558349609375
1784805822263460096,10.667005062103271,0.86334228515625,0.2432861328125,-1.127166748046875
1784805822273380352,10.67692518234253,0.6831817626953125,0.2672271728515625,-1.1201324462890625
1784805822283299328,10.686844110488892,0.50482177734375,0.328521728515625,-1.1187744140625
1784805822293219072,10.69676399230957,0.3035736083984375,0.5940704345703125,-0.9212799072265625
1784805822303138304,10.706683158874512,-0.007843017578125,0.69293212890625,-1.1063690185546875
1784805822313058048,10.71660304069519,0.0581207275390625,0.8319549560546875,-0.944976806640625
1784805822322977024,10.726521968841553,0.0435791015625,0.7731170654296875,-0.839111328125
1784805822332897280,10.73644208908081,0.2671051025390625,0.573822021484375,-0.8321990966796875
1784805822342816000,10.746361017227173,0.3590545654296875,0.3952484130859375,-0.7704315185546875
1784805822352736256,10.75628113746643,0.361602783203125,0.3283233642578125,-0.601715087890625
1784805822362655232,10.766200065612793,0.463836669921875,0.2978363037109375,-0.57757568359375
1784805822372575232,10.77612018585205,0.5547027587890625,0.283447265625,-0.550750732421875
1784805822382495232,10.78604006767273,0.509368896484375,0.248443603515625,-0.439788818359375
1784805822392414208,10.795958995819092,0.467041015625,0.292144775390625,-0.03228759765625
1784805822402334208,10.80587911605835,0.43365478515625,0.2139434814453125,0.0720977783203125
1784805822412253184,10.815798044204712,0.4247283935546875,0.017852783203125,0.13458251953125
1784805822422173184,10.82571816444397,0.548187255859375,-0.2551727294921875,0.1436767578125
1784805822432092160,10.835637092590332,0.5313873291015625,-0.3744354248046875,0.1491851806640625
1784805822442012160,10.84555697441101,0.40509033203125,-0.328704833984375,0.0380401611328125
1784805822451931136,10.855476140975952,0.49078369140625,-0.0182647705078125,-0.1986541748046875
1784805822461851136,10.86539602279663,0.6975860595703125,0.50909423828125,-0.5604248046875
1784805822471770368,10.875315189361572,0.8125,0.8783721923828125,-1.0648193359375
1784805822481690112,10.885235071182251,0.8430633544921875,1.1990203857421875,-1.0824432373046875
1784805822491609088,10.895153999328613,1.0047760009765625,1.11883544921875,-1.12396240234375
1784805822501529344,10.905074119567871,0.9527130126953125,0.7551727294921875,-0.96429443359375
1784805822511448064,10.914993047714233,0.931396484375,0.5266571044921875,-0.9139404296875
1784805822521368320,10.924913167953491,1.1441802978515625,0.4862060546875,-0.901702880859375
1784805822531286784,10.934831619262695,1.2443389892578125,0.478485107421875,-0.84912109375
1784805822541206528,10.944751501083374,1.3032379150390625,0.29632568359375,-0.698211669921875
1784805822551125760,10.954670667648315,1.41802978515625,0.059967041015625,-0.5343017578125
1784805822561045760,10.964590549468994,1.5072021484375,-0.1894073486328125,-0.384246826171875
1784805822570964480,10.974509477615356,1.5193023681640625,-0.3510894775390625,-0.3624725341796875
1784805822580884736,10.984429597854614,1.4958648681640625,-0.5118255615234375,-0.1671295166015625
1784805822590803712,10.994348526000977,1.4983978271484375,-0.5133056640625,-0.088623046875
1784805822600723712,11.004268646240234,1.5244293212890625,-0.4769744873046875,-0.00421142578125
1784805822610642688,11.014187574386597,1.5092010498046875,-0.451629638671875,0.03302001953125
1784805822620562432,11.024107456207275,1.5511474609375,-0.5019683837890625,0.1173095703125
1784805822630481664,11.034026622772217,1.5318450927734375,-0.8988494873046875,0.162933349609375
1784805822640401664,11.043946504592896,1.545074462890625,-1.279541015625,0.0329132080078125
1784805822650320896,11.053865671157837,1.6809844970703125,-1.60565185546875,0.1229095458984375
1784805822660240640,11.063785552978516,1.943359375,-2.038299560546875,-0.1221160888671875
1784805822670159616,11.073704481124878,2.2351531982421875,-2.3277740478515625,-0.6157073974609375
1784805822680079616,11.083624601364136,1.954437255859375,-2.4345550537109375,-0.8320159912109375
1784805822689998592,11.093543529510498,2.010101318359375,-2.43927001953125,-1.037139892578125
1784805822699918848,11.103463649749756,2.2292327880859375,-2.0858154296875,-1.0370330810546875
1784805822709837568,11.113382577896118,2.35894775390625,-1.9429473876953125,-1.521026611328125
1784805822719757568,11.123302459716797,2.5697479248046875,-2.0206146240234375,-1.480224609375
1784805822729676800,11.133221626281738,2.4358367919921875,-2.24237060546875,-1.1644744873046875
1784805822739596544,11.143141508102417,2.3841552734375,-1.7834930419921875,-1.2104644775390625
1784805822749515776,11.153060674667358,2.4162445068359375,-1.41033935546875,-1.023895263671875
1784805822759435776,11.162980556488037,2.28411865234375,-0.91986083984375,-0.8517913818359375
1784805822769354496,11.1728994846344,1.925048828125,-0.5140228271484375,-0.8890228271484375
1784805822779274752,11.182819604873657,1.158203125,-0.3689422607421875,-0.5537872314453125
1784805822789193728,11.19273853302002,0.9723968505859375,0.157989501953125,-0.1134033203125
1784805822799113728,11.202658653259277,0.57952880859375,0.352630615234375,0.0278167724609375
1784805822809032704,11.21257758140564,0.908538818359375,0.41259765625,-0.2017669677734375
1784805822818952448,11.222497463226318,1.7213287353515625,0.270538330078125,-0.015167236328125
1784805822828871680,11.23241662979126,2.8983612060546875,0.3328094482421875,0.1721954345703125
1784805822838791680,11.242336511611938,2.1500396728515625,0.620849609375,-0.401611328125
1784805822848710656,11.25225567817688,1.3527984619140625,0.867645263671875,-0.32098388671875
1784805822858630656,11.262175559997559,1.7679443359375,0.53326416015625,-0.2042083740234375
1784805822868549632,11.272094488143921,2.389251708984375,0.119598388671875,-0.5570831298828125
1784805822878469632,11.282014608383179,1.9464874267578125,0.0034637451171875,-0.462127685546875
1784805822888388608,11.291933536529541,2.3826751708984375,0.246978759765625,-0.391754150390625
1784805822898308864,11.301853656768799,2.610931396484375,0.0071868896484375,-0.5658111572265625
1784805822908227584,11.311772584915161,2.854827880859375,-0.2425079345703125,-0.6849212646484375
1784805822918147584,11.32169246673584,3.241363525390625,-0.8489837646484375,-0.8864593505859375
1784805822928066816,11.331611633300781,2.557769775390625,-0.9462432861328125,-0.91650390625
1784805822937986560,11.34153151512146,2.750885009765625,-0.207000732421875,-0.7248077392578125
1784805822947905792,11.351450681686401,2.184967041015625,-0.156585693359375,-0.9237060546875
1784805822957825536,11.36137056350708,2.5030975341796875,-0.5691680908203125,-0.3458404541015625
1784805822967744512,11.371289491653442,2.6374664306640625,-0.360504150390625,-0.3141021728515625
1784805822977664768,11.3812096118927,2.2233428955078125,-0.3481292724609375,-0.299591064453125
1784805822987583744,11.391128540039062,2.4456787109375,-1.0488128662109375,-0.30047607421875
1784805822997503744,11.40104866027832,2.3345947265625,-1.34051513671875,-0.7739105224609375
1784805823007422720,11.410967588424683,2.3998260498046875,-0.14453125,-0.8988189697265625
1784805823017342464,11.420887470245361,2.47796630859375,0.815826416015625,-2.01068115234375
1784805823027261696,11.430806636810303,2.277008056640625,0.9434814453125,-2.217254638671875
1784805823037181696,11.440726518630981,2.6617431640625,1.590667724609375,-2.1077728271484375
1784805823047100672,11.450645685195923,2.5843963623046875,2.505462646484375,-2.8463897705078125
1784805823057020672,11.460565567016602,2.0648956298828125,1.3654632568359375,-2.79656982421875
1784805823066939648,11.470484495162964,2.15869140625,0.983123779296875,-1.7887115478515625
1784805823076859648,11.480404615402222,2.3704376220703125,1.3150177001953125,-1.403289794921875
1784805823086779648,11.4903244972229,2.604461669921875,1.28662109375,-1.5531463623046875
1784805823096698880,11.500243663787842,2.88177490234375,0.7443695068359375,-1.734527587890625
1784805823106617600,11.510162591934204,3.234039306640625,0.3584136962890625,-2.0242156982421875
1784805823116537600,11.520082473754883,3.2659912109375,0.0341796875,-2.17449951171875
1784805823126456832,11.530001640319824,3.2700653076171875,-0.052825927734375,-2.007568359375
1784805823136376576,11.539921522140503,3.420806884765625,-0.1163330078125,-1.71661376953125
1784805823146295808,11.549840688705444,3.5962066650390625,-0.3711700439453125,-1.352294921875
1784805823156215552,11.559760570526123,3.8508453369140625,-0.8167724609375,-0.9354400634765625
1784805823166135552,11.569680452346802,3.91082763671875,-1.1395416259765625,-0.4835662841796875
1784805823176054784,11.579599618911743,3.833648681640625,-1.2625732421875,-0.2100830078125
1784805823185974528,11.589519500732422,3.77947998046875,-1.0843353271484375,-0.10833740234375
1784805823195893760,11.599438667297363,3.807525634765625,-0.764404296875,0.0039215087890625
1784805823205813760,11.609358549118042,3.93231201171875,-0.602630615234375,0.2258453369140625
1784805823215732480,11.619277477264404,4.03662109375,-0.5657958984375,0.5196075439453125
1784805823225652736,11.629197597503662,4.066619873046875,-0.4227294921875,0.9428558349609375
1784805823235571712,11.639116525650024,4.0583953857421875,-0.2591552734375,0.91680908203125
1784805823245491712,11.649036645889282,3.9479217529296875,-0.1128387451171875,0.896484375
1784805823255410688,11.658955574035645,3.7574310302734375,0.0098114013671875,1.074371337890625
1784805823265330432,11.668875455856323,3.5057830810546875,0.0350189208984375,1.136383056640625
1784805823275249664,11.678794622421265,3.21209716796875,0.069610595703125,1.081634521484375
1784805823285168640,11.688713550567627,2.9597015380859375,0.101898193359375,1.072601318359375
1784805823295088896,11.698633670806885,2.836395263671875,0.0096588134765625,1.0333099365234375
1784805823305007616,11.708552598953247,2.9131622314453125,-0.10491943359375,1.000152587890625
1784805823314927616,11.718472480773926,3.092742919921875,-0.26287841796875,1.1679229736328125
1784805823324847616,11.728392601013184,3.3126220703125,-0.331451416015625,1.270233154296875
1784805823334766592,11.738311529159546,3.4295654296875,0.0082550048828125,1.360626220703125
1784805823344685568,11.748230457305908,3.4272613525390625,0.337646484375,1.083984375
1784805823354605568,11.758150577545166,3.2745513916015625,0.807403564453125,0.911651611328125
1784805823364525568,11.768070459365845,3.1412811279296875,1.733184814453125,0.91168212890625
1784805823374444800,11.777989625930786,2.92852783203125,2.863037109375,0.9137420654296875
1784805823384364544,11.787909507751465,2.25933837890625,3.8188629150390625,0.73980712890625
1784805823394283776,11.797828674316406,1.23681640625,4.8532562255859375,0.955535888671875
1784805823404203776,11.807748556137085,4.192840576171875,7.0552978515625,0.1731414794921875
1784805823414122496,11.817667484283447,0.6911163330078125,4.9543914794921875,2.1902008056640625
1784805823424041728,11.827586650848389,0.14996337890625,4.2899322509765625,1.0894775390625
1784805823433961728,11.837506532669067,0.148712158203125,4.5718841552734375,0.017333984375
1784805823443880448,11.84742546081543,0.48431396484375,2.814971923828125,-0.370513916015625
1784805823453800704,11.857345581054688,0.7317047119140625,1.475067138671875,-0.1236419677734375
1784805823463720448,11.867265462875366,0.516937255859375,0.8787078857421875,0.345550537109375
1784805823473639680,11.877184629440308,1.237152099609375,1.4370574951171875,-0.032012939453125
1784805823483558656,11.88710355758667,2.1004486083984375,1.5147247314453125,-0.690185546875
1784805823493478656,11.897023677825928,1.0504913330078125,1.877227783203125,-0.6327667236328125
1784805823503397632,11.90694260597229,0.718719482421875,1.865570068359375,-0.8745269775390625
1784805823513317632,11.916862487792969,1.0314483642578125,1.8169708251953125,-0.849639892578125
1784805823523236864,11.92678165435791,0.9701995849609375,1.5451507568359375,-0.56494140625
1784805823533157120,11.936702013015747,0.763885498046875,1.2314453125,-0.0916595458984375
1784805823543076352,11.946621179580688,0.6259613037109375,0.8612213134765625,-0.1753387451171875
1784805823552996096,11.956541061401367,0.665283203125,0.5273590087890625,-0.500244140625
1784805823562915072,11.96645998954773,0.41229248046875,0.359527587890625,-0.7135009765625
1784805823572835328,11.976380109786987,0.4436492919921875,0.350372314453125,-0.9197998046875
1784805823582754048,11.98629903793335,0.5496978759765625,0.3898773193359375,-1.2356109619140625
1784805823592674304,11.996219158172607,0.255767822265625,0.4672088623046875,-1.31085205078125
1784805823602593280,12.00613808631897,0.5013427734375,0.5192413330078125,-1.337982177734375
1784805823612513024,12.016057968139648,0.66998291015625,0.5497589111328125,-1.2151947021484375
1784805823622432256,12.02597713470459,0.6206207275390625,0.334442138671875,-1.1504364013671875
1784805823632352000,12.035897016525269,0.4694671630859375,0.04351806640625,-1.005462646484375
1784805823642271232,12.04581618309021,0.31787109375,-0.119964599609375,-0.9212493896484375
1784805823652191232,12.055736064910889,0.3040008544921875,-0.0568695068359375,-0.869049072265625
1784805823662110208,12.065654993057251,0.3364715576171875,0.0301513671875,-0.85589599609375
1784805823672030208,12.075575113296509,0.3991546630859375,-0.0062255859375,-0.5685577392578125
1784805823681949184,12.085494041442871,0.450897216796875,-0.1260528564453125,-0.454345703125
1784805823691869184,12.095414161682129,0.5171356201171875,-0.047637939453125,-0.2641143798828125
1784805823701788160,12.105333089828491,0.464813232421875,0.11669921875,-0.22802734375
1784805823711708160,12.11525297164917,0.20672607421875,0.3144378662109375,0.11932373046875
1784805823721627136,12.125172138214111,0.0587921142578125,0.3404693603515625,0.5222320556640625
1784805823731547136,12.13509202003479,0.0587615966796875,0.25018310546875,0.51641845703125
1784805823741466368,12.145011186599731,0.1492767333984375,0.1803131103515625,0.46685791015625
1784805823751386112,12.15493106842041,0.3229217529296875,-0.1895599365234375,0.3150177001953125
1784805823761305088,12.164849996566772,0.4667816162109375,-0.5402679443359375,0.047454833984375
1784805823771225088,12.17477011680603,0.6606597900390625,-0.33099365234375,-0.0262908935546875
1784805823781144064,12.184689044952393,0.782684326171875,0.3909912109375,-0.4316558837890625
1784805823791064320,12.19460916519165,0.786529541015625,1.3622894287109375,-0.872314453125
1784805823800983296,12.204528093338013,0.694122314453125,1.873809814453125,-1.2857818603515625
1784805823810903040,12.214447975158691,0.884552001953125,2.0013427734375,-1.5192108154296875
1784805823820822272,12.224367141723633,0.88140869140625,1.876220703125,-1.7431488037109375
1784805823830742016,12.234287023544312,1.1083221435546875,1.09912109375,-1.853302001953125
1784805823840660992,12.244205951690674,1.27325439453125,0.436859130859375,-1.5943450927734375
1784805823850581248,12.254126071929932,1.54058837890625,0.0294952392578125,-1.2894134521484375
1784805823860500224,12.264045000076294,1.6207733154296875,0.1214752197265625,-1.1168212890625
1784805823870420224,12.273965120315552,1.54339599609375,0.2299041748046875,-1.064697265625
1784805823880339200,12.283884048461914,1.4426727294921875,0.244873046875,-0.8710174560546875
1784805823890259200,12.293804168701172,1.26171875,-0.1201934814453125,-0.760345458984375
1784805823900178176,12.303723096847534,1.2633056640625,-0.52874755859375,-0.4245758056640625
1784805823910098176,12.313642978668213,1.3525238037109375,-0.93109130859375,-0.2199554443359375
1784805823920017152,12.323562145233154,1.48602294921875,-1.060150146484375,-0.0008392333984375
1784805823929937152,12.333482027053833,1.65948486328125,-0.9330291748046875,0.140472412109375
1784805823939856128,12.343400955200195,1.644012451171875,-0.84716796875,0.4119110107421875
1784805823949776128,12.353321075439453,1.5816192626953125,-0.68609619140625,0.5428314208984375
1784805823959695104,12.363240003585815,1.710906982421875,-0.7324981689453125,0.339508056640625
1784805823969615104,12.373160123825073,1.7063751220703125,-1.1941070556640625,0.2191314697265625
1784805823979534080,12.383079051971436,1.5522308349609375,-1.62921142578125,0.03326416015625
1784805823989454336,12.392999172210693,1.6206817626953125,-1.854949951171875,-0.1700286865234375
1784805823999373312,12.402918100357056,1.9417266845703125,-1.9967041015625,-0.638885498046875
1784805824009293056,12.412837982177734,2.045684814453125,-2.0943450927734375,-0.846466064453125
1784805824019212288,12.422757148742676,2.2415771484375,-2.1193695068359375,-1.2020111083984375
1784805824029132032,12.432677030563354,2.2311859130859375,-2.1526641845703125,-1.4008636474609375
1784805824039051008,12.442595958709717,2.27557373046875,-2.0454254150390625,-1.404541015625
1784805824048971264,12.452516078948975,2.3300628662109375,-2.064300537109375,-1.439208984375
1784805824058889984,12.462435007095337,2.2149200439453125,-2.0516357421875,-1.2184906005859375
1784805824068810240,12.472355127334595,2.0207366943359375,-1.7999267578125,-1.3147735595703125
1784805824078729216,12.482274055480957,2.00189208984375,-1.4801788330078125,-1.33758544921875
1784805824088649216,12.492194175720215,2.2263336181640625,-0.7488861083984375,-1.0594635009765625
1784805824098568192,12.502113103866577,2.02484130859375,-0.148406982421875,-0.5683441162109375
1784805824108488192,12.512032985687256,1.555572509765625,0.1520233154296875,-0.0917205810546875
1784805824118407168,12.521952152252197,0.9765777587890625,0.082275390625,0.262115478515625
1784805824128327168,12.531872034072876,0.6707763671875,-0.0010986328125,0.30609130859375
1784805824138246144,12.541790962219238,1.1625823974609375,0.4844970703125,0.474578857421875
1784805824148166144,12.551711082458496,1.4405364990234375,1.0334014892578125,0.1009521484375
1784805824158085120,12.561630010604858,1.623321533203125,0.8302154541015625,-0.164215087890625
1784805824168005120,12.571550130844116,2.149871826171875,0.5428924560546875,-0.2057647705078125
1784805824177924096,12.581469058990479,2.648834228515625,0.2880401611328125,-0.515472412109375
1784805824187844352,12.591389179229736,2.9103546142578125,0.6256866455078125,-0.8958587646484375
1784805824197763328,12.601308107376099,2.6061248779296875,0.159515380859375,-0.9171295166015625
1784805824207683072,12.611227989196777,3.725311279296875,0.2812347412109375,-0.2953948974609375
1784805824217602304,12.621147155761719,2.7667694091796875,-0.1707000732421875,-0.1610260009765625
1784805824227522048,12.631067037582397,2.3003082275390625,-0.19891357421875,-0.1339111328125
1784805824237441024,12.64098596572876,2.97698974609375,0.02581787109375,-0.81494140625
1784805824247361280,12.650906085968018,3.4013214111328125,-0.3328704833984375,-1.111846923828125
1784805824257280000,12.66082501411438,3.7054290771484375,-1.169158935546875,-1.146514892578125
1784805824267200256,12.670745134353638,2.592041015625,-0.852386474609375,-1.4202880859375
1784805824277119232,12.6806640625,1.9888763427734375,-0.2243194580078125,-1.1859588623046875
1784805824287039232,12.690584182739258,2.3008880615234375,-0.0661773681640625,-0.9622955322265625
1784805824296958208,12.70050311088562,2.5684661865234375,-0.0265045166015625,-0.9416656494140625
1784805824306878208,12.710422992706299,2.2983245849609375,0.0116119384765625,-1.57958984375
1784805824316797184,12.72034215927124,2.21380615234375,0.1119232177734375,-1.1505279541015625
1784805824326716160,12.730261087417603,2.081329345703125,0.8841705322265625,-1.751495361328125
1784805824336636160,12.740180969238281,1.24853515625,1.4128570556640625,-1.651580810546875
1784805824346555136,12.750100135803223,1.6558990478515625,1.957305908203125,-1.984619140625
1784805824356475136,12.760020017623901,3.111907958984375,2.2976531982421875,-1.426300048828125
1784805824366394368,12.769939184188843,2.7792510986328125,0.750213623046875,-2.0892181396484375
1784805824376314112,12.779859066009521,2.254241943359375,0.9470977783203125,-2.213348388671875
1784805824386233088,12.789777994155884,2.0832672119140625,1.26507568359375,-2.4115447998046875
1784805824396153088,12.799698114395142,2.749114990234375,0.930145263671875,-1.9060516357421875
1784805824406072064,12.809617042541504,3.16741943359375,0.469482421875,-2.0560302734375
1784805824415992320,12.819537162780762,3.53216552734375,0.27716064453125,-1.9877777099609375
1784805824425911296,12.829456090927124,3.57305908203125,-0.0633697509765625,-1.7950897216796875
1784805824435831040,12.839375972747803,3.3358917236328125,-0.30242919921875,-1.635528564453125
1784805824445750272,12.849295139312744,3.3115692138671875,-0.328125,-1.519989013671875
1784805824455670016,12.859215021133423,3.454193115234375,-0.329254150390625,-1.4473114013671875
1784805824465589248,12.869134187698364,3.78509521484375,-0.380523681640625,-1.268646240234375
1784805824475509248,12.879054069519043,4.068572998046875,-0.491241455078125,-1.1714019775390625
1784805824485427968,12.888972997665405,4.060882568359375,-0.649139404296875,-1.0338287353515625
1784805824495348224,12.898893117904663,4.1381072998046875,-0.790252685546875,-0.7740325927734375
1784805824505267200,12.908812046051025,4.4262237548828125,-0.9767608642578125,-0.443115234375
1784805824515187200,12.918732166290283,4.67327880859375,-0.900665283203125,0.1068267822265625
1784805824525106176,12.928651094436646,4.68621826171875,-0.663360595703125,0.8291168212890625
1784805824535026944,12.93857192993164,4.4535980224609375,-0.433868408203125,1.2500152587890625
1784805824544945920,12.948490858078003,4.0599822998046875,-0.1139678955078125,1.21630859375
1784805824554865920,12.958410739898682,3.8044891357421875,0.0288238525390625,1.106658935546875
1784805824564784896,12.968329906463623,3.7133026123046875,0.028045654296875,1.154083251953125
1784805824574704896,12.978249788284302,3.6204071044921875,-0.15972900390625,1.269317626953125
1784805824584623872,12.988168716430664,3.491851806640625,-0.354583740234375,1.33172607421875
1784805824594543872,12.998088836669922,3.3735198974609375,-0.44775390625,1.359405517578125
1784805824604462848,13.008007764816284,3.399627685546875,-0.6319580078125,1.3469085693359375
1784805824614383104,13.017927885055542,3.610748291015625,-0.815673828125,1.3076629638671875
1784805824624301824,13.027846813201904,3.837310791015625,-0.8655548095703125,1.228729248046875
1784805824634222080,13.037766933441162,3.895904541015625,-0.629180908203125,1.263427734375
1784805824644141056,13.047685861587524,3.9420318603515625,0.011871337890625,1.1621246337890625
1784805824654060800,13.057605743408203,4.0098876953125,1.056915283203125,1.1753692626953125
1784805824663980032,13.067524909973145,3.81439208984375,2.2787322998046875,1.1465301513671875
1784805824673899776,13.077444791793823,3.265655517578125,3.0865020751953125,0.4785308837890625
1784805824683818752,13.087363719940186,3.4449462890625,4.3214874267578125,0.0170440673828125
1784805824693739008,13.097283840179443,5.382904052734375,9.2401123046875,1.269805908203125
1784805824703657984,13.107202768325806,1.275634765625,5.8639678955078125,0.5023193359375
1784805824713577984,13.117122888565063,0.695892333984375,5.948028564453125,-0.604156494140625
1784805824723496960,13.127041816711426,-0.5332794189453125,3.2321624755859375,-0.301422119140625
1784805824733415936,13.136960744857788,-0.478271484375,1.7707366943359375,0.8372955322265625
1784805824743335936,13.146880865097046,0.484039306640625,1.4999847412109375,1.0641326904296875
1784805824753254912,13.156799793243408,1.374786376953125,1.5826568603515625,0.3230743408203125
1784805824763174912,13.166719913482666,1.3526763916015625,2.232330322265625,-0.2243499755859375
1784805824773093888,13.176638841629028,2.08074951171875,2.3461761474609375,-1.5213470458984375
1784805824783013888,13.186558723449707,1.6649627685546875,2.2030487060546875,-1.430206298828125
1784805824792932864,13.196477890014648,0.9305877685546875,2.2218017578125,-0.9303436279296875
1784805824802852864,13.206397771835327,0.99871826171875,1.9390869140625,-0.59356689453125
1784805824812772096,13.216316938400269,0.7014312744140625,1.6707305908203125,-0.5540618896484375
1784805824822691840,13.226236820220947,0.374481201171875,1.233673095703125,-0.533355712890625
1784805824832610816,13.23615574836731,0.2263641357421875,1.177215576171875,-0.088348388671875
1784805824842531072,13.246075868606567,0.3680267333984375,0.7765045166015625,-0.2696075439453125
1784805824852449792,13.25599479675293,0.3409881591796875,0.7806854248046875,-0.22705078125
1784805824862370048,13.265914916992188,0.3162689208984375,0.52618408203125,-0.5580596923828125
1784805824872289024,13.27583384513855,0.4801483154296875,0.4737091064453125,-0.71380615234375
1784805824882208768,13.285753726959229,0.5990753173828125,0.722381591796875,-0.11358642578125
1784805824892128000,13.29567289352417,0.790496826171875,0.5884246826171875,-0.090728759765625
1784805824902048000,13.305592775344849,0.9497528076171875,0.02545166015625,-0.4493255615234375
1784805824911966720,13.315511703491211,0.66455078125,-0.5572509765625,-0.5889892578125
1784805824921886976,13.325431823730469,0.3153839111328125,-1.0935821533203125,-0.3586273193359375
1784805824931805952,13.335350751876831,0.1316070556640625,-1.3990325927734375,-0.0489349365234375
1784805824941725952,13.345270872116089,-0.011260986328125,-1.451324462890625,0.2083740234375
1784805824951644928,13.355189800262451,0.02789306640625,-1.1852264404296875,0.1911773681640625
1784805824961564928,13.365109920501709,0.3678436279296875,-0.5670928955078125,0.3607940673828125
1784805824971483904,13.375028848648071,0.5138397216796875,-0.0165252685546875,0.2789306640625
1784805824981403904,13.38494873046875,0.5688323974609375,0.336761474609375,0.028717041015625
1784805824991322880,13.394867897033691,0.8457183837890625,0.641021728515625,-0.5018768310546875
1784805825001242880,13.40478777885437,1.2062835693359375,0.804840087890625,-0.953033447265625
1784805825011161856,13.414706707000732,1.1889190673828125,0.7672119140625,-1.063568115234375
1784805825021081856,13.42462682723999,1.1141815185546875,0.6686553955078125,-1.1123199462890625
1784805825031000832,13.434545755386353,0.9614410400390625,0.3575897216796875,-1.1639556884765625
1784805825040920064,13.444464921951294,0.692840576171875,0.52130126953125,-0.9390716552734375
1784805825050839808,13.454384803771973,0.6802825927734375,0.7628936767578125,-1.23895263671875
1784805825060758784,13.464303731918335,0.7511444091796875,1.1425018310546875,-1.1211090087890625
1784805825070679040,13.474223852157593,0.9087677001953125,0.9981231689453125,-1.0821380615234375
1784805825080597760,13.484142780303955,1.030120849609375,0.50628662109375,-0.9499664306640625
1784805825090518016,13.494062900543213,1.090240478515625,-0.063995361328125,-0.6111297607421875
1784805825100436992,13.503981828689575,1.12689208984375,-0.5448150634765625,-0.4175872802734375
1784805825110356736,13.513901710510254,1.224334716796875,-0.69683837890625,-0.0941619873046875
1784805825120275968,13.523820877075195,1.38836669921875,-0.6835174560546875,-0.080047607421875
1784805825130195968,13.533740758895874,1.5910491943359375,-0.6857757568359375,-0.1773681640625
1784805825140114944,13.543659925460815,1.8585052490234375,-0.6787872314453125,-0.2793731689453125
1784805825150034944,13.553579807281494,1.893341064453125,-0.6034698486328125,-0.3524169921875
1784805825159953920,13.563498735427856,1.9813079833984375,-0.673858642578125,-0.16485595703125
1784805825169873920,13.573418855667114,2.0531463623046875,-0.938873291015625,0.1163787841796875
1784805825179792896,13.583337783813477,2.103973388671875,-1.303802490234375,0.194061279296875
1784805825189712896,13.593257904052734,1.9544677734375,-1.5987548828125,0.16546630859375
1784805825199631872,13.603176832199097,1.9459686279296875,-1.9285125732421875,-0.063629150390625
1784805825209551872,13.613096714019775,2.0569610595703125,-2.0173492431640625,-0.4949798583984375
1784805825219471104,13.623015880584717,2.077117919921875,-1.9346923828125,-0.6857147216796875
1784805825229390848,13.632935762405396,2.363433837890625,-2.0185089111328125,-0.90771484375
1784805825239310080,13.642854928970337,2.6116180419921875,-2.25482177734375,-0.8604736328125
1784805825249229824,13.652774810791016,2.6288909912109375,-2.325653076171875,-1.0041046142578125
1784805825259148800,13.662693738937378,2.5780181884765625,-2.0126495361328125,-1.058746337890625
1784805825269069056,13.672613859176636,2.198394775390625,-1.6804351806640625,-1.1855926513671875
1784805825278987776,13.682532787322998,1.64617919921875,-1.530487060546875,-1.301239013671875
1784805825288908032,13.692452907562256,1.3197021484375,-1.0932769775390625,-0.842864990234375
1784805825298827008,13.702371835708618,0.934661865234375,-1.249420166015625,-0.877410888671875
1784805825308745984,13.71229076385498,1.38812255859375,-1.2673797607421875,-0.3869781494140625
1784805825318665984,13.722210884094238,1.09124755859375,-0.607330322265625,-0.004547119140625
1784805825328584960,13.7321298122406,0.5480499267578125,0.074493408203125,0.260345458984375
1784805825338504960,13.742049932479858,0.5365447998046875,-0.0336761474609375,-0.045501708984375
1784805825348423936,13.75196886062622,0.4465179443359375,0.332733154296875,-0.2104949951171875
1784805825358343936,13.7618887424469,0.812896728515625,1.2254180908203125,-0.581451416015625
1784805825368262912,13.77180790901184,1.9903717041015625,1.28741455078125,-1.210174560546875
1784805825378182912,13.78172779083252,3.2722320556640625,0.8795928955078125,-0.969879150390625
1784805825388101888,13.791646718978882,3.4007415771484375,0.280364990234375,-0.5681304931640625
1784805825398021888,13.80156683921814,2.8877410888671875,0.1424407958984375,-0.5847015380859375
1784805825407940864,13.811485767364502,2.10394287109375,-0.157196044921875,-0.2867279052734375
1784805825417860864,13.82140588760376,3.031768798828125,0.268310546875,-0.2275848388671875
1784805825427779840,13.831324815750122,2.68743896484375,-0.36029052734375,-0.8691253662109375
1784805825437700096,13.84124493598938,3.594940185546875,-1.10015869140625,-0.9582977294921875
1784805825447619072,13.851163864135742,3.6366119384765625,-1.4759368896484375,-0.418975830078125
1784805825457538816,13.861083745956421,2.6379547119140625,-1.3380889892578125,-0.9940185546875
1784805825467458048,13.871002912521362,3.0056304931640625,-0.3359832763671875,-0.8797607421875
1784805825477377792,13.880922794342041,3.09173583984375,-0.254058837890625,-0.600189208984375
1784805825487296768,13.890841722488403,2.5998382568359375,-1.186737060546875,-0.5576934814453125
1784805825497217024,13.900761842727661,2.9604034423828125,-1.50494384765625,0.287353515625
1784805825507135744,13.910680770874023,2.9633331298828125,-1.1288604736328125,-0.43133544921875
1784805825517056000,13.920600891113281,2.320281982421875,-0.82666015625,-1.39483642578125
1784805825526974976,13.930519819259644,1.7599639892578125,-0.3043365478515625,-0.8667449951171875
1784805825536892928,13.94043779373169,2.160125732421875,-0.200408935546875,-1.8398895263671875
1784805825546811904,13.950356721878052,2.424072265625,1.315216064453125,-2.2392730712890625
1784805825556730880,13.960275888442993,2.3953704833984375,1.57257080078125,-2.6460723876953125
1784805825566650880,13.970195770263672,2.9436187744140625,1.3043212890625,-2.4952545166015625
1784805825576570112,13.980114936828613,2.9033050537109375,1.1351776123046875,-2.3103790283203125
1784805825586489856,13.990034818649292,1.6379547119140625,0.9845428466796875,-1.89215087890625
1784805825596408832,13.999953746795654,2.052337646484375,1.7240142822265625,-1.351898193359375
1784805825606329088,14.009873867034912,2.3431549072265625,1.4977874755859375,-1.184814453125
1784805825616247808,14.019792795181274,2.7724151611328125,0.51959228515625,-1.7310791015625
1784805825626168064,14.029712915420532,3.127685546875,-0.29119873046875,-2.2377166748046875
1784805825636087040,14.039631843566895,2.81658935546875,0.166717529296875,-2.4644012451171875
1784805825646006784,14.049551725387573,2.6112823486328125,0.879364013671875,-2.6114654541015625
1784805825655926016,14.059470891952515,2.8994598388671875,0.6210479736328125,-2.5857391357421875
1784805825665845760,14.069390773773193,3.3264617919921875,0.02880859375,-2.268341064453125
1784805825675764736,14.079309701919556,3.7122955322265625,-0.4660797119140625,-2.0181732177734375
1784805825685684992,14.089229822158813,4.02484130859375,-0.8836212158203125,-1.774871826171875
1784805825695603968,14.099148750305176,4.2319793701171875,-1.1123199462890625,-1.3355712890625
1784805825705523968,14.109068870544434,4.38916015625,-1.038482666015625,-0.7010955810546875
1784805825715442944,14.118987798690796,4.4902496337890625,-0.7346954345703125,0.036712646484375
1784805825725362944,14.128907918930054,4.5271453857421875,-0.8445892333984375,0.5357818603515625
1784805825735281920,14.138826847076416,4.3870849609375,-1.11663818359375,0.8907012939453125
1784805825745201920,14.148746728897095,4.1029052734375,-1.2445068359375,1.30865478515625
1784805825755120896,14.158665895462036,3.9161224365234375,-1.4324188232421875,1.56719970703125
1784805825765039872,14.168584823608398,4.01312255859375,-1.3673553466796875,1.569122314453125
1784805825774959872,14.178504705429077,4.2783355712890625,-0.943389892578125,1.6586151123046875
1784805825784878848,14.188423871994019,4.3236236572265625,-0.4203643798828125,1.764129638671875
1784805825794798848,14.198343753814697,3.989288330078125,-0.128875732421875,1.7193603515625
1784805825804718080,14.208262920379639,3.6201019287109375,-0.1551361083984375,1.5313568115234375
1784805825814637824,14.218182802200317,3.6016693115234375,-0.394500732421875,1.3300933837890625
1784805825824556800,14.22810173034668,3.7847900390625,-0.6726837158203125,1.1409912109375
1784805825834477056,14.238021850585938,3.9658050537109375,-0.4654693603515625,1.1942138671875
1784805825844395776,14.2479407787323,3.95294189453125,0.4010162353515625,1.5146484375
1784805825854316032,14.257860898971558,3.749359130859375,1.16815185546875,1.44244384765625
1784805825864235008,14.26777982711792,3.3955230712890625,1.3779296875,1.2388153076171875
1784805825874154752,14.277699708938599,3.0467529296875,1.4181365966796875,1.1802520751953125
1784805825884073984,14.28761887550354,2.9131317138671875,1.5641021728515625,1.1596221923828125
1784805825893993728,14.297538757324219,2.8554840087890625,1.85638427734375,0.999420166015625
1784805825903912960,14.30745792388916,2.4738006591796875,2.5402984619140625,0.50677490234375
1784805825913832960,14.317377805709839,4.6557159423828125,4.702606201171875,0.1000823974609375
1784805825923751936,14.327296733856201,3.0943145751953125,7.343170166015625,2.8358917236328125
1784805825933671936,14.337216854095459,-0.7241363525390625,5.3907012939453125,-1.2772216796875
1784805825943590912,14.347135782241821,-0.395111083984375,6.0206298828125,0.0344390869140625
1784805825953509888,14.357054710388184,0.56640625,2.751312255859375,-0.8687286376953125
1784805825963429888,14.366974830627441,2.2100982666015625,0.9550933837890625,-0.0378570556640625
1784805825973348864,14.376893758773804,2.4944915771484375,0.4120635986328125,-0.0799407958984375
1784805825983268864,14.386813879013062,1.6902008056640625,1.14031982421875,-1.375885009765625
1784805825993187840,14.396732807159424,1.4652862548828125,2.514923095703125,-1.1911468505859375
1784805826003108096,14.406652927398682,1.3165435791015625,2.9898681640625,-1.173828125
1784805826013027072,14.416571855545044,-0.137725830078125,1.6584320068359375,-0.630645751953125
1784805826022946816,14.426491737365723,-0.255828857421875,0.6344146728515625,-0.4228668212890625
1784805826032866048,14.436410903930664,-0.1925811767578125,0.1698455810546875,-0.3867645263671875
1784805826042785792,14.446330785751343,0.6559295654296875,0.77581787109375,-0.4457244873046875
1784805826052704768,14.456249713897705,1.3589324951171875,1.218902587890625,-0.8419189453125
1784805826062625024,14.466169834136963,1.829742431640625,1.2294921875,-1.0832672119140625
1784805826072543744,14.476088762283325,1.193450927734375,1.461029052734375,-1.10479736328125
1784805826082464000,14.486008882522583,0.20880126953125,1.3950042724609375,-0.6352386474609375
1784805826092382976,14.495927810668945,0.2008056640625,0.7972259521484375,-0.8014678955078125
1784805826102302976,14.505847930908203,0.3809051513671875,0.451446533203125,-1.1365966796875
1784805826112221952,14.515766859054565,0.5566253662109375,0.4487457275390625,-0.8155670166015625
1784805826122141952,14.525686740875244,0.6434326171875,0.43218994140625,-0.86358642578125
1784805826132060928,14.535605907440186,0.7070159912109375,0.372772216796875,-0.9215087890625
1784805826141979904,14.545524835586548,0.336822509765625,0.2250823974609375,-0.84881591796875
1784805826151899904,14.555444717407227,0.1273651123046875,0.232452392578125,-0.6035308837890625
1784805826161818880,14.565363883972168,-0.0296783447265625,0.162506103515625,-0.7182769775390625
1784805826171738880,14.575283765792847,-0.080535888671875,0.25823974609375,-0.7649993896484375
1784805826181658112,14.585202932357788,0.0906982421875,0.3462066650390625,-0.73297119140625
1784805826191577856,14.595122814178467,0.402557373046875,0.401336669921875,-0.7345123291015625
1784805826201496832,14.605041742324829,0.62677001953125,0.3696136474609375,-0.741668701171875
1784805826211416832,14.614961862564087,0.754638671875,0.20062255859375,-0.7832489013671875
1784805826221335808,14.62488079071045,0.7342376708984375,-0.0290069580078125,-0.4983978271484375
1784805826231256064,14.634800910949707,0.6332550048828125,-0.3360748291015625,-0.3464202880859375
1784805826241175040,14.64471983909607,0.4962005615234375,-0.398468017578125,-0.1811981201171875
1784805826251094784,14.654639720916748,0.4396514892578125,-0.214324951171875,-0.0684814453125
1784805826261014016,14.66455888748169,0.455108642578125,-0.0137481689453125,0.0858001708984375
1784805826270933760,14.674478769302368,0.5290679931640625,0.1594390869140625,0.0213775634765625
1784805826280852992,14.68439793586731,0.6134796142578125,0.3769073486328125,-0.064544677734375
1784805826290772992,14.694317817687988,0.7044525146484375,0.40960693359375,-0.441192626953125
1784805826300691968,14.70423674583435,0.6328887939453125,0.4376068115234375,-0.7873077392578125
1784805826310610944,14.714155912399292,0.65325927734375,0.6858062744140625,-1.0057525634765625
1784805826320530944,14.72407579421997,0.7299041748046875,1.1222076416015625,-0.9451751708984375
1784805826330449920,14.733994722366333,0.853668212890625,1.3116455078125,-0.976776123046875
1784805826340369920,14.74391484260559,0.800933837890625,1.157989501953125,-0.9516754150390625
1784805826350288896,14.753833770751953,0.9052734375,0.7302703857421875,-0.972900390625
1784805826360208896,14.763753890991211,0.9624786376953125,0.32861328125,-1.0579376220703125
1784805826370127872,14.773672819137573,1.0921478271484375,0.197357177734375,-0.8603973388671875
1784805826380048128,14.783592939376831,1.20233154296875,0.3169708251953125,-0.7659759521484375
1784805826389966848,14.793511867523193,1.305572509765625,0.3657379150390625,-0.5763702392578125
1784805826399886848,14.803431749343872,1.44708251953125,0.2078857421875,-0.382965087890625
1784805826409806080,14.813350915908813,1.61798095703125,-0.0369415283203125,-0.2457427978515625
1784805826419725824,14.823270797729492,1.760040283203125,-0.4225616455078125,-0.158233642578125
1784805826429644800,14.833189725875854,1.724456787109375,-0.7867279052734375,-0.1212921142578125
1784805826439565056,14.843109846115112,1.5707244873046875,-1.0272979736328125,0.1274566650390625
1784805826449483776,14.853028774261475,1.447174072265625,-1.320068359375,0.2224273681640625
1784805826459404032,14.862948894500732,1.3399658203125,-1.4844818115234375,0.3336181640625
1784805826469323008,14.872867822647095,1.3572845458984375,-1.4290771484375,0.3579559326171875
1784805826479241728,14.882786750793457,1.5591583251953125,-1.2368621826171875,0.4934234619140625
1784805826489161984,14.892706871032715,2.0648040771484375,-1.3442535400390625,0.3660125732421875
1784805826499080960,14.902625799179077,2.307159423828125,-1.588775634765625,0.192901611328125
1784805826509000960,14.912545919418335,2.5585784912109375,-2.0763092041015625,0.007598876953125
1784805826518919936,14.922464847564697,2.7272796630859375,-2.2823486328125,-0.3784637451171875
1784805826528839936,14.932384729385376,2.675994873046875,-2.422210693359375,-0.94012451171875
1784805826538759424,14.942304372787476,2.69146728515625,-2.32421875,-1.1770477294921875
1784805826548679680,14.952224493026733,2.50970458984375,-2.25555419921875,-1.173919677734375
1784805826558598400,14.962143421173096,1.9557647705078125,-2.15924072265625,-1.31048583984375
1784805826568518656,14.972063541412354,2.0557098388671875,-1.5571746826171875,-1.1832275390625
1784805826578437632,14.981982469558716,2.4608917236328125,-1.50592041015625,-1.1764373779296875
1784805826588357376,14.991902351379395,2.511016845703125,-1.1535491943359375,-0.7336273193359375
1784805826598276608,15.001821517944336,1.791229248046875,-1.2819061279296875,-0.5444183349609375
1784805826608196608,15.011741399765015,0.6811981201171875,-1.0499420166015625,-0.760040283203125
1784805826618115328,15.021660327911377,0.295318603515625,-0.64447021484375,-0.2701263427734375
1784805826628035584,15.031580448150635,-0.0798492431640625,0.0642852783203125,0.0352630615234375
1784805826637954560,15.041499376296997,1.0263214111328125,0.4303131103515625,-0.176361083984375
1784805826647874560,15.051419496536255,0.8487701416015625,1.0486907958984375,-0.2636260986328125
1784805826657793536,15.061338424682617,1.6258697509765625,1.031951904296875,-0.136871337890625
1784805826667712512,15.07125735282898,1.626068115234375,0.4407958984375,-0.5789642333984375
1784805826677632512,15.081177473068237,1.8285980224609375,0.8367767333984375,-0.23321533203125
1784805826687551488,15.0910964012146,1.904144287109375,0.8501129150390625,-0.3909454345703125
1784805826697471744,15.101016521453857,3.1572418212890625,-0.0459136962890625,-0.905609130859375
1784805826707390464,15.11093544960022,3.494903564453125,0.1233367919921875,-1.3280487060546875
1784805826717310464,15.120855331420898,2.8722686767578125,-0.3801116943359375,-1.079437255859375
1784805826727229696,15.13077449798584,3.1683502197265625,-0.6729278564453125,-0.3796539306640625
1784805826737149440,15.140694379806519,4.267364501953125,-0.921234130859375,-0.322479248046875
1784805826747068672,15.15061354637146,2.7856292724609375,-0.724884033203125,-1.2893218994140625
1784805826756988416,15.160533428192139,2.3387298583984375,-0.37054443359375,-0.6328887939453125
1784805826766907392,15.170452356338501,3.1454925537109375,-0.143646240234375,-0.478607177734375
1784805826776827648,15.180372476577759,2.203948974609375,-0.579620361328125,-0.870819091796875
1784805826786746624,15.190291404724121,1.896270751953125,-0.8444976806640625,-0.440399169921875
1784805826796666624,15.200211524963379,2.2548370361328125,-1.2657012939453125,0.5714874267578125
1784805826806585600,15.210130453109741,2.5580902099609375,-1.1861572265625,-0.0108184814453125
1784805826816505344,15.22005033493042,2.5427703857421875,-0.7156829833984375,-0.43341064453125
1784805826826424576,15.229969501495361,2.616973876953125,-0.5974884033203125,-0.58367919921875
1784805826836344576,15.23988938331604,2.0359344482421875,-0.781463623046875,-1.4354248046875
1784805826846263552,15.249808549880981,1.78253173828125,-0.0829010009765625,-1.94903564453125
1784805826856183552,15.25972843170166,2.198394775390625,0.4912261962890625,-2.4770050048828125
1784805826866102528,15.269647359848022,2.743621826171875,1.342864990234375,-2.279571533203125
1784805826876021504,15.279566526412964,2.833160400390625,1.702728271484375,-2.703826904296875
1784805826885941504,15.289486408233643,2.7234649658203125,0.9788665771484375,-2.855010986328125
1784805826895860480,15.299405336380005,2.08306884765625,0.8757171630859375,-2.55548095703125
1784805826905780480,15.309325456619263,2.019683837890625,1.0059661865234375,-2.3827362060546875
1784805826915699456,15.319244384765625,2.4461822509765625,1.0589599609375,-2.003387451171875
1784805826925619712,15.329164505004883,2.670654296875,0.3524627685546875,-2.2665557861328125
1784805826935538432,15.339083433151245,2.723480224609375,-0.379180908203125,-2.172119140625
1784805826945458688,15.349003553390503,2.6046295166015625,-0.5393218994140625,-2.2409515380859375
1784805826955377664,15.358922481536865,2.6396484375,-0.1579132080078125,-2.2139434814453125
1784805826965297408,15.368842363357544,2.99066162109375,-0.3139190673828125,-2.2308807373046875
1784805826975216640,15.378761529922485,3.3669586181640625,-0.7596893310546875,-1.976318359375
1784805826985136384,15.388681411743164,3.5904998779296875,-1.2684173583984375,-1.711273193359375
1784805826995055360,15.398600339889526,3.6048126220703125,-1.562469482421875,-1.4325714111328125
1784805827004975616,15.408520460128784,3.578582763671875,-1.513427734375,-0.998077392578125
1784805827014894592,15.418439388275146,3.7225494384765625,-1.376922607421875,-0.44464111328125
1784805827024814592,15.428359508514404,4.01324462890625,-1.453216552734375,-0.0274200439453125
1784805827034733568,15.438278436660767,4.2415771484375,-1.49273681640625,0.350372314453125
1784805827044653568,15.448198556900024,4.2314300537109375,-1.4771881103515625,0.7153167724609375
1784805827054572544,15.458117485046387,4.1398773193359375,-1.3627777099609375,1.002593994140625
1784805827064492544,15.468037366867065,4.1322174072265625,-0.9984588623046875,1.14813232421875
1784805827074411520,15.477956533432007,4.1667022705078125,-0.63018798828125,1.4591522216796875
1784805827084330496,15.48787546157837,4.0977630615234375,-0.425048828125,1.766265869140625
1784805827094250496,15.497795343399048,3.865631103515625,-0.42877197265625,1.9375762939453125
1784805827104169728,15.50771450996399,3.596099853515625,-0.471405029296875,1.98291015625
1784805827114089472,15.517634391784668,3.507476806640625,-0.3697967529296875,1.72943115234375
1784805827124008704,15.52755355834961,3.463470458984375,-0.0542144775390625,1.353790283203125
1784805827133928448,15.537473440170288,3.2983856201171875,0.4000396728515625,1.1340789794921875
1784805827143847424,15.54739236831665,3.0623779296875,0.7802276611328125,1.185577392578125
1784805827153767680,15.557312488555908,2.8193359375,0.6849365234375,1.2351226806640625
1784805827163686400,15.56723141670227,2.9152679443359375,0.229644775390625,1.2056884765625
1784805827173606656,15.577151536941528,3.2077789306640625,-0.0694122314453125,1.3471527099609375
1784805827183525632,15.58707046508789,3.312652587890625,0.2493438720703125,1.4599761962890625
1784805827193445376,15.59699034690857,3.080902099609375,1.1974029541015625,1.433563232421875
1784805827203364608,15.60690951347351,2.5897979736328125,1.952911376953125,1.228790283203125
1784805827213284608,15.61682939529419,1.9829254150390625,2.494232177734375,0.7674102783203125
1784805827223203584,15.62674856185913,5.070037841796875,4.46942138671875,-0.6584930419921875
1784805827233123584,15.63666844367981,2.7840728759765625,7.18817138671875,2.6638946533203125
1784805827243042560,15.646587371826172,0.7043609619140625,5.087860107421875,-0.3758544921875
1784805827252962560,15.65650749206543,0.7136383056640625,6.079864501953125,-0.919158935546875
1784805827262881536,15.666426420211792,0.682464599609375,2.7860870361328125,-1.1573333740234375
1784805827272801536,15.67634654045105,0.3666229248046875,1.371002197265625,-0.01116943359375
1784805827282720512,15.686265468597412,0.682830810546875,1.0000152587890625,-0.6075897216796875
1784805827292639488,15.696184396743774,1.04364013671875,1.40478515625,-0.27178955078125
1784805827302559488,15.706104516983032,1.5037689208984375,1.749420166015625,-1.3469085693359375
1784805827312478464,15.716023445129395,1.165740966796875,2.336151123046875,-0.8303680419921875
1784805827322398464,15.725943326950073,0.3677520751953125,1.714508056640625,-0.7565460205078125
1784805827332317696,15.735862493515015,0.4990692138671875,0.9438323974609375,-0.7100830078125
1784805827342237440,15.745782375335693,0.6201629638671875,0.38848876953125,-0.999420166015625
1784805827352156672,15.755701541900635,0.993865966796875,1.0807647705078125,-0.350677490234375
1784805827362076416,15.765621423721313,1.3130340576171875,1.311431884765625,-0.5660400390625
1784805827371995392,15.775540351867676,1.13311767578125,1.2366485595703125,-0.8363037109375
1784805827381915648,15.785460472106934,0.615936279296875,1.444580078125,-0.7897796630859375
1784805827391834624,15.795379400253296,0.57513427734375,1.4756622314453125,-0.871795654296875
1784805827401754624,15.805299520492554,0.55615234375,0.9686279296875,-0.8352203369140625
1784805827411673600,15.815218448638916,0.5072174072265625,0.583892822265625,-0.9210968017578125
1784805827421593344,15.825138330459595,0.4331207275390625,0.3732757568359375,-1.0051727294921875
1784805827431512576,15.835057497024536,0.671630859375,0.4871368408203125,-0.784423828125
1784805827441432576,15.844977378845215,0.3131561279296875,0.4048614501953125,-0.796295166015625
1784805827451351552,15.854896545410156,0.2042388916015625,0.3515167236328125,-0.8572845458984375
1784805827461271552,15.864816427230835,0.0485076904296875,0.29681396484375,-0.6089630126953125
1784805827471190528,15.874735355377197,-0.18194580078125,0.3150634765625,-0.629974365234375
1784805827481109504,15.884654521942139,0.1694183349609375,0.34405517578125,-0.8744964599609375
1784805827491029504,15.894574403762817,0.3086395263671875,0.444580078125,-0.8190765380859375
1784805827500948480,15.90449333190918,0.3985595703125,0.4195709228515625,-0.7900238037109375
1784805827510868480,15.914413452148438,0.6492156982421875,0.4095458984375,-0.63189697265625
1784805827520787456,15.9243323802948,0.5870513916015625,0.4537353515625,-0.4123687744140625
1784805827530708992,15.934253931045532,0.536346435546875,0.2614898681640625,-0.3426513671875
1784805827540627968,15.944172859191895,0.503570556640625,-0.0418243408203125,-0.26092529296875
1784805827550547712,15.954092741012573,0.30322265625,-0.26092529296875,-0.2369232177734375
1784805827560466944,15.964011907577515,0.2875213623046875,-0.357269287109375,0.092926025390625
1784805827570386944,15.973931789398193,0.3583526611328125,-0.333740234375,0.2678070068359375
1784805827580305920,15.983850717544556,0.485687255859375,-0.3193206787109375,0.215667724609375
1784805827590225920,15.993770837783813,0.5889892578125,-0.281036376953125,0.0192108154296875
1784805827600144896,16.003689765930176,0.625701904296875,-0.2058868408203125,-0.304840087890625
1784805827610064896,16.013609886169434,0.72979736328125,0.0417938232421875,-0.5323028564453125
1784805827619983872,16.023528814315796,0.7872161865234375,0.30389404296875,-0.8271026611328125
1784805827629904128,16.033448934555054,0.778594970703125,0.922088623046875,-0.9716949462890625
1784805827639822848,16.043367862701416,0.797210693359375,1.4175262451171875,-1.1029052734375
1784805827649742848,16.053287744522095,0.929290771484375,1.570343017578125,-1.199798583984375
1784805827659662080,16.063206911087036,0.9744415283203125,1.3169097900390625,-1.0989532470703125
1784805827669581824,16.073126792907715,0.8453369140625,0.766510009765625,-1.083770751953125
1784805827679500800,16.083045721054077,0.9117584228515625,0.364227294921875,-1.115325927734375
1784805827689421056,16.092965841293335,1.1310882568359375,0.27288818359375,-1.0420379638671875
1784805827699339776,16.102884769439697,1.4271087646484375,0.220458984375,-0.925750732421875
1784805827709259008,16.11280393600464,1.59136962890625,0.024078369140625,-0.7344818115234375
1784805827719179008,16.122723817825317,1.72113037109375,-0.2293243408203125,-0.4371795654296875
1784805827729097728,16.13264274597168,1.8191986083984375,-0.3466339111328125,-0.141693115234375
1784805827739017984,16.142562866210938,1.8253326416015625,-0.111846923828125,-0.021759033203125
1784805827748936960,16.1524817943573,1.7120513916015625,0.2397918701171875,-0.1044921875
1784805827758856960,16.162401914596558,1.6533660888671875,0.2080841064453125,-0.3565673828125
1784805827768775936,16.17232084274292,1.4689788818359375,-0.26580810546875,-0.4767303466796875
1784805827778695936,16.1822407245636,1.566802978515625,-0.661651611328125,-0.228668212890625
1784805827788614912,16.19215989112854,1.7344818115234375,-0.8827362060546875,0.0531005859375
1784805827798534912,16.20207977294922,1.8032684326171875,-1.149322509765625,0.4556121826171875
1784805827808454144,16.21199893951416,1.8095550537109375,-1.3697509765625,0.3462677001953125
1784805827818373888,16.22191882133484,1.8237762451171875,-1.3453216552734375,0.2772369384765625
1784805827828292864,16.2318377494812,1.9264984130859375,-1.7403106689453125,0.0213165283203125
1784805827838212864,16.24175786972046,1.8444976806640625,-2.4172210693359375,-0.3757781982421875
1784805827848131840,16.25167679786682,1.841461181640625,-2.7386474609375,-0.8017120361328125
1784805827858052096,16.26159691810608,2.1440887451171875,-2.6104888916015625,-1.157379150390625
1784805827867970816,16.27151584625244,2.5384521484375,-2.348175048828125,-1.3833160400390625
1784805827877890816,16.28143572807312,2.6751861572265625,-2.06561279296875,-1.5224456787109375
1784805827887810048,16.29135489463806,2.408782958984375,-1.8218841552734375,-1.3413238525390625
1784805827897729792,16.30127477645874,1.789398193359375,-1.7008056640625,-1.1577911376953125
1784805827907648768,16.311193704605103,1.5132598876953125,-1.514984130859375,-1.0667266845703125
1784805827917569024,16.32111382484436,1.592498779296875,-1.120849609375,-0.7891693115234375
1784805827927487744,16.331032752990723,1.3452911376953125,-0.66357421875,-0.7968597412109375
1784805827937406976,16.340951919555664,1.0960693359375,-0.2243804931640625,-0.5367279052734375
1784805827947326976,16.350871801376343,0.4929351806640625,0.0173797607421875,-0.0075225830078125
1784805827957245952,16.360790729522705,-0.028839111328125,-0.0819091796875,0.16729736328125
1784805827967165952,16.370710849761963,0.4255828857421875,0.30072021484375,0.57861328125
1784805827977084928,16.380629777908325,0.7977752685546875,1.1690521240234375,-0.0046234130859375
1784805827987004928,16.390549898147583,1.1849365234375,1.3335723876953125,0.0854644775390625
1784805827996923904,16.400468826293945,1.915496826171875,0.9514617919921875,-0.8299713134765625
1784805828006843904,16.410388708114624,2.99530029296875,0.9539794921875,-0.5614013671875
1784805828016762880,16.420307874679565,3.5517425537109375,0.24029541015625,-1.0350494384765625
1784805828026682880,16.430227756500244,3.3865966796875,0.5419158935546875,-1.0901336669921875
1784805828036602112,16.440146923065186,2.7583770751953125,0.9863739013671875,-1.2469024658203125
1784805828046521856,16.450066804885864,2.293365478515625,0.4405059814453125,-0.5694122314453125
1784805828056440832,16.459985733032227,2.9680633544921875,-0.3901519775390625,-0.7383880615234375
1784805828066360832,16.469905853271484,2.8526611328125,-1.099884033203125,-0.3032379150390625
1784805828076279808,16.479824781417847,3.39300537109375,-0.8768310546875,-0.04278564453125
1784805828086200064,16.489744901657104,3.3356170654296875,-0.278289794921875,-1.12078857421875
1784805828096119040,16.499663829803467,2.4983978271484375,-0.5684814453125,-1.1618194580078125
1784805828106038784,16.509583711624146,2.60369873046875,-0.8596649169921875,-1.5602569580078125
1784805828115958016,16.519502878189087,2.854217529296875,-0.6432952880859375,-0.9875335693359375
1784805828125877760,16.529422760009766,2.996307373046875,-0.5684356689453125,-1.154266357421875
1784805828135796992,16.539341926574707,2.6390228271484375,-0.4884796142578125,-0.2132720947265625
1784805828145716992,16.549261808395386,2.71978759765625,-0.5245513916015625,-0.8087921142578125
1784805828155635712,16.559180736541748,2.1151885986328125,0.2722625732421875,-0.8054046630859375
1784805828165555968,16.569100856781006,2.407379150390625,0.7480010986328125,-1.71875
1784805828175474944,16.579019784927368,2.0949554443359375,1.277374267578125,-1.8483428955078125
1784805828185393920,16.58893871307373,2.214202880859375,1.1806793212890625,-1.90447998046875
1784805828195313920,16.59885883331299,3.614288330078125,1.79248046875,-2.1091461181640625
1784805828205232896,16.60877776145935,3.3017578125,0.810760498046875,-2.3139801025390625
1784805828215152896,16.61869788169861,2.648773193359375,0.630340576171875,-2.1421661376953125
1784805828225071872,16.62861680984497,2.4407806396484375,1.3157196044921875,-1.873382568359375
1784805828234992128,16.63853693008423,2.773834228515625,1.08123779296875,-1.4964752197265625
1784805828244910848,16.64845585823059,3.5325164794921875,-0.205078125,-1.736175537109375
1784805828254830848,16.65837574005127,3.88690185546875,-0.890228271484375,-1.9022216796875
1784805828264750080,16.66829490661621,3.5775146484375,-0.948272705078125,-1.8046722412109375
1784805828274669824,16.67821478843689,3.3608856201171875,-0.9383087158203125,-1.677093505859375
1784805828284588800,16.688133716583252,3.5430450439453125,-1.2249908447265625,-1.408447265625
1784805828294509056,16.69805383682251,3.5408782958984375,-1.5827789306640625,-0.872406005859375
1784805828304427776,16.707972764968872,3.33917236328125,-1.819671630859375,-0.463409423828125
1784805828314348032,16.71789288520813,3.323974609375,-1.783203125,-0.159698486328125
1784805828324267008,16.727811813354492,3.3691253662109375,-1.5698089599609375,0.163848876953125
1784805828334187008,16.73773193359375,3.3183135986328125,-1.266357421875,0.4900360107421875
1784805828344105984,16.747650861740112,3.25518798828125,-1.0300140380859375,0.366485595703125
1784805828354025728,16.75757074356079,3.0329132080078125,-0.8854827880859375,0.763031005859375
1784805828363944960,16.767489910125732,2.836517333984375,-0.88653564453125,1.0937957763671875
1784805828373864960,16.77740979194641,2.84124755859375,-0.7701568603515625,1.1635894775390625
1784805828383783936,16.787328720092773,2.984222412109375,-0.54998779296875,1.2558441162109375
1784805828393703936,16.79724884033203,3.086029052734375,-0.347503662109375,1.29534912109375
1784805828403622912,16.807167768478394,3.0776214599609375,-0.181884765625,1.3403472900390625
1784805828413542912,16.81708788871765,2.8975372314453125,-0.164764404296875,1.3725738525390625
1784805828423461888,16.827006816864014,2.62615966796875,-0.2473297119140625,1.3595428466796875
1784805828433382144,16.83692693710327,2.4574127197265625,-0.2793426513671875,1.322479248046875
1784805828443300864,16.846845865249634,2.461700439453125,-0.17596435546875,1.4086456298828125
1784805828453220864,16.856765747070312,2.4638519287109375,0.0950927734375,1.477386474609375
1784805828463140096,16.866684913635254,2.4766387939453125,0.2989654541015625,1.410003662109375
1784805828473058816,16.876603841781616,2.6066436767578125,0.4170379638671875,1.4371490478515625
1784805828482978816,16.886523723602295,2.7840423583984375,0.32977294921875,1.699859619140625
1784805828492898048,16.896442890167236,2.845367431640625,-0.1654052734375,1.8173065185546875
1784805828502817792,16.906362771987915,2.9913177490234375,-0.708648681640625,1.766693115234375
1784805828512737024,16.916281938552856,3.3582305908203125,-0.6559295654296875,1.750335693359375
1784805828522657024,16.926201820373535,3.707763671875,0.278533935546875,1.6426239013671875
1784805828532575232,16.93612003326416,3.6832427978515625,1.3828887939453125,1.408477783203125
1784805828542495232,16.946040153503418,3.255523681640625,1.8169097900390625,0.87774658203125
1784805828552414208,16.95595908164978,4.301971435546875,2.733978271484375,-2.03070068359375
1784805828562334208,16.965879201889038,6.0914306640625,6.7844696044921875,-0.6914825439453125
1784805828572253184,16.9757981300354,0.8850250244140625,3.844879150390625,-3.161895751953125
1784805828582173184,16.98571801185608,1.6338653564453125,5.329010009765625,-1.1414947509765625
1784805828592092160,16.99563717842102,2.180267333984375,2.5922393798828125,0.227325439453125
1784805828602012160,17.0055570602417,1.54791259765625,0.577606201171875,1.2669525146484375
1784805828611931392,17.01547622680664,0.587677001953125,-0.5031890869140625,0.8975982666015625
1784805828621851136,17.02539610862732,0.721527099609375,-0.7328338623046875,-0.5106353759765625
1784805828631770112,17.03531503677368,1.484039306640625,-0.472900390625,-0.409515380859375
1784805828641690368,17.04523515701294,4.8583221435546875,-0.697113037109375,1.3527679443359375
1784805828651609088,17.0551540851593,-0.1912994384765625,-1.1066131591796875,-0.020751953125
1784805828661529344,17.06507420539856,-0.5894775390625,-1.259246826171875,0.97412109375
1784805828671448320,17.074993133544922,0.841064453125,-1.7577056884765625,0.6739501953125
1784805828681368064,17.0849130153656,2.0045318603515625,-1.945587158203125,0.5164031982421875
1784805828691287296,17.094832181930542,2.4403839111328125,-2.1831817626953125,0.4722900390625
1784805828701207040,17.10475206375122,2.1219024658203125,-2.1345672607421875,0.3846893310546875
1784805828711126272,17.114671230316162,2.2174835205078125,-1.959442138671875,0.560211181640625
1784805828721045248,17.124590158462524,2.423095703125,-2.1730804443359375,0.031097412109375
1784805828730965248,17.134510040283203,2.69708251953125,-2.27130126953125,0.0399627685546875
1784805828740884224,17.144429206848145,2.5364227294921875,-2.3905487060546875,0.2602996826171875
1784805828750804224,17.154349088668823,2.39794921875,-2.16290283203125,0.0398406982421875
1784805828760723200,17.164268016815186,2.3117828369140625,-2.04986572265625,0.322296142578125
1784805828770643200,17.174188137054443,2.44195556640625,-2.117156982421875,0.1311187744140625
1784805828780562176,17.184107065200806,2.2837982177734375,-2.1468658447265625,0.1884918212890625
1784805828790482176,17.194027185440063,1.9873504638671875,-2.16937255859375,0.233673095703125
1784805828800401152,17.203946113586426,1.8305206298828125,-2.4871673583984375,0.4068603515625
1784805828810321152,17.213865995407104,1.7415313720703125,-2.55914306640625,0.4903106689453125
1784805828820240384,17.223785161972046,1.5355987548828125,-2.5450439453125,0.2439117431640625
1784805828830160128,17.233705043792725,1.496551513671875,-2.299530029296875,0.2018890380859375
1784805828840079360,17.243624210357666,1.4333038330078125,-2.1661224365234375,-0.13873291015625
1784805828849999104,17.253544092178345,1.1903839111328125,-1.6266632080078125,-0.0449981689453125
1784805828859918080,17.263463020324707,0.9200897216796875,-0.894744873046875,-0.2301483154296875
1784805828869838336,17.273383140563965,1.1541595458984375,-0.624420166015625,-0.482940673828125
1784805828879757056,17.283302068710327,1.1728515625,-0.429901123046875,-0.2090911865234375
1784805828889677312,17.293222188949585,1.1431427001953125,-0.5038604736328125,0.27459716796875
1784805828899596288,17.303141117095947,1.2562713623046875,-0.6390380859375,0.4678955078125
1784805828909516032,17.313060998916626,1.4627227783203125,-0.4972076416015625,0.67620849609375
1784805828919435264,17.322980165481567,1.4866180419921875,-0.6641387939453125,0.6215362548828125
1784805828929355264,17.332900047302246,1.6618194580078125,-0.6671295166015625,0.4882354736328125
1784805828939274240,17.342819213867188,2.0263519287109375,-0.6410675048828125,0.5815277099609375
1784805828949194240,17.352739095687866,2.4463958740234375,-0.888519287109375,0.283477783203125
1784805828959113216,17.36265802383423,2.607696533203125,-1.050445556640625,0.2455902099609375
1784805828969033216,17.372578144073486,2.00030517578125,-1.1162261962890625,0.1938629150390625
1784805828978952192,17.38249707221985,1.8184051513671875,-1.001922607421875,0.2345123291015625
1784805828988871168,17.39241600036621,1.6598968505859375,-0.8806915283203125,0.15020751953125
1784805828998791168,17.40233612060547,1.7891082763671875,-0.729278564453125,0.45037841796875
1784805829008710144,17.41225504875183,2.474456787109375,-0.7815093994140625,0.360198974609375
1784805829018630144,17.42217516899109,1.993560791015625,-0.7665557861328125,-0.0544586181640625
1784805829028549120,17.43209409713745,1.3173980712890625,-0.6142578125,0.176788330078125
1784805829038469376,17.44201421737671,1.21441650390625,-0.2733306884765625,0.2701568603515625
1784805829048388352,17.45193314552307,1.0543212890625,-0.359375,0.1386871337890625
1784805829058308096,17.46185302734375,1.54193115234375,-0.411163330078125,0.983734130859375
1784805829068227328,17.47177219390869,1.4533843994140625,-0.81427001953125,0.6026153564453125
1784805829078147072,17.48169207572937,1.1360321044921875,-0.913848876953125,1.3519439697265625
1784805829088066048,17.491611003875732,0.70550537109375,-1.0172576904296875,0.922760009765625
1784805829097986304,17.50153112411499,0.7062225341796875,-0.781463623046875,0.9237213134765625
1784805829107905024,17.511450052261353,0.566375732421875,-0.688934326171875,0.7808990478515625
1784805829117825280,17.52137017250061,0.52105712890625,-0.5919342041015625,0.826568603515625
1784805829127744256,17.531289100646973,0.379638671875,-0.52911376953125,0.8245086669921875
1784805829137664256,17.54120922088623,0.2935333251953125,-0.3470001220703125,0.62939453125
1784805829147583232,17.551128149032593,0.36474609375,-0.09783935546875,0.6466217041015625
1784805829157503232,17.56104803085327,0.308349609375,-0.0874481201171875,0.3603363037109375
1784805829167422208,17.570967197418213,0.211090087890625,0.0153350830078125,0.303558349609375
1784805829177342208,17.58088707923889,0.048248291015625,0.09197998046875,0.1710662841796875
1784805829187261184,17.590806007385254,-0.0539398193359375,0.1891632080078125,0.0892486572265625
1784805829197181184,17.60072612762451,-0.3231201171875,0.395355224609375,0.09234619140625
1784805829207100160,17.610645055770874,-0.6155548095703125,0.5886383056640625,0.161895751953125
1784805829217020160,17.620565176010132,-0.7850189208984375,0.86383056640625,0.131439208984375
1784805829226939136,17.630484104156494,-0.8621826171875,1.1628875732421875,0.1724395751953125
1784805829236858112,17.640403032302856,-0.8186492919921875,1.1375579833984375,0.21551513671875
1784805829246778368,17.650323152542114,-0.7727813720703125,0.9345855712890625,0.4117889404296875
1784805829256697088,17.660242080688477,-0.886505126953125,0.6650543212890625,0.3961181640625
1784805829266617344,17.670162200927734,-1.1004638671875,0.5467987060546875,0.27935791015625
1784805829276536320,17.680081129074097,-1.26568603515625,0.466552734375,0.1134796142578125
1784805829286456064,17.690001010894775,-1.208770751953125,0.4747161865234375,-0.3510284423828125
1784805829296375296,17.699920177459717,-1.118621826171875,0.170013427734375,-0.66357421875
1784805829306295040,17.709840059280396,-1.173980712890625,-0.0229644775390625,-0.4727630615234375
1784805829316214272,17.719759225845337,-1.2671051025390625,-0.0398406982421875,-0.3618927001953125
1784805829326134272,17.729679107666016,-1.278076171875,0.3672027587890625,-0.1564483642578125
1784805829336053248,17.739598035812378,-1.1201629638671875,0.8285675048828125,0.0245208740234375
1784805829345973248,17.749518156051636,-0.9610595703125,1.015350341796875,0.1583251953125
1784805829355892224,17.759437084197998,-0.795989990234375,0.82489013671875,0.1549224853515625
1784805829365812224,17.769357204437256,-0.7012176513671875,0.235504150390625,0.0153961181640625
1784805829375731200,17.779276132583618,-0.7145233154296875,-0.2346343994140625,-0.0324249267578125
1784805829385651200,17.789196014404297,-0.740234375,-0.3405303955078125,0.0158233642578125
1784805829395570176,17.79911518096924,-0.7063140869140625,-0.146209716796875,0.014068603515625
1784805829405490176,17.809035062789917,-0.6905517578125,0.2790374755859375,-0.08380126953125
1784805829415409408,17.81895422935486,-0.56927490234375,0.649322509765625,-0.2088623046875
1784805829425329152,17.828874111175537,-0.4216461181640625,0.6123046875,-0.2870635986328125
1784805829435248128,17.8387930393219,-0.278594970703125,0.324462890625,-0.3641815185546875
1784805829445168384,17.848713159561157,-0.292510986328125,0.33062744140625,-0.437225341796875
1784805829455087104,17.85863208770752,-0.2055206298828125,0.2800445556640625,-0.590118408203125
1784805829465007360,17.868552207946777,0.1717987060546875,0.4516754150390625,-0.832305908203125
1784805829474926336,17.87847113609314,0.450408935546875,0.8309783935546875,-0.7955780029296875
1784805829484846080,17.88839101791382,0.5896148681640625,0.937408447265625,-0.713134765625
1784805829494765312,17.89831018447876,0.924163818359375,1.02154541015625,-0.5696258544921875
1784805829504685056,17.90823006629944,1.0491180419921875,0.9955291748046875,-0.4486083984375
1784805829514604032,17.9181489944458,1.0765838623046875,0.9231719970703125,-0.4961395263671875
1784805829524524288,17.92806911468506,0.96240234375,1.072906494140625,-0.36492919921875
1784805829534443264,17.93798804283142,0.985809326171875,1.0865020751953125,-0.4886016845703125
1784805829544361984,17.947906970977783,1.087249755859375,1.077178955078125,-0.274505615234375
1784805829554281984,17.957826852798462,1.42950439453125,1.11419677734375,-0.19708251953125
1784805829564201216,17.967746019363403,1.6433563232421875,1.418243408203125,-0.1654510498046875
1784805829574120960,17.977665901184082,1.88983154296875,1.8232574462890625,-0.2837982177734375
1784805829584039936,17.987584829330444,2.3003692626953125,2.2468719482421875,-0.6530609130859375
1784805829593959936,17.997504949569702,2.5119476318359375,2.527801513671875,-1.0229339599609375
1784805829603878912,18.007423877716064,2.50799560546875,2.317840576171875,-1.1759033203125
1784805829613799168,18.017343997955322,2.245574951171875,1.8004913330078125,-1.1562042236328125
1784805829623718144,18.027262926101685,2.0000762939453125,1.7151641845703125,-1.0939788818359375
1784805829633638144,18.037183046340942,1.8440704345703125,1.793121337890625,-1.1368560791015625
1784805829643557120,18.047101974487305,1.582122802734375,1.5170135498046875,-0.8917694091796875
1784805829653476864,18.057021856307983,1.3255615234375,0.9909820556640625,-0.6241607666015625
1784805829663396096,18.066941022872925,0.927520751953125,0.4796295166015625,-0.6477813720703125
1784805829673316096,18.076860904693604,0.45318603515625,0.462493896484375,-0.677703857421875
1784805829683234816,18.086779832839966,0.1112060546875,0.6780853271484375,-0.746307373046875
1784805829693155072,18.096699953079224,-0.0877685546875,1.0683135986328125,-0.8355560302734375
1784805829703074048,18.106618881225586,-0.0775299072265625,1.83502197265625,-0.88067626953125
1784805829712994048,18.116539001464844,-0.330810546875,2.238616943359375,-1.332183837890625
1784805829722913024,18.126457929611206,-0.8285369873046875,2.22320556640625,-1.6102142333984375
1784805829732833024,18.136378049850464,-1.0943145751953125,1.5764617919921875,-1.7083587646484375
1784805829742752000,18.146296977996826,-1.10821533203125,0.5243682861328125,-1.772430419921875
1784805829752672000,18.156216859817505,-1.2747344970703125,-0.2073211669921875,-1.7778167724609375
1784805829762591232,18.166136026382446,-1.3642120361328125,-0.538330078125,-1.7195892333984375
1784805829772510976,18.176055908203125,-1.111785888671875,-0.3313446044921875,-1.7353668212890625
1784805829782429952,18.185974836349487,-0.8638916015625,-0.0008087158203125,-2.01678466796875
1784805829792349952,18.195894956588745,-0.816192626953125,0.224517822265625,-1.89703369140625
1784805829802268928,18.205813884735107,-0.7684326171875,0.1094818115234375,-1.35894775390625
1784805829812188160,18.21573305130005,-0.8069305419921875,-0.0899200439453125,-1.042449951171875
1784805829822107904,18.225652933120728,-0.7775421142578125,-0.2183990478515625,-0.9644775390625
1784805829832026880,18.23557186126709,-0.6376190185546875,-0.190277099609375,-0.568084716796875
1784805829841947136,18.245491981506348,-0.581390380859375,-0.2413787841796875,-0.0702056884765625
1784805829851866112,18.25541090965271,-0.712677001953125,-0.548004150390625,0.3282928466796875
1784805829861786112,18.265331029891968,-0.5006866455078125,-0.6415252685546875,0.7111968994140625
1784805829871705088,18.27524995803833,-0.386688232421875,-0.191375732421875,0.81103515625
1784805829881624832,18.28516983985901,-0.319091796875,0.4702301025390625,0.65008544921875
1784805829891544064,18.29508900642395,-0.4105987548828125,0.9276580810546875,0.3315277099609375
1784805829901464064,18.30500888824463,-0.3401336669921875,1.325408935546875,0.243408203125
1784805829911383040,18.31492805480957,0.1292724609375,1.31890869140625,0.304718017578125
1784805829921303040,18.32484793663025,0.2435455322265625,1.1280364990234375,0.4813079833984375
1784805829931222016,18.33476686477661,0.198883056640625,0.9838714599609375,0.6292724609375
1784805829941142016,18.34468698501587,0.35382080078125,1.0014801025390625,0.2786712646484375
1784805829951060992,18.35460591316223,0.801605224609375,0.8566131591796875,0.0862274169921875
1784805829960981248,18.36452603340149,0.6651611328125,0.894012451171875,0.094146728515625
1784805829970899968,18.37444496154785,0.396820068359375,0.880279541015625,0.2630157470703125
1784805829980819968,18.38436484336853,0.195404052734375,1.1843719482421875,0.3575897216796875
1784805829990739200,18.39428400993347,0.165618896484375,1.277374267578125,0.7240753173828125
1784805830000658944,18.40420389175415,0.17694091796875,0.929962158203125,0.9077606201171875
1784805830010578176,18.414123058319092,0.20050048828125,0.652801513671875,0.9778900146484375
1784805830020497920,18.42404294013977,-0.039093017578125,0.912200927734375,0.7916412353515625
1784805830030416896,18.433961868286133,-0.7115631103515625,1.4387664794921875,0.7585906982421875
1784805830040337152,18.44388198852539,-1.1140899658203125,1.6824493408203125,0.5820770263671875
1784805830050256128,18.453800916671753,-0.967010498046875,1.44439697265625,0.776336669921875
1784805830060174848,18.463719844818115,-0.5898895263671875,1.704681396484375,1.4373016357421875
1784805830070095104,18.473639965057373,-0.1035308837890625,1.784423828125,1.86639404296875
1784805830080014080,18.483558893203735,-0.0505218505859375,1.4036712646484375,1.841796875
1784805830089934080,18.493479013442993,-0.4059295654296875,0.863006591796875,1.4737701416015625
1784805830099853056,18.503397941589355,-1.05303955078125,0.831268310546875,0.7591094970703125
1784805830109773056,18.513318061828613,-1.2905120849609375,0.8963165283203125,0.6381378173828125
1784805830119692032,18.523236989974976,-0.9761199951171875,1.1871337890625,0.66766357421875
1784805830129612032,18.533156871795654,-0.5695648193359375,1.603363037109375,0.9110565185546875
1784805830139531008,18.543076038360596,0.0152130126953125,1.3518218994140625,0.6671142578125
1784805830149451008,18.552995920181274,-0.349151611328125,1.2059326171875,0.3366851806640625
1784805830159369984,18.562914848327637,-0.2856292724609375,0.6569366455078125,0.4879608154296875
1784805830169289984,18.572834968566895,-1.2519378662109375,0.437835693359375,1.041107177734375
1784805830179208960,18.582753896713257,-0.6162261962890625,0.0558013916015625,0.22265625
1784805830189129216,18.592674016952515,-0.2337188720703125,1.0483551025390625,0.1361846923828125
1784805830199047936,18.602592945098877,-0.8186798095703125,1.427703857421875,0.82513427734375
1784805830208967936,18.612512826919556,-0.869537353515625,0.996307373046875,0.916015625
1784805830218887168,18.622431993484497,-0.0045166015625,0.503662109375,0.6580657958984375
1784805830228806912,18.632351875305176,-0.5229339599609375,0.641815185546875,0.7736358642578125
1784805830238726144,18.642271041870117,0.2086639404296875,1.20477294921875,0.366790771484375
1784805830248646144,18.652190923690796,0.729034423828125,0.3097686767578125,0.4719085693359375
1784805830258564864,18.662109851837158,0.0971221923828125,0.7757720947265625,0.974517822265625
1784805830268484096,18.6720290184021,0.4296417236328125,0.6053924560546875,0.3039398193359375
1784805830278404096,18.68194890022278,1.645477294921875,0.561279296875,0.6729278564453125
1784805830288322816,18.69186782836914,1.1630859375,0.5651702880859375,0.58953857421875
1784805830298243072,18.7017879486084,0.632080078125,0.9792022705078125,0.87261962890625
1784805830308162048,18.71170687675476,0.980926513671875,0.9121856689453125,1.011993408203125
1784805830318082048,18.72162699699402,0.4507598876953125,0.600799560546875,1.0970458984375
1784805830328001024,18.73154592514038,0.468475341796875,0.8033599853515625,1.4239501953125
1784805830337921024,18.74146604537964,0.0547943115234375,0.8770294189453125,1.0760650634765625
1784805830347840000,18.751384973526,-0.117431640625,0.6370849609375,0.94622802734375
1784805830357760000,18.76130485534668,0.4228363037109375,0.8346710205078125,0.8077392578125
1784805830367679232,18.77122402191162,0.567474365234375,0.481842041015625,0.7404937744140625
1784805830377598976,18.7811439037323,0.5182342529296875,0.3705291748046875,0.6245880126953125
1784805830387517952,18.791062831878662,0.3378448486328125,0.5927276611328125,0.8094024658203125
1784805830397437952,18.80098295211792,0.1852874755859375,0.6912841796875,0.788482666015625
1784805830407356928,18.810901880264282,0.111663818359375,0.946624755859375,0.843231201171875
1784805830417277184,18.82082200050354,0.0731201171875,0.8967132568359375,0.8956298828125
1784805830427195904,18.830740928649902,0.3150787353515625,1.0676116943359375,0.6377105712890625
1784805830437116160,18.84066104888916,0.41497802734375,1.0387420654296875,0.7340240478515625
1784805830447035136,18.850579977035522,0.146087646484375,0.8839569091796875,0.943084716796875
1784805830456954112,18.860498905181885,0.3273162841796875,0.796295166015625,0.8679656982421875
1784805830466874112,18.870419025421143,0.353118896484375,0.6480560302734375,0.5779876708984375
1784805830476793088,18.880337953567505,0.049102783203125,0.787841796875,0.5449066162109375
1784805830486712832,18.890257835388184,0.2490081787109375,1.126739501953125,0.51983642578125
1784805830496632064,18.900177001953125,0.273956298828125,1.286346435546875,0.427154541015625
1784805830506552064,18.910096883773804,0.4268798828125,1.2590484619140625,0.3963623046875
1784805830516471040,18.920016050338745,0.3854217529296875,0.976165771484375,0.3829498291015625
1784805830526391040,18.929935932159424,0.2792816162109375,0.770721435546875,0.399993896484375
1784805830536308736,18.93985366821289,0.126953125,0.8304901123046875,0.5185699462890625
1784805830546228736,18.94977355003357,0.1066436767578125,0.6971435546875,0.30645751953125
1784805830556147712,18.95969271659851,0.4088897705078125,0.7470855712890625,0.2969970703125
1784805830566067712,18.96961259841919,0.320526123046875,0.8515777587890625,0.2719879150390625
1784805830575986688,18.97953152656555,0.051055908203125,0.8464813232421875,0.2385406494140625
1784805830585906688,18.98945164680481,0.242462158203125,1.1797027587890625,0.3003692626953125
1784805830595825664,18.999370574951172,0.424468994140625,1.055572509765625,0.1738739013671875
1784805830605745920,19.00929069519043,0.01812744140625,1.19866943359375,0.4362335205078125
1784805830615664640,19.019209623336792,0.2974700927734375,0.9741058349609375,0.0895538330078125
1784805830625584640,19.02912950515747,0.2313232421875,1.1147613525390625,0.3322296142578125
1784805830635503872,19.039048671722412,0.222259521484375,0.9987030029296875,0.1143798828125
1784805830645423616,19.04896855354309,0.2746734619140625,1.1370849609375,0.208221435546875
1784805830655342848,19.058887720108032,0.52935791015625,1.010284423828125,0.0355377197265625
1784805830665262592,19.06880760192871,0.1299285888671875,0.896820068359375,0.17669677734375
1784805830675181568,19.078726530075073,0.060882568359375,0.9310150146484375,0.2076416015625
1784805830685100800,19.088645696640015,0.298553466796875,0.8452301025390625,0.01055908203125
1784805830695020800,19.098565578460693,0.153533935546875,0.8462982177734375,0.0250091552734375
1784805830704939520,19.108484506607056,0.172149658203125,0.9134674072265625,-0.10577392578125
1784805830714859776,19.118404626846313,0.253082275390625,1.0693206787109375,-0.125579833984375
1784805830724778752,19.128323554992676,0.365081787109375,1.065826416015625,-0.18060302734375
1784805830734698752,19.138243675231934,0.296234130859375,1.0347747802734375,-0.2095184326171875
1784805830744617728,19.148162603378296,0.34259033203125,0.93505859375,-0.2962646484375
1784805830754537728,19.158082723617554,0.186798095703125,0.9737548828125,-0.3173370361328125
1784805830764456704,19.168001651763916,0.2032623291015625,0.97894287109375,-0.4444732666015625
1784805830774376704,19.177921533584595,0.2752838134765625,0.9683990478515625,-0.5706787109375
1784805830784295680,19.187840700149536,0.1962738037109375,1.0878753662109375,-0.4585418701171875
1784805830794215680,19.197760581970215,0.480224609375,0.9198150634765625,-0.5560455322265625
1784805830804134656,19.207679510116577,0.260833740234375,0.9976959228515625,-0.4208984375
1784805830814054656,19.217599630355835,0.302337646484375,1.0080413818359375,-0.438446044921875
1784805830823973632,19.227518558502197,0.212432861328125,1.033538818359375,-0.6014862060546875
1784805830833893888,19.237438678741455,0.208526611328125,0.942291259765625,-0.6312713623046875
1784805830843812608,19.247357606887817,0.334197998046875,0.9144287109375,-0.7242279052734375
1784805830853732864,19.257277727127075,0.2721405029296875,0.9722747802734375,-0.6884002685546875
1784805830863651840,19.267196655273438,0.4144744873046875,1.0606842041015625,-0.707122802734375
1784805830873571584,19.277116537094116,0.414886474609375,1.1309356689453125,-0.64581298828125
1784805830883490816,19.287035703659058,0.35308837890625,1.0535736083984375,-0.5243682861328125
1784805830893409792,19.29695463180542,0.3935394287109375,0.9771728515625,-0.567626953125
1784805830903329536,19.3068745136261,0.3354949951171875,0.966278076171875,-0.5117034912109375
1784805830913248768,19.31679368019104,0.3274383544921875,0.864105224609375,-0.45263671875
1784805830923168768,19.32671356201172,0.2875518798828125,0.8261260986328125,-0.519683837890625
1784805830933087744,19.33663272857666,0.36492919921875,0.8398284912109375,-0.41351318359375
1784805830943007744,19.34655261039734,0.283599853515625,0.7615203857421875,-0.3897552490234375
1784805830952926720,19.3564715385437,0.3394775390625,0.7976531982421875,-0.3892669677734375
1784805830962846720,19.36639165878296,0.38385009765625,0.904052734375,-0.436126708984375
1784805830972765696,19.37631058692932,0.323150634765625,0.8328094482421875,-0.3847503662109375
1784805830982685696,19.38623070716858,0.2669525146484375,0.79193115234375,-0.323516845703125
1784805830992604672,19.39614963531494,0.20965576171875,0.81805419921875,-0.1595306396484375
1784805831002524672,19.40606951713562,0.17242431640625,0.708740234375,-0.0402679443359375
1784805831012443904,19.41598868370056,0.1985626220703125,0.595794677734375,0.077423095703125
1784805831022363648,19.42590856552124,0.1240997314453125,0.5402069091796875,0.1534881591796875
1784805831032282624,19.435827493667603,0.0862884521484375,0.602813720703125,0.0964813232421875
1784805831042202624,19.44574761390686,-0.0098419189453125,0.8165130615234375,0.0791015625
1784805831052121600,19.455666542053223,-0.05364990234375,1.011474609375,-0.170867919921875
1784805831062041856,19.46558666229248,-0.0370025634765625,1.0063629150390625,-0.14044189453125
1784805831071960576,19.475505590438843,0.00921630859375,0.79266357421875,-0.1379547119140625
1784805831081880832,19.4854257106781,0.011505126953125,0.53472900390625,-0.089813232421875
1784805831091799808,19.495344638824463,-0.022216796875,0.3624725341796875,-0.2154541015625
1784805831101718784,19.505263566970825,0.13861083984375,0.3998260498046875,-0.2823333740234375
1784805831111638784,19.515183687210083,0.26226806640625,0.602142333984375,-0.338134765625
1784805831121557760,19.525102615356445,0.153350830078125,0.7154388427734375,-0.402679443359375
1784805831131477504,19.535022497177124,0.0781402587890625,0.7161102294921875,-0.522705078125
1784805831141396736,19.544941663742065,0.0405426025390625,0.689666748046875,-0.530670166015625
1784805831151316736,19.554861545562744,0.1338653564453125,0.5641326904296875,-0.5545806884765625
1784805831161235712,19.564780712127686,0.1898040771484375,0.4454803466796875,-0.59417724609375
1784805831171155712,19.574700593948364,0.2967987060546875,0.4357757568359375,-0.5681610107421875
1784805831181074688,19.584619522094727,0.2879791259765625,0.380462646484375,-0.6368560791015625
1784805831190994688,19.594539642333984,0.28564453125,0.3532562255859375,-0.687225341796875
1784805831200913664,19.604458570480347,0.3480377197265625,0.24725341796875,-0.835723876953125
1784805831210833664,19.614378690719604,0.237457275390625,0.2494049072265625,-0.9502716064453125
1784805831220752640,19.624297618865967,0.22515869140625,0.4215087890625,-0.996551513671875
1784805831230672640,19.634217500686646,0.2689361572265625,0.5004425048828125,-1.1748199462890625
1784805831240591872,19.644136667251587,0.078277587890625,0.6702728271484375,-1.2569122314453125
1784805831250511616,19.654056549072266,0.102996826171875,0.8511505126953125,-1.3209686279296875
1784805831260430848,19.663975715637207,0.1395416259765625,1.000030517578125,-1.391998291015625
1784805831270350592,19.673895597457886,0.1418304443359375,1.153961181640625,-1.4700927734375
1784805831280269568,19.683814525604248,-0.019805908203125,1.2512969970703125,-1.4824981689453125
1784805831290189824,19.693734645843506,-0.0532379150390625,1.1531219482421875,-1.40753173828125
1784805831300108544,19.703653573989868,0.02777099609375,1.0668182373046875,-1.4149932861328125
1784805831310028800,19.713573694229126,0.223785400390625,0.926605224609375,-1.38134765625
1784805831319947776,19.72349262237549,0.306854248046875,0.6788482666015625,-1.237213134765625
1784805831329866752,19.73341155052185,0.2304229736328125,0.4354095458984375,-1.098907470703125
1784805831339786752,19.74333167076111,0.1656951904296875,0.4444732666015625,-1.0214385986328125
1784805831349705728,19.75325059890747,0.265411376953125,0.4877777099609375,-1.1072998046875
1784805831359625728,19.76317071914673,0.4275665283203125,0.6519622802734375,-1.1541290283203125
1784805831369544704,19.77308964729309,0.5718994140625,0.68389892578125,-1.2370452880859375
1784805831379464704,19.78300952911377,0.7459716796875,0.750823974609375,-1.188873291015625
1784805831389383680,19.79292869567871,0.92156982421875,0.771881103515625,-1.0943450927734375
1784805831399303680,19.80284857749939,0.781280517578125,0.78533935546875,-1.05133056640625
1784805831409222656,19.812767505645752,0.579254150390625,0.8459625244140625,-0.98272705078125
1784805831419142656,19.82268762588501,0.3486175537109375,0.6635284423828125,-0.9913177490234375
1784805831429061632,19.832606554031372,0.1700286865234375,0.513702392578125,-0.9785308837890625
1784805831438981888,19.84252667427063,0.13677978515625,0.472747802734375,-0.9339599609375
1784805831448900608,19.852445602416992,0.1390228271484375,0.6710205078125,-0.74310302734375
1784805831458820864,19.86236572265625,0.18194580078125,0.8380279541015625,-0.5802154541015625
1784805831468739840,19.872284650802612,0.1092681884765625,0.8585052490234375,-0.4925537109375
1784805831478659584,19.88220453262329,0.1376800537109375,0.662567138671875,-0.523284912109375
1784805831488578816,19.892123699188232,0.2354278564453125,0.3496551513671875,-0.784698486328125
1784805831498498560,19.90204358100891,0.04296875,0.415618896484375,-0.683258056640625
1784805831508417536,19.911962509155273,0.0300750732421875,0.5413360595703125,-0.79473876953125
1784805831518337792,19.92188262939453,-0.065948486328125,0.6193084716796875,-0.6980743408203125
1784805831528256768,19.931801557540894,-0.1322174072265625,0.679656982421875,-0.6029052734375
1784805831538178560,19.941723585128784,-0.1203460693359375,0.745697021484375,-0.5818634033203125
1784805831548097792,19.951642751693726,-0.0545654296875,0.7840728759765625,-0.5942230224609375
1784805831558017792,19.961562633514404,-0.112335205078125,0.8248138427734375,-0.582061767578125
1784805831567937024,19.971481800079346,-0.1193389892578125,0.868865966796875,-0.522613525390625
1784805831577855744,19.981400728225708,-0.098876953125,0.7935333251953125,-0.4651031494140625
1784805831587775744,19.991320610046387,-0.043212890625,0.6712646484375,-0.342437744140625
1784805831597695744,20.001240730285645,0.024688720703125,0.560791015625,-0.1700439453125
1784805831607614720,20.011159658432007,0.093475341796875,0.3936920166015625,-0.1041412353515625
1784805831617533696,20.02107858657837,0.16864013671875,0.225555419921875,-0.091827392578125
1784805831627453696,20.030998706817627,0.11932373046875,0.253265380859375,0.0206451416015625
1784805831637372672,20.04091763496399,0.0477447509765625,0.39776611328125,-0.0883941650390625
1784805831647292928,20.050837755203247,0.011016845703125,0.4662017822265625,-0.3922576904296875
1784805831657211904,20.06075668334961,-0.0408477783203125,0.587615966796875,-0.5074462890625
1784805831667131904,20.070676803588867,-0.0371551513671875,0.7274627685546875,-0.49444580078125
1784805831677050880,20.08059573173523,0.0250244140625,0.7017059326171875,-0.5103759765625
1784805831686970624,20.090515613555908,0.0211181640625,0.635772705078125,-0.5178375244140625
1784805831696889856,20.10043478012085,0.052764892578125,0.5542144775390625,-0.474945068359375
1784805831706809856,20.11035466194153,0.1012420654296875,0.325164794921875,-0.3939971923828125
1784805831716728576,20.12027359008789,7.62939453125e-05,0.1400604248046875,-0.4205322265625
1784805831726648832,20.13019371032715,-0.131561279296875,0.1911773681640625,-0.358551025390625
1784805831736567808,20.14011263847351,-0.0601806640625,0.3420257568359375,-0.424041748046875
1784805831746487808,20.15003275871277,0.161407470703125,0.50201416015625,-0.7096099853515625
1784805831756406784,20.15995168685913,0.4274444580078125,0.4652099609375,-0.7036895751953125
1784805831766326784,20.16987180709839,0.445465087890625,0.257598876953125,-0.808135986328125
1784805831776245760,20.17979073524475,0.220306396484375,0.0311279296875,-0.7889556884765625
1784805831786165760,20.18971061706543,0.0178375244140625,-0.1998748779296875,-0.803619384765625
1784805831796084992,20.19962978363037,0.116119384765625,-0.320556640625,-0.9907379150390625
1784805831806004736,20.20954966545105,-0.058563232421875,-0.180908203125,-1.2162322998046875
1784805831815923712,20.219468593597412,-0.247802734375,0.2390899658203125,-1.0941009521484375
1784805831825843712,20.22938871383667,-0.209991455078125,0.59161376953125,-1.24755859375
1784805831835762688,20.239307641983032,0.020172119140625,0.7339324951171875,-1.4944305419921875
1784805831845682944,20.24922776222229,0.057952880859375,0.799591064453125,-1.3045501708984375
1784805831855601664,20.259146690368652,-0.1488189697265625,0.7610015869140625,-1.1898040771484375
1784805831865521920,20.26906681060791,-0.4619598388671875,0.9150238037109375,-1.134002685546875
1784805831875440896,20.278985738754272,-0.2498626708984375,1.0035858154296875,-1.152801513671875
1784805831885360640,20.28890562057495,-0.0957183837890625,0.9589080810546875,-1.27685546875
1784805831895279872,20.298824787139893,-0.072265625,0.8961181640625,-1.3658447265625
1784805831905198848,20.308743715286255,-0.1352081298828125,0.9530029296875,-1.26593017578125
1784805831915118592,20.318663597106934,-0.111907958984375,0.9100494384765625,-1.01513671875
1784805831925037824,20.328582763671875,0.1017608642578125,0.574676513671875,-1.0453948974609375
1784805831934957824,20.338502645492554,0.129638671875,0.3729705810546875,-0.9619598388671875
1784805831944876800,20.348421812057495,0.32427978515625,0.39862060546875,-0.74609375
1784805831954796800,20.358341693878174,0.339935302734375,0.4288177490234375,-0.6284027099609375
1784805831964715776,20.368260622024536,0.437225341796875,0.533477783203125,-0.5201568603515625
1784805831974635776,20.378180742263794,0.473968505859375,0.7225494384765625,-0.2899017333984375
1784805831984554752,20.388099670410156,0.507110595703125,0.861175537109375,-0.0398101806640625
1784805831994475008,20.398019790649414,0.5541839599609375,0.6518402099609375,0.1575775146484375
1784805832004393728,20.407938718795776,0.4242401123046875,0.2866973876953125,0.0860443115234375
1784805832014313728,20.417858600616455,0.228912353515625,0.0591278076171875,-0.050445556640625
1784805832024232960,20.427777767181396,0.1290130615234375,0.0907135009765625,0.0218658447265625
1784805832034152704,20.437697649002075,0.4272308349609375,0.2080230712890625,0.1964569091796875
1784805832044071680,20.447616577148438,0.6993865966796875,0.33563232421875,0.2632293701171875
1784805832053991680,20.457536697387695,0.7769622802734375,0.6263427734375,0.323211669921875
1784805832063910656,20.467455625534058,0.842132568359375,0.7807464599609375,0.427398681640625
1784805832073830912,20.477375745773315,0.8587646484375,0.621612548828125,0.26983642578125
1784805832083749888,20.487294673919678,0.9614410400390625,0.455596923828125,0.212890625
1784805832093669888,20.497214794158936,1.1318206787109375,0.5381317138671875,0.2521209716796875
1784805832103588864,20.507133722305298,1.2586822509765625,0.68670654296875,0.0739898681640625
1784805832113508608,20.517053604125977,1.3685150146484375,0.6218109130859375,-0.138671875
1784805832123427840,20.526972770690918,1.4205780029296875,0.4703216552734375,-0.3425445556640625
1784805832133347840,20.536892652511597,1.5975494384765625,0.2564239501953125,-0.449798583984375
1784805832143266560,20.54681158065796,1.4638824462890625,0.1871337890625,-0.422637939453125
1784805832153186816,20.556731700897217,1.3436737060546875,0.174468994140625,-0.469146728515625
1784805832163105792,20.56665062904358,1.199798583984375,0.1618804931640625,-0.5613250732421875
1784805832173025792,20.576570749282837,1.355377197265625,-0.1163330078125,-0.448822021484375
1784805832182944768,20.5864896774292,1.510345458984375,-0.579803466796875,-0.309173583984375
1784805832192864768,20.596409797668457,1.586639404296875,-0.93780517578125,-0.4232330322265625
1784805832202783744,20.60632872581482,1.5887298583984375,-1.235321044921875,-0.4499053955078125
1784805832212703744,20.616248607635498,1.57794189453125,-1.464324951171875,-0.26812744140625
1784805832222622976,20.62616777420044,1.608795166015625,-1.5838165283203125,-0.2726287841796875
1784805832232542720,20.636087656021118,1.6206207275390625,-1.7914276123046875,-0.58935546875
1784805832242461696,20.64600658416748,1.6342010498046875,-1.756103515625,-0.746795654296875
1784805832252381696,20.65592670440674,1.9454498291015625,-1.57489013671875,-0.6966400146484375
1784805832262300672,20.6658456325531,2.4331817626953125,-1.672393798828125,-0.747344970703125
1784805832272220928,20.67576575279236,2.6280517578125,-1.8639373779296875,-1.020599365234375
1784805832282139904,20.68568468093872,2.39697265625,-1.7865447998046875,-1.0745849609375
1784805832292059904,20.69560480117798,2.0068817138671875,-1.7318572998046875,-1.1401214599609375
1784805832301978880,20.70552372932434,1.5978851318359375,-1.6966400146484375,-1.0725555419921875
1784805832311898624,20.71544361114502,1.6663970947265625,-1.1695404052734375,-0.8681182861328125
1784805832321817856,20.72536277770996,2.090972900390625,-0.5065155029296875,-0.774627685546875
1784805832331736832,20.735281705856323,1.948944091796875,-0.1050262451171875,-0.871551513671875
1784805832341656576,20.745201587677002,1.376556396484375,0.1490631103515625,-0.7311859130859375
1784805832351575808,20.755120754241943,0.8157806396484375,0.6828460693359375,-0.140411376953125
1784805832361495808,20.765040636062622,0.73077392578125,0.81903076171875,-0.0298919677734375
1784805832371414784,20.774959802627563,0.52484130859375,0.900115966796875,0.31060791015625
1784805832381334784,20.784879684448242,0.7166900634765625,0.8433380126953125,0.489227294921875
1784805832391253760,20.794798612594604,0.99493408203125,0.50592041015625,-0.0849761962890625
1784805832401173760,20.804718732833862,1.529571533203125,1.3913116455078125,0.08978271484375
1784805832411092736,20.814637660980225,2.004852294921875,1.2700653076171875,-0.518798828125
1784805832421012992,20.824557781219482,2.247772216796875,0.5969390869140625,-0.9828338623046875
1784805832430931712,20.834476709365845,3.6362152099609375,0.140380859375,-0.8237457275390625
1784805832440851712,20.844396591186523,4.440765380859375,0.0518035888671875,-0.566925048828125
1784805832450770944,20.854315757751465,4.5833282470703125,0.131591796875,-0.9012908935546875
1784805832460690688,20.864235639572144,3.132598876953125,0.5500030517578125,-1.373382568359375
1784805832470609920,20.874154806137085,2.7530670166015625,-0.0069732666015625,-1.20916748046875
1784805832480529664,20.884074687957764,3.169342041015625,-0.06329345703125,-0.8680877685546875
1784805832490448640,20.893993616104126,3.33331298828125,-0.3957366943359375,-0.8391571044921875
1784805832500368896,20.903913736343384,3.9278564453125,-0.7566070556640625,-0.4274749755859375
1784805832510287872,20.913832664489746,3.7201080322265625,-1.204681396484375,-0.506011962890625
1784805832520207872,20.923752784729004,3.7631378173828125,-0.89599609375,-1.0319061279296875
1784805832530126848,20.933671712875366,2.820587158203125,-0.60205078125,-1.952606201171875
1784805832540046336,20.943591356277466,2.4951019287109375,-0.32843017578125,-1.6667022705078125
1784805832549965312,20.953510284423828,2.4052581787109375,0.3300933837890625,-2.8426666259765625
1784805832559885568,20.963430404663086,2.4691619873046875,1.121734619140625,-2.2940826416015625
1784805832569804544,20.97334933280945,3.2530517578125,1.5722503662109375,-2.6159515380859375
1784805832579724288,20.983269214630127,3.264129638671875,0.94891357421875,-3.1154632568359375
1784805832589643520,20.99318838119507,2.13275146484375,0.13037109375,-3.2410736083984375
1784805832599563264,21.003108263015747,1.42657470703125,0.2000885009765625,-2.8969879150390625
1784805832609482496,21.01302742958069,1.4261932373046875,0.6416168212890625,-2.29559326171875
1784805832619402496,21.022947311401367,1.9285430908203125,0.7824859619140625,-2.078338623046875
1784805832629321216,21.03286623954773,2.8128662109375,0.6919097900390625,-1.965576171875
1784805832639241472,21.042786359786987,3.5171966552734375,0.2627410888671875,-1.4944000244140625
1784805832649160448,21.05270528793335,3.6479949951171875,-0.6278076171875,-1.4302215576171875
1784805832659080448,21.062625408172607,3.0353240966796875,-1.322662353515625,-1.7516632080078125
1784805832668999424,21.07254433631897,2.436920166015625,-1.1953582763671875,-2.1137237548828125
1784805832678919424,21.08246421813965,2.3692626953125,-0.67596435546875,-2.3417510986328125
1784805832688838400,21.09238338470459,2.779998779296875,-0.3191070556640625,-2.181854248046875
1784805832698758400,21.10230326652527,3.1795806884765625,-0.2556610107421875,-1.856842041015625
1784805832708677632,21.11222243309021,3.3866119384765625,-0.47320556640625,-1.6146240234375
1784805832718597376,21.12214231491089,3.385650634765625,-0.7258453369140625,-1.4022979736328125
1784805832728516352,21.13206124305725,3.365814208984375,-0.80560302734375,-1.1631011962890625
1784805832738436352,21.14198136329651,3.4515228271484375,-0.771209716796875,-0.85955810546875
1784805832748355328,21.15190029144287,3.563079833984375,-0.6091156005859375,-0.3858184814453125
1784805832758275584,21.16182041168213,3.631927490234375,-0.4173736572265625,0.187957763671875
1784805832768194560,21.17173933982849,3.6952056884765625,-0.52978515625,0.56610107421875
1784805832778114304,21.18165922164917,3.687347412109375,-0.80694580078125,0.892669677734375
1784805832788033536,21.19157838821411,3.6918487548828125,-1.1705780029296875,1.1469573974609375
1784805832797953280,21.20149827003479,3.8229217529296875,-1.3950958251953125,1.2319488525390625
1784805832807872512,21.21141743659973,4.0416412353515625,-1.1693267822265625,1.288604736328125
1784805832817792512,21.22133731842041,4.22552490234375,-0.6882476806640625,1.3822784423828125
1784805832827711232,21.231256246566772,4.1261749267578125,-0.30859375,1.4523162841796875
1784805832837631488,21.24117636680603,3.80450439453125,-0.1851043701171875,1.2917633056640625
1784805832847550464,21.251095294952393,3.59674072265625,-0.03118896484375,1.051605224609375
1784805832857470464,21.26101541519165,3.506805419921875,0.3506011962890625,0.86370849609375
1784805832867389440,21.270934343338013,3.45550537109375,0.8639984130859375,0.832977294921875
1784805832877309440,21.28085422515869,3.3224029541015625,1.1457061767578125,0.8329315185546875
1784805832887228416,21.290773391723633,3.1309814453125,0.9160614013671875,0.714202880859375
1784805832897148416,21.30069327354431,3.20196533203125,0.614532470703125,0.829803466796875
1784805832907067392,21.310612201690674,3.361175537109375,0.89105224609375,0.9682769775390625
1784805832916987392,21.32053232192993,3.2236480712890625,1.6233978271484375,0.9058074951171875
1784805832926906368,21.330451250076294,2.8313751220703125,2.410736083984375,0.9483184814453125
1784805832936826368,21.34037137031555,2.3310546875,3.06134033203125,0.832611083984375
1784805832946745344,21.350290298461914,1.8296661376953125,3.4282989501953125,0.5876007080078125
1784805832956665600,21.360210418701172,1.2661590576171875,3.7715911865234375,0.495819091796875
1784805832966584320,21.370129346847534,1.314208984375,4.2748260498046875,0.8806915283203125
1784805832976504320,21.380049228668213,2.7201690673828125,5.0965728759765625,0.9913330078125
1784805832986423552,21.389968395233154,-0.466552734375,3.5373992919921875,0.506683349609375
1784805832996343296,21.399888277053833,-0.7628326416015625,3.5352630615234375,0.6625518798828125
1784805833006262272,21.409807205200195,0.343963623046875,3.0337371826171875,-1.2162017822265625
1784805833016182528,21.419727325439453,1.4618682861328125,2.3284912109375,-1.173095703125
1784805833026101248,21.429646253585815,1.234710693359375,1.5666656494140625,-0.7928924560546875
1784805833036021504,21.439566373825073,0.728302001953125,1.0500030517578125,-0.39007568359375
1784805833045940480,21.449485301971436,0.3354034423828125,1.20404052734375,-0.466644287109375
1784805833055860480,21.459405422210693,1.3269805908203125,1.5844573974609375,-0.7357635498046875
1784805833065779456,21.469324350357056,-0.5292816162109375,1.2614593505859375,-0.79833984375
1784805833075699456,21.479244232177734,-0.28411865234375,1.426849365234375,-0.934326171875
1784805833085618432,21.489163398742676,0.37969970703125,1.2618408203125,-0.809814453125
1784805833095538432,21.499083280563354,0.8868865966796875,1.0300750732421875,-0.6916656494140625
1784805833105457408,21.509002208709717,1.049957275390625,1.1319427490234375,-0.50482177734375
1784805833115377408,21.518922328948975,1.0416107177734375,0.9500732421875,-0.6010894775390625
1784805833125296384,21.528841257095337,0.6900482177734375,0.408966064453125,-0.8907470703125
1784805833135216384,21.538761377334595,0.2226715087890625,0.507598876953125,-0.94329833984375
1784805833145135360,21.548680305480957,0.5470428466796875,0.29425048828125,-0.8607940673828125
1784805833155055616,21.558600425720215,0.4031829833984375,0.232421875,-1.1418914794921875
1784805833164974336,21.568519353866577,0.5220184326171875,0.39849853515625,-1.314483642578125
1784805833174894336,21.578439235687256,0.5845184326171875,0.54522705078125,-0.9862213134765625
1784805833184813568,21.588358402252197,0.615020751953125,0.573699951171875,-0.8385009765625
1784805833194733312,21.598278284072876,0.789459228515625,0.5101318359375,-0.9540557861328125
1784805833204652288,21.60819721221924,0.6301422119140625,0.407958984375,-0.776153564453125
1784805833214572544,21.618117332458496,0.4883880615234375,0.41156005859375,-0.5193328857421875
1784805833224491264,21.62803626060486,0.49542236328125,0.3558502197265625,-0.055450439453125
1784805833234411520,21.637956380844116,0.428863525390625,0.2072601318359375,0.29681396484375
1784805833244330496,21.64787530899048,0.3869476318359375,-0.2440338134765625,0.4880523681640625
1784805833254250496,21.657795429229736,0.366607666015625,-0.32806396484375,0.800018310546875
1784805833264169472,21.6677143573761,0.525909423828125,-0.36883544921875,0.5133514404296875
1784805833274089216,21.677634239196777,0.5976715087890625,-0.55718994140625,0.172943115234375
1784805833284008448,21.68755340576172,0.4434967041015625,-0.325927734375,-0.0997314453125
1784805833293928448,21.697473287582397,0.451385498046875,0.3394775390625,-0.3440093994140625
1784805833303847424,21.70739221572876,0.7298736572265625,0.9189300537109375,-0.6453857421875
1784805833313767424,21.717312335968018,0.8773040771484375,1.256591796875,-1.06982421875
1784805833323686400,21.72723126411438,1.2346954345703125,1.395538330078125,-1.05010986328125
1784805833333606400,21.737151384353638,1.091888427734375,1.17108154296875,-1.161041259765625
1784805833343525376,21.7470703125,0.9153289794921875,0.6828155517578125,-1.36663818359375
1784805833353445632,21.756990432739258,0.9398651123046875,0.102752685546875,-1.4372100830078125
1784805833363364352,21.76690936088562,0.9979095458984375,0.2858428955078125,-1.089385986328125
1784805833373284352,21.7768292427063,1.2227783203125,0.6207427978515625,-0.9753875732421875
1784805833383203584,21.78674840927124,1.21319580078125,0.530670166015625,-1.0847015380859375
1784805833393123328,21.79666829109192,1.2458038330078125,0.2530517578125,-0.753326416015625
1784805833403042304,21.80658721923828,1.3966064453125,-0.0161895751953125,-0.578216552734375
1784805833412962560,21.81650733947754,1.58087158203125,-0.1983489990234375,-0.58380126953125
1784805833422881280,21.8264262676239,1.677703857421875,-0.2564697265625,-0.644073486328125
1784805833432801536,21.83634638786316,1.6470184326171875,-0.223602294921875,-0.4084014892578125
1784805833442720512,21.84626531600952,1.6296539306640625,-0.28155517578125,-0.1439971923828125
1784805833452640512,21.85618543624878,1.5865478515625,-0.3739776611328125,0.048431396484375
1784805833462559488,21.86610436439514,1.4979248046875,-0.663055419921875,0.291717529296875
1784805833472479232,21.87602424621582,1.486175537109375,-1.40362548828125,0.2998504638671875
1784805833482398464,21.88594341278076,1.4903717041015625,-1.870269775390625,0.0946197509765625
1784805833492318464,21.89586329460144,1.6981201171875,-1.8271942138671875,0.00927734375
1784805833502237440,21.905782222747803,1.895721435546875,-1.9442138671875,-0.2335357666015625
1784805833512157440,21.91570234298706,1.9926300048828125,-2.1328277587890625,-0.6122894287109375
1784805833522076416,21.925621271133423,2.00677490234375,-2.2611541748046875,-1.1003875732421875
1784805833531996416,21.93554139137268,1.982147216796875,-1.9957427978515625,-1.40447998046875
1784805833541915136,21.945460081100464,1.9264678955078125,-1.80963134765625,-1.318878173828125
1784805833551835392,21.95538020133972,2.035980224609375,-2.077117919921875,-1.31817626953125
1784805833561754112,21.965299129486084,2.150360107421875,-2.0997314453125,-1.34332275390625
1784805833571674368,21.975219249725342,2.1532135009765625,-2.139373779296875,-1.7230224609375
1784805833581593344,21.985138177871704,2.1137237548828125,-1.730255126953125,-1.558441162109375
1784805833591513344,21.995058298110962,2.3502197265625,-1.057281494140625,-0.804656982421875
1784805833601432320,22.004977226257324,2.187652587890625,-0.990753173828125,-0.5937957763671875
1784805833611352320,22.014897108078003,1.7840423583984375,-0.92608642578125,-0.2985992431640625
1784805833621271296,22.024816274642944,1.63677978515625,-0.7713775634765625,-0.370880126953125
1784805833631191296,22.034736156463623,1.45367431640625,-0.3040618896484375,-0.108612060546875
1784805833641110272,22.044655084609985,0.966400146484375,0.040771484375,-0.0973968505859375
1784805833651030272,22.054575204849243,0.52587890625,0.1078948974609375,0.0870361328125
1784805833660949248,22.064494132995605,0.9898834228515625,0.7482452392578125,0.25885009765625
1784805833670869248,22.074414253234863,1.1223297119140625,0.9942779541015625,-0.054443359375
1784805833680788224,22.084333181381226,1.6030120849609375,0.9342803955078125,-0.2599945068359375
1784805833690708480,22.094253301620483,2.7706756591796875,1.0844879150390625,-0.3253936767578125
1784805833700627200,22.104172229766846,3.1812896728515625,0.4544830322265625,-0.470428466796875
1784805833710547200,22.114092111587524,2.8424835205078125,-0.3015899658203125,-0.8469696044921875
1784805833720466432,22.124011278152466,2.0621337890625,0.42718505859375,-0.7059173583984375
1784805833730386176,22.133931159973145,2.779632568359375,0.620269775390625,-0.654693603515625
1784805833740305152,22.143850088119507,3.2194976806640625,0.1998443603515625,-0.847137451171875
1784805833750225408,22.153770208358765,3.1978759765625,-0.686065673828125,-0.291900634765625
1784805833760144128,22.163689136505127,3.1739349365234375,-1.061981201171875,-0.569091796875
1784805833770064384,22.173609256744385,2.78826904296875,-0.7330780029296875,-0.1220703125
1784805833779983360,22.183528184890747,2.80523681640625,-0.681976318359375,-0.33087158203125
1784805833789903360,22.193448305130005,3.117706298828125,-0.107574462890625,-0.917266845703125
1784805833799822336,22.203367233276367,2.0239410400390625,-0.39031982421875,-0.8768157958984375
1784805833809742336,22.213287115097046,2.044342041015625,-0.7929534912109375,-0.5618133544921875
1784805833819661312,22.223206281661987,2.477294921875,-0.675506591796875,-0.5846710205078125
1784805833829581312,22.233126163482666,2.3577728271484375,-0.9034423828125,-1.034515380859375
1784805833839500288,22.24304509162903,2.2925262451171875,-0.866729736328125,-1.026611328125
1784805833849420288,22.252965211868286,2.691864013671875,-0.41253662109375,-1.4835052490234375
1784805833859339264,22.26288414001465,2.6710052490234375,0.930023193359375,-2.6124420166015625
1784805833869259264,22.272804260253906,1.2190704345703125,1.312286376953125,-3.3261566162109375
1784805833879178240,22.28272318840027,1.5393524169921875,1.97235107421875,-3.7432708740234375
1784805833889098496,22.292643308639526,3.4234466552734375,2.799896240234375,-2.367095947265625
1784805833899017216,22.30256223678589,2.5012359619140625,2.0088043212890625,-2.59967041015625
1784805833908937216,22.312482118606567,2.120391845703125,1.40484619140625,-2.0407562255859375
1784805833918856448,22.32240128517151,2.143310546875,1.544708251953125,-1.7566680908203125
1784805833928776192,22.332321166992188,2.9375,2.1728057861328125,-1.24237060546875
1784805833938695168,22.34224009513855,3.5125732421875,1.6478729248046875,-1.462493896484375
1784805833948615424,22.352160215377808,3.7452545166015625,0.569183349609375,-1.42938232421875
1784805833958535168,22.362080097198486,3.850494384765625,-0.34716796875,-1.3685455322265625
1784805833968454400,22.371999263763428,3.8618011474609375,-0.7759552001953125,-1.4220733642578125
1784805833978373376,22.38191819190979,3.9725494384765625,-0.6603851318359375,-1.326019287109375
1784805833988293376,22.391838312149048,4.1046600341796875,-0.655181884765625,-1.3326416015625
1784805833998213376,22.401758193969727,4.180633544921875,-0.8311004638671875,-1.315673828125
1784805834008132096,22.41167712211609,4.32366943359375,-1.08087158203125,-1.1391143798828125
1784805834018052352,22.421597242355347,4.300628662109375,-0.9372406005859375,-0.4934844970703125
1784805834027971328,22.43151617050171,4.2974853515625,-0.4578704833984375,0.0632171630859375
1784805834037891328,22.441436290740967,4.2291259765625,-0.11151123046875,0.487640380859375
1784805834047810304,22.45135521888733,4.0980377197265625,-0.1203765869140625,0.8194580078125
1784805834057730304,22.461275100708008,3.900299072265625,-0.1277313232421875,1.1723785400390625
1784805834067649280,22.47119426727295,3.7009735107421875,-0.1943511962890625,1.330078125
1784805834077569280,22.481114149093628,3.5335540771484375,-0.3101348876953125,1.3924713134765625
1784805834087488256,22.49103307723999,3.35968017578125,-0.3957061767578125,1.353851318359375
1784805834097408256,22.500953197479248,3.1399383544921875,-0.3717193603515625,1.2882537841796875
1784805834107327232,22.51087212562561,2.8892669677734375,-0.31561279296875,1.253814697265625
1784805834117247232,22.520792245864868,2.8646697998046875,-0.4534149169921875,1.433807373046875
1784805834127166208,22.53071117401123,3.11993408203125,-0.778045654296875,1.5666351318359375
1784805834137086464,22.54063129425049,3.4257965087890625,-1.0131072998046875,1.5721435546875
1784805834147005440,22.55055022239685,3.694000244140625,-0.9934539794921875,1.331390380859375
1784805834156925184,22.56047010421753,3.8341217041015625,-0.5280914306640625,1.11102294921875
1784805834166844416,22.57038927078247,3.7512054443359375,0.3665924072265625,1.1386566162109375
1784805834176764160,22.58030915260315,3.552825927734375,1.3412017822265625,1.101715087890625
1784805834186683136,22.59022808074951,3.24945068359375,2.2176361083984375,1.0195159912109375
1784805834196603392,22.60014820098877,2.766357421875,2.85223388671875,0.72528076171875
1784805834206522112,22.610067129135132,2.1502838134765625,3.31793212890625,0.4451141357421875
1784805834216442368,22.61998724937439,1.4414520263671875,3.615997314453125,0.3759307861328125
1784805834226361344,22.629906177520752,0.8136444091796875,3.5376434326171875,0.5488739013671875
1784805834236281344,22.63982629776001,2.192413330078125,3.8008575439453125,1.1550445556640625
1784805834246200320,22.649745225906372,2.8723602294921875,5.350677490234375,1.001495361328125
1784805834256120320,22.65966510772705,1.9049072265625,4.16351318359375,-0.1743927001953125
1784805834266039296,22.669584274291992,1.42327880859375,5.027557373046875,-0.77032470703125
1784805834275959296,22.67950415611267,0.8286285400390625,3.0436553955078125,-1.205230712890625
1784805834285878272,22.689423084259033,0.4669189453125,1.8768310546875,0.3488922119140625
1784805834295798272,22.69934320449829,0.459381103515625,1.315093994140625,0.28863525390625
1784805834305717248,22.709262132644653,0.1806488037109375,1.6272735595703125,0.3695526123046875
1784805834315637248,22.71918225288391,1.316162109375,1.54351806640625,-1.1720733642578125
1784805834325556224,22.729101181030273,1.534881591796875,1.5615234375,-0.9202117919921875
1784805834335476480,22.73902130126953,1.30572509765625,1.81610107421875,-1.05462646484375
1784805834345395200,22.748940229415894,0.930572509765625,1.7606964111328125,-0.8483734130859375
1784805834355315200,22.758860111236572,0.5895538330078125,1.4340057373046875,-0.9415130615234375
1784805834365234432,22.768779277801514,0.2945404052734375,1.0386810302734375,-0.71240234375
1784805834375154176,22.778699159622192,0.365814208984375,0.7135009765625,-0.6976318359375
1784805834385073152,22.788618087768555,0.4841156005859375,0.597198486328125,-0.7027587890625
1784805834394993408,22.798538208007812,0.7045440673828125,0.3806915283203125,-1.135223388671875
1784805834404912128,22.808457136154175,0.791046142578125,0.40740966796875,-1.011627197265625
1784805834414832384,22.818377256393433,0.776824951171875,0.2845916748046875,-1.1589202880859375
1784805834424751360,22.828296184539795,0.91339111328125,0.2145843505859375,-0.8034820556640625
1784805834434671360,22.838216304779053,0.8635711669921875,0.122802734375,-0.6151885986328125
1784805834444590336,22.848135232925415,0.6105804443359375,0.1738128662109375,-0.1111297607421875
1784805834454510336,22.858055114746094,0.3164825439453125,-0.00775146484375,0.3060150146484375
1784805834464429312,22.867974281311035,0.1815032958984375,-0.319122314453125,0.686370849609375
1784805834474349312,22.877894163131714,0.04827880859375,-0.727386474609375,0.8468475341796875
1784805834484268288,22.887813091278076,-0.0785369873046875,-0.95025634765625,0.850921630859375
1784805834494188288,22.897733211517334,-0.0310516357421875,-0.7464599609375,0.877838134765625
1784805834504107264,22.907652139663696,0.017669677734375,-0.234832763671875,0.6036834716796875
1784805834514027264,22.917572259902954,0.1060943603515625,0.2675323486328125,-0.0468292236328125
1784805834523946240,22.927491188049316,0.3837432861328125,1.0797882080078125,-0.4622802734375
1784805834533866496,22.937411308288574,0.7341156005859375,1.3203582763671875,-0.7587738037109375
1784805834543785472,22.947330474853516,0.7971343994140625,1.290069580078125,-1.3445281982421875
1784805834553705472,22.957250356674194,0.7955780029296875,0.8818359375,-1.6723480224609375
1784805834563624704,22.967169523239136,0.9675445556640625,1.2112884521484375,-1.6617279052734375
1784805834573544448,22.977089405059814,1.0341949462890625,0.962371826171875,-1.870635986328125
1784805834583463424,22.987008333206177,1.0763092041015625,0.56353759765625,-1.5683135986328125
1784805834593383424,22.996928453445435,1.0218963623046875,0.3514251708984375,-1.233184814453125
1784805834603302400,23.006847381591797,0.958709716796875,0.61669921875,-0.917938232421875
1784805834613222656,23.016767501831055,1.100372314453125,0.6482086181640625,-1.0455780029296875
1784805834623141632,23.026686429977417,1.247100830078125,0.39593505859375,-1.1632080078125
1784805834633061632,23.036606550216675,1.140380859375,-0.2469024658203125,-0.7647552490234375
1784805834642980608,23.046525478363037,1.078277587890625,-0.625823974609375,-0.37457275390625
1784805834652900352,23.056445360183716,1.2546234130859375,-0.938568115234375,-0.41473388671875
1784805834662819584,23.066364526748657,1.433837890625,-0.939971923828125,-0.24102783203125
1784805834672739584,23.076284408569336,1.425445556640625,-0.7774658203125,0.1763916015625
1784805834682658560,23.0862033367157,1.422943115234375,-0.9230194091796875,-0.0993804931640625
1784805834692578560,23.096123456954956,1.4048614501953125,-0.8412628173828125,-0.123565673828125
1784805834702497536,23.10604238510132,1.4247589111328125,-0.9035491943359375,-0.139007568359375
1784805834712417536,23.115962505340576,1.376800537109375,-1.263580322265625,-0.05316162109375
1784805834722336512,23.12588143348694,1.7121429443359375,-1.596527099609375,-0.0926666259765625
1784805834732256768,23.135801553726196,1.8987579345703125,-1.6346282958984375,-0.163543701171875
1784805834742175488,23.14572048187256,1.7252197265625,-1.6844940185546875,-0.54449462890625
1784805834752095488,23.155640363693237,1.74505615234375,-1.6953582763671875,-0.4838409423828125
1784805834762014720,23.16555953025818,1.9023284912109375,-1.8706817626953125,-0.5504608154296875
1784805834771934464,23.175479412078857,2.0364837646484375,-1.91571044921875,-0.834320068359375
1784805834781853440,23.18539834022522,2.0939788818359375,-2.0858001708984375,-1.2308349609375
1784805834791773440,23.195318460464478,2.36083984375,-2.1654815673828125,-1.29443359375
1784805834801692416,23.20523738861084,2.70086669921875,-2.0137786865234375,-1.2121429443359375
1784805834811612672,23.215157508850098,2.7598876953125,-1.5890350341796875,-1.1272125244140625
1784805834821531648,23.22507643699646,2.76983642578125,-1.1060028076171875,-0.861083984375
1784805834831451648,23.234996557235718,2.7053375244140625,-0.841156005859375,-0.7586517333984375
1784805834841370624,23.24491548538208,1.7776641845703125,-0.9522552490234375,-0.66583251953125
1784805834851290368,23.25483536720276,1.461517333984375,-0.5555267333984375,-0.1204681396484375
1784805834861209600,23.2647545337677,0.8663482666015625,-0.59881591796875,-0.140045166015625
1784805834871129600,23.27467441558838,0.9003753662109375,-0.3816070556640625,0.03564453125
1784805834881048320,23.28459334373474,1.4241790771484375,0.188018798828125,0.2388153076171875
1784805834890968576,23.294513463974,1.2113189697265625,0.805511474609375,0.2878570556640625
1784805834900887552,23.30443239212036,1.3419647216796875,1.0663299560546875,-0.11187744140625
1784805834910807552,23.31435251235962,1.7000732421875,1.5555267333984375,-0.315826416015625
1784805834920727552,23.324272394180298,1.90618896484375,1.211883544921875,-0.63214111328125
1784805834930646784,23.33419156074524,2.527069091796875,0.4514923095703125,-0.5830535888671875
1784805834940566528,23.344111442565918,2.5066375732421875,0.1900634765625,-1.04833984375
1784805834950485504,23.35403037071228,3.15985107421875,-0.2721405029296875,-0.89080810546875
1784805834960405504,23.363950490951538,3.795013427734375,-0.793365478515625,-0.7653350830078125
1784805834970324480,23.3738694190979,2.575653076171875,-0.7419586181640625,-0.7265167236328125
1784805834980244736,23.383789539337158,3.26025390625,-0.5020904541015625,-0.4152374267578125
1784805834990163456,23.39370846748352,3.3696136474609375,-0.60296630859375,-0.8786468505859375
1784805835000083456,23.4036283493042,3.2054901123046875,-0.2799072265625,-0.722015380859375
1784805835010002688,23.41354751586914,2.333404541015625,-0.5172576904296875,-0.3052825927734375
1784805835019922432,23.42346739768982,3.04913330078125,-0.193572998046875,0.310577392578125
1784805835029841664,23.43338656425476,2.6458282470703125,-0.74163818359375,-0.270477294921875
1784805835039761664,23.44330644607544,2.1966705322265625,-1.7153778076171875,-0.00286865234375
1784805835049680384,23.4532253742218,1.75872802734375,-2.073822021484375,-0.3995208740234375
1784805835059600640,23.46314549446106,2.026153564453125,-1.622650146484375,-0.4590911865234375
1784805835069519616,23.473064422607422,1.918548583984375,-0.97412109375,-1.172515869140625
1784805835079439616,23.48298454284668,2.038848876953125,-0.5434417724609375,-1.409637451171875
1784805835089358592,23.492903470993042,2.0928192138671875,0.090118408203125,-2.2725067138671875
1784805835099278336,23.50282335281372,1.5148773193359375,0.71258544921875,-2.741424560546875
1784805835109197568,23.512742519378662,2.09539794921875,1.2222747802734375,-2.401458740234375
1784805835119117568,23.52266240119934,2.9107208251953125,1.5950469970703125,-2.633392333984375
1784805835129036544,23.532581329345703,1.8636016845703125,1.8582000732421875,-2.854217529296875
1784805835138956544,23.54250144958496,1.2798309326171875,2.241912841796875,-2.8263092041015625
1784805835148875520,23.552420377731323,1.0477752685546875,3.3574371337890625,-1.8824615478515625
1784805835158795520,23.56234049797058,1.445159912109375,3.3585662841796875,-1.4947967529296875
1784805835168714496,23.572259426116943,2.8309326171875,1.54962158203125,-1.93585205078125
1784805835178634752,23.5821795463562,3.8936920166015625,0.1883544921875,-1.96728515625
1784805835188553472,23.592098474502563,4.3287811279296875,-1.516143798828125,-1.6204833984375
1784805835198473472,23.602018356323242,3.6444244384765625,-1.9996185302734375,-1.7416534423828125
1784805835208392704,23.611937522888184,3.008514404296875,-0.842437744140625,-1.763641357421875
1784805835218312448,23.621857404708862,3.171142578125,-0.2822113037109375,-1.7498626708984375
1784805835228231424,23.631776332855225,3.5310516357421875,-0.3084716796875,-1.3778228759765625
1784805835238151424,23.641696453094482,3.8470001220703125,-0.662567138671875,-0.9814910888671875
1784805835248070400,23.651615381240845,3.8802337646484375,-0.8877716064453125,-0.7946014404296875
1784805835257990656,23.661535501480103,3.93048095703125,-0.8230743408203125,-0.6572113037109375
1784805835267909632,23.671454429626465,3.978179931640625,-0.6652984619140625,-0.3718109130859375
1784805835277829632,23.681374549865723,4.03582763671875,-0.54534912109375,-0.16961669921875
1784805835287748608,23.691293478012085,4.169342041015625,-0.3416748046875,0.21978759765625
1784805835297668352,23.701213359832764,4.092681884765625,-0.109039306640625,0.8059234619140625
1784805835307587584,23.711132526397705,3.7841949462890625,0.0068206787109375,0.956146240234375
1784805835317507584,23.721052408218384,3.376617431640625,-0.1768798828125,1.088623046875
1784805835327426560,23.730971336364746,3.2461395263671875,-0.4101409912109375,1.0878448486328125
1784805835337346560,23.740891456604004,3.226104736328125,-0.5537109375,0.91534423828125
1784805835347265536,23.750810384750366,3.274658203125,-0.4357147216796875,0.689453125
1784805835357185536,23.760730504989624,3.3144378662109375,-0.1041107177734375,0.88134765625
1784805835367104512,23.770649433135986,3.1907501220703125,-0.12701416015625,1.130340576171875
1784805835377024768,23.780569553375244,3.0796051025390625,-0.2700042724609375,1.078399658203125
1784805835386943488,23.790488481521606,3.1324920654296875,-0.1658935546875,1.0085906982421875
1784805835396863488,23.800408363342285,3.2716522216796875,-0.001678466796875,0.9800262451171875
1784805835406782720,23.810327529907227,3.3011474609375,-0.036712646484375,0.94085693359375
1784805835416702464,23.820247411727905,3.3607635498046875,-0.0182647705078125,0.895050048828125
1784805835426621440,23.830166339874268,3.455413818359375,0.2312164306640625,0.8798980712890625
1784805835436541440,23.840086460113525,3.4495391845703125,0.615142822265625,0.8115692138671875
1784805835446460416,23.850005388259888,3.210968017578125,1.1866607666015625,0.6914520263671875
1784805835456380672,23.859925508499146,2.832489013671875,2.0964202880859375,0.1805877685546875
1784805835466299648,23.869844436645508,5.275665283203125,5.0661163330078125,-1.8272247314453125
1784805835476219648,23.879764556884766,3.5840606689453125,9.122650146484375,1.6825714111328125
1784805835486138624,23.889683485031128,0.971038818359375,5.285980224609375,0.78729248046875
1784805835496058368,23.899603366851807,0.0993499755859375,3.41851806640625,-1.2011260986328125
1784805835505977600,23.909522533416748,-0.4012451171875,2.5001068115234375,-0.3465423583984375
1784805835515897600,23.919442415237427,0.07635498046875,1.9810333251953125,0.955291748046875
1784805835525816320,23.92936134338379,0.400970458984375,1.7126312255859375,0.6258697509765625
1784805835535736576,23.939281463623047,0.764923095703125,2.283447265625,0.2675323486328125
1784805835545655552,23.94920039176941,1.043304443359375,2.608306884765625,-0.2644805908203125
1784805835555575296,23.959120273590088,1.7259521484375,2.285186767578125,-0.9777374267578125
1784805835565494272,23.96903920173645,1.6295623779296875,1.7651214599609375,-1.24169921875
1784805835575414528,23.978959321975708,0.9001617431640625,1.4394683837890625,-0.8545989990234375
1784805835585333248,23.98887825012207,0.6966400146484375,1.4504547119140625,-0.74560546875
1784805835595253504,23.998798370361328,0.4607696533203125,1.55224609375,-0.5859222412109375
1784805835605172480,24.00871729850769,0.35760498046875,1.5531158447265625,-0.7140045166015625
1784805835615092480,24.01863741874695,0.30609130859375,1.8157501220703125,-0.3764495849609375
1784805835625011456,24.02855634689331,0.695220947265625,1.6506805419921875,-0.5620574951171875
1784805835634931200,24.03847622871399,0.6033477783203125,1.5225372314453125,-0.4970245361328125
1784805835644850432,24.04839539527893,0.5099945068359375,0.917205810546875,-0.65478515625
1784805835654770432,24.05831527709961,0.423126220703125,0.6212921142578125,-0.583770751953125
1784805835664689408,24.06823420524597,0.34674072265625,0.63214111328125,-0.2194671630859375
1784805835674609408,24.07815432548523,0.5131988525390625,0.4624786376953125,0.1583251953125
1784805835684528384,24.088073253631592,0.6089019775390625,0.17791748046875,0.51226806640625
1784805835694448384,24.09799337387085,0.3994140625,-0.1976470947265625,0.788818359375
1784805835704368384,24.10791325569153,0.1796112060546875,-0.788299560546875,0.6758880615234375
1784805835714287616,24.11783242225647,0.0733642578125,-1.21295166015625,0.52880859375
1784805835724207360,24.12775230407715,0.3204193115234375,-1.2162322998046875,0.1336822509765625
1784805835734126336,24.13767123222351,0.5583648681640625,-0.7766571044921875,0.0011749267578125
1784805835744046336,24.14759135246277,0.6362152099609375,-0.1788482666015625,-0.0650634765625
1784805835753965312,24.15751028060913,0.7414093017578125,0.4234771728515625,-0.3928375244140625
1784805835763885568,24.16743040084839,0.772491455078125,0.7504425048828125,-0.9253082275390625
1784805835773804544,24.17734932899475,0.826904296875,0.9204254150390625,-1.0323638916015625
1784805835783724288,24.18726921081543,1.0343475341796875,0.76080322265625,-1.4140472412109375
1784805835793643520,24.19718837738037,0.9034881591796875,0.711517333984375,-1.29583740234375
1784805835803563264,24.20710825920105,0.7890625,0.6685028076171875,-1.3784332275390625
1784805835813482496,24.21702742576599,0.599212646484375,0.6287841796875,-1.3362274169921875
1784805835823402496,24.22694730758667,0.74029541015625,0.666351318359375,-1.317169189453125
1784805835833321216,24.236866235733032,0.7265472412109375,0.999481201171875,-1.1090850830078125
1784805835843241472,24.24678635597229,1.09246826171875,0.78271484375,-1.1879730224609375
1784805835853160448,24.256705284118652,1.11175537109375,0.28021240234375,-1.14654541015625
1784805835863080448,24.26662540435791,1.1990509033203125,0.0794677734375,-0.877716064453125
1784805835872999424,24.276544332504272,1.1611175537109375,0.20245361328125,-0.760894775390625
1784805835882919424,24.28646421432495,1.213287353515625,0.127532958984375,-0.494659423828125
1784805835892838400,24.296383380889893,1.300628662109375,-0.373992919921875,-0.362701416015625
1784805835902758400,24.30630326271057,1.5220489501953125,-0.7956085205078125,-0.094146728515625
1784805835912677632,24.316222429275513,1.6765289306640625,-1.136810302734375,-0.0150909423828125
1784805835922597376,24.32614231109619,1.6575164794921875,-1.1616058349609375,0.040985107421875
1784805835932516352,24.336061239242554,1.50555419921875,-0.8619232177734375,0.193695068359375
1784805835942436352,24.34598135948181,1.425994873046875,-0.43450927734375,0.0277252197265625
1784805835952355328,24.355900287628174,1.472015380859375,-0.13922119140625,0.0459442138671875
1784805835962275584,24.36582040786743,1.6508331298828125,-0.2619171142578125,-0.113067626953125
1784805835972194560,24.375739336013794,1.755157470703125,-0.823333740234375,-0.3467254638671875
1784805835982114304,24.385659217834473,1.8446044921875,-1.6351470947265625,0.1986846923828125
1784805835992033536,24.395578384399414,2.300079345703125,-2.3064117431640625,0.3081817626953125
1784805836001953280,24.405498266220093,2.17596435546875,-2.0446319580078125,0.0645904541015625
1784805836011872512,24.415417432785034,1.99853515625,-1.9081268310546875,-0.22454833984375
1784805836021792512,24.425337314605713,1.91021728515625,-2.0012969970703125,-0.460540771484375
1784805836031711232,24.435256242752075,2.1563873291015625,-2.005889892578125,-0.5367279052734375
1784805836041631488,24.445176362991333,2.3269500732421875,-2.4935302734375,-0.8277587890625
1784805836051550464,24.455095291137695,2.51654052734375,-2.8341827392578125,-0.8089141845703125
1784805836061470464,24.465015411376953,2.4901123046875,-2.666290283203125,-0.762542724609375
1784805836071389440,24.474934339523315,2.4820404052734375,-2.1389617919921875,-0.732452392578125
1784805836081309440,24.484854221343994,1.9975738525390625,-1.625885009765625,-0.9204559326171875
1784805836091228416,24.494773387908936,1.048828125,-1.0081329345703125,-0.789947509765625
1784805836101148416,24.504693269729614,0.8675384521484375,-0.487548828125,-0.5496826171875
1784805836111067648,24.514612436294556,0.410858154296875,0.0049896240234375,-0.663787841796875
1784805836120987392,24.524532318115234,0.501007080078125,0.059906005859375,0.0361785888671875
1784805836130906368,24.534451246261597,0.376220703125,0.116302490234375,-0.46270751953125
1784805836140826368,24.544371366500854,1.18878173828125,0.403045654296875,0.2120361328125
1784805836150745344,24.554290294647217,1.2772216796875,0.496917724609375,-0.486083984375
1784805836160665600,24.564210414886475,1.192657470703125,0.2679901123046875,-0.5377044677734375
1784805836170584320,24.574129343032837,1.52227783203125,0.39208984375,-0.2265625
1784805836180504320,24.584049224853516,2.3641815185546875,0.4960784912109375,-0.5231781005859375
1784805836190423552,24.593968391418457,2.432586669921875,0.58453369140625,-0.912200927734375
1784805836200343296,24.603888273239136,2.931793212890625,0.1169586181640625,-0.85748291015625
1784805836210262272,24.613807201385498,2.954254150390625,-0.40032958984375,-1.2373046875
1784805836220182528,24.623727321624756,2.6663360595703125,-0.22589111328125,-0.6813201904296875
1784805836230101248,24.633646249771118,2.9514923095703125,0.13037109375,-0.9394683837890625
1784805836240021504,24.643566370010376,2.6731414794921875,-0.19964599609375,-1.13330078125
1784805836249940480,24.65348529815674,3.4055938720703125,-0.7329864501953125,-0.254150390625
1784805836259860480,24.663405418395996,3.4133758544921875,-1.5343780517578125,-1.147613525390625
1784805836269779456,24.67332434654236,2.722900390625,-0.67266845703125,-0.593170166015625
1784805836279699200,24.683244228363037,2.7967071533203125,0.156951904296875,-0.708648681640625
1784805836289618432,24.69316339492798,2.278717041015625,-0.03369140625,-0.1011962890625
1784805836299538432,24.703083276748657,2.391387939453125,-1.0409088134765625,-0.078521728515625
1784805836309457408,24.71300220489502,2.3069000244140625,-2.032562255859375,-0.0472259521484375
1784805836319377408,24.722922325134277,2.7746124267578125,-1.2722015380859375,-0.766204833984375
1784805836329296384,24.73284125328064,2.6464691162109375,0.5023345947265625,-1.781707763671875
1784805836339216384,24.742761373519897,1.8235321044921875,0.2524261474609375,-2.219635009765625
1784805836349135360,24.75268030166626,1.159271240234375,0.410247802734375,-2.2360076904296875
1784805836359055616,24.762600421905518,1.4299468994140625,1.8928070068359375,-2.287841796875
1784805836368974336,24.77251935005188,2.8233795166015625,1.994842529296875,-2.8595733642578125
1784805836378894336,24.78243923187256,2.7795562744140625,0.9624481201171875,-2.8324432373046875
1784805836388813568,24.7923583984375,1.8538665771484375,0.4121246337890625,-2.4084014892578125
1784805836398733312,24.80227828025818,1.65130615234375,0.9147491455078125,-1.6697235107421875
1784805836408652288,24.81219720840454,2.1942291259765625,0.9884490966796875,-1.75311279296875
1784805836418572544,24.8221173286438,2.5700836181640625,0.479217529296875,-2.1741485595703125
1784805836428491264,24.83203625679016,2.66070556640625,0.5908660888671875,-2.64019775390625
1784805836438411520,24.84195637702942,2.4979095458984375,1.07757568359375,-3.071044921875
1784805836448330496,24.85187530517578,2.8046875,1.21173095703125,-3.08770751953125
1784805836458250496,24.86179542541504,3.2675628662109375,0.745025634765625,-2.661285400390625
1784805836468169472,24.8717143535614,3.71270751953125,-0.086517333984375,-2.1034698486328125
1784805836478089216,24.88163423538208,4.0487518310546875,-1.06329345703125,-1.516204833984375
1784805836488008448,24.89155340194702,4.1142425537109375,-1.86663818359375,-0.9612579345703125
1784805836497928448,24.9014732837677,3.8683013916015625,-2.332763671875,-0.669647216796875
1784805836507847424,24.911392211914062,3.61016845703125,-1.8303985595703125,-0.4569854736328125
1784805836517767424,24.92131233215332,3.5736846923828125,-1.288177490234375,-0.23431396484375
1784805836527686400,24.931231260299683,3.772735595703125,-1.232330322265625,-0.153472900390625
1784805836537606400,24.94115138053894,4.0470123291015625,-1.2495880126953125,-0.1578826904296875
1784805836547525120,24.951070070266724,4.315338134765625,-1.1427001953125,0.251556396484375
1784805836557445376,24.96099019050598,4.4310760498046875,-1.16912841796875,0.9220123291015625
1784805836567364096,24.970909118652344,4.386077880859375,-1.61669921875,1.253448486328125
1784805836577284096,24.980829000473022,4.27545166015625,-1.712677001953125,1.53082275390625
1784805836587203328,24.990748167037964,4.26275634765625,-1.4380340576171875,1.524932861328125
1784805836597123072,25.000668048858643,4.386993408203125,-1.106109619140625,1.531951904296875
1784805836607042304,25.010587215423584,4.480743408203125,-0.9011077880859375,1.450775146484375
1784805836616962304,25.020507097244263,4.3680572509765625,-0.8203887939453125,1.2411041259765625
1784805836626881024,25.030426025390625,4.28985595703125,-0.694793701171875,0.99639892578125
1784805836636801280,25.040346145629883,4.2574920654296875,-0.3312225341796875,0.9554443359375
1784805836646720256,25.050265073776245,4.172027587890625,0.35516357421875,1.232147216796875
1784805836656640256,25.060185194015503,4.0221099853515625,1.26727294921875,1.553924560546875
1784805836666559232,25.070104122161865,3.5960540771484375,1.660308837890625,1.3806304931640625
1784805836676478976,25.080024003982544,2.9823760986328125,1.4523773193359375,1.062957763671875
1784805836686398208,25.089943170547485,2.5255279541015625,1.659271240234375,1.1571044921875
1784805836696318208,25.099863052368164,2.2743072509765625,2.508819580078125,1.0649566650390625
1784805836706237440,25.109782218933105,4.244964599609375,4.1732940673828125,1.5761566162109375
1784805836716157184,25.119702100753784,3.29815673828125,7.3550872802734375,3.85491943359375
1784805836726076160,25.129621028900146,0.533233642578125,4.82550048828125,-0.8574371337890625
1784805836735996160,25.139541149139404,0.4800872802734375,6.998809814453125,0.2855224609375
1784805836745915136,25.149460077285767,0.778656005859375,2.868255615234375,-1.33740234375
1784805836755835392,25.159380197525024,0.8698883056640625,1.352447509765625,-0.2200164794921875
1784805836765754112,25.169299125671387,1.1996917724609375,1.1931304931640625,0.529693603515625
1784805836775674112,25.179219007492065,1.4271087646484375,1.2677154541015625,-1.40631103515625
1784805836785593344,25.189138174057007,1.699188232421875,2.0579071044921875,-0.607757568359375
1784805836795513088,25.199058055877686,1.0877685546875,2.3187408447265625,-0.7635650634765625
1784805836805432320,25.208977222442627,0.8572998046875,1.6907806396484375,-0.74554443359375
1784805836815352320,25.218897104263306,0.3532562255859375,0.485870361328125,-0.5695343017578125
1784805836825271040,25.228816032409668,-0.0081634521484375,0.013946533203125,-0.482666015625
1784805836835191296,25.238736152648926,0.5624542236328125,0.39947509765625,-0.3555145263671875
1784805836845110272,25.248655080795288,1.0392608642578125,0.9555206298828125,-0.724700927734375
1784805836855030272,25.258575201034546,0.9009552001953125,1.614715576171875,-0.8343048095703125
1784805836864949248,25.268494129180908,0.587371826171875,1.9080657958984375,-1.0200042724609375
1784805836874868992,25.278414011001587,0.421844482421875,1.771209716796875,-0.897491455078125
1784805836884788224,25.28833317756653,0.3299102783203125,1.091339111328125,-0.884368896484375
1784805836894708224,25.298253059387207,0.3894195556640625,0.7088470458984375,-0.989471435546875
1784805836904627200,25.30817222595215,0.708251953125,0.4368896484375,-0.7436065673828125
1784805836914547200,25.318092107772827,0.5983428955078125,0.311187744140625,-0.454559326171875
1784805836924466176,25.32801103591919,0.2445220947265625,0.2223968505859375,-0.5284576416015625
1784805836934386176,25.337931156158447,-0.00701904296875,0.3195343017578125,-0.3888092041015625
1784805836944305152,25.34785008430481,0.0297393798828125,0.4966888427734375,-0.3575592041015625
1784805836954225408,25.357770204544067,0.1976470947265625,0.468597412109375,-0.310516357421875
1784805836964144128,25.36768913269043,0.28228759765625,0.3300018310546875,-0.278900146484375
1784805836974064128,25.37760901451111,0.37506103515625,0.22808837890625,-0.1788482666015625
1784805836983983360,25.38752818107605,0.5239410400390625,0.242095947265625,-0.1712493896484375
1784805836993903104,25.39744806289673,0.7532196044921875,0.18463134765625,-0.1444244384765625
1784805837003822336,25.40736722946167,0.919036865234375,0.1037139892578125,0.085357666015625
1784805837013742336,25.41728711128235,0.7767181396484375,-0.3399505615234375,0.0546722412109375
1784805837023661056,25.42720603942871,0.49365234375,-0.6435394287109375,-0.0397796630859375
1784805837033581312,25.43712615966797,0.353179931640625,-0.65325927734375,-0.1309661865234375
1784805837043500288,25.44704508781433,0.365631103515625,-0.404266357421875,-0.28704833984375
1784805837053420288,25.45696520805359,0.5341644287109375,0.0693206787109375,-0.4146728515625
1784805837063339264,25.46688413619995,0.7144622802734375,0.45623779296875,-0.598388671875
1784805837073259008,25.47680401802063,0.933380126953125,0.6702880859375,-0.6622772216796875
1784805837083178240,25.48672318458557,0.9427337646484375,0.7290496826171875,-0.8301239013671875
1784805837093098240,25.49664306640625,1.0381927490234375,0.829345703125,-1.053466796875
1784805837103017216,25.506561994552612,1.043670654296875,0.8538818359375,-1.2415771484375
1784805837112937216,25.51648211479187,1.0486602783203125,0.6397552490234375,-1.0628662109375
1784805837122856192,25.526401042938232,1.1129302978515625,0.3058319091796875,-1.0057525634765625
1784805837132776192,25.53632116317749,1.21990966796875,0.0499420166015625,-0.87420654296875
1784805837142695168,25.546240091323853,1.3206329345703125,0.100799560546875,-0.593719482421875
1784805837152615424,25.55616021156311,1.4434814453125,0.0257720947265625,-0.330078125
1784805837162534144,25.566079139709473,1.63299560546875,-0.2562408447265625,-0.3921051025390625
1784805837172454144,25.57599902153015,1.7640380859375,-0.4520111083984375,-0.1919097900390625
1784805837182373376,25.585918188095093,1.795257568359375,-0.48260498046875,-0.1923370361328125
1784805837192293120,25.59583806991577,1.8781585693359375,-0.4651031494140625,-0.1953125
1784805837202212096,25.605756998062134,1.850860595703125,-0.4916229248046875,-0.245758056640625
1784805837212132096,25.61567711830139,1.7525787353515625,-0.5708465576171875,-0.264495849609375
1784805837222051072,25.625596046447754,1.5927734375,-0.9144744873046875,-0.1668853759765625
1784805837231971328,25.63551616668701,1.4029693603515625,-1.4808807373046875,-0.0424652099609375
1784805837241890304,25.645435094833374,1.43682861328125,-2.0234832763671875,-3.0517578125e-05
1784805837251810304,25.655355215072632,1.465911865234375,-2.251861572265625,-0.1313323974609375
1784805837261729280,25.665274143218994,1.4375,-2.05133056640625,-0.318572998046875
1784805837271649024,25.675194025039673,1.7652435302734375,-1.8002777099609375,-0.5844268798828125
1784805837281568256,25.685113191604614,1.9872589111328125,-1.8250274658203125,-0.811859130859375
1784805837291488256,25.695033073425293,2.12530517578125,-2.128631591796875,-0.966217041015625
1784805837301406976,25.704952001571655,2.2758636474609375,-2.4980926513671875,-1.0641021728515625
1784805837311327232,25.714872121810913,2.3225250244140625,-2.7171630859375,-1.2138519287109375
1784805837321246208,25.724791049957275,2.409698486328125,-2.36187744140625,-1.29327392578125
1784805837331166208,25.734711170196533,2.41796875,-2.1969757080078125,-1.153076171875
1784805837341085184,25.744630098342896,2.4305267333984375,-1.6574554443359375,-0.991485595703125
1784805837351005440,25.754550218582153,2.48492431640625,-0.900390625,-0.81512451171875
1784805837360924160,25.764469146728516,2.3987884521484375,-0.750335693359375,-0.6976318359375
1784805837370844160,25.774389028549194,1.965179443359375,-0.876251220703125,-0.630584716796875
1784805837380763392,25.784308195114136,1.3428802490234375,-0.5117034912109375,-0.3599090576171875
1784805837390683136,25.794228076934814,0.679595947265625,-0.05743408203125,-0.1244354248046875
1784805837400602112,25.804147005081177,0.127166748046875,0.5908203125,0.3329010009765625
1784805837410522112,25.814067125320435,0.451416015625,0.503997802734375,0.2435302734375
1784805837420441088,25.823986053466797,1.52996826171875,0.6254425048828125,0.126800537109375
1784805837430361344,25.833906173706055,1.99365234375,1.2343902587890625,0.5720367431640625
1784805837440280320,25.843825101852417,1.7548065185546875,0.596343994140625,0.05084228515625
1784805837450200320,25.853745222091675,2.1675262451171875,0.6070098876953125,-0.08770751953125
1784805837460119296,25.863664150238037,2.210357666015625,-0.0097503662109375,-0.295166015625
1784805837470039040,25.873584032058716,2.6737823486328125,0.030853271484375,-0.516937255859375
1784805837479958272,25.883503198623657,2.8152313232421875,-0.2620697021484375,-0.9962158203125
1784805837489878272,25.893423080444336,3.80755615234375,-0.2431793212890625,-0.632720947265625
1784805837499796992,25.9033420085907,3.637359619140625,-0.369110107421875,-0.4324798583984375
1784805837509717248,25.913262128829956,2.5405731201171875,-0.8446502685546875,-0.8138275146484375
1784805837519636224,25.92318105697632,2.531280517578125,-0.8938140869140625,-0.7846527099609375
1784805837529556224,25.933101177215576,3.281524658203125,-0.757110595703125,-0.3332977294921875
1784805837539475200,25.94302010536194,2.567413330078125,-0.8237152099609375,-0.760406494140625
1784805837549395712,25.952940702438354,2.1320953369140625,-0.4671173095703125,-0.5505523681640625
1784805837559314688,25.962859630584717,2.6448974609375,-0.666748046875,-0.6218414306640625
1784805837569234688,25.972779512405396,2.05084228515625,-1.0687103271484375,-0.75250244140625
1784805837579153664,25.982698678970337,2.105804443359375,-1.1060028076171875,-0.3853607177734375
1784805837589073664,25.992618560791016,2.21185302734375,-1.1801605224609375,-0.8634185791015625
1784805837598992896,26.002537727355957,2.0439300537109375,-1.15911865234375,-1.0360870361328125
1784805837608912640,26.012457609176636,2.148345947265625,-0.843841552734375,-1.2902679443359375
1784805837618831616,26.022376537322998,2.335723876953125,0.174591064453125,-1.9197235107421875
1784805837628751872,26.032296657562256,2.530120849609375,0.591400146484375,-2.666107177734375
1784805837638670592,26.042215585708618,1.94537353515625,1.302459716796875,-2.3114471435546875
1784805837648590848,26.052135705947876,2.14990234375,2.193695068359375,-2.5460357666015625
1784805837658509824,26.06205463409424,2.1976165771484375,1.2563934326171875,-2.4555206298828125
1784805837668429568,26.071974515914917,2.0649871826171875,0.6021728515625,-2.4678955078125
1784805837678349824,26.081894636154175,2.12921142578125,0.9683837890625,-1.7806243896484375
1784805837688268544,26.091813564300537,2.263824462890625,1.4943084716796875,-1.60748291015625
1784805837698187776,26.10173273086548,2.3358001708984375,1.55511474609375,-1.6871490478515625
1784805837708107776,26.111652612686157,2.721771240234375,0.881622314453125,-1.731109619140625
1784805837718026752,26.12157154083252,2.9849853515625,0.030242919921875,-1.5852508544921875
1784805837727946752,26.131491661071777,2.9170989990234375,-0.4228057861328125,-1.4654083251953125
1784805837737865728,26.14141058921814,3.0037384033203125,-0.735595703125,-1.3918304443359375
1784805837747785728,26.151330709457397,3.15093994140625,-1.173797607421875,-1.0383758544921875
1784805837757705728,26.161250591278076,3.4929656982421875,-1.4793243408203125,-0.781219482421875
1784805837767624704,26.17116951942444,3.5125732421875,-1.7768096923828125,-0.494659423828125
1784805837777543680,26.18108868598938,3.4916839599609375,-1.74078369140625,-0.170806884765625
1784805837787463680,26.19100856781006,3.60369873046875,-1.35992431640625,0.05035400390625
1784805837797382656,26.20092749595642,3.7865753173828125,-0.992767333984375,0.170806884765625
1784805837807302656,26.21084761619568,4.04901123046875,-0.7656097412109375,0.3097686767578125
1784805837817221632,26.22076654434204,4.075469970703125,-0.709075927734375,0.41265869140625
1784805837827141888,26.2306866645813,4.1082916259765625,-0.53955078125,0.3871002197265625
1784805837837060608,26.24060559272766,4.158966064453125,-0.13671875,0.66156005859375
1784805837846980864,26.25052571296692,4.195648193359375,-0.0419921875,0.885772705078125
1784805837856899840,26.26044464111328,4.074493408203125,-0.025238037109375,1.1984405517578125
1784805837866819584,26.27036452293396,3.8503265380859375,0.0353851318359375,1.2133941650390625
1784805837876738816,26.2802836894989,3.53167724609375,0.1388397216796875,1.0193023681640625
1784805837886658560,26.29020357131958,3.244293212890625,7.62939453125e-05,0.831298828125
1784805837896578816,26.300123691558838,3.08819580078125,-0.144287109375,0.7141571044921875
1784805837906497792,26.3100426197052,3.068389892578125,-0.244873046875,0.687286376953125
1784805837916416768,26.319961547851562,3.19232177734375,-0.27484130859375,0.6960296630859375
1784805837926336768,26.32988166809082,3.31365966796875,-0.191864013671875,0.833160400390625
1784805837936255744,26.339800596237183,3.3296966552734375,0.0380096435546875,1.0844879150390625
1784805837946175744,26.34972071647644,3.2765350341796875,0.5003662109375,1.2139892578125
1784805837956094720,26.359639644622803,3.1944580078125,1.320159912109375,1.4390869140625
1784805837966014720,26.36955952644348,2.95098876953125,2.008056640625,1.3183135986328125
1784805837975933696,26.379478693008423,2.589141845703125,2.2906646728515625,0.8940887451171875
1784805837985853696,26.3893985748291,2.379608154296875,3.0373077392578125,1.0255279541015625
1784805837995772672,26.399317502975464,5.725799560546875,5.5687713623046875,1.0800628662109375
1784805838005692672,26.40923762321472,1.437774658203125,6.0651092529296875,2.1015472412109375
1784805838015611648,26.419156551361084,0.2266693115234375,5.2024993896484375,0.5778961181640625
1784805838025531648,26.429076671600342,-1.2004547119140625,6.9001007080078125,0.229736328125
1784805838035450624,26.438995599746704,-0.7341766357421875,3.4151153564453125,-0.2277069091796875
1784805838045370880,26.448915719985962,0.075958251953125,1.632080078125,0.3312225341796875
1784805838055289856,26.458834648132324,0.7467041015625,0.8700714111328125,1.128631591796875
1784805838065209600,26.468754529953003,1.2548980712890625,0.523162841796875,0.8034210205078125
1784805838075128832,26.478673696517944,1.40625,0.9326019287109375,-0.4996490478515625
1784805838085048576,26.488593578338623,1.3694915771484375,1.59466552734375,-1.0451202392578125
1784805838094967552,26.498512506484985,1.019744873046875,1.4358367919921875,-0.6504058837890625
1784805838104887808,26.508432626724243,0.9669647216796875,1.624542236328125,-0.9212799072265625
1784805838114806528,26.518351554870605,0.7141265869140625,1.7554168701171875,-0.6613006591796875
1784805838124726784,26.528271675109863,0.596954345703125,1.571563720703125,-0.9352264404296875
1784805838134645760,26.538190603256226,0.719207763671875,1.5265045166015625,-0.7773590087890625
1784805838144565760,26.548110723495483,0.6973419189453125,1.3927459716796875,-0.4857635498046875
1784805838154484736,26.558029651641846,0.9404144287109375,0.9715728759765625,-0.6628570556640625
1784805838164404736,26.567949533462524,0.6275482177734375,0.70550537109375,-0.6207427978515625
1784805838174323712,26.577868700027466,0.34393310546875,0.3672027587890625,-0.6081390380859375
1784805838184243712,26.587788581848145,0.239715576171875,-0.097015380859375,-0.775146484375
1784805838194162688,26.597707509994507,0.1892242431640625,-0.3544921875,-1.0235137939453125
1784805838204082688,26.607627630233765,0.142822265625,-0.195953369140625,-0.8209991455078125
1784805838214001664,26.617546558380127,0.4670867919921875,-0.057891845703125,-0.815460205078125
1784805838223921664,26.627466678619385,0.7356109619140625,-0.0249481201171875,-1.1076202392578125
1784805838233840640,26.637385606765747,0.490447998046875,0.1081085205078125,-0.914520263671875
1784805838243760896,26.647305727005005,0.271881103515625,0.1381072998046875,-0.7317657470703125
1784805838253679872,26.657224655151367,0.2947540283203125,-0.0577545166015625,-0.5189056396484375
1784805838263599616,26.667144536972046,0.2270965576171875,0.0180511474609375,-0.16851806640625
1784805838273518848,26.677063703536987,0.3135223388671875,0.08380126953125,0.0546875
1784805838283438592,26.686983585357666,0.3373565673828125,0.4382476806640625,0.3897857666015625
1784805838293357568,26.69690251350403,0.3714447021484375,0.6012115478515625,0.6573638916015625
1784805838303277824,26.706822633743286,0.44537353515625,0.2429656982421875,0.561279296875
1784805838313196544,26.71674156188965,0.3680877685546875,-0.26214599609375,0.5160980224609375
1784805838323116800,26.726661682128906,0.34906005859375,-0.6250152587890625,0.14862060546875
1784805838333035776,26.73658061027527,0.4590911865234375,-0.5977020263671875,0.235260009765625
1784805838342955776,26.746500730514526,0.6224212646484375,-0.2207794189453125,-0.09088134765625
1784805838352874752,26.75641965866089,0.7757415771484375,0.1347503662109375,-0.5096588134765625
1784805838362794752,26.766339540481567,0.73614501953125,0.9188995361328125,-1.0775909423828125
1784805838372713728,26.77625870704651,0.9095306396484375,1.716156005859375,-1.36669921875
1784805838382633728,26.786178588867188,0.9319000244140625,1.8749542236328125,-1.8416748046875
1784805838392552704,26.79609751701355,0.9442138671875,1.5032196044921875,-1.9800262451171875
1784805838402472704,26.806017637252808,0.860321044921875,0.7612457275390625,-1.7461700439453125
1784805838412391680,26.81593656539917,0.976470947265625,0.076904296875,-1.453338623046875
1784805838422311680,26.825856685638428,1.19879150390625,-0.1477813720703125,-1.185211181640625
1784805838432230656,26.83577561378479,1.402923583984375,-0.1071624755859375,-0.99951171875
1784805838442150656,26.84569549560547,1.55145263671875,0.000579833984375,-1.0662841796875
1784805838452069632,26.85561466217041,1.4818572998046875,0.076324462890625,-0.9993133544921875
1784805838461989632,26.86553454399109,1.3946380615234375,-0.0527191162109375,-0.8520355224609375
1784805838471908864,26.87545371055603,1.4115753173828125,-0.443145751953125,-0.573150634765625
1784805838481828608,26.88537359237671,1.35357666015625,-0.820159912109375,-0.4298248291015625
1784805838491747584,26.89529252052307,1.2727203369140625,-0.9698486328125,-0.2781219482421875
1784805838501667840,26.90521264076233,1.3144378662109375,-0.7717132568359375,-0.1063690185546875
1784805838511586560,26.91513156890869,1.41461181640625,-0.5193023681640625,0.03570556640625
1784805838521506816,26.92505168914795,1.5383758544921875,-0.610992431640625,0.1200714111328125
1784805838531425792,26.93497061729431,1.5396728515625,-1.0493011474609375,0.1183013916015625
1784805838541345024,26.944890022277832,1.5794525146484375,-1.3248443603515625,0.2059173583984375
1784805838551264000,26.954808950424194,1.48883056640625,-1.3832855224609375,0.10125732421875
1784805838561184000,26.964728832244873,1.5344085693359375,-1.4703826904296875,-0.1155853271484375
1784805838571102976,26.974647998809814,1.6614990234375,-1.6654815673828125,-0.32000732421875
1784805838581022976,26.984567880630493,1.756195068359375,-1.794891357421875,-0.4799957275390625
1784805838590942208,26.994487047195435,2.0150299072265625,-1.814117431640625,-0.5345611572265625
1784805838600861952,27.004406929016113,2.46417236328125,-2.0185394287109375,-0.760467529296875
1784805838610780928,27.014325857162476,2.8655548095703125,-2.1133270263671875,-0.9868011474609375
1784805838620701184,27.024245977401733,3.1038665771484375,-2.335235595703125,-1.44403076171875
1784805838630619904,27.034164905548096,2.96441650390625,-2.1766204833984375,-1.409454345703125
1784805838640540160,27.044085025787354,2.287017822265625,-1.9490509033203125,-1.077484130859375
1784805838650459136,27.054003953933716,2.0900726318359375,-1.54180908203125,-1.04345703125
1784805838660378880,27.063923835754395,1.7885284423828125,-1.1192169189453125,-0.7581787109375
1784805838670298112,27.073843002319336,1.36688232421875,-0.726959228515625,-0.5495147705078125
1784805838680217856,27.083762884140015,1.2550201416015625,-0.0844573974609375,-0.1214141845703125
1784805838690137088,27.093682050704956,1.182281494140625,-0.0629425048828125,0.0411529541015625
1784805838700057088,27.103601932525635,0.47064208984375,-0.31988525390625,0.016387939453125
1784805838709976064,27.113520860671997,0.663848876953125,0.1657562255859375,0.7884521484375
1784805838719896064,27.123440980911255,0.6349945068359375,0.6444854736328125,0.5312042236328125
1784805838729815040,27.133359909057617,1.052154541015625,0.561553955078125,0.1637725830078125
1784805838739735040,27.143280029296875,1.7865447998046875,0.343353271484375,-0.1148223876953125
1784805838749654016,27.153198957443237,2.34075927734375,0.7708892822265625,-0.659332275390625
1784805838759574016,27.163118839263916,2.875885009765625,0.498443603515625,-1.088592529296875
1784805838769492992,27.173038005828857,2.5063323974609375,0.235015869140625,-0.9408721923828125
1784805838779412992,27.182957887649536,2.5887451171875,-0.4738616943359375,-0.885467529296875
1784805838789332224,27.192877054214478,2.8416748046875,-0.153228759765625,-0.93499755859375
1784805838799251968,27.202796936035156,2.736328125,0.028167724609375,-0.9447479248046875
1784805838809170944,27.21271586418152,2.804779052734375,-0.108154296875,-0.654754638671875
1784805838819091200,27.222635984420776,3.0576629638671875,-0.795196533203125,-0.2452392578125
1784805838829009920,27.23255491256714,3.352691650390625,-1.2558135986328125,-0.59613037109375
1784805838838930176,27.242475032806396,2.3783111572265625,-0.676971435546875,-0.5096893310546875
1784805838848849152,27.25239396095276,2.3175506591796875,-0.0740203857421875,-0.527435302734375
1784805838858768896,27.262313842773438,2.2208099365234375,0.044677734375,-0.8677978515625
1784805838868688128,27.27223300933838,1.699493408203125,-0.54071044921875,-0.7680511474609375
1784805838878607872,27.282152891159058,2.518951416015625,-0.8689117431640625,-0.429656982421875
1784805838888527104,27.292072057724,2.238616943359375,-0.855438232421875,-0.508697509765625
1784805838898446080,27.30199098587036,2.1940460205078125,-0.5394134521484375,-0.641632080078125
1784805838908366080,27.31191086769104,2.0029449462890625,0.25726318359375,-1.0372467041015625
1784805838918285056,27.32183003425598,2.156829833984375,0.2203369140625,-1.5714569091796875
1784805838928205056,27.33174991607666,1.528228759765625,0.8059234619140625,-1.8519287109375
1784805838938124032,27.341668844223022,1.1064300537109375,1.2458953857421875,-2.572723388671875
1784805838948044032,27.35158896446228,2.8370208740234375,2.073455810546875,-2.459808349609375
1784805838957963008,27.361507892608643,2.8330535888671875,1.4383087158203125,-2.5546112060546875
1784805838967883008,27.3714280128479,2.153045654296875,1.3842620849609375,-2.4703521728515625
1784805838977801984,27.381346940994263,2.0308837890625,2.1021881103515625,-1.9871063232421875
1784805838987722240,27.39126706123352,1.8625946044921875,2.2180938720703125,-1.57269287109375
1784805838997640960,27.401185989379883,2.5723419189453125,1.612030029296875,-1.6185150146484375
1784805839007560960,27.41110587120056,3.6315765380859375,0.682464599609375,-1.5559234619140625
1784805839017480192,27.421025037765503,3.9300689697265625,-0.438629150390625,-1.320556640625
1784805839027399936,27.43094491958618,3.4784698486328125,-0.93243408203125,-1.29620361328125
1784805839037318912,27.440863847732544,3.0852203369140625,-0.6476287841796875,-1.6381072998046875
1784805839047239168,27.4507839679718,3.2137908935546875,-0.2288970947265625,-1.6179351806640625
1784805839057157888,27.460702896118164,3.6468505859375,-0.30120849609375,-1.421875
1784805839067078144,27.470623016357422,3.88079833984375,-0.5550689697265625,-1.1631317138671875
1784805839076997120,27.480541944503784,3.8895416259765625,-0.6456298828125,-1.1715087890625
1784805839086916864,27.490461826324463,3.86273193359375,-0.519439697265625,-0.8545989990234375
1784805839096836096,27.500380992889404,3.90386962890625,-0.5504913330078125,-0.3349456787109375
1784805839106756096,27.510300874710083,3.978759765625,-0.4295501708984375,0.1094818115234375
1784805839116675072,27.520220041275024,4.0363616943359375,-0.1892852783203125,0.2751007080078125
1784805839126595072,27.530139923095703,4.09820556640625,-0.1784515380859375,0.4326324462890625
1784805839136514048,27.540058851242065,4.1534271240234375,-0.3465728759765625,0.68951416015625
1784805839146434048,27.549978971481323,4.0838470458984375,-0.5839996337890625,0.95794677734375
1784805839156353024,27.559897899627686,3.9123382568359375,-0.698272705078125,1.0709991455078125
1784805839166273024,27.569818019866943,3.7321014404296875,-0.527435302734375,1.232177734375
1784805839176192000,27.579736948013306,3.574249267578125,-0.3426055908203125,1.220489501953125
1784805839186112000,27.589656829833984,3.4222259521484375,-0.259185791015625,1.0354156494140625
1784805839196030976,27.599575996398926,3.458404541015625,-0.2369537353515625,0.8097991943359375
1784805839205950976,27.609495878219604,3.66839599609375,-0.2168731689453125,0.7267913818359375
1784805839215870208,27.619415044784546,3.8183746337890625,-0.0589752197265625,0.7158660888671875
1784805839225789952,27.629334926605225,3.760009765625,0.1305694580078125,0.659210205078125
1784805839235708928,27.639253854751587,3.6193084716796875,0.2285308837890625,0.520294189453125
1784805839245629184,27.649173974990845,3.4276275634765625,0.336456298828125,0.56103515625
1784805839255547904,27.659092903137207,3.2146453857421875,0.5789794921875,0.9093170166015625
1784805839265468160,27.669013023376465,2.877288818359375,0.666229248046875,1.16522216796875
1784805839275387136,27.678931951522827,2.543670654296875,0.69573974609375,1.2183074951171875
1784805839285306880,27.688851833343506,2.5625,1.384002685546875,0.5750579833984375
1784805839295226112,27.698770999908447,7.4412384033203125,6.264495849609375,0.591705322265625
1784805839305145856,27.708690881729126,1.84649658203125,7.0672607421875,2.737152099609375
1784805839315065088,27.718610048294067,1.0715789794921875,6.0948486328125,-0.3671417236328125
1784805839324985088,27.728529930114746,-0.1038818359375,6.57220458984375,-1.0795745849609375
1784805839334904064,27.73844885826111,-0.177947998046875,2.7959442138671875,-0.2839202880859375
1784805839344824064,27.748368978500366,0.015869140625,1.4334259033203125,0.62005615234375
1784805839354743040,27.75828790664673,0.552642822265625,1.07525634765625,0.5607147216796875
1784805839364662016,27.76820683479309,0.8627777099609375,1.5076446533203125,0.700103759765625
1784805839374582016,27.77812695503235,1.5504608154296875,1.8165435791015625,-1.2842559814453125
1784805839384500992,27.78804588317871,1.8659515380859375,2.1077423095703125,-1.0849761962890625
1784805839394420992,27.79796600341797,2.25726318359375,2.0894317626953125,-0.991180419921875
1784805839404339968,27.80788493156433,1.797454833984375,1.8234405517578125,-0.9509429931640625
1784805839414260224,27.81780505180359,0.863433837890625,1.736785888671875,-0.6725006103515625
1784805839424179200,27.82772397994995,0.5468292236328125,1.3657379150390625,-0.596649169921875
1784805839434098944,27.83764386177063,0.411895751953125,0.9442596435546875,-0.322662353515625
1784805839444018176,27.84756302833557,0.7289886474609375,0.815673828125,-0.41998291015625
1784805839453937920,27.85748291015625,0.54669189453125,0.8201904296875,-0.1889190673828125
1784805839463856896,27.867401838302612,0.185028076171875,0.65679931640625,-0.495391845703125
1784805839473777152,27.87732195854187,0.13311767578125,0.6330108642578125,-0.5677337646484375
1784805839483695872,27.887240886688232,0.200958251953125,0.4079132080078125,-0.7915802001953125
1784805839493616128,27.89716100692749,0.36749267578125,0.3052978515625,-0.7954254150390625
1784805839503535104,27.907079935073853,0.733367919921875,0.2947998046875,-0.520263671875
1784805839513455104,27.91700005531311,0.8154754638671875,0.0936126708984375,-0.70281982421875
1784805839523374080,27.926918983459473,0.63531494140625,0.15618896484375,-0.5802154541015625
1784805839533294080,27.93683886528015,0.2704925537109375,0.350738525390625,-0.3997344970703125
1784805839543212800,27.946757793426514,0.104339599609375,0.4997406005859375,-0.471435546875
1784805839553133056,27.95667791366577,0.0311431884765625,0.5918731689453125,-0.3986968994140625
1784805839563052032,27.966596841812134,0.201568603515625,0.484161376953125,-0.2417449951171875
1784805839572971776,27.976516723632812,0.4965057373046875,0.1748504638671875,-0.1516571044921875
1784805839582891008,27.986435890197754,0.6683349609375,0.0401153564453125,0.0259246826171875
1784805839592810752,27.996355772018433,0.692108154296875,-0.2694854736328125,-0.2590179443359375
1784805839602729984,28.006274938583374,0.674346923828125,-0.4265289306640625,-0.445159912109375
1784805839612649984,28.016194820404053,0.7003631591796875,-0.274383544921875,-0.66241455078125
1784805839622568960,28.026113748550415,0.583709716796875,0.1367340087890625,-0.744537353515625
1784805839632488960,28.036033868789673,0.6945343017578125,0.6295928955078125,-0.8136749267578125
1784805839642407936,28.045952796936035,0.6824798583984375,1.0523681640625,-1.0858612060546875
1784805839652327936,28.055872917175293,0.7983856201171875,1.0548248291015625,-1.0153961181640625
1784805839662246912,28.065791845321655,0.9626922607421875,0.474334716796875,-0.9400787353515625
1784805839672166912,28.075711727142334,0.9788970947265625,0.0262298583984375,-1.01885986328125
1784805839682085888,28.085630893707275,0.8791656494140625,0.1482391357421875,-0.7762908935546875
1784805839692004864,28.095549821853638,0.92864990234375,0.16998291015625,-0.910430908203125
1784805839701924864,28.105469703674316,1.0333709716796875,0.366363525390625,-0.9105987548828125
1784805839711843840,28.115388870239258,1.264923095703125,0.37933349609375,-0.908721923828125
1784805839721763840,28.125308752059937,1.5375213623046875,-0.0606536865234375,-0.83709716796875
1784805839731683072,28.135227918624878,1.7186279296875,-0.4210052490234375,-0.3918609619140625
1784805839741602816,28.145147800445557,1.7454986572265625,-0.6489105224609375,-0.1821441650390625
1784805839751521792,28.15506672859192,1.6129150390625,-0.676666259765625,-0.0429229736328125
1784805839761442048,28.164986848831177,1.3078155517578125,-0.526763916015625,-0.02764892578125
1784805839771360768,28.17490577697754,1.14483642578125,-0.393402099609375,0.280517578125
1784805839781281024,28.184825897216797,1.2122039794921875,-0.57470703125,0.2957305908203125
1784805839791200000,28.19474482536316,1.324310302734375,-0.7186279296875,0.215728759765625
1784805839801119744,28.204664707183838,1.528167724609375,-0.704498291015625,0.1185760498046875
1784805839811038976,28.21458387374878,1.707855224609375,-0.8038330078125,0.0289306640625
1784805839820958976,28.224503755569458,1.8733062744140625,-1.262054443359375,-0.0095062255859375
1784805839830877952,28.2344229221344,2.1310272216796875,-1.8023834228515625,-0.21160888671875
1784805839840797952,28.244342803955078,2.28692626953125,-2.072998046875,-0.353973388671875
1784805839850716928,28.25426173210144,2.36456298828125,-1.9818878173828125,-0.627777099609375
1784805839860636928,28.2641818523407,2.53680419921875,-1.6352081298828125,-0.698089599609375
1784805839870555904,28.27410078048706,2.89788818359375,-2.1293182373046875,-0.90594482421875
1784805839880475904,28.28402090072632,2.84423828125,-2.2477874755859375,-1.137054443359375
1784805839890394880,28.29393982887268,2.8175048828125,-1.943817138671875,-1.398040771484375
1784805839900314880,28.30385971069336,2.5302581787109375,-2.0253753662109375,-1.5307159423828125
1784805839910233856,28.3137788772583,2.409454345703125,-1.8726806640625,-1.282073974609375
1784805839920153856,28.32369875907898,2.80157470703125,-1.7105865478515625,-1.0256805419921875
1784805839930073088,28.33361792564392,2.1280059814453125,-1.328277587890625,-1.0123748779296875
1784805839939992832,28.3435378074646,1.1802825927734375,-0.8552398681640625,-0.871246337890625
1784805839949911808,28.353456735610962,0.72686767578125,-0.7553863525390625,-0.646026611328125
1784805839959832064,28.36337685585022,0.517425537109375,-0.59027099609375,-0.080169677734375
1784805839969750784,28.373295783996582,0.6245880126953125,0.146331787109375,0.151611328125
1784805839979669760,28.383214712142944,0.6513519287109375,0.7222137451171875,-0.031585693359375
1784805839989590016,28.393134832382202,1.504852294921875,0.7570037841796875,-0.0940704345703125
1784805839999508736,28.403053760528564,0.948699951171875,1.5634765625,-0.5298309326171875
1784805840009428992,28.412973880767822,1.8593292236328125,1.1312408447265625,-0.1820220947265625
1784805840019347968,28.422892808914185,2.2791595458984375,0.6357574462890625,-0.4209747314453125
1784805840029267968,28.432812929153442,2.9646453857421875,-0.1905059814453125,-0.429443359375
1784805840039186944,28.442731857299805,2.8345947265625,-0.19158935546875,-0.71380615234375
1784805840049106944,28.452651739120483,2.8335418701171875,0.514068603515625,-0.636993408203125
1784805840059025920,28.462570905685425,3.2445526123046875,0.066986083984375,-1.2005462646484375
1784805840068945920,28.472490787506104,3.503875732421875,-0.3469390869140625,-1.028106689453125
1784805840078864896,28.482409715652466,3.548095703125,-0.6661224365234375,-0.856170654296875
1784805840088784896,28.492329835891724,3.4568023681640625,-1.3653564453125,-1.055877685546875
1784805840098703872,28.502248764038086,2.7684326171875,-1.4206390380859375,-0.9445648193359375
1784805840108623872,28.512168884277344,2.44305419921875,-1.0349884033203125,-0.7782745361328125
1784805840118542848,28.522087812423706,2.7468414306640625,-0.7815399169921875,-0.9585113525390625
1784805840128463104,28.532007932662964,2.879669189453125,-0.5070037841796875,0.021881103515625
1784805840138382080,28.541926860809326,2.78070068359375,-1.336395263671875,-0.658843994140625
1784805840148301824,28.551846742630005,2.599822998046875,-1.106292724609375,-0.95843505859375
1784805840158221056,28.561765909194946,1.795989990234375,-0.791259765625,-1.6506805419921875
1784805840168140800,28.571685791015625,1.770751953125,-0.118408203125,-2.4365997314453125
1784805840178059776,28.581604719161987,2.6855621337890625,1.5610198974609375,-2.9127044677734375
1784805840187980032,28.591524839401245,2.136383056640625,1.101409912109375,-3.2646484375
1784805840197898752,28.601443767547607,2.2303009033203125,1.40692138671875,-3.2147979736328125
1784805840207819008,28.611363887786865,2.2824554443359375,1.0836334228515625,-2.8852691650390625
1784805840217737984,28.621282815933228,1.4785003662109375,1.3241119384765625,-2.13897705078125
1784805840227656960,28.63120174407959,1.62091064453125,1.766204833984375,-2.127593994140625
1784805840237576960,28.641121864318848,2.6601104736328125,1.2294769287109375,-2.2840423583984375
1784805840247495936,28.65104079246521,3.6417083740234375,0.1995849609375,-2.304290771484375
1784805840257415936,28.660960912704468,3.89764404296875,-0.75201416015625,-2.1964569091796875
1784805840267334912,28.67087984085083,3.4807281494140625,-1.2249298095703125,-2.043426513671875
1784805840277254912,28.68079972267151,3.048828125,-1.348846435546875,-1.9818267822265625
1784805840287173888,28.69071888923645,3.0127105712890625,-1.493499755859375,-1.715728759765625
1784805840297093888,28.70063877105713,3.2229766845703125,-1.82183837890625,-1.35333251953125
1784805840307013120,28.71055793762207,3.4071807861328125,-2.1605682373046875,-1.406158447265625
1784805840316932864,28.72047781944275,3.2686004638671875,-2.11083984375,-1.369476318359375
1784805840326851840,28.73039674758911,3.4376373291015625,-1.838165283203125,-1.0733184814453125
1784805840336771840,28.74031686782837,3.8506622314453125,-1.535980224609375,-0.3768768310546875
1784805840346690816,28.75023579597473,4.222076416015625,-1.33819580078125,0.480377197265625
1784805840356611072,28.76015591621399,4.2469940185546875,-1.1256866455078125,0.9665985107421875
1784805840366530048,28.77007484436035,3.9667510986328125,-0.9068756103515625,1.113067626953125
1784805840376449792,28.77999472618103,3.7808837890625,-0.9496307373046875,1.205291748046875
1784805840386369024,28.78991389274597,3.90289306640625,-1.3711700439453125,1.2566070556640625
1784805840396288768,28.79983377456665,4.204071044921875,-1.467742919921875,1.4299468994140625
1784805840406207744,28.809752702713013,4.385406494140625,-0.9951019287109375,1.5706024169921875
1784805840416128000,28.81967282295227,4.264312744140625,-0.4401702880859375,1.52752685546875
1784805840426046976,28.829591751098633,3.977142333984375,-0.1676025390625,1.4817962646484375
1784805840435965952,28.839510917663574,3.7546844482421875,-0.2317657470703125,1.3236083984375
1784805840445885952,28.849430799484253,3.6818695068359375,-0.287933349609375,1.073211669921875
1784805840455804928,28.859349727630615,3.673309326171875,-0.2752227783203125,0.9596099853515625
1784805840465724928,28.869269847869873,3.6078643798828125,-0.023406982421875,1.1291351318359375
1784805840475643904,28.879188776016235,3.6490631103515625,0.3928375244140625,1.3231048583984375
1784805840485563904,28.889108896255493,3.6440887451171875,0.852630615234375,1.3807525634765625
1784805840495482880,28.899027824401855,3.3647918701171875,1.1616363525390625,1.213623046875
1784805840505402880,28.908947706222534,3.064208984375,1.4432830810546875,0.9626617431640625
1784805840515321856,28.918866872787476,2.7602386474609375,1.8663330078125,0.9552154541015625
1784805840525241856,28.928786754608154,2.311309814453125,2.2480621337890625,0.8114166259765625
1784805840535161088,28.938705921173096,1.945037841796875,3.1921844482421875,0.86956787109375
1784805840545080832,28.948625802993774,5.164306640625,6.4820556640625,0.9258880615234375
1784805840554999808,28.958544731140137,0.83538818359375,6.551910400390625,0.43255615234375
1784805840564919808,28.968464612960815,-0.1438446044921875,6.13641357421875,-0.180694580078125
1784805840574838784,28.978383779525757,0.6963348388671875,3.1964874267578125,-1.00537109375
1784805840584758784,28.988303661346436,1.2532501220703125,0.9591217041015625,-0.4899444580078125
1784805840594677760,28.998222589492798,2.0084991455078125,0.54443359375,0.4301300048828125
1784805840604597760,29.008142709732056,1.96282958984375,1.2053070068359375,-0.50213623046875
1784805840614516736,29.018061637878418,2.149169921875,2.4756011962890625,-1.288177490234375
1784805840624436736,29.027981758117676,0.8799591064453125,2.890533447265625,-0.824493408203125
1784805840634355712,29.037900686264038,0.0065155029296875,2.18902587890625,-0.6189117431640625
1784805840644274688,29.0478196144104,0.148223876953125,1.2936553955078125,-0.46307373046875
1784805840654194944,29.057739734649658,0.376678466796875,0.4690704345703125,-0.6275634765625
1784805840664113664,29.06765866279602,0.641143798828125,0.5286712646484375,-0.4195556640625
1784805840674033920,29.07757878303528,0.949462890625,0.9623870849609375,-0.5116424560546875
1784805840683952896,29.08749771118164,0.9310302734375,1.3193359375,-0.7019805908203125
1784805840693872640,29.09741759300232,0.607879638671875,1.5421600341796875,-0.7439422607421875
1784805840703791872,29.10733675956726,0.3877105712890625,1.7518310546875,-0.5826568603515625
1784805840713711616,29.11725664138794,0.4908294677734375,1.359649658203125,-0.74578857421875
1784805840723630848,29.12717580795288,0.4416351318359375,0.9151611328125,-0.6784210205078125
1784805840733550848,29.13709568977356,0.5297088623046875,0.5186920166015625,-0.6747894287109375
1784805840743469824,29.147014617919922,0.760528564453125,0.0557098388671875,-0.5921478271484375
1784805840753389824,29.15693473815918,0.5058746337890625,0.0006866455078125,-0.454254150390625
1784805840763308800,29.166853666305542,0.193267822265625,0.1501617431640625,-0.3363494873046875
1784805840773228800,29.1767737865448,0.21990966796875,0.1374359130859375,-0.4814910888671875
1784805840783147776,29.186692714691162,0.2238616943359375,0.2773284912109375,-0.4872894287109375
1784805840793067776,29.19661259651184,0.296295166015625,0.51318359375,-0.3769378662109375
1784805840802986752,29.206531763076782,0.41070556640625,0.577972412109375,-0.40411376953125
1784805840812905728,29.216450691223145,0.6116485595703125,0.45654296875,-0.5635833740234375
1784805840822825984,29.226370811462402,0.6680908203125,0.3076019287109375,-0.261260986328125
1784805840832744960,29.236289739608765,0.596038818359375,0.1465301513671875,0.4261474609375
1784805840842664704,29.246209621429443,0.57122802734375,-0.2953033447265625,0.6548004150390625
1784805840852583936,29.256128787994385,0.649139404296875,-0.8803863525390625,0.392578125
1784805840862503680,29.266048669815063,0.5470428466796875,-1.18377685546875,0.155120849609375
1784805840872422656,29.275967597961426,0.5617523193359375,-1.1817626953125,-0.096343994140625
1784805840882342912,29.285887718200684,0.767059326171875,-0.857330322265625,-0.3851165771484375
1784805840892261632,29.295806646347046,0.8284759521484375,0.0562744140625,-0.394500732421875
1784805840902181888,29.305726766586304,0.9555511474609375,0.9578704833984375,-0.664520263671875
1784805840912100864,29.315645694732666,1.022216796875,1.602691650390625,-1.1709747314453125
1784805840922020608,29.325565576553345,1.0710296630859375,1.709075927734375,-1.27252197265625
1784805840931939840,29.335484743118286,1.0412139892578125,1.157379150390625,-1.317474365234375
1784805840941859840,29.345404624938965,0.871734619140625,0.485992431640625,-1.0903167724609375
1784805840951778816,29.355323791503906,0.89337158203125,0.0067138671875,-0.896026611328125
1784805840961698816,29.365243673324585,1.096710205078125,-0.2789154052734375,-0.7846832275390625
1784805840971617792,29.375162601470947,1.329742431640625,-0.4152374267578125,-0.7676849365234375
1784805840981536768,29.38508176803589,1.641998291015625,-0.537750244140625,-0.748077392578125
1784805840991456768,29.395001649856567,1.761993408203125,-0.70379638671875,-0.6165313720703125
1784805841001375744,29.40492057800293,1.8718109130859375,-0.727813720703125,-0.385894775390625
1784805841011295744,29.414840698242188,1.8734130859375,-0.550689697265625,-0.3324737548828125
1784805841021214720,29.42475962638855,1.855804443359375,-0.205596923828125,-0.2932281494140625
1784805841031134720,29.434679746627808,1.8245849609375,-0.0141143798828125,-0.3014373779296875
1784805841041053696,29.44459867477417,1.55535888671875,-0.1418609619140625,-0.2982635498046875
1784805841050973952,29.454518795013428,1.5329437255859375,-0.50567626953125,-0.0821075439453125
1784805841060892928,29.46443772315979,1.5728607177734375,-1.079833984375,0.084564208984375
1784805841070812672,29.47435760498047,1.7625885009765625,-1.4206085205078125,0.2234039306640625
1784805841080731904,29.48427677154541,1.91729736328125,-1.8583984375,-0.0585174560546875
1784805841090651648,29.49419665336609,2.0222625732421875,-1.900360107421875,-0.2364959716796875
1784805841100570624,29.50411558151245,1.9325408935546875,-1.7515869140625,-0.1785430908203125
1784805841110490880,29.51403570175171,1.8713226318359375,-2.1037139892578125,-0.744598388671875
1784805841120409600,29.52395462989807,1.9112701416015625,-2.4127349853515625,-0.8566741943359375
1784805841130328832,29.533873796463013,2.181365966796875,-2.485992431640625,-1.1386566162109375
1784805841140248832,29.54379367828369,2.2415008544921875,-2.3359222412109375,-1.4914398193359375
1784805841150167808,29.553712606430054,2.3235015869140625,-2.14630126953125,-1.5844268798828125
1784805841160087808,29.56363272666931,2.086822509765625,-1.942169189453125,-1.6163177490234375
1784805841170006784,29.573551654815674,1.6522369384765625,-1.6474609375,-1.301239013671875
1784805841179926784,29.58347177505493,1.5164794921875,-1.3684234619140625,-1.025848388671875
1784805841189845760,29.593390703201294,1.720123291015625,-1.7133941650390625,-0.651641845703125
1784805841199765760,29.603310585021973,1.7664337158203125,-1.348907470703125,-0.518096923828125
1784805841209684736,29.613229751586914,1.6497802734375,-0.6501617431640625,-0.2531890869140625
1784805841219604736,29.623149633407593,1.2793426513671875,-0.4040679931640625,-0.1844024658203125
1784805841229523968,29.633068799972534,0.4926910400390625,-0.02294921875,0.1206207275390625
1784805841239443712,29.642988681793213,0.3604583740234375,0.44873046875,0.2908172607421875
1784805841249362688,29.652907609939575,0.4203338623046875,1.0113983154296875,0.496856689453125
1784805841259282944,29.662827730178833,0.625732421875,0.9551239013671875,0.290496826171875
1784805841269201664,29.672746658325195,1.094757080078125,1.2957763671875,0.338836669921875
1784805841279121920,29.682666778564453,1.5728759765625,1.004150390625,0.1148681640625
1784805841289040896,29.692585706710815,1.891082763671875,0.08349609375,-0.743804931640625
1784805841298959616,29.702504634857178,2.1999664306640625,-0.0138397216796875,-0.7783203125
1784805841308879872,29.712424755096436,2.7588043212890625,0.104095458984375,-0.7462310791015625
1784805841318798848,29.722343683242798,2.76806640625,0.1757354736328125,-0.5724334716796875
1784805841328718848,29.732263803482056,3.1668701171875,0.0078277587890625,-0.2828369140625
1784805841338637824,29.742182731628418,2.582244873046875,-0.65484619140625,-0.464141845703125
1784805841348557824,29.752102613449097,2.7161712646484375,-0.6228485107421875,-0.230987548828125
1784805841358476800,29.762021780014038,3.1675262451171875,-0.856903076171875,-0.3126068115234375
1784805841368396800,29.771941661834717,2.862762451171875,-0.900726318359375,-1.147857666015625
1784805841378315776,29.78186058998108,2.5704803466796875,-0.9874114990234375,-1.021331787109375
1784805841388235776,29.791780710220337,2.538726806640625,-0.697052001953125,-0.836761474609375
1784805841398154752,29.8016996383667,3.32427978515625,-0.1039276123046875,-0.7695159912109375
1784805841408074752,29.811619758605957,2.9333648681640625,-0.33453369140625,-1.1140289306640625
1784805841417993728,29.82153868675232,2.53594970703125,-0.6065216064453125,-1.0430755615234375
1784805841427913984,29.831458806991577,2.7532806396484375,-0.61895751953125,-1.2745361328125
1784805841437832960,29.84137773513794,2.37701416015625,-0.4856109619140625,-1.7083740234375
1784805841447752704,29.851297616958618,1.6970672607421875,-0.3635711669921875,-2.0038604736328125
1784805841457671936,29.86121678352356,1.7975616455078125,0.5240631103515625,-2.3139801025390625
1784805841467590912,29.871135711669922,2.531463623046875,1.1988067626953125,-2.4987640380859375
1784805841477510656,29.8810555934906,2.44146728515625,1.0682220458984375,-2.8628387451171875
1784805841487429888,29.890974760055542,2.2330169677734375,0.9169158935546875,-2.9949798583984375
1784805841497349632,29.90089464187622,2.403594970703125,1.0784454345703125,-2.9758453369140625
1784805841507268864,29.910813808441162,2.10693359375,1.4937744140625,-2.1859588623046875
1784805841517188864,29.92073369026184,2.268798828125,1.5578460693359375,-2.1728668212890625
1784805841527107840,29.930652618408203,2.9978790283203125,1.2023162841796875,-1.9884796142578125
1784805841537027840,29.94057273864746,3.7311248779296875,0.24578857421875,-1.714996337890625
1784805841546947328,29.95049214363098,3.682586669921875,-0.574066162109375,-1.580078125
1784805841556867328,29.96041226387024,3.493194580078125,-0.7041473388671875,-1.509033203125
1784805841566786304,29.9703311920166,3.5030059814453125,-0.4858551025390625,-1.493194580078125
1784805841576706304,29.98025131225586,3.7423858642578125,-0.60675048828125,-1.2698974609375
1784805841586625280,29.99017024040222,3.87554931640625,-1.0650787353515625,-0.9542236328125
1784805841596545280,30.0000901222229,3.94915771484375,-1.485748291015625,-0.75506591796875
1784805841606464512,30.010009288787842,4.00701904296875,-1.4578399658203125,-0.4713592529296875
1784805841616384256,30.01992917060852,4.061859130859375,-1.1672210693359375,-0.0122528076171875
1784805841626303232,30.029848098754883,4.098602294921875,-0.6650238037109375,0.6045379638671875
1784805841636222464,30.039767265319824,3.9949951171875,-0.15692138671875,0.9898681640625
1784805841646142208,30.049687147140503,3.69158935546875,-0.0642242431640625,1.1088714599609375
1784805841656061440,30.059606313705444,3.442291259765625,-0.253875732421875,1.1207122802734375
1784805841665981184,30.069526195526123,3.3085784912109375,-0.6011505126953125,1.081207275390625
1784805841675900160,30.079445123672485,3.3210296630859375,-0.860504150390625,1.0258941650390625
1784805841685820416,30.089365243911743,3.3863677978515625,-0.71258544921875,1.0821533203125
1784805841695739392,30.099284172058105,3.3551483154296875,-0.4767913818359375,1.1106414794921875
1784805841705659392,30.109204292297363,3.2628173828125,-0.346099853515625,1.1886444091796875
1784805841715578368,30.119123220443726,3.24261474609375,-0.46368408203125,1.1756591796875
1784805841725498112,30.129043102264404,3.358978271484375,-0.69195556640625,1.0474700927734375
1784805841735417344,30.138962268829346,3.668426513671875,-0.7612152099609375,0.88629150390625
1784805841745337344,30.148882150650024,3.8842926025390625,-0.509613037109375,0.8760986328125
1784805841755256064,30.158801078796387,3.883056640625,0.117706298828125,1.0190887451171875
1784805841765176320,30.168721199035645,3.773681640625,0.81353759765625,1.11083984375
1784805841775095296,30.178640127182007,3.5428924560546875,1.6003265380859375,1.1528778076171875
1784805841785015296,30.188560247421265,3.0820159912109375,2.5318603515625,1.1411285400390625
1784805841794934272,30.198479175567627,2.4427947998046875,3.180999755859375,0.781494140625
1784805841804853248,30.20839810371399,1.6630401611328125,3.5309906005859375,0.273406982421875
1784805841814773248,30.218318223953247,2.2579498291015625,4.23492431640625,0.7716064453125
1784805841824692224,30.22823715209961,4.090728759765625,7.8435211181640625,3.369598388671875
1784805841834612480,30.238157272338867,0.549896240234375,3.405731201171875,1.22442626953125
1784805841844531200,30.24807620048523,1.5639801025390625,5.6643829345703125,1.3040008544921875
1784805841854451200,30.257996082305908,0.44012451171875,4.1771240234375,-0.924163818359375
1784805841864370432,30.26791524887085,-0.4352874755859375,2.76141357421875,-0.027923583984375
1784805841874290176,30.27783513069153,0.3083953857421875,1.825164794921875,1.0235748291015625
1784805841884209408,30.28775429725647,0.6825103759765625,1.2741241455078125,0.8552398681640625
1784805841894129152,30.29767417907715,0.804443359375,1.3821868896484375,0.4125518798828125
1784805841904048128,30.30759310722351,1.38238525390625,1.4561004638671875,-1.4291839599609375
1784805841913968384,30.31751322746277,1.664398193359375,1.4662017822265625,-0.9209136962890625
1784805841923887360,30.32743215560913,1.27850341796875,1.4088287353515625,-1.0539703369140625
1784805841933807360,30.33735227584839,0.740264892578125,1.7183685302734375,-0.4454498291015625
1784805841943726336,30.34727120399475,0.350250244140625,1.5447845458984375,-0.435516357421875
1784805841953646080,30.35719108581543,0.1600189208984375,1.224090576171875,-0.407989501953125
1784805841963565312,30.36711025238037,0.2492218017578125,1.020751953125,-0.4723663330078125
1784805841973485312,30.37703013420105,0.483306884765625,0.8694000244140625,-0.702667236328125
1784805841983404288,30.38694930076599,0.3148345947265625,0.7904815673828125,-0.8336181640625
1784805841993323264,30.396868228912354,0.4110870361328125,0.6071624755859375,-0.959259033203125
1784805842003243264,30.406788110733032,0.526947021484375,0.4378814697265625,-1.104461669921875
1784805842013162496,30.416707277297974,0.61932373046875,0.3849029541015625,-0.94244384765625
1784805842023082240,30.426627159118652,0.7734832763671875,0.39007568359375,-0.5224761962890625
1784805842033001216,30.436546087265015,0.6658172607421875,0.311737060546875,-0.437744140625
1784805842042921216,30.446466207504272,0.5480804443359375,0.0450439453125,-0.435760498046875
1784805842052840192,30.456385135650635,0.3621673583984375,-0.2130584716796875,-0.3365478515625
1784805842062760448,30.466305255889893,0.1137847900390625,-0.316162109375,-0.1049652099609375
1784805842072679168,30.476224184036255,0.2099151611328125,-0.2711944580078125,0.199798583984375
1784805842082599424,30.486144304275513,0.2694244384765625,-0.221405029296875,0.2989501953125
1784805842092518400,30.496063232421875,0.3891448974609375,-0.059967041015625,0.3820343017578125
1784805842102438144,30.505983114242554,0.4415130615234375,-0.0409088134765625,0.5298919677734375
1784805842112357376,30.515902280807495,0.520355224609375,-0.138397216796875,0.6523590087890625
1784805842122277376,30.525822162628174,0.52978515625,-0.536468505859375,0.4945220947265625
1784805842132196096,30.535741090774536,0.42718505859375,-0.84625244140625,0.22003173828125
1784805842142116352,30.545661211013794,0.5501708984375,-0.73126220703125,-0.168212890625
1784805842152035328,30.555580139160156,0.5939788818359375,-0.0418853759765625,-0.4023284912109375
1784805842161955328,30.565500259399414,0.7249755859375,0.801666259765625,-0.6917877197265625
1784805842171874304,30.575419187545776,0.8427886962890625,1.5973663330078125,-0.8772430419921875
1784805842181793280,30.58533811569214,0.8438568115234375,1.81005859375,-1.2554931640625
1784805842191713280,30.595258235931396,0.6602630615234375,1.536224365234375,-1.748443603515625
1784805842201632256,30.60517716407776,0.488189697265625,1.3688812255859375,-1.776824951171875
1784805842211552256,30.615097284317017,0.5109405517578125,1.11248779296875,-1.679290771484375
1784805842221471232,30.62501621246338,0.934967041015625,0.487823486328125,-1.674285888671875
1784805842231391232,30.634936094284058,1.2065582275390625,0.2117462158203125,-1.2508392333984375
1784805842241310464,30.644855260849,1.2938995361328125,0.2957916259765625,-1.1665496826171875
1784805842251230208,30.654775142669678,1.4207611083984375,0.25372314453125,-1.012664794921875
1784805842261149440,30.66469430923462,1.516937255859375,0.17852783203125,-0.6927642822265625
1784805842271069184,30.674614191055298,1.3354339599609375,-0.290863037109375,-0.772247314453125
1784805842280988160,30.68453311920166,1.270111083984375,-0.586639404296875,-0.5357818603515625
1784805842290908416,30.694453239440918,1.288116455078125,-0.7616729736328125,-0.4617919921875
1784805842300827392,30.70437216758728,1.3346405029296875,-0.8964080810546875,-0.27197265625
1784805842310747392,30.714292287826538,1.376434326171875,-0.7574462890625,-0.126434326171875
1784805842320666368,30.7242112159729,1.434326171875,-0.7019805908203125,0.0952606201171875
1784805842330586112,30.73413109779358,1.3330230712890625,-0.628204345703125,0.3184051513671875
1784805842340505344,30.74405026435852,1.416748046875,-0.8377838134765625,0.4002685546875
1784805842350425344,30.7539701461792,1.5272674560546875,-1.4336090087890625,0.4193878173828125
1784805842360344320,30.76388931274414,1.6375274658203125,-1.9492034912109375,0.3328094482421875
1784805842370263296,30.773808240890503,1.7831878662109375,-1.8997955322265625,0.058013916015625
1784805842380183296,30.78372812271118,2.03167724609375,-1.6006927490234375,-0.1859588623046875
1784805842390102272,30.793647289276123,2.194305419921875,-1.5107879638671875,-0.4210052490234375
1784805842400022272,30.8035671710968,2.1510162353515625,-1.5337371826171875,-0.610870361328125
1784805842409941248,30.813486099243164,2.0650787353515625,-1.6864471435546875,-0.614776611328125
1784805842419861248,30.823406219482422,2.0128021240234375,-1.946990966796875,-0.77532958984375
1784805842429780224,30.833325147628784,2.18023681640625,-2.235321044921875,-0.783599853515625
1784805842439700480,30.843245267868042,2.6980133056640625,-2.4391632080078125,-1.0199432373046875
1784805842449619200,30.853164196014404,2.6419830322265625,-1.887420654296875,-1.0920257568359375
1784805842459539200,30.863084077835083,2.5811920166015625,-1.25054931640625,-0.7275543212890625
1784805842469458432,30.873003244400024,1.9763641357421875,-1.382415771484375,-0.66644287109375
1784805842479378176,30.882923126220703,1.554840087890625,-1.004058837890625,-0.39996337890625
1784805842489297408,30.892842292785645,1.6703948974609375,-0.19287109375,0.083160400390625
1784805842499217152,30.902762174606323,1.66400146484375,0.159698486328125,-0.1166229248046875
1784805842509136128,30.912681102752686,1.6936492919921875,-0.11383056640625,0.2164154052734375
1784805842519056384,30.922601222991943,1.520111083984375,-0.18707275390625,0.3704833984375
1784805842528975360,30.932520151138306,0.362579345703125,-0.11724853515625,0.210540771484375
1784805842538895360,30.942440271377563,0.0457000732421875,0.5069732666015625,0.0951385498046875
1784805842548815104,30.952359914779663,1.2747955322265625,0.760528564453125,-0.25347900390625
1784805842558734848,30.962279796600342,1.9835662841796875,0.9110260009765625,-1.00177001953125
1784805842568653824,30.972198724746704,2.3191680908203125,0.971954345703125,-0.6339263916015625
1784805842578573824,30.982118844985962,2.5616912841796875,-0.2727203369140625,-1.0228729248046875
1784805842588492800,30.992037773132324,3.0875091552734375,-0.6029205322265625,-0.5902252197265625
1784805842598413056,31.001957893371582,2.750579833984375,-0.541229248046875,-0.8875732421875
1784805842608332032,31.011876821517944,2.8606414794921875,-0.8367767333984375,-1.0127105712890625
1784805842618250752,31.021795749664307,2.6189117431640625,-0.42816162109375,-0.807861328125
1784805842628171008,31.031715869903564,2.6632232666015625,-0.1601409912109375,-0.951416015625
1784805842638089984,31.041634798049927,2.3959503173828125,-0.3545989990234375,-0.417144775390625
1784805842648009984,31.051554918289185,2.755462646484375,-0.28009033203125,-0.214996337890625
1784805842657928960,31.061473846435547,2.5863494873046875,-0.391693115234375,-0.4605865478515625
1784805842667848704,31.071393728256226,2.3327789306640625,-1.170074462890625,0.159912109375
1784805842677767936,31.081312894821167,2.69464111328125,-1.26031494140625,-0.3340911865234375
1784805842687687936,31.091232776641846,1.67462158203125,-1.3826904296875,-0.1067657470703125
1784805842697606912,31.101151704788208,1.952239990234375,-0.797515869140625,-0.44488525390625
1784805842707526912,31.111071825027466,2.0164337158203125,-0.7362518310546875,-0.7754669189453125
1784805842717445888,31.120990753173828,1.8753814697265625,-0.5205535888671875,-1.1148223876953125
1784805842727365888,31.130910873413086,1.6306610107421875,0.0686492919921875,-1.319854736328125
1784805842737284864,31.14082980155945,1.5101318359375,0.30316162109375,-1.9023284912109375
1784805842747205120,31.150749921798706,1.5847930908203125,1.1888580322265625,-2.3310089111328125
1784805842757123840,31.16066884994507,1.46844482421875,1.9854278564453125,-1.89373779296875
1784805842767043840,31.170588731765747,1.167816162109375,1.4447784423828125,-2.483001708984375
1784805842776963072,31.18050789833069,1.6900634765625,0.979888916015625,-2.0758209228515625
1784805842786882816,31.190427780151367,1.75830078125,1.6707763671875,-1.8448333740234375
1784805842796801792,31.20034670829773,1.7388153076171875,2.546722412109375,-1.655609130859375
1784805842806722048,31.210266828536987,1.634979248046875,2.6892547607421875,-1.9199371337890625
1784805842816640768,31.22018575668335,2.19049072265625,1.6468505859375,-2.0484771728515625
1784805842826561024,31.230105876922607,3.2308807373046875,0.72528076171875,-1.442779541015625
1784805842836480000,31.24002480506897,3.574462890625,-0.2432708740234375,-1.5335693359375
1784805842846400000,31.249944925308228,3.0307769775390625,-0.301025390625,-1.6313323974609375
1784805842856318976,31.25986385345459,2.545135498046875,0.2164459228515625,-1.7486724853515625
1784805842866238720,31.26978373527527,2.6905364990234375,0.482177734375,-1.914764404296875
1784805842876157952,31.27970290184021,3.2332916259765625,0.352813720703125,-1.83624267578125
1784805842886077952,31.28962278366089,3.5164947509765625,-0.0712890625,-1.40167236328125
1784805842895996928,31.29954171180725,3.5061798095703125,-0.4883575439453125,-1.0922698974609375
1784805842905916928,31.30946183204651,3.4980926513671875,-0.4810028076171875,-0.9905853271484375
1784805842915835904,31.31938076019287,3.6724395751953125,-0.2772674560546875,-0.9569549560546875
1784805842925755904,31.32930088043213,3.7639007568359375,-0.2320709228515625,-0.5664215087890625
1784805842935674880,31.33921980857849,3.74627685546875,-0.313140869140625,-0.05126953125
1784805842945593856,31.349138736724854,3.6652679443359375,-0.1911773681640625,0.372772216796875
1784805842955513856,31.35905885696411,3.536773681640625,-0.23480224609375,0.650634765625
1784805842965432832,31.368977785110474,3.4025115966796875,-0.2649688720703125,0.8044586181640625
1784805842975353088,31.37889790534973,3.265625,-0.297027587890625,0.8372802734375
1784805842985271808,31.388816833496094,3.1209716796875,-0.4096832275390625,0.8359527587890625
1784805842995191808,31.398736715316772,3.0622711181640625,-0.47802734375,0.7966766357421875
1784805843005111040,31.408655881881714,3.086944580078125,-0.4178924560546875,0.70672607421875
1784805843015030784,31.418575763702393,3.072113037109375,-0.2874298095703125,0.6907501220703125
1784805843024950016,31.428494930267334,3.0315704345703125,-0.2745819091796875,0.7215423583984375
1784805843034870016,31.438414812088013,3.06256103515625,-0.3503265380859375,0.8371734619140625
1784805843044788736,31.448333740234375,3.1177215576171875,-0.3776397705078125,0.9852142333984375
1784805843054708992,31.458253860473633,3.12286376953125,-0.2818603515625,1.045867919921875
1784805843064627968,31.468172788619995,3.1487884521484375,-0.0697479248046875,0.9943389892578125
1784805843074547968,31.478092908859253,3.1290283203125,0.197021484375,0.9693450927734375
1784805843084466944,31.488011837005615,3.096038818359375,0.5709228515625,0.932373046875
1784805843094386944,31.497931718826294,3.0411529541015625,1.247161865234375,0.996612548828125
1784805843104305920,31.507850885391235,2.8332366943359375,2.0085601806640625,0.9566497802734375
1784805843114225920,31.517770767211914,2.349945068359375,2.5915374755859375,0.6994171142578125
1784805843124145152,31.527689933776855,1.72650146484375,3.32232666015625,0.5765228271484375
1784805843134064896,31.537609815597534,3.2239837646484375,4.5860443115234375,1.1487579345703125
1784805843143983872,31.547528743743896,3.04296875,7.25927734375,3.4363250732421875
1784805843153903872,31.557448863983154,0.3773193359375,3.16424560546875,-0.0993804931640625
1784805843163822848,31.567367792129517,0.400634765625,6.0545806884765625,0.648773193359375
1784805843173743104,31.577287912368774,0.3742828369140625,4.0891571044921875,-0.4689483642578125
1784805843183661824,31.587206840515137,-0.17681884765625,2.106170654296875,0.070037841796875
1784805843193581824,31.597126722335815,0.4261932373046875,1.4308013916015625,0.6752471923828125
1784805843203501056,31.607045888900757,1.141265869140625,1.16729736328125,0.8929443359375
1784805843213420800,31.616965770721436,1.5367584228515625,1.44891357421875,0.0015869140625
1784805843223340032,31.626884937286377,1.609954833984375,1.729949951171875,-1.5983428955078125
1784805843233260032,31.636804819107056,1.2950286865234375,1.4905242919921875,-0.7025604248046875
1784805843243178752,31.646723747253418,0.991485595703125,1.4689178466796875,-0.786102294921875
1784805843253099008,31.656643867492676,0.3949432373046875,1.3925018310546875,-0.5767822265625
1784805843263017984,31.666562795639038,-0.1102447509765625,1.3039093017578125,-0.569976806640625
1784805843272936704,31.6764817237854,0.08184814453125,1.2840728759765625,-0.4887847900390625
1784805843282856960,31.686401844024658,0.3405609130859375,1.291259765625,-0.38800048828125
1784805843292775936,31.69632077217102,0.5443115234375,1.1925201416015625,-0.7560577392578125
1784805843302695936,31.70624089241028,0.5221405029296875,1.00555419921875,-0.78369140625
1784805843312614912,31.71615982055664,0.493896484375,0.639892578125,-0.993194580078125
1784805843322534912,31.72607970237732,0.5606536865234375,0.4815826416015625,-1.052581787109375
1784805843332453888,31.73599886894226,0.7280426025390625,0.3242034912109375,-1.0155487060546875
1784805843342373888,31.74591875076294,0.67498779296875,0.312469482421875,-0.6521453857421875
1784805843352293120,31.75583791732788,0.698822021484375,0.07647705078125,-0.5235137939453125
1784805843362212864,31.76575779914856,0.581024169921875,-0.138916015625,-0.4238433837890625
1784805843372131840,31.775676727294922,0.2353363037109375,-0.308074951171875,-0.186859130859375
1784805843382051840,31.78559684753418,0.12335205078125,-0.451751708984375,0.11077880859375
1784805843391970816,31.795515775680542,0.141204833984375,-0.552764892578125,0.3092803955078125
1784805843401891072,31.8054358959198,0.0733489990234375,-0.540130615234375,0.194305419921875
1784805843411810048,31.815354824066162,0.2361297607421875,-0.2961883544921875,0.257965087890625
1784805843421729792,31.82527470588684,0.4476318359375,0.0809478759765625,0.458892822265625
1784805843431649024,31.835193872451782,0.5982666015625,0.1954193115234375,0.3462371826171875
1784805843441568768,31.84511375427246,0.478790283203125,0.285736083984375,0.2783355712890625
1784805843451488000,31.855032920837402,0.4931793212890625,0.3361968994140625,0.2497100830078125
1784805843461408000,31.86495280265808,0.4511566162109375,0.153350830078125,-0.014434814453125
1784805843471326720,31.874871730804443,0.4385528564453125,0.05084228515625,-0.233734130859375
1784805843481246976,31.8847918510437,0.735687255859375,0.5076904296875,-0.4975128173828125
1784805843491165952,31.894710779190063,0.728759765625,0.8895416259765625,-1.137451171875
1784805843501085952,31.90463089942932,0.714691162109375,1.3334808349609375,-1.3423004150390625
1784805843511004928,31.914549827575684,0.7700347900390625,1.46990966796875,-1.6772918701171875
1784805843520924928,31.924469709396362,0.790771484375,1.226715087890625,-1.6590728759765625
1784805843530843904,31.934388875961304,0.8967132568359375,0.666412353515625,-1.4885406494140625
1784805843540763904,31.944308757781982,1.1178741455078125,0.136871337890625,-1.3328399658203125
1784805843550682624,31.954227447509766,1.2772369384765625,0.2659912109375,-1.24786376953125
1784805843560602368,31.964147329330444,1.3563079833984375,0.415985107421875,-1.0350341796875
1784805843570521600,31.974066495895386,1.4051971435546875,0.199371337890625,-0.8211669921875
1784805843580441600,31.983986377716064,1.5972137451171875,-0.301849365234375,-0.7063446044921875
1784805843590360576,31.993905544281006,1.425445556640625,-0.58563232421875,-0.5803070068359375
1784805843600280576,32.003825426101685,1.4224853515625,-0.8583831787109375,-0.4324493408203125
1784805843610199552,32.01374435424805,1.4073333740234375,-0.8824920654296875,-0.310821533203125
1784805843620119552,32.023664474487305,1.5219268798828125,-0.9035186767578125,-0.2378692626953125
1784805843630038528,32.03358340263367,1.6845703125,-0.860687255859375,-0.2650604248046875
1784805843639958528,32.043503522872925,1.6121826171875,-0.73992919921875,-0.08319091796875
1784805843649877504,32.05342245101929,1.5579681396484375,-0.7966461181640625,0.052978515625
1784805843659797504,32.063342332839966,1.6796722412109375,-0.9152984619140625,0.157745361328125
1784805843669716480,32.07326149940491,1.7869720458984375,-1.413330078125,-0.1240081787109375
1784805843679635456,32.08318042755127,1.849090576171875,-1.776153564453125,-0.2152862548828125
1784805843689555712,32.09310054779053,1.7877197265625,-1.918212890625,-0.2979736328125
1784805843699474688,32.10301947593689,1.4733428955078125,-2.126983642578125,-0.5640106201171875
1784805843709394432,32.11293935775757,1.4640960693359375,-2.143218994140625,-0.71173095703125
1784805843719313664,32.12285852432251,1.718170166015625,-2.364044189453125,-1.0553131103515625
1784805843729233408,32.13277840614319,2.1158599853515625,-2.429779052734375,-1.2369842529296875
1784805843739152384,32.14269733428955,2.393524169921875,-2.184295654296875,-1.4899444580078125
1784805843749072640,32.15261745452881,2.5142364501953125,-2.1195526123046875,-1.3157196044921875
1784805843758991360,32.16253638267517,2.5358734130859375,-2.162750244140625,-1.1179656982421875
1784805843768911616,32.17245650291443,2.177978515625,-1.800994873046875,-0.915802001953125
1784805843778830592,32.18237543106079,1.7574310302734375,-1.4927825927734375,-0.855194091796875
1784805843788750592,32.19229555130005,1.61492919921875,-0.5284576416015625,-0.3036651611328125
1784805843798669568,32.20221447944641,1.3112640380859375,0.110687255859375,-0.282012939453125
1784805843808589568,32.21213436126709,1.1773681640625,0.3253631591796875,-0.22210693359375
1784805843818508544,32.22205352783203,0.968414306640625,0.094940185546875,0.0318450927734375
1784805843828428544,32.23197340965271,0.9468231201171875,-0.393463134765625,0.2219085693359375
1784805843838347520,32.24189233779907,1.550506591796875,-0.3839111328125,0.25555419921875
1784805843848267520,32.25181245803833,1.803741455078125,0.0147705078125,0.154815673828125
1784805843858186496,32.26173138618469,1.546539306640625,0.9914703369140625,-0.0433349609375
1784805843868106496,32.27165150642395,1.64837646484375,0.8772430419921875,-0.609039306640625
1784805843878025472,32.28157043457031,2.245147705078125,0.478057861328125,-1.04083251953125
1784805843887945728,32.29149055480957,2.6871337890625,0.2032318115234375,-0.8664398193359375
1784805843897864704,32.30140948295593,3.1698760986328125,0.2497100830078125,-0.834991455078125
1784805843907784448,32.31132936477661,2.536773681640625,0.102325439453125,-1.320281982421875
1784805843917703680,32.32124853134155,2.468994140625,-0.3564605712890625,-0.8257598876953125
1784805843927623424,32.33116841316223,3.2562103271484375,-0.1433563232421875,-0.1533660888671875
1784805843937542400,32.341087341308594,2.9143218994140625,-0.905914306640625,-0.381072998046875
1784805843947462656,32.35100746154785,2.11883544921875,-0.833770751953125,-0.2442474365234375
1784805843957381376,32.360926389694214,2.337127685546875,-0.5002288818359375,-0.0492095947265625
1784805843967301632,32.37084650993347,2.91729736328125,0.329803466796875,-0.2124481201171875
1784805843977220608,32.380765438079834,2.65875244140625,-0.0609588623046875,-0.3386993408203125
1784805843987140608,32.39068555831909,2.0542144775390625,-1.0877227783203125,-0.4780120849609375
1784805843997059584,32.400604486465454,2.4492950439453125,-1.306060791015625,-0.0843658447265625
1784805844006979584,32.41052436828613,2.584564208984375,-1.3944091796875,-0.2953643798828125
1784805844016898560,32.420443534851074,1.8818511962890625,-0.947601318359375,-0.448394775390625
1784805844026818560,32.43036341667175,1.6452178955078125,-0.4795989990234375,-0.7857666015625
1784805844036737536,32.440282344818115,1.976348876953125,-0.0637054443359375,-1.2580718994140625
1784805844046657536,32.45020246505737,1.497894287109375,-0.028472900390625,-1.5881195068359375
1784805844056576512,32.460121393203735,1.40411376953125,0.9020843505859375,-1.588775634765625
1784805844066496512,32.47004151344299,2.1753997802734375,1.69451904296875,-2.254852294921875
1784805844076415488,32.479960441589355,2.43505859375,1.9476776123046875,-2.2363433837890625
1784805844086335744,32.48988056182861,1.74432373046875,1.59454345703125,-1.934051513671875
1784805844096254464,32.499799489974976,1.550140380859375,1.7357177734375,-1.514495849609375
1784805844106174464,32.509719371795654,1.817962646484375,2.1158905029296875,-1.5920867919921875
1784805844116093696,32.519638538360596,2.2452392578125,2.0642547607421875,-1.4408721923828125
1784805844126013440,32.529558420181274,2.5770111083984375,1.5972442626953125,-1.57061767578125
1784805844135932416,32.53947734832764,2.99554443359375,1.2215423583984375,-1.685272216796875
1784805844145852672,32.549397468566895,3.2305145263671875,0.6082916259765625,-1.65570068359375
1784805844155771392,32.55931639671326,3.266448974609375,0.1483306884765625,-1.617919921875
1784805844165691648,32.569236516952515,3.2987518310546875,0.0478973388671875,-1.6449737548828125
1784805844175610624,32.57915544509888,3.3603057861328125,0.0975494384765625,-1.6359710693359375
1784805844185530368,32.589075326919556,3.4018707275390625,-0.0330047607421875,-1.54547119140625
1784805844195449600,32.5989944934845,3.386962890625,-0.3619384765625,-1.247314453125
1784805844205369600,32.608914375305176,3.413818359375,-0.6973114013671875,-1.1153106689453125
1784805844215288576,32.61883354187012,3.4055023193359375,-0.830047607421875,-1.0434722900390625
1784805844225208576,32.628753423690796,3.5483551025390625,-0.815338134765625,-0.9976348876953125
1784805844235127552,32.63867235183716,3.897674560546875,-0.6539764404296875,-0.653472900390625
1784805844245047552,32.648592472076416,4.196319580078125,-0.49041748046875,-0.68621826171875
1784805844254966528,32.65851140022278,4.1963043212890625,-0.15869140625,0.184600830078125
1784805844264886528,32.668431520462036,4.1335906982421875,-0.285064697265625,0.4181976318359375
1784805844274805504,32.6783504486084,3.9290618896484375,-0.181610107421875,0.691436767578125
1784805844284725504,32.68827033042908,3.6509552001953125,-0.2432708740234375,0.7943572998046875
1784805844294644480,32.69818949699402,3.4457855224609375,-0.2646484375,0.9599761962890625
1784805844304564480,32.7081093788147,3.347503662109375,-0.24542236328125,0.924652099609375
1784805844314483712,32.71802854537964,3.3319854736328125,-0.1494598388671875,0.8787078857421875
1784805844324403456,32.72794842720032,3.3450469970703125,-0.043853759765625,0.8963623046875
1784805844334322432,32.73786735534668,3.316650390625,-0.0752410888671875,0.9822540283203125
1784805844344242688,32.74778747558594,3.412384033203125,-0.2835235595703125,1.0032806396484375
1784805844354161408,32.7577064037323,3.6103057861328125,-0.503173828125,0.9810333251953125
1784805844364081664,32.76762652397156,3.7049407958984375,-0.5576934814453125,0.96246337890625
1784805844374000640,32.77754545211792,3.7181243896484375,-0.3754119873046875,0.9622650146484375
1784805844383920384,32.7874653339386,3.7307891845703125,-0.0066680908203125,1.1084747314453125
1784805844393839616,32.79738450050354,3.5995635986328125,0.6146240234375,1.2630157470703125
1784805844403759360,32.80730438232422,3.2096710205078125,1.3665618896484375,1.2379302978515625
1784805844413678592,32.81722354888916,2.6015472412109375,1.9165802001953125,0.9724273681640625
1784805844423598592,32.82714343070984,2.02264404296875,2.1299896240234375,0.2334747314453125
1784805844433517568,32.8370623588562,4.3061981201171875,3.857147216796875,-0.2146148681640625
1784805844443437568,32.84698247909546,4.027435302734375,8.988296508789062,3.521820068359375
1784805844453356544,32.85690140724182,1.5584869384765625,4.4972076416015625,-1.3952178955078125
1784805844463276544,32.86682152748108,1.12164306640625,5.6278533935546875,-0.4691314697265625
1784805844473195520,32.87674045562744,-0.6354827880859375,3.2235565185546875,-0.558349609375
1784805844483115520,32.88666033744812,-0.1573638916015625,2.3563079833984375,0.781219482421875
1784805844493034496,32.89657950401306,0.550537109375,1.748748779296875,0.43463134765625
1784805844502953472,32.906498432159424,0.80987548828125,2.095947265625,-0.6986541748046875
1784805844512873728,32.91641855239868,1.5819091796875,2.7613677978515625,-0.9663543701171875
1784805844522792704,32.926337480545044,1.871795654296875,2.0614013671875,-1.292510986328125
1784805844532712448,32.93625736236572,1.36212158203125,1.86041259765625,-0.9322967529296875
1784805844542631680,32.946176528930664,1.230377197265625,1.5958251953125,-0.774261474609375
1784805844552550656,32.956095457077026,0.977630615234375,1.3979034423828125,-0.70703125
1784805844562470400,32.966015338897705,0.57489013671875,1.141357421875,-0.578704833984375
1784805844572389632,32.97593450546265,0.3319854736328125,1.085052490234375,-0.3194732666015625
1784805844582308608,32.98585343360901,0.6062164306640625,1.0121917724609375,-0.3361358642578125
1784805844592228608,32.99577355384827,0.2999420166015625,1.1462860107421875,-0.57196044921875
1784805844602147584,33.00569248199463,0.4036865234375,1.098968505859375,-0.65960693359375
1784805844612067584,33.01561236381531,0.4747314453125,0.879302978515625,-0.8050384521484375
1784805844621986560,33.02553153038025,0.7075958251953125,0.7370758056640625,-0.565673828125
1784805844631906560,33.03545141220093,0.82147216796875,0.627166748046875,-0.30560302734375
1784805844641825536,33.04537034034729,0.8788299560546875,0.27581787109375,-0.4028778076171875
1784805844651745536,33.05529046058655,0.8430023193359375,0.040924072265625,-0.0658416748046875
1784805844661664512,33.06520938873291,0.5108642578125,-0.180267333984375,0.3821563720703125
1784805844671584512,33.07512950897217,0.2522735595703125,-0.4836883544921875,0.438812255859375
1784805844681503488,33.08504843711853,0.1630859375,-0.6029205322265625,0.4964752197265625
1784805844691423744,33.09496855735779,0.2676849365234375,-0.62078857421875,0.348114013671875
1784805844701342464,33.10488748550415,0.54876708984375,-0.365875244140625,0.1593017578125
1784805844711262464,33.11480736732483,0.7332763671875,-0.1242523193359375,-0.1255340576171875
1784805844721181696,33.12472653388977,0.9226531982421875,0.1642303466796875,-0.47613525390625
1784805844731101440,33.13464641571045,1.1889801025390625,0.178558349609375,-0.712677001953125
1784805844741020416,33.14456534385681,1.2273406982421875,0.1685333251953125,-0.8262786865234375
1784805844750940672,33.15448546409607,1.1197052001953125,0.2957305908203125,-0.7905120849609375
1784805844760859392,33.16440439224243,0.9578399658203125,0.678466796875,-0.8721923828125
1784805844770779648,33.17432451248169,1.0094146728515625,0.9279022216796875,-0.9726715087890625
1784805844780698624,33.18424344062805,1.01885986328125,0.849151611328125,-1.2191619873046875
1784805844790618624,33.19416356086731,0.961029052734375,0.703399658203125,-1.200408935546875
1784805844800537600,33.20408248901367,1.04345703125,0.4166717529296875,-1.145355224609375
1784805844810457344,33.21400237083435,1.2624664306640625,0.30426025390625,-1.1603851318359375
1784805844820376576,33.22392153739929,1.33404541015625,0.006103515625,-1.1316680908203125
1784805844830296576,33.23384141921997,1.32208251953125,-0.1813201904296875,-0.69891357421875
1784805844840215552,33.24376034736633,1.349884033203125,-0.35009765625,-0.534088134765625
1784805844850135552,33.25368046760559,1.400970458984375,-0.423736572265625,-0.528594970703125
1784805844860054528,33.26359939575195,1.4387359619140625,-0.3594970703125,-0.405303955078125
1784805844869974528,33.27351951599121,1.424407958984375,-0.3661651611328125,-0.3744964599609375
1784805844879893504,33.28343844413757,1.52789306640625,-0.3901214599609375,-0.30389404296875
1784805844889813760,33.29335856437683,1.5748291015625,-0.4507904052734375,-0.1260833740234375
1784805844899732480,33.30327749252319,1.690460205078125,-0.6029205322265625,-0.0915985107421875
1784805844909652480,33.31319737434387,1.7192840576171875,-0.8073883056640625,0.1076202392578125
1784805844919571712,33.32311654090881,1.548492431640625,-1.144439697265625,0.1266021728515625
1784805844929491456,33.33303642272949,1.577392578125,-1.4790191650390625,-0.042816162109375
1784805844939410432,33.342955350875854,1.534332275390625,-1.7790679931640625,-0.2506103515625
1784805844949330688,33.35287547111511,1.57513427734375,-1.85052490234375,-0.34759521484375
1784805844959249408,33.362794399261475,1.834259033203125,-1.749237060546875,-0.50482177734375
1784805844969169664,33.37271451950073,1.9514312744140625,-1.82830810546875,-0.79229736328125
1784805844979088640,33.382633447647095,1.8986663818359375,-1.9722442626953125,-0.8863677978515625
1784805844989008384,33.39255332946777,1.7606353759765625,-2.144805908203125,-0.89801025390625
1784805844998927616,33.402472496032715,1.578887939453125,-2.665740966796875,-1.0865325927734375
1784805845008847360,33.412392377853394,1.715179443359375,-3.0290679931640625,-1.1728668212890625
1784805845018766592,33.422311544418335,2.0286865234375,-2.73095703125,-1.15240478515625
1784805845028686592,33.432231426239014,1.8649749755859375,-1.690673828125,-1.252471923828125
1784805845038605568,33.442150354385376,1.7335052490234375,-1.0092620849609375,-1.1789398193359375
1784805845048525568,33.452070474624634,1.5237579345703125,-1.0649261474609375,-0.9172515869140625
1784805845058444544,33.461989402770996,1.553680419921875,-1.2073822021484375,-0.651702880859375
1784805845068364544,33.471909523010254,1.481414794921875,-1.21856689453125,-0.704315185546875
1784805845078283520,33.481828451156616,1.282135009765625,-0.86395263671875,-0.4060821533203125
1784805845088203520,33.491748332977295,0.7870941162109375,-0.4310455322265625,-0.16815185546875
1784805845098122496,33.501667499542236,0.720489501953125,0.3002471923828125,0.3116607666015625
1784805845108042496,33.511587381362915,0.4571533203125,0.8980712890625,0.4442596435546875
1784805845117961728,33.521506547927856,0.7457122802734375,1.1136016845703125,0.37908935546875
1784805845127881472,33.531426429748535,0.958892822265625,0.605804443359375,-0.013671875
1784805845137800448,33.5413453578949,1.7147216796875,0.295623779296875,-0.1427001953125
1784805845147720448,33.551265478134155,2.2599029541015625,0.8217010498046875,-0.0314178466796875
1784805845157639424,33.56118440628052,2.3471221923828125,0.24249267578125,-0.8709869384765625
1784805845167559680,33.571104526519775,1.6812286376953125,-0.1284027099609375,-0.893157958984375
1784805845177478656,33.58102345466614,2.4720611572265625,-0.1129608154296875,-0.2456207275390625
1784805845187398400,33.590943336486816,3.234222412109375,-0.0049285888671875,-0.76702880859375
1784805845197317632,33.60086250305176,3.4592742919921875,-0.025177001953125,-0.6409912109375
1784805845207237376,33.61078238487244,2.592559814453125,-0.196319580078125,-0.9717559814453125
1784805845217156608,33.62070155143738,2.359771728515625,-1.0500335693359375,-0.63836669921875
1784805845227076608,33.63062143325806,2.535888671875,-1.159759521484375,-0.6648406982421875
1784805845236995584,33.64054036140442,3.0037841796875,-0.509185791015625,-0.436553955078125
1784805845246915584,33.65046048164368,2.6702728271484375,-0.4365081787109375,-0.479400634765625
1784805845256834560,33.66037940979004,2.2275543212890625,-0.505950927734375,-0.1446533203125
1784805845266754560,33.6702995300293,2.3396453857421875,-0.4832305908203125,-0.0793609619140625
1784805845276673536,33.68021845817566,2.18121337890625,-0.580230712890625,0.131591796875
1784805845286593536,33.69013833999634,2.0030364990234375,-1.4248504638671875,-0.287200927734375
1784805845296512512,33.70005750656128,2.1597137451171875,-0.988922119140625,0.0033416748046875
1784805845306432512,33.70997738838196,2.0508575439453125,-0.7568206787109375,-0.31396484375
1784805845316351744,33.7198965549469,1.9459075927734375,-0.626922607421875,-0.4423370361328125
1784805845326271488,33.72981643676758,2.0625152587890625,0.1466064453125,-0.545745849609375
1784805845336190464,33.73973536491394,1.41326904296875,0.5953521728515625,-1.0870513916015625
1784805845346110464,33.7496554851532,0.526214599609375,0.90234375,-1.5178070068359375
1784805845356029440,33.75957441329956,1.4810333251953125,1.5424346923828125,-1.667877197265625
1784805845365949696,33.76949453353882,2.7736053466796875,2.1841888427734375,-1.544586181640625
1784805845375868672,33.77941346168518,2.619476318359375,1.923919677734375,-2.0404205322265625
1784805845385788416,33.78933334350586,1.71746826171875,1.731292724609375,-2.1769256591796875
1784805845395707648,33.7992525100708,1.558837890625,1.8785552978515625,-1.432708740234375
1784805845405627392,33.80917239189148,2.023284912109375,1.6382293701171875,-1.0914306640625
1784805845415546624,33.81909155845642,2.5996856689453125,0.8443145751953125,-1.0410308837890625
1784805845425466624,33.8290114402771,2.8959197998046875,0.22076416015625,-1.06695556640625
1784805845435385344,33.83893036842346,2.9889373779296875,-0.0283355712890625,-1.08544921875
1784805845445305600,33.84885048866272,2.67779541015625,0.21771240234375,-1.1563873291015625
1784805845455224576,33.85876941680908,2.554534912109375,0.5211029052734375,-1.4420318603515625
1784805845465144576,33.86868953704834,2.7034912109375,0.7088165283203125,-1.4622344970703125
1784805845475064576,33.87860941886902,2.9600830078125,0.4610443115234375,-1.275390625
1784805845484983552,33.88852834701538,3.170318603515625,-0.080413818359375,-1.0357208251953125
1784805845494903552,33.89844846725464,3.1669921875,-0.651275634765625,-0.6560516357421875
1784805845504822528,33.908367395401,2.91278076171875,-1.0052490234375,-0.5344085693359375
1784805845514742528,33.91828751564026,2.7056884765625,-0.9358062744140625,-0.7181854248046875
1784805845524661504,33.92820644378662,2.660308837890625,-0.4744720458984375,-0.95001220703125
1784805845534581760,33.93812656402588,2.731689453125,-0.00958251953125,-1.026824951171875
1784805845544500480,33.94804549217224,2.80975341796875,0.2890777587890625,-0.724334716796875
1784805845554420224,33.95796513557434,2.931976318359375,0.3390960693359375,-0.309478759765625
1784805845564339200,33.9678840637207,3.1158294677734375,0.2115020751953125,0.10400390625
1784805845574259200,33.97780418395996,3.2212371826171875,0.001861572265625,0.4616851806640625
1784805845584178176,33.98772311210632,3.131866455078125,-0.1202850341796875,0.810760498046875
1784805845594098176,33.997642993927,3.0006866455078125,-0.1614990234375,0.995941162109375
1784805845604017152,34.00756216049194,2.825714111328125,-0.174346923828125,1.0304107666015625
1784805845613937152,34.01748204231262,2.6266021728515625,-0.15948486328125,0.9456787109375
1784805845623856128,34.027400970458984,2.601654052734375,-0.1702880859375,0.795135498046875
1784805845633776128,34.03732109069824,2.7724456787109375,-0.2026519775390625,0.6794281005859375
1784805845643695104,34.047240018844604,3.016845703125,-0.2425994873046875,0.6764984130859375
1784805845653615360,34.05716013908386,3.1837310791015625,-0.373016357421875,0.7994537353515625
1784805845663534080,34.067079067230225,3.3171539306640625,-0.59375,0.9113922119140625
1784805845673454336,34.07699918746948,3.4569854736328125,-0.8504638671875,0.9217071533203125
1784805845683373312,34.086918115615845,3.650909423828125,-1.004302978515625,0.9583740234375
1784805845693293056,34.09683799743652,3.8352813720703125,-0.68951416015625,1.1438140869140625
1784805845703212288,34.106757164001465,3.9450531005859375,0.203857421875,1.1765594482421875
1784805845713132032,34.116677045822144,3.875518798828125,1.307586669921875,0.9744720458984375
1784805845723051008,34.126595973968506,3.553863525390625,2.199554443359375,0.6687469482421875
1784805845732971264,34.136516094207764,3.3477020263671875,3.5465850830078125,-0.009429931640625
1784805845742890240,34.146435022354126,8.886123657226562,13.50244140625,-2.9863433837890625
1784805845752810240,34.156355142593384,1.3881988525390625,8.550933837890625,-2.2919464111328125
1784805845762729216,34.166274070739746,-0.4102020263671875,5.4192047119140625,-0.52093505859375
1784805845772648960,34.176193952560425,-1.8070526123046875,3.8005523681640625,-0.2425384521484375
1784805845782568192,34.186113119125366,-0.4964141845703125,2.43426513671875,0.361480712890625
1784805845792488192,34.196033000946045,0.4442138671875,1.413848876953125,-0.046173095703125
1784805845802407168,34.205952167510986,1.18548583984375,1.3001861572265625,-0.87652587890625
1784805845812327168,34.215872049331665,2.2036895751953125,1.8155517578125,-1.0102996826171875
1784805845822246144,34.22579097747803,2.0613861083984375,1.7922821044921875,-1.481781005859375
1784805845832166144,34.235711097717285,1.5113983154296875,1.6114501953125,-1.3314361572265625
1784805845842085120,34.24563002586365,1.00689697265625,1.286163330078125,-1.0291595458984375
1784805845852005120,34.255550146102905,1.0204925537109375,0.8542022705078125,-0.8495330810546875
1784805845861924096,34.26546907424927,0.769134521484375,0.783721923828125,-0.978118896484375
1784805845871844096,34.275388956069946,0.3013153076171875,0.7718963623046875,-0.5549774169921875
1784805845881763328,34.28530812263489,0.2658843994140625,0.8585205078125,-0.874176025390625
1784805845891683072,34.295228004455566,0.470703125,0.9719390869140625,-0.765350341796875
1784805845901602304,34.30514717102051,0.23724365234375,1.04241943359375,-1.0123443603515625
1784805845911522048,34.31506705284119,0.1709442138671875,0.962127685546875,-0.96734619140625
1784805845921441024,34.32498598098755,0.3662261962890625,0.776397705078125,-1.03106689453125
1784805845931361280,34.33490610122681,0.57196044921875,0.5462188720703125,-1.0044403076171875
1784805845941280000,34.34482502937317,0.5574798583984375,0.277557373046875,-1.077117919921875
1784805845951200256,34.35474514961243,0.3905792236328125,0.0229339599609375,-1.1902008056640625
1784805845961119232,34.36466407775879,0.1996307373046875,-0.09088134765625,-1.198577880859375
1784805845971038976,34.37458395957947,0.0034027099609375,-0.066131591796875,-1.1175384521484375
1784805845980958208,34.38450312614441,0.1447906494140625,0.063507080078125,-1.366455078125
1784805845990878208,34.39442300796509,0.21551513671875,0.25372314453125,-1.376800537109375
1784805846000797184,34.40434217453003,0.1224212646484375,0.3749847412109375,-1.3847503662109375
1784805846010717184,34.41426205635071,0.2156524658203125,0.323577880859375,-1.4094696044921875
1784805846020636160,34.42418098449707,0.2056732177734375,0.2495269775390625,-1.2926483154296875
1784805846030556160,34.43410110473633,0.2822418212890625,0.12274169921875,-1.2783355712890625
1784805846040475136,34.44402003288269,0.3994140625,0.004364013671875,-1.2490692138671875
1784805846050395136,34.45394015312195,0.3800811767578125,-0.0599365234375,-1.1829833984375
1784805846060314112,34.46385908126831,0.3719024658203125,-0.063018798828125,-1.1258544921875
1784805846070234112,34.47377896308899,0.2678070068359375,-0.10943603515625,-1.124267578125
1784805846080153344,34.48369812965393,0.1769256591796875,-0.204864501953125,-1.2511444091796875
1784805846090073088,34.49361801147461,0.191009521484375,-0.260650634765625,-1.2817535400390625
1784805846099992320,34.50353717803955,0.2572479248046875,-0.363494873046875,-1.2908782958984375
1784805846109912064,34.51345705986023,0.2580413818359375,-0.4524078369140625,-1.2326507568359375
1784805846119831040,34.52337598800659,0.1966094970703125,-0.4896087646484375,-1.1648712158203125
1784805846129751296,34.53329610824585,0.190032958984375,-0.4977569580078125,-1.1648406982421875
1784805846139670016,34.54321503639221,0.227447509765625,-0.471160888671875,-1.1108856201171875
1784805846149590272,34.55313515663147,0.2688446044921875,-0.4394073486328125,-1.0882568359375
1784805846159509248,34.56305408477783,0.1561126708984375,-0.3966522216796875,-1.02142333984375
1784805846169428992,34.57297396659851,0.089630126953125,-0.4112091064453125,-0.898590087890625
1784805846179348224,34.58289313316345,0.0277862548828125,-0.4984283447265625,-0.9681396484375
1784805846189268224,34.59281301498413,0.0511627197265625,-0.6140289306640625,-0.9275665283203125
1784805846199187200,34.60273218154907,0.183868408203125,-0.755279541015625,-1.01446533203125
1784805846209107200,34.61265206336975,0.206817626953125,-0.7789154052734375,-0.9879302978515625
1784805846219026176,34.62257099151611,0.268768310546875,-0.7880096435546875,-1.0012664794921875
1784805846228946176,34.63249111175537,0.2608184814453125,-0.7649993896484375,-1.0204315185546875
1784805846238865152,34.64241003990173,0.2300872802734375,-0.708984375,-0.995361328125
1784805846248785152,34.65233016014099,0.19952392578125,-0.703582763671875,-0.97650146484375
1784805846258704128,34.66224908828735,0.18377685546875,-0.69354248046875,-0.9456634521484375
1784805846268624128,34.67216897010803,0.1832122802734375,-0.679595947265625,-0.9282073974609375
1784805846278543360,34.682088136672974,0.147308349609375,-0.6666259765625,-0.92962646484375
1784805846288463104,34.69200801849365,0.180389404296875,-0.6365509033203125,-0.9710693359375
1784805846298382336,34.701927185058594,0.195343017578125,-0.6344146728515625,-0.9704742431640625
1784805846308302080,34.71184706687927,0.13751220703125,-0.6696319580078125,-0.9084014892578125
1784805846318221056,34.721765995025635,0.1186981201171875,-0.71417236328125,-0.898406982421875
1784805846328141312,34.73168611526489,0.1054840087890625,-0.667633056640625,-0.876434326171875
1784805846338060032,34.741605043411255,0.0916900634765625,-0.63360595703125,-0.889617919921875
1784805846347980288,34.75152516365051,0.111480712890625,-0.59893798828125,-0.92987060546875
1784805846357900032,34.76144504547119,0.1414642333984375,-0.56597900390625,-0.9934844970703125
1784805846367819008,34.771363973617554,0.12249755859375,-0.524261474609375,-1.01495361328125
1784805846377739264,34.78128409385681,0.0978546142578125,-0.456298828125,-1.030975341796875
1784805846387658240,34.791203022003174,0.0911865234375,-0.373138427734375,-1.010986328125
1784805846397577216,34.801122188568115,0.0727996826171875,-0.3082122802734375,-0.92193603515625
1784805846407497216,34.811042070388794,0.0548858642578125,-0.3297882080078125,-0.7970733642578125
1784805846417416960,34.82096195220947,0.035186767578125,-0.4050445556640625,-0.7277679443359375
1784805846427336192,34.830881118774414,0.0023345947265625,-0.44732666015625,-0.7270050048828125
1784805846437256192,34.84080100059509,-0.0173797607421875,-0.43548583984375,-0.8128509521484375
1784805846447175168,34.850720167160034,0.03656005859375,-0.4031219482421875,-0.90869140625
1784805846457095168,34.86064004898071,0.0930938720703125,-0.340667724609375,-0.9876861572265625
1784805846467014144,34.870558977127075,0.072052001953125,-0.238677978515625,-1.039276123046875
1784805846476934144,34.88047909736633,0.0225067138671875,-0.133544921875,-1.051727294921875
1784805846486853120,34.890398025512695,-0.001800537109375,-0.05621337890625,-1.039794921875
1784805846496773120,34.90031814575195,-0.0241241455078125,-0.015411376953125,-1.033721923828125
1784805846506692096,34.910237073898315,-0.0634918212890625,0.008026123046875,-0.934051513671875
1784805846516612096,34.920156955718994,-0.111968994140625,0.0196990966796875,-0.7979736328125
1784805846526531328,34.930076122283936,-0.1671600341796875,-0.0024871826171875,-0.646087646484375
1784805846536451072,34.939996004104614,-0.1610565185546875,0.0030975341796875,-0.58966064453125
1784805846546370304,34.949915170669556,-0.1008148193359375,0.018829345703125,-0.6129150390625
1784805846556291072,34.95983600616455,-0.045440673828125,-0.00958251953125,-0.6646575927734375
1784805846566210304,34.96975517272949,-0.0527496337890625,0.008026123046875,-0.679046630859375
1784805846576130048,34.97967505455017,-0.0972137451171875,0.066009521484375,-0.685211181640625
1784805846586049024,34.98959398269653,-0.1282196044921875,0.1094818115234375,-0.6322021484375
1784805846595969280,34.99951410293579,-0.1341400146484375,0.1240386962890625,-0.5630950927734375
1784805846605888256,35.00943303108215,-0.088653564453125,0.085205078125,-0.5068206787109375
1784805846615808256,35.01935315132141,-0.0677032470703125,-0.02923583984375,-0.44158935546875
1784805846625727232,35.02927207946777,-0.0394439697265625,-0.036346435546875,-0.5030975341796875
1784805846635646976,35.03919196128845,-0.009490966796875,0.172515869140625,-0.512542724609375
1784805846645566208,35.049111127853394,0.06610107421875,0.349639892578125,-0.658111572265625
1784805846655486208,35.05903100967407,0.05950927734375,0.546142578125,-0.6994781494140625
1784805846665405184,35.068950176239014,0.0802764892578125,0.58270263671875,-0.718994140625
1784805846675325184,35.07887005805969,0.1020660400390625,0.40087890625,-0.7503814697265625
1784805846685244160,35.088788986206055,0.1749114990234375,0.4808197021484375,-1.0479583740234375
1784805846695164160,35.09870910644531,0.4177093505859375,0.6740875244140625,-1.3433990478515625
1784805846705083136,35.108628034591675,0.6888580322265625,0.69268798828125,-2.1260986328125
1784805846715003136,35.11854815483093,0.7157745361328125,0.8564453125,-1.935577392578125
1784805846724922112,35.128467082977295,0.5643768310546875,0.706329345703125,-1.2043609619140625
1784805846734842112,35.138386964797974,0.4075469970703125,0.358856201171875,-0.560333251953125
1784805846744761344,35.148306131362915,0.3517608642578125,-0.23309326171875,-0.2855377197265625
1784805846754681088,35.158226013183594,0.32763671875,-0.8616180419921875,-0.503662109375
1784805846764600320,35.168145179748535,0.45477294921875,-0.913604736328125,-0.7364654541015625
1784805846774520064,35.178065061569214,0.69647216796875,-0.4234619140625,-0.98553466796875
1784805846784439040,35.187983989715576,0.7491455078125,0.134490966796875,-1.0638885498046875
1784805846794359296,35.197904109954834,0.48321533203125,0.4412384033203125,-1.2054443359375
1784805846804278016,35.207823038101196,0.0680084228515625,0.370269775390625,-1.1347198486328125
1784805846814198272,35.217743158340454,-0.2330169677734375,-0.11181640625,-0.879302978515625
1784805846824117248,35.227662086486816,-0.30291748046875,-0.555877685546875,-0.7110748291015625
1784805846834036992,35.237581968307495,-0.2544403076171875,-0.6648406982421875,-0.68292236328125
1784805846843956224,35.24750113487244,-0.113067626953125,-0.55517578125,-0.731201171875
1784805846853876224,35.257421016693115,-0.0093536376953125,-0.4016265869140625,-0.88482666015625
1784805846863795200,35.26734018325806,-0.021820068359375,-0.2742919921875,-0.9623870849609375
1784805846873715200,35.277260065078735,-0.020263671875,-0.2268524169921875,-1.0366973876953125
1784805846883634176,35.2871789932251,0.0158538818359375,-0.122955322265625,-0.9785003662109375
1784805846893554176,35.297099113464355,0.159912109375,0.0604248046875,-0.9585418701171875
1784805846903473152,35.30701804161072,0.298614501953125,0.201568603515625,-0.96136474609375
1784805846913393152,35.316938161849976,0.349151611328125,0.1508331298828125,-0.9627685546875
1784805846923312128,35.32685708999634,0.277984619140625,-0.01470947265625,-1.018951416015625
1784805846933232128,35.33677697181702,0.1343536376953125,-0.1821441650390625,-1.0432891845703125
1784805846943151360,35.34669613838196,0.075927734375,-0.2790985107421875,-0.9747161865234375
1784805846953071104,35.35661602020264,0.0408935546875,-0.3746337890625,-0.969818115234375
1784805846962990336,35.36653518676758,0.0951995849609375,-0.44598388671875,-1.014251708984375
1784805846972910080,35.37645506858826,0.1038818359375,-0.5486907958984375,-0.98162841796875
1784805846982829056,35.38637399673462,0.0847015380859375,-0.54156494140625,-0.908416748046875
1784805846992749312,35.39629411697388,0.057403564453125,-0.402313232421875,-0.9246063232421875
1784805847002668032,35.40621304512024,-0.0054168701171875,-0.14752197265625,-1.0236358642578125
1784805847012588288,35.4161331653595,0.0199127197265625,0.241668701171875,-0.63323974609375
1784805847022507264,35.42605209350586,0.0804901123046875,0.5452880859375,-0.3933868408203125
1784805847032427008,35.43597197532654,0.214813232421875,0.9828338623046875,-0.193206787109375
1784805847042346240,35.44589114189148,0.3218536376953125,1.3098907470703125,-0.4933013916015625
1784805847052266240,35.45581102371216,0.364349365234375,1.2992401123046875,-0.9405975341796875
1784805847062184960,35.46572995185852,0.292816162109375,1.10101318359375,-1.007110595703125
1784805847072105216,35.47565007209778,0.20062255859375,0.8253326416015625,-1.0124664306640625
1784805847082024192,35.48556900024414,0.26385498046875,0.7662200927734375,-0.6909942626953125
1784805847091944192,35.4954891204834,0.293121337890625,0.7075042724609375,-0.4933013916015625
1784805847101863168,35.50540804862976,0.23675537109375,0.57586669921875,-0.4923095703125
1784805847111783168,35.51532816886902,0.21978759765625,0.378326416015625,-0.6107635498046875
1784805847121702144,35.52524709701538,0.2318267822265625,0.205291748046875,-0.859649658203125
1784805847131622144,35.53516697883606,0.21630859375,0.3372955322265625,-0.773284912109375
1784805847141541120,35.545086145401,0.2343292236328125,0.6953125,-0.6499481201171875
1784805847151461120,35.55500602722168,0.216583251953125,1.04046630859375,-0.7061004638671875
1784805847161380096,35.56492495536804,0.169586181640625,1.313018798828125,-0.688629150390625
1784805847171300096,35.5748450756073,0.01513671875,1.3249053955078125,-0.56011962890625
1784805847181219072,35.58476400375366,-0.08038330078125,1.0818939208984375,-0.75311279296875
1784805847191139328,35.59468412399292,-0.1172332763671875,0.8736419677734375,-0.6956634521484375
1784805847201058048,35.60460305213928,-0.0808868408203125,0.6494140625,-0.70062255859375
1784805847210978304,35.61452317237854,0.0259552001953125,0.58099365234375,-0.6323089599609375
1784805847220897280,35.6244421005249,0.131378173828125,0.670074462890625,-0.48968505859375
1784805847230817024,35.63436198234558,0.2328643798828125,0.7827606201171875,-0.4132843017578125
1784805847240736256,35.64428114891052,0.27703857421875,0.8217010498046875,-0.4102630615234375
1784805847250656000,35.6542010307312,0.213470458984375,0.7950897216796875,-0.5319671630859375
1784805847260574976,35.66411995887756,0.103729248046875,0.68316650390625,-0.72515869140625
1784805847270495232,35.67404007911682,0.0654449462890625,0.6206817626953125,-0.7700042724609375
1784805847280414208,35.683959007263184,0.008087158203125,0.7116851806640625,-0.6987762451171875
1784805847290334208,35.69387912750244,0.0158233642578125,0.9021453857421875,-0.70068359375
1784805847300254208,35.70379900932312,0.08380126953125,1.1011810302734375,-0.6395416259765625
1784805847310173184,35.71371817588806,0.1336212158203125,1.237457275390625,-0.5395355224609375
1784805847320093184,35.72363805770874,0.186431884765625,1.2848968505859375,-0.4086761474609375
1784805847330012160,35.7335569858551,0.247161865234375,1.2529296875,-0.3282012939453125
1784805847339932160,35.74347710609436,0.28900146484375,1.1927490234375,-0.2554931640625
1784805847349851136,35.75339603424072,0.26788330078125,1.0670166015625,-0.27276611328125
1784805847359771136,35.76331615447998,0.2255859375,0.9500274658203125,-0.27532958984375
1784805847369690112,35.77323508262634,0.0638275146484375,0.9033050537109375,-0.366455078125
1784805847379610112,35.78315496444702,-0.01422119140625,0.7919464111328125,-0.515106201171875
1784805847389529344,35.79307413101196,-0.065673828125,0.8309783935546875,-0.5517120361328125
1784805847399449088,35.80299401283264,0.1143035888671875,0.713623046875,-0.7436065673828125
1784805847409368320,35.81291317939758,0.04815673828125,0.5845184326171875,-0.7886199951171875
1784805847419288064,35.82283306121826,0.05072021484375,0.5818023681640625,-0.61669921875
1784805847429207040,35.832751989364624,-0.009429931640625,0.5776519775390625,-0.532745361328125
1784805847439127296,35.84267210960388,-0.0033111572265625,0.7191925048828125,-0.46124267578125
1784805847449046016,35.852591037750244,-0.169708251953125,0.8028564453125,-0.429931640625
1784805847458966272,35.8625111579895,-0.41790771484375,0.6173553466796875,-0.4463653564453125
1784805847468885248,35.872430086135864,-0.0475006103515625,0.56317138671875,-0.5188446044921875
1784805847478804992,35.88234996795654,0.0335845947265625,0.827911376953125,-0.4769439697265625
1784805847488724224,35.892269134521484,-0.048187255859375,0.9189300537109375,-0.741973876953125
1784805847498644224,35.90218901634216,-0.1035003662109375,1.0297088623046875,-0.7904205322265625
1784805847508563200,35.912108182907104,-0.0470733642578125,1.02301025390625,-0.8505859375
1784805847518483200,35.92202806472778,0.0240631103515625,0.8704681396484375,-0.7925872802734375
1784805847528402176,35.931946992874146,0.02301025390625,0.708465576171875,-0.6706085205078125
1784805847538322176,35.9418671131134,-0.0379791259765625,0.6169586181640625,-0.5590972900390625
1784805847548240128,35.95178508758545,-0.1057281494140625,0.547454833984375,-0.5385284423828125
1784805847558160384,35.96170520782471,-0.1359405517578125,0.57550048828125,-0.5264892578125
1784805847568079360,35.97162413597107,-0.06951904296875,0.71685791015625,-0.515625
1784805847577999104,35.98154401779175,-0.0069122314453125,0.896881103515625,-0.531005859375
1784805847587918336,35.99146318435669,0.007049560546875,1.026824951171875,-0.568389892578125
1784805847597838080,36.00138306617737,0.03533935546875,1.0037384033203125,-0.5850372314453125
1784805847607757056,36.01130199432373,0.0934295654296875,0.9404449462890625,-0.6183929443359375
1784805847617677312,36.02122211456299,0.1112213134765625,0.7828521728515625,-0.72064208984375
1784805847627596032,36.03114104270935,0.0336456298828125,0.586181640625,-0.7532196044921875
1784805847637516288,36.04106116294861,-0.0617523193359375,0.46466064453125,-0.725982666015625
1784805847647435264,36.05098009109497,-0.164703369140625,0.3333892822265625,-0.5569000244140625
1784805847657355264,36.06090021133423,-0.0658416748046875,0.324127197265625,-0.5977020263671875
1784805847667274240,36.07081913948059,-0.0585784912109375,0.59075927734375,-0.4903411865234375
1784805847677194240,36.08073902130127,-0.1050262451171875,0.8503570556640625,-0.546783447265625
1784805847687113216,36.09065818786621,-0.1124725341796875,0.8792266845703125,-0.59149169921875
1784805847697033216,36.10057806968689,-0.0959930419921875,0.821563720703125,-0.55926513671875
1784805847706952192,36.11049699783325,0.0231170654296875,0.7675323486328125,-0.5981292724609375
1784805847716872192,36.12041711807251,0.1552734375,0.7500152587890625,-0.707427978515625
1784805847726791168,36.13033604621887,0.39141845703125,0.7984466552734375,-0.672119140625
1784805847736711168,36.14025616645813,0.2305908203125,0.87890625,-0.681976318359375
1784805847746630144,36.15017509460449,-0.3008575439453125,0.8818511962890625,-0.5203094482421875
1784805847756550400,36.16009521484375,-0.6662750244140625,0.96063232421875,-0.4792633056640625
1784805847766469120,36.17001414299011,-0.1571197509765625,0.9263916015625,-0.4947967529296875
1784805847776389120,36.17993402481079,0.0675506591796875,0.8487701416015625,-0.5119476318359375
1784805847786308352,36.18985319137573,-0.0276641845703125,0.855621337890625,-0.51861572265625
1784805847796228096,36.19977307319641,-0.0522613525390625,0.901580810546875,-0.5211181640625
1784805847806147072,36.20969200134277,0.024688720703125,0.864410400390625,-0.5977783203125
1784805847816067328,36.21961212158203,0.0090179443359375,0.802703857421875,-0.6658782958984375
1784805847825986048,36.229531049728394,0.1127166748046875,0.718353271484375,-0.7508087158203125
1784805847835906304,36.23945116996765,0.1204986572265625,0.768829345703125,-0.7189483642578125
1784805847845825280,36.249370098114014,0.1236572265625,0.7792205810546875,-0.6446075439453125
1784805847855745280,36.25929021835327,0.0700225830078125,0.685943603515625,-0.6087188720703125
1784805847865664256,36.269209146499634,-0.0800323486328125,0.67901611328125,-0.5564422607421875
1784805847875584000,36.27912902832031,-0.1552581787109375,0.72613525390625,-0.5213470458984375
1784805847885503232,36.289048194885254,-0.1434173583984375,0.7753753662109375,-0.536529541015625
1784805847895423232,36.29896807670593,-0.09185791015625,0.8037109375,-0.58673095703125
1784805847905342208,36.308887004852295,-0.040924072265625,0.846923828125,-0.62908935546875
1784805847915262208,36.31880712509155,0.0317840576171875,0.8441619873046875,-0.687103271484375
1784805847925181184,36.328726053237915,0.0400390625,0.826751708984375,-0.6501007080078125
1784805847935101184,36.33864617347717,-0.0277862548828125,0.807830810546875,-0.5887908935546875
1784805847945020160,36.348565101623535,-0.042022705078125,0.7899322509765625,-0.53131103515625
1784805847954940416,36.35848522186279,-0.01800537109375,0.7660369873046875,-0.5981597900390625
1784805847964859136,36.368404150009155,-0.0696563720703125,0.7441253662109375,-0.5778350830078125
1784805847974779136,36.378324031829834,-0.08233642578125,0.6765289306640625,-0.608673095703125
1784805847984698368,36.388243198394775,-0.03619384765625,0.7254791259765625,-0.59844970703125
1784805847994618112,36.398163080215454,-0.015899658203125,0.811767578125,-0.5887298583984375
1784805848004537088,36.408082008361816,0.0265655517578125,0.8219451904296875,-0.628448486328125
1784805848014457344,36.418002128601074,0.062225341796875,0.8095550537109375,-0.6148834228515625
1784805848024376064,36.42792105674744,-0.0294342041015625,0.76513671875,-0.6335296630859375
1784805848034296320,36.437841176986694,-0.0640411376953125,0.777313232421875,-0.63555908203125
1784805848044215296,36.44776010513306,-0.04754638671875,0.8061981201171875,-0.5878753662109375
1784805848054135296,36.457680225372314,-0.08538818359375,0.830810546875,-0.5689697265625
1784805848064054272,36.46759915351868,-0.046630859375,0.899322509765625,-0.55145263671875
1784805848073974016,36.477519035339355,0.020416259765625,0.9300689697265625,-0.5359954833984375
1784805848083893248,36.4874382019043,0.01812744140625,0.87652587890625,-0.56512451171875
1784805848093813248,36.497358083724976,0.0494842529296875,0.8151397705078125,-0.596343994140625
1784805848103732224,36.50727701187134,0.0620880126953125,0.72076416015625,-0.638885498046875
1784805848113652224,36.517197132110596,0.115814208984375,0.5699462890625,-0.6729583740234375
1784805848123572224,36.527117013931274,-0.0423126220703125,0.6401824951171875,-0.663299560546875
1784805848133491200,36.537036180496216,-0.006072998046875,0.732879638671875,-0.687255859375
1784805848143411200,36.546956062316895,-0.0321197509765625,0.824737548828125,-0.581817626953125
1784805848153330432,36.556875228881836,-0.0230712890625,0.7579498291015625,-0.62652587890625
1784805848163250176,36.566795110702515,-0.0504913330078125,0.84649658203125,-0.59375
1784805848173169152,36.57671403884888,0.0082244873046875,0.871826171875,-0.5983123779296875
1784805848183089152,36.586634159088135,0.1029815673828125,0.854400634765625,-0.6124725341796875
1784805848193008128,36.5965530872345,0.049774169921875,0.7805938720703125,-0.6220245361328125
1784805848202928384,36.606473207473755,-0.164886474609375,0.7167816162109375,-0.61871337890625
1784805848212847360,36.61639213562012,-0.18389892578125,0.7116241455078125,-0.625152587890625
1784805848222767104,36.626312017440796,-0.04803466796875,0.738037109375,-0.641815185546875
1784805848232686336,36.63623118400574,0.0306396484375,0.75567626953125,-0.65740966796875
1784805848242606080,36.646151065826416,-0.26678466796875,0.782958984375,-0.6713714599609375
1784805848252525056,36.65606999397278,-0.1097564697265625,0.8301544189453125,-0.6709747314453125
1784805848262445312,36.665990114212036,-0.0709228515625,0.79168701171875,-0.68365478515625
1784805848272364032,36.6759090423584,-0.0665435791015625,0.776031494140625,-0.65301513671875
1784805848282284288,36.685829162597656,-0.0581207275390625,0.777435302734375,-0.5923614501953125
1784805848292203264,36.69574809074402,-0.105377197265625,0.77459716796875,-0.536376953125
1784805848302123264,36.705668210983276,-0.053253173828125,0.7246856689453125,-0.5152130126953125
1784805848312042240,36.71558713912964,-0.0431365966796875,0.6761016845703125,-0.5150146484375
1784805848321962240,36.72550702095032,-0.1768798828125,0.7978363037109375,-0.572052001953125
1784805848331881216,36.73542618751526,-0.1998443603515625,0.961181640625,-0.6667938232421875
1784805848341801216,36.74534606933594,-0.115936279296875,1.007598876953125,-0.72125244140625
1784805848351720192,36.7552649974823,-0.003326416015625,0.93597412109375,-0.6699066162109375
1784805848361640192,36.76518511772156,-0.0026702880859375,0.8430328369140625,-0.6252288818359375
1784805848371559168,36.77510404586792,0.0312652587890625,0.7585296630859375,-0.594940185546875
1784805848381479168,36.78502416610718,-0.0660552978515625,0.7295379638671875,-0.59552001953125
1784805848391398144,36.79494309425354,-0.1932525634765625,0.7369842529296875,-0.621490478515625
1784805848401318400,36.8048632144928,-0.1791839599609375,0.7225494384765625,-0.6317138671875
1784805848411237120,36.81478214263916,-0.2089996337890625,0.68402099609375,-0.6468963623046875
1784805848421157120,36.82470202445984,-0.164794921875,0.653289794921875,-0.6259307861328125
1784805848431076352,36.83462119102478,-0.045684814453125,0.57373046875,-0.6024322509765625
1784805848440996096,36.84454107284546,-0.1082763671875,0.6462860107421875,-0.63287353515625
1784805848450915072,36.85446000099182,0.0068511962890625,0.7476654052734375,-0.6227874755859375
1784805848460835328,36.86438012123108,0.109039306640625,0.7278594970703125,-0.628204345703125
1784805848470754048,36.87429904937744,0.00286865234375,0.703582763671875,-0.62823486328125
1784805848480674304,36.8842191696167,-0.10009765625,0.73529052734375,-0.6176605224609375
1784805848490593280,36.89413809776306,-0.1201019287109375,0.75750732421875,-0.6668243408203125
1784805848500513280,36.90405821800232,-0.074493408203125,0.81317138671875,-0.6580352783203125
1784805848510432256,36.91397714614868,-0.012176513671875,0.8046722412109375,-0.6461944580078125
1784805848520352000,36.92389702796936,-0.023529052734375,0.76483154296875,-0.637481689453125
1784805848530271232,36.9338161945343,-0.0604705810546875,0.753143310546875,-0.6076812744140625
1784805848540191232,36.94373607635498,-0.1003265380859375,0.73358154296875,-0.5908050537109375
1784805848550111232,36.95365619659424,-0.12945556640625,0.7552490234375,-0.61785888671875
1784805848560031232,36.96357607841492,-0.1231842041015625,0.786346435546875,-0.65667724609375
1784805848569950464,36.97349524497986,-0.1110992431640625,0.831817626953125,-0.671661376953125
1784805848579870208,36.98341512680054,-0.108123779296875,0.877899169921875,-0.67132568359375
1784805848589789440,36.99333429336548,-0.08782958984375,0.892486572265625,-0.6597442626953125
1784805848599709184,37.00325417518616,0.0213165283203125,0.868011474609375,-0.63262939453125
1784805848609628160,37.01317310333252,0.03961181640625,0.8332366943359375,-0.5933074951171875
1784805848619548416,37.02309322357178,-0.0144805908203125,0.6602935791015625,-0.45977783203125
1784805848629467136,37.03301215171814,-0.1405181884765625,0.7252044677734375,-0.5784759521484375
1784805848639387392,37.0429322719574,-0.130218505859375,0.6881256103515625,-0.6103668212890625
1784805848649306368,37.05285120010376,-0.1161956787109375,0.787811279296875,-0.6979827880859375
1784805848659226112,37.06277108192444,-0.073150634765625,0.8300628662109375,-0.722900390625
1784805848669145344,37.07269024848938,0.00030517578125,0.762664794921875,-0.6979217529296875
1784805848679065344,37.08261013031006,0.0322723388671875,0.672760009765625,-0.6199188232421875
1784805848688984320,37.092529296875,0.0520172119140625,0.6758270263671875,-0.5527801513671875
1784805848698904320,37.10244917869568,0.2208404541015625,0.7866973876953125,-0.559600830078125
1784805848708823296,37.11236810684204,0.236083984375,0.89764404296875,-0.6463623046875
1784805848718743296,37.1222882270813,-0.2832489013671875,0.8131256103515625,-0.6634674072265625
1784805848728662272,37.13220715522766,-0.3444366455078125,0.78887939453125,-0.6706085205078125
1784805848738582272,37.14212727546692,-0.1446533203125,0.753662109375,-0.6623382568359375
1784805848748501248,37.15204620361328,0.239837646484375,0.792266845703125,-0.5996246337890625
1784805848758421248,37.16196608543396,0.4716644287109375,0.8079833984375,-0.59893798828125
1784805848768340224,37.1718852519989,0.1717071533203125,0.7859649658203125,-0.562347412109375
1784805848778260224,37.18180513381958,-0.0149993896484375,0.758544921875,-0.61566162109375
1784805848788179456,37.19172430038452,-0.22540283203125,0.7251434326171875,-0.7417144775390625
1784805848798099200,37.2016441822052,0.1238555908203125,0.7899322509765625,-0.5774383544921875
1784805848808018176,37.21156311035156,0.01983642578125,0.6929168701171875,-0.6711273193359375
1784805848817938432,37.22148323059082,-0.17047119140625,0.6664276123046875,-0.6662445068359375
1784805848827857152,37.23140215873718,-0.2198333740234375,0.68011474609375,-0.6508331298828125
1784805848837777408,37.24132227897644,-0.113922119140625,0.7164306640625,-0.6457672119140625
1784805848847697152,37.25124216079712,0.083892822265625,0.7976226806640625,-0.628143310546875
1784805848857616128,37.26116108894348,0.1871337890625,0.86651611328125,-0.6151123046875
1784805848867535360,37.27108025550842,0.138916015625,0.9008026123046875,-0.6065673828125
1784805848877455360,37.2810001373291,0.038604736328125,0.882598876953125,-0.601776123046875
1784805848887375360,37.29092025756836,-0.056121826171875,0.8276824951171875,-0.629241943359375
1784805848897294336,37.30083918571472,-0.1103973388671875,0.7581329345703125,-0.6566009521484375
1784805848907214336,37.31075930595398,-0.154815673828125,0.6664581298828125,-0.63409423828125
1784805848917133312,37.32067823410034,-0.06085205078125,0.64996337890625,-0.6190948486328125
1784805848927053312,37.33059811592102,0.076171875,0.6640472412109375,-0.6516265869140625
1784805848936972288,37.34051728248596,0.1015472412109375,0.703460693359375,-0.6545867919921875
1784805848946892288,37.35043716430664,0.075775146484375,0.755615234375,-0.6483612060546875
1784805848956811264,37.360356092453,0.0123291015625,0.818328857421875,-0.6291046142578125
1784805848966731264,37.37027621269226,-0.0609893798828125,0.8513641357421875,-0.6640167236328125
1784805848976650240,37.38019514083862,-0.045623779296875,0.824981689453125,-0.678558349609375
1784805848986570240,37.39011526107788,-0.0201873779296875,0.799896240234375,-0.6358489990234375
1784805848996489216,37.40003418922424,-0.0235137939453125,0.781646728515625,-0.6234283447265625
1784805849006409472,37.4099543094635,-0.0727691650390625,0.762939453125,-0.6289520263671875
1784805849016328448,37.41987323760986,-0.0964813232421875,0.7429656982421875,-0.641754150390625
1784805849026248192,37.42979311943054,-0.0608978271484375,0.7079010009765625,-0.6765594482421875
1784805849036167424,37.43971228599548,-0.035797119140625,0.668701171875,-0.6903228759765625
1784805849046087168,37.44963216781616,-0.0456695556640625,0.6314697265625,-0.6991729736328125
1784805849056006144,37.459551095962524,-0.07989501953125,0.6574554443359375,-0.6669921875
1784805849065926400,37.46947121620178,-0.04925537109375,0.734222412109375,-0.65283203125
1784805849075845120,37.479390144348145,0.0370635986328125,0.740814208984375,-0.5851593017578125
1784805849085765376,37.4893102645874,0.2673492431640625,0.8036346435546875,-0.598175048828125
1784805849095684352,37.499229192733765,-0.031158447265625,0.6787261962890625,-0.5216064453125
1784805849105604352,37.50914931297302,0.017547607421875,0.6376953125,-0.6486358642578125
1784805849115523328,37.519068241119385,-0.080108642578125,0.784088134765625,-0.580657958984375
1784805849125443328,37.52898812294006,-0.109375,0.8093719482421875,-0.653289794921875
1784805849135362304,37.538907289505005,-0.1631011962890625,0.8525238037109375,-0.6908111572265625
1784805849145282304,37.548827171325684,-0.12310791015625,0.8675079345703125,-0.6851043701171875
1784805849155201280,37.558746099472046,-0.0456695556640625,0.904083251953125,-0.72760009765625
1784805849165121280,37.568666219711304,0.061492919921875,1.021087646484375,-0.759674072265625
1784805849175040256,37.578585147857666,0.16827392578125,1.1041717529296875,-0.7408294677734375
1784805849184960256,37.588505268096924,0.0049285888671875,0.81640625,-0.7058563232421875
1784805849194879232,37.598424196243286,-0.23748779296875,0.4631500244140625,-0.6557159423828125
1784805849204799232,37.608344078063965,-0.20465087890625,0.3189849853515625,-0.521881103515625
1784805849214718464,37.618263244628906,-0.0400543212890625,0.461273193359375,-0.55523681640625
1784805849224638208,37.628183126449585,0.1241302490234375,0.676666259765625,-0.6109619140625
1784805849234557440,37.638102293014526,0.1491851806640625,0.849639892578125,-0.610687255859375
1784805849244477184,37.648022174835205,0.10894775390625,0.918487548828125,-0.6287384033203125
1784805849254396160,37.65794110298157,0.068145751953125,0.952178955078125,-0.6029815673828125
1784805849264316416,37.667861223220825,0.0064239501953125,0.92901611328125,-0.576416015625
1784805849274235136,37.67778015136719,-0.0465240478515625,0.843963623046875,-0.625335693359375
1784805849284155392,37.687700271606445,-0.0682373046875,0.75933837890625,-0.6678009033203125
1784805849294074368,37.69761919975281,-0.0329742431640625,0.701507568359375,-0.703826904296875
1784805849303994112,37.707539081573486,-0.0085601806640625,0.64453125,-0.71734619140625
1784805849313913344,37.71745824813843,-0.009765625,0.626434326171875,-0.690093994140625
1784805849323833344,37.727378129959106,-0.0076904296875,0.6404266357421875,-0.6519012451171875
1784805849333752320,37.73729729652405,0.007354736328125,0.6820831298828125,-0.6233367919921875
1784805849343672320,37.74721717834473,0.0113067626953125,0.77276611328125,-0.6056671142578125
1784805849353591296,37.75713610649109,-0.0012359619140625,0.8413238525390625,-0.60919189453125
1784805849363511296,37.76705622673035,-0.028411865234375,0.8667144775390625,-0.646240234375
1784805849373430272,37.77697515487671,-0.02801513671875,0.8630828857421875,-0.668212890625
1784805849383350272,37.78689527511597,0.01763916015625,0.8058319091796875,-0.7045440673828125
1784805849393270272,37.796815156936646,0.058013916015625,0.7121734619140625,-0.7508392333984375
1784805849403189248,37.80673408508301,0.0682373046875,0.6237640380859375,-0.71661376953125
1784805849413109248,37.816654205322266,0.0408172607421875,0.583526611328125,-0.6557769775390625
1784805849423028224,37.82657313346863,-0.0168609619140625,0.621826171875,-0.6282196044921875
1784805849432948224,37.836493253707886,-0.076751708984375,0.67864990234375,-0.644927978515625
1784805849442867200,37.84641218185425,-0.1202545166015625,0.7337493896484375,-0.6612548828125
1784805849452787456,37.856332302093506,-0.099029541015625,0.7572021484375,-0.69207763671875
1784805849462706432,37.86625123023987,0.0111236572265625,0.7557373046875,-0.6920166015625
1784805849472626176,37.87617111206055,0.36077880859375,0.7519683837890625,-0.5986328125
1784805849482545408,37.88609027862549,0.0211181640625,0.8127593994140625,-0.740386962890625
1784805849492465152,37.89601016044617,0.0262908935546875,0.8698577880859375,-0.650421142578125
1784805849502384128,37.90592908859253,-0.0433502197265625,0.88153076171875,-0.65362548828125
1784805849512304384,37.91584920883179,-0.1176605224609375,0.827545166015625,-0.6558380126953125
1784805849522223360,37.92576813697815,-0.0404052734375,0.7779693603515625,-0.6423797607421875
1784805849532143360,37.93568825721741,-0.0048065185546875,0.6221771240234375,-0.6627044677734375
1784805849542062336,37.94560718536377,0.0236053466796875,0.5482330322265625,-0.636993408203125
1784805849551981568,37.95552635192871,0.0361328125,0.5701446533203125,-0.6898193359375
1784805849561900288,37.96544528007507,0.00323486328125,0.6306610107421875,-0.702362060546875
1784805849571820544,37.97536540031433,-0.000244140625,0.73748779296875,-0.658721923828125
1784805849581739520,37.98528432846069,-0.0124053955078125,0.7868804931640625,-0.6859283447265625
1784805849591659520,37.99520444869995,-0.046875,0.7923126220703125,-0.6949920654296875
1784805849601578496,38.00512337684631,-0.0893096923828125,0.820587158203125,-0.65374755859375
1784805849611498240,38.01504325866699,-0.0383148193359375,0.8587188720703125,-0.6489105224609375
1784805849621417472,38.024962425231934,0.01483154296875,0.848876953125,-0.6709747314453125
1784805849631337472,38.03488230705261,0.0445098876953125,0.791595458984375,-0.659759521484375
1784805849641256448,38.044801473617554,0.063018798828125,0.6783447265625,-0.6533355712890625
1784805849651176448,38.05472135543823,0.0377349853515625,0.6292266845703125,-0.683868408203125
1784805849661095424,38.064640283584595,0.002838134765625,0.6457366943359375,-0.6938934326171875
1784805849671015424,38.07456040382385,0.0480499267578125,0.634765625,-0.6663665771484375
1784805849680934400,38.084479331970215,0.0649871826171875,0.6457977294921875,-0.659881591796875
1784805849690854656,38.09439945220947,0.0009918212890625,0.6863555908203125,-0.6680908203125
1784805849700773376,38.104318380355835,-0.0794677734375,0.736480712890625,-0.6696014404296875
1784805849710693376,38.114238262176514,-0.0867156982421875,0.8069305419921875,-0.638946533203125
1784805849720612608,38.124157428741455,-0.01776123046875,0.82452392578125,-0.6257171630859375
1784805849730532352,38.134077310562134,0.02117919921875,0.8385162353515625,-0.6634368896484375
1784805849740451584,38.143996477127075,-0.0013885498046875,0.7712554931640625,-0.7047576904296875
1784805849750371584,38.153916358947754,0.0385894775390625,0.750823974609375,-0.6938629150390625
1784805849760290304,38.163835287094116,0.0338134765625,0.779083251953125,-0.7365264892578125
1784805849770210560,38.173755407333374,0.067047119140625,0.8458251953125,-0.698089599609375
1784805849780129536,38.183674335479736,0.13104248046875,0.89581298828125,-0.6796875
1784805849790049536,38.193594455718994,0.0643310546875,0.8349609375,-0.6917266845703125
1784805849799968512,38.203513383865356,0.0207061767578125,0.694580078125,-0.742889404296875
1784805849809888256,38.213433265686035,-0.0352325439453125,0.5925750732421875,-0.72015380859375
1784805849819807488,38.22335243225098,-0.045074462890625,0.5982818603515625,-0.7114105224609375
1784805849829727488,38.233272314071655,-0.020233154296875,0.6130523681640625,-0.702789306640625
1784805849839646464,38.2431914806366,-0.0225372314453125,0.657257080078125,-0.6779937744140625
1784805849849566464,38.253111362457275,-0.0781097412109375,0.7108154296875,-0.6294403076171875
1784805849859486464,38.263031244277954,-0.1202545166015625,0.7281951904296875,-0.5924224853515625
1784805849869405440,38.272950410842896,-0.1204071044921875,0.7058258056640625,-0.6279144287109375
1784805849879325440,38.282870292663574,-0.03924560546875,0.6283416748046875,-0.6039276123046875
1784805849889244672,38.292789459228516,0.044342041015625,0.70538330078125,-0.6891937255859375
1784805849899164416,38.302709341049194,-0.10015869140625,0.7236328125,-0.77001953125
1784805849909083392,38.31262826919556,-0.0874786376953125,0.6281585693359375,-0.7882232666015625
1784805849919003392,38.322548389434814,-0.1064300537109375,0.5645904541015625,-0.7488250732421875
1784805849928922368,38.33246731758118,-0.1611480712890625,0.6598968505859375,-0.7159881591796875
1784805849938842624,38.342387437820435,-0.135345458984375,0.7691650390625,-0.706787109375
1784805849948761344,38.3523063659668,-0.1216888427734375,0.7802734375,-0.711669921875
1784805849958681344,38.362226247787476,-0.098663330078125,0.7512969970703125,-0.6952667236328125
1784805849968600576,38.37214541435242,-0.1246337890625,0.751220703125,-0.69464111328125
1784805849978520320,38.382065296173096,-0.108551025390625,0.7299957275390625,-0.707305908203125
1784805849988439552,38.39198446273804,-0.12774658203125,0.7130889892578125,-0.739105224609375
1784805849998359552,38.401904344558716,-0.1319732666015625,0.740264892578125,-0.74285888671875
1784805850008278272,38.41182327270508,-0.12237548828125,0.7090911865234375,-0.70794677734375
1784805850018198528,38.421743392944336,-0.048309326171875,0.6865234375,-0.69488525390625
1784805850028117504,38.4316623210907,0.031005859375,0.6775970458984375,-0.6439666748046875
1784805850038037504,38.441582441329956,0.130218505859375,0.6697998046875,-0.63958740234375
1784805850047956480,38.45150136947632,0.170166015625,0.60498046875,-0.684326171875
1784805850057876224,38.461421251297,0.1950531005859375,0.604736328125,-0.715484619140625
1784805850067795456,38.47134041786194,0.11309814453125,0.63946533203125,-0.72064208984375
1784805850077715456,38.48126029968262,0.0201568603515625,0.6646728515625,-0.713043212890625
1784805850087634688,38.49117946624756,0.0166473388671875,0.7101593017578125,-0.6727447509765625
1784805850097554432,38.50109934806824,0.01251220703125,0.7194061279296875,-0.6636505126953125
1784805850107473408,38.5110182762146,0.0071563720703125,0.7192535400390625,-0.648956298828125
1784805850117393408,38.52093839645386,0.034088134765625,0.710113525390625,-0.6436920166015625
1784805850127312384,38.53085732460022,0.0492095947265625,0.7169647216796875,-0.66094970703125
1784805850137232640,38.54077744483948,0.039276123046875,0.7236175537109375,-0.701751708984375
1784805850147151360,38.55069637298584,0.001190185546875,0.72393798828125,-0.734222412109375
1784805850157071360,38.56061625480652,-0.00958251953125,0.77667236328125,-0.732208251953125
1784805850166990592,38.57053542137146,-0.034149169921875,0.791259765625,-0.7188720703125
1784805850176910336,38.58045530319214,-0.0265350341796875,0.7904205322265625,-0.696868896484375
1784805850186829568,38.59037446975708,0.0168609619140625,0.7642822265625,-0.66876220703125
1784805850196749568,38.60029435157776,0.03851318359375,0.7250518798828125,-0.6523284912109375
1784805850206668288,38.61021327972412,0.0370330810546875,0.68792724609375,-0.6547393798828125
1784805850216588544,38.62013339996338,0.011474609375,0.697601318359375,-0.6867218017578125
1784805850226507520,38.63005232810974,-0.0126953125,0.7011871337890625,-0.7175750732421875
1784805850236427520,38.639972448349,-0.005584716796875,0.7061004638671875,-0.6955108642578125
1784805850246346496,38.64989137649536,-0.0120391845703125,0.6882781982421875,-0.6736907958984375
1784805850256266240,38.65981125831604,-0.02679443359375,0.638641357421875,-0.6625823974609375
1784805850266185472,38.66973042488098,0.0922698974609375,0.7021026611328125,-0.6423187255859375
1784805850276105472,38.67965030670166,0.11456298828125,0.8418731689453125,-0.6748046875
1784805850286024448,38.6895694732666,-0.0152130126953125,0.7887725830078125,-0.7133941650390625
1784805850295944448,38.69948935508728,-0.0583648681640625,0.75238037109375,-0.6914215087890625
1784805850305863424,38.70940828323364,-0.0349884033203125,0.7749786376953125,-0.6945037841796875
1784805850315783424,38.7193284034729,-0.0005950927734375,0.767974853515625,-0.6905670166015625
1784805850325702400,38.72924733161926,0.0373382568359375,0.7454071044921875,-0.6717376708984375
1784805850335622656,38.73916745185852,0.050323486328125,0.7206573486328125,-0.6577911376953125
1784805850345542400,38.7490873336792,0.055755615234375,0.7047271728515625,-0.645050048828125
1784805850355461376,38.75900626182556,0.0342864990234375,0.689208984375,-0.6573944091796875
1784805850365381376,38.76892638206482,-0.006439208984375,0.697967529296875,-0.6498565673828125
1784805850375300352,38.77884531021118,-0.042877197265625,0.736236572265625,-0.6561279296875
1784805850385220608,38.78876543045044,-0.054443359375,0.776947021484375,-0.69305419921875
1784805850395139328,38.7986843585968,-0.0354766845703125,0.7924957275390625,-0.7249298095703125
1784805850405059584,38.80860447883606,0.0124359130859375,0.7436370849609375,-0.72021484375
1784805850414978560,38.81852340698242,0.0423431396484375,0.7092437744140625,-0.6901702880859375
1784805850424898304,38.8284432888031,0.058380126953125,0.7115020751953125,-0.6518707275390625
1784805850434817536,38.83836245536804,0.0361785888671875,0.6933441162109375,-0.63580322265625
1784805850444737536,38.84828233718872,-0.00506591796875,0.68408203125,-0.6464996337890625
1784805850454656256,38.85820126533508,-0.0445556640625,0.721160888671875,-0.6787109375
1784805850464576512,38.86812138557434,-0.044464111328125,0.7662353515625,-0.693267822265625
1784805850474495488,38.8780403137207,-0.0210113525390625,0.754364013671875,-0.69647216796875
1784805850484415488,38.88796043395996,0.0301971435546875,0.722503662109375,-0.6846466064453125
1784805850494334464,38.89787936210632,0.0717620849609375,0.700103759765625,-0.6632080078125
1784805850504254464,38.907799243927,0.0584869384765625,0.697479248046875,-0.661956787109375
1784805850514173440,38.91771841049194,0.0136871337890625,0.706298828125,-0.67315673828125
1784805850524093440,38.92763829231262,-0.0457916259765625,0.7342681884765625,-0.698486328125
1784805850534012672,38.93755745887756,-0.0779876708984375,0.7666168212890625,-0.73980712890625
1784805850543932416,38.94747734069824,-0.0520172119140625,0.8016357421875,-0.732635498046875
1784805850553850880,38.957395792007446,-0.005462646484375,0.8122100830078125,-0.70306396484375
1784805850563771136,38.967315912246704,0.002166748046875,0.7794952392578125,-0.6714935302734375
1784805850573689856,38.977234840393066,0.02056884765625,0.7480926513671875,-0.635101318359375
1784805850583610112,38.987154960632324,0.0608978271484375,0.672454833984375,-0.5884552001953125
1784805850593529088,38.99707388877869,0.0923614501953125,0.5759124755859375,-0.601470947265625
1784805850603448832,39.006993770599365,0.100921630859375,0.6236724853515625,-0.64288330078125
1784805850613368064,39.01691293716431,0.0445556640625,0.718597412109375,-0.683013916015625
1784805850623287808,39.026832818984985,-0.0265045166015625,0.7372894287109375,-0.7087860107421875
1784805850633206784,39.03675174713135,-0.07049560546875,0.7294921875,-0.72076416015625
1784805850643127040,39.046671867370605,-0.0783538818359375,0.7351531982421875,-0.7161865234375
1784805850653046016,39.05659079551697,-0.0415496826171875,0.750732421875,-0.683868408203125
1784805850662966016,39.066510915756226,0.013671875,0.801971435546875,-0.662994384765625
1784805850672884992,39.07642984390259,0.014404296875,0.783660888671875,-0.677581787109375
1784805850682804992,39.086349964141846,-0.013916015625,0.7627105712890625,-0.704986572265625
1784805850692723968,39.09626889228821,-0.014007568359375,0.7568206787109375,-0.72821044921875
1784805850702643968,39.10618877410889,0.0212249755859375,0.7198486328125,-0.70281982421875
1784805850712562944,39.11610794067383,0.0921630859375,0.662109375,-0.6384124755859375
1784805850722482944,39.12602782249451,0.12713623046875,0.607147216796875,-0.5884246826171875
1784805850732401920,39.13594675064087,0.022430419921875,0.6268463134765625,-0.553863525390625
1784805850742321920,39.14586687088013,-0.1103363037109375,0.695159912109375,-0.5819091796875
1784805850752240896,39.15578579902649,-0.0920562744140625,0.5618743896484375,-0.706329345703125
1784805850762160896,39.16570591926575,-0.01763916015625,0.6531524658203125,-0.7186737060546875
1784805850772079872,39.17562484741211,-0.040283203125,0.79327392578125,-0.7563018798828125
1784805850782000128,39.18554496765137,-0.0526580810546875,0.9134674072265625,-0.7653656005859375
1784805850791919104,39.19546389579773,-0.0179901123046875,1.0507659912109375,-0.7246246337890625
1784805850801838848,39.20538377761841,0.019256591796875,0.9305419921875,-0.7250518798828125
1784805850811758080,39.21530294418335,0.0592498779296875,0.7775115966796875,-0.644256591796875
1784805850821677824,39.22522282600403,0.0847320556640625,0.643951416015625,-0.5753173828125
1784805850831596800,39.23514175415039,0.095184326171875,0.6447601318359375,-0.5688934326171875
1784805850841517056,39.24506187438965,0.0426177978515625,0.690948486328125,-0.61614990234375
1784805850851435776,39.25498080253601,0.0088958740234375,0.6669769287109375,-0.6506805419921875
1784805850861356032,39.26490092277527,-0.0323333740234375,0.708740234375,-0.6605682373046875
1784805850871275008,39.27481985092163,-0.012603759765625,0.842132568359375,-0.7100830078125
1784805850881195008,39.28473997116089,0.0734710693359375,0.9239501953125,-0.7257843017578125
1784805850891113984,39.29465889930725,0.0341033935546875,0.7935333251953125,-0.74859619140625
1784805850901033984,39.30457878112793,-0.0718994140625,0.5660552978515625,-0.743011474609375
1784805850910952960,39.31449794769287,-0.0601043701171875,0.6833953857421875,-0.6377105712890625
1784805850920872960,39.32441782951355,0.0406646728515625,0.5467071533203125,-0.56756591796875
1784805850930791936,39.33433675765991,-0.015045166015625,0.447662353515625,-0.61810302734375
1784805850940711936,39.34425687789917,-0.0117034912109375,0.63482666015625,-0.6194915771484375
1784805850950630912,39.35417580604553,0.0093994140625,0.8333587646484375,-0.668914794921875
1784805850960550912,39.36409592628479,0.0297393798828125,0.931121826171875,-0.7063446044921875
1784805850970469888,39.37401485443115,0.027587890625,0.9169464111328125,-0.684906005859375
1784805850980390144,39.38393497467041,-0.0164947509765625,0.8221282958984375,-0.6479339599609375
1784805850990309120,39.39385390281677,-0.0130462646484375,0.6852264404296875,-0.6832122802734375
1784805851000228864,39.40377378463745,-0.06207275390625,0.652374267578125,-0.687347412109375
1784805851010148096,39.41369295120239,0.00091552734375,0.670745849609375,-0.7062530517578125
1784805851020067840,39.42361283302307,0.046661376953125,0.7477264404296875,-0.690765380859375
1784805851029986816,39.433531761169434,0.0342254638671875,0.813232421875,-0.67327880859375
1784805851039907072,39.44345188140869,-0.0814971923828125,0.806182861328125,-0.7028045654296875
1784805851049825792,39.453370809555054,-0.113189697265625,0.7747955322265625,-0.6856842041015625
1784805851059746048,39.46329092979431,-0.0176239013671875,0.7136077880859375,-0.6621246337890625
1784805851069665024,39.473209857940674,0.033966064453125,0.6484832763671875,-0.6555633544921875
1784805851079585024,39.48312997817993,0.0322723388671875,0.677398681640625,-0.6275787353515625
1784805851089504000,39.493048906326294,0.07061767578125,0.7768402099609375,-0.61944580078125
1784805851099424000,39.50296878814697,0.14013671875,0.904510498046875,-0.6828155517578125
1784805851109342976,39.512887954711914,0.022125244140625,0.871978759765625,-0.714874267578125
1784805851119262976,39.52280783653259,-0.0113983154296875,0.8052978515625,-0.6314849853515625
1784805851129181952,39.532726764678955,0.0236053466796875,0.7371063232421875,-0.623748779296875
1784805851139101952,39.54264688491821,-0.0014801025390625,0.72808837890625,-0.6414337158203125
1784805851149020928,39.552565813064575,-0.10260009765625,0.74761962890625,-0.688873291015625
1784805851158940928,39.56248593330383,-0.149627685546875,0.7263336181640625,-0.718414306640625
1784805851168859904,39.572404861450195,-0.0435333251953125,0.6696624755859375,-0.685638427734375
1784805851178779904,39.582324743270874,0.0919952392578125,0.584136962890625,-0.6533050537109375
1784805851188698880,39.592243909835815,0.140899658203125,0.5750579833984375,-0.655670166015625
1784805851198618880,39.602163791656494,0.1035614013671875,0.6566619873046875,-0.664947509765625
1784805851208538112,39.612082958221436,0.01873779296875,0.7400970458984375,-0.6690673828125
1784805851218457856,39.622002840042114,-0.0390777587890625,0.78948974609375,-0.686614990234375
1784805851228376832,39.63192176818848,-0.056915283203125,0.8109893798828125,-0.700836181640625
1784805851238297088,39.641841888427734,-0.0431671142578125,0.7957763671875,-0.703948974609375
1784805851248215808,39.6517608165741,-0.01678466796875,0.7571868896484375,-0.690521240234375
1784805851258136064,39.661680936813354,0.0008697509765625,0.721954345703125,-0.6757659912109375
1784805851268055808,39.67160081863403,0.013580322265625,0.667724609375,-0.660614013671875
1784805851277974784,39.681519746780396,0.057373046875,0.616455078125,-0.640289306640625
1784805851287895040,39.69143986701965,0.09759521484375,0.6412506103515625,-0.6110992431640625
1784805851297814016,39.701358795166016,0.0631103515625,0.6768798828125,-0.61529541015625
1784805851307732992,39.71127796173096,0.0072784423828125,0.7383880615234375,-0.6411590576171875
1784805851317652992,39.721197843551636,-0.0266265869140625,0.78076171875,-0.659576416015625
1784805851327572992,39.731117963790894,-0.0314483642578125,0.79193115234375,-0.6816253662109375
1784805851337491968,39.741036891937256,-0.02374267578125,0.780426025390625,-0.6985931396484375
1784805851347411968,39.750956773757935,-0.0124053955078125,0.79736328125,-0.6897125244140625
1784805851357330944,39.760875940322876,-0.1018829345703125,0.8037109375,-0.7364654541015625
1784805851367250944,39.770795822143555,-0.1119842529296875,0.735260009765625,-0.7427825927734375
1784805851377169920,39.78071475028992,-0.0022125244140625,0.700347900390625,-0.673583984375
1784805851387089920,39.790634870529175,0.0604705810546875,0.685211181640625,-0.651824951171875
1784805851397008896,39.80055379867554,0.062286376953125,0.7054290771484375,-0.660369873046875
1784805851406928896,39.810473918914795,0.054656982421875,0.7288970947265625,-0.6461334228515625
1784805851416847872,39.82039284706116,0.061248779296875,0.740234375,-0.647064208984375
1784805851426768128,39.830312967300415,0.058197021484375,0.7283172607421875,-0.6566925048828125
1784805851436687104,39.84023189544678,0.060028076171875,0.6966400146484375,-0.6565704345703125
1784805851446606848,39.850151777267456,0.0433349609375,0.6873321533203125,-0.65179443359375
1784805851456526080,39.8600709438324,0.1157073974609375,0.583984375,-0.6190185546875
1784805851466445824,39.869990825653076,-0.03515625,0.75128173828125,-0.6723175048828125
1784805851476364800,39.87990975379944,-0.1178436279296875,0.8598480224609375,-0.716522216796875
1784805851486285056,39.889829874038696,-0.0891876220703125,0.8619232177734375,-0.6861114501953125
1784805851496203776,39.89974880218506,-0.0033111572265625,0.8210296630859375,-0.658355712890625
1784805851506124032,39.909668922424316,0.0543975830078125,0.788055419921875,-0.638092041015625
1784805851516043008,39.91958785057068,0.063629150390625,0.790557861328125,-0.6169586181640625
1784805851525963008,39.92950797080994,0.0295562744140625,0.7580413818359375,-0.6386260986328125
1784805851535881984,39.9394268989563,0.007720947265625,0.70440673828125,-0.6619720458984375
1784805851545801984,39.94934678077698,-0.02789306640625,0.68194580078125,-0.6649322509765625
1784805851555721472,39.95926642417908,-0.0217132568359375,0.6858367919921875,-0.6425018310546875
1784805851565641728,39.969186544418335,0.0241241455078125,0.7457427978515625,-0.6592254638671875
1784805851575560448,39.9791054725647,0.041473388671875,0.7639312744140625,-0.688507080078125
1784805851585480448,39.989025354385376,0.0413970947265625,0.765899658203125,-0.6733245849609375
1784805851595399680,39.99894452095032,0.039794921875,0.7660675048828125,-0.6323089599609375
1784805851605319424,40.008864402770996,0.0045166015625,0.78131103515625,-0.6414947509765625
1784805851615238400,40.01878333091736,-0.04132080078125,0.7957000732421875,-0.6689300537109375
1784805851625158656,40.028703451156616,-0.048370361328125,0.7870330810546875,-0.6788177490234375
1784805851635077376,40.03862237930298,-0.0206756591796875,0.7730255126953125,-0.67437744140625
1784805851644997632,40.048542499542236,0.0015411376953125,0.760589599609375,-0.66998291015625
1784805851654916608,40.0584614276886,0.0231475830078125,0.7330169677734375,-0.671173095703125
1784805851664836608,40.068381547927856,0.0372161865234375,0.704010009765625,-0.65423583984375
1784805851674755584,40.07830047607422,0.0370330810546875,0.69232177734375,-0.6326446533203125
1784805851684675328,40.0882203578949,0.0228729248046875,0.692535400390625,-0.62652587890625
1784805851694594560,40.09813952445984,0.0149688720703125,0.703765869140625,-0.626495361328125
1784805851704514560,40.10805940628052,-0.0102386474609375,0.7246551513671875,-0.6541290283203125
1784805851714433536,40.11797833442688,-0.0124969482421875,0.7562408447265625,-0.6632080078125
1784805851724353536,40.12789845466614,0.001434326171875,0.79327392578125,-0.69293212890625
1784805851734272512,40.1378173828125,0.006805419921875,0.7962188720703125,-0.7371673583984375
1784805851744192512,40.14773750305176,0.0182342529296875,0.7836456298828125,-0.7024688720703125
1784805851754111488,40.15765643119812,0.0478057861328125,0.7513580322265625,-0.65087890625
1784805851764031744,40.16757655143738,0.0572662353515625,0.756805419921875,-0.6022796630859375
1784805851773950464,40.17749547958374,0.037109375,0.7496185302734375,-0.58935546875
1784805851783870464,40.18741536140442,0.009124755859375,0.7378692626953125,-0.626556396484375
1784805851793789696,40.19733452796936,-0.005950927734375,0.7584686279296875,-0.654327392578125
1784805851803709440,40.20725440979004,-0.0041961669921875,0.75946044921875,-0.658050537109375
1784805851813628416,40.2171733379364,0.01116943359375,0.70306396484375,-0.682037353515625
1784805851823548672,40.22709345817566,0.044464111328125,0.6983642578125,-0.6799774169921875
1784805851833467392,40.23701238632202,0.03143310546875,0.723114013671875,-0.675567626953125
1784805851843387648,40.24693250656128,-0.0081634521484375,0.7398223876953125,-0.671417236328125
1784805851853306624,40.25685143470764,-0.031982421875,0.7649993896484375,-0.6656341552734375
1784805851863226624,40.2667715549469,-0.0390625,0.7869110107421875,-0.661285400390625
1784805851873145600,40.27669048309326,-0.0248870849609375,0.7881927490234375,-0.653839111328125
1784805851883065344,40.28661036491394,-0.0010528564453125,0.7730560302734375,-0.66119384765625
1784805851892984576,40.29652953147888,0.0135345458984375,0.7550048828125,-0.663604736328125
1784805851902904576,40.30644941329956,0.0168304443359375,0.699859619140625,-0.6619415283203125
1784805851912823552,40.31636834144592,0.0235137939453125,0.6832733154296875,-0.652191162109375
1784805851922743552,40.32628846168518,0.0159912109375,0.7052001953125,-0.6723785400390625
1784805851932662528,40.33620738983154,-0.002532958984375,0.7282867431640625,-0.6898956298828125
1784805851942582528,40.3461275100708,-0.0074005126953125,0.746185302734375,-0.6725311279296875
1784805851952501504,40.35604643821716,0.007171630859375,0.7587738037109375,-0.661865234375
1784805851962421760,40.36596655845642,0.025909423828125,0.7625579833984375,-0.6661224365234375
1784805851972340480,40.37588548660278,0.056427001953125,0.753143310546875,-0.6612701416015625
1784805851982260480,40.38580536842346,0.0436553955078125,0.7459869384765625,-0.609649658203125
1784805851992179712,40.3957245349884,0.0428619384765625,0.75,-0.67803955078125
1784805852002099456,40.40564441680908,-0.011505126953125,0.7328033447265625,-0.6436309814453125
1784805852012018432,40.415563344955444,0.0151519775390625,0.7119598388671875,-0.673187255859375
1784805852021938688,40.4254834651947,0.01239013671875,0.72137451171875,-0.674591064453125
1784805852031858432,40.43540334701538,0.0002899169921875,0.726043701171875,-0.6927642822265625
1784805852041777664,40.44532251358032,0.0186614990234375,0.7039947509765625,-0.6912994384765625
1784805852051697408,40.455242395401,0.03985595703125,0.701995849609375,-0.6710052490234375
1784805852061616640,40.46516156196594,0.036041259765625,0.7279205322265625,-0.662078857421875
1784805852071536640,40.47508144378662,-0.0023193359375,0.748260498046875,-0.6578216552734375
1784805852081455360,40.48500037193298,-0.04766845703125,0.768157958984375,-0.6655426025390625
1784805852091375616,40.49492049217224,-0.0616912841796875,0.773773193359375,-0.696746826171875
1784805852101294592,40.5048394203186,-0.0318756103515625,0.763275146484375,-0.7167510986328125
1784805852111214592,40.51475954055786,0.018096923828125,0.7403564453125,-0.7053375244140625
1784805852121133568,40.524678468704224,0.061553955078125,0.724090576171875,-0.669342041015625
1784805852131053568,40.5345983505249,0.076904296875,0.7072906494140625,-0.6474456787109375
1784805852140972544,40.544517517089844,0.081085205078125,0.7191925048828125,-0.6400604248046875
1784805852150892544,40.55443739891052,0.072479248046875,0.7156829833984375,-0.6417999267578125
1784805852160811520,40.564356327056885,0.0448150634765625,0.6885528564453125,-0.6429443359375
1784805852170731520,40.57427644729614,0.0042266845703125,0.6685943603515625,-0.651214599609375
1784805852180650496,40.584195375442505,-0.0368194580078125,0.6698150634765625,-0.6715850830078125
1784805852190570496,40.59411549568176,-0.0561065673828125,0.7201690673828125,-0.682281494140625
1784805852200489472,40.604034423828125,-0.03411865234375,0.7612152099609375,-0.6771240234375
1784805852210409728,40.61395454406738,-0.01300048828125,0.7698211669921875,-0.684814453125
1784805852220328448,40.623873472213745,-0.006591796875,0.7541961669921875,-0.697509765625
1784805852230248448,40.633793354034424,-0.0064697265625,0.755401611328125,-0.6951141357421875
1784805852240167680,40.643712520599365,-0.0271453857421875,0.7344970703125,-0.70758056640625
1784805852250087424,40.653632402420044,-0.0343017578125,0.7212066650390625,-0.6963348388671875
1784805852260006400,40.663551330566406,-0.0232696533203125,0.7663726806640625,-0.6854095458984375
1784805852269926656,40.673471450805664,-0.00286865234375,0.821533203125,-0.6975860595703125
1784805852279845376,40.683390378952026,0.0556182861328125,0.757476806640625,-0.70709228515625
1784805852289765632,40.693310499191284,0.1205291748046875,0.690338134765625,-0.6592864990234375
1784805852299684608,40.70322942733765,0.0726776123046875,0.6124420166015625,-0.63629150390625
1784805852309604608,40.713149547576904,-0.025970458984375,0.541412353515625,-0.63262939453125
1784805852319523584,40.72306847572327,-0.051422119140625,0.620086669921875,-0.620269775390625
1784805852329443328,40.732988357543945,-0.03863525390625,0.7305908203125,-0.6625213623046875
1784805852339362560,40.74290752410889,-0.0194091796875,0.7480926513671875,-0.6839599609375
1784805852349282560,40.752827405929565,0.003875732421875,0.6988525390625,-0.68145751953125
1784805852359201536,40.76274633407593,0.0192108154296875,0.68499755859375,-0.6705169677734375
1784805852369121536,40.772666454315186,0.0484619140625,0.732421875,-0.642852783203125
1784805852379040512,40.78258538246155,-0.03912353515625,0.8207244873046875,-0.7183074951171875
1784805852388960512,40.792505502700806,-0.02557373046875,0.8890380859375,-0.71051025390625
1784805852398879488,40.80242443084717,-0.025115966796875,0.815185546875,-0.7049407958984375
1784805852408799744,40.812344551086426,0.0219573974609375,0.6369476318359375,-0.711334228515625
1784805852418719488,40.822264432907104,0.040283203125,0.668609619140625,-0.7001953125
1784805852428638464,40.83218336105347,0.201507568359375,0.6538543701171875,-0.6817474365234375
1784805852438558464,40.842103481292725,0.2189788818359375,0.688323974609375,-0.6449127197265625
1784805852448477440,40.85202240943909,0.173004150390625,0.8532867431640625,-0.587066650390625
1784805852458397696,40.861942529678345,0.091400146484375,0.8905029296875,-0.6111907958984375
1784805852468316672,40.87186145782471,0.0078125,0.88800048828125,-0.6412200927734375
1784805852478236416,40.881781339645386,0.10369873046875,0.7620697021484375,-0.5956878662109375
1784805852488155648,40.89170050621033,0.1305084228515625,0.7401123046875,-0.5457763671875
1784805852498075392,40.901620388031006,0.17327880859375,0.6593475341796875,-0.54095458984375
1784805852507994624,40.91153955459595,0.1457061767578125,0.72735595703125,-0.6671295166015625
1784805852517914624,40.921459436416626,-0.037933349609375,0.7039794921875,-0.769317626953125
1784805852527833344,40.93137836456299,-0.04449462890625,0.8021697998046875,-0.7704925537109375
1784805852537753600,40.941298484802246,-0.1743927001953125,0.7966156005859375,-0.7316131591796875
1784805852547672576,40.95121741294861,-0.2649383544921875,0.836761474609375,-0.681793212890625
1784805852557593344,40.9611382484436,-0.2945709228515625,0.8123321533203125,-0.6808319091796875
1784805852567512320,40.971057176589966,-0.2918701171875,0.7863311767578125,-0.689178466796875
1784805852577432320,40.980977296829224,-0.291900634765625,0.7906951904296875,-0.6826171875
1784805852587351296,40.990896224975586,-0.2445068359375,0.782012939453125,-0.6692657470703125
1784805852597271296,41.000816106796265,-0.1916351318359375,0.7127227783203125,-0.6664276123046875
1784805852607190272,41.010735273361206,-0.1277923583984375,0.6517333984375,-0.6722564697265625
1784805852617110272,41.020655155181885,-0.0864105224609375,0.6243133544921875,-0.673126220703125
1784805852627030272,41.03057527542114,-0.06829833984375,0.635650634765625,-0.6674041748046875
1784805852636949248,41.040494203567505,-0.0762786865234375,0.6727294921875,-0.6589202880859375
1784805852646869248,41.050414085388184,-0.079864501953125,0.7076568603515625,-0.6719970703125
1784805852656788224,41.060333251953125,-0.089202880859375,0.7267608642578125,-0.679656982421875
1784805852666708224,41.070253133773804,-0.059661865234375,0.7290496826171875,-0.678375244140625
1784805852676627456,41.080172300338745,-0.0074310302734375,0.738555908203125,-0.6685028076171875
1784805852686547200,41.090092182159424,0.0563507080078125,0.7396697998046875,-0.6580810546875
1784805852696466176,41.100011110305786,0.131927490234375,0.7054290771484375,-0.6323089599609375
1784805852706386432,41.109931230545044,0.17437744140625,0.6622314453125,-0.6279754638671875
1784805852716305152,41.119850158691406,0.1695556640625,0.6539306640625,-0.6900177001953125
1784805852726225408,41.129770278930664,0.066619873046875,0.6143646240234375,-0.769744873046875
1784805852736144384,41.139689207077026,0.0038604736328125,0.6999359130859375,-0.72406005859375
1784805852746064128,41.149609088897705,0.01300048828125,0.7427520751953125,-0.67913818359375
1784805852755983360,41.15952825546265,0.00091552734375,0.7026824951171875,-0.6900787353515625
1784805852765903360,41.169448137283325,0.0251617431640625,0.7041015625,-0.6843109130859375
1784805852775822336,41.17936730384827,0.0419158935546875,0.687957763671875,-0.663604736328125
1784805852785742336,41.189287185668945,0.060638427734375,0.6969451904296875,-0.6623687744140625
1784805852795661312,41.19920611381531,0.0546417236328125,0.735198974609375,-0.702911376953125
1784805852805581312,41.209126234054565,0.0189056396484375,0.752777099609375,-0.7483978271484375
1784805852815500288,41.21904516220093,-0.011993408203125,0.7626190185546875,-0.7384796142578125
1784805852825420288,41.228965282440186,-0.013031005859375,0.755157470703125,-0.7106781005859375
1784805852835339264,41.23888421058655,0.00604248046875,0.733917236328125,-0.6799468994140625
1784805852845259264,41.24880409240723,0.032867431640625,0.7488555908203125,-0.647918701171875
1784805852855179264,41.258724212646484,0.0088958740234375,0.755645751953125,-0.6528167724609375
1784805852865098240,41.26864314079285,0.0106658935546875,0.69097900390625,-0.6562957763671875
1784805852875018240,41.278563261032104,0.0294952392578125,0.6581268310546875,-0.675323486328125
1784805852884937216,41.28848218917847,0.0223846435546875,0.667755126953125,-0.6982574462890625
1784805852894857472,41.298402309417725,0.048614501953125,0.7222747802734375,-0.6854248046875
1784805852904776448,41.30832123756409,0.0274505615234375,0.73931884765625,-0.679534912109375
1784805852914696192,41.318241119384766,0.0048370361328125,0.7254486083984375,-0.6640472412109375
1784805852924615424,41.32816028594971,-0.0018310546875,0.73089599609375,-0.664764404296875
1784805852934535168,41.338080167770386,-0.009429931640625,0.749755859375,-0.7001953125
1784805852944454144,41.34799909591675,-0.0241241455078125,0.7472991943359375,-0.742523193359375
1784805852954374400,41.357919216156006,-0.0273284912109375,0.737335205078125,-0.7429656982421875
1784805852964293120,41.36783814430237,-0.010986328125,0.7132415771484375,-0.7046356201171875
1784805852974213376,41.377758264541626,0.0092926025390625,0.6983795166015625,-0.67120361328125
1784805852984132352,41.38767719268799,0.0192718505859375,0.6823272705078125,-0.629425048828125
1784805852994052352,41.397597312927246,0.031951904296875,0.6770172119140625,-0.599151611328125
1784805853003971328,41.40751624107361,-0.0152740478515625,0.6407470703125,-0.6224517822265625
1784805853013891328,41.41743612289429,0.0847625732421875,0.7024383544921875,-0.6427459716796875
1784805853023810304,41.42735528945923,0.113037109375,0.7919464111328125,-0.7012481689453125
1784805853033730304,41.43727517127991,-0.012237548828125,0.772796630859375,-0.758087158203125
1784805853043650304,41.447195291519165,-0.0565185546875,0.7749176025390625,-0.71270751953125
1784805853053569280,41.45711421966553,-0.0233917236328125,0.7659454345703125,-0.696746826171875
1784805853063489280,41.467034101486206,-0.0402679443359375,0.682281494140625,-0.7034912109375
1784805853073408256,41.47695326805115,-0.1060638427734375,0.672698974609375,-0.650848388671875
1784805853083328256,41.486873149871826,0.008453369140625,0.7647552490234375,-0.604705810546875
1784805853093247232,41.49679207801819,0.1048126220703125,0.8326263427734375,-0.654144287109375
1784805853103167232,41.506712198257446,0.1009063720703125,0.806793212890625,-0.6968841552734375
1784805853113086208,41.51663112640381,0.067474365234375,0.7625732421875,-0.68243408203125
1784805853123006464,41.526551246643066,0.0121002197265625,0.7084808349609375,-0.6781005859375
1784805853132925184,41.53647017478943,-0.0048370361328125,0.6879119873046875,-0.660247802734375
1784805853142845440,41.54639029502869,0.0293426513671875,0.6942291259765625,-0.6389617919921875
1784805853152764416,41.55630922317505,0.0561676025390625,0.7217254638671875,-0.6264801025390625
1784805853162684160,41.56622910499573,0.0380096435546875,0.752716064453125,-0.6387176513671875
1784805853172603392,41.57614827156067,0.023345947265625,0.7806854248046875,-0.6316986083984375
1784805853182523136,41.58606815338135,-0.0055999755859375,0.79095458984375,-0.7018280029296875
1784805853192442112,41.59598708152771,-0.0186309814453125,0.8343963623046875,-0.7068634033203125
1784805853202362368,41.60590720176697,-0.03955078125,0.8543701171875,-0.7120208740234375
1784805853212281344,41.61582612991333,-0.02142333984375,0.792266845703125,-0.7384490966796875
1784805853222201344,41.62574625015259,0.0211639404296875,0.7444915771484375,-0.71771240234375
1784805853232120320,41.63566517829895,0.0443267822265625,0.6799774169921875,-0.710418701171875
1784805853242040320,41.64558529853821,0.0477142333984375,0.6354827880859375,-0.6997222900390625
1784805853251960320,41.65550518035889,0.0214691162109375,0.63934326171875,-0.659423828125
1784805853261879296,41.66542410850525,-0.060089111328125,0.6152191162109375,-0.6538238525390625
1784805853271799296,41.67534422874451,-0.0279388427734375,0.601715087890625,-0.6466522216796875
1784805853281718272,41.68526315689087,0.0924224853515625,0.75048828125,-0.609771728515625
1784805853291638272,41.69518327713013,0.108062744140625,0.8218231201171875,-0.6448822021484375
1784805853301557248,41.70510220527649,0.033905029296875,0.804412841796875,-0.6629486083984375
1784805853311477248,41.71502208709717,-0.0551910400390625,0.738189697265625,-0.6914215087890625
1784805853321396224,41.72494125366211,-0.0481719970703125,0.7143096923828125,-0.71240234375
1784805853331316224,41.73486113548279,-0.0234222412109375,0.678619384765625,-0.71307373046875
1784805853341235456,41.74478030204773,0.009979248046875,0.5511474609375,-0.7200927734375
1784805853351155200,41.75470018386841,-0.0286865234375,0.593902587890625,-0.702667236328125
1784805853361074176,41.76461911201477,-0.0476531982421875,0.795196533203125,-0.691009521484375
1784805853370994432,41.77453923225403,0.03656005859375,0.78582763671875,-0.7284393310546875
1784805853380913152,41.78445816040039,0.0865325927734375,0.6956939697265625,-0.6923370361328125
1784805853390833408,41.79437828063965,0.105133056640625,0.674163818359375,-0.6399078369140625
1784805853400752384,41.80429720878601,0.0933837890625,0.718780517578125,-0.617431640625
1784805853410672128,41.81421709060669,0.060760498046875,0.7565155029296875,-0.6535797119140625
1784805853420591360,41.82413625717163,0.01666259765625,0.788177490234375,-0.677764892578125
1784805853430511360,41.83405613899231,-0.0365142822265625,0.7948150634765625,-0.7155609130859375
1784805853440431360,41.84397625923157,-0.0861968994140625,0.8508453369140625,-0.76348876953125
1784805853450350336,41.85389518737793,-0.0428009033203125,0.871429443359375,-0.7530364990234375
1784805853460270336,41.86381530761719,-0.0289306640625,0.7560577392578125,-0.699127197265625
1784805853470189312,41.87373423576355,-0.0074005126953125,0.5997314453125,-0.6892242431640625
1784805853480109312,41.88365411758423,0.05474853515625,0.58465576171875,-0.6580810546875
1784805853490028288,41.89357328414917,0.069976806640625,0.610595703125,-0.6666259765625
1784805853499948288,41.90349316596985,0.0469970703125,0.55438232421875,-0.6993560791015625
1784805853509867264,41.91341209411621,-0.044158935546875,0.57757568359375,-0.6770782470703125
1784805853519787264,41.92333221435547,-0.0680084228515625,0.692047119140625,-0.6761627197265625
1784805853529706240,41.93325114250183,-0.0360870361328125,0.7068939208984375,-0.6806488037109375
1784805853539626240,41.94317126274109,0.0055694580078125,0.7191162109375,-0.6548309326171875
1784805853549545216,41.95309019088745,0.080657958984375,0.8327484130859375,-0.623504638671875
1784805853559463168,41.9630081653595,0.0934600830078125,0.8235626220703125,-0.686492919921875
1784805853569382400,41.97292733192444,0.0514678955078125,0.8014984130859375,-0.7225341796875
1784805853579302400,41.98284721374512,0.0070953369140625,0.8013763427734375,-0.743896484375
1784805853589221120,41.99276614189148,-0.05718994140625,0.8297576904296875,-0.739715576171875
1784805853599141376,42.00268626213074,0.0113372802734375,0.731719970703125,-0.6623382568359375
1784805853609060352,42.0126051902771,0.1210174560546875,0.5745391845703125,-0.626312255859375
1784805853618980352,42.02252531051636,0.77154541015625,0.46563720703125,-0.5907135009765625
1784805853628900352,42.032445192337036,0.6754608154296875,0.508331298828125,-0.6241912841796875
1784805853638819328,42.0423641204834,0.210174560546875,0.618621826171875,-0.769805908203125
1784805853648739328,42.052284240722656,-0.248382568359375,0.9912109375,-0.75494384765625
1784805853658658304,42.06220316886902,-0.358795166015625,1.0617828369140625,-0.7057342529296875
1784805853668578304,42.072123289108276,-0.1761322021484375,0.75372314453125,-0.6293487548828125
1784805853678497280,42.08204221725464,-0.134124755859375,0.7229156494140625,-0.570770263671875
1784805853688417536,42.0919623374939,-0.1959381103515625,0.79840087890625,-0.5310821533203125
1784805853698336256,42.10188126564026,-0.07696533203125,0.72369384765625,-0.6024627685546875
1784805853708256256,42.11180114746094,-0.1329498291015625,0.638641357421875,-0.672027587890625
1784805853718175488,42.12172031402588,-0.130645751953125,0.6384124755859375,-0.7513275146484375
1784805853728095232,42.13164019584656,-0.1873016357421875,0.7300567626953125,-0.822967529296875
1784805853738014208,42.14155912399292,-0.1337738037109375,0.7615966796875,-0.7886810302734375
1784805853747934464,42.15147924423218,-0.0721282958984375,0.7122039794921875,-0.7462158203125
1784805853757854208,42.161399126052856,-0.0839385986328125,0.70904541015625,-0.6937103271484375
1784805853767773440,42.1713182926178,-0.1287994384765625,0.813385009765625,-0.6784515380859375
1784805853777693184,42.18123817443848,-0.1496124267578125,0.8228912353515625,-0.6624908447265625
1784805853787612416,42.19115734100342,-0.1280059814453125,0.7933502197265625,-0.632965087890625
1784805853797532416,42.2010772228241,-0.141937255859375,0.81451416015625,-0.6397857666015625
1784805853807451136,42.21099615097046,-0.1727294921875,0.8592987060546875,-0.60101318359375
1784805853817371392,42.22091627120972,-0.1226348876953125,0.8248748779296875,-0.595703125
1784805853827290368,42.23083519935608,0.0182342529296875,0.73876953125,-0.61505126953125
1784805853837210368,42.24075531959534,-0.061798095703125,0.5964813232421875,-0.6487579345703125
1784805853847129344,42.2506742477417,0.01934814453125,0.5578460693359375,-0.6866607666015625
1784805853857049344,42.26059412956238,0.073486328125,0.4395599365234375,-0.726348876953125
1784805853866968320,42.27051329612732,0.0875701904296875,0.1931610107421875,-0.7826080322265625
1784805853876888320,42.280433177948,0.463134765625,0.6636199951171875,-0.6053009033203125
1784805853886807552,42.29035234451294,0.270660400390625,1.00128173828125,-0.748138427734375
1784805853896727296,42.30027222633362,-0.0815277099609375,0.9187469482421875,-0.76220703125
1784805853906647552,42.310192346572876,-0.107269287109375,0.8246917724609375,-0.6143646240234375
1784805853916566272,42.32011127471924,-0.02178955078125,0.657684326171875,-0.57684326171875
1784805853926486272,42.33003115653992,0.1380615234375,0.6488494873046875,-0.5771636962890625
1784805853936405504,42.33995032310486,0.231781005859375,0.7382049560546875,-0.6357269287109375
1784805853946325248,42.34987020492554,0.1677398681640625,0.784637451171875,-0.700469970703125
1784805853956244224,42.3597891330719,0.035400390625,0.828857421875,-0.7078857421875
1784805853966164224,42.36970925331116,-0.06671142578125,0.8290557861328125,-0.7669219970703125
1784805853976083200,42.37962818145752,-0.1080169677734375,0.814727783203125,-0.7807769775390625
1784805853986003456,42.38954830169678,-0.0701904296875,0.8234100341796875,-0.7394561767578125
1784805853995922432,42.39946722984314,-0.027984619140625,0.792724609375,-0.7165069580078125
1784805854005842432,42.4093873500824,0.0180816650390625,0.7585906982421875,-0.66278076171875
1784805854015761408,42.41930627822876,0.0484771728515625,0.7154083251953125,-0.6194610595703125
1784805854025681152,42.42922616004944,0.0597076416015625,0.635498046875,-0.6163177490234375
1784805854035600384,42.43914532661438,0.0572509765625,0.6089630126953125,-0.6246185302734375
1784805854045520384,42.44906520843506,0.024169921875,0.6624298095703125,-0.64544677734375
1784805854055440384,42.458985328674316,-0.0069122314453125,0.6831817626953125,-0.6964111328125
1784805854065359360,42.46890425682068,0.0048675537109375,0.7135467529296875,-0.7190704345703125
1784805854075279360,42.47882413864136,0.0420074462890625,0.7573089599609375,-0.6979827880859375
1784805854085198336,42.4887433052063,0.05023193359375,0.752777099609375,-0.66961669921875
1784805854095118336,42.49866318702698,0.0340728759765625,0.7499847412109375,-0.6530303955078125
1784805854105037568,42.50858235359192,0.0107421875,0.7584075927734375,-0.6513519287109375
1784805854114957312,42.5185022354126,-0.0242767333984375,0.7195892333984375,-0.675689697265625
1784805854124876288,42.52842116355896,-0.0087127685546875,0.7164459228515625,-0.67779541015625
1784805854134796288,42.53834128379822,0.0296173095703125,0.7386932373046875,-0.68499755859375
1784805854144715264,42.54826021194458,0.0324859619140625,0.7324066162109375,-0.7096710205078125
1784805854154635520,42.55818033218384,0.0382232666015625,0.7632598876953125,-0.6681976318359375
1784805854164554240,42.5680992603302,0.0505218505859375,0.8069000244140625,-0.6533355712890625
1784805854174474240,42.57801914215088,0.04290771484375,0.790924072265625,-0.6861114501953125
1784805854184393472,42.58793830871582,0.02685546875,0.7635345458984375,-0.69091796875
1784805854194313216,42.5978581905365,0.0213165283203125,0.679351806640625,-0.6998748779296875
1784805854204233472,42.60777831077576,-0.0148162841796875,0.70233154296875,-0.7073211669921875
1784805854214152448,42.61769723892212,-0.0121612548828125,0.6794891357421875,-0.7313232421875
1784805854224072192,42.6276171207428,0.0113372802734375,0.668182373046875,-0.6876678466796875
1784805854233991424,42.63753628730774,0.0146026611328125,0.642303466796875,-0.6449737548828125
1784805854243911168,42.64745616912842,0.01123046875,0.6432647705078125,-0.6571197509765625
1784805854253830400,42.65737533569336,-0.0028839111328125,0.68115234375,-0.6851959228515625
1784805854263750400,42.66729521751404,0.0190582275390625,0.7050933837890625,-0.7411346435546875
1784805854273669120,42.6772141456604,0.042236328125,0.74713134765625,-0.7644500732421875
1784805854283589376,42.68713426589966,0.067413330078125,0.810333251953125,-0.675567626953125
1784805854293508352,42.69705319404602,0.0319976806640625,0.8258056640625,-0.6350250244140625
1784805854303428352,42.70697331428528,-0.022125244140625,0.8110809326171875,-0.641754150390625
1784805854313347328,42.71689224243164,-0.0995635986328125,0.6862640380859375,-0.689483642578125
1784805854323267328,42.72681212425232,-0.042816162109375,0.5848846435546875,-0.716033935546875
1784805854333187328,42.73673224449158,0.019744873046875,0.5516357421875,-0.7098541259765625
1784805854343106304,42.74665117263794,0.035308837890625,0.5865631103515625,-0.705596923828125
1784805854353026304,42.7565712928772,0.017730712890625,0.6663970947265625,-0.7056732177734375
1784805854362945280,42.76649022102356,0.015869140625,0.7457427978515625,-0.676422119140625
1784805854372865536,42.77641034126282,0.0365447998046875,0.7991485595703125,-0.6739959716796875
1784805854382784256,42.78632926940918,0.0436553955078125,0.8365020751953125,-0.643524169921875
1784805854392704256,42.79624915122986,0.0281524658203125,0.8010101318359375,-0.661041259765625
1784805854402623488,42.8061683177948,0.0175933837890625,0.753662109375,-0.70623779296875
1784805854412543232,42.81608819961548,0.009490966796875,0.723846435546875,-0.7457275390625
1784805854422462208,42.82600712776184,-0.0211639404296875,0.6648101806640625,-0.764007568359375
1784805854432382464,42.8359272480011,0.0140533447265625,0.5944061279296875,-0.724456787109375
1784805854442301184,42.84584617614746,0.060394287109375,0.5882110595703125,-0.6717681884765625
1784805854452221440,42.85576629638672,0.0842437744140625,0.6351165771484375,-0.637542724609375
1784805854462141184,42.8656861782074,0.076416015625,0.692962646484375,-0.5991668701171875
1784805854472060416,42.87560534477234,0.0356903076171875,0.7453460693359375,-0.60345458984375
1784805854481980416,42.88552522659302,-0.0157928466796875,0.7681121826171875,-0.652618408203125
1784805854491899136,42.89544415473938,-0.041595458984375,0.7698822021484375,-0.7275390625
1784805854501819392,42.90536427497864,-0.03472900390625,0.7751922607421875,-0.7699127197265625
1784805854511738368,42.915283203125,0.0051116943359375,0.7700958251953125,-0.7637786865234375
1784805854521658368,42.92520332336426,0.048065185546875,0.759185791015625,-0.7301788330078125
1784805854531577344,42.93512225151062,0.066925048828125,0.7738037109375,-0.6946868896484375
1784805854541497344,42.9450421333313,0.070770263671875,0.7610931396484375,-0.65216064453125
1784805854551416320,42.95496129989624,0.0667572021484375,0.754913330078125,-0.6002349853515625
1784805854561337344,42.964882135391235,0.04669189453125,0.7357330322265625,-0.59991455078125
1784805854571257088,42.974802017211914,0.0239410400390625,0.6927032470703125,-0.65325927734375
1784805854581176320,42.984721183776855,-0.0004730224609375,0.664886474609375,-0.7117156982421875
1784805854591096064,42.994641065597534,-0.0159454345703125,0.6790008544921875,-0.7235260009765625
1784805854601015040,43.0045599937439,-0.0148468017578125,0.7221832275390625,-0.71197509765625
1784805854610935296,43.014480113983154,-0.0065460205078125,0.7639007568359375,-0.7139129638671875
1784805854620854016,43.02439904212952,-0.0096893310546875,0.79217529296875,-0.699798583984375
1784805854630774272,43.034319162368774,-0.0091705322265625,0.7889862060546875,-0.6801910400390625
1784805854640693248,43.04423809051514,-0.0112762451171875,0.747955322265625,-0.6787261962890625
1784805854650613248,43.054158210754395,0.0054931640625,0.7061767578125,-0.6830902099609375
1784805854660532224,43.06407713890076,0.0318603515625,0.6655731201171875,-0.690185546875
1784805854670452224,43.073997020721436,0.04876708984375,0.634490966796875,-0.6674346923828125
1784805854680372224,43.08391714096069,0.063201904296875,0.6513671875,-0.656463623046875
1784805854690291200,43.093836069107056,0.0782470703125,0.700714111328125,-0.6508331298828125
1784805854700211200,43.10375618934631,0.0542144775390625,0.7337646484375,-0.6552734375
1784805854710130176,43.113675117492676,0.02239990234375,0.7534942626953125,-0.6541748046875
1784805854720050176,43.123594999313354,-0.014739990234375,0.75128173828125,-0.6715850830078125
1784805854729969152,43.133514165878296,-0.0401763916015625,0.733123779296875,-0.7045745849609375
1784805854739889152,43.143434047698975,-0.0408477783203125,0.7384490966796875,-0.727325439453125
1784805854749808384,43.153353214263916,-0.039520263671875,0.680023193359375,-0.728179931640625
1784805854759728128,43.163273096084595,0.0338897705078125,0.6248321533203125,-0.717559814453125
1784805854769647104,43.17319202423096,0.0849761962890625,0.6607666015625,-0.6511383056640625
1784805854779567360,43.183112144470215,0.06378173828125,0.6923828125,-0.655731201171875
1784805854789487104,43.193032026290894,0.041290283203125,0.711517333984375,-0.6805877685546875
1784805854799406336,43.202951192855835,0.0446929931640625,0.751708984375,-0.69415283203125
1784805854809326080,43.212871074676514,0.0221099853515625,0.7695159912109375,-0.70654296875
1784805854819245056,43.222790002822876,0.0228424072265625,0.764068603515625,-0.7229766845703125
1784805854829165312,43.232710123062134,0.073516845703125,0.64398193359375,-0.6872406005859375
1784805854839084032,43.242629051208496,0.084869384765625,0.541656494140625,-0.6171112060546875
1784805854849004288,43.252549171447754,0.068206787109375,0.6488494873046875,-0.6303558349609375
1784805854858923264,43.262468099594116,0.0281982421875,0.7484283447265625,-0.6745147705078125
1784805854868843264,43.272388219833374,-0.0266876220703125,0.8491058349609375,-0.6666259765625
1784805854878762240,43.282307147979736,-0.0711212158203125,0.8882293701171875,-0.6768951416015625
1784805854888682240,43.292227029800415,-0.0760650634765625,0.8375396728515625,-0.7108306884765625
1784805854898601216,43.302146196365356,-0.0421295166015625,0.7832794189453125,-0.7125396728515625
1784805854908521216,43.312066078186035,0.0075225830078125,0.7687225341796875,-0.7105560302734375
1784805854918441216,43.32198619842529,0.0457611083984375,0.772308349609375,-0.709075927734375
1784805854928360192,43.331905126571655,0.06744384765625,0.745147705078125,-0.694366455078125
1784805854938280192,43.341825008392334,0.082305908203125,0.7175140380859375,-0.664215087890625
1784805854948199168,43.351744174957275,0.0727386474609375,0.6949615478515625,-0.6416778564453125
1784805854958119168,43.361664056777954,0.0336761474609375,0.659027099609375,-0.631561279296875
1784805854968038400,43.371583223342896,-0.0159912109375,0.642425537109375,-0.6078643798828125
1784805854977958144,43.381503105163574,-0.0074310302734375,0.6516265869140625,-0.62310791015625
1784805854987877120,43.39142203330994,0.0321044921875,0.714019775390625,-0.681854248046875
1784805854997797376,43.401342153549194,0.0695953369140625,0.7727813720703125,-0.723785400390625
1784805855007716096,43.41126108169556,0.0886993408203125,0.7321014404296875,-0.726593017578125
1784805855017636352,43.421181201934814,0.0690460205078125,0.698272705078125,-0.665863037109375
1784805855027556096,43.43110108375549,0.011016845703125,0.726715087890625,-0.6342010498046875
1784805855037475072,43.441020011901855,-0.0405426025390625,0.764495849609375,-0.675018310546875
1784805855047395328,43.45094013214111,-0.0581817626953125,0.80828857421875,-0.7037353515625
1784805855057314048,43.460859060287476,-0.0399627685546875,0.8357086181640625,-0.6881103515625
1784805855067234304,43.47077918052673,0.0166015625,0.800537109375,-0.696380615234375
1784805855077153280,43.480698108673096,0.0515594482421875,0.72900390625,-0.6881103515625
1784805855087073280,43.49061822891235,0.059906005859375,0.699371337890625,-0.6821441650390625
1784805855096992256,43.500537157058716,0.05218505859375,0.6770782470703125,-0.6749267578125
1784805855106912256,43.510457038879395,0.0149688720703125,0.6873016357421875,-0.6445770263671875
1784805855116831232,43.520376205444336,-0.0064697265625,0.7059478759765625,-0.648895263671875
1784805855126751232,43.530296087265015,0.01690673828125,0.7143707275390625,-0.6545257568359375
1784805855136671232,43.54021620750427,-0.001007080078125,0.732940673828125,-0.6546783447265625
1784805855146590208,43.550135135650635,0.03509521484375,0.75921630859375,-0.6882781982421875
1784805855156510208,43.56005501747131,0.0654296875,0.778350830078125,-0.6796722412109375
1784805855166429184,43.569974184036255,0.0594940185546875,0.75421142578125,-0.67620849609375
1784805855176349184,43.579894065856934,0.038818359375,0.727386474609375,-0.6862640380859375
1784805855186268160,43.589812994003296,-0.0018157958984375,0.7212371826171875,-0.7097015380859375
1784805855196188160,43.599733114242554,-0.0316162109375,0.71337890625,-0.7214202880859375
1784805855206107136,43.609652042388916,-0.040985107421875,0.7220611572265625,-0.703887939453125
1784805855216027136,43.619572162628174,-0.031341552734375,0.7477569580078125,-0.6807403564453125
1784805855225947136,43.62949204444885,0.0094757080078125,0.7462921142578125,-0.6483917236328125
1784805855235866368,43.639411211013794,0.0520172119140625,0.67950439453125,-0.6340484619140625
1784805855245786112,43.64933109283447,0.083587646484375,0.671173095703125,-0.63458251953125
1784805855255705088,43.659250020980835,0.088958740234375,0.693695068359375,-0.6467742919921875
1784805855265625344,43.66917014122009,0.0593414306640625,0.7053070068359375,-0.651702880859375
1784805855275544064,43.679089069366455,0.0272674560546875,0.7279205322265625,-0.668182373046875
1784805855285464320,43.68900918960571,0.003265380859375,0.7368011474609375,-0.6839752197265625
1784805855295383296,43.698928117752075,-0.0275115966796875,0.7434234619140625,-0.718414306640625
1784805855305303040,43.708847999572754,-0.04449462890625,0.7366485595703125,-0.7341156005859375
1784805855315223296,43.71876811981201,-0.0323028564453125,0.72998046875,-0.7128753662109375
1784805855325142272,43.728687047958374,0.0025787353515625,0.7164154052734375,-0.690093994140625
1784805855335062272,43.73860716819763,0.03057861328125,0.7063446044921875,-0.6908721923828125
1784805855344981248,43.748526096343994,0.0532684326171875,0.691558837890625,-0.6679534912109375
1784805855354901248,43.75844621658325,0.0491485595703125,0.689178466796875,-0.6423797607421875
1784805855364820224,43.768365144729614,0.0202178955078125,0.71826171875,-0.636474609375
1784805855374740224,43.77828502655029,0.0104827880859375,0.7355804443359375,-0.6375885009765625
1784805855384659200,43.788204193115234,0.007537841796875,0.7411956787109375,-0.6589508056640625
1784805855394579200,43.79812407493591,0.0238800048828125,0.732269287109375,-0.6714630126953125
1784805855404498176,43.808043003082275,0.032623291015625,0.7220916748046875,-0.6727142333984375
1784805855414418176,43.81796312332153,0.0402374267578125,0.707305908203125,-0.683685302734375
1784805855424338176,43.82788300514221,0.09039306640625,0.6438751220703125,-0.6884613037109375
1784805855434257152,43.83780217170715,-0.0225067138671875,0.80267333984375,-0.6667938232421875
1784805855444177152,43.84772205352783,-0.036376953125,0.7557525634765625,-0.76544189453125
1784805855454096384,43.85764122009277,-0.0084075927734375,0.800262451171875,-0.647491455078125
1784805855464016128,43.86756110191345,-0.0044403076171875,0.7579193115234375,-0.649505615234375
1784805855473935104,43.877480030059814,0.0132293701171875,0.745452880859375,-0.6456298828125
1784805855483855360,43.88740015029907,0.027984619140625,0.7523193359375,-0.61700439453125
1784805855493774080,43.897319078445435,0.0550994873046875,0.7377777099609375,-0.640167236328125
1784805855503694336,43.90723919868469,0.0759124755859375,0.7357177734375,-0.656341552734375
1784805855513614080,43.91715908050537,0.1181640625,0.712799072265625,-0.6706695556640625
1784805855523533056,43.92707800865173,0.080352783203125,0.7458038330078125,-0.6685791015625
1784805855533453312,43.93699812889099,0.025848388671875,0.763671875,-0.684173583984375
1784805855543372032,43.94691705703735,0.0042877197265625,0.7578887939453125,-0.6627044677734375
1784805855553292288,43.95683717727661,-0.0395965576171875,0.76666259765625,-0.6472015380859375
1784805855563211008,43.966755867004395,-0.134124755859375,0.7385711669921875,-0.6589508056640625
1784805855573130752,43.97667574882507,-0.0076446533203125,0.728240966796875,-0.64727783203125
1784805855583049984,43.986594915390015,-0.0765380859375,0.7546844482421875,-0.6516571044921875
1784805855592969984,43.99651479721069,0.1204681396484375,0.710357666015625,-0.6694183349609375
1784805855602889984,44.00643491744995,-0.1264801025390625,0.8380126953125,-0.646240234375
1784805855612808960,44.01635384559631,-0.431793212890625,0.84765625,-0.7572479248046875
1784805855622728704,44.02627372741699,-0.25970458984375,0.8373565673828125,-0.7064056396484375
1784805855632647936,44.036192893981934,0.222259521484375,0.84478759765625,-0.6476593017578125
1784805855642567936,44.04611277580261,0.47747802734375,0.7271881103515625,-0.656494140625
1784805855652486912,44.056031703948975,0.3043975830078125,0.637115478515625,-0.652313232421875
1784805855662406912,44.06595182418823,0.069580078125,0.6344757080078125,-0.6375885009765625
1784805855672325888,44.075870752334595,-0.10699462890625,0.6520843505859375,-0.655364990234375
1784805855682245888,44.08579087257385,-0.119842529296875,0.671844482421875,-0.659912109375
1784805855692165888,44.09571075439453,0.0041961669921875,0.69140625,-0.657867431640625
1784805855702085120,44.10562992095947,0.1029205322265625,0.718780517578125,-0.6387176513671875
1784805855712004864,44.11554980278015,0.102386474609375,0.7588348388671875,-0.6284637451171875
1784805855721923840,44.125468730926514,0.0648345947265625,0.795196533203125,-0.6496734619140625
1784805855731843840,44.13538885116577,0.036956787109375,0.8086700439453125,-0.6733856201171875
1784805855741762816,44.145307779312134,0.0098419189453125,0.788665771484375,-0.7030029296875
1784805855751683072,44.15522789955139,-0.0177154541015625,0.7375640869140625,-0.7315521240234375
1784805855761602816,44.16514778137207,-0.0395355224609375,0.6913604736328125,-0.726837158203125
1784805855771521792,44.17506670951843,-0.049713134765625,0.6729888916015625,-0.690155029296875
1784805855781442048,44.18498682975769,-0.0320587158203125,0.701263427734375,-0.6503753662109375
1784805855791360768,44.19490575790405,0.0200042724609375,0.7462615966796875,-0.6364288330078125
1784805855801281024,44.20482587814331,0.0771484375,0.766326904296875,-0.64111328125
1784805855811200000,44.21474480628967,0.1141357421875,0.750213623046875,-0.6585693359375
1784805855821120000,44.22466492652893,0.090301513671875,0.7001800537109375,-0.675750732421875
1784805855831038976,44.23458385467529,0.002655029296875,0.65350341796875,-0.688690185546875
1784805855840958720,44.24450373649597,-0.082794189453125,0.6475982666015625,-0.7095794677734375
1784805855850878976,44.25442385673523,-0.1045684814453125,0.68609619140625,-0.723907470703125
1784805855860797952,44.26434278488159,-0.055328369140625,0.749725341796875,-0.7129364013671875
1784805855870717952,44.27426290512085,0.0170745849609375,0.8188018798828125,-0.684722900390625
1784805855880636928,44.28418183326721,0.0703582763671875,0.845367431640625,-0.6609649658203125
1784805855890556928,44.29410171508789,0.091278076171875,0.818206787109375,-0.6571197509765625
1784805855900475904,44.30402088165283,0.095245361328125,0.7457733154296875,-0.6714019775390625
1784805855910395904,44.31394076347351,0.071044921875,0.6680145263671875,-0.670867919921875
1784805855920315136,44.32385993003845,0.0283660888671875,0.6224365234375,-0.6621856689453125
1784805855930234880,44.33377981185913,-0.002105712890625,0.634765625,-0.661376953125
1784805855940155136,44.34369993209839,-0.0040283203125,0.6877899169921875,-0.6618194580078125
1784805855950073856,44.35361886024475,0.008056640625,0.73699951171875,-0.6734466552734375
1784805855959993856,44.36353874206543,0.0097808837890625,0.7586212158203125,-0.6904296875
1784805855969913088,44.37345790863037,0.0097198486328125,0.7584075927734375,-0.6936798095703125
1784805855979832832,44.38337779045105,0.01513671875,0.7525482177734375,-0.6815185546875
1784805855989751808,44.39329671859741,0.024444580078125,0.747406005859375,-0.6836090087890625
1784805855999672064,44.40321683883667,0.02734375,0.7369384765625,-0.7160797119140625
1784805856009590784,44.41313576698303,0.00799560546875,0.7285308837890625,-0.7215576171875
1784805856019511040,44.42305588722229,-0.008819580078125,0.718597412109375,-0.6849517822265625
1784805856029430784,44.43297576904297,0.0157928466796875,0.71484375,-0.6582794189453125
1784805856039350016,44.44289493560791,0.0589752197265625,0.7226715087890625,-0.63336181640625
1784805856049270016,44.45281481742859,0.066925048828125,0.74200439453125,-0.63397216796875
1784805856059188736,44.46273374557495,0.0454254150390625,0.729583740234375,-0.6652374267578125
1784805856069108992,44.47265386581421,0.014617919921875,0.710540771484375,-0.687652587890625
1784805856079027968,44.48257279396057,-0.0041046142578125,0.7160491943359375,-0.701202392578125
1784805856088947968,44.49249291419983,0.0048065185546875,0.74053955078125,-0.69891357421875
1784805856098867968,44.50241279602051,0.00994873046875,0.7669525146484375,-0.7038421630859375
1784805856108786944,44.51233172416687,0.0142669677734375,0.7803802490234375,-0.6911163330078125
1784805856118706944,44.52225184440613,0.0230255126953125,0.7654571533203125,-0.6688232421875
1784805856128625920,44.53217077255249,0.038848876953125,0.7179718017578125,-0.671844482421875
1784805856138545920,44.54209089279175,0.025177001953125,0.6890869140625,-0.6672210693359375
1784805856148464896,44.55200982093811,0.006561279296875,0.6831207275390625,-0.673126220703125
1784805856158384896,44.56192970275879,0.003875732421875,0.6989593505859375,-0.680755615234375
1784805856168303872,44.57184886932373,0.0113677978515625,0.7298126220703125,-0.69366455078125
1784805856178223872,44.58176875114441,0.0289306640625,0.7627410888671875,-0.7094268798828125
1784805856188143872,44.59168887138367,0.0523223876953125,0.772796630859375,-0.69305419921875
1784805856198062848,44.60160779953003,0.076873779296875,0.7240447998046875,-0.66778564453125
1784805856207983104,44.61152791976929,0.06463623046875,0.661956787109375,-0.6442108154296875
1784805856217901824,44.62144684791565,0.0199737548828125,0.6780242919921875,-0.641082763671875
1784805856227821824,44.63136672973633,-0.0138092041015625,0.7202606201171875,-0.666778564453125
1784805856237741056,44.64128589630127,-0.024627685546875,0.7297821044921875,-0.6990814208984375
1784805856247660800,44.65120577812195,-0.010223388671875,0.733154296875,-0.7164764404296875
1784805856257581056,44.661125898361206,0.02545166015625,0.740478515625,-0.713775634765625
1784805856267500032,44.67104482650757,0.045318603515625,0.7351226806640625,-0.6964263916015625
1784805856277419776,44.68096470832825,0.0358428955078125,0.7298431396484375,-0.6718902587890625
1784805856287339008,44.69088387489319,0.0264892578125,0.730194091796875,-0.6665496826171875
1784805856297258752,44.70080375671387,0.027130126953125,0.6981048583984375,-0.661163330078125
1784805856307177984,44.71072292327881,0.0305633544921875,0.6766815185546875,-0.655853271484375
1784805856317097984,44.72064280509949,0.0460205078125,0.6901397705078125,-0.661224365234375
1784805856327017984,44.730562925338745,0.057464599609375,0.679962158203125,-0.6752777099609375
1784805856336936960,44.74048185348511,0.0615081787109375,0.715423583984375,-0.67669677734375
1784805856346856960,44.750401735305786,0.0383453369140625,0.7448272705078125,-0.6815185546875
1784805856356775936,44.76032090187073,0.00128173828125,0.7563323974609375,-0.706787109375
1784805856366695936,44.770240783691406,-0.021697998046875,0.7646942138671875,-0.696197509765625
1784805856376614912,44.78015971183777,-0.0297698974609375,0.761077880859375,-0.69091796875
1784805856386534912,44.790079832077026,-0.01605224609375,0.71343994140625,-0.681915283203125
1784805856396453888,44.79999876022339,0.0286102294921875,0.677581787109375,-0.658355712890625
1784805856406373888,44.80991888046265,0.0547943115234375,0.679443359375,-0.6757354736328125
1784805856416293888,44.819838762283325,0.095550537109375,0.7011566162109375,-0.686431884765625
1784805856426213120,44.82975792884827,0.092437744140625,0.7093505859375,-0.66058349609375
1784805856436132864,44.839677810668945,0.0645751953125,0.662872314453125,-0.6668548583984375
1784805856446051840,44.84959673881531,0.0164642333984375,0.715087890625,-0.6803436279296875
1784805856455971840,44.859516859054565,-0.0290679931640625,0.77923583984375,-0.69598388671875
1784805856465890816,44.86943578720093,-0.0479583740234375,0.811553955078125,-0.68975830078125
1784805856475811072,44.879355907440186,-0.0150604248046875,0.780426025390625,-0.6784515380859375
1784805856485730816,44.889275789260864,0.0477294921875,0.68353271484375,-0.6728973388671875
1784805856495649792,44.89919471740723,0.0882415771484375,0.697509765625,-0.67730712890625
1784805856505570048,44.909114837646484,0.0355072021484375,0.7215423583984375,-0.7021484375
1784805856515488768,44.91903376579285,-0.005828857421875,0.712890625,-0.7197418212890625
1784805856525409024,44.928953886032104,0.00201416015625,0.7232818603515625,-0.6783599853515625
1784805856535328000,44.93887281417847,0.0356597900390625,0.7042694091796875,-0.6573028564453125
1784805856545248000,44.948792934417725,0.058929443359375,0.6969757080078125,-0.657470703125
1784805856555168000,44.9587128162384,0.054046630859375,0.720367431640625,-0.652923583984375
1784805856565088512,44.96863341331482,0.046478271484375,0.7273101806640625,-0.67333984375
1784805856575008512,44.9785532951355,0.03558349609375,0.736846923828125,-0.6867523193359375
1784805856584927232,44.98847222328186,0.013092041015625,0.754638671875,-0.6831207275390625
1784805856594847488,44.99839234352112,-0.0109710693359375,0.760284423828125,-0.6855010986328125
1784805856604767232,45.0083122253418,-0.0063323974609375,0.763519287109375,-0.692047119140625
1784805856614686464,45.01823139190674,0.019683837890625,0.7566986083984375,-0.7050933837890625
1784805856624606464,45.02815127372742,0.0420989990234375,0.727630615234375,-0.707000732421875
1784805856634525184,45.03807020187378,0.0310516357421875,0.7173919677734375,-0.6751861572265625
1784805856644445440,45.04799032211304,0.0215606689453125,0.7120361328125,-0.6501617431640625
1784805856654364416,45.0579092502594,0.027801513671875,0.7005462646484375,-0.6494293212890625
1784805856664284416,45.06782937049866,0.0195159912109375,0.6920318603515625,-0.672760009765625
1784805856674203392,45.07774829864502,0.001495361328125,0.705963134765625,-0.7005615234375
1784805856684123392,45.08766841888428,0.005157470703125,0.7310943603515625,-0.699676513671875
1784805856694043392,45.097588300704956,0.030914306640625,0.74609375,-0.6949005126953125
1784805856703962368,45.10750722885132,0.04351806640625,0.741973876953125,-0.694549560546875
1784805856713882368,45.117427349090576,0.042144775390625,0.74755859375,-0.6640472412109375
1784805856723801344,45.12734627723694,0.03753662109375,0.756591796875,-0.641845703125
1784805856733721600,45.137266397476196,0.03497314453125,0.762847900390625,-0.6261749267578125
1784805856743640320,45.14718532562256,0.047027587890625,0.7459716796875,-0.65570068359375
1784805856753560320,45.15710520744324,0.0295562744140625,0.732330322265625,-0.6841888427734375
1784805856763480320,45.167025327682495,0.002960205078125,0.7360687255859375,-0.7144775390625
1784805856773399296,45.17694425582886,-0.0058441162109375,0.747955322265625,-0.7180938720703125
1784805856783319552,45.186864376068115,-0.00115966796875,0.741241455078125,-0.71136474609375
1784805856793238528,45.19678330421448,0.011383056640625,0.735687255859375,-0.704376220703125
1784805856803158528,45.206703424453735,0.03607177734375,0.7181396484375,-0.68121337890625
1784805856813078528,45.216623306274414,0.05413818359375,0.66925048828125,-0.641265869140625
1784805856822997248,45.226542234420776,0.0392608642578125,0.667083740234375,-0.620758056640625
1784805856832917504,45.236462354660034,0.019683837890625,0.7117767333984375,-0.65301513671875
1784805856842836480,45.2463812828064,0.0114898681640625,0.720947265625,-0.686309814453125
1784805856852756480,45.256301403045654,0.0051727294921875,0.72998046875,-0.7042236328125
1784805856862675456,45.26622033119202,0.0196685791015625,0.733642578125,-0.6953277587890625
1784805856872595200,45.276140213012695,0.028656005859375,0.725189208984375,-0.679229736328125
1784805856882515456,45.28606033325195,0.03326416015625,0.7321624755859375,-0.6912841796875
1784805856892434432,45.295979261398315,0.031829833984375,0.740478515625,-0.6807708740234375
1784805856902354432,45.30589938163757,0.015167236328125,0.7484283447265625,-0.673187255859375
1784805856912273408,45.315818309783936,0.0082855224609375,0.73345947265625,-0.67022705078125
1784805856922193408,45.32573843002319,0.00677490234375,0.69696044921875,-0.688751220703125
1784805856932112384,45.335657358169556,0.003021240234375,0.69976806640625,-0.70147705078125
1784805856942032384,45.345577239990234,0.0068511962890625,0.725341796875,-0.710906982421875
1784805856951952384,45.35549736022949,0.0147705078125,0.7311248779296875,-0.705047607421875
1784805856961871360,45.365416288375854,0.026275634765625,0.70355224609375,-0.68389892578125
1784805856971791616,45.37533640861511,0.0437469482421875,0.6953582763671875,-0.6640777587890625
1784805856981710336,45.385255336761475,0.0401763916015625,0.7177734375,-0.65234375
1784805856991630336,45.39517521858215,0.0145111083984375,0.7162322998046875,-0.6872711181640625
1784805857001549568,45.405094385147095,-0.0001068115234375,0.7202911376953125,-0.700469970703125
1784805857011469312,45.41501426696777,0.0139312744140625,0.7174835205078125,-0.695831298828125
1784805857021389568,45.42493438720703,0.036651611328125,0.708587646484375,-0.6891937255859375
1784805857031308288,45.434853315353394,0.05084228515625,0.6962738037109375,-0.693328857421875
1784805857041228544,45.44477343559265,0.040191650390625,0.6893768310546875,-0.7073516845703125
1784805857051147520,45.454692363739014,0.009002685546875,0.7122650146484375,-0.701751708984375
1784805857061067264,45.46461224555969,-0.0173797607421875,0.724456787109375,-0.7200164794921875
1784805857070986496,45.474531412124634,-0.0121917724609375,0.7439727783203125,-0.7231597900390625
1784805857080906496,45.48445129394531,0.0070953369140625,0.742950439453125,-0.6996307373046875
1784805857090826496,45.49437141418457,0.018829345703125,0.73602294921875,-0.6806640625
1784805857100745472,45.50429034233093,0.031097412109375,0.7303619384765625,-0.666717529296875
1784805857110665216,45.51421022415161,0.051116943359375,0.6849365234375,-0.6609039306640625
1784805857120584448,45.52412939071655,0.0571746826171875,0.6695709228515625,-0.6587371826171875
1784805857130504448,45.53404927253723,0.0354156494140625,0.675384521484375,-0.677215576171875
1784805857140423424,45.54396843910217,0.0017852783203125,0.6798248291015625,-0.6950225830078125
1784805857150343424,45.55388832092285,-0.0119476318359375,0.702178955078125,-0.697418212890625
1784805857160263424,45.56380820274353,0.0046234130859375,0.73828125,-0.6943817138671875
1784805857170182400,45.57372736930847,0.0275421142578125,0.7398529052734375,-0.6952972412109375
1784805857180102400,45.58364725112915,0.0374755859375,0.7286376953125,-0.6977081298828125
1784805857190021632,45.59356641769409,0.0418853759765625,0.7156524658203125,-0.6951751708984375
1784805857199941376,45.60348629951477,0.0398712158203125,0.713043212890625,-0.6700439453125
1784805857209861632,45.61340641975403,0.0264434814453125,0.7061920166015625,-0.671234130859375
1784805857219780352,45.62332534790039,0.004180908203125,0.705841064453125,-0.6934356689453125
1784805857229700352,45.63324522972107,0.0157470703125,0.7137451171875,-0.68585205078125
1784805857239619584,45.64316439628601,0.0604095458984375,0.69256591796875,-0.6640625
1784805857249539328,45.65308427810669,0.077606201171875,0.6768951416015625,-0.6579132080078125
1784805857259458304,45.66300320625305,0.0659027099609375,0.700531005859375,-0.6737518310546875
1784805857269378304,45.67292332649231,0.0253753662109375,0.7574005126953125,-0.6862335205078125
1784805857279298304,45.68284320831299,-0.0279998779296875,0.79168701171875,-0.720245361328125
1784805857289217536,45.69276237487793,-0.0481719970703125,0.7799072265625,-0.7367401123046875
1784805857299137280,45.70268225669861,-0.0414581298828125,0.7428741455078125,-0.711212158203125
1784805857309056512,45.71260142326355,-0.0120697021484375,0.7325592041015625,-0.686614990234375
1784805857318976512,45.72252130508423,0.0249786376953125,0.7566375732421875,-0.675537109375
1784805857328896512,45.732441425323486,0.045440673828125,0.7445068359375,-0.6453704833984375
1784805857338815488,45.74236035346985,0.048858642578125,0.7138214111328125,-0.6492919921875
1784805857348735232,45.75228023529053,0.06195068359375,0.7150421142578125,-0.6477813720703125
1784805857358654464,45.76219940185547,0.07330322265625,0.697052001953125,-0.6268768310546875
1784805857368574464,45.77211928367615,0.06488037109375,0.65362548828125,-0.6475372314453125
1784805857378493184,45.78203821182251,0.0365447998046875,0.691162109375,-0.6733856201171875
1784805857388413440,45.79195833206177,0.0162506103515625,0.7569427490234375,-0.7156219482421875
1784805857398333184,45.801878213882446,6.103515625e-05,0.792327880859375,-0.7364959716796875
1784805857408252416,45.81179738044739,0.006134033203125,0.7959442138671875,-0.725616455078125
1784805857418172416,45.821717262268066,0.0219268798828125,0.768768310546875,-0.69110107421875
1784805857428091648,45.83163642883301,0.02740478515625,0.7380218505859375,-0.6472625732421875
1784805857438011392,45.84155631065369,0.0174407958984375,0.7050628662109375,-0.6546630859375
1784805857447930368,45.85147523880005,0.0060882568359375,0.70843505859375,-0.6780242919921875
1784805857457850368,45.86139535903931,0.0104522705078125,0.734832763671875,-0.6888275146484375
1784805857467770368,45.871315240859985,0.04290771484375,0.7177886962890625,-0.6681060791015625
1784805857477689600,45.88123440742493,0.0718536376953125,0.687286376953125,-0.65960693359375
1784805857487609344,45.891154289245605,0.0846710205078125,0.705841064453125,-0.65936279296875
1784805857497528320,45.90107321739197,0.0635986328125,0.737640380859375,-0.64892578125
1784805857507448320,45.910993337631226,0.0255584716796875,0.754180908203125,-0.6736297607421875
1784805857517368320,45.920913219451904,0.0009613037109375,0.7580413818359375,-0.69903564453125
1784805857527287552,45.930832386016846,-0.0101776123046875,0.756683349609375,-0.6978912353515625
1784805857537207296,45.940752267837524,-0.0149383544921875,0.7465667724609375,-0.700714111328125
1784805857547126528,45.950671434402466,-0.015289306640625,0.742431640625,-0.7264556884765625
1784805857557046528,45.960591316223145,0.0078277587890625,0.7229461669921875,-0.7283935546875
1784805857566965504,45.970510482788086,0.043548583984375,0.67962646484375,-0.6954803466796875
1784805857576885504,45.980430364608765,0.078094482421875,0.6597442626953125,-0.6608123779296875
1784805857586805504,45.99035048484802,0.10968017578125,0.6507110595703125,-0.6261138916015625
1784805857596724480,46.000269412994385,0.110809326171875,0.642059326171875,-0.6210174560546875
1784805857606644736,46.01018953323364,0.1357421875,0.7281036376953125,-0.6387939453125
1784805857616563456,46.020108461380005,0.0023651123046875,0.7920379638671875,-0.6915435791015625
1784805857626483456,46.030028343200684,-0.067474365234375,0.7564544677734375,-0.7245635986328125
1784805857636403456,46.03994846343994,-0.019317626953125,0.7563323974609375,-0.6867218017578125
1784805857646322432,46.049867391586304,0.0343780517578125,0.6654205322265625,-0.7099761962890625
1784805857656242688,46.05978751182556,0.0683441162109375,0.615966796875,-0.7103118896484375
1784805857666161664,46.069706439971924,0.062286376953125,0.6215972900390625,-0.693817138671875
1784805857676081664,46.07962656021118,0.0404052734375,0.658843994140625,-0.676177978515625
1784805857686000640,46.089545488357544,0.0289154052734375,0.6873779296875,-0.67205810546875
1784805857695920384,46.09946537017822,0.0235137939453125,0.7345428466796875,-0.7051849365234375
1784805857705840640,46.10938549041748,0.0437774658203125,0.6396484375,-0.6950836181640625
1784805857715759616,46.11930441856384,-0.0303955078125,0.681060791015625,-0.6906890869140625
1784805857725679616,46.1292245388031,-0.051422119140625,0.7199859619140625,-0.7251129150390625
1784805857735598592,46.13914346694946,0.0198516845703125,0.6761016845703125,-0.6895599365234375
1784805857745518336,46.14906334877014,0.073211669921875,0.6457366943359375,-0.6416015625
