time,seconds_elapsed,magneticBearing
1784805811803360000,0.20690488815307617,244.1172637939453
1784805811813279744,0.21682476997375488,244.10311889648438
1784805811823198976,0.2267439365386963,244.12559509277344
1784805811833118976,0.236663818359375,244.1719207763672
1784805811843037952,0.2465827465057373,244.23007202148438
1784805811852956928,0.2565019130706787,244.28025817871094
1784805811862876928,0.2664217948913574,244.3013153076172
1784805811872795904,0.2763407230377197,244.31088256835938
1784805811882715904,0.28626084327697754,244.33883666992188
1784805811892634880,0.29617977142333984,244.38723754882812
1784805811902554112,0.30609893798828125,244.453369140625
1784805811912473856,0.31601881980895996,244.53195190429688
1784805811922392832,0.32593774795532227,244.63348388671875
1784805811932313088,0.3358578681945801,244.7425537109375
1784805811942231808,0.3457767963409424,244.83261108398438
1784805811952150784,0.3556957244873047,244.87359619140625
1784805811962071040,0.3656158447265625,244.85861206054688
1784805811971989760,0.3755347728729248,244.8226776123047
1784805811981910016,0.3854548931121826,244.81077575683594
1784805811991828992,0.3953738212585449,244.82644653320312
1784805812001747968,0.4052927494049072,244.87319946289062
1784805812011667968,0.41521286964416504,244.96148681640625
1784805812021586944,0.42513179779052734,245.08262634277344
1784805812031506944,0.43505191802978516,245.2238006591797
1784805812041425920,0.44497084617614746,245.3678436279297
1784805812051344896,0.45488977432250977,245.48553466796875
1784805812061264896,0.4648098945617676,245.5867919921875
1784805812071183872,0.4747288227081299,245.71157836914062
1784805812081103872,0.4846487045288086,245.83970642089844
1784805812091022848,0.49456787109375,245.9121551513672
1784805812100941824,0.5044867992401123,245.93763732910156
1784805812110862080,0.5144069194793701,245.94606018066406
1784805812120781056,0.5243258476257324,246.0465087890625
1784805812130700800,0.5342457294464111,246.1956787109375
1784805812140620032,0.5441648960113525,246.02215576171875
1784805812150539008,0.5540838241577148,245.75257873535156
1784805812160458752,0.5640037059783936,245.67745971679688
1784805812170377984,0.573922872543335,245.68978881835938
1784805812180297728,0.5838427543640137,245.6751708984375
1784805812190216960,0.5937619209289551,245.71060180664062
1784805812200136960,0.6036818027496338,245.81216430664062
1784805812210055936,0.6136007308959961,245.95870971679688
1784805812219974912,0.6235198974609375,246.14602661132812
1784805812229894912,0.6334397792816162,246.30996704101562
1784805812239813888,0.6433587074279785,246.43328857421875
1784805812249733888,0.6532788276672363,246.51904296875
1784805812259652864,0.6631977558135986,246.55181884765625
1784805812269572096,0.67311692237854,246.46197509765625
1784805812279491840,0.6830368041992188,246.53140258789062
1784805812289410816,0.692955732345581,246.90707397460938
1784805812299331072,0.7028758525848389,247.47784423828125
1784805812309249792,0.7127947807312012,247.99673461914062
1784805812319168768,0.7227137088775635,248.34222412109375
1784805812329089024,0.7326338291168213,248.58126831054688
1784805812339007744,0.7425527572631836,248.74505615234375
1784805812348928000,0.7524728775024414,248.8311767578125
1784805812358846976,0.7623918056488037,248.80908203125
1784805812368765952,0.772310733795166,248.69839477539062
1784805812378685952,0.7822308540344238,248.52734375
1784805812388604928,0.7921497821807861,248.32940673828125
1784805812398524928,0.802069902420044,248.12741088867188
1784805812408443904,0.8119888305664062,247.93017578125
1784805812418362880,0.8219077587127686,247.75732421875
1784805812428282880,0.8318278789520264,247.63565063476562
1784805812438201856,0.8417468070983887,247.55023193359375
1784805812448122112,0.8516669273376465,247.49072265625
1784805812458040832,0.8615858554840088,247.498291015625
1784805812467959808,0.8715047836303711,247.58612060546875
1784805812477880064,0.8814249038696289,247.67779541015625
1784805812487799040,0.8913438320159912,247.73968505859375
1784805812497718784,0.9012637138366699,247.75421142578125
1784805812507638016,0.9111828804016113,247.67788696289062
1784805812517557248,0.9211020469665527,247.50396728515625
1784805812527475968,0.931020975112915,247.25082397460938
1784805812537394944,0.9409399032592773,247.01321411132812
1784805812547315200,0.9508600234985352,246.8072509765625
1784805812557234176,0.9607789516448975,246.6268310546875
1784805812567154176,0.9706990718841553,246.49783325195312
1784805812577073152,0.9806180000305176,246.40472412109375
1784805812586992128,0.9905369281768799,246.3350830078125
1784805812596912128,1.0004570484161377,246.26300048828125
1784805812606831104,1.0103759765625,246.23452758789062
1784805812616751104,1.0202960968017578,246.2862548828125
1784805812626670080,1.0302150249481201,246.37423706054688
1784805812636590080,1.0401349067687988,246.30245971679688
1784805812646509056,1.0500540733337402,246.36056518554688
1784805812656428032,1.0599730014801025,246.43392944335938
1784805812666348032,1.0698928833007812,246.50253295898438
1784805812676267264,1.0798120498657227,246.57077026367188
1784805812686187008,1.0897319316864014,246.6585693359375
1784805812696106240,1.0996510982513428,246.7440185546875
1784805812706025216,1.109570026397705,246.83255004882812
1784805812715944960,1.1194899082183838,246.95968627929688
1784805812725864192,1.1294090747833252,247.14913940429688
1784805812735783936,1.139328956604004,247.36264038085938
1784805812745702912,1.1492478847503662,247.5992431640625
1784805812755622144,1.1591670513153076,247.890869140625
1784805812765542144,1.1690869331359863,248.2275390625
1784805812775461120,1.1790060997009277,248.63809204101562
1784805812785381120,1.1889259815216064,249.09237670898438
1784805812795300096,1.1988449096679688,249.57778930664062
1784805812805220096,1.2087650299072266,250.10519409179688
1784805812815139072,1.2186839580535889,250.69210815429688
1784805812825058048,1.2286028861999512,251.322509765625
1784805812834978048,1.238523006439209,251.98373413085938
1784805812844897024,1.2484419345855713,252.76260375976562
1784805812854817280,1.258362054824829,253.5482177734375
1784805812864736000,1.2682809829711914,254.27670288085938
1784805812874656256,1.2782011032104492,254.93203735351562
1784805812884575232,1.2881200313568115,255.52731323242188
1784805812894493952,1.2980389595031738,256.0890808105469
1784805812904414208,1.3079590797424316,256.65692138671875
1784805812914333184,1.317878007888794,257.2578125
1784805812924252928,1.3277978897094727,257.89691162109375
1784805812934172160,1.337717056274414,258.5691223144531
1784805812944091136,1.3476359844207764,259.2053527832031
1784805812954011136,1.3575561046600342,259.81927490234375
1784805812963930112,1.3674750328063965,260.4198303222656
1784805812973850112,1.3773949146270752,261.01910400390625
1784805812983769088,1.3873140811920166,261.645751953125
1784805812993689088,1.3972339630126953,262.3353576660156
1784805813003608064,1.4071528911590576,263.0698547363281
1784805813013527040,1.417072057723999,263.8804626464844
1784805813023447040,1.4269919395446777,264.8384094238281
1784805813033366272,1.4369111061096191,265.9540710449219
1784805813043286016,1.4468309879302979,267.15704345703125
1784805813053204992,1.4567499160766602,268.2890319824219
1784805813063124224,1.4666690826416016,269.81719970703125
1784805813073043968,1.4765889644622803,271.9036865234375
1784805813082962944,1.4865078926086426,274.2912292480469
1784805813092883200,1.4964280128479004,276.20574951171875
1784805813102801920,1.5063469409942627,277.4226989746094
1784805813112722176,1.5162670612335205,278.3768615722656
1784805813122641152,1.5261859893798828,279.6975402832031
1784805813132560128,1.5361049175262451,281.5094299316406
1784805813142480128,1.546025037765503,283.5487976074219
1784805813152399104,1.5559439659118652,285.2784118652344
1784805813162319104,1.565864086151123,286.8505554199219
1784805813172238080,1.5757830142974854,288.53411865234375
1784805813182158080,1.585702896118164,290.30712890625
1784805813192077056,1.5956220626831055,292.13531494140625
1784805813201996032,1.6055409908294678,293.9627685546875
1784805813211916032,1.6154608726501465,295.84912109375
1784805813221835264,1.625380039215088,297.9110412597656
1784805813231755008,1.6352999210357666,300.186279296875
1784805813241674240,1.645219087600708,302.6270446777344
1784805813251593216,1.6551380157470703,305.21173095703125
1784805813261512960,1.665057897567749,307.8049011230469
1784805813271432192,1.6749770641326904,310.3432922363281
1784805813281351936,1.6848969459533691,312.89227294921875
1784805813291270912,1.6948158740997314,315.52032470703125
1784805813301191168,1.7047359943389893,318.2701110839844
1784805813311110144,1.7146549224853516,320.87261962890625
1784805813321029120,1.724574089050293,322.9970397949219
1784805813330949120,1.7344939708709717,324.7532043457031
1784805813340868096,1.744412899017334,326.27886962890625
1784805813350788096,1.7543330192565918,327.49603271484375
1784805813360707072,1.764251947402954,328.4225158691406
1784805813370627072,1.774172067642212,329.0910949707031
1784805813380546048,1.7840909957885742,329.47821044921875
1784805813390465024,1.7940099239349365,329.4962463378906
1784805813400385024,1.8039300441741943,329.2311096191406
1784805813410304000,1.8138489723205566,328.6020812988281
1784805813420224256,1.8237690925598145,327.53387451171875
1784805813430143232,1.8336880207061768,326.0964050292969
1784805813440062976,1.8436079025268555,324.248779296875
1784805813449982208,1.8535270690917969,322.1554870605469
1784805813459901184,1.8634459972381592,319.94439697265625
1784805813469820928,1.873365879058838,317.5614929199219
1784805813479740160,1.8832850456237793,314.93756103515625
1784805813489659904,1.893204927444458,312.0496826171875
1784805813499579136,1.9031240940093994,309.0568542480469
1784805813509499136,1.9130439758300781,305.96392822265625
1784805813519418624,1.9229636192321777,302.7034606933594
1784805813529337600,1.93288254737854,299.4058532714844
1784805813539257856,1.9428026676177979,296.0795593261719
1784805813549176576,1.9527215957641602,292.6246337890625
1784805813559096832,1.962641716003418,288.962646484375
1784805813569015808,1.9725606441497803,285.0173645019531
1784805813578935552,1.982480525970459,280.7964172363281
1784805813588854784,1.9923996925354004,276.4255065917969
1784805813598773760,2.0023186206817627,271.94256591796875
1784805813608693504,2.0122385025024414,267.3187561035156
1784805813618612736,2.022157669067383,262.4836120605469
1784805813628532736,2.0320775508880615,257.4369201660156
1784805813638451712,2.041996717453003,252.13528442382812
1784805813648371712,2.0519165992736816,246.69561767578125
1784805813658290688,2.061835527420044,240.924072265625
1784805813668210688,2.0717556476593018,234.91409301757812
1784805813678129664,2.081674575805664,228.58534240722656
1784805813688048640,2.0915935039520264,221.8563232421875
1784805813697968640,2.101513624191284,214.70326232910156
1784805813707887616,2.1114325523376465,207.10443115234375
1784805813717807872,2.1213526725769043,199.04661560058594
1784805813727726592,2.1312716007232666,190.580810546875
1784805813737646848,2.1411917209625244,180.69207763671875
1784805813747565824,2.1511106491088867,167.8289031982422
1784805813757484800,2.161029577255249,163.78546142578125
1784805813767404800,2.170949697494507,159.38121032714844
1784805813777323776,2.180868625640869,157.32025146484375
1784805813787243520,2.190788507461548,157.9938201904297
1784805813797162752,2.2007076740264893,158.5647735595703
1784805813807082752,2.210627555847168,158.20677185058594
1784805813817001728,2.2205467224121094,155.6034698486328
1784805813826921728,2.230466604232788,150.3300018310547
1784805813836840704,2.2403855323791504,146.18807983398438
1784805813846759680,2.250304698944092,144.106201171875
1784805813856679680,2.2602245807647705,145.14273071289062
1784805813866598656,2.270143508911133,146.2234344482422
1784805813876518656,2.2800636291503906,148.7776336669922
1784805813886437632,2.289982557296753,151.44427490234375
1784805813896357888,2.2999026775360107,152.7372589111328
1784805813906276608,2.309821605682373,153.440185546875
1784805813916195584,2.3197405338287354,154.5463409423828
1784805813926115840,2.329660654067993,156.25169372558594
1784805813936034560,2.3395795822143555,158.03273010253906
1784805813945954816,2.3494997024536133,159.76312255859375
1784805813955873792,2.3594186305999756,161.329345703125
1784805813965793536,2.3693385124206543,163.1001739501953
1784805813975712768,2.3792576789855957,165.468994140625
1784805813985632768,2.3891775608062744,167.42063903808594
1784805813995551744,2.399096727371216,168.61270141601562
1784805814005470720,2.409015655517578,169.74349975585938
1784805814015390720,2.418935537338257,171.0987091064453
1784805814025309696,2.4288547039031982,172.03781127929688
1784805814035229696,2.438774585723877,173.00320434570312
1784805814045148672,2.4486935138702393,174.94056701660156
1784805814055068672,2.458613634109497,176.8541259765625
1784805814064987648,2.4685325622558594,178.13487243652344
1784805814074907904,2.478452682495117,179.1603240966797
1784805814084826624,2.4883716106414795,179.5745086669922
1784805814094745600,2.498290538787842,179.48785400390625
1784805814104665856,2.5082106590270996,179.6187286376953
1784805814114584576,2.518129587173462,179.909423828125
1784805814124504832,2.5280497074127197,179.98794555664062
1784805814134423808,2.537968635559082,180.72520446777344
1784805814144343552,2.5478885173797607,181.41844177246094
1784805814154262784,2.557807683944702,181.9643096923828
1784805814164182784,2.567727565765381,182.3900909423828
1784805814174101504,2.577646493911743,182.47393798828125
1784805814184021760,2.587566614151001,182.70721435546875
1784805814193940736,2.5974855422973633,183.17794799804688
1784805814203859712,2.6074047088623047,182.9151153564453
1784805814213779712,2.6173245906829834,182.42059326171875
1784805814223698688,2.6272435188293457,182.4058380126953
1784805814233618688,2.6371636390686035,182.166259765625
1784805814243537664,2.647082567214966,182.21910095214844
1784805814253457664,2.6570026874542236,182.3905487060547
1784805814263376640,2.666921615600586,182.359619140625
1784805814273296640,2.6768414974212646,182.30145263671875
1784805814283215872,2.686760663986206,182.16648864746094
1784805814293134592,2.6966795921325684,181.9828643798828
1784805814303054848,2.706599712371826,181.7935333251953
1784805814312973824,2.7165186405181885,181.71702575683594
1784805814322893568,2.726438522338867,181.81381225585938
1784805814332812800,2.7363576889038086,181.92234802246094
1784805814342732544,2.7462775707244873,182.05758666992188
1784805814352651520,2.7561964988708496,182.0840301513672
1784805814362571776,2.7661166191101074,181.9718475341797
1784805814372490752,2.7760355472564697,181.85862731933594
1784805814382410752,2.7859556674957275,181.8057403564453
1784805814392329728,2.79587459564209,181.7462921142578
1784805814402248704,2.805793523788452,181.78321838378906
1784805814412168704,2.81571364402771,181.68197631835938
1784805814422087680,2.8256325721740723,181.48806762695312
1784805814432007680,2.83555269241333,181.2579345703125
1784805814441926656,2.8454716205596924,181.19895935058594
1784805814451846656,2.855391502380371,181.23233032226562
1784805814461765888,2.8653106689453125,181.2684783935547
1784805814471685632,2.875230550765991,181.31019592285156
1784805814481604864,2.8851497173309326,181.36392211914062
1784805814491524608,2.8950695991516113,181.33651733398438
1784805814501443584,2.9049885272979736,181.42965698242188
1784805814511362816,2.914907693862915,181.4496307373047
1784805814521283584,2.92482852935791,181.35781860351562
1784805814531202560,2.9347474575042725,181.24197387695312
1784805814541122560,2.944667339324951,181.12391662597656
1784805814551041536,2.9545865058898926,181.03355407714844
1784805814560961536,2.9645063877105713,180.9004669189453
1784805814570880768,2.9744255542755127,180.6898956298828
1784805814580800512,2.9843454360961914,180.40774536132812
1784805814590719488,2.9942643642425537,180.0112762451172
1784805814600639488,3.0041844844818115,179.7997283935547
1784805814610558464,3.014103412628174,179.53343200683594
1784805814620478720,3.0240235328674316,179.1895294189453
1784805814630397440,3.033942461013794,178.90357971191406
1784805814640316416,3.0438613891601562,178.69642639160156
1784805814650236672,3.053781509399414,178.51455688476562
1784805814660155648,3.0637004375457764,178.26806640625
1784805814670075648,3.073620557785034,178.06259155273438
1784805814679994624,3.0835394859313965,177.8568115234375
1784805814689914368,3.093459367752075,177.6007537841797
1784805814699833600,3.1033785343170166,177.35609436035156
1784805814709753600,3.1132984161376953,177.0797119140625
1784805814719672320,3.1232173442840576,176.88192749023438
1784805814729592576,3.1331374645233154,176.67335510253906
1784805814739511552,3.1430563926696777,176.5876007080078
1784805814749431552,3.1529765129089355,176.4389190673828
1784805814759350528,3.162895441055298,176.27291870117188
1784805814769269504,3.17281436920166,176.10292053222656
1784805814779189504,3.182734489440918,175.99449157714844
1784805814789108480,3.1926534175872803,175.95851135253906
1784805814799028736,3.202573537826538,175.7703399658203
1784805814808947456,3.2124924659729004,175.68179321289062
1784805814818867456,3.222412347793579,175.58351135253906
1784805814828786688,3.2323315143585205,175.41624450683594
1784805814838706432,3.242251396179199,175.22525024414062
1784805814848625664,3.2521705627441406,175.03265380859375
1784805814858545664,3.2620904445648193,174.8090057373047
1784805814868464384,3.2720093727111816,174.5466766357422
1784805814878384640,3.2819294929504395,174.30636596679688
1784805814888303616,3.2918484210968018,174.11502075195312
1784805814898223616,3.3017685413360596,173.90615844726562
1784805814908142592,3.311687469482422,173.79090881347656
1784805814918062336,3.3216073513031006,173.627197265625
1784805814927981568,3.331526517868042,173.38388061523438
1784805814937901568,3.3414463996887207,173.20498657226562
1784805814947820544,3.351365327835083,173.0178985595703
1784805814957739520,3.3612844944000244,172.68389892578125
1784805814967659520,3.371204376220703,172.4966583251953
1784805814977578752,3.3811235427856445,172.2671356201172
1784805814987498496,3.3910434246063232,171.88674926757812
1784805814997417472,3.4009623527526855,171.5887908935547
1784805815007337472,3.4108824729919434,171.29078674316406
1784805815017256448,3.4208014011383057,171.12335205078125
1784805815027176704,3.4307215213775635,170.97821044921875
1784805815037095424,3.440640449523926,170.601318359375
1784805815047015424,3.4505603313446045,169.98171997070312
1784805815056934656,3.460479497909546,169.67788696289062
1784805815066854400,3.4703993797302246,169.68328857421875
1784805815076773632,3.480318546295166,169.6406707763672
1784805815086693632,3.4902384281158447,169.6133270263672
1784805815096612352,3.500157356262207,169.8306884765625
1784805815106532608,3.510077476501465,169.90142822265625
1784805815116451584,3.519996404647827,169.97120666503906
1784805815126370304,3.5299153327941895,169.97987365722656
1784805815136290560,3.5398354530334473,197.6254425048828
1784805815146209536,3.5497543811798096,212.1932373046875
1784805815156129536,3.5596745014190674,220.43966674804688
1784805815166048512,3.5695934295654297,224.7752685546875
1784805815175968768,3.5795135498046875,227.9121856689453
1784805815185887488,3.58943247795105,230.09393310546875
1784805815195807488,3.5993523597717285,231.8912353515625
1784805815205726720,3.60927152633667,233.34014892578125
1784805815215646464,3.6191914081573486,234.38833618164062
1784805815225565440,3.629110336303711,234.53607177734375
1784805815235485440,3.6390304565429688,235.61361694335938
1784805815245404416,3.648949384689331,236.35752868652344
1784805815255324672,3.658869504928589,237.02566528320312
1784805815265243648,3.668788433074951,237.7436065673828
1784805815275163648,3.678708553314209,238.2733917236328
1784805815285082624,3.6886274814605713,238.6307830810547
1784805815295002368,3.69854736328125,238.99330139160156
1784805815304921600,3.7084665298461914,239.28256225585938
1784805815314841600,3.71838641166687,239.6642303466797
1784805815324760320,3.7283053398132324,239.99258422851562
1784805815334680576,3.7382254600524902,240.28140258789062
1784805815344599552,3.7481443881988525,240.74325561523438
1784805815354519552,3.7580645084381104,241.07662963867188
1784805815364438528,3.7679834365844727,241.27328491210938
1784805815374357504,3.777902364730835,241.52357482910156
1784805815384277504,3.7878224849700928,241.81686401367188
1784805815394196480,3.797741413116455,242.36630249023438
1784805815404116736,3.807661533355713,242.72268676757812
1784805815414035456,3.817580461502075,243.15176391601562
1784805815423955456,3.827500343322754,243.65579223632812
1784805815433874688,3.8374195098876953,244.16619873046875
1784805815443794432,3.847339391708374,244.59584045410156
1784805815453713664,3.8572585582733154,245.0135498046875
1784805815463633664,3.867178440093994,245.53524780273438
1784805815473552384,3.8770973682403564,245.92361450195312
1784805815483472640,3.8870174884796143,246.26345825195312
1784805815493391616,3.8969364166259766,246.92025756835938
1784805815503311616,3.9068565368652344,247.21023559570312
1784805815513230592,3.9167754650115967,247.70132446289062
1784805815523150336,3.9266953468322754,248.22979736328125
1784805815533069312,3.9366142749786377,248.73110961914062
1784805815542989568,3.9465343952178955,249.28903198242188
1784805815552908544,3.956453323364258,249.78082275390625
1784805815562828288,3.9663732051849365,250.34002685546875
1784805815572747520,3.976292371749878,250.95462036132812
1784805815582667264,3.9862122535705566,251.44195556640625
1784805815592586496,3.996131420135498,252.11575317382812
1784805815602506496,4.006051301956177,252.95123291015625
1784805815612425216,4.015970230102539,253.8255615234375
1784805815622345472,4.025890350341797,254.92233276367188
1784805815632264448,4.035809278488159,256.1174621582031
1784805815642184448,4.045729398727417,257.3059387207031
1784805815652103424,4.055648326873779,258.48162841796875
1784805815662023424,4.065568208694458,259.5379333496094
1784805815671942400,4.075487375259399,260.5535583496094
1784805815681862400,4.085407257080078,261.5603942871094
1784805815691781632,4.0953264236450195,262.60748291015625
1784805815701700352,4.105245351791382,263.6556396484375
1784805815711620352,4.1151652336120605,264.6509094238281
1784805815721539584,4.125084400177002,265.6115417480469
1784805815731459328,4.135004281997681,266.611328125
1784805815741378304,4.144923210144043,267.70001220703125
1784805815751298304,4.154843330383301,268.7480163574219
1784805815761217280,4.164762258529663,269.7428283691406
1784805815771137536,4.174682378768921,270.7095642089844
1784805815781056512,4.184601306915283,271.6543884277344
1784805815790976512,4.194521427154541,272.4717712402344
1784805815800895488,4.204440355300903,273.2372741699219
1784805815810815232,4.214360237121582,274.0025939941406
1784805815820734464,4.224279403686523,274.7114562988281
1784805815830654464,4.234199285507202,275.3776550292969
1784805815840573184,4.2441182136535645,275.8148498535156
1784805815850493440,4.254038333892822,276.0006103515625
1784805815860412416,4.263957262039185,275.8135681152344
1784805815870332416,4.273877382278442,275.7508850097656
1784805815880251392,4.283796310424805,275.7282409667969
1784805815890171648,4.2937164306640625,275.5937194824219
1784805815900090368,4.303635358810425,275.37054443359375
1784805815910010368,4.3135552406311035,275.24609375
1784805815919929600,4.323474407196045,275.2072448730469
1784805815929849344,4.333394289016724,275.124755859375
1784805815939768320,4.343313217163086,274.99346923828125
1784805815949688320,4.353233337402344,274.8464050292969
1784805815959607296,4.363152265548706,274.7836608886719
1784805815969527552,4.373072385787964,274.74029541015625
1784805815979446528,4.382991313934326,274.795166015625
1784805815989366528,4.392911434173584,275.0201416015625
1784805815999285504,4.402830362319946,275.3358459472656
1784805816009205248,4.412750244140625,275.7165222167969
1784805816019124480,4.422669410705566,276.1125793457031
1784805816029044480,4.432589292526245,276.4682922363281
1784805816038963200,4.442508220672607,276.72711181640625
1784805816048883456,4.452428340911865,276.8336486816406
1784805816058802432,4.4623472690582275,276.7694396972656
1784805816068722432,4.472267389297485,276.5576477050781
1784805816078641408,4.482186317443848,276.3375549316406
1784805816088561408,4.4921064376831055,276.1608581542969
1784805816098480384,4.502025365829468,275.9021301269531
1784805816108400384,4.5119452476501465,275.55804443359375
1784805816118319616,4.521864414215088,275.6427001953125
1784805816128239360,4.531784296035767,276.4364318847656
1784805816138158336,4.541703224182129,277.0160827636719
1784805816148078336,4.551623344421387,277.4840087890625
1784805816157997312,4.561542272567749,278.04296875
1784805816167917568,4.571462392807007,279.1988525390625
1784805816177836544,4.581381320953369,280.41949462890625
1784805816187756288,4.591301202774048,281.4904479980469
1784805816197675520,4.601220369338989,282.328369140625
1784805816207595264,4.611140251159668,283.02685546875
1784805816217514496,4.621059417724609,283.8487243652344
1784805816227434496,4.630979299545288,285.0585021972656
1784805816237353216,4.64089822769165,288.5085144042969
1784805816247273472,4.650818347930908,292.9717102050781
1784805816257192448,4.6607372760772705,299.7510681152344
1784805816267112448,4.670657396316528,309.1474304199219
1784805816277031424,4.680576324462891,317.8238830566406
1784805816286951424,4.690496206283569,326.2456970214844
1784805816296870400,4.700415372848511,334.8851013183594
1784805816306790400,4.7103352546691895,343.1189270019531
1784805816316709632,4.720254421234131,351.5258483886719
1784805816326629376,4.73017430305481,358.94012451171875
1784805816336548352,4.740093231201172,5.608960151672363
1784805816346468352,4.75001335144043,11.736519813537598
1784805816356387328,4.759932279586792,17.09258270263672
1784805816366307584,4.76985239982605,20.70970916748047
1784805816376226304,4.779771327972412,22.704418182373047
1784805816386146304,4.789691209793091,26.19959259033203
1784805816396065536,4.799610376358032,31.139911651611328
1784805816405985280,4.809530258178711,37.0052604675293
1784805816415904512,4.819449424743652,43.180782318115234
1784805816425824512,4.829369306564331,48.54668045043945
1784805816435743232,4.839288234710693,51.485660552978516
1784805816445663488,4.849208354949951,51.725502014160156
1784805816455582464,4.8591272830963135,50.496028900146484
1784805816465502464,4.869047403335571,48.89144515991211
1784805816475421440,4.878966331481934,47.23360824584961
1784805816485341184,4.888886213302612,45.20036315917969
1784805816495260416,4.898805379867554,42.680301666259766
1784805816505180416,4.908725261688232,39.803123474121094
1784805816515099648,4.918644428253174,36.76877975463867
1784805816525018880,4.928563833236694,33.23249816894531
1784805816534938112,4.938482999801636,28.72976303100586
1784805816544857856,4.9484028816223145,23.070297241210938
1784805816554777088,4.958322048187256,16.377071380615234
1784805816564697088,4.968241930007935,8.93012523651123
1784805816574616064,4.978160858154297,0.9699268341064453
1784805816584536064,4.988080978393555,352.7666931152344
1784805816594455040,4.997999906539917,344.65826416015625
1784805816604375040,5.007920026779175,336.7479248046875
1784805816614294016,5.017838954925537,329.0354919433594
1784805816624214016,5.027758836746216,321.5807189941406
1784805816634132992,5.037678003311157,314.4915466308594
1784805816644052992,5.047597885131836,307.9223327636719
1784805816653972224,5.057517051696777,301.9012756347656
1784805816663891968,5.067436933517456,296.3676452636719
1784805816673810944,5.077355861663818,291.2539367675781
1784805816683731200,5.087275981903076,286.4535217285156
1784805816693649920,5.0971949100494385,281.7944030761719
1784805816703570176,5.107115030288696,277.1771240234375
1784805816713489152,5.117033958435059,272.602783203125
1784805816723408896,5.126953840255737,268.1535949707031
1784805816733328128,5.136873006820679,263.9188232421875
1784805816743247872,5.146792888641357,259.9544677734375
1784805816753167104,5.156712055206299,256.5368347167969
1784805816763087104,5.1666319370269775,253.68096923828125
1784805816773006080,5.17655086517334,251.53768920898438
1784805816782926080,5.186470985412598,248.7821044921875
1784805816792845056,5.19638991355896,245.99462890625
1784805816802765056,5.206310033798218,244.48468017578125
1784805816812684032,5.21622896194458,243.83303833007812
1784805816822604032,5.226148843765259,243.89712524414062
1784805816832523008,5.2360680103302,245.15452575683594
1784805816842443008,5.245987892150879,246.65740966796875
1784805816852362240,5.25590705871582,247.77487182617188
1784805816862281984,5.265826940536499,249.32662963867188
1784805816872200960,5.275745868682861,251.703125
1784805816882120960,5.285665988922119,254.7098388671875
1784805816892039936,5.2955849170684814,257.5657043457031
1784805816901960192,5.305505037307739,259.6922302246094
1784805816911879168,5.315423965454102,261.70355224609375
1784805816921798912,5.32534384727478,263.4271545410156
1784805816931718144,5.335263013839722,264.8567199707031
1784805816941637888,5.3451828956604,266.1708068847656
1784805816951558144,5.355103015899658,267.3359680175781
1784805816961477120,5.3650219440460205,268.2185974121094
1784805816971397120,5.374942064285278,268.8089294433594
1784805816981316096,5.384860992431641,269.22637939453125
1784805816991236096,5.394780874252319,269.51617431640625
1784805817001155072,5.404700040817261,269.8680114746094
1784805817011075072,5.4146199226379395,269.8355712890625
1784805817020994048,5.424538850784302,270.2964172363281
1784805817030914048,5.43445897102356,270.6005859375
1784805817040833024,5.444377899169922,270.2136535644531
1784805817050753024,5.45429801940918,270.1496887207031
1784805817060672000,5.464216947555542,270.0391540527344
1784805817070592000,5.474136829376221,269.7197570800781
1784805817080510976,5.484055995941162,269.2770080566406
1784805817090430976,5.493975877761841,268.6320495605469
1784805817100350208,5.503895044326782,267.8369140625
1784805817110269952,5.513814926147461,267.1115417480469
1784805817120188928,5.523733854293823,266.53424072265625
1784805817130109184,5.533653974533081,266.10699462890625
1784805817140027904,5.543572902679443,265.9991455078125
1784805817149948160,5.553493022918701,266.1344909667969
1784805817159867136,5.5634119510650635,266.3793029785156
1784805817169786880,5.573331832885742,266.5911560058594
1784805817179706112,5.583250999450684,266.83978271484375
1784805817189625856,5.593170881271362,267.193603515625
1784805817199545088,5.603090047836304,267.6418151855469
1784805817209465088,5.613009929656982,268.0980529785156
1784805817219384064,5.622928857803345,268.5679016113281
1784805817229304064,5.6328489780426025,268.9396667480469
1784805817239223040,5.642767906188965,269.1509094238281
1784805817249143040,5.652688026428223,269.2034912109375
1784805817259062016,5.662606954574585,269.19989013671875
1784805817268982016,5.672526836395264,269.1299743652344
1784805817278900992,5.682446002960205,269.02911376953125
1784805817288820992,5.692365884780884,268.8905334472656
1784805817298740224,5.702285051345825,268.8115539550781
1784805817308659968,5.712204933166504,268.8326110839844
1784805817318578944,5.722123861312866,268.8542785644531
1784805817328499200,5.732043981552124,268.7862243652344
1784805817338417920,5.741962909698486,268.5465087890625
1784805817348338176,5.751883029937744,268.0820617675781
1784805817358257920,5.761802911758423,267.6550598144531
1784805817368176896,5.771721839904785,267.48333740234375
1784805817378097152,5.781641960144043,267.34503173828125
1784805817388015872,5.791560888290405,267.1544494628906
1784805817397936128,5.801481008529663,266.7532043457031
1784805817407855104,5.811399936676025,266.3107604980469
1784805817417775104,5.821320056915283,265.8222351074219
1784805817427694080,5.8312389850616455,265.6327209472656
1784805817437614080,5.841158866882324,265.8564758300781
1784805817447533056,5.851078033447266,266.7079162597656
1784805817457453056,5.860997915267944,267.4929504394531
1784805817467372032,5.870916843414307,268.3948669433594
1784805817477292032,5.8808369636535645,269.5904235839844
1784805817487211008,5.890755891799927,270.879150390625
1784805817497131008,5.900676012039185,271.77691650390625
1784805817507049984,5.910594940185547,273.5979309082031
1784805817516970240,5.920515060424805,275.04400634765625
1784805817526888960,5.930433988571167,277.3875427246094
1784805817536809216,5.940354108810425,280.19256591796875
1784805817546728192,5.950273036956787,283.5579528808594
1784805817556648192,5.960193157196045,287.55810546875
1784805817566567168,5.970112085342407,292.7041015625
1784805817576487168,5.980031967163086,299.6858825683594
1784805817586406144,5.989951133728027,306.92706298828125
1784805817596326144,5.999871015548706,314.65802001953125
1784805817606245376,6.0097901821136475,323.6545104980469
1784805817616165120,6.019710063934326,334.5742492675781
1784805817626084096,6.0296289920806885,345.5081481933594
1784805817636004096,6.039549112319946,355.8061828613281
1784805817645923072,6.049468040466309,4.431582450866699
1784805817655843328,6.059388160705566,10.709368705749512
1784805817665762304,6.069307088851929,15.916121482849121
1784805817675682048,6.079226970672607,20.415889739990234
1784805817685602304,6.089147090911865,23.46497344970703
1784805817695521024,6.0990660190582275,26.27643585205078
1784805817705441280,6.108986139297485,28.51018524169922
1784805817715360256,6.118905067443848,31.83327865600586
1784805817725280256,6.1288251876831055,36.751556396484375
1784805817735199232,6.138744115829468,41.75901794433594
1784805817745118976,6.1486639976501465,46.813316345214844
1784805817755038208,6.158583164215088,50.6727409362793
1784805817764958208,6.168503046035767,52.472076416015625
1784805817774877184,6.178421974182129,52.27157211303711
1784805817784797184,6.188342094421387,50.90895462036133
1784805817794716160,6.198261022567749,48.977970123291016
1784805817804636160,6.208181142807007,46.3232307434082
1784805817814555136,6.218100070953369,42.97404098510742
1784805817824475136,6.228019952774048,39.00680160522461
1784805817834394112,6.237939119338989,34.35285568237305
1784805817844314112,6.247859001159668,28.784465789794922
1784805817854233344,6.257778167724609,22.25257110595703
1784805817864153088,6.267698049545288,14.935748100280762
1784805817874072064,6.27761697769165,6.861868858337402
1784805817883992320,6.287537097930908,358.5115661621094
1784805817893911040,6.2974560260772705,349.9933166503906
1784805817903831296,6.307376146316528,341.3982849121094
1784805817913750272,6.317295074462891,332.6942138671875
1784805817923670016,6.327214956283569,323.87506103515625
1784805817933589248,6.337134122848511,315.1064758300781
1784805817943508992,6.3470540046691895,306.6368408203125
1784805817953428224,6.356973171234131,298.6659240722656
1784805817963348224,6.36689305305481,291.35552978515625
1784805817973268224,6.376813173294067,284.6861267089844
1784805817983187200,6.38673210144043,278.5301818847656
1784805817993107200,6.396651983261108,272.6370544433594
1784805818003026176,6.40657114982605,266.93133544921875
1784805818012946176,6.4164910316467285,261.4265441894531
1784805818022865152,6.426409959793091,256.0097351074219
1784805818032785152,6.436330080032349,250.70681762695312
1784805818042704128,6.446249008178711,246.00100708007812
1784805818052624128,6.456169128417969,241.58566284179688
1784805818062543104,6.466088056564331,237.4464111328125
1784805818072463360,6.476008176803589,235.69854736328125
1784805818082382080,6.485927104949951,235.53623962402344
1784805818092302080,6.49584698677063,236.82864379882812
1784805818102221312,6.505766153335571,238.7208251953125
1784805818112141056,6.51568603515625,239.75253295898438
1784805818122060032,6.525604963302612,240.20993041992188
1784805818131980288,6.53552508354187,241.13577270507812
1784805818141899008,6.545444011688232,243.60714721679688
1784805818151819264,6.55536413192749,246.24246215820312
1784805818161738240,6.5652830600738525,248.8143310546875
1784805818171658240,6.57520318031311,251.63656616210938
1784805818181577216,6.585122108459473,254.18939208984375
1784805818191496960,6.595041990280151,256.64312744140625
1784805818201416192,6.604961156845093,258.78277587890625
1784805818211336192,6.6148810386657715,260.5355224609375
1784805818221256192,6.624801158905029,262.20526123046875
1784805818231175168,6.634720087051392,263.86224365234375
1784805818241095168,6.64463996887207,265.1335754394531
1784805818251014144,6.654559135437012,266.2497253417969
1784805818260934144,6.66447901725769,267.1648254394531
1784805818270853376,6.674398183822632,267.6172790527344
1784805818280773120,6.6843180656433105,267.8575134277344
1784805818290692096,6.694236993789673,268.26708984375
1784805818300612096,6.704157114028931,268.77008056640625
1784805818310531072,6.714076042175293,268.9859313964844
1784805818320451328,6.723996162414551,269.0957336425781
1784805818330370304,6.733915090560913,269.3432922363281
1784805818340290048,6.743834972381592,269.3957214355469
1784805818350209280,6.753754138946533,269.81402587890625
1784805818360129024,6.763674020767212,269.6583557128906
1784805818370048256,6.773593187332153,269.6913146972656
1784805818379968256,6.783513069152832,269.62457275390625
1784805818389886976,6.793431997299194,269.4195251464844
1784805818399807232,6.803352117538452,269.09930419921875
1784805818409726208,6.8132710456848145,268.7299499511719
1784805818419646208,6.823191165924072,268.2234802246094
1784805818429565184,6.833110094070435,267.5873107910156
1784805818439485184,6.843029975891113,266.9814758300781
1784805818449404160,6.852949142456055,266.3687744140625
1784805818459324160,6.862869024276733,265.8952941894531
1784805818469244160,6.872789144515991,265.7299499511719
1784805818479163136,6.8827080726623535,265.6908264160156
1784805818489083136,6.892627954483032,265.7630615234375
1784805818499002112,6.902547121047974,265.9461669921875
1784805818508922112,6.912467002868652,266.13079833984375
1784805818518841344,6.922386169433594,266.2917785644531
1784805818528761088,6.9323060512542725,266.3730773925781
1784805818538680064,6.942224979400635,266.3861999511719
1784805818548600320,6.952145099639893,266.4056091308594
1784805818558519040,6.962064027786255,266.47125244140625
1784805818568439296,6.971984148025513,266.5320739746094
1784805818578358272,6.981903076171875,266.60235595703125
1784805818588278016,6.991822957992554,266.6816711425781
1784805818598197248,7.001742124557495,266.7910461425781
1784805818608116992,7.011662006378174,266.93939208984375
1784805818618036224,7.021581172943115,267.1546325683594
1784805818627956224,7.031501054763794,267.3690490722656
1784805818637875200,7.041419982910156,267.4222412109375
1784805818647795200,7.051340103149414,267.3507995605469
1784805818657714176,7.061259031295776,267.1200866699219
1784805818667634176,7.071179151535034,266.7333984375
1784805818677553152,7.0810980796813965,266.3510437011719
1784805818687473152,7.091017961502075,266.02337646484375
1784805818697392128,7.100937128067017,265.72467041015625
1784805818707312128,7.110857009887695,265.17999267578125
1784805818717232128,7.120777130126953,264.5582580566406
1784805818727151104,7.130696058273315,263.9244689941406
1784805818737071360,7.140616178512573,262.8831787109375
1784805818746990080,7.1505351066589355,261.8802185058594
1784805818756910080,7.160454988479614,261.06622314453125
1784805818766829312,7.170374155044556,261.0328369140625
1784805818776749056,7.180294036865234,262.9004821777344
1784805818786668032,7.190212965011597,263.9317321777344
1784805818796588288,7.2001330852508545,264.5198059082031
1784805818806507008,7.210052013397217,265.7658996582031
1784805818816427264,7.219972133636475,265.9800109863281
1784805818826346240,7.229891061782837,266.20037841796875
1784805818836266240,7.239811182022095,267.5984802246094
1784805818846185216,7.249730110168457,269.12237548828125
1784805818856105216,7.259649991989136,271.98309326171875
1784805818866024192,7.269569158554077,275.2670593261719
1784805818875944192,7.279489040374756,279.92974853515625
1784805818885863168,7.289407968521118,285.8175048828125
1784805818895783168,7.299328088760376,292.7102355957031
1784805818905702144,7.309247016906738,299.44158935546875
1784805818915622144,7.319167137145996,306.59954833984375
1784805818925542144,7.329087018966675,315.9710998535156
1784805818935461376,7.339006185531616,327.3041687011719
1784805818945381120,7.348926067352295,339.29888916015625
1784805818955300096,7.358844995498657,350.26165771484375
1784805818965220096,7.368765115737915,358.3180847167969
1784805818975139072,7.378684043884277,3.9533157348632812
1784805818985059328,7.388604164123535,7.308072090148926
1784805818994978304,7.3985230922698975,11.186554908752441
1784805819004898048,7.408442974090576,15.90404987335205
1784805819014817280,7.418362140655518,21.047157287597656
1784805819024737024,7.428282022476196,25.54684066772461
1784805819034656256,7.438201189041138,29.398818969726562
1784805819044576256,7.448121070861816,34.16889190673828
1784805819054494976,7.458039999008179,39.331119537353516
1784805819064415232,7.4679601192474365,45.22472381591797
1784805819074334208,7.477879047393799,49.92471694946289
1784805819084254208,7.487799167633057,51.54523468017578
1784805819094173184,7.497718095779419,50.566898345947266
1784805819104093184,7.507637977600098,48.43531799316406
1784805819114012160,7.517557144165039,45.50746154785156
1784805819123932160,7.527477025985718,41.82109069824219
1784805819133852160,7.537397146224976,37.67966079711914
1784805819143771136,7.547316074371338,32.97085189819336
1784805819153691136,7.557235956192017,27.499980926513672
1784805819163610112,7.567155122756958,21.093307495117188
1784805819173530112,7.577075004577637,13.724043846130371
1784805819183449344,7.586994171142578,5.661181449890137
1784805819193369088,7.596914052963257,357.2043151855469
1784805819203288064,7.606832981109619,348.59783935546875
1784805819213208320,7.616753101348877,339.9731140136719
1784805819223127040,7.626672029495239,331.37420654296875
1784805819233047296,7.636592149734497,322.77410888671875
1784805819242966272,7.646511077880859,314.20159912109375
1784805819252886016,7.656430959701538,305.8806457519531
1784805819262805248,7.6663501262664795,297.9482727050781
1784805819272724992,7.676270008087158,290.4797668457031
1784805819282644224,7.6861891746521,283.50927734375
1784805819292564224,7.696109056472778,277.07574462890625
1784805819302483200,7.706027984619141,271.0862121582031
1784805819312403200,7.715948104858398,265.410400390625
1784805819322322176,7.725867033004761,259.9288635253906
1784805819332242176,7.7357871532440186,254.54208374023438
1784805819342161152,7.745706081390381,249.39718627929688
1784805819352081152,7.75562596321106,244.89065551757812
1784805819362001152,7.765546083450317,241.13851928710938
1784805819371920128,7.77546501159668,236.83767700195312
1784805819381840128,7.7853851318359375,234.373291015625
1784805819391759104,7.7953040599823,233.20751953125
1784805819401679360,7.805224180221558,233.0928955078125
1784805819411598080,7.81514310836792,233.54409790039062
1784805819421518080,7.825062990188599,235.20668029785156
1784805819431437312,7.83498215675354,237.09983825683594
1784805819441357056,7.844902038574219,238.15631103515625
1784805819451276032,7.854820966720581,239.6214599609375
1784805819461196288,7.864741086959839,242.03622436523438
1784805819471115008,7.874660015106201,244.49517822265625
1784805819481035264,7.884580135345459,247.18972778320312
1784805819490954240,7.894499063491821,249.87796020507812
1784805819500874240,7.904419183731079,252.34994506835938
1784805819510793216,7.914338111877441,254.51901245117188
1784805819520713216,7.92425799369812,256.860107421875
1784805819530631424,7.934176206588745,259.0832824707031
1784805819540551168,7.944096088409424,260.68792724609375
1784805819550470400,7.954015254974365,262.14703369140625
1784805819560390144,7.963935136795044,263.573486328125
1784805819570309376,7.973854303359985,264.62347412109375
1784805819580229376,7.983774185180664,265.43023681640625
1784805819590149376,7.993694305419922,266.31475830078125
1784805819600068352,8.003613233566284,267.1031494140625
1784805819609988096,8.013533115386963,267.70404052734375
1784805819619907328,8.023452281951904,268.114013671875
1784805819629827328,8.033372163772583,268.5079345703125
1784805819639746304,8.043291091918945,268.7853088378906
1784805819649666304,8.053211212158203,268.9205017089844
1784805819659585280,8.063130140304565,269.07373046875
1784805819669505280,8.073050260543823,268.9996032714844
1784805819679424256,8.082969188690186,268.8614196777344
1784805819689344512,8.092889308929443,268.7095947265625
1784805819699263232,8.102808237075806,268.3548278808594
1784805819709183232,8.112728118896484,267.92462158203125
1784805819719102464,8.122647285461426,267.5630798339844
1784805819729022208,8.132567167282104,267.1679382324219
1784805819738941184,8.142486095428467,266.7684631347656
1784805819748861440,8.152406215667725,266.4458923339844
1784805819758780160,8.162325143814087,266.21246337890625
1784805819768700416,8.172245264053345,265.85174560546875
1784805819778619392,8.182164192199707,265.5362243652344
1784805819788539392,8.192084312438965,265.3980407714844
1784805819798459392,8.202004194259644,265.3655090332031
1784805819808378112,8.211923122406006,265.38348388671875
1784805819818298368,8.221843242645264,265.3554382324219
1784805819828217344,8.231762170791626,265.1697692871094
1784805819838137344,8.241682291030884,264.8169860839844
1784805819848056320,8.251601219177246,264.3913269042969
1784805819857976320,8.261521100997925,264.032958984375
1784805819867895296,8.271440267562866,263.79327392578125
1784805819877815296,8.281360149383545,263.575927734375
1784805819887734272,8.291279077529907,263.3211975097656
1784805819897654272,8.301199197769165,263.0116882324219
1784805819907573248,8.311118125915527,262.5881042480469
1784805819917493248,8.321038246154785,261.9748840332031
1784805819927412224,8.330957174301147,261.4040832519531
1784805819937332480,8.340877294540405,261.10888671875
1784805819947251200,8.350796222686768,261.0952453613281
1784805819957171200,8.360716104507446,261.3473205566406
1784805819967090432,8.370635271072388,261.7126770019531
1784805819977010176,8.380555152893066,262.0335998535156
1784805819986929152,8.390474081039429,262.2957458496094
1784805819996849408,8.400394201278687,262.4195251464844
1784805820006768128,8.410313129425049,262.4825744628906
1784805820016688384,8.420233249664307,262.60028076171875
1784805820026608128,8.430153131484985,262.63836669921875
1784805820036527360,8.440072298049927,262.6393737792969
1784805820046447360,8.449992179870605,262.5712585449219
1784805820056366080,8.459911108016968,262.2347106933594
1784805820066286336,8.469831228256226,261.3402404785156
1784805820076205312,8.479750156402588,260.6050109863281
1784805820086125312,8.489670276641846,260.2409973144531
1784805820096044288,8.499589204788208,259.8534240722656
1784805820105964288,8.509509086608887,261.39593505859375
1784805820115883264,8.519428253173828,262.8308410644531
1784805820125803264,8.529348134994507,263.3757629394531
1784805820135722496,8.539267301559448,264.0457763671875
1784805820145642240,8.549187183380127,264.4001770019531
1784805820155561216,8.55910611152649,265.8217468261719
1784805820165481216,8.569026231765747,268.2585144042969
1784805820175400192,8.57894515991211,270.30255126953125
1784805820185320448,8.588865280151367,272.5804443359375
1784805820195239424,8.59878420829773,275.9410095214844
1784805820205159168,8.608704090118408,280.99005126953125
1784805820215079424,8.618624210357666,287.1877136230469
1784805820224998144,8.628543138504028,293.4105529785156
1784805820234918400,8.638463258743286,301.1619567871094
1784805820244837376,8.648382186889648,310.03448486328125
1784805820254757376,8.658302307128906,321.0341796875
1784805820264676352,8.668221235275269,333.487060546875
1784805820274596096,8.678141117095947,344.1455383300781
1784805820284515328,8.688060283660889,352.2431640625
1784805820294435328,8.697980165481567,359.09515380859375
1784805820304354304,8.70789909362793,3.7522058486938477
1784805820314274304,8.717819213867188,8.298834800720215
1784805820324193280,8.72773814201355,13.04358959197998
1784805820334113280,8.737658262252808,18.322494506835938
1784805820344032256,8.74757719039917,24.1312255859375
1784805820353952512,8.757497310638428,29.17974853515625
1784805820363871232,8.76741623878479,33.56232452392578
1784805820373791232,8.777336120605469,37.299957275390625
1784805820383710464,8.78725528717041,40.575965881347656
1784805820393630208,8.797175168991089,43.70136260986328
1784805820403550464,8.807095289230347,45.76197052001953
1784805820413469440,8.817014217376709,45.943077087402344
1784805820423389184,8.826934099197388,44.42862319946289
1784805820433308416,8.836853265762329,41.78578186035156
1784805820443228160,8.846773147583008,38.25058364868164
1784805820453147392,8.85669231414795,34.024024963378906
1784805820463067392,8.866612195968628,29.258689880371094
1784805820472986112,8.87653112411499,24.09412384033203
1784805820482906368,8.886451244354248,18.554656982421875
1784805820492825344,8.89637017250061,12.577284812927246
1784805820502745344,8.906290292739868,6.188725471496582
1784805820512664320,8.91620922088623,359.5074462890625
1784805820522584320,8.92612910270691,352.6433410644531
1784805820532503296,8.93604826927185,345.5686950683594
1784805820542423296,8.94596815109253,338.1188049316406
1784805820552342528,8.95588731765747,330.5476989746094
1784805820562262272,8.96580719947815,322.9959411621094
1784805820572181248,8.975726127624512,315.50006103515625
1784805820582101248,8.98564624786377,308.10308837890625
1784805820592020224,8.995565176010132,300.8767395019531
1784805820601940480,9.00548529624939,294.0630187988281
1784805820611859200,9.015404224395752,287.5932922363281
1784805820621779456,9.02532434463501,281.4342956542969
1784805820631699200,9.035244226455688,275.6086120605469
1784805820641618176,9.04516315460205,269.957763671875
1784805820651538432,9.055083274841309,264.34552001953125
1784805820661457408,9.065002202987671,258.8103942871094
1784805820671377408,9.074922323226929,253.34072875976562
1784805820681296384,9.084841251373291,247.88619995117188
1784805820691216128,9.09476113319397,242.6770477294922
1784805820701135360,9.104680299758911,238.16201782226562
1784805820711055360,9.11460018157959,233.4519500732422
1784805820720974336,9.124519348144531,230.07254028320312
1784805820730894336,9.13443922996521,228.78543090820312
1784805820740813312,9.144358158111572,228.64263916015625
1784805820750733312,9.15427827835083,229.58248901367188
1784805820760652288,9.164197206497192,231.40599060058594
1784805820770572544,9.17411732673645,233.1116943359375
1784805820780491264,9.184036254882812,233.565673828125
1784805820790411264,9.193956136703491,234.53445434570312
1784805820800330496,9.203875303268433,236.8876953125
1784805820810250240,9.213795185089111,239.36862182617188
1784805820820169472,9.223714351654053,242.19833374023438
1784805820830089216,9.233634233474731,245.09808349609375
1784805820840009472,9.24355435371399,247.68804931640625
1784805820849928448,9.253473281860352,249.83059692382812
1784805820859848192,9.26339316368103,251.57296752929688
1784805820869767424,9.273312330245972,253.405517578125
1784805820879687424,9.28323221206665,255.12237548828125
1784805820889606144,9.293151140213013,256.4452819824219
1784805820899526400,9.30307126045227,257.5426330566406
1784805820909445376,9.312990188598633,258.5666809082031
1784805820919365376,9.32291030883789,259.6434631347656
1784805820929284352,9.332829236984253,260.08355712890625
1784805820939204096,9.342749118804932,260.33978271484375
1784805820949123328,9.352668285369873,260.5963134765625
1784805820959043328,9.362588167190552,260.8355407714844
1784805820968962304,9.372507333755493,261.01220703125
1784805820978882304,9.382427215576172,261.13311767578125
1784805820988801280,9.392346143722534,261.229248046875
1784805820998721280,9.402266263961792,261.2309265136719
1784805821008640256,9.412185192108154,260.9759216308594
1784805821018560512,9.422105312347412,260.64703369140625
1784805821028479232,9.432024240493774,260.2106628417969
1784805821038399232,9.441944122314453,259.7319641113281
1784805821048318464,9.451863288879395,259.1330261230469
1784805821058238208,9.461783170700073,258.6195373535156
1784805821068157440,9.471702337265015,258.08441162109375
1784805821078077440,9.481622219085693,257.2773132324219
1784805821087997440,9.491542339324951,256.3092346191406
1784805821097916416,9.501461267471313,255.38470458984375
1784805821107836160,9.511381149291992,254.6009521484375
1784805821117755392,9.521300315856934,253.99087524414062
1784805821127675392,9.531220197677612,253.51495361328125
1784805821137594112,9.541139125823975,253.12033081054688
1784805821147514368,9.551059246063232,252.73922729492188
1784805821157433344,9.560978174209595,252.33175659179688
1784805821167353344,9.570898294448853,251.96554565429688
1784805821177272320,9.580817222595215,251.75848388671875
1784805821187192320,9.590737342834473,251.5830078125
1784805821197111296,9.600656270980835,251.44564819335938
1784805821207031296,9.610576152801514,251.31967163085938
1784805821216950528,9.620495319366455,251.00634765625
1784805821226870272,9.630415201187134,250.4776611328125
1784805821236789248,9.640334129333496,249.6353759765625
1784805821246709248,9.650254249572754,248.62533569335938
1784805821256628224,9.660173177719116,247.64462280273438
1784805821266548480,9.670093297958374,246.785888671875
1784805821276467200,9.680012226104736,245.94638061523438
1784805821286387456,9.689932346343994,245.25070190429688
1784805821296306432,9.699851274490356,244.80621337890625
1784805821306226176,9.709771156311035,244.59640502929688
1784805821316146432,9.719691276550293,244.40480041503906
1784805821326065408,9.729610204696655,244.1481475830078
1784805821335985408,9.739530324935913,243.92459106445312
1784805821345904384,9.749449253082275,243.58145141601562
1784805821355824128,9.759369134902954,243.63568115234375
1784805821365743360,9.769288301467896,243.76760864257812
1784805821375663360,9.779208183288574,243.73590087890625
1784805821385582336,9.789127349853516,243.62640380859375
1784805821395502336,9.799047231674194,243.62144470214844
1784805821405421312,9.808966159820557,243.87918090820312
1784805821415341312,9.818886280059814,244.31314086914062
1784805821425260288,9.828805208206177,244.27499389648438
1784805821435180544,9.838725328445435,245.13385009765625
1784805821445099264,9.848644256591797,246.05477905273438
1784805821455019264,9.858564138412476,246.55361938476562
1784805821464938496,9.868483304977417,247.60995483398438
1784805821474858240,9.878403186798096,248.45870971679688
1784805821484777472,9.888322353363037,248.83657836914062
1784805821494697216,9.898242235183716,249.98245239257812
1784805821504616192,9.908161163330078,251.15042114257812
1784805821514536448,9.918081283569336,253.72775268554688
1784805821524455424,9.928000211715698,256.47833251953125
1784805821534376192,9.937921047210693,259.9503479003906
1784805821544295168,9.947839975357056,263.6463317871094
1784805821554215168,9.957760095596313,268.7350158691406
1784805821564135168,9.967679977416992,276.7365417480469
1784805821574054144,9.977599143981934,284.6890869140625
1784805821583974144,9.987519025802612,292.6199035644531
1784805821593893120,9.997437953948975,301.4512023925781
1784805821603813120,10.007358074188232,311.299072265625
1784805821613732096,10.017277002334595,321.8791809082031
1784805821623652096,10.027197122573853,331.1331481933594
1784805821633571072,10.037116050720215,338.7863464355469
1784805821643491328,10.047036170959473,345.1627197265625
1784805821653410304,10.056955099105835,350.0253601074219
1784805821663330048,10.066874980926514,353.59405517578125
1784805821673249280,10.076794147491455,357.3999328613281
1784805821683169024,10.086714029312134,1.5470457077026367
1784805821693088000,10.096632957458496,5.63746452331543
1784805821703008256,10.106553077697754,9.585688591003418
1784805821712926976,10.116472005844116,13.621954917907715
1784805821722847232,10.126392126083374,17.782806396484375
1784805821732766208,10.136311054229736,21.978660583496094
1784805821742686208,10.146231174468994,25.628040313720703
1784805821752605184,10.156150102615356,28.141300201416016
1784805821762525184,10.166069984436035,28.41412353515625
1784805821772444160,10.175989151000977,27.32748031616211
1784805821782364160,10.185909032821655,25.770217895507812
1784805821792283136,10.195827960968018,23.467449188232422
1784805821802203136,10.205748081207275,20.10296630859375
1784805821812123136,10.215667963027954,15.649956703186035
1784805821822042112,10.225587129592896,10.366860389709473
1784805821831962112,10.235507011413574,4.402892112731934
1784805821841881344,10.245426177978516,357.7684020996094
1784805821851801088,10.255346059799194,350.541015625
1784805821861720064,10.265264987945557,342.842529296875
1784805821871640320,10.275185108184814,334.81329345703125
1784805821881559040,10.285104036331177,326.5211486816406
1784805821891479296,10.295024156570435,318.22149658203125
1784805821901398272,10.304943084716797,309.9891357421875
1784805821911318016,10.314862966537476,301.7149963378906
1784805821921237248,10.324782133102417,293.4771728515625
1784805821931156992,10.334702014923096,285.4660949707031
1784805821941076224,10.344621181488037,277.9211120605469
1784805821950996224,10.354541063308716,270.802734375
1784805821960915200,10.364459991455078,263.95526123046875
1784805821970835200,10.374380111694336,257.3711242675781
1784805821980754176,10.384299039840698,251.057861328125
1784805821990674176,10.394219160079956,244.930908203125
1784805822000593152,10.404138088226318,238.9318389892578
1784805822010513152,10.414057970046997,233.02975463867188
1784805822020432128,10.423977136611938,227.37191772460938
1784805822030352128,10.433897018432617,222.1317138671875
1784805822040271360,10.443816184997559,217.3680877685547
1784805822050191104,10.453736066818237,213.28839111328125
1784805822060110080,10.4636549949646,208.59103393554688
1784805822070030336,10.473575115203857,205.2445831298828
1784805822079949056,10.48349404335022,204.09814453125
1784805822089869312,10.493414163589478,204.11495971679688
1784805822099788288,10.50333309173584,205.0299835205078
1784805822109708032,10.513252973556519,206.7105712890625
1784805822119627264,10.52317214012146,208.6438751220703
1784805822129547008,10.533092021942139,209.76736450195312
1784805822139466240,10.54301118850708,211.05044555664062
1784805822149386240,10.552931070327759,213.85760498046875
1784805822159305984,10.562850952148438,217.19338989257812
1784805822169225216,10.572770118713379,220.17051696777344
1784805822179145216,10.582690000534058,223.02703857421875
1784805822189064192,10.592609167098999,225.8826904296875
1784805822198984192,10.602529048919678,228.49081420898438
1784805822208903168,10.61244797706604,230.80438232421875
1784805822218823168,10.622368097305298,232.81765747070312
1784805822228742144,10.63228702545166,234.57720947265625
1784805822238662144,10.642207145690918,236.17874145507812
1784805822248581120,10.65212607383728,237.6893310546875
1784805822258501120,10.662045955657959,238.68304443359375
1784805822268420096,10.6719651222229,239.30606079101562
1784805822278340096,10.681885004043579,239.81973266601562
1784805822288259328,10.69180417060852,240.30712890625
1784805822298179072,10.7017240524292,240.99620056152344
1784805822308098048,10.711642980575562,241.5302734375
1784805822318018304,10.72156310081482,241.93734741210938
1784805822327937024,10.731482028961182,242.48355102539062
1784805822337857280,10.74140214920044,242.94815063476562
1784805822347776256,10.751321077346802,243.2152099609375
1784805822357696000,10.76124095916748,243.46942138671875
1784805822367615232,10.771160125732422,243.67214965820312
1784805822377535232,10.7810800075531,243.90939331054688
1784805822387454208,10.790999174118042,244.13043212890625
1784805822397374208,10.80091905593872,244.30352783203125
1784805822407293184,10.810837984085083,244.34359741210938
1784805822417213184,10.82075810432434,244.2381591796875
1784805822427132160,10.830677032470703,243.9691619873047
1784805822437052160,10.840597152709961,243.45098876953125
1784805822446971136,10.850516080856323,242.76564025878906
1784805822456891136,10.860435962677002,242.05223083496094
1784805822466810112,10.870355129241943,241.3428192138672
1784805822476730112,10.880275011062622,240.7491912841797
1784805822486649344,10.890194177627563,240.32708740234375
1784805822496569088,10.900114059448242,239.76173400878906
1784805822506488064,10.910032987594604,239.15792846679688
1784805822516408320,10.919953107833862,238.6361846923828
1784805822526326784,10.929871559143066,238.11968994140625
1784805822536246784,10.939791679382324,237.53701782226562
1784805822546165760,10.949710607528687,236.88333129882812
1784805822556085504,10.959630489349365,236.24844360351562
1784805822566004736,10.969549655914307,235.6747589111328
1784805822575924736,10.979469537734985,235.12197875976562
1784805822585843456,10.989388465881348,234.56646728515625
1784805822595763712,10.999308586120605,234.09033203125
1784805822605682688,11.009227514266968,233.63858032226562
1784805822615602688,11.019147634506226,233.2974853515625
1784805822625521664,11.029066562652588,233.09054565429688
1784805822635441664,11.038986682891846,233.01187133789062
1784805822645360640,11.048905611038208,233.07138061523438
1784805822655280640,11.058825492858887,233.1739044189453
1784805822665199872,11.068744659423828,233.38919067382812
1784805822675119616,11.078664541244507,233.23565673828125
1784805822685038592,11.08858346939087,233.09609985351562
1784805822694958592,11.098503589630127,232.9166717529297
1784805822704877568,11.10842251777649,232.6204833984375
1784805822714797824,11.118342638015747,232.25100708007812
1784805822724717568,11.128262519836426,231.65713500976562
1784805822734636800,11.138181686401367,231.14283752441406
1784805822744556544,11.148101568222046,230.541015625
1784805822754475520,11.158020496368408,230.17428588867188
1784805822764395776,11.167940616607666,230.77481079101562
1784805822774314752,11.177859544754028,232.0657958984375
1784805822784234752,11.187779664993286,233.50567626953125
1784805822794153728,11.197698593139648,233.8336181640625
1784805822804073472,11.207618474960327,233.35452270507812
1784805822813992704,11.217537641525269,233.0376434326172
1784805822823912704,11.227457523345947,232.83468627929688
1784805822833831424,11.23737645149231,232.79469299316406
1784805822843751680,11.247296571731567,232.14730834960938
1784805822853670656,11.25721549987793,232.86114501953125
1784805822863590656,11.267135620117188,234.96559143066406
1784805822873509632,11.27705454826355,237.53854370117188
1784805822883429888,11.286974668502808,241.89015197753906
1784805822893348608,11.29689359664917,246.82095336914062
1784805822903268608,11.306813478469849,252.33883666992188
1784805822913187840,11.31673264503479,258.2498474121094
1784805822923107584,11.326652526855469,264.85015869140625
1784805822933026560,11.336571455001831,274.436767578125
1784805822942946560,11.346491575241089,286.0564880371094
1784805822952865536,11.356410503387451,300.0085754394531
1784805822962785792,11.366330623626709,313.4574890136719
1784805822972704768,11.376249551773071,325.2982482910156
1784805822982624768,11.386169672012329,334.4154968261719
1784805822992543744,11.396088600158691,340.9942321777344
1784805823002463488,11.40600848197937,346.5038146972656
1784805823012382720,11.415927648544312,350.9013366699219
1784805823022302720,11.42584753036499,355.10211181640625
1784805823032221440,11.435766458511353,359.7164611816406
1784805823042141696,11.44568657875061,4.331433296203613
1784805823052060672,11.455605506896973,9.55727481842041
1784805823061980672,11.46552562713623,15.067252159118652
1784805823071899648,11.475444555282593,19.888347625732422
1784805823081819648,11.48536467552185,23.71941375732422
1784805823091738624,11.495283603668213,26.450801849365234
1784805823101658624,11.505203485488892,27.83507537841797
1784805823111577856,11.515122652053833,27.648056030273438
1784805823121497600,11.525042533874512,26.234298706054688
1784805823131416576,11.534961462020874,23.843238830566406
1784805823141336576,11.544881582260132,20.46918487548828
1784805823151255552,11.554800510406494,16.128582000732422
1784805823161175808,11.564720630645752,10.736298561096191
1784805823171094528,11.574639558792114,4.506961822509766
1784805823181014784,11.584559679031372,357.6142883300781
1784805823190933760,11.594478607177734,350.0865173339844
1784805823200853504,11.604398488998413,341.84771728515625
1784805823210772736,11.614317655563354,333.00445556640625
1784805823220692736,11.624237537384033,323.87353515625
1784805823230611456,11.634156465530396,314.7237854003906
1784805823240531712,11.644076585769653,305.7059020996094
1784805823250450688,11.653995513916016,296.9250793457031
1784805823260370688,11.663915634155273,288.5481262207031
1784805823270289664,11.673834562301636,280.6996154785156
1784805823280209664,11.683754682540894,273.462158203125
1784805823290128640,11.693673610687256,266.87451171875
1784805823300048640,11.703593492507935,260.9142761230469
1784805823309967872,11.713512659072876,255.469970703125
1784805823319887616,11.723432540893555,250.2779541015625
1784805823329806592,11.733351469039917,245.15328979492188
1784805823339726592,11.743271589279175,239.96951293945312
1784805823349645568,11.753190517425537,234.64242553710938
1784805823359565824,11.763110637664795,229.2498779296875
1784805823369484544,11.773029565811157,223.7877960205078
1784805823379404800,11.782949686050415,218.26023864746094
1784805823389323776,11.792868614196777,213.40826416015625
1784805823399243520,11.802788496017456,209.450439453125
1784805823409162752,11.812707662582397,205.10643005371094
1784805823419082752,11.822627544403076,202.97604370117188
1784805823429001472,11.832546472549438,202.4479522705078
1784805823438921728,11.842466592788696,202.8799591064453
1784805823448840704,11.852385520935059,204.2349395751953
1784805823458760704,11.862305641174316,205.79054260253906
1784805823468679680,11.872224569320679,208.11631774902344
1784805823478599680,11.882144689559937,210.2134246826172
1784805823488518656,11.892063617706299,212.03016662597656
1784805823498438656,11.901983499526978,215.01242065429688
1784805823508357888,11.911902666091919,218.71005249023438
1784805823518277632,11.921822547912598,221.70941162109375
1784805823528197120,11.931741952896118,224.35162353515625
1784805823538117120,11.941662073135376,226.8438262939453
1784805823548036096,11.951581001281738,229.1112060546875
1784805823557956096,11.961501121520996,230.7232208251953
1784805823567875072,11.971420049667358,231.9966583251953
1784805823577795328,11.981340169906616,233.0120849609375
1784805823587714304,11.991259098052979,233.4969024658203
1784805823597634048,12.001178979873657,233.90850830078125
1784805823607553280,12.011098146438599,234.23016357421875
1784805823617473024,12.021018028259277,234.38198852539062
1784805823627392000,12.03093695640564,234.44656372070312
1784805823637312256,12.040857076644897,234.42172241210938
1784805823647230976,12.05077600479126,234.38925170898438
1784805823657151232,12.060696125030518,234.29112243652344
1784805823667070208,12.07061505317688,234.12728881835938
1784805823676990208,12.080535173416138,233.882080078125
1784805823686909184,12.0904541015625,233.46878051757812
1784805823696829184,12.100373983383179,232.9483642578125
1784805823706748160,12.11029314994812,232.33102416992188
1784805823716668160,12.120213031768799,231.74522399902344
1784805823726587136,12.130131959915161,231.20687866210938
1784805823736507136,12.140052080154419,230.52073669433594
1784805823746426112,12.149971008300781,229.7025146484375
1784805823756346112,12.159891128540039,228.7118377685547
1784805823766265088,12.169810056686401,227.59913635253906
1784805823776185344,12.17973017692566,226.6607666015625
1784805823786104320,12.189649105072021,225.79083251953125
1784805823796024064,12.1995689868927,224.86570739746094
1784805823805943296,12.209488153457642,224.07839965820312
1784805823815863040,12.21940803527832,223.48898315429688
1784805823825782016,12.229326963424683,223.10211181640625
1784805823835702272,12.23924708366394,222.89971923828125
1784805823845620992,12.249166011810303,222.82733154296875
1784805823855541248,12.25908613204956,222.78680419921875
1784805823865460224,12.269005060195923,222.87794494628906
1784805823875380224,12.27892518043518,223.1614532470703
1784805823885299200,12.288844108581543,223.4630584716797
1784805823895219200,12.298763990402222,223.72984313964844
1784805823905138176,12.308683156967163,223.94668579101562
1784805823915058176,12.318603038787842,223.8565673828125
1784805823924977152,12.328521966934204,223.41390991210938
1784805823934897152,12.338442087173462,222.8467559814453
1784805823944816128,12.348361015319824,222.15284729003906
1784805823954736128,12.358281135559082,221.3876190185547
1784805823964655104,12.368200063705444,220.88096618652344
1784805823974574080,12.378118991851807,220.43820190429688
1784805823984494336,12.388039112091064,219.8756866455078
1784805823994413056,12.397958040237427,219.3983917236328
1784805824004333312,12.407878160476685,219.44187927246094
1784805824014252288,12.417797088623047,219.5849609375
1784805824024172032,12.427716970443726,219.73324584960938
1784805824034091264,12.437636137008667,219.50193786621094
1784805824044011008,12.447556018829346,219.21649169921875
1784805824053930240,12.457475185394287,219.0452880859375
1784805824063850240,12.467395067214966,218.6522979736328
1784805824073769216,12.477313995361328,218.61044311523438
1784805824083689216,12.487234115600586,219.05487060546875
1784805824093608192,12.497153043746948,220.24302673339844
1784805824103528192,12.507073163986206,221.71974182128906
1784805824113447168,12.516992092132568,222.6421661376953
1784805824123367168,12.526911973953247,223.1139373779297
1784805824133286144,12.536831140518188,223.65406799316406
1784805824143206144,12.546751022338867,223.93505859375
1784805824153125376,12.556670188903809,224.27969360351562
1784805824163045120,12.566590070724487,224.9968719482422
1784805824172964096,12.57650899887085,225.82952880859375
1784805824182884096,12.586429119110107,226.89968872070312
1784805824192803072,12.59634804725647,227.36874389648438
1784805824202723328,12.606268167495728,230.19448852539062
1784805824212642304,12.61618709564209,234.5499267578125
1784805824222562048,12.626106977462769,240.87596130371094
1784805824232481280,12.63602614402771,248.29135131835938
1784805824242401024,12.645946025848389,256.4712829589844
1784805824252320000,12.655864953994751,265.2283020019531
1784805824262240256,12.665785074234009,275.6943054199219
1784805824272158976,12.675704002380371,287.59881591796875
1784805824282079232,12.685624122619629,233.49728393554688
1784805824291998208,12.695543050765991,309.9624328613281
1784805824301918208,12.705463171005249,317.6908874511719
1784805824311837184,12.715382099151611,324.11041259765625
1784805824321757184,12.72530198097229,329.04833984375
1784805824331676160,12.735221147537231,336.2150573730469
1784805824341596160,12.74514102935791,343.4358825683594
1784805824351515136,12.755059957504272,351.2259521484375
1784805824361435136,12.76498007774353,356.7455749511719
1784805824371354112,12.774899005889893,1.638357162475586
1784805824381274112,12.78481912612915,5.989546775817871
1784805824391193088,12.794738054275513,9.927573204040527
1784805824401113344,12.80465817451477,12.384100914001465
1784805824411032320,12.814577102661133,13.39011287689209
1784805824420952064,12.824496984481812,12.769549369812012
1784805824430871296,12.834416151046753,10.635653495788574
1784805824440791040,12.844336032867432,7.441290855407715
1784805824450710016,12.854254961013794,3.3307762145996094
1784805824460630272,12.864175081253052,358.37353515625
1784805824470548992,12.874094009399414,352.43267822265625
1784805824480469248,12.884014129638672,345.40521240234375
1784805824490388224,12.893933057785034,337.636962890625
1784805824500308224,12.903853178024292,329.4803161621094
1784805824510227200,12.913772106170654,321.05267333984375
1784805824520147200,12.923691987991333,312.4169616699219
1784805824530066944,12.933611869812012,303.69354248046875
1784805824539986944,12.94353175163269,295.05535888671875
1784805824549905920,12.953450918197632,286.80560302734375
1784805824559824896,12.963369846343994,278.9424743652344
1784805824569744896,12.973289728164673,271.4519958496094
1784805824579663872,12.983208894729614,264.4064025878906
1784805824589583872,12.993128776550293,257.8368225097656
1784805824599502848,13.003047704696655,251.71612548828125
1784805824609422848,13.012967824935913,245.93133544921875
1784805824619341824,13.022886753082275,240.34353637695312
1784805824629262080,13.032806873321533,234.7647705078125
1784805824639180800,13.042725801467896,229.06094360351562
1784805824649101056,13.052645921707153,223.29043579101562
1784805824659020032,13.062564849853516,217.5216827392578
1784805824668939776,13.072484731674194,211.75730895996094
1784805824678859008,13.082403898239136,206.52139282226562
1784805824688778752,13.092323780059814,201.04747009277344
1784805824698697728,13.102242708206177,196.24636840820312
1784805824708617984,13.112162828445435,193.7684326171875
1784805824718536960,13.122081756591797,191.4091033935547
1784805824728456960,13.132001876831055,191.34683227539062
1784805824738375936,13.141920804977417,192.84423828125
1784805824748295936,13.151840925216675,194.03952026367188
1784805824758214912,13.161759853363037,195.43173217773438
1784805824768134912,13.171679735183716,197.53079223632812
1784805824778053888,13.181598901748657,199.55223083496094
1784805824787973888,13.191518783569336,201.63174438476562
1784805824797892864,13.201437711715698,204.57177734375
1784805824807812864,13.211357831954956,207.4652557373047
1784805824817731840,13.221276760101318,209.60562133789062
1784805824827652096,13.231196880340576,211.66432189941406
1784805824837570816,13.241115808486938,213.47793579101562
1784805824847491072,13.251035928726196,214.8223114013672
1784805824857410048,13.260954856872559,215.80006408691406
1784805824867329792,13.270874738693237,216.7710723876953
1784805824877249024,13.280793905258179,217.8532257080078
1784805824887168768,13.290713787078857,219.1002655029297
1784805824897087744,13.30063271522522,220.19717407226562
1784805824907006976,13.310551881790161,220.98377990722656
1784805824916926976,13.32047176361084,221.78396606445312
1784805824926845952,13.330390930175781,222.43765258789062
1784805824936765952,13.34031081199646,222.43173217773438
1784805824946684928,13.350229740142822,221.70289611816406
1784805824956604928,13.36014986038208,220.61122131347656
1784805824966523904,13.370068788528442,219.30117797851562
1784805824976443904,13.3799889087677,217.7981719970703
1784805824986362880,13.389907836914062,216.41476440429688
1784805824996282880,13.399827718734741,215.25233459472656
1784805825006201856,13.409746885299683,214.16989135742188
1784805825016121856,13.419666767120361,213.1575469970703
1784805825026041088,13.429585933685303,212.0333251953125
1784805825035960832,13.439505815505981,210.8661346435547
1784805825045879808,13.449424743652344,209.74745178222656
1784805825055800064,13.459344863891602,208.9327392578125
1784805825065718784,13.469263792037964,208.39430236816406
1784805825075639040,13.479183912277222,208.0001983642578
1784805825085558016,13.489102840423584,207.61669921875
1784805825095477760,13.499022722244263,207.27496337890625
1784805825105396992,13.508941888809204,206.90374755859375
1784805825115316992,13.518861770629883,206.4553680419922
1784805825125235968,13.528780937194824,205.94552612304688
1784805825135155968,13.538700819015503,205.2659912109375
1784805825145074944,13.548619747161865,204.50106811523438
1784805825154994944,13.558539867401123,204.03262329101562
1784805825164913920,13.568458795547485,203.66146850585938
1784805825174832896,13.578377723693848,203.2018280029297
1784805825184752896,13.588297843933105,202.77957153320312
1784805825194671872,13.598216772079468,202.39273071289062
1784805825204591872,13.608136892318726,202.19866943359375
1784805825214510848,13.618055820465088,202.12615966796875
1784805825224430848,13.627975702285767,202.07867431640625
1784805825234350080,13.637894868850708,201.9628143310547
1784805825244269824,13.647814750671387,201.8019256591797
1784805825254189056,13.657733917236328,201.63568115234375
1784805825264108800,13.667653799057007,201.4200439453125
1784805825274027776,13.67757272720337,201.5840606689453
1784805825283948032,13.687492847442627,201.19944763183594
1784805825293866752,13.69741177558899,200.88067626953125
1784805825303787008,13.707331895828247,203.21466064453125
1784805825313705984,13.71725082397461,206.03709411621094
1784805825323625728,13.727170705795288,208.20794677734375
1784805825333544960,13.73708987236023,209.94932556152344
1784805825343464960,13.747009754180908,211.45751953125
1784805825353383936,13.75692892074585,212.0505828857422
1784805825363303936,13.766848802566528,212.4571075439453
1784805825373222912,13.77676773071289,214.2043914794922
1784805825383142912,13.786687850952148,216.6851348876953
1784805825393061888,13.79660677909851,220.84121704101562
1784805825402980864,13.806525707244873,226.51609802246094
1784805825412900864,13.81644582748413,233.49891662597656
1784805825422819840,13.826364755630493,238.8353271484375
1784805825432740096,13.836284875869751,245.52684020996094
1784805825442658816,13.846203804016113,253.23736572265625
1784805825452579072,13.856123924255371,260.84149169921875
1784805825462498048,13.866042852401733,270.673583984375
1784805825472417792,13.875962734222412,281.9097900390625
1784805825482337024,13.885881900787354,294.02032470703125
1784805825492256768,13.895801782608032,305.3768005371094
1784805825502175744,13.905720710754395,312.73529052734375
1784805825512096000,13.915640830993652,318.6635437011719
1784805825522014976,13.925559759140015,324.4801330566406
1784805825531932928,13.93547773361206,329.1674499511719
1784805825541851904,13.945396900177002,334.2211608886719
1784805825551771904,13.95531678199768,339.20159912109375
1784805825561690880,13.965235710144043,344.04046630859375
1784805825571610880,13.9751558303833,348.02728271484375
1784805825581529856,13.985074758529663,352.3074035644531
1784805825591449856,13.994994878768921,357.6844482421875
1784805825601368832,14.004913806915283,3.0361900329589844
1784805825611289088,14.014833927154541,7.136029243469238
1784805825621208064,14.024752855300903,9.662493705749512
1784805825631127808,14.034672737121582,10.643431663513184
1784805825641047040,14.044591903686523,10.544323921203613
1784805825650966784,14.054511785507202,9.549757957458496
1784805825660885760,14.064430713653564,7.580405235290527
1784805825670804992,14.074349880218506,4.645236968994141
1784805825680724736,14.084269762039185,0.6460456848144531
1784805825690643968,14.094188928604126,355.4913635253906
1784805825700563968,14.104108810424805,349.1238098144531
1784805825710482944,14.114027738571167,341.28607177734375
1784805825720402944,14.123947858810425,332.09088134765625
1784805825730321920,14.133866786956787,321.8999938964844
1784805825740241920,14.143786907196045,311.27130126953125
1784805825750160896,14.153705835342407,300.9289245605469
1784805825760080896,14.163625717163086,291.0277099609375
1784805825769999872,14.173544883728027,281.54974365234375
1784805825779919872,14.183464765548706,272.3042297363281
1784805825789839104,14.193383932113647,263.2268371582031
1784805825799758848,14.203303813934326,254.490966796875
1784805825809677824,14.213222742080688,246.30322265625
1784805825819598080,14.223142862319946,238.66502380371094
1784805825829516800,14.233061790466309,231.4722900390625
1784805825839437056,14.242981910705566,224.58865356445312
1784805825849356032,14.252900838851929,217.79908752441406
1784805825859275776,14.262820720672607,211.07542419433594
1784805825869195008,14.272739887237549,204.53839111328125
1784805825879113984,14.282658815383911,198.34957885742188
1784805825889033984,14.292578935623169,192.4281005859375
1784805825898952960,14.302497863769531,186.68930053710938
1784805825908872960,14.31241774559021,181.58099365234375
1784805825918791936,14.322336912155151,175.47000122070312
1784805825928711936,14.33225679397583,171.11331176757812
1784805825938630912,14.342175722122192,170.07017517089844
1784805825948550912,14.35209584236145,170.7809600830078
1784805825958469888,14.362014770507812,173.069091796875
1784805825968389888,14.37193489074707,175.3463897705078
1784805825978308864,14.381853818893433,176.6177978515625
1784805825988229120,14.39177393913269,177.34799194335938
1784805825998147840,14.401692867279053,178.62753295898438
1784805826008067840,14.411612749099731,181.2999725341797
1784805826017987072,14.421531915664673,184.41598510742188
1784805826027906816,14.431451797485352,187.24310302734375
1784805826037825792,14.441370725631714,190.31890869140625
1784805826047745024,14.451289892196655,193.5282440185547
1784805826057664768,14.461209774017334,196.56163024902344
1784805826067583744,14.471128702163696,198.88497924804688
1784805826077504000,14.481048822402954,200.68740844726562
1784805826087422720,14.490967750549316,202.4896697998047
1784805826097342976,14.500887870788574,204.31101989746094
1784805826107261952,14.510806798934937,205.93165588378906
1784805826117181952,14.520726919174194,207.42340087890625
1784805826127100928,14.530645847320557,208.67306518554688
1784805826137020928,14.540565729141235,209.71141052246094
1784805826146939904,14.550484895706177,210.81051635742188
1784805826156859904,14.560404777526855,211.7989044189453
1784805826166778880,14.570323705673218,212.4840850830078
1784805826176698880,14.580243825912476,213.00881958007812
1784805826186617856,14.590162754058838,213.58560180664062
1784805826196537856,14.600082874298096,214.1847686767578
1784805826206456832,14.610001802444458,214.69432067871094
1784805826216375808,14.61992073059082,214.96780395507812
1784805826226296064,14.629840850830078,215.1087646484375
1784805826236214784,14.63975977897644,215.06472778320312
1784805826246135040,14.649679899215698,214.7727508544922
1784805826256054016,14.65959882736206,214.2626953125
1784805826265973760,14.66951870918274,213.55250549316406
1784805826275892992,14.67943787574768,212.68716430664062
1784805826285812736,14.68935775756836,211.766845703125
1784805826295731968,14.6992769241333,210.80332946777344
1784805826305651968,14.70919680595398,209.90451049804688
1784805826315570944,14.719115734100342,209.17428588867188
1784805826325490944,14.7290358543396,208.6847381591797
1784805826335409920,14.738954782485962,208.27944946289062
1784805826345329920,14.74887490272522,207.96372985839844
1784805826355248896,14.758793830871582,207.7355499267578
1784805826365168896,14.76871371269226,207.5155487060547
1784805826375087872,14.778632879257202,207.221435546875
1784805826385007872,14.78855276107788,206.97825622558594
1784805826394927104,14.798471927642822,206.82838439941406
1784805826404846080,14.808390855789185,206.81617736816406
1784805826414765824,14.818310737609863,206.89244079589844
1784805826424685056,14.828229904174805,206.98995971679688
1784805826434604800,14.838149785995483,207.22390747070312
1784805826444523776,14.848068714141846,207.5219268798828
1784805826454444032,14.857988834381104,207.779296875
1784805826464362752,14.867907762527466,207.9582061767578
1784805826474283008,14.877827882766724,207.94813537597656
1784805826484201984,14.887746810913086,207.56251525878906
1784805826494121984,14.897666931152344,207.2599334716797
1784805826504040960,14.907585859298706,207.26779174804688
1784805826513960960,14.917505741119385,207.42372131347656
1784805826523879936,14.927424907684326,207.58285522460938
1784805826533800704,14.937345504760742,207.75965881347656
1784805826543719424,14.947264432907104,207.7645263671875
1784805826553639680,14.957184553146362,207.7899932861328
1784805826563558656,14.967103481292725,207.5055694580078
1784805826573477632,14.977022409439087,206.76910400390625
1784805826583397632,14.986942529678345,206.48794555664062
1784805826593316608,14.996861457824707,206.75071716308594
1784805826603236352,15.006781339645386,207.8248291015625
1784805826613155584,15.016700506210327,209.0474395751953
1784805826623075584,15.026620388031006,209.6957244873047
1784805826632994560,15.036539554595947,210.68975830078125
1784805826642914560,15.046459436416626,211.8365478515625
1784805826652833536,15.056378364562988,213.5824737548828
1784805826662753536,15.066298484802246,215.4747314453125
1784805826672672512,15.076217412948608,219.1576690673828
1784805826682592512,15.086137533187866,222.0362548828125
1784805826692511488,15.096056461334229,224.91995239257812
1784805826702431488,15.105976343154907,229.16360473632812
1784805826712350720,15.115895509719849,233.67227172851562
1784805826722270464,15.125815391540527,239.5740203857422
1784805826732189696,15.135734558105469,246.65924072265625
1784805826742109440,15.145654439926147,253.69638061523438
1784805826752028416,15.15557336807251,263.3221435546875
1784805826761947648,15.165492534637451,274.3279724121094
1784805826771867392,15.17541241645813,285.3883361816406
1784805826781786368,15.185331344604492,297.7798156738281
1784805826791706624,15.19525146484375,309.047119140625
1784805826801625600,15.205170392990112,317.2218017578125
1784805826811545600,15.21509051322937,323.79510498046875
1784805826821464576,15.225009441375732,328.9871826171875
1784805826831384576,15.23492956161499,333.06573486328125
1784805826841303552,15.244848489761353,336.9170837402344
1784805826851223552,15.254768371582031,341.5541687011719
1784805826861142528,15.264687538146973,346.6983642578125
1784805826871062528,15.274607419967651,350.1711120605469
1784805826880981504,15.284526348114014,353.59271240234375
1784805826890901504,15.294446468353271,356.24609375
1784805826900820480,15.304365396499634,359.01446533203125
1784805826910740736,15.314285516738892,1.3384170532226562
1784805826920659456,15.324204444885254,2.3480939865112305
1784805826930579456,15.334124326705933,2.1439924240112305
1784805826940498688,15.344043493270874,0.889622688293457
1784805826950418432,15.353963375091553,359.0149841308594
1784805826960337664,15.363882541656494,356.5263977050781
1784805826970257408,15.373802423477173,353.1521301269531
1784805826980176384,15.383721351623535,348.7245788574219
1784805826990095616,15.393640518188477,343.2958679199219
1784805827000015616,15.403560400009155,336.9814758300781
1784805827009934336,15.413479328155518,329.9173889160156
1784805827019854592,15.423399448394775,322.1667785644531
1784805827029773568,15.433318376541138,313.8824768066406
1784805827039693568,15.443238496780396,305.3561706542969
1784805827049612544,15.453157424926758,296.94061279296875
1784805827059532544,15.463077545166016,288.62274169921875
1784805827069451520,15.472996473312378,280.3706970214844
1784805827079371520,15.482916355133057,272.1009521484375
1784805827089290496,15.492835521697998,263.802734375
1784805827099210496,15.502755403518677,255.66656494140625
1784805827109129472,15.512674331665039,247.8607177734375
1784805827119049472,15.522594451904297,240.36012268066406
1784805827128968448,15.53251338005066,233.18075561523438
1784805827138888704,15.542433500289917,226.35491943359375
1784805827148807424,15.55235242843628,219.95677185058594
1784805827158727680,15.562272548675537,214.0131072998047
1784805827168646656,15.5721914768219,208.40628051757812
1784805827178565376,15.582110404968262,202.9119415283203
1784805827188485632,15.59203052520752,197.33251953125
1784805827198404608,15.601949453353882,191.55821228027344
1784805827208324352,15.61186933517456,185.84439086914062
1784805827218243584,15.621788501739502,180.88137817382812
1784805827228163584,15.63170838356018,175.3771209716797
1784805827238082560,15.641627550125122,171.85604858398438
1784805827248002560,15.6515474319458,170.51551818847656
1784805827257921536,15.661466360092163,169.97579956054688
1784805827267841536,15.671386480331421,170.731689453125
1784805827277760512,15.681305408477783,172.70504760742188
1784805827287680512,15.691225528717041,174.59422302246094
1784805827297599488,15.701144456863403,175.59912109375
1784805827307519488,15.711064338684082,177.49685668945312
1784805827317438720,15.720983505249023,180.2993621826172
1784805827327358464,15.730903387069702,183.41494750976562
1784805827337277696,15.740822553634644,186.44021606445312
1784805827347197440,15.750742435455322,189.39361572265625
1784805827357116416,15.760661363601685,192.29522705078125
1784805827367036672,15.770581483840942,194.8979949951172
1784805827376955392,15.780500411987305,197.09165954589844
1784805827386874368,15.790419340133667,199.27415466308594
1784805827396794624,15.800339460372925,201.29916381835938
1784805827406713600,15.810258388519287,203.2525634765625
1784805827416633600,15.820178508758545,204.97885131835938
1784805827426552576,15.830097436904907,206.3482666015625
1784805827436472576,15.840017557144165,207.5653533935547
1784805827446391552,15.849936485290527,208.85885620117188
1784805827456311552,15.859856367111206,209.91343688964844
1784805827466230528,15.869775533676147,210.71376037597656
1784805827476150528,15.879695415496826,211.39691162109375
1784805827486069504,15.889614343643188,212.03372192382812
1784805827495989504,15.899534463882446,212.71958923339844
1784805827505908480,15.909453392028809,213.40023803710938
1784805827515828736,15.919373512268066,213.96884155273438
1784805827525747456,15.929292440414429,214.43099975585938
1784805827535668736,15.939213752746582,214.75955200195312
1784805827545587968,15.949132919311523,214.91775512695312
1784805827555507968,15.959052801132202,214.92250061035156
1784805827565426944,15.968971729278564,214.74142456054688
1784805827575346944,15.978891849517822,214.25416564941406
1784805827585265920,15.988810777664185,213.3793487548828
1784805827595184896,15.998729705810547,212.26541137695312
1784805827605104896,16.008649826049805,211.093017578125
1784805827615023872,16.018568754196167,209.88999938964844
1784805827624943872,16.028488874435425,208.67982482910156
1784805827634862848,16.038407802581787,207.66311645507812
1784805827644783104,16.048327922821045,206.8865509033203
1784805827654701824,16.058246850967407,206.313232421875
1784805827664621824,16.068166732788086,205.79991149902344
1784805827674541056,16.078085899353027,205.36688232421875
1784805827684460800,16.088005781173706,205.0278778076172
1784805827694379776,16.09792470932007,204.69549560546875
1784805827704300032,16.107844829559326,204.24911499023438
1784805827714218752,16.11776375770569,203.78260803222656
1784805827724139008,16.127683877944946,203.31939697265625
1784805827734057984,16.13760280609131,202.92308044433594
1784805827743977984,16.147522926330566,202.67715454101562
1784805827753896960,16.15744185447693,202.42147827148438
1784805827763816960,16.167361736297607,201.97979736328125
1784805827773735936,16.17728090286255,201.72055053710938
1784805827783655936,16.187200784683228,201.74014282226562
1784805827793574912,16.19711971282959,201.7224884033203
1784805827803493888,16.20703887939453,201.66766357421875
1784805827813413888,16.21695876121521,201.7667236328125
1784805827823333120,16.22687792778015,201.87403869628906
1784805827833252864,16.23679780960083,202.0148468017578
1784805827843171840,16.246716737747192,202.5191650390625
1784805827853091840,16.25663685798645,203.3121337890625
1784805827863010816,16.266555786132812,204.16917419433594
1784805827872931072,16.27647590637207,204.7341766357422
1784805827882850048,16.286394834518433,205.38079833984375
1784805827892769792,16.29631471633911,205.9065399169922
1784805827902689024,16.306233882904053,206.61282348632812
1784805827912608768,16.31615376472473,207.54412841796875
1784805827922528000,16.326072931289673,208.85971069335938
1784805827932448000,16.33599281311035,210.562255859375
1784805827942366720,16.345911741256714,212.7229766845703
1784805827952286976,16.35583186149597,214.56507873535156
1784805827962205952,16.365750789642334,216.11846923828125
1784805827972125952,16.375670909881592,217.006591796875
1784805827982044928,16.385589838027954,216.78041076660156
1784805827991964928,16.395509719848633,215.90084838867188
1784805828001883904,16.405428886413574,216.87811279296875
1784805828011803904,16.415348768234253,218.68531799316406
1784805828021723136,16.425267934799194,221.02093505859375
1784805828031642880,16.435187816619873,224.61611938476562
1784805828041561856,16.445106744766235,229.53085327148438
1784805828051481088,16.455025911331177,236.74710083007812
1784805828061400832,16.464945793151855,245.4053955078125
1784805828071319808,16.474864721298218,254.1390380859375
1784805828081240064,16.484784841537476,261.7572326660156
1784805828091158784,16.494703769683838,269.4786376953125
1784805828101079040,16.504623889923096,278.8544616699219
1784805828110998016,16.514542818069458,290.4831848144531
1784805828120918016,16.524462938308716,301.1799011230469
1784805828130836992,16.534381866455078,310.15545654296875
1784805828140756736,16.544301748275757,316.05975341796875
1784805828150675968,16.5542209148407,321.3673095703125
1784805828160595968,16.564140796661377,326.5235900878906
1784805828170514944,16.57405972480774,332.3695068359375
1784805828180434944,16.583979845046997,338.7510681152344
1784805828190353920,16.59389877319336,344.0538024902344
1784805828200273920,16.603818893432617,347.9160461425781
1784805828210192896,16.61373782157898,350.78387451171875
1784805828220112896,16.623657703399658,353.7149353027344
1784805828230031872,16.6335768699646,356.3788146972656
1784805828239951872,16.64349675178528,357.9783935546875
1784805828249871104,16.65341591835022,357.794921875
1784805828259790848,16.6633358001709,355.8887023925781
1784805828269709824,16.67325472831726,352.7954406738281
1784805828279629824,16.68317484855652,348.7751159667969
1784805828289548800,16.69309377670288,343.8075866699219
1784805828299469056,16.70301389694214,338.1004638671875
1784805828309388032,16.7129328250885,331.9159851074219
1784805828319306752,16.722851753234863,325.2330017089844
1784805828329227008,16.73277187347412,317.8970642089844
1784805828339145984,16.742690801620483,309.94293212890625
1784805828349065984,16.75261092185974,301.76007080078125
1784805828358984960,16.762529850006104,293.7740478515625
1784805828368904704,16.772449731826782,286.0391540527344
1784805828378823936,16.782368898391724,278.51171875
1784805828388743936,16.792288780212402,271.1280517578125
1784805828398662912,16.802207708358765,263.8417663574219
1784805828408582912,16.812127828598022,256.68402099609375
1784805828418501888,16.822046756744385,249.76565551757812
1784805828428421888,16.831966876983643,243.2113037109375
1784805828438340864,16.841885805130005,237.09677124023438
1784805828448261120,16.851805925369263,231.32769775390625
1784805828458179840,16.861724853515625,225.79087829589844
1784805828468099840,16.871644735336304,220.47886657714844
1784805828478019072,16.881563901901245,215.42181396484375
1784805828487938816,16.891483783721924,210.5237274169922
1784805828497857792,16.901402711868286,205.64501953125
1784805828507778048,16.911322832107544,200.79225158691406
1784805828517696768,16.921241760253906,196.0181427001953
1784805828527617024,16.931161880493164,191.33627319335938
1784805828537535232,16.94108009338379,186.8214569091797
1784805828547455232,16.951000213623047,182.9286651611328
1784805828557374208,16.96091914176941,178.62371826171875
1784805828567293184,16.97083806991577,174.2290802001953
1784805828577213184,16.98075819015503,172.71620178222656
1784805828587132160,16.99067711830139,171.90313720703125
1784805828597052160,17.00059700012207,172.23646545410156
1784805828606971136,17.01051616668701,173.01205444335938
1784805828616891136,17.02043604850769,173.26876831054688
1784805828626810368,17.030355215072632,173.1712646484375
1784805828636730112,17.04027509689331,174.00534057617188
1784805828646649088,17.050194025039673,174.7147979736328
1784805828656569344,17.06011414527893,174.5828399658203
1784805828666488064,17.070033073425293,174.4447479248047
1784805828676408320,17.07995319366455,174.2711181640625
1784805828686327296,17.089872121810913,173.94602966308594
1784805828696247040,17.099792003631592,173.5330352783203
1784805828706166272,17.109711170196533,173.12850952148438
1784805828716086272,17.119631052017212,172.5796661376953
1784805828726005248,17.129550218582153,172.15357971191406
1784805828735925248,17.139470100402832,171.670654296875
1784805828745844224,17.149389028549194,171.13580322265625
1784805828755764224,17.159309148788452,170.6875457763672
1784805828765683200,17.169228076934814,170.60995483398438
1784805828775603200,17.179148197174072,171.54006958007812
1784805828785522176,17.189067125320435,173.3561553955078
1784805828795442176,17.198987007141113,175.49778747558594
1784805828805361152,17.208906173706055,178.1350555419922
1784805828815281152,17.218826055526733,180.45358276367188
1784805828825200384,17.228745222091675,182.4790802001953
1784805828835120128,17.238665103912354,185.08987426757812
1784805828845039104,17.248584032058716,188.5464324951172
1784805828854958336,17.258503198623657,192.2170867919922
1784805828864878080,17.268423080444336,195.75267028808594
1784805828874797056,17.2783420085907,200.71859741210938
1784805828884717312,17.288262128829956,278.0552062988281
1784805828894636032,17.29818105697632,277.0615539550781
1784805828904556288,17.308101177215576,275.4841003417969
1784805828914475264,17.31802010536194,273.41357421875
1784805828924395264,17.327940225601196,271.0669860839844
1784805828934314240,17.33785915374756,268.3996276855469
1784805828944234240,17.347779035568237,265.3406677246094
1784805828954153216,17.35769820213318,262.3442077636719
1784805828964073216,17.367618083953857,259.52960205078125
1784805828973992192,17.37753701210022,256.5187072753906
1784805828983912192,17.387457132339478,253.43063354492188
1784805828993831168,17.39737606048584,250.12753295898438
1784805829003751168,17.407296180725098,246.45458984375
1784805829013670144,17.41721510887146,242.87814331054688
1784805829023590400,17.427135229110718,239.5985107421875
1784805829033509376,17.43705415725708,236.43667602539062
1784805829043429120,17.44697403907776,233.802001953125
1784805829053348352,17.4568932056427,231.28009033203125
1784805829063268096,17.46681308746338,228.97824096679688
1784805829073187072,17.47673201560974,227.06991577148438
1784805829083107328,17.486652135849,225.10015869140625
1784805829093026048,17.49657106399536,222.91981506347656
1784805829102946304,17.50649118423462,41.3276481628418
1784805829112865280,17.51641011238098,43.27653503417969
1784805829122784256,17.526329040527344,44.38759231567383
1784805829132704256,17.5362491607666,45.85408020019531
1784805829142623232,17.546168088912964,47.127262115478516
1784805829152543232,17.55608820915222,48.0206184387207
1784805829162462208,17.566007137298584,48.36124801635742
1784805829172382208,17.575927019119263,48.16188049316406
1784805829182301184,17.585846185684204,47.430572509765625
1784805829192221184,17.595766067504883,46.11276626586914
1784805829202140160,17.605684995651245,44.72857666015625
1784805829212060160,17.615605115890503,43.39522171020508
1784805829221979136,17.625524044036865,42.10184097290039
1784805829231899136,17.635444164276123,40.960350036621094
1784805829241818112,17.645363092422485,39.869544982910156
1784805829251738368,17.655283212661743,38.68265151977539
1784805829261657344,17.665202140808105,37.419952392578125
1784805829271577088,17.675122022628784,36.27326202392578
1784805829281496320,17.685041189193726,35.474578857421875
1784805829291416064,17.694961071014404,35.010738372802734
1784805829301335040,17.704879999160767,34.61763000488281
1784805829311255296,17.714800119400024,34.24909973144531
1784805829321174272,17.724719047546387,33.81609344482422
1784805829331094272,17.734639167785645,33.308494567871094
1784805829341013248,17.744558095932007,32.692298889160156
1784805829350933248,17.754478216171265,32.005306243896484
1784805829360852224,17.764397144317627,31.321353912353516
1784805829370772224,17.774317026138306,30.77547836303711
1784805829380691200,17.784236192703247,30.55636215209961
1784805829390611200,17.794156074523926,30.669361114501953
1784805829400530176,17.804075002670288,31.065959930419922
1784805829410449152,17.81399416923523,31.63965606689453
1784805829420369152,17.823914051055908,32.28642272949219
1784805829430288384,17.83383321762085,32.961204528808594
1784805829440208128,17.84375309944153,33.785640716552734
1784805829450127104,17.85367202758789,34.827877044677734
1784805829460047360,17.86359214782715,36.1140022277832
1784805829469966080,17.87351107597351,37.45867156982422
1784805829479886336,17.88343119621277,38.76719665527344
1784805829489805312,17.89335012435913,39.9808349609375
1784805829499725056,17.90327000617981,40.94906997680664
1784805829509644288,17.91318917274475,41.75541305541992
1784805829519564032,17.92310905456543,42.53499221801758
1784805829529483264,17.93302822113037,43.280338287353516
1784805829539403008,17.94294786453247,44.02017593383789
1784805829549322240,17.952867031097412,44.933982849121094
1784805829559241984,17.96278691291809,46.064727783203125
1784805829569160960,17.972705841064453,47.41333770751953
1784805829579080960,17.98262596130371,48.77569580078125
1784805829588999936,17.992544889450073,50.282859802246094
1784805829598920192,18.00246500968933,52.15544509887695
1784805829608838912,18.012383937835693,54.028282165527344
1784805829618759168,18.02230405807495,55.981483459472656
1784805829628678144,18.032222986221313,58.206016540527344
1784805829638597888,18.042142868041992,60.617584228515625
1784805829648517120,18.052062034606934,63.125953674316406
1784805829658437120,18.061981916427612,65.5155258178711
1784805829668355840,18.071900844573975,68.03504943847656
1784805829678275072,18.081820011138916,71.05612182617188
1784805829688195072,18.091739892959595,74.41622161865234
1784805829698114048,18.101659059524536,77.57418060302734
1784805829708034048,18.111578941345215,80.25267791748047
1784805829717953024,18.121497869491577,82.64615631103516
1784805829727873024,18.131417989730835,84.77684783935547
1784805829737792000,18.141336917877197,86.7262191772461
1784805829747712256,18.151257038116455,88.57518005371094
1784805829757630976,18.161175966262817,90.54403686523438
1784805829767550976,18.171095848083496,92.56007385253906
1784805829777470208,18.181015014648438,94.27169799804688
1784805829787389952,18.190934896469116,95.37567138671875
1784805829797309184,18.200854063034058,95.9341049194336
1784805829807228928,18.210773944854736,96.13384246826172
1784805829817147904,18.2206928730011,96.12281036376953
1784805829827068160,18.230612993240356,96.15530395507812
1784805829836987136,18.24053192138672,96.03887176513672
1784805829846907136,18.250452041625977,95.84896087646484
1784805829856826112,18.26037096977234,95.78667449951172
1784805829866745856,18.270290851593018,95.57894897460938
1784805829876665088,18.28021001815796,95.14850616455078
1784805829886585088,18.290129899978638,94.77203369140625
1784805829896503808,18.300048828125,94.57115173339844
1784805829906424064,18.309968948364258,94.51573944091797
1784805829916343040,18.31988787651062,94.26825714111328
1784805829926262016,18.32980704307556,93.79653930664062
1784805829936182016,18.33972692489624,93.63906860351562
1784805829946100992,18.349645853042603,93.71504974365234
1784805829956020992,18.35956597328186,93.89921569824219
1784805829965939968,18.369484901428223,94.53875732421875
1784805829975860224,18.37940502166748,96.06029510498047
1784805829985778944,18.389323949813843,97.53473663330078
1784805829995698944,18.39924383163452,98.89082336425781
1784805830005618176,18.409162998199463,99.6966323852539
1784805830015537920,18.41908288002014,99.57139587402344
1784805830025457152,18.429002046585083,98.95816802978516
1784805830035377152,18.43892192840576,98.57691955566406
1784805830045295872,18.448840856552124,98.27588653564453
1784805830055216128,18.458760976791382,97.18547821044922
1784805830065135104,18.468679904937744,95.38057708740234
1784805830075055104,18.478600025177002,94.23838806152344
1784805830084974080,18.488518953323364,94.11219787597656
1784805830094893824,18.498438835144043,94.77567291259766
1784805830104813056,18.508358001708984,235.11062622070312
1784805830114733056,18.518277883529663,234.14630126953125
1784805830124652032,18.528197050094604,233.15008544921875
1784805830134571008,18.538115978240967,231.72369384765625
1784805830144491008,18.548035860061646,230.51333618164062
1784805830154410240,18.557955026626587,228.93630981445312
1784805830164329984,18.567874908447266,228.14013671875
1784805830174248960,18.577793836593628,227.40280151367188
1784805830184168960,18.587713956832886,226.53497314453125
1784805830194087936,18.597632884979248,225.0903778076172
1784805830204008192,18.607553005218506,223.46827697753906
1784805830213926912,18.617471933364868,91.41582489013672
1784805830223847168,18.627392053604126,91.24297332763672
1784805830233766144,18.63731098175049,90.41156005859375
1784805830243685888,18.647230863571167,86.87474060058594
1784805830253605120,18.65715003013611,83.91161346435547
1784805830263525120,18.667069911956787,82.72562408447266
1784805830273443840,18.67698884010315,80.14962005615234
1784805830283364096,18.686908960342407,77.65753173828125
1784805830293283072,18.69682788848877,75.63218688964844
1784805830303203072,18.706748008728027,74.01947784423828
1784805830313122048,18.71666693687439,72.79256439208984
1784805830323042048,18.726587057113647,70.45164489746094
1784805830332961024,18.73650598526001,68.22225952148438
1784805830342881024,18.74642586708069,66.83527374267578
1784805830352800256,18.75634503364563,65.44853210449219
1784805830362718976,18.766263961791992,64.2370834350586
1784805830372638976,18.77618384361267,63.72520446777344
1784805830382558208,18.786103010177612,62.82646179199219
1784805830392477952,18.79602289199829,61.763160705566406
1784805830402397184,18.805942058563232,61.481590270996094
1784805830412316928,18.81586194038391,61.167747497558594
1784805830422235904,18.825780868530273,60.942481994628906
1784805830432156160,18.83570098876953,60.239891052246094
1784805830442075136,18.845619916915894,59.25975799560547
1784805830451995136,18.85554003715515,59.04377746582031
1784805830461914112,18.865458965301514,58.883888244628906
1784805830471833856,18.875378847122192,58.40644073486328
1784805830481753088,18.885298013687134,57.927467346191406
1784805830491673088,18.895217895507812,57.378822326660156
1784805830501592064,18.905137062072754,57.22509765625
1784805830511512064,18.915056943893433,56.808433532714844
1784805830521431040,18.924975872039795,56.59477996826172
1784805830531351040,18.934895992279053,56.35699462890625
1784805830541268736,18.94481372833252,56.20423126220703
1784805830551188736,18.9547336101532,56.16468811035156
1784805830561107712,18.96465253829956,55.87775421142578
1784805830571026688,18.974571704864502,55.56946563720703
1784805830580946688,18.98449158668518,55.43519592285156
1784805830590865664,18.994410514831543,55.32139587402344
1784805830600785664,19.0043306350708,54.762664794921875
1784805830610704640,19.014249563217163,54.648704528808594
1784805830620624896,19.02416968345642,54.010520935058594
1784805830630543616,19.034088611602783,53.56095504760742
1784805830640463616,19.044008493423462,53.212669372558594
1784805830650382848,19.053927659988403,53.16923522949219
1784805830660302592,19.063847541809082,52.622711181640625
1784805830670221824,19.073766708374023,52.07859802246094
1784805830680141568,19.083686590194702,52.07038116455078
1784805830690060544,19.093605518341064,51.74434280395508
1784805830699980800,19.103525638580322,51.539913177490234
1784805830709899776,19.113444566726685,51.29193878173828
1784805830719819776,19.123364686965942,50.946136474609375
1784805830729738752,19.133283615112305,50.623233795166016
1784805830739658496,19.143203496932983,50.414878845214844
1784805830749577728,19.153122663497925,49.91018295288086
1784805830759497728,19.163042545318604,49.68462371826172
1784805830769416704,19.172961711883545,49.30087661743164
1784805830779336704,19.182881593704224,48.74599838256836
1784805830789255680,19.192800521850586,48.54642105102539
1784805830799174912,19.202719688415527,47.955169677734375
1784805830809094656,19.212639570236206,47.46882629394531
1784805830819013632,19.22255849838257,46.922428131103516
1784805830828933632,19.232478618621826,46.39405822753906
1784805830838852608,19.24239754676819,45.87339782714844
1784805830848772864,19.252317667007446,45.13698959350586
1784805830858691584,19.26223659515381,44.46889877319336
1784805830868611840,19.272156715393066,43.703208923339844
1784805830878530816,19.28207564353943,42.929134368896484
1784805830888450560,19.291995525360107,42.1484260559082
1784805830898369792,19.30191469192505,41.22019577026367
1784805830908289792,19.311834573745728,40.29031753540039
1784805830918208512,19.32175350189209,39.359344482421875
1784805830928128768,19.331673622131348,38.4144172668457
1784805830938047744,19.34159255027771,37.35117721557617
1784805830947967744,19.351512670516968,36.27995681762695
1784805830957886720,19.36143159866333,35.207679748535156
1784805830967806720,19.371351718902588,34.07990646362305
1784805830977725696,19.38127064704895,32.985904693603516
1784805830987644672,19.391189575195312,31.936885833740234
1784805830997564672,19.40110969543457,30.948532104492188
1784805831007483648,19.411028623580933,30.01400375366211
1784805831017403648,19.42094850540161,29.10785675048828
1784805831027322880,19.430867671966553,28.291744232177734
1784805831037242624,19.44078755378723,27.462417602539062
1784805831047161856,19.450706720352173,26.737403869628906
1784805831057081600,19.46062660217285,26.183929443359375
1784805831067000576,19.470545530319214,25.754165649414062
1784805831076920832,19.48046565055847,25.330280303955078
1784805831086839552,19.490384578704834,24.982044219970703
1784805831096759808,19.500304698944092,24.82984161376953
1784805831106678784,19.510223627090454,24.825542449951172
1784805831116598528,19.520143508911133,24.793495178222656
1784805831126517760,19.530062675476074,24.79894256591797
1784805831136437760,19.539982557296753,24.811260223388672
1784805831146356736,19.549901723861694,24.849105834960938
1784805831156276736,19.559821605682373,24.788761138916016
1784805831166195712,19.569740533828735,24.743667602539062
1784805831176115712,19.579660654067993,24.581783294677734
1784805831186034688,19.589579582214355,24.385467529296875
1784805831195954688,19.599499702453613,24.213275909423828
1784805831205873664,19.609418630599976,23.86404800415039
1784805831215793664,19.619338512420654,23.563846588134766
1784805831225712896,19.629257678985596,23.417781829833984
1784805831235631616,19.639176607131958,23.140323638916016
1784805831245551872,19.649096727371216,22.825634002685547
1784805831255470848,19.659015655517578,22.617015838623047
1784805831265390592,19.668935537338257,22.39218521118164
1784805831275309824,19.6788547039032,22.045352935791016
1784805831285229568,19.688774585723877,21.67171859741211
1784805831295148544,19.69869351387024,21.19886016845703
1784805831305068800,19.708613634109497,20.817241668701172
1784805831314987776,19.71853256225586,20.426937103271484
1784805831324907776,19.728452682495117,20.076519012451172
1784805831334826752,19.73837161064148,19.615665435791016
1784805831344746752,19.748291730880737,19.205398559570312
1784805831354665728,19.7582106590271,18.827655792236328
1784805831364585728,19.76813054084778,18.518112182617188
1784805831374504704,19.77804970741272,18.27084732055664
1784805831384424704,19.7879695892334,18.02548599243164
1784805831394343680,19.79788851737976,17.701587677001953
1784805831404263680,19.80780863761902,17.33544921875
1784805831414182656,19.81772756576538,16.989803314208984
1784805831424102656,19.82764768600464,16.682559967041016
1784805831434021632,19.837566614151,16.356403350830078
1784805831443941632,19.84748649597168,16.02994155883789
1784805831453860864,19.85740566253662,15.820672035217285
1784805831463779584,19.867324590682983,15.618697166442871
1784805831473699840,19.87724471092224,15.471451759338379
1784805831483618816,19.887163639068604,15.504740715026855
1784805831493538560,19.897083520889282,15.448323249816895
1784805831503457792,19.907002687454224,15.504000663757324
1784805831513377792,19.916922569274902,15.486857414245605
1784805831523296512,19.926841497421265,15.443127632141113
1784805831533218816,19.936763763427734,15.485625267028809
1784805831543137792,19.946682691574097,15.665844917297363
1784805831553057792,19.956602811813354,15.7979154586792
1784805831562976768,19.966521739959717,15.933480262756348
1784805831572896768,19.976441621780396,16.028427124023438
1784805831582816000,19.986360788345337,16.125598907470703
1784805831592735744,19.996280670166016,16.166446685791016
1784805831602654720,20.006199598312378,16.315414428710938
1784805831612574720,20.016119718551636,16.601226806640625
1784805831622493696,20.026038646697998,16.876209259033203
1784805831632413952,20.035958766937256,17.289573669433594
1784805831642332672,20.045877695083618,17.800716400146484
1784805831652252672,20.055797576904297,18.156147003173828
1784805831662171904,20.06571674346924,18.344741821289062
1784805831672091648,20.075636625289917,18.470531463623047
1784805831682010880,20.08555579185486,18.45301055908203
1784805831691930880,20.095475673675537,18.324222564697266
1784805831701849600,20.1053946018219,18.144397735595703
1784805831711769856,20.115314722061157,17.882278442382812
1784805831721688832,20.12523365020752,17.702896118164062
1784805831731608832,20.135153770446777,17.90951156616211
1784805831741527808,20.14507269859314,18.37535858154297
1784805831751446784,20.154991626739502,18.909759521484375
1784805831761366784,20.16491174697876,19.215007781982422
1784805831771285760,20.174830675125122,19.33294677734375
1784805831781206016,20.18475079536438,19.640491485595703
1784805831791124736,20.194669723510742,20.252090454101562
1784805831801044736,20.20458960533142,20.77364730834961
1784805831810963968,20.214508771896362,21.274364471435547
1784805831820883712,20.22442865371704,22.085865020751953
1784805831830802688,20.234347581863403,23.1689453125
1784805831840722688,20.24426770210266,24.058826446533203
1784805831850641664,20.254186630249023,24.73680877685547
1784805831860561920,20.26410675048828,25.215667724609375
1784805831870480896,20.274025678634644,26.332271575927734
1784805831880400896,20.2839457988739,27.725040435791016
1784805831890319872,20.293864727020264,28.75826644897461
1784805831900239616,20.303784608840942,29.29759979248047
1784805831910158848,20.313703775405884,29.820938110351562
1784805831920078848,20.323623657226562,30.638797760009766
1784805831929997568,20.333542585372925,31.305587768554688
1784805831939917824,20.343462705612183,31.94791030883789
1784805831949836800,20.353381633758545,32.770538330078125
1784805831959756800,20.363301753997803,33.60141372680664
1784805831969675776,20.373220682144165,34.4467658996582
1784805831979595776,20.383140802383423,35.39011001586914
1784805831989514752,20.393059730529785,36.366981506347656
1784805831999434752,20.402979612350464,37.18707275390625
1784805832009353984,20.412898778915405,37.92125701904297
1784805832019273728,20.422818660736084,38.76881790161133
1784805832029192704,20.432737588882446,39.8261833190918
1784805832039112704,20.442657709121704,40.885475158691406
1784805832049031680,20.452576637268066,41.8365592956543
1784805832058951936,20.462496757507324,42.69297409057617
1784805832068870656,20.472415685653687,43.33222198486328
1784805832078790912,20.482335805892944,43.706321716308594
1784805832088709888,20.492254734039307,43.89520263671875
1784805832098629632,20.502174615859985,43.86810302734375
1784805832108548864,20.512093782424927,43.611183166503906
1784805832118467840,20.52201271057129,43.188594818115234
1784805832128387584,20.531932592391968,42.63942337036133
1784805832138306816,20.54185175895691,41.88982009887695
1784805832148226816,20.551771640777588,41.26368713378906
1784805832158145792,20.56169080734253,40.730323791503906
1784805832168065792,20.571610689163208,40.23019790649414
1784805832177984768,20.58152961730957,39.75300979614258
1784805832187904768,20.591449737548828,39.17098617553711
1784805832197823744,20.60136866569519,38.62323760986328
1784805832207744000,20.61128878593445,37.98710250854492
1784805832217662720,20.62120771408081,37.29806900024414
1784805832227582720,20.63112759590149,36.59267807006836
1784805832237501952,20.64104676246643,35.99586868286133
1784805832247421696,20.65096664428711,35.525333404541016
1784805832257340928,20.66088581085205,34.908443450927734
1784805832267260672,20.67080569267273,34.0819206237793
1784805832277179648,20.680724620819092,32.89064407348633
1784805832287099904,20.69064474105835,31.825946807861328
1784805832297018880,20.700563669204712,30.798389434814453
1784805832306938880,20.71048378944397,29.709999084472656
1784805832316857856,20.720402717590332,28.67862319946289
1784805832326777600,20.73032259941101,27.724227905273438
1784805832336696832,20.740241765975952,27.250194549560547
1784805832346616832,20.75016164779663,27.676162719726562
1784805832356535808,20.760080814361572,28.710342407226562
1784805832366455808,20.77000069618225,29.867637634277344
1784805832376374784,20.779919624328613,31.85702896118164
1784805832386294784,20.78983974456787,34.64570999145508
1784805832396213760,20.799758672714233,38.48768615722656
1784805832406134016,20.80967879295349,41.72332000732422
1784805832416052736,20.819597721099854,44.41429901123047
1784805832425972736,20.829517602920532,47.84292984008789
1784805832435891968,20.839436769485474,52.18025207519531
1784805832445811712,20.849356651306152,56.64862060546875
1784805832455730688,20.859275579452515,60.446144104003906
1784805832465650688,20.869195699691772,63.68573760986328
1784805832475569664,20.879114627838135,69.30287170410156
1784805832485489920,20.889034748077393,76.44296264648438
1784805832495408896,20.898953676223755,84.93234252929688
1784805832505328896,20.908873796463013,93.42144775390625
1784805832515247872,20.918792724609375,100.68672180175781
1784805832525167616,20.928712606430054,106.56815338134766
1784805832535086336,20.938631296157837,111.85932159423828
1784805832545006592,20.948551416397095,115.94267272949219
1784805832554925568,20.958470344543457,119.94459533691406
1784805832564845312,20.968390226364136,123.66014099121094
1784805832574764544,20.978309392929077,127.57408142089844
1784805832584684288,20.988229274749756,131.2706756591797
1784805832594603264,20.998148202896118,135.82127380371094
1784805832604523520,21.008068323135376,141.2703857421875
1784805832614442240,21.01798725128174,146.79742431640625
1784805832624362496,21.027907371520996,152.2829132080078
1784805832634281472,21.03782629966736,157.38262939453125
1784805832644201472,21.047746419906616,160.97218322753906
1784805832654120448,21.05766534805298,162.5789794921875
1784805832664040448,21.067585229873657,162.91329956054688
1784805832673959424,21.0775043964386,162.80467224121094
1784805832683879424,21.087424278259277,162.52200317382812
1784805832693798400,21.09734320640564,161.83294677734375
1784805832703718400,21.107263326644897,160.54971313476562
1784805832713637376,21.11718225479126,158.58163452148438
1784805832723557376,21.127102375030518,155.97067260742188
1784805832733476352,21.13702130317688,152.74609375
1784805832743396608,21.146941423416138,148.79086303710938
1784805832753315328,21.1568603515625,143.93499755859375
1784805832763235328,21.16678023338318,138.23330688476562
1784805832773154560,21.17669939994812,131.7566375732422
1784805832783074304,21.1866192817688,124.82528686523438
1784805832792993280,21.19653820991516,117.76509094238281
1784805832802913536,21.20645833015442,110.7455825805664
1784805832812832256,21.21637725830078,103.78105926513672
1784805832822752512,21.22629737854004,96.7110595703125
1784805832832671488,21.2362163066864,89.49270629882812
1784805832842591488,21.24613642692566,82.2693862915039
1784805832852510464,21.25605535507202,75.20352935791016
1784805832862429440,21.265974283218384,68.37564086914062
1784805832872349440,21.27589440345764,61.853851318359375
1784805832882269440,21.28581428527832,55.66925811767578
1784805832892188416,21.295733213424683,49.99620819091797
1784805832902108416,21.30565333366394,44.83961868286133
1784805832912027392,21.315572261810303,39.997154235839844
1784805832921947392,21.32549238204956,35.278907775878906
1784805832931866368,21.335411310195923,30.70618438720703
1784805832941786624,21.34533143043518,26.44961166381836
1784805832951705344,21.355250358581543,22.659626007080078
1784805832961625344,21.36517024040222,19.785472869873047
1784805832971544576,21.375089406967163,16.89217758178711
1784805832981464320,21.385009288787842,14.113329887390137
1784805832991383296,21.394928216934204,13.319626808166504
1784805833001303552,21.404848337173462,14.174736976623535
1784805833011222272,21.414767265319824,15.77612018585205
1784805833021142528,21.424687385559082,17.633991241455078
1784805833031061504,21.434606313705444,19.1495361328125
1784805833040981504,21.444526433944702,20.269763946533203
1784805833050900480,21.454445362091064,21.77155303955078
1784805833060820224,21.464365243911743,23.881275177001953
1784805833070739456,21.474284410476685,26.439136505126953
1784805833080658432,21.484203338623047,29.24843978881836
1784805833090578432,21.494123220443726,31.48688507080078
1784805833100497408,21.504042387008667,33.40271759033203
1784805833110417408,21.513962268829346,35.266117095947266
1784805833120336640,21.523881435394287,36.68888854980469
1784805833130256384,21.533801317214966,37.348148345947266
1784805833140175360,21.543720245361328,37.88014602661133
1784805833150095360,21.553640365600586,37.8926887512207
1784805833160014336,21.56355929374695,37.50558090209961
1784805833169934592,21.573479413986206,36.74960708618164
1784805833179853312,21.58339834213257,35.76392364501953
1784805833189773312,21.593318223953247,34.659481048583984
1784805833199692544,21.60323739051819,33.48101806640625
1784805833209612288,21.613157272338867,32.5945930480957
1784805833219532544,21.623077392578125,31.067909240722656
1784805833229451520,21.632996320724487,30.291885375976562
1784805833239370240,21.64291524887085,29.397186279296875
1784805833249290496,21.652835369110107,28.508934020996094
1784805833259209472,21.66275429725647,28.133987426757812
1784805833269129472,21.672674417495728,27.97606658935547
1784805833279048448,21.68259334564209,27.62793731689453
1784805833288968448,21.69251322746277,27.335155487060547
1784805833298887424,21.70243239402771,27.335235595703125
1784805833308807424,21.71235227584839,27.779144287109375
1784805833318727424,21.722272396087646,28.224090576171875
1784805833328646400,21.73219132423401,28.592079162597656
1784805833338566400,21.742111206054688,28.85540008544922
1784805833348485376,21.75203037261963,29.522449493408203
1784805833358405376,21.761950254440308,29.86346435546875
1784805833368324608,21.77186942100525,30.215938568115234
1784805833378244352,21.781789302825928,30.427627563476562
1784805833388163328,21.79170823097229,30.502674102783203
1784805833398082560,21.80162739753723,30.493927001953125
1784805833408002304,21.81154727935791,30.470706939697266
1784805833417921280,21.821466207504272,30.40280532836914
1784805833427841536,21.83138632774353,30.21869659423828
1784805833437761280,21.84130620956421,29.992687225341797
1784805833447680512,21.85122537612915,29.706253051757812
1784805833457600256,21.86114525794983,29.34478759765625
1784805833467519488,21.87106442451477,28.75579071044922
1784805833477439488,21.88098430633545,28.202335357666016
1784805833487358208,21.89090323448181,27.653949737548828
1784805833497278464,21.90082335472107,26.744579315185547
1784805833507197440,21.91074228286743,25.616958618164062
1784805833517117440,21.92066240310669,24.62990951538086
1784805833527036416,21.93058133125305,23.99584197998047
1784805833536956416,21.94050121307373,23.391727447509766
1784805833546875136,21.950420141220093,22.75732421875
1784805833556794368,21.960339307785034,21.997188568115234
1784805833566714368,21.970259189605713,21.042369842529297
1784805833576634368,21.98017930984497,20.039203643798828
1784805833586553344,21.990098237991333,19.212783813476562
1784805833596473344,22.00001811981201,18.606983184814453
1784805833606392320,22.009937286376953,18.232227325439453
1784805833616312320,22.019857168197632,17.94415283203125
1784805833626231296,22.029776096343994,17.843368530273438
1784805833636151296,22.039696216583252,17.467670440673828
1784805833646070272,22.049615144729614,17.08059310913086
1784805833655990272,22.059535264968872,17.423831939697266
1784805833665909248,22.069454193115234,17.961456298828125
1784805833675829504,22.079374313354492,18.411415100097656
1784805833685748224,22.089293241500854,19.897647857666016
1784805833695668224,22.099213123321533,21.377521514892578
1784805833705587456,22.109132289886475,22.42784881591797
1784805833715507200,22.119052171707153,23.943218231201172
1784805833725426176,22.128971099853516,26.16651153564453
1784805833735346432,22.138891220092773,29.218795776367188
1784805833745265152,22.148810148239136,33.417205810546875
1784805833755185408,22.158730268478394,38.714717864990234
1784805833765104384,22.168649196624756,43.7731819152832
1784805833775024128,22.178569078445435,49.24467086791992
1784805833784943360,22.188488245010376,56.271331787109375
1784805833794863104,22.198408126831055,64.34556579589844
1784805833804782336,22.208327293395996,73.24549865722656
1784805833814702336,22.218247175216675,82.36263275146484
1784805833824621312,22.228166103363037,89.995849609375
1784805833834541312,22.238086223602295,96.14388275146484
1784805833844460288,22.248005151748657,100.83619689941406
1784805833854380288,22.257925271987915,104.53931427001953
1784805833864299264,22.267844200134277,107.83663177490234
1784805833874219264,22.277764081954956,113.25569915771484
1784805833884138240,22.287683248519897,120.01289367675781
1784805833894058240,22.297603130340576,125.21867370605469
1784805833903977472,22.307522296905518,131.36851501464844
1784805833913897216,22.317442178726196,137.66036987304688
1784805833923816192,22.32736110687256,144.44937133789062
1784805833933736448,22.337281227111816,150.44342041015625
1784805833943655168,22.34720015525818,154.96644592285156
1784805833953575424,22.357120275497437,157.6559600830078
1784805833963494400,22.3670392036438,158.8545379638672
1784805833973414144,22.376959085464478,159.0906219482422
1784805833983333376,22.38687825202942,158.21823120117188
1784805833993253120,22.396798133850098,156.14169311523438
1784805834003172352,22.40671730041504,153.31378173828125
1784805834013092352,22.416637182235718,149.8911590576172
1784805834023011328,22.42655611038208,145.7136993408203
1784805834032931328,22.436476230621338,140.5730438232422
1784805834042850304,22.4463951587677,134.4650115966797
1784805834052770304,22.456315279006958,127.46223449707031
1784805834062689280,22.46623420715332,119.75177001953125
1784805834072609280,22.476154088974,111.60966491699219
1784805834082528256,22.48607325553894,103.369140625
1784805834092448256,22.49599313735962,95.25834655761719
1784805834102367488,22.50591230392456,87.52726745605469
1784805834112287232,22.51583218574524,80.49251556396484
1784805834122206208,22.5257511138916,74.13800048828125
1784805834132126208,22.53567123413086,68.343017578125
1784805834142045184,22.54559016227722,63.06890106201172
1784805834151965440,22.55551028251648,58.212371826171875
1784805834161884416,22.565429210662842,53.565975189208984
1784805834171804160,22.57534909248352,49.009849548339844
1784805834181723392,22.585268259048462,44.43342590332031
1784805834191643136,22.59518814086914,39.80528259277344
1784805834201562368,22.605107307434082,35.321311950683594
1784805834211482368,22.61502718925476,31.15625762939453
1784805834221401088,22.624946117401123,27.507423400878906
1784805834231321344,22.63486623764038,24.898094177246094
1784805834241240320,22.644785165786743,21.924121856689453
1784805834251160320,22.654705286026,19.808868408203125
1784805834261079296,22.664624214172363,19.46245574951172
1784805834270999296,22.674544095993042,19.596893310546875
1784805834280918272,22.684463262557983,19.814895629882812
1784805834290838272,22.694383144378662,20.16387176513672
1784805834300757504,22.704302310943604,21.07189178466797
1784805834310677248,22.714222192764282,23.050334930419922
1784805834320596224,22.724141120910645,25.297725677490234
1784805834330516224,22.734061241149902,27.35845184326172
1784805834340435200,22.743980169296265,29.299266815185547
1784805834350355456,22.753900289535522,30.753990173339844
1784805834360274432,22.763819217681885,31.45795440673828
1784805834370194176,22.773739099502563,32.036590576171875
1784805834380113408,22.783658266067505,32.39884567260742
1784805834390033152,22.793578147888184,32.384544372558594
1784805834399952384,22.803497314453125,31.715248107910156
1784805834409872384,22.813417196273804,30.61933135986328
1784805834419792128,22.823337078094482,29.40509796142578
1784805834429711360,22.833256244659424,28.053913116455078
1784805834439631104,22.843176126480103,26.880657196044922
1784805834449550336,22.853095293045044,25.67388916015625
1784805834459470336,22.863015174865723,24.595687866210938
1784805834469389312,22.872934103012085,23.83538055419922
1784805834479309312,22.882854223251343,23.359661102294922
1784805834489228288,22.892773151397705,22.979774475097656
1784805834499148288,22.902693271636963,22.52419662475586
1784805834509067264,22.912612199783325,22.17495346069336
1784805834518987264,22.922532081604004,22.01202392578125
1784805834528906240,22.932451248168945,22.304359436035156
1784805834538826496,22.942371368408203,22.835792541503906
1784805834548745728,22.952290534973145,23.460182189941406
1784805834558665472,22.962210416793823,24.002674102783203
1784805834568584448,22.972129344940186,24.656631469726562
1784805834578504448,22.982049465179443,25.04511260986328
1784805834588423424,22.991968393325806,25.31973648071289
1784805834598343680,23.001888513565063,25.600284576416016
1784805834608262656,23.011807441711426,25.703018188476562
1784805834618182656,23.021727561950684,25.7879638671875
1784805834628101632,23.031646490097046,25.961044311523438
1784805834638021376,23.041566371917725,26.011878967285156
1784805834647940608,23.051485538482666,25.951618194580078
1784805834657860608,23.061405420303345,25.800312042236328
1784805834667779328,23.071324348449707,25.495769500732422
1784805834677699584,23.081244468688965,25.07162094116211
1784805834687618560,23.091163396835327,24.535076141357422
1784805834697538560,23.101083517074585,23.77285385131836
1784805834707457536,23.111002445220947,22.937889099121094
1784805834717377536,23.120922327041626,22.213436126708984
1784805834727296512,23.130841493606567,21.312213897705078
1784805834737216512,23.140761375427246,20.114540100097656
1784805834747135744,23.150680541992188,18.928375244140625
1784805834757055488,23.160600423812866,17.895904541015625
1784805834766974464,23.17051935195923,16.957820892333984
1784805834776894464,23.180439472198486,15.64484691619873
1784805834786813440,23.19035840034485,14.109297752380371
1784805834796733696,23.200278520584106,12.547255516052246
1784805834806652672,23.21019744873047,10.979674339294434
1784805834816572416,23.220117330551147,9.692994117736816
1784805834826491648,23.23003649711609,8.786154747009277
1784805834836411392,23.239956378936768,8.33029842376709
1784805834846330624,23.24987554550171,8.418848991394043
1784805834856250624,23.259795427322388,8.104811668395996
1784805834866169344,23.26971435546875,7.957571983337402
1784805834876089600,23.279634475708008,8.833477973937988
1784805834886008576,23.28955340385437,9.582444190979004
1784805834895928576,23.299473524093628,10.502184867858887
1784805834905847552,23.30939245223999,11.838379859924316
1784805834915767552,23.31931233406067,12.916571617126465
1784805834925686528,23.32923150062561,14.724106788635254
1784805834935606528,23.33915138244629,17.043479919433594
1784805834945525760,23.34907054901123,19.088497161865234
1784805834955445504,23.35899043083191,22.528392791748047
1784805834965364480,23.36890935897827,26.016155242919922
1784805834975284480,23.37882947921753,30.20770263671875
1784805834985203456,23.38874840736389,35.85758972167969
1784805834995123712,23.39866852760315,41.805458068847656
1784805835005042432,23.40858745574951,48.604393005371094
1784805835014962432,23.41850733757019,57.68677520751953
1784805835024881664,23.428426504135132,66.9386978149414
1784805835034801408,23.43834638595581,75.94380950927734
1784805835044720640,23.448265552520752,83.84066009521484
1784805835054640640,23.45818543434143,90.7620849609375
1784805835064559360,23.468104362487793,96.26898956298828
1784805835074479616,23.47802448272705,101.1890869140625
1784805835084398592,23.487943410873413,105.40555572509766
1784805835094318592,23.49786353111267,109.4939193725586
1784805835104237568,23.507782459259033,114.56757354736328
1784805835114157312,23.517702341079712,119.30072021484375
1784805835124076544,23.527621507644653,122.6392822265625
1784805835133996544,23.537541389465332,127.03997802734375
1784805835143915776,23.547460556030273,133.15304565429688
1784805835153835520,23.557380437850952,140.50210571289062
1784805835163754496,23.567299365997314,148.22801208496094
1784805835173674496,23.577219486236572,154.37017822265625
1784805835183593472,23.587138414382935,157.5210418701172
1784805835193513728,23.597058534622192,157.7993621826172
1784805835203432448,23.606977462768555,156.82022094726562
1784805835213352448,23.616897344589233,155.32655334472656
1784805835223272448,23.62681746482849,153.31436157226562
1784805835233191424,23.636736392974854,150.5953826904297
1784805835243111680,23.64665651321411,147.06105041503906
1784805835253030656,23.656575441360474,142.77903747558594
1784805835262950656,23.66649556159973,137.79444885253906
1784805835272869632,23.676414489746094,132.14846801757812
1784805835282789376,23.686334371566772,126.00994873046875
1784805835292708608,23.696253538131714,119.32319641113281
1784805835302628608,23.706173419952393,112.0217056274414
1784805835312547328,23.716092348098755,104.39668273925781
1784805835322467584,23.726012468338013,96.74834442138672
1784805835332386560,23.735931396484375,89.3328628540039
1784805835342306560,23.745851516723633,82.4722671508789
1784805835352225536,23.755770444869995,76.24303436279297
1784805835362145536,23.765690326690674,70.55127716064453
1784805835372064512,23.775609493255615,65.1799545288086
1784805835381984512,23.785529375076294,60.04734802246094
1784805835391903744,23.795448541641235,55.15392303466797
1784805835401823488,23.805368423461914,50.377838134765625
1784805835411742464,23.815287351608276,45.69506072998047
1784805835421662464,23.825207471847534,41.068016052246094
1784805835431581440,23.835126399993896,36.33782196044922
1784805835441501696,23.845046520233154,31.492210388183594
1784805835451420672,23.854965448379517,26.691715240478516
1784805835461340416,23.864885330200195,22.403980255126953
1784805835471259648,23.874804496765137,17.496761322021484
1784805835481179392,23.884724378585815,14.404803276062012
1784805835491098624,23.894643545150757,12.336255073547363
1784805835501018624,23.904563426971436,10.92029857635498
1784805835510937344,23.914482355117798,10.947030067443848
1784805835520857600,23.924402475357056,11.467387199401855
1784805835530776576,23.934321403503418,12.21353816986084
1784805835540696320,23.944241285324097,13.751429557800293
1784805835550615296,23.95416021347046,15.954642295837402
1784805835560535552,23.964080333709717,17.84786605834961
1784805835570454272,23.97399926185608,19.297977447509766
1784805835580374528,23.983919382095337,21.335277557373047
1784805835590293504,23.9938383102417,22.932838439941406
1784805835600213504,24.003758430480957,24.286540985107422
1784805835610132480,24.01367735862732,25.468360900878906
1784805835620052224,24.023597240447998,26.24813461303711
1784805835629971456,24.03351640701294,26.699687957763672
1784805835639891456,24.043436288833618,26.97690200805664
1784805835649810432,24.05335521697998,27.20148468017578
1784805835659730432,24.06327533721924,27.269607543945312
1784805835669649408,24.0731942653656,27.453083038330078
1784805835679569408,24.08311438560486,27.170494079589844
1784805835689488384,24.09303331375122,26.822174072265625
1784805835699408640,24.10295343399048,27.16708755493164
1784805835709327360,24.11287236213684,27.285877227783203
1784805835719247360,24.12279224395752,27.058883666992188
1784805835729166592,24.13271141052246,26.470687866210938
1784805835739086336,24.14263129234314,25.994510650634766
1784805835749005312,24.152550220489502,25.745071411132812
1784805835758925312,24.16247034072876,25.403255462646484
1784805835768844288,24.172389268875122,25.43463134765625
1784805835778764544,24.18230938911438,25.374095916748047
1784805835788683520,24.192228317260742,25.300537109375
1784805835798603520,24.2021484375,25.1248779296875
1784805835808522496,24.212067365646362,25.402210235595703
1784805835818442240,24.22198724746704,25.549274444580078
1784805835828361472,24.231906414031982,25.813499450683594
1784805835838281472,24.24182629585266,26.042179107666016
1784805835848200448,24.251745223999023,26.100906372070312
1784805835858120448,24.26166534423828,26.103710174560547
1784805835868039424,24.271584272384644,26.116180419921875
1784805835877959424,24.2815043926239,26.143081665039062
1784805835887878400,24.291423320770264,25.981300354003906
1784805835897798400,24.301343202590942,25.56549835205078
1784805835907717376,24.311262369155884,25.02005386352539
1784805835917637376,24.321182250976562,24.488563537597656
1784805835927556608,24.331101417541504,23.893756866455078
1784805835937476352,24.341021299362183,23.285999298095703
1784805835947395328,24.350940227508545,22.68288803100586
1784805835957315328,24.360860347747803,22.02497100830078
1784805835967234304,24.370779275894165,21.46954345703125
1784805835977154560,24.380699396133423,21.132251739501953
1784805835987073536,24.390618324279785,20.893306732177734
1784805835996993280,24.400538206100464,20.651596069335938
1784805836006912512,24.410457372665405,20.121322631835938
1784805836016832256,24.420377254486084,19.398193359375
1784805836026751488,24.430296421051025,18.750980377197266
1784805836036671488,24.440216302871704,17.843978881835938
1784805836046590208,24.450135231018066,17.11273956298828
1784805836056510464,24.460055351257324,16.655487060546875
1784805836066429440,24.469974279403687,16.056407928466797
1784805836076349440,24.479894399642944,15.71996021270752
1784805836086268416,24.489813327789307,15.688843727111816
1784805836096188416,24.499733209609985,15.884892463684082
1784805836106107392,24.509652376174927,16.01958465576172
1784805836116027392,24.519572257995605,16.848346710205078
1784805836125946624,24.529491424560547,17.711517333984375
1784805836135866368,24.539411306381226,19.302963256835938
1784805836145785344,24.549330234527588,20.833717346191406
1784805836155705344,24.559250354766846,22.86022186279297
1784805836165624320,24.569169282913208,25.286235809326172
1784805836175544576,24.579089403152466,27.955860137939453
1784805836185463552,24.589008331298828,30.738231658935547
1784805836195383296,24.598928213119507,34.25337219238281
1784805836205302528,24.60884737968445,38.21604537963867
1784805836215222272,24.618767261505127,43.0464973449707
1784805836225141504,24.62868642807007,47.94276809692383
1784805836235061504,24.638606309890747,52.93098449707031
1784805836244980224,24.64852523803711,59.55701446533203
1784805836254900480,24.658445358276367,66.77462768554688
1784805836264819456,24.66836428642273,75.1866455078125
1784805836274739456,24.678284406661987,84.1220703125
1784805836284658432,24.68820333480835,93.43709564208984
1784805836294578432,24.69812321662903,101.92562866210938
1784805836304498432,24.708043336868286,107.9608154296875
1784805836314417408,24.71796226501465,111.52400207519531
1784805836324337408,24.727882385253906,113.96137237548828
1784805836334256384,24.73780131340027,115.89122772216797
1784805836344176640,24.747721433639526,118.85482788085938
1784805836354095360,24.75764036178589,122.970947265625
1784805836364015360,24.767560243606567,127.30108642578125
1784805836373934592,24.77747941017151,131.48406982421875
1784805836383854336,24.787399291992188,135.3602294921875
1784805836393773312,24.79731822013855,139.82533264160156
1784805836403693312,24.807238340377808,144.5167999267578
1784805836413612288,24.81715726852417,148.4155731201172
1784805836423532544,24.827077388763428,151.23423767089844
1784805836433451520,24.83699631690979,153.12374877929688
1784805836443371520,24.846916437149048,154.53775024414062
1784805836453290496,24.85683536529541,155.2923583984375
1784805836463210240,24.86675524711609,155.09799194335938
1784805836473129472,24.87667441368103,153.72720336914062
1784805836483049472,24.88659429550171,151.1068878173828
1784805836492968448,24.89651322364807,147.54920959472656
1784805836502888448,24.90643334388733,143.3568572998047
1784805836512807424,24.91635227203369,138.53897094726562
1784805836522727424,24.92627239227295,133.05978393554688
1784805836532646400,24.93619132041931,126.98562622070312
1784805836542566400,24.94611120223999,120.43902587890625
1784805836552485120,24.956030130386353,113.47041320800781
1784805836562405120,24.96595001220703,106.18075561523438
1784805836572324352,24.975869178771973,98.69859313964844
1784805836582244096,24.98578906059265,91.17789459228516
1784805836592163328,24.995708227157593,83.69588470458984
1784805836602083328,25.00562810897827,76.18505859375
1784805836612002048,25.015547037124634,68.58256530761719
1784805836621922304,25.02546715736389,60.954437255859375
1784805836631841280,25.035386085510254,53.33761978149414
1784805836641761280,25.04530620574951,45.79484939575195
1784805836651680256,25.055225133895874,38.45661163330078
1784805836661600000,25.065145015716553,31.356830596923828
1784805836671519232,25.075064182281494,24.469867706298828
1784805836681439232,25.084984064102173,18.075511932373047
1784805836691358208,25.094903230667114,12.400481224060059
1784805836701278208,25.104823112487793,7.728302955627441
1784805836711197184,25.114742040634155,2.2859411239624023
1784805836721117184,25.124662160873413,358.8017578125
1784805836731036160,25.134581089019775,357.30401611328125
1784805836740956416,25.144501209259033,356.5520324707031
1784805836750875136,25.154420137405396,357.201171875
1784805836760795136,25.164340019226074,359.4897766113281
1784805836770714368,25.174259185791016,1.5512590408325195
1784805836780634112,25.184179067611694,3.0784950256347656
1784805836790553088,25.194097995758057,5.757000923156738
1784805836800473088,25.204018115997314,8.750191688537598
1784805836810392064,25.213937044143677,10.988518714904785
1784805836820312320,25.223857164382935,13.04992961883545
1784805836830231296,25.233776092529297,15.909554481506348
1784805836840151296,25.243696212768555,18.665332794189453
1784805836850070272,25.253615140914917,20.697223663330078
1784805836859990016,25.263535022735596,22.507572174072266
1784805836869909248,25.273454189300537,23.97492218017578
1784805836879829248,25.283374071121216,25.10140609741211
1784805836889748224,25.293292999267578,25.95598602294922
1784805836899668224,25.303213119506836,26.693431854248047
1784805836909587200,25.3131320476532,27.23452377319336
1784805836919507200,25.323052167892456,27.753192901611328
1784805836929426176,25.33297109603882,28.23619842529297
1784805836939346432,25.342891216278076,28.554229736328125
1784805836949265152,25.35281014442444,28.87000274658203
1784805836959185152,25.362730026245117,29.085769653320312
1784805836969104384,25.37264919281006,29.21584701538086
1784805836979024128,25.382569074630737,29.385005950927734
1784805836988943104,25.3924880027771,29.662349700927734
1784805836998863104,25.402408123016357,29.64584732055664
1784805837008782080,25.41232705116272,29.738292694091797
1784805837018702336,25.422247171401978,29.651653289794922
1784805837028621312,25.43216609954834,29.387596130371094
1784805837038541312,25.442086219787598,29.02454376220703
1784805837048460288,25.45200514793396,28.621841430664062
1784805837058380032,25.46192502975464,28.415016174316406
1784805837068299264,25.47184419631958,28.251548767089844
1784805837078219264,25.48176407814026,27.91229248046875
1784805837088137984,25.49168300628662,27.550228118896484
1784805837098058240,25.50160312652588,27.234375
1784805837107977216,25.51152205467224,26.874874114990234
1784805837117897216,25.5214421749115,26.41573715209961
1784805837127816192,25.53136110305786,25.829570770263672
1784805837137736448,25.54128122329712,25.188846588134766
1784805837147655168,25.55120015144348,24.55111312866211
1784805837157575168,25.56112003326416,23.839096069335938
1784805837167494400,25.5710391998291,22.952880859375
1784805837177414144,25.58095908164978,22.03008270263672
1784805837187333120,25.590878009796143,21.235763549804688
1784805837197253120,25.6007981300354,20.523345947265625
1784805837207172096,25.610717058181763,19.89580535888672
1784805837217092352,25.62063717842102,19.271484375
1784805837227011328,25.630556106567383,18.76523208618164
1784805837236931328,25.64047622680664,18.456470489501953
1784805837246850304,25.650395154953003,18.156558990478516
1784805837256770048,25.66031503677368,17.71685028076172
1784805837266689280,25.670234203338623,17.19284439086914
1784805837276609280,25.6801540851593,16.63333511352539
1784805837286528000,25.690073013305664,16.266799926757812
1784805837296448256,25.699993133544922,16.167922973632812
1784805837306367232,25.709912061691284,15.668442726135254
1784805837316287232,25.719832181930542,14.845599174499512
1784805837326206208,25.729751110076904,14.08956241607666
1784805837336126208,25.739671230316162,13.36292552947998
1784805837346045184,25.749590158462524,12.59135913848877
1784805837355965184,25.759510040283203,11.940018653869629
1784805837365884416,25.769429206848145,11.565054893493652
1784805837375804160,25.779349088668823,11.511557579040527
1784805837385723136,25.789268016815186,11.767891883850098
1784805837395643136,25.799188137054443,11.332232475280762
1784805837405562112,25.809107065200806,10.656218528747559
1784805837415482368,25.819027185440063,10.479418754577637
1784805837425401088,25.828946113586426,11.557604789733887
1784805837435321088,25.838865995407104,12.54512882232666
1784805837445240320,25.848785161972046,14.307257652282715
1784805837455160064,25.858705043792725,15.754279136657715
1784805837465079296,25.868624210357666,17.589752197265625
1784805837474999296,25.878544092178345,19.21999740600586
1784805837484918016,25.888463020324707,23.150287628173828
1784805837494838272,25.898383140563965,28.477813720703125
1784805837504757248,25.908302068710327,32.155982971191406
1784805837514677248,25.918222188949585,37.2808952331543
1784805837524596224,25.928141117095947,44.782981872558594
1784805837534516224,25.938060998916626,53.050575256347656
1784805837544435712,25.947980642318726,63.123802185058594
1784805837554355712,25.957900524139404,73.96459197998047
1784805837564274688,25.967819690704346,85.03507995605469
1784805837574194688,25.977739572525024,95.59270477294922
1784805837584113664,25.987658500671387,103.90800476074219
1784805837594033664,25.997578620910645,110.47776794433594
1784805837603952640,26.007497549057007,116.02793884277344
1784805837613872640,26.017417669296265,120.35673522949219
1784805837623791616,26.027336597442627,123.407958984375
1784805837633711872,26.037256717681885,127.07928466796875
1784805837643630848,26.047175645828247,131.2177734375
1784805837653550592,26.057095527648926,135.5559844970703
1784805837663469824,26.067014694213867,139.8170166015625
1784805837673389568,26.076934576034546,144.02101135253906
1784805837683308544,26.086853504180908,148.02688598632812
1784805837693228800,26.096773624420166,151.5555419921875
1784805837703147776,26.10669255256653,154.4617919921875
1784805837713067776,26.116612672805786,155.94419860839844
1784805837722986752,26.12653160095215,155.90447998046875
1784805837732906752,26.136451721191406,154.82122802734375
1784805837742825728,26.14637064933777,152.96075439453125
1784805837752745728,26.156290531158447,150.30848693847656
1784805837762664704,26.16620969772339,146.8085479736328
1784805837772584704,26.176129579544067,142.56895446777344
1784805837782503680,26.18604850769043,137.80029296875
1784805837792423680,26.195968627929688,132.48834228515625
1784805837802342656,26.20588755607605,126.66749572753906
1784805837812262656,26.215807676315308,120.36329650878906
1784805837822181632,26.22572660446167,113.7384033203125
1784805837832101888,26.235646724700928,106.76266479492188
1784805837842020864,26.24556565284729,99.51832580566406
1784805837851940608,26.25548553466797,92.1148910522461
1784805837861859840,26.26540470123291,84.7049331665039
1784805837871779584,26.27532458305359,77.38097381591797
1784805837881698560,26.28524351119995,70.28781127929688
1784805837891618816,26.29516363143921,64.2411117553711
1784805837901537536,26.30508255958557,58.66682434082031
1784805837911457792,26.31500267982483,53.582393646240234
1784805837921376768,26.32492160797119,48.164249420166016
1784805837931296768,26.33484172821045,43.78327941894531
1784805837941215744,26.34476065635681,39.548831939697266
1784805837951135744,26.35468053817749,34.72335433959961
1784805837961054720,26.36459970474243,30.799598693847656
1784805837970974720,26.37451958656311,27.00335693359375
1784805837980893696,26.384438514709473,23.605453491210938
1784805837990813696,26.39435863494873,20.63595199584961
1784805838000732672,26.404277563095093,16.034626007080078
1784805838010652672,26.41419768333435,13.939419746398926
1784805838020571648,26.424116611480713,12.828879356384277
1784805838030491648,26.43403649330139,12.663556098937988
1784805838040410880,26.443955659866333,13.906880378723145
1784805838050330624,26.45387554168701,16.233379364013672
1784805838060249856,26.463794708251953,19.13652801513672
1784805838070169600,26.473714590072632,21.82974624633789
1784805838080088576,26.483633518218994,24.468917846679688
1784805838090008832,26.493553638458252,27.781368255615234
1784805838099927552,26.503472566604614,31.0428466796875
1784805838109847808,26.513392686843872,33.86188507080078
1784805838119766784,26.523311614990234,36.6881217956543
1784805838129686528,26.533231496810913,39.60999298095703
1784805838139605760,26.543150663375854,42.25624084472656
1784805838149525760,26.553070545196533,44.47654342651367
1784805838159444736,26.562989711761475,46.07237243652344
1784805838169364736,26.572909593582153,47.28306579589844
1784805838179283712,26.582828521728516,48.30360794067383
1784805838189203712,26.592748641967773,48.93041229248047
1784805838199122688,26.602667570114136,49.18932342529297
1784805838209042688,26.612587690353394,49.49578857421875
1784805838218961664,26.622506618499756,49.53572463989258
1784805838228881664,26.632426500320435,48.643333435058594
1784805838238800640,26.642345666885376,47.6964225769043
1784805838248720640,26.652265548706055,46.82380294799805
1784805838258639872,26.662184715270996,45.92097473144531
1784805838268559616,26.672104597091675,45.07218551635742
1784805838278478592,26.682023525238037,44.12165832519531
1784805838288398848,26.691943645477295,43.305694580078125
1784805838298317568,26.701862573623657,42.69941711425781
1784805838308237824,26.711782693862915,42.11151885986328
1784805838318156800,26.721701622009277,41.434600830078125
1784805838328076544,26.731621503829956,40.789127349853516
1784805838337995776,26.741540670394897,40.1663703918457
1784805838347915776,26.751460552215576,39.588802337646484
1784805838357834752,26.761379718780518,39.00629806518555
1784805838367754752,26.771299600601196,38.7172966003418
1784805838377673728,26.78121852874756,38.52202224731445
1784805838387593728,26.791138648986816,38.379940032958984
1784805838397512704,26.80105757713318,38.17280960083008
1784805838407432704,26.810977697372437,37.972530364990234
1784805838417351680,26.8208966255188,37.91128158569336
1784805838427271680,26.830816507339478,37.975685119628906
1784805838437190656,26.84073567390442,38.042999267578125
1784805838447110656,26.850655555725098,38.09883499145508
1784805838457029888,26.86057472229004,38.104942321777344
1784805838466948864,26.8704936504364,38.0737419128418
1784805838476868608,26.88041353225708,37.869075775146484
1784805838486788864,26.890333652496338,37.491695404052734
1784805838496707584,26.9002525806427,36.97747039794922
1784805838506626560,26.910171508789062,36.302764892578125
1784805838516546816,26.92009162902832,35.497161865234375
1784805838526465536,26.930010557174683,34.60335159301758
1784805838536385792,26.93993067741394,33.821834564208984
1784805838546304000,26.949848890304565,33.08695602416992
1784805838556224000,26.959769010543823,32.367698669433594
1784805838566142976,26.969687938690186,31.81476593017578
1784805838576063232,26.979608058929443,31.368305206298828
1784805838585982208,26.989526987075806,31.041786193847656
1784805838595901952,26.999446868896484,30.922866821289062
1784805838605821184,27.009366035461426,30.60220718383789
1784805838615740928,27.019285917282104,29.89203643798828
1784805838625659904,27.029204845428467,29.322803497314453
1784805838635580160,27.039124965667725,28.804370880126953
1784805838645498880,27.049043893814087,28.67279815673828
1784805838655419136,27.058964014053345,29.051406860351562
1784805838665338112,27.068882942199707,29.562782287597656
1784805838675258112,27.078803062438965,29.997783660888672
1784805838685177088,27.088721990585327,31.02798080444336
1784805838695097088,27.098641872406006,32.2600212097168
1784805838705016064,27.108561038970947,34.300357818603516
1784805838714936064,27.118480920791626,36.162723541259766
1784805838724855040,27.12839984893799,37.3252067565918
1784805838734775040,27.138319969177246,38.71232604980469
1784805838744694016,27.14823889732361,39.80766677856445
1784805838754614016,27.158159017562866,40.47767639160156
1784805838764532992,27.16807794570923,42.094200134277344
1784805838774452992,27.177997827529907,44.95607376098633
1784805838784371968,27.18791699409485,48.670387268066406
1784805838794291968,27.197836875915527,52.72456359863281
1784805838804211200,27.20775604248047,57.25231170654297
1784805838814130944,27.217675924301147,63.315895080566406
1784805838824049920,27.22759485244751,70.75253295898438
1784805838833970176,27.237514972686768,78.55503845214844
1784805838843888896,27.24743390083313,86.82928466796875
1784805838853809152,27.257354021072388,96.85255432128906
1784805838863728128,27.26727294921875,107.86062622070312
1784805838873647872,27.27719283103943,119.19786071777344
1784805838883567104,27.28711199760437,127.98478698730469
1784805838893487104,27.29703187942505,134.968017578125
1784805838903406080,27.30695104598999,141.11166381835938
1784805838913326080,27.31687092781067,146.08697509765625
1784805838923245056,27.32678985595703,150.7235565185547
1784805838933165056,27.33670997619629,155.91326904296875
1784805838943084032,27.34662890434265,163.11703491210938
1784805838953004032,27.35654902458191,168.82077026367188
1784805838962923008,27.36646795272827,173.34432983398438
1784805838972843008,27.37638783454895,178.4743194580078
1784805838982761984,27.38630700111389,183.85826110839844
1784805838992681984,27.39622688293457,188.9481964111328
1784805839002601216,27.40614604949951,193.22068786621094
1784805839012520960,27.41606593132019,195.3397674560547
1784805839022439936,27.425984859466553,195.51483154296875
1784805839032360192,27.43590497970581,194.48988342285156
1784805839042278912,27.445823907852173,192.74830627441406
1784805839052199168,27.45574402809143,190.32583618164062
1784805839062118144,27.465662956237793,187.0827178955078
1784805839072037888,27.47558283805847,183.15394592285156
1784805839081957120,27.485502004623413,178.6861572265625
1784805839091876864,27.495421886444092,173.78753662109375
1784805839101796096,27.505341053009033,168.3665771484375
1784805839111716096,27.515260934829712,162.30386352539062
1784805839121635072,27.525179862976074,155.72312927246094
1784805839131555072,27.535099983215332,148.73924255371094
1784805839141474048,27.545018911361694,141.4923095703125
1784805839151394048,27.554939031600952,134.13265991210938
1784805839161313024,27.564857959747314,126.87899780273438
1784805839171233024,27.574777841567993,119.83915710449219
1784805839181152000,27.584697008132935,113.03903198242188
1784805839191072000,27.594616889953613,106.54036712646484
1784805839200991232,27.604536056518555,100.28471374511719
1784805839210910208,27.614454984664917,93.69281005859375
1784805839220829952,27.624374866485596,87.4659423828125
1784805839230749184,27.634294033050537,81.19357299804688
1784805839240668928,27.644213914871216,74.96022033691406
1784805839250587904,27.654132843017578,68.95497131347656
1784805839260508160,27.664052963256836,63.19987487792969
1784805839270426880,27.6739718914032,57.765663146972656
1784805839280347136,27.683892011642456,52.83872985839844
1784805839290266112,27.69381093978882,48.435707092285156
1784805839300186112,27.703731060028076,42.576412200927734
1784805839310105088,27.71364998817444,39.87584686279297
1784805839320025088,27.723569869995117,37.74882888793945
1784805839329944064,27.73348903656006,36.67026901245117
1784805839339864064,27.743408918380737,37.44651794433594
1784805839349783040,27.7533278465271,39.19654083251953
1784805839359703040,27.763247966766357,40.87012481689453
1784805839369622016,27.77316689491272,43.028690338134766
1784805839379542016,27.783087015151978,45.82903289794922
1784805839389460992,27.79300594329834,49.10209655761719
1784805839399381248,27.802926063537598,52.56671142578125
1784805839409299968,27.81284499168396,54.89799499511719
1784805839419219968,27.82276487350464,57.25621032714844
1784805839429139200,27.83268404006958,59.984046936035156
1784805839439058944,27.84260392189026,62.48529052734375
1784805839448977920,27.85252285003662,64.3281021118164
1784805839458898176,27.86244297027588,65.74100494384766
1784805839468816896,27.87236189842224,66.8647232055664
1784805839478737152,27.8822820186615,67.58495330810547
1784805839488656128,27.89220094680786,68.25328063964844
1784805839498575872,27.90212082862854,69.09217834472656
1784805839508495104,27.91203999519348,69.77283477783203
1784805839518414848,27.92195987701416,70.25101470947266
1784805839528334080,27.9318790435791,70.67791748046875
1784805839538254080,27.94179892539978,71.41442108154297
1784805839548173056,27.951717853546143,71.9240493774414
1784805839558091776,27.961636781692505,72.40081024169922
1784805839568012032,27.971556901931763,72.9664535522461
1784805839577931008,27.981475830078125,73.48567199707031
1784805839587850752,27.991395711898804,73.87387084960938
1784805839597769984,28.001314878463745,74.0360107421875
1784805839607689984,28.011234760284424,74.05663299560547
1784805839617608960,28.021153926849365,74.07292175292969
1784805839627528960,28.031073808670044,74.14103698730469
1784805839637447936,28.040992736816406,74.38690185546875
1784805839647367936,28.050912857055664,74.80924224853516
1784805839657286912,28.060831785202026,75.02252960205078
1784805839667206912,28.070751905441284,75.02969360351562
1784805839677125888,28.080670833587646,74.9073257446289
1784805839687045888,28.090590715408325,74.70140838623047
1784805839696964864,28.100509881973267,74.45601654052734
1784805839706884864,28.110429763793945,74.27718353271484
1784805839716804096,28.120348930358887,74.09213256835938
1784805839726723840,28.130268812179565,73.8052749633789
1784805839736642816,28.140187740325928,73.40155029296875
1784805839746563072,28.150107860565186,72.98519134521484
1784805839756481792,28.160026788711548,72.54463195800781
1784805839766402048,28.169946908950806,72.12413024902344
1784805839776321024,28.179865837097168,71.63211059570312
1784805839786240768,28.189785718917847,71.06719970703125
1784805839796160000,28.199704885482788,70.6242904663086
1784805839806078976,28.20962381362915,70.3504638671875
1784805839815998976,28.219543933868408,70.14859008789062
1784805839825917952,28.22946286201477,69.97268676757812
1784805839835837952,28.23938274383545,69.77156829833984
1784805839845756928,28.24930191040039,69.44125366210938
1784805839855676928,28.25922179222107,69.2813491821289
1784805839865595904,28.26914072036743,69.03206634521484
1784805839875515904,28.27906084060669,68.99493408203125
1784805839885434880,28.28897976875305,68.86658477783203
1784805839895354880,28.29889988899231,68.43690490722656
1784805839905273856,28.308818817138672,67.66091918945312
1784805839915194112,28.31873893737793,67.50005340576172
1784805839925113088,28.328657865524292,67.70901489257812
1784805839935032832,28.33857774734497,67.85163116455078
1784805839944952064,28.348496913909912,68.68889617919922
1784805839954871808,28.35841679573059,70.15739440917969
1784805839964790784,28.368335723876953,71.46609497070312
1784805839974711040,28.37825584411621,72.2816390991211
1784805839984629760,28.388174772262573,72.41796875
1784805839994550016,28.39809489250183,72.97102355957031
1784805840004468992,28.408013820648193,74.37181091308594
1784805840014388736,28.417933702468872,77.01363372802734
1784805840024307968,28.427852869033813,81.17257690429688
1784805840034227968,28.437772750854492,86.29149627685547
1784805840044146944,28.447691917419434,91.61278533935547
1784805840054066944,28.457611799240112,96.49666595458984
1784805840063985920,28.467530727386475,102.90113067626953
1784805840073905920,28.477450847625732,109.79707336425781
1784805840083824896,28.487369775772095,117.18916320800781
1784805840093743872,28.497288703918457,125.78990173339844
1784805840103663872,28.507208824157715,135.21876525878906
1784805840113582848,28.517127752304077,144.82106018066406
1784805840123502848,28.527047872543335,154.3771209716797
1784805840133421824,28.536966800689697,161.57595825195312
1784805840143342080,28.546886920928955,167.26722717285156
1784805840153261056,28.556805849075317,172.12635803222656
1784805840163180800,28.566725730895996,176.5631103515625
1784805840173100032,28.576644897460938,181.4949951171875
1784805840183019776,28.586564779281616,186.0165252685547
1784805840192938752,28.59648370742798,190.4264678955078
1784805840202859008,28.606403827667236,195.685302734375
1784805840212777728,28.6163227558136,200.78692626953125
1784805840222697984,28.626242876052856,206.3574981689453
1784805840232616960,28.63616180419922,212.0918731689453
1784805840242536960,28.646081924438477,216.58094787597656
1784805840252455936,28.65600085258484,219.04981994628906
1784805840262375936,28.665920734405518,219.4347686767578
1784805840272294912,28.67583990097046,218.19679260253906
1784805840282214912,28.685759782791138,215.90695190429688
1784805840292133888,28.6956787109375,212.7969512939453
1784805840302053888,28.705598831176758,208.84722900390625
1784805840311972864,28.71551775932312,204.14932250976562
1784805840321892864,28.725437879562378,199.0347900390625
1784805840331811840,28.73535680770874,193.20248413085938
1784805840341730816,28.745275735855103,186.6354217529297
1784805840351651072,28.75519585609436,179.2449188232422
1784805840361569792,28.765114784240723,171.19174194335938
1784805840371490048,28.77503490447998,162.91009521484375
1784805840381409024,28.784953832626343,154.70864868164062
1784805840391328768,28.79487371444702,146.69869995117188
1784805840401248000,28.804792881011963,138.98831176757812
1784805840411167744,28.81471276283264,131.48379516601562
1784805840421086976,28.824631929397583,124.08729553222656
1784805840431006976,28.83455181121826,116.86575317382812
1784805840440925952,28.844470739364624,109.8993148803711
1784805840450845952,28.854390859603882,103.23827362060547
1784805840460764928,28.864309787750244,96.7853012084961
1784805840470684928,28.874229907989502,90.57508087158203
1784805840480603904,28.884148836135864,84.55919647216797
1784805840490523904,28.894068717956543,78.60893249511719
1784805840500442880,28.903987884521484,72.77852630615234
1784805840510362880,28.913907766342163,67.13311767578125
1784805840520282112,28.923826932907104,61.68048095703125
1784805840530200832,28.933745861053467,56.859466552734375
1784805840540120832,28.943665742874146,52.51551055908203
1784805840550039808,28.953584671020508,47.95753479003906
1784805840559959808,28.963504791259766,45.84063720703125
1784805840569878784,28.973423719406128,45.4259033203125
1784805840579798784,28.983343601226807,46.79676055908203
1784805840589717760,28.993262767791748,49.71152114868164
1784805840599637760,29.003182649612427,51.45044708251953
1784805840609556736,29.01310157775879,52.13405990600586
1784805840619476736,29.023021697998047,53.61735153198242
1784805840629395712,29.03294062614441,56.12791442871094
1784805840639315968,29.042860746383667,59.261260986328125
1784805840649234688,29.05277967453003,61.944122314453125
1784805840659154944,29.062699794769287,64.7828140258789
1784805840669073920,29.07261872291565,67.71703338623047
1784805840678993664,29.082538604736328,70.27420043945312
1784805840688912896,29.09245777130127,72.48036193847656
1784805840698832640,29.10237765312195,74.52088165283203
1784805840708751616,29.11229658126831,76.35691833496094
1784805840718671872,29.12221670150757,77.81549072265625
1784805840728590848,29.13213562965393,79.25328826904297
1784805840738509824,29.142054796218872,80.54316711425781
1784805840748429824,29.15197467803955,81.29957580566406
1784805840758348800,29.161893606185913,81.78588104248047
1784805840768268800,29.17181372642517,82.3880615234375
1784805840778187776,29.181732654571533,82.82632446289062
1784805840788107776,29.19165277481079,83.04401397705078
1784805840798026752,29.201571702957153,83.23868560791016
1784805840807946752,29.211491584777832,83.52336883544922
1784805840817865728,29.221410751342773,83.73628234863281
1784805840827785728,29.231330633163452,83.84073638916016
1784805840837704960,29.241249799728394,83.95996856689453
1784805840847624704,29.251169681549072,83.9267578125
1784805840857543680,29.261088609695435,83.58618927001953
1784805840867463936,29.271008729934692,83.02703857421875
1784805840877382656,29.280927658081055,82.27769470214844
1784805840887301632,29.290846586227417,81.30464935302734
1784805840897221888,29.300766706466675,80.39614868164062
1784805840907140608,29.310685634613037,79.66698455810547
1784805840917060864,29.320605754852295,79.11244201660156
1784805840926979840,29.330524682998657,78.62213134765625
1784805840936899840,29.340444803237915,78.21607971191406
1784805840946818816,29.350363731384277,77.94363403320312
1784805840956738816,29.360283613204956,77.67694091796875
1784805840966657792,29.370202779769897,77.3058090209961
1784805840976577792,29.380122661590576,76.7221908569336
1784805840986496768,29.39004158973694,75.90343475341797
1784805840996416768,29.399961709976196,74.99581146240234
1784805841006335744,29.40988063812256,74.00792694091797
1784805841016255744,29.419800758361816,73.04432678222656
1784805841026174720,29.42971968650818,72.1272964477539
1784805841036094976,29.439639806747437,71.25878143310547
1784805841046013952,29.4495587348938,70.59614562988281
1784805841055932672,29.45947766304016,70.1779556274414
1784805841065852928,29.46939778327942,69.96070861816406
1784805841075771904,29.47931671142578,69.69973754882812
1784805841085691648,29.48923659324646,69.4784927368164
1784805841095610880,29.4991557598114,69.23091888427734
1784805841105530624,29.50907564163208,68.68708038330078
1784805841115449856,29.51899480819702,68.38421630859375
1784805841125369856,29.5289146900177,68.39810180664062
1784805841135288832,29.538833618164062,68.69496154785156
1784805841145208832,29.54875373840332,69.16354370117188
1784805841155127808,29.558672666549683,69.31220245361328
1784805841165047808,29.56859278678894,69.48994445800781
1784805841174966784,29.578511714935303,69.95968627929688
1784805841184886784,29.58843159675598,70.30577087402344
1784805841194805760,29.598350763320923,70.61308288574219
1784805841204724736,29.608269691467285,71.461181640625
1784805841214644992,29.618189811706543,72.442626953125
1784805841224563712,29.628108739852905,73.49472045898438
1784805841234483712,29.638028621673584,74.46083068847656
1784805841244402944,29.647947788238525,75.18562316894531
1784805841254322688,29.657867670059204,75.70561981201172
1784805841264241664,29.667786598205566,76.85552215576172
1784805841274161920,29.677706718444824,77.91063690185547
1784805841284080640,29.687625646591187,78.91053009033203
1784805841294000896,29.697545766830444,81.30094909667969
1784805841303919872,29.707464694976807,84.44798278808594
1784805841313839616,29.717384576797485,88.58428192138672
1784805841323758848,29.727303743362427,94.62593078613281
1784805841333678848,29.737223625183105,101.293212890625
1784805841343597824,29.747142791748047,107.61039733886719
1784805841353517824,29.757062673568726,113.62846374511719
1784805841363436800,29.766981601715088,120.10250854492188
1784805841373355776,29.77690076828003,129.24905395507812
1784805841383275776,29.786820650100708,140.0746307373047
1784805841393194752,29.79673957824707,151.29530334472656
1784805841403114752,29.806659698486328,161.1743927001953
1784805841413033728,29.81657862663269,170.1959991455078
1784805841422953728,29.82649874687195,177.8809814453125
1784805841432872704,29.83641767501831,183.8905487060547
1784805841442792960,29.84633779525757,189.57550048828125
1784805841452711936,29.85625672340393,194.56007385253906
1784805841462631680,29.86617660522461,199.92391967773438
1784805841472550912,29.87609577178955,203.27552795410156
1784805841482470656,29.88601565361023,207.3282928466797
1784805841492389632,29.895934581756592,211.2408905029297
1784805841502309888,29.90585470199585,215.0341033935547
1784805841512228608,29.915773630142212,218.3994598388672
1784805841522148864,29.92569375038147,221.57615661621094
1784805841532067840,29.935612678527832,223.6558837890625
1784805841541986816,29.945531606674194,223.92919921875
1784805841551907328,29.95545220375061,222.9229736328125
1784805841561826304,29.965371131896973,220.93460083007812
1784805841571746304,29.97529125213623,218.02053833007812
1784805841581665280,29.985210180282593,213.3718719482422
1784805841591585280,29.99513030052185,207.80130004882812
1784805841601504256,30.005049228668213,201.6909942626953
1784805841611424256,30.01496911048889,195.00338745117188
1784805841621343488,30.024888277053833,187.61012268066406
1784805841631263232,30.03480815887451,179.4469757080078
1784805841641182208,30.044727087020874,170.78689575195312
1784805841651102208,30.054647207260132,161.86572265625
1784805841661021184,30.064566135406494,153.03240966796875
1784805841670941440,30.074486255645752,144.59471130371094
1784805841680860160,30.084405183792114,136.70008850097656
1784805841690780416,30.094325304031372,129.41647338867188
1784805841700699392,30.104244232177734,122.66770935058594
1784805841710619136,30.114164113998413,116.38646697998047
1784805841720538368,30.124083280563354,110.568115234375
1784805841730457344,30.134002208709717,105.17479705810547
1784805841740377088,30.143922090530396,100.01852416992188
1784805841750296320,30.153841257095337,94.89043426513672
1784805841760216320,30.163761138916016,89.6575927734375
1784805841770135296,30.173680305480957,84.24433898925781
1784805841780055296,30.183600187301636,78.69659423828125
1784805841789974272,30.193519115447998,73.09082794189453
1784805841799894272,30.203439235687256,67.71231842041016
1784805841809813248,30.213358163833618,63.27690124511719
1784805841819733504,30.223278284072876,58.75428771972656
1784805841829652224,30.23319721221924,54.86951446533203
1784805841839572224,30.243117094039917,53.92308044433594
1784805841849491456,30.25303626060486,52.63851547241211
1784805841859411200,30.262956142425537,52.43732452392578
1784805841869330432,30.27287530899048,54.062896728515625
1784805841879250176,30.282795190811157,56.325927734375
1784805841889169152,30.29271411895752,58.42296600341797
1784805841899088384,30.30263328552246,60.85801696777344
1784805841909008384,30.31255316734314,64.07380676269531
1784805841918927104,30.322472095489502,66.91793060302734
1784805841928847360,30.33239221572876,69.1806640625
1784805841938766336,30.342311143875122,71.28097534179688
1784805841948686336,30.35223126411438,73.24070739746094
1784805841958605312,30.362150192260742,75.08289337158203
1784805841968525312,30.3720703125,76.79718017578125
1784805841978444288,30.381989240646362,78.0570068359375
1784805841988364288,30.39190912246704,79.04965209960938
1784805841998283264,30.401828289031982,79.90275573730469
1784805842008203264,30.41174817085266,80.63504791259766
1784805842018122240,30.421667098999023,81.26538848876953
1784805842028042240,30.43158721923828,81.58072662353516
1784805842037961216,30.441506147384644,81.69546508789062
1784805842047881472,30.4514262676239,81.57062530517578
1784805842057800192,30.461345195770264,81.44401550292969
1784805842067720192,30.471265077590942,81.00194549560547
1784805842077639424,30.481184244155884,80.39498901367188
1784805842087558144,30.491103172302246,79.68852233886719
1784805842097478400,30.501023292541504,78.86737823486328
1784805842107397376,30.510942220687866,78.06336212158203
1784805842117317120,30.520862102508545,77.3414306640625
1784805842127236352,30.530781269073486,76.45587158203125
1784805842137156352,30.540701150894165,75.3401870727539
1784805842147075072,30.550620079040527,74.17731475830078
1784805842156995328,30.560540199279785,73.15637969970703
1784805842166914304,30.570459127426147,72.27092742919922
1784805842176834304,30.580379247665405,71.48197174072266
1784805842186753280,30.590298175811768,70.6852798461914
1784805842196673280,30.600218296051025,70.08988189697266
1784805842206592256,30.610137224197388,69.77976989746094
1784805842216512256,30.620057106018066,69.79048919677734
1784805842226431488,30.629976272583008,69.88294219970703
1784805842236351232,30.639896154403687,70.02224731445312
1784805842246270208,30.64981508255005,70.5085678100586
1784805842256190208,30.659735202789307,71.18830108642578
1784805842266109184,30.66965413093567,71.70195007324219
1784805842276028416,30.67957329750061,72.18560028076172
1784805842285948160,30.68949317932129,72.6924057006836
1784805842295867136,30.69941210746765,73.10821533203125
1784805842305787392,30.70933222770691,73.47965240478516
1784805842315706368,30.71925115585327,73.89559173583984
1784805842325626368,30.72917127609253,74.2327880859375
1784805842335545344,30.73909020423889,74.34587860107422
1784805842345465088,30.74901008605957,74.02586364746094
1784805842355384320,30.75892925262451,73.43142700195312
1784805842365304320,30.76884913444519,72.93870544433594
1784805842375223296,30.778768301010132,72.41366577148438
1784805842385143296,30.78868818283081,71.75485229492188
1784805842395062272,30.798607110977173,71.06755065917969
1784805842404982272,30.80852723121643,70.72652435302734
1784805842414901248,30.818446159362793,70.31009674072266
1784805842424821504,30.82836627960205,69.6439208984375
1784805842434740224,30.838285207748413,68.83069610595703
1784805842444660224,30.848205089569092,67.6801528930664
1784805842454579456,30.858124256134033,66.81173706054688
1784805842464499200,30.868044137954712,66.69424438476562
1784805842474418432,30.877963304519653,66.7924575805664
1784805842484338176,30.887883186340332,66.5584487915039
1784805842494257152,30.897802114486694,66.12751770019531
1784805842504176384,30.907721281051636,67.080810546875
1784805842514096384,30.917641162872314,68.92621612548828
1784805842524015104,30.927560091018677,70.8175048828125
1784805842533935360,30.937480211257935,72.97161102294922
1784805842543854336,30.947399139404297,74.04600524902344
1784805842553774848,30.957319736480713,74.82628631591797
1784805842563694080,30.967238903045654,76.66368103027344
1784805842573613824,30.977158784866333,78.88318634033203
1784805842583532800,30.987077713012695,82.65202331542969
1784805842593453056,30.996997833251953,86.21430206298828
1784805842603371776,31.006916761398315,90.37165069580078
1784805842613292032,31.016836881637573,95.73450469970703
1784805842623211008,31.026755809783936,101.19282531738281
1784805842633131008,31.036675930023193,108.18197631835938
1784805842643049984,31.046594858169556,117.50707244873047
1784805842652969728,31.056514739990234,129.19126892089844
1784805842662888960,31.066433906555176,141.84652709960938
1784805842672808960,31.076353788375854,153.27960205078125
1784805842682727936,31.086272716522217,162.81753540039062
1784805842692647936,31.096192836761475,170.4782257080078
1784805842702566912,31.106111764907837,176.35255432128906
1784805842712486912,31.116031885147095,181.40762329101562
1784805842722405888,31.125950813293457,185.990478515625
1784805842732326144,31.135870933532715,190.14752197265625
1784805842742244864,31.145789861679077,194.41905212402344
1784805842752164864,31.155709743499756,199.32809448242188
1784805842762084096,31.165628910064697,204.30526733398438
1784805842772002816,31.17554783821106,208.9115753173828
1784805842781922816,31.18546772003174,214.35397338867188
1784805842791842048,31.19538688659668,219.47267150878906
1784805842801761792,31.20530676841736,224.13519287109375
1784805842811681024,31.2152259349823,228.57321166992188
1784805842821601024,31.22514581680298,232.76217651367188
1784805842831519744,31.23506474494934,235.1937255859375
1784805842841440000,31.2449848651886,235.736328125
1784805842851358976,31.25490379333496,235.16567993164062
1784805842861278976,31.26482391357422,234.1029510498047
1784805842871197952,31.27474284172058,232.5391387939453
1784805842881117696,31.28466272354126,229.89047241210938
1784805842891036928,31.2945818901062,226.01699829101562
1784805842900956928,31.30450177192688,221.3866729736328
1784805842910876160,31.31442093849182,216.0682373046875
1784805842920795904,31.3243408203125,209.70407104492188
1784805842930714880,31.334259748458862,202.32928466796875
1784805842940634880,31.34417986869812,193.98361206054688
1784805842950553856,31.354098796844482,185.14407348632812
1784805842960474112,31.36401891708374,176.20399475097656
1784805842970392832,31.373937845230103,167.27027893066406
1784805842980312832,31.38385772705078,158.45938110351562
1784805842990232064,31.393776893615723,150.10726928710938
1784805843000151808,31.4036967754364,142.3336944580078
1784805843010070784,31.413615703582764,135.03640747070312
1784805843019991040,31.42353582382202,128.36988830566406
1784805843029909760,31.433454751968384,122.17503356933594
1784805843039830016,31.44337487220764,116.30752563476562
1784805843049748992,31.453293800354004,110.70293426513672
1784805843059668992,31.46321392059326,105.30917358398438
1784805843069587968,31.473132848739624,100.0017318725586
1784805843079507712,31.483052730560303,94.73448181152344
1784805843089426944,31.492971897125244,89.52825927734375
1784805843099345920,31.502890825271606,84.2742919921875
1784805843109265920,31.512810707092285,78.93848419189453
1784805843119184896,31.522729873657227,73.9050521850586
1784805843129104896,31.532649755477905,69.8350601196289
1784805843139024128,31.542568922042847,65.1507568359375
1784805843148943872,31.552488803863525,61.50108337402344
1784805843158862848,31.562407732009888,60.27427673339844
1784805843168782848,31.572327852249146,59.608253479003906
1784805843178701824,31.582246780395508,59.686614990234375
1784805843188622080,31.592166900634766,61.284034729003906
1784805843198540800,31.602085828781128,63.90705108642578
1784805843208460800,31.612005710601807,66.43828582763672
1784805843218380032,31.621924877166748,68.38296508789062
1784805843228299776,31.631844758987427,70.8307113647461
1784805843238219008,31.641763925552368,73.53196716308594
1784805843248139008,31.651683807373047,75.99976348876953
1784805843258057728,31.66160273551941,77.73622131347656
1784805843267977984,31.671522855758667,79.73090362548828
1784805843277896960,31.68144178390503,81.70826721191406
1784805843287816960,31.691361904144287,83.38372802734375
1784805843297735936,31.70128083229065,84.67765045166016
1784805843307655936,31.711200714111328,85.60362243652344
1784805843317574912,31.72111988067627,86.4634780883789
1784805843327494912,31.73103976249695,87.21913146972656
1784805843337414144,31.74095892906189,87.70581817626953
1784805843347333888,31.75087881088257,88.05946350097656
1784805843357252864,31.76079773902893,88.14189147949219
1784805843367172864,31.77071785926819,88.06318664550781
1784805843377091840,31.78063678741455,87.98804473876953
1784805843387012096,31.79055690765381,87.60069274902344
1784805843396930816,31.80047583580017,86.79578399658203
1784805843406850816,31.81039571762085,85.92337036132812
1784805843416770048,31.82031488418579,85.00999450683594
1784805843426689792,31.83023476600647,84.08245849609375
1784805843436609024,31.84015393257141,83.0531005859375
1784805843446529024,31.85007381439209,82.07453918457031
1784805843456447744,31.859992742538452,81.1391372680664
1784805843466368000,31.86991286277771,80.17251586914062
1784805843476286976,31.879831790924072,79.281005859375
1784805843486206976,31.88975191116333,78.5096435546875
1784805843496125952,31.899670839309692,77.9316635131836
1784805843506044928,31.909589767456055,77.33492279052734
1784805843515964928,31.919509887695312,76.7706298828125
1784805843525883904,31.929428815841675,76.25714874267578
1784805843535804160,31.939348936080933,75.76737213134766
1784805843545722368,31.949267387390137,75.49845886230469
1784805843555642624,31.959187507629395,75.50853729248047
1784805843565561600,31.969106435775757,75.68000793457031
1784805843575481600,31.979026556015015,75.79420471191406
1784805843585400576,31.988945484161377,75.7994384765625
1784805843595320576,31.998865365982056,75.74739837646484
1784805843605239552,32.008784532547,75.80132293701172
1784805843615159552,32.018704414367676,75.82229614257812
1784805843625078528,32.02862334251404,75.62723541259766
1784805843634998528,32.038543462753296,75.42522430419922
1784805843644917504,32.04846239089966,75.22039794921875
1784805843654837504,32.058382511138916,74.92061614990234
1784805843664756480,32.06830143928528,74.35400390625
1784805843674676736,32.078221559524536,73.8879623413086
1784805843684595712,32.0881404876709,73.53805541992188
1784805843694515456,32.09806036949158,73.21585083007812
1784805843704434688,32.10797953605652,73.06513214111328
1784805843714354432,32.1178994178772,72.89786529541016
1784805843724273408,32.12781834602356,72.62750244140625
1784805843734193664,32.13773846626282,72.16692352294922
1784805843744112384,32.14765739440918,71.71880340576172
1784805843754032640,32.15757751464844,71.33141326904297
1784805843763951616,32.1674964427948,71.32584381103516
1784805843773871616,32.17741656303406,71.67156219482422
1784805843783790592,32.18733549118042,72.49595642089844
1784805843793710592,32.1972553730011,73.23095703125
1784805843803629568,32.20717453956604,73.91484069824219
1784805843813549568,32.21709442138672,74.9123764038086
1784805843823468544,32.22701334953308,76.09290313720703
1784805843833388544,32.23693346977234,78.14387512207031
1784805843843307520,32.2468523979187,79.82582092285156
1784805843853227520,32.25677251815796,80.87287902832031
1784805843863146496,32.26669144630432,80.79106903076172
1784805843873066496,32.276611328125,81.24774932861328
1784805843882985472,32.28653049468994,82.02778625488281
1784805843892905472,32.29645037651062,83.74219512939453
1784805843902824704,32.30636954307556,85.49340057373047
1784805843912744448,32.31628942489624,88.8253173828125
1784805843922663424,32.3262083530426,95.81523895263672
1784805843932583680,32.33612847328186,102.68341827392578
1784805843942502400,32.34604740142822,109.07147216796875
1784805843952422656,32.35596752166748,115.72376251220703
1784805843962341632,32.36588644981384,124.1207275390625
1784805843972261376,32.37580633163452,134.62330627441406
1784805843982180608,32.38572549819946,146.96881103515625
1784805843992100352,32.39564538002014,159.68338012695312
1784805844002019584,32.40556454658508,169.91488647460938
1784805844011939584,32.41548442840576,177.6106414794922
1784805844021858560,32.425403356552124,183.67404174804688
1784805844031777536,32.435322523117065,189.31829833984375
1784805844041697536,32.445242404937744,194.44764709472656
1784805844051616512,32.455161333084106,198.23248291015625
1784805844061536512,32.465081453323364,204.3916015625
1784805844071455488,32.47500038146973,210.05357360839844
1784805844081375488,32.484920501708984,214.89486694335938
1784805844091294464,32.49483942985535,220.31607055664062
1784805844101214720,32.504759550094604,225.86746215820312
1784805844111133696,32.51467847824097,230.91268920898438
1784805844121053440,32.524598360061646,235.10723876953125
1784805844130972672,32.53451752662659,238.2174835205078
1784805844140892416,32.544437408447266,239.93121337890625
1784805844150811392,32.55435633659363,240.17330932617188
1784805844160731648,32.564276456832886,239.18377685546875
1784805844170650368,32.57419538497925,237.08462524414062
1784805844180570624,32.584115505218506,233.8187713623047
1784805844190489600,32.59403443336487,229.42495727539062
1784805844200409600,32.603954553604126,224.13116455078125
1784805844210328576,32.61387348175049,218.1099853515625
1784805844220248576,32.62379336357117,211.51510620117188
1784805844230167552,32.63371253013611,204.39259338378906
1784805844240087552,32.64363241195679,196.79537963867188
1784805844250006528,32.65355134010315,188.51116943359375
1784805844259926528,32.66347146034241,179.92282104492188
1784805844269845504,32.67339038848877,171.0098114013672
1784805844279765504,32.68331050872803,162.18435668945312
1784805844289684480,32.69322943687439,153.72369384765625
1784805844299604736,32.70314955711365,145.74803161621094
1784805844309523456,32.71306848526001,138.21746826171875
1784805844319443456,32.72298836708069,131.07452392578125
1784805844329362688,32.73290753364563,124.26803588867188
1784805844339282432,32.74282741546631,117.80105590820312
1784805844349201408,32.75274634361267,111.62528991699219
1784805844359121664,32.76266646385193,105.5583267211914
1784805844369040384,32.77258539199829,99.46089935302734
1784805844378960640,32.78250551223755,93.22111511230469
1784805844388879616,32.79242444038391,86.79306030273438
1784805844398799616,32.80234456062317,80.24906921386719
1784805844408718592,32.81226348876953,73.83287811279297
1784805844418638592,32.82218337059021,67.93773651123047
1784805844428557568,32.83210253715515,63.299407958984375
1784805844438477568,32.84202241897583,58.05028533935547
1784805844448396544,32.85194134712219,54.378082275390625
1784805844458316544,32.86186146736145,51.61042022705078
1784805844468235520,32.87178039550781,49.18424987792969
1784805844478155520,32.88170051574707,49.55463790893555
1784805844488074496,32.89161944389343,50.67683029174805
1784805844497994752,32.90153956413269,51.646873474121094
1784805844507913472,32.91145849227905,53.690773010253906
1784805844517833472,32.92137837409973,56.26768493652344
1784805844527752704,32.93129754066467,58.67542266845703
1784805844537672448,32.94121742248535,61.65283203125
1784805844547590400,32.9511353969574,64.4682846069336
1784805844557510656,32.961055517196655,66.82085418701172
1784805844567429632,32.97097444534302,69.18226623535156
1784805844577349376,32.980894327163696,71.34037780761719
1784805844587268608,32.99081349372864,72.99842071533203
1784805844597188352,33.000733375549316,74.5516586303711
1784805844607107584,33.01065254211426,76.19620513916016
1784805844617027584,33.02057242393494,77.88951873779297
1784805844626946560,33.0304913520813,79.23657989501953
1784805844636866560,33.04041147232056,80.47848510742188
1784805844646785536,33.05033040046692,81.78256225585938
1784805844656705536,33.06025052070618,83.01322174072266
1784805844666624512,33.07016944885254,83.99478912353516
1784805844676544512,33.08008933067322,84.46467590332031
1784805844686463488,33.09000849723816,84.52659606933594
1784805844696383488,33.09992837905884,84.35137176513672
1784805844706302720,33.10984754562378,83.89254760742188
1784805844716222464,33.11976742744446,83.1925277709961
1784805844726141440,33.12968635559082,82.4892578125
1784805844736061696,33.13960647583008,81.74585723876953
1784805844745980416,33.14952540397644,80.86588287353516
1784805844755900672,33.1594455242157,79.91451263427734
1784805844765819648,33.16936445236206,79.05248260498047
1784805844775739392,33.17928433418274,78.3570556640625
1784805844785658624,33.18920350074768,77.81822204589844
1784805844795578368,33.19912338256836,77.3464126586914
1784805844805497600,33.2090425491333,76.91089630126953
1784805844815417600,33.21896243095398,76.57164764404297
1784805844825336576,33.22888135910034,76.31936645507812
1784805844835256576,33.2388014793396,75.96050262451172
1784805844845175552,33.24872040748596,75.48246765136719
1784805844855095552,33.25864052772522,74.88310241699219
1784805844865014528,33.26855945587158,74.06612396240234
1784805844874934528,33.27847933769226,73.2662353515625
1784805844884853504,33.2883985042572,72.52892303466797
1784805844894773504,33.29831838607788,71.85753631591797
1784805844904692736,33.30823755264282,71.2894515991211
1784805844914612480,33.3181574344635,70.7492904663086
1784805844924531456,33.32807636260986,70.22299194335938
1784805844934451456,33.33799648284912,69.64777374267578
1784805844944370432,33.34791541099548,69.23748779296875
1784805844954290688,33.35783553123474,68.84465026855469
1784805844964209664,33.3677544593811,68.35820770263672
1784805844974129408,33.37767434120178,68.2057876586914
1784805844984048640,33.387593507766724,68.42711639404297
1784805844993968384,33.3975133895874,68.44082641601562
1784805845003887616,33.407432556152344,68.46916961669922
1784805845013807616,33.41735243797302,68.5764389038086
1784805845023726336,33.427271366119385,68.2191162109375
1784805845033646592,33.43719148635864,67.9652328491211
1784805845043565568,33.447110414505005,67.95142364501953
1784805845053485568,33.45703053474426,68.22534942626953
1784805845063404544,33.466949462890625,68.85826110839844
1784805845073324544,33.476869344711304,69.88459014892578
1784805845083243520,33.486788511276245,70.93270111083984
1784805845093163520,33.496708393096924,71.96741485595703
1784805845103082752,33.506627559661865,72.74148559570312
1784805845113002496,33.516547441482544,72.86548614501953
1784805845122921472,33.526466369628906,72.89413452148438
1784805845132841472,33.536386489868164,74.8064956665039
1784805845142760448,33.546305418014526,77.3194808959961
1784805845152680704,33.556225538253784,78.39752197265625
1784805845162599680,33.56614446640015,78.583740234375
1784805845172519424,33.576064348220825,79.48756408691406
1784805845182438656,33.58598351478577,83.6665267944336
1784805845192358400,33.595903396606445,89.72464752197266
1784805845202277632,33.60582256317139,95.2663345336914
1784805845212197632,33.615742444992065,100.97457122802734
1784805845222116352,33.62566137313843,108.1885986328125
1784805845232036608,33.635581493377686,117.53669738769531
1784805845241955584,33.64550042152405,127.40223693847656
1784805845251875584,33.655420541763306,137.95925903320312
1784805845261794560,33.66533946990967,149.17637634277344
1784805845271714560,33.67525935173035,159.85244750976562
1784805845281633536,33.68517851829529,169.2677764892578
1784805845291553536,33.69509840011597,177.86865234375
1784805845301472512,33.70501732826233,184.72027587890625
1784805845311392512,33.71493744850159,190.4147186279297
1784805845321311488,33.72485637664795,195.22482299804688
1784805845331231488,33.73477649688721,199.15377807617188
1784805845341150464,33.74469542503357,203.86228942871094
1784805845351070720,33.75461554527283,210.7149200439453
1784805845360989696,33.76453447341919,216.81802368164062
1784805845370909440,33.77445435523987,221.15740966796875
1784805845380828672,33.78437352180481,224.79022216796875
1784805845390748416,33.79429340362549,228.89654541015625
1784805845400667392,33.80421233177185,232.97354125976562
1784805845410587648,33.81413245201111,236.48272705078125
1784805845420506368,33.82405138015747,239.03109741210938
1784805845430426624,33.83397150039673,240.69371032714844
1784805845440345600,33.84389042854309,241.50967407226562
1784805845450265600,33.85381054878235,241.79165649414062
1784805845460184576,33.86372947692871,241.44654846191406
1784805845470104576,33.87364935874939,240.18722534179688
1784805845480023552,33.88356852531433,237.73165893554688
1784805845489943552,33.89348840713501,234.14559936523438
1784805845499862528,33.90340733528137,229.87948608398438
1784805845509782528,33.91332745552063,225.38604736328125
1784805845519701504,33.92324638366699,220.606201171875
1784805845529621504,33.93316650390625,215.35472106933594
1784805845539540480,33.94308543205261,209.0895233154297
1784805845549460224,33.95300507545471,201.871826171875
1784805845559379200,33.962924003601074,193.9141845703125
1784805845569299200,33.97284412384033,185.39096069335938
1784805845579218176,33.982763051986694,176.49197387695312
1784805845589138176,33.99268317222595,167.6243133544922
1784805845599057152,34.002602100372314,158.9779052734375
1784805845608977152,34.01252198219299,150.63973999023438
1784805845618896128,34.022441148757935,142.6966552734375
1784805845628816128,34.03236103057861,135.1243133544922
1784805845638735104,34.042279958724976,127.80570983886719
1784805845648655104,34.05220007896423,120.74124145507812
1784805845658574080,34.062119007110596,114.02139282226562
1784805845668494336,34.07203912734985,107.60749053955078
1784805845678413056,34.081958055496216,101.42822265625
1784805845688333312,34.091878175735474,95.37590026855469
1784805845698252288,34.101797103881836,89.3114242553711
1784805845708172032,34.111716985702515,83.13372802734375
1784805845718091264,34.121636152267456,76.927978515625
1784805845728011008,34.131556034088135,71.22502899169922
1784805845737929984,34.1414749622345,66.36970520019531
1784805845747850240,34.151395082473755,61.181785583496094
1784805845757769216,34.16131401062012,58.480751037597656
1784805845767689216,34.171234130859375,56.878379821777344
1784805845777608192,34.18115305900574,58.226173400878906
1784805845787528192,34.191073179244995,59.91786193847656
1784805845797447168,34.20099210739136,61.319541931152344
1784805845807367168,34.210911989212036,62.68821716308594
1784805845817286144,34.22083115577698,64.0296630859375
1784805845827206144,34.230751037597656,65.53705596923828
1784805845837125120,34.24066996574402,67.1950912475586
1784805845847045120,34.250590085983276,69.07959747314453
1784805845856964096,34.26050901412964,70.9122085571289
1784805845866884352,34.2704291343689,72.42303466796875
1784805845876803072,34.28034806251526,73.83012390136719
1784805845886723328,34.29026818275452,74.99629211425781
1784805845896642304,34.30018711090088,75.76457214355469
1784805845906562048,34.31010699272156,76.41285705566406
1784805845916481280,34.3200261592865,77.19632720947266
1784805845926401024,34.32994604110718,77.96605682373047
1784805845936320000,34.33986496925354,78.61521911621094
1784805845946240256,34.3497850894928,79.20278930664062
1784805845956160000,34.35970497131348,79.71540069580078
1784805845966079232,34.36962413787842,80.1047592163086
1784805845975999232,34.3795440196991,80.4322738647461
1784805845985918208,34.38946318626404,80.51408386230469
1784805845995838208,34.39938306808472,80.50751495361328
1784805846005757184,34.40930199623108,80.6754150390625
1784805846015677184,34.41922211647034,80.80875396728516
1784805846025596160,34.4291410446167,80.92637634277344
1784805846035516160,34.43906116485596,81.02114868164062
1784805846045435136,34.44898009300232,80.96306610107422
1784805846055355136,34.458899974823,80.81147003173828
1784805846065274112,34.46881914138794,80.66779327392578
1784805846075194112,34.47873902320862,80.55445861816406
1784805846085113088,34.48865795135498,80.42137145996094
1784805846095033088,34.49857807159424,80.32927703857422
1784805846104952064,34.5084969997406,80.19808197021484
1784805846114872320,34.51841711997986,79.9703140258789
1784805846124791040,34.52833604812622,79.71845245361328
1784805846134711296,34.53825616836548,79.44985961914062
1784805846144630272,34.54817509651184,79.12709045410156
1784805846154550016,34.55809497833252,78.74415588378906
1784805846164469248,34.56801414489746,78.3463134765625
1784805846174389248,34.57793402671814,77.86903381347656
1784805846184307968,34.5878529548645,77.3679428100586
1784805846194228224,34.59777307510376,76.78958892822266
1784805846204147200,34.60769200325012,76.08586883544922
1784805846214067200,34.61761212348938,75.37844848632812
1784805846223986176,34.62753105163574,74.60015869140625
1784805846233906176,34.637451171875,73.76676177978516
1784805846243825152,34.64737010002136,72.88707733154297
1784805846253745152,34.65728998184204,71.95868682861328
1784805846263664128,34.66720914840698,71.03926849365234
1784805846273584128,34.67712903022766,70.1065902709961
1784805846283503104,34.68704795837402,69.12580871582031
1784805846293423104,34.69696807861328,68.1199722290039
1784805846303342080,34.706887006759644,67.12357330322266
1784805846313262336,34.7168071269989,66.12109375
1784805846323181056,34.726726055145264,65.10128021240234
1784805846333101312,34.73664617538452,64.06293487548828
1784805846343020288,34.746565103530884,63.008384704589844
1784805846352940032,34.75648498535156,61.908729553222656
1784805846362859264,34.766404151916504,60.77812194824219
1784805846372779008,34.77632403373718,59.66554260253906
1784805846382697984,34.786242961883545,58.555870056152344
1784805846392618240,34.7961630821228,57.46162414550781
1784805846402537216,34.806082010269165,56.382720947265625
1784805846412457216,34.81600213050842,55.324241638183594
1784805846422376192,34.825921058654785,54.24330139160156
1784805846432296192,34.83584117889404,53.13524627685547
1784805846442215168,34.845760107040405,52.03146743774414
1784805846452135168,34.855679988861084,50.89550018310547
1784805846462054144,34.865599155426025,49.69831085205078
1784805846471974144,34.875519037246704,48.796329498291016
1784805846481893120,34.885437965393066,47.48862838745117
1784805846491813120,34.895358085632324,46.274696350097656
1784805846501732096,34.90527701377869,45.14314270019531
1784805846511652352,34.915197134017944,44.049095153808594
1784805846521571072,34.92511606216431,42.943546295166016
1784805846531491328,34.935036182403564,41.838096618652344
1784805846541410304,34.94495511054993,40.7954216003418
1784805846551331328,34.9548761844635,39.77508544921875
1784805846561250304,34.96479511260986,38.69021987915039
1784805846571170048,34.97471499443054,37.56789779663086
1784805846581089280,34.98463416099548,36.508602142333984
1784805846591009024,34.99455404281616,35.493324279785156
1784805846600928000,35.004472970962524,34.49098205566406
1784805846610848256,35.01439309120178,33.44351577758789
1784805846620767232,35.024312019348145,32.36824035644531
1784805846630687232,35.0342321395874,31.31142807006836
1784805846640606208,35.044151067733765,30.328659057617188
1784805846650526208,35.05407118797302,29.40402603149414
1784805846660445184,35.063990116119385,28.519668579101562
1784805846670365184,35.07390999794006,27.58135986328125
1784805846680284160,35.083829164505005,26.69565200805664
1784805846690204160,35.093749046325684,26.006027221679688
1784805846700123136,35.103667974472046,25.336952209472656
1784805846710043136,35.113588094711304,24.589927673339844
1784805846719962112,35.123507022857666,23.842369079589844
1784805846729882368,35.133427143096924,23.07223892211914
1784805846739801088,35.143346071243286,21.622600555419922
1784805846749721088,35.153265953063965,20.453044891357422
1784805846759641088,35.16318607330322,19.218109130859375
1784805846769560064,35.173105001449585,18.034286499023438
1784805846779480320,35.18302512168884,16.878612518310547
1784805846789399040,35.192944049835205,15.722020149230957
1784805846799319296,35.20286417007446,14.628329277038574
1784805846809238272,35.212783098220825,13.553492546081543
1784805846819158016,35.222702980041504,12.485947608947754
1784805846829077248,35.232622146606445,11.443634986877441
1784805846838997248,35.242542028427124,10.377766609191895
1784805846848915968,35.252460956573486,9.283440589904785
1784805846858836224,35.262381076812744,8.204096794128418
1784805846868755200,35.272300004959106,7.136284828186035
1784805846878675200,35.282220125198364,6.023375511169434
1784805846888594176,35.29213905334473,4.891317367553711
1784805846898514176,35.302059173583984,3.763935089111328
1784805846908433152,35.31197810173035,2.6127090454101562
1784805846918353152,35.321897983551025,1.4657039642333984
1784805846928272128,35.33181715011597,0.3311452865600586
1784805846938192128,35.341737031936646,359.1719665527344
1784805846948111104,35.35165596008301,357.9172058105469
1784805846958031104,35.361576080322266,356.5591125488281
1784805846967950080,35.37149500846863,355.0776672363281
1784805846977870336,35.381415128707886,353.5295104980469
1784805846987789056,35.39133405685425,351.98907470703125
1784805846997709312,35.401254177093506,350.53778076171875
1784805847007628288,35.41117310523987,349.2111511230469
1784805847017548032,35.42109298706055,347.8786315917969
1784805847027467264,35.43101215362549,346.63665771484375
1784805847037387008,35.44093203544617,345.47357177734375
1784805847047305984,35.45085096359253,344.3389587402344
1784805847057226240,35.46077108383179,343.24267578125
1784805847067145216,35.47069001197815,342.2237854003906
1784805847077065216,35.48061013221741,341.3399658203125
1784805847086984192,35.49052906036377,340.5209655761719
1784805847096904192,35.50044918060303,339.6983947753906
1784805847106823168,35.51036810874939,338.85821533203125
1784805847116743168,35.52028799057007,337.994873046875
1784805847126662144,35.53020715713501,337.19146728515625
1784805847136582144,35.54012703895569,336.5006103515625
1784805847146501120,35.55004596710205,335.8548278808594
1784805847156421120,35.55996608734131,335.2314147949219
1784805847166340096,35.56988501548767,334.6197204589844
1784805847176260352,35.57980513572693,334.0431213378906
1784805847186179072,35.58972406387329,333.4717712402344
1784805847196099328,35.59964418411255,332.9342346191406
1784805847206018304,35.60956311225891,332.5212707519531
1784805847215938048,35.61948299407959,332.2554016113281
1784805847225857280,35.62940216064453,332.11572265625
1784805847235777024,35.63932204246521,332.0082702636719
1784805847245696000,35.64924097061157,331.82733154296875
1784805847255616256,35.65916109085083,331.55828857421875
1784805847265535232,35.66908001899719,331.2727966308594
1784805847275455232,35.67900013923645,331.0330810546875
1784805847285374208,35.68891906738281,330.90673828125
1784805847295294208,35.69883918762207,330.88348388671875
1784805847305213184,35.70875811576843,330.8994140625
1784805847315133184,35.71867799758911,330.94964599609375
1784805847325052160,35.72859716415405,331.03326416015625
1784805847334972160,35.73851704597473,331.1838073730469
1784805847344891136,35.748435974121094,331.3799133300781
1784805847354811136,35.75835609436035,331.5846252441406
1784805847364730112,35.768275022506714,331.7760925292969
1784805847374650112,35.77819514274597,332.0338439941406
1784805847384569088,35.788114070892334,332.4006652832031
1784805847394489088,35.79803395271301,332.8282165527344
1784805847404408320,35.807953119277954,333.1593933105469
1784805847414328064,35.81787300109863,333.4505920410156
1784805847424247296,35.827792167663574,333.6682434082031
1784805847434167040,35.83771204948425,333.83746337890625
1784805847444086016,35.847630977630615,333.681640625
1784805847454006272,35.85755109786987,333.68939208984375
1784805847463925248,35.867470026016235,334.0223083496094
1784805847473845248,35.87739014625549,334.26806640625
1784805847483764224,35.887309074401855,334.474853515625
1784805847493683968,35.897228956222534,334.6762390136719
1784805847503603200,35.907148122787476,334.8752136230469
1784805847513523200,35.917068004608154,335.02862548828125
1784805847523442176,35.926987171173096,335.1144104003906
1784805847533362176,35.936907052993774,335.18341064453125
1784805847543281152,35.94682598114014,335.2448425292969
1784805847553200128,35.95674514770508,335.30364990234375
1784805847563119104,35.96666407585144,335.43511962890625
1784805847573039360,35.9765841960907,335.6419677734375
1784805847582958336,35.98650312423706,335.9026184082031
1784805847592878080,35.99642300605774,336.1637268066406
1784805847602797312,36.00634217262268,336.3670349121094
1784805847612717056,36.01626205444336,336.47906494140625
1784805847622636288,36.0261812210083,336.4560852050781
1784805847632556288,36.03610110282898,336.38665771484375
1784805847642475008,36.04602003097534,336.400146484375
1784805847652395264,36.0559401512146,336.5295104980469
1784805847662314240,36.06585907936096,336.6166687011719
1784805847672234240,36.07577919960022,336.8133850097656
1784805847682153216,36.08569812774658,337.1455078125
1784805847692073216,36.09561800956726,337.28912353515625
1784805847701993216,36.10553812980652,337.3087158203125
1784805847711912192,36.11545705795288,337.2804260253906
1784805847721832192,36.12537717819214,337.13232421875
1784805847731751168,36.1352961063385,336.96173095703125
1784805847741671424,36.14521622657776,336.7980651855469
1784805847751590144,36.15513515472412,336.8417053222656
1784805847761510144,36.1650550365448,337.2286682128906
1784805847771429376,36.17497420310974,337.5681457519531
1784805847781349120,36.18489408493042,337.76910400390625
1784805847791268096,36.19481301307678,337.9817199707031
1784805847801188352,36.20473313331604,338.1694641113281
1784805847811107072,36.2146520614624,338.3020935058594
1784805847821027328,36.22457218170166,338.4210510253906
1784805847830946304,36.23449110984802,338.398193359375
1784805847840866304,36.24441123008728,338.31866455078125
1784805847850785280,36.25433015823364,338.1730651855469
1784805847860705024,36.26425004005432,337.964111328125
1784805847870624256,36.27416920661926,337.75103759765625
1784805847880544256,36.28408908843994,337.559814453125
1784805847890463232,36.294008016586304,337.398681640625
1784805847900383232,36.30392813682556,337.2857360839844
1784805847910302208,36.313847064971924,337.22998046875
1784805847920222208,36.32376718521118,337.22027587890625
1784805847930141184,36.333686113357544,337.28106689453125
1784805847940061184,36.34360599517822,337.3689880371094
1784805847949980160,36.353525161743164,337.43817138671875
1784805847959900160,36.36344504356384,337.44207763671875
1784805847969819392,36.373364210128784,337.399658203125
1784805847979739136,36.38328409194946,337.3636169433594
1784805847989658112,36.393203020095825,337.3831481933594
1784805847999578112,36.40312314033508,337.4481201171875
1784805848009497088,36.413042068481445,337.503662109375
1784805848019417344,36.4229621887207,337.5174865722656
1784805848029336320,36.432881116867065,337.5165100097656
1784805848039256064,36.442800998687744,337.4945068359375
1784805848049175296,36.452720165252686,337.4791259765625
1784805848059095040,36.462640047073364,337.500244140625
1784805848069014272,36.472559213638306,337.55029296875
1784805848078934272,36.482479095458984,337.6348876953125
1784805848088853248,36.49239802360535,337.7280578613281
1784805848098773248,36.502318143844604,337.7497863769531
1784805848108692224,36.51223707199097,337.68231201171875
1784805848118612224,36.522157192230225,337.57183837890625
1784805848128531200,36.53207612037659,337.3879089355469
1784805848138451200,36.541996002197266,337.15826416015625
1784805848148370176,36.55191516876221,336.9652099609375
1784805848158290176,36.561835050582886,336.78228759765625
1784805848168209408,36.57175421714783,336.5857238769531
1784805848178129152,36.581674098968506,336.38720703125
1784805848188048128,36.59159302711487,336.1444396972656
1784805848197968128,36.601513147354126,335.91290283203125
1784805848207887104,36.61143207550049,335.8037414550781
1784805848217807360,36.621352195739746,335.7835388183594
1784805848227726336,36.63127112388611,335.7601318359375
1784805848237646080,36.64119100570679,335.70904541015625
1784805848247565312,36.65111017227173,335.7877197265625
1784805848257485056,36.66103005409241,335.8674621582031
1784805848267404288,36.67094922065735,335.8973388671875
1784805848277324288,36.68086910247803,335.9284362792969
1784805848287243008,36.69078803062439,335.9654235839844
1784805848297163264,36.70070815086365,336.0335388183594
1784805848307082240,36.71062707901001,336.0593566894531
1784805848317002240,36.72054719924927,336.09503173828125
1784805848326921216,36.73046612739563,336.216552734375
1784805848336841216,36.74038600921631,336.40069580078125
1784805848346760192,36.75030517578125,336.5531311035156
1784805848356680192,36.76022505760193,336.661865234375
1784805848366599424,36.77014422416687,336.73614501953125
1784805848376519168,36.78006410598755,336.74664306640625
1784805848386438144,36.78998303413391,336.7265319824219
1784805848396358144,36.79990315437317,336.70526123046875
1784805848406277120,36.80982208251953,336.71221923828125
1784805848416197376,36.81974220275879,336.79718017578125
1784805848426116352,36.82966113090515,336.8818664550781
1784805848436036096,36.83958101272583,336.9260559082031
1784805848445955328,36.84950017929077,337.0167541503906
1784805848455875072,36.85942006111145,337.0615234375
1784805848465794304,36.86933922767639,336.9576721191406
1784805848475714304,36.87925910949707,336.82098388671875
1784805848485633024,36.88917803764343,336.73663330078125
1784805848495553280,36.89909815788269,336.68621826171875
1784805848505472256,36.90901708602905,336.63232421875
1784805848515392256,36.91893720626831,336.51611328125
1784805848525311232,36.92885613441467,336.3970031738281
1784805848535231232,36.93877601623535,336.2738037109375
1784805848545151232,36.94869613647461,336.2174377441406
1784805848555071232,36.95861625671387,336.2543029785156
1784805848564991232,36.968536138534546,336.33489990234375
1784805848574910464,36.97845530509949,336.4583435058594
1784805848584830208,36.988375186920166,336.6073303222656
1784805848594749184,36.99829411506653,336.7599792480469
1784805848604669440,37.008214235305786,336.8833312988281
1784805848614588160,37.01813316345215,336.9676818847656
1784805848624508416,37.028053283691406,337.10394287109375
1784805848634427392,37.03797221183777,337.26055908203125
1784805848644347136,37.04789209365845,337.39630126953125
1784805848654266368,37.05781126022339,337.5610046386719
1784805848664186112,37.06773114204407,337.6749267578125
1784805848674105344,37.07765030860901,337.7697448730469
1784805848684025344,37.08757019042969,337.8988342285156
1784805848693944320,37.09748911857605,338.0528869628906
1784805848703864320,37.10740923881531,338.0437316894531
1784805848713783296,37.11732816696167,337.8388977050781
1784805848723703296,37.12724828720093,337.7784118652344
1784805848733622272,37.13716721534729,337.9574279785156
1784805848743542272,37.14708709716797,338.1798400878906
1784805848753461248,37.15700626373291,338.28106689453125
1784805848763381248,37.16692614555359,338.22314453125
1784805848773300480,37.17684531211853,338.1279602050781
1784805848783220224,37.18676519393921,338.0392761230469
1784805848793139200,37.19668412208557,338.043212890625
1784805848803059456,37.20660424232483,337.9902038574219
1784805848812978176,37.21652317047119,337.8503723144531
1784805848822898432,37.22644329071045,337.7669372558594
1784805848832817408,37.23636221885681,337.8027648925781
1784805848842737152,37.24628210067749,337.9204406738281
1784805848852656384,37.25620126724243,338.0260925292969
1784805848862576128,37.26612114906311,338.0417785644531
1784805848872495104,37.27604007720947,337.9859619140625
1784805848882415360,37.28596019744873,337.8997802734375
1784805848892334336,37.29587912559509,337.8079833984375
1784805848902254336,37.30579924583435,337.72100830078125
1784805848912173312,37.31571817398071,337.6806335449219
1784805848922093312,37.32563829421997,337.7445068359375
1784805848932012288,37.33555722236633,337.78753662109375
1784805848941932288,37.34547710418701,337.8077392578125
1784805848951851264,37.35539627075195,337.8536376953125
1784805848961771264,37.36531615257263,337.9090270996094
1784805848971690240,37.375235080718994,337.96923828125
1784805848981610240,37.38515520095825,337.9996337890625
1784805848991529216,37.395074129104614,338.0155029296875
1784805849001449472,37.40499424934387,338.00946044921875
1784805849011368192,37.414913177490234,337.978515625
1784805849021288448,37.42483329772949,337.97454833984375
1784805849031207424,37.434752225875854,337.99102783203125
1784805849041127168,37.44467210769653,337.9951171875
1784805849051046400,37.454591274261475,337.988525390625
1784805849060966144,37.46451115608215,338.02191162109375
1784805849070885120,37.474430084228516,338.09521484375
1784805849080805376,37.48435020446777,338.1954345703125
1784805849090724352,37.494269132614136,338.2425842285156
1784805849100644352,37.504189252853394,338.1817932128906
1784805849110563328,37.514108180999756,338.17633056640625
1784805849120483328,37.524028301239014,338.1872253417969
1784805849130402304,37.533947229385376,338.18829345703125
1784805849140322304,37.543867111206055,338.2496643066406
1784805849150242304,37.55378723144531,338.371337890625
1784805849160161280,37.563706159591675,338.4463806152344
1784805849170081280,37.57362627983093,338.4112243652344
1784805849180000256,37.583545207977295,338.2536926269531
1784805849189920256,37.593465089797974,338.04644775390625
1784805849199839232,37.603384256362915,337.8238525390625
1784805849209759232,37.613304138183594,337.8180847167969
1784805849219678464,37.623223304748535,338.0164489746094
1784805849229598208,37.633143186569214,338.12615966796875
1784805849239517184,37.643062114715576,338.143310546875
1784805849249437440,37.652982234954834,338.14910888671875
1784805849259356160,37.662901163101196,338.1322326660156
1784805849269276416,37.672821283340454,338.0845642089844
1784805849279195392,37.682740211486816,338.04150390625
1784805849289115136,37.692660093307495,338.0426330566406
1784805849299034368,37.70257925987244,338.0631103515625
1784805849308954112,37.712499141693115,338.0767517089844
1784805849318873344,37.72241830825806,338.1014099121094
1784805849328793344,37.732338190078735,338.1376647949219
1784805849338712320,37.7422571182251,338.1703796386719
1784805849348632320,37.752177238464355,338.19659423828125
1784805849358551296,37.76209616661072,338.2057189941406
1784805849368471296,37.772016286849976,338.2205505371094
1784805849378390272,37.78193521499634,338.26092529296875
1784805849388310272,37.79185509681702,338.2999267578125
1784805849398229248,37.80177426338196,338.31475830078125
1784805849408149248,37.81169414520264,338.3059387207031
1784805849418068480,37.82161331176758,338.2904968261719
1784805849427988224,37.83153319358826,338.26690673828125
1784805849437907200,37.84145212173462,338.2239990234375
1784805849447827456,37.85137224197388,338.193115234375
1784805849457746176,37.86129117012024,338.19476318359375
1784805849467666432,37.8712112903595,338.08648681640625
1784805849477585408,37.88113021850586,337.9205322265625
1784805849487505152,37.89105010032654,337.8327941894531
1784805849497424384,37.90096926689148,337.72674560546875
1784805849507344128,37.91088914871216,337.64813232421875
1784805849517263104,37.92080807685852,337.6289978027344
1784805849527183360,37.93072819709778,337.5838928222656
1784805849537102336,37.94064712524414,337.43402099609375
1784805849547022336,37.9505672454834,337.2951965332031
1784805849556940544,37.96048545837402,337.1891174316406
1784805849566860544,37.9704053401947,337.0625915527344
1784805849576779264,37.980324268341064,336.944580078125
1784805849586699520,37.99024438858032,336.84405517578125
1784805849596618496,38.000163316726685,336.7758483886719
1784805849606538496,38.01008343696594,336.820556640625
1784805849616457472,38.020002365112305,336.9356384277344
1784805849626377472,38.02992224693298,337.01580810546875
1784805849636296448,38.039841413497925,336.9653015136719
1784805849646216448,38.0497612953186,336.7850036621094
1784805849656136448,38.05968141555786,336.5755615234375
1784805849666055424,38.069600343704224,336.339599609375
1784805849675975680,38.07952046394348,336.0261535644531
1784805849685894400,38.089439392089844,335.7469787597656
1784805849695814400,38.09935927391052,335.5152893066406
1784805849705733632,38.109278440475464,335.34130859375
1784805849715653376,38.11919832229614,335.2403869628906
1784805849725572352,38.129117250442505,335.16265869140625
1784805849735492352,38.13903737068176,335.07080078125
1784805849745411328,38.148956298828125,334.9268493652344
1784805849755331584,38.15887641906738,334.78570556640625
1784805849765250560,38.168795347213745,334.6769714355469
1784805849775170560,38.178715467453,334.5659484863281
1784805849785089536,38.188634395599365,334.3643798828125
1784805849795009280,38.198554277420044,334.01507568359375
1784805849804928512,38.208473443984985,333.5763854980469
1784805849814848512,38.218393325805664,333.16241455078125
1784805849824767232,38.228312253952026,332.7728576660156
1784805849834687488,38.238232374191284,332.4098815917969
1784805849844606464,38.24815130233765,332.1105651855469
1784805849854526464,38.258071422576904,331.8918762207031
1784805849864445440,38.26799035072327,331.7524719238281
1784805849874365696,38.277910470962524,331.661865234375
1784805849884284416,38.28782939910889,331.58892822265625
1784805849894204416,38.297749280929565,331.5419006347656
1784805849904123648,38.30766844749451,331.52581787109375
1784805849914043392,38.317588329315186,331.52740478515625
1784805849923962368,38.32750725746155,331.59796142578125
1784805849933882368,38.337427377700806,331.7767639160156
1784805849943801344,38.34734630584717,331.9383544921875
1784805849953721600,38.357266426086426,332.0788879394531
1784805849963640576,38.36718535423279,332.2190246582031
1784805849973560576,38.377105474472046,332.3958435058594
1784805849983479552,38.38702440261841,332.5771179199219
1784805849993399296,38.39694428443909,332.8144836425781
1784805850003318528,38.40686345100403,333.13330078125
1784805850013238528,38.41678333282471,333.4933166503906
1784805850023157248,38.42670226097107,333.86651611328125
1784805850033077504,38.43662238121033,334.201171875
1784805850042997248,38.446542263031006,334.5375061035156
1784805850052916480,38.45646142959595,334.8428039550781
1784805850062836480,38.466381311416626,335.07684326171875
1784805850072755456,38.47630047798157,335.2591552734375
1784805850082675456,38.486220359802246,335.4056091308594
1784805850092594432,38.49613928794861,335.53106689453125
1784805850102514432,38.506059408187866,335.6702880859375
1784805850112433408,38.51597833633423,335.79217529296875
1784805850122353664,38.525898456573486,335.8411865234375
1784805850132272384,38.53581738471985,335.8266296386719
1784805850142192384,38.54573726654053,335.7772521972656
1784805850152111616,38.55565643310547,335.71417236328125
1784805850162031360,38.56557631492615,335.66278076171875
1784805850171950336,38.57549524307251,335.64788818359375
1784805850181870336,38.58541536331177,335.6763610839844
1784805850191789312,38.59533429145813,335.69464111328125
1784805850201709568,38.60525441169739,335.6589050292969
1784805850211628544,38.61517333984375,335.57110595703125
1784805850221548544,38.62509346008301,335.4782409667969
1784805850231467520,38.63501238822937,335.4175720214844
1784805850241387264,38.64493227005005,335.40142822265625
1784805850251306496,38.65485143661499,335.4684753417969
1784805850261226496,38.66477131843567,335.58148193359375
1784805850271145216,38.67469024658203,335.61163330078125
1784805850281065472,38.68461036682129,335.6019592285156
1784805850290984448,38.69452929496765,335.6145935058594
1784805850300904448,38.70444941520691,335.6443176269531
1784805850310823424,38.71436834335327,335.70086669921875
1784805850320743680,38.72428846359253,335.7742004394531
1784805850330662400,38.73420739173889,335.8415832519531
1784805850340582400,38.74412727355957,335.8955383300781
1784805850350501632,38.75404644012451,335.92327880859375
1784805850360421376,38.76396632194519,335.915771484375
1784805850370340352,38.77388525009155,335.87664794921875
1784805850380260352,38.78380537033081,335.83599853515625
1784805850390179328,38.79372429847717,335.8368225097656
1784805850400099584,38.80364441871643,335.8853759765625
1784805850410018560,38.81356334686279,335.9510192871094
1784805850419938560,38.82348346710205,336.0263366699219
1784805850429857536,38.83340239524841,336.07525634765625
1784805850439777280,38.84332227706909,336.0829162597656
1784805850449696512,38.85324144363403,336.0718688964844
1784805850459616512,38.86316132545471,336.0785827636719
1784805850469535232,38.873080253601074,336.1014709472656
1784805850479455488,38.88300037384033,336.1431579589844
1784805850489374464,38.892919301986694,336.2021179199219
1784805850499294464,38.90283942222595,336.2464599609375
1784805850509213440,38.912758350372314,336.25433349609375
1784805850519133440,38.92267847061157,336.20697021484375
1784805850529052416,38.932597398757935,336.1186828613281
1784805850538972416,38.94251728057861,336.0298156738281
1784805850548891648,38.952436447143555,335.970458984375
1784805850558810880,38.962355852127075,335.9504089355469
1784805850568729856,38.97227478027344,335.974609375
1784805850578650112,38.982194900512695,336.0178527832031
1784805850588568832,38.99211382865906,336.0312805175781
1784805850598489088,39.002033948898315,335.9696044921875
1784805850608408064,39.01195287704468,335.8473205566406
1784805850618327808,39.021872758865356,335.732177734375
1784805850628247040,39.0317919254303,335.6745300292969
1784805850638166784,39.04171180725098,335.6933898925781
1784805850648086016,39.05163097381592,335.778076171875
1784805850658006016,39.0615508556366,335.8731384277344
1784805850667924992,39.07146978378296,335.9137268066406
1784805850677844992,39.08138990402222,335.902099609375
1784805850687763968,39.09130883216858,335.8558044433594
1784805850697683968,39.10122895240784,335.7801208496094
1784805850707603968,39.111148834228516,335.6690979003906
1784805850717522944,39.12106776237488,335.5052490234375
1784805850727442944,39.130987882614136,335.33837890625
1784805850737361920,39.1409068107605,335.3390808105469
1784805850747281920,39.150826930999756,335.50872802734375
1784805850757200896,39.16074585914612,335.6481018066406
1784805850767121152,39.170665979385376,335.7744140625
1784805850777040128,39.18058490753174,335.9531555175781
1784805850786959872,39.19050478935242,336.1398010253906
1784805850796879104,39.20042395591736,336.283203125
1784805850806798848,39.21034383773804,336.3866882324219
1784805850816717824,39.2202627658844,336.4390869140625
1784805850826638080,39.23018288612366,336.45794677734375
1784805850836556800,39.24010181427002,336.44305419921875
1784805850846477056,39.25002193450928,336.4259338378906
1784805850856396032,39.25994086265564,336.41009521484375
1784805850866315776,39.26986074447632,336.46392822265625
1784805850876235008,39.27977991104126,336.5402526855469
1784805850886155008,39.28969979286194,336.4934997558594
1784805850896073984,39.29961895942688,336.419921875
1784805850905993984,39.30953884124756,336.4781494140625
1784805850915912960,39.31945776939392,336.5061340332031
1784805850925832960,39.32937788963318,336.40679931640625
1784805850935751936,39.33929681777954,336.38238525390625
1784805850945671936,39.3492169380188,336.4337158203125
1784805850955590912,39.35913586616516,336.4813537597656
1784805850965510912,39.36905574798584,336.5062561035156
1784805850975429888,39.37897491455078,336.5600280761719
1784805850985349888,39.38889479637146,336.6134338378906
1784805850995269120,39.3988139629364,336.6116027832031
1784805851005188864,39.40873384475708,336.61236572265625
1784805851015107840,39.41865277290344,336.5543212890625
1784805851025028096,39.4285728931427,336.43017578125
1784805851034946816,39.43849182128906,336.3048095703125
1784805851044867072,39.44841194152832,336.2758483886719
1784805851054786048,39.45833086967468,336.29412841796875
1784805851064705792,39.46825075149536,336.2762451171875
1784805851074625024,39.4781699180603,336.2392272949219
1784805851084545024,39.48808979988098,336.2001037597656
1784805851094464000,39.49800896644592,336.0809326171875
1784805851104384000,39.5079288482666,335.9078674316406
1784805851114302976,39.517847776412964,335.8622741699219
1784805851124222976,39.52776789665222,335.9068603515625
1784805851134141952,39.537686824798584,335.9560852050781
1784805851144061952,39.54760694503784,336.07415771484375
1784805851153980928,39.557525873184204,336.35723876953125
1784805851163900928,39.56744575500488,336.7350158691406
1784805851173819904,39.577364921569824,337.0220031738281
1784805851183739904,39.5872848033905,337.1563720703125
1784805851193659136,39.597203969955444,337.1845703125
1784805851203578880,39.60712385177612,337.1432800292969
1784805851213497856,39.617042779922485,337.0545654296875
1784805851223418112,39.62696290016174,336.937744140625
1784805851233336832,39.636881828308105,336.8168640136719
1784805851243257088,39.64680194854736,336.7152404785156
1784805851253176064,39.656720876693726,336.6704406738281
1784805851263095808,39.666640758514404,336.7030029296875
1784805851273015040,39.676559925079346,336.7767333984375
1784805851282934784,39.686479806900024,336.80206298828125
1784805851292854016,39.696398973464966,336.7579345703125
1784805851302774016,39.706318855285645,336.68505859375
1784805851312692992,39.71623778343201,336.6061706542969
1784805851322612992,39.726157903671265,336.5343322753906
1784805851332531968,39.73607683181763,336.48126220703125
1784805851342451968,39.745996952056885,336.4651184082031
1784805851352370944,39.75591588020325,336.52410888671875
1784805851362290944,39.765835762023926,336.6640930175781
1784805851372209920,39.77575492858887,336.7797546386719
1784805851382129920,39.785674810409546,336.86376953125
1784805851392049152,39.79559397697449,336.92584228515625
1784805851401968896,39.805513858795166,336.98565673828125
1784805851411887872,39.81543278694153,337.0426940917969
1784805851421808128,39.825352907180786,337.08355712890625
1784805851431726848,39.83527183532715,337.09869384765625
1784805851441647104,39.845191955566406,337.0790710449219
1784805851451566080,39.85511088371277,337.009765625
1784805851461485824,39.86503076553345,336.8739013671875
1784805851471405056,39.87494993209839,336.7723083496094
1784805851481324800,39.88486981391907,336.7102966308594
1784805851491244032,39.89478898048401,336.7157897949219
1784805851501164032,39.90470886230469,336.80352783203125
1784805851511083008,39.91462779045105,336.92962646484375
1784805851521003008,39.92454791069031,337.0284423828125
1784805851530921984,39.93446683883667,337.0484924316406
1784805851540841984,39.94438695907593,336.98876953125
1784805851550760960,39.95430588722229,336.9173889160156
1784805851560681472,39.964226484298706,336.8457946777344
1784805851570600448,39.97414541244507,336.7716979980469
1784805851580520704,39.984065532684326,336.712646484375
1784805851590439680,39.99398446083069,336.67706298828125
1784805851600359424,40.00390434265137,336.649658203125
1784805851610278656,40.01382350921631,336.6341247558594
1784805851620198400,40.02374339103699,336.6264953613281
1784805851630117632,40.03366255760193,336.6201171875
1784805851640037632,40.04358243942261,336.63507080078125
1784805851649956352,40.05350136756897,336.6772155761719
1784805851659876608,40.06342148780823,336.7102966308594
1784805851669795584,40.07334041595459,336.7152099609375
1784805851679715584,40.08326053619385,336.696533203125
1784805851689634560,40.09317946434021,336.6634216308594
1784805851699554560,40.10309934616089,336.6112060546875
1784805851709473536,40.11301851272583,336.543212890625
1784805851719393536,40.12293839454651,336.4742126464844
1784805851729312768,40.13285756111145,336.4222106933594
1784805851739232512,40.14277744293213,336.3986511230469
1784805851749151488,40.15269637107849,336.3835144042969
1784805851759071488,40.16261649131775,336.3578796386719
1784805851768991488,40.17253637313843,336.31640625
1784805851778910720,40.18245553970337,336.2518005371094
1784805851788830464,40.19237542152405,336.1705627441406
1784805851798749440,40.20229434967041,336.0955810546875
1784805851808669440,40.21221446990967,336.0333557128906
1784805851818588416,40.22213339805603,335.9830627441406
1784805851828508672,40.23205351829529,335.94500732421875
1784805851838427648,40.24197244644165,335.9160461425781
1784805851848347392,40.25189232826233,335.87591552734375
1784805851858266624,40.26181149482727,335.82757568359375
1784805851868186368,40.27173137664795,335.80743408203125
1784805851878105600,40.28165054321289,335.8360290527344
1784805851888025600,40.29157042503357,335.9100646972656
1784805851897944576,40.30148935317993,336.01348876953125
1784805851907864576,40.31140947341919,336.10015869140625
1784805851917783552,40.32132840156555,336.13934326171875
1784805851927703552,40.33124852180481,336.13629150390625
1784805851937622528,40.34116744995117,336.1120910644531
1784805851947542528,40.35108733177185,336.106201171875
1784805851957461504,40.36100649833679,336.142333984375
1784805851967381504,40.37092638015747,336.2198181152344
1784805851977300736,40.38084554672241,336.3212890625
1784805851987220480,40.39076542854309,336.469970703125
1784805851997139456,40.40068435668945,336.6145324707031
1784805852007059456,40.41060447692871,336.731689453125
1784805852016978432,40.42052340507507,336.7743835449219
1784805852026898688,40.43044352531433,336.7879638671875
1784805852036817664,40.44036245346069,336.7925109863281
1784805852046737408,40.45028233528137,336.7732849121094
1784805852056656640,40.46020150184631,336.744384765625
1784805852066576384,40.47012138366699,336.7001037597656
1784805852076495616,40.480040550231934,336.6211242675781
1784805852086415616,40.48996043205261,336.50274658203125
1784805852096334336,40.499879360198975,336.3709716796875
1784805852106254592,40.50979948043823,336.2696838378906
1784805852116173568,40.519718408584595,336.23052978515625
1784805852126093568,40.52963852882385,336.2413635253906
1784805852136012544,40.539557456970215,336.2805480957031
1784805852145932544,40.549477338790894,336.32183837890625
1784805852155851520,40.559396505355835,336.3206481933594
1784805852165771520,40.569316387176514,336.2628479003906
1784805852175690752,40.579235553741455,336.18585205078125
1784805852185610496,40.589155435562134,336.1479187011719
1784805852195529472,40.599074363708496,336.1684875488281
1784805852205449472,40.608994483947754,336.2104187011719
1784805852215368448,40.618913412094116,336.2531433105469
1784805852225288704,40.628833532333374,336.282958984375
1784805852235208448,40.63875341415405,336.2859802246094
1784805852245127424,40.648672342300415,336.2696228027344
1784805852255047680,40.65859246253967,336.2628173828125
1784805852264966400,40.668511390686035,336.30059814453125
1784805852274886656,40.67843151092529,336.36419677734375
1784805852284805632,40.688350439071655,336.36517333984375
1784805852294725632,40.69827055931091,336.2943420410156
1784805852304644608,40.708189487457275,336.21649169921875
1784805852314564352,40.718109369277954,336.160888671875
1784805852324483584,40.728028535842896,336.1326599121094
1784805852334403584,40.737948417663574,336.15142822265625
1784805852344322560,40.74786734580994,336.2171630859375
1784805852354242560,40.757787466049194,336.3367004394531
1784805852364161536,40.76770639419556,336.5320129394531
1784805852374081536,40.777626514434814,336.792724609375
1784805852384000512,40.78754544258118,336.99969482421875
1784805852393920768,40.797465562820435,337.0273742675781
1784805852403839488,40.8073844909668,336.8494567871094
1784805852413759488,40.817304372787476,336.7001953125
1784805852423678720,40.82722353935242,336.6003112792969
1784805852433598464,40.837143421173096,336.28533935546875
1784805852443517440,40.84706234931946,335.8708801269531
1784805852453437440,40.856982469558716,335.5090026855469
1784805852463356416,40.86690139770508,335.16796875
1784805852473276672,40.876821517944336,334.7572326660156
1784805852483195648,40.8867404460907,334.20782470703125
1784805852493115392,40.89666032791138,333.6729736328125
1784805852503034624,40.90657949447632,333.078369140625
1784805852512954368,40.916499376297,332.4752502441406
1784805852522874624,40.926419496536255,331.8617248535156
1784805852532793600,40.93633842468262,331.23089599609375
1784805852542713600,40.946258544921875,330.6944885253906
1784805852552633344,40.956178188323975,330.2879333496094
1784805852562553344,40.96609830856323,330.0350036621094
1784805852572472320,40.976017236709595,329.9716491699219
1784805852582392320,40.98593711853027,330.1170959472656
1784805852592311296,40.995856285095215,330.410400390625
1784805852602231296,41.005776166915894,330.7591552734375
1784805852612150272,41.015695095062256,331.091064453125
1784805852622070272,41.025615215301514,331.3885498046875
1784805852631989248,41.035534143447876,331.67840576171875
1784805852641909248,41.045454263687134,331.9971618652344
1784805852651828224,41.055373191833496,332.3671875
1784805852661748480,41.065293312072754,332.7681884765625
1784805852671667456,41.075212240219116,333.09161376953125
1784805852681587200,41.085132122039795,333.388671875
1784805852691506432,41.095051288604736,333.67498779296875
1784805852701426176,41.104971170425415,333.9656066894531
1784805852711345152,41.11489009857178,334.1754455566406
1784805852721265408,41.124810218811035,334.250732421875
1784805852731184128,41.1347291469574,334.23388671875
1784805852741104384,41.144649267196655,334.1981201171875
1784805852751024128,41.154569149017334,334.24041748046875
1784805852760943104,41.164488077163696,334.32366943359375
1784805852770863360,41.174408197402954,334.39068603515625
1784805852780782336,41.184327125549316,334.4076232910156
1784805852790702336,41.194247245788574,334.34686279296875
1784805852800621312,41.20416617393494,334.2189636230469
1784805852810541312,41.214086294174194,334.0854797363281
1784805852820460288,41.22400522232056,334.0101013183594
1784805852830380288,41.233925104141235,334.0155029296875
1784805852840299264,41.24384427070618,334.094970703125
1784805852850219264,41.253764152526855,334.2200927734375
1784805852860138240,41.26368308067322,334.3717956542969
1784805852870058240,41.273603200912476,334.4902648925781
1784805852879977216,41.28352212905884,334.5942077636719
1784805852889897472,41.293442249298096,334.7096252441406
1784805852899816192,41.30336117744446,334.7947082519531
1784805852909736448,41.313281297683716,334.8633728027344
1784805852919655424,41.32320022583008,334.9150695800781
1784805852929575168,41.33312010765076,334.92645263671875
1784805852939494400,41.3430392742157,334.8941650390625
1784805852949414144,41.35295915603638,334.8401794433594
1784805852959334400,41.362879276275635,334.7808532714844
1784805852969253376,41.372798204422,334.7196960449219
1784805852979173120,41.382718086242676,334.6832275390625
1784805852989092352,41.39263725280762,334.69915771484375
1784805852999012352,41.402557134628296,334.8010559082031
1784805853008931328,41.41247630119324,334.9826354980469
1784805853018851328,41.422396183013916,335.04620361328125
1784805853028770304,41.43231511116028,335.00439453125
1784805853038690304,41.442235231399536,334.9751892089844
1784805853048609280,41.4521541595459,334.9496154785156
1784805853058529280,41.462074279785156,334.93084716796875
1784805853068448256,41.47199320793152,335.04351806640625
1784805853078368256,41.4819130897522,335.3154602050781
1784805853088287232,41.49183225631714,335.5082092285156
1784805853098207232,41.50175213813782,335.5746765136719
1784805853108126464,41.51167130470276,335.58477783203125
1784805853118046208,41.52159118652344,335.57373046875
1784805853127965184,41.5315101146698,335.5690612792969
1784805853137885440,41.54143023490906,335.5888366699219
1784805853147804160,41.55134916305542,335.6108093261719
1784805853157724416,41.56126928329468,335.60888671875
1784805853167644160,41.571189165115356,335.5827331542969
1784805853177563136,41.58110809326172,335.5443115234375
1784805853187483392,41.59102821350098,335.5140380859375
1784805853197402112,41.60094714164734,335.4916687011719
1784805853207322368,41.6108672618866,335.4928283691406
1784805853217241344,41.62078619003296,335.4783935546875
1784805853227161344,41.63070631027222,335.4244079589844
1784805853237080320,41.64062523841858,335.3109130859375
1784805853247000320,41.65054512023926,335.134033203125
1784805853256919296,41.6604642868042,334.96502685546875
1784805853266839296,41.67038416862488,334.9107971191406
1784805853276758272,41.68030309677124,334.88916015625
1784805853286678272,41.6902232170105,334.8172912597656
1784805853296597248,41.70014214515686,334.7589111328125
1784805853306517248,41.71006226539612,334.79705810546875
1784805853316436224,41.71998119354248,334.9222412109375
1784805853326356480,41.72990131378174,335.0440368652344
1784805853336275456,41.7398202419281,335.1222229003906
1784805853346195200,41.74974012374878,335.13336181640625
1784805853356115456,41.75966024398804,335.17584228515625
1784805853366034176,41.7695791721344,335.213623046875
1784805853375954432,41.77949929237366,335.182373046875
1784805853385873408,41.78941822052002,335.1634216308594
1784805853395793152,41.7993381023407,335.1583557128906
1784805853405712384,41.80925726890564,335.0892333984375
1784805853415632128,41.81917715072632,334.9530334472656
1784805853425551104,41.82909607887268,334.8200988769531
1784805853435471360,41.83901619911194,334.7724914550781
1784805853445390336,41.8489351272583,334.8437805175781
1784805853455310336,41.85885524749756,334.99371337890625
1784805853465229312,41.86877417564392,335.20660400390625
1784805853475149312,41.87869429588318,335.4045104980469
1784805853485068288,41.88861322402954,335.5365905761719
1784805853494988288,41.89853310585022,335.6544494628906
1784805853504907264,41.90845227241516,335.7510070800781
1784805853514827264,41.91837215423584,335.8793640136719
1784805853524746240,41.9282910823822,336.0378723144531
1784805853534666240,41.93821120262146,336.2073669433594
1784805853544586240,41.94813108444214,336.4535217285156
1784805853554503424,41.95804834365845,336.73272705078125
1784805853564423424,41.967968225479126,336.9339599609375
1784805853574342144,41.97788715362549,337.0721740722656
1784805853584262400,41.987807273864746,337.2354736328125
1784805853594181376,41.99772620201111,337.2823486328125
1784805853604101376,42.007646322250366,337.1299133300781
1784805853614020352,42.01756525039673,336.6156005859375
1784805853623940352,42.02748513221741,335.64007568359375
1784805853633859328,42.03740429878235,334.5706787109375
1784805853643779328,42.04732418060303,333.57916259765625
1784805853653698560,42.05724334716797,332.5870361328125
1784805853663618304,42.06716322898865,331.7310791015625
1784805853673537280,42.07708215713501,331.0774230957031
1784805853683457280,42.08700227737427,330.7075500488281
1784805853693376256,42.09692120552063,330.5768737792969
1784805853703296512,42.10684132575989,330.4938659667969
1784805853713216256,42.116761207580566,330.39410400390625
1784805853723135232,42.12668013572693,330.2012634277344
1784805853733055232,42.13660025596619,330.0157165527344
1784805853742974208,42.14651918411255,329.9056091308594
1784805853752894464,42.15643930435181,329.86456298828125
1784805853762813440,42.16635823249817,329.9175109863281
1784805853772733440,42.17627835273743,330.08416748046875
1784805853782652416,42.18619728088379,330.31427001953125
1784805853792572160,42.19611716270447,330.6018981933594
1784805853802491392,42.20603632926941,331.0417175292969
1784805853812411392,42.21595621109009,331.6398010253906
1784805853822330112,42.22587513923645,332.3359680175781
1784805853832250368,42.23579525947571,333.01043701171875
1784805853842170112,42.24571514129639,333.673583984375
1784805853852089344,42.25563430786133,333.95709228515625
1784805853862009344,42.26555418968201,334.0007019042969
1784805853871928576,42.27547335624695,333.96246337890625
1784805853881848320,42.28539323806763,333.7076721191406
1784805853891767296,42.29531216621399,333.759765625
1784805853901687296,42.30523228645325,334.1082458496094
1784805853911606272,42.31515121459961,334.3233642578125
1784805853921526528,42.32507133483887,334.4194030761719
1784805853931445248,42.33499026298523,334.47344970703125
1784805853941365248,42.34491014480591,334.4725036621094
1784805853951284480,42.35482931137085,334.4422302246094
1784805853961204224,42.36474919319153,334.40252685546875
1784805853971123200,42.37466812133789,334.3633728027344
1784805853981043456,42.38458824157715,334.3525695800781
1784805853990963200,42.39450812339783,334.37420654296875
1784805854000882432,42.40442728996277,334.4186706542969
1784805854010802176,42.41434717178345,334.4581298828125
1784805854020721408,42.42426633834839,334.4962463378906
1784805854030641408,42.43418622016907,334.53204345703125
1784805854040560128,42.44410514831543,334.5516357421875
1784805854050480384,42.45402526855469,334.5580139160156
1784805854060399360,42.46394419670105,334.5582275390625
1784805854070319360,42.47386431694031,334.5563049316406
1784805854080238336,42.48378324508667,334.5555419921875
1784805854090158336,42.49370312690735,334.5604553222656
1784805854100077312,42.50362229347229,334.55535888671875
1784805854109997312,42.51354217529297,334.53033447265625
1784805854119917312,42.52346229553223,334.5145568847656
1784805854129836288,42.53338122367859,334.50885009765625
1784805854139756544,42.54330134391785,334.4986267089844
1784805854149675264,42.55322027206421,334.4928283691406
1784805854159595264,42.56314015388489,334.5061340332031
1784805854169514496,42.57305932044983,334.54132080078125
1784805854179434240,42.58297920227051,334.5760192871094
1784805854189353216,42.59289813041687,334.603271484375
1784805854199273472,42.60281825065613,334.6209716796875
1784805854209192192,42.61273717880249,334.6513977050781
1784805854219112448,42.62265729904175,334.6641540527344
1784805854229031424,42.63257622718811,334.650634765625
1784805854238951424,42.64249634742737,334.6094055175781
1784805854248870400,42.65241527557373,334.5191650390625
1784805854258790144,42.66233515739441,334.37738037109375
1784805854268710400,42.67225527763367,334.19744873046875
1784805854278629376,42.68217420578003,334.0210876464844
1784805854288549376,42.69209432601929,333.8623352050781
1784805854298468352,42.70201325416565,333.827392578125
1784805854308388352,42.71193313598633,333.9165344238281
1784805854318307328,42.72185230255127,334.0751953125
1784805854328227328,42.73177218437195,334.2088623046875
1784805854338146560,42.74169135093689,334.2996520996094
1784805854348066304,42.75161123275757,334.349853515625
1784805854357985280,42.76153016090393,334.3711242675781
1784805854367905280,42.77145028114319,334.3844909667969
1784805854377824256,42.78136920928955,334.4084167480469
1784805854387744512,42.79128932952881,334.44329833984375
1784805854397664256,42.80120921134949,334.47674560546875
1784805854407583232,42.81112813949585,334.50213623046875
1784805854417503232,42.82104825973511,334.5491638183594
1784805854427422208,42.83096718788147,334.6492004394531
1784805854437342464,42.84088730812073,334.7354736328125
1784805854447261440,42.85080623626709,334.7947082519531
1784805854457181184,42.86072611808777,334.8200378417969
1784805854467100416,42.87064528465271,334.8003234863281
1784805854477020160,42.88056516647339,334.74505615234375
1784805854486939392,42.89048433303833,334.6689758300781
1784805854496859392,42.90040421485901,334.5753479003906
1784805854506779392,42.91032433509827,334.48309326171875
1784805854516698368,42.92024326324463,334.40631103515625
1784805854526618368,42.93016314506531,334.3591613769531
1784805854536537344,42.94008231163025,334.3504943847656
1784805854546457344,42.95000219345093,334.3591613769531
1784805854556377088,42.959922075271606,334.3672790527344
1784805854566297344,42.969842195510864,334.3616027832031
1784805854576216320,42.97976112365723,334.3106994628906
1784805854586136064,42.989681005477905,334.21051025390625
1784805854596055296,42.99960017204285,334.09722900390625
1784805854605975040,43.009520053863525,333.99957275390625
1784805854615894272,43.01943922042847,333.9502868652344
1784805854625814272,43.029359102249146,333.9726867675781
1784805854635734272,43.0392792224884,334.05548095703125
1784805854645653248,43.049198150634766,334.17193603515625
1784805854655573248,43.059118032455444,334.29217529296875
1784805854665492224,43.069037199020386,334.3936767578125
1784805854675412224,43.078957080841064,334.47509765625
1784805854685331200,43.08887600898743,334.5360412597656
1784805854695251200,43.098796129226685,334.5845642089844
1784805854705170176,43.10871505737305,334.6369934082031
1784805854715090176,43.118635177612305,334.6781311035156
1784805854725009152,43.12855410575867,334.6965026855469
1784805854734929408,43.138474225997925,334.6856994628906
1784805854744849152,43.1483941078186,334.69189453125
1784805854754768128,43.158313035964966,334.74871826171875
1784805854764688128,43.168233156204224,334.8357238769531
1784805854774607104,43.178152084350586,334.9398193359375
1784805854784527360,43.188072204589844,335.0464172363281
1784805854794446336,43.197991132736206,335.1261901855469
1784805854804366080,43.207911014556885,335.1462097167969
1784805854814285312,43.217830181121826,335.1072692871094
1784805854824205056,43.227750062942505,335.03997802734375
1784805854834124288,43.237669229507446,334.9660339355469
1784805854844044288,43.247589111328125,334.85205078125
1784805854853964032,43.257508993148804,334.7113342285156
1784805854863883264,43.267428159713745,334.61669921875
1784805854873803264,43.277348041534424,334.5995788574219
1784805854883722240,43.287267208099365,334.6173400878906
1784805854893642240,43.297187089920044,334.632080078125
1784805854903561216,43.307106018066406,334.6647033691406
1784805854913481216,43.317026138305664,334.73724365234375
1784805854923400192,43.326945066452026,334.8292541503906
1784805854933320192,43.336865186691284,334.9165344238281
1784805854943239168,43.34678411483765,334.9804992675781
1784805854953159168,43.356703996658325,334.9930114746094
1784805854963079168,43.36662411689758,334.9645690917969
1784805854972998144,43.376543045043945,334.946044921875
1784805854982918144,43.3864631652832,334.9377746582031
1784805854992837120,43.396382093429565,334.93817138671875
1784805855002757376,43.40630221366882,334.9432678222656
1784805855012676352,43.416221141815186,334.9338684082031
1784805855022596096,43.426141023635864,334.909423828125
1784805855032515328,43.436060190200806,334.8688659667969
1784805855042435072,43.445980072021484,334.8077087402344
1784805855052354048,43.45589900016785,334.75421142578125
1784805855062274304,43.465819120407104,334.74774169921875
1784805855072194048,43.47573900222778,334.7658386230469
1784805855082113280,43.485658168792725,334.7857971191406
1784805855092033024,43.4955780506134,334.8001403808594
1784805855101952256,43.505497217178345,334.80401611328125
1784805855111872256,43.51541709899902,334.7945251464844
1784805855121791232,43.525336027145386,334.7483215332031
1784805855131711232,43.535256147384644,334.6810607910156
1784805855141630208,43.545175075531006,334.6683654785156
1784805855151550208,43.555095195770264,334.6697692871094
1784805855161469184,43.565014123916626,334.6961669921875
1784805855171389184,43.574934005737305,334.74884033203125
1784805855181309184,43.58485412597656,334.7792663574219
1784805855191228160,43.594773054122925,334.7735900878906
1784805855201148160,43.60469317436218,334.73406982421875
1784805855211067136,43.614612102508545,334.67706298828125
1784805855220987392,43.6245322227478,334.63671875
1784805855230906368,43.634451150894165,334.6159362792969
1784805855240826112,43.644371032714844,334.61907958984375
1784805855250745344,43.654290199279785,334.65057373046875
1784805855260665088,43.664210081100464,334.7029113769531
1784805855270585344,43.67413020133972,334.7603454589844
1784805855280504320,43.684049129486084,334.8042907714844
1784805855290424064,43.69396901130676,334.8267517089844
1784805855300343296,43.703888177871704,334.83233642578125
1784805855310263040,43.71380805969238,334.8216857910156
1784805855320182272,43.723727226257324,334.7976989746094
1784805855330102272,43.733647108078,334.7656555175781
1784805855340021248,43.743566036224365,334.7387390136719
1784805855349941248,43.75348615646362,334.7198181152344
1784805855359861248,43.7634060382843,334.7130432128906
1784805855369780224,43.77332520484924,334.7125549316406
1784805855379700224,43.78324508666992,334.7181701660156
1784805855389619200,43.793164014816284,334.7450256347656
1784805855399539200,43.80308413505554,334.7917785644531
1784805855409458176,43.813003063201904,334.8477783203125
1784805855419378176,43.82292318344116,334.89154052734375
1784805855429297152,43.832842111587524,334.9245300292969
1784805855439217152,43.8427619934082,334.9178161621094
1784805855449136384,43.852681159973145,334.93243408203125
1784805855459056128,43.86260104179382,334.984619140625
1784805855468976384,43.87252116203308,335.0453186035156
1784805855478895104,43.88244009017944,335.12615966796875
1784805855488815360,43.8923602104187,335.2510681152344
1784805855498734336,43.90227913856506,335.35369873046875
1784805855508654080,43.91219902038574,335.3851013183594
1784805855518573312,43.922118186950684,335.3399353027344
1784805855528493056,43.93203806877136,335.21966552734375
1784805855538412032,43.941956996917725,335.0365295410156
1784805855548332288,43.95187711715698,334.8164978027344
1784805855558251776,43.96179676055908,334.586669921875
1784805855568171008,43.97171592712402,334.3751525878906
1784805855578091008,43.9816358089447,334.2601013183594
1784805855588009728,43.991554737091064,334.2095947265625
1784805855597929984,44.00147485733032,334.1221008300781
1784805855607848960,44.011393785476685,334.048095703125
1784805855617768960,44.02131390571594,334.26727294921875
1784805855627687936,44.031232833862305,334.7690734863281
1784805855637607936,44.04115271568298,335.0061340332031
1784805855647527936,44.05107283592224,334.989013671875
1784805855657446912,44.0609917640686,334.9516906738281
1784805855667366912,44.07091188430786,334.9045104980469
1784805855677285888,44.080830812454224,334.8714294433594
1784805855687206144,44.09075093269348,334.90045166015625
1784805855697124864,44.100669860839844,334.9541015625
1784805855707044864,44.11058974266052,334.98272705078125
1784805855716964096,44.120508909225464,334.9921569824219
1784805855726883840,44.13042879104614,334.99114990234375
1784805855736804096,44.1403489112854,334.9690856933594
1784805855746722816,44.15026783943176,334.92926025390625
1784805855756642816,44.16018772125244,334.88360595703125
1784805855766562048,44.17010688781738,334.85076904296875
1784805855776481792,44.18002676963806,334.84930419921875
1784805855786401024,44.189945936203,334.8778381347656
1784805855796321024,44.19986581802368,334.906982421875
1784805855806241024,44.20978593826294,334.91558837890625
1784805855816160000,44.2197048664093,334.88897705078125
1784805855826079744,44.22962474822998,334.8246765136719
1784805855835998976,44.23954391479492,334.7489929199219
1784805855845918976,44.2494637966156,334.7007141113281
1784805855855837696,44.25938272476196,334.69769287109375
1784805855865757952,44.26930284500122,334.7339782714844
1784805855875676928,44.27922177314758,334.77960205078125
1784805855885596928,44.28914189338684,334.79962158203125
1784805855895516928,44.29906177520752,334.78741455078125
1784805855905435904,44.30898070335388,334.74566650390625
1784805855915355904,44.31890082359314,334.68890380859375
1784805855925274880,44.3288197517395,334.6436767578125
1784805855935194880,44.33873987197876,334.6274108886719
1784805855945113856,44.34865880012512,334.6285095214844
1784805855955034112,44.35857892036438,334.6287536621094
1784805855964952832,44.36849784851074,334.62225341796875
1784805855974872832,44.37841773033142,334.6197814941406
1784805855984792832,44.38833785057068,334.6282653808594
1784805855994711808,44.39825677871704,334.63812255859375
1784805856004632064,44.4081768989563,334.6356201171875
1784805856014551040,44.41809582710266,334.6344299316406
1784805856024470784,44.42801570892334,334.6594543457031
1784805856034390016,44.43793487548828,334.6914978027344
1784805856044309760,44.44785475730896,334.701904296875
1784805856054230016,44.45777487754822,334.6866149902344
1784805856064148992,44.46769380569458,334.6522216796875
1784805856074068992,44.47761392593384,334.60211181640625
1784805856083987968,44.4875328540802,334.5509948730469
1784805856093907712,44.49745273590088,334.51165771484375
1784805856103826944,44.50737190246582,334.4994812011719
1784805856113746944,44.5172917842865,334.51953125
1784805856123665920,44.52721071243286,334.5600280761719
1784805856133585920,44.53713083267212,334.5860900878906
1784805856143505920,44.5470507144928,334.5879821777344
1784805856153424896,44.55696988105774,334.56585693359375
1784805856163344896,44.56688976287842,334.5285339355469
1784805856173264128,44.57680892944336,334.49322509765625
1784805856183183872,44.58672881126404,334.47900390625
1784805856193102848,44.5966477394104,334.4912414550781
1784805856203022848,44.60656785964966,334.51025390625
1784805856212942848,44.61648774147034,334.5354309082031
1784805856222862080,44.62640690803528,334.5672912597656
1784805856232781824,44.63632678985596,334.587158203125
1784805856242700800,44.64624571800232,334.6088562011719
1784805856252621056,44.65616583824158,334.652587890625
1784805856262539776,44.66608476638794,334.7032470703125
1784805856272460032,44.6760048866272,334.7392578125
1784805856282379776,44.685924768447876,334.7528076171875
1784805856292299008,44.69584393501282,334.7382507324219
1784805856302219008,44.705763816833496,334.7002868652344
1784805856312137728,44.71568274497986,334.6427001953125
1784805856322057984,44.725602865219116,334.5770568847656
1784805856331976960,44.73552179336548,334.51995849609375
1784805856341896960,44.745441913604736,334.47467041015625
1784805856351815936,44.7553608417511,334.4505920410156
1784805856361735936,44.76528072357178,334.4352722167969
1784805856371655936,44.775200843811035,334.4313659667969
1784805856381574912,44.7851197719574,334.464111328125
1784805856391494912,44.795039892196655,334.4996337890625
1784805856401413888,44.80495882034302,334.5103759765625
1784805856411333888,44.814878702163696,334.5328674316406
1784805856421252864,44.82479786872864,334.5538635253906
1784805856431172864,44.834717750549316,334.54864501953125
1784805856441092864,44.844637870788574,334.5203857421875
1784805856451011840,44.85455679893494,334.47576904296875
1784805856460932096,44.864476919174194,334.4449157714844
1784805856470851072,44.87439584732056,334.4561767578125
1784805856480770816,44.884315729141235,334.5298767089844
1784805856490690048,44.89423489570618,334.64697265625
1784805856500609792,44.904154777526855,334.7674255371094
1784805856510530048,44.91407489776611,334.86297607421875
1784805856520449024,44.923993825912476,334.8987731933594
1784805856530368768,44.933913707733154,334.9065856933594
1784805856540288000,44.943832874298096,334.9069519042969
1784805856550207744,44.953752756118774,334.9013366699219
1784805856560128512,44.96367335319519,334.9037780761719
1784805856570048256,44.97359323501587,334.9029541015625
1784805856579968512,44.98351335525513,334.8853454589844
1784805856589887488,44.99343228340149,334.8633117675781
1784805856599807488,45.00335240364075,334.8454284667969
1784805856609726464,45.01327133178711,334.8351745605469
1784805856619646208,45.02319121360779,334.83978271484375
1784805856629565440,45.03311038017273,334.8555603027344
1784805856639485440,45.04303026199341,334.8951110839844
1784805856649405440,45.052950382232666,334.9476623535156
1784805856659324416,45.06286931037903,334.99591064453125
1784805856669244416,45.072789430618286,335.026611328125
1784805856679163392,45.08270835876465,335.0389404296875
1784805856689083392,45.09262824058533,335.0426330566406
1784805856699002624,45.10254740715027,335.039306640625
1784805856708922368,45.11246728897095,335.0348205566406
1784805856718842624,45.122387409210205,335.037841796875
1784805856728761344,45.13230633735657,335.0628967285156
1784805856738681344,45.142226219177246,335.10931396484375
1784805856748600576,45.15214538574219,335.14208984375
1784805856758520320,45.162065267562866,335.15399169921875
1784805856768439552,45.17198443412781,335.144287109375
1784805856778359296,45.181904315948486,335.11578369140625
1784805856788279552,45.191824436187744,335.0818176269531
1784805856798198528,45.201743364334106,335.055908203125
1784805856808118272,45.211663246154785,335.0374450683594
1784805856818037504,45.22158241271973,335.0244140625
1784805856827957504,45.231502294540405,335.0248107910156
1784805856837876224,45.24142122268677,335.0135803222656
1784805856847796480,45.251341342926025,334.994384765625
1784805856857716224,45.261261224746704,334.9852600097656
1784805856867635456,45.271180391311646,334.9814758300781
1784805856877555456,45.281100273132324,334.9839172363281
1784805856887474432,45.291019439697266,334.99041748046875
1784805856897394432,45.300939321517944,335.0129699707031
1784805856907313408,45.31085824966431,335.0472106933594
1784805856917233408,45.320778369903564,335.0649108886719
1784805856927153408,45.33069825172424,335.0606689453125
1784805856937072640,45.340617418289185,335.05859375
1784805856946992384,45.35053730010986,335.0657043457031
1784805856956911360,45.360456228256226,335.08648681640625
1784805856966831360,45.37037634849548,335.1233825683594
1784805856976751360,45.38029623031616,335.164794921875
1784805856986670592,45.3902153968811,335.1947326660156
1784805856996590336,45.40013527870178,335.20263671875
1784805857006509312,45.410054206848145,335.1930847167969
1784805857016429312,45.4199743270874,335.1784973144531
1784805857026348288,45.429893255233765,335.17327880859375
1784805857036268544,45.43981337547302,335.18121337890625
1784805857046188288,45.4497332572937,335.1865539550781
1784805857056107520,45.45965242385864,335.1670227050781
1784805857066027520,45.46957230567932,335.116455078125
1784805857075946240,45.479491233825684,335.0433349609375
1784805857085866496,45.48941135406494,334.9806213378906
1784805857095785472,45.499330282211304,334.9631652832031
1784805857105705472,45.50925040245056,334.9996032714844
1784805857115625472,45.51917028427124,335.06365966796875
1784805857125544192,45.5290892124176,335.1365661621094
1784805857135464448,45.53900933265686,335.1866760253906
1784805857145383424,45.54892826080322,335.18634033203125
1784805857155303424,45.55884838104248,335.1521301269531
1784805857165222400,45.56876730918884,335.1160583496094
1784805857175142400,45.5786874294281,335.1091003417969
1784805857185062400,45.58860731124878,335.1428527832031
1784805857194981376,45.59852623939514,335.20306396484375
1784805857204901376,45.6084463596344,335.264404296875
1784805857214820352,45.61836528778076,335.3055114746094
1784805857224740608,45.62828540802002,335.3125305175781
1784805857234659328,45.63820433616638,335.2826843261719
1784805857244579328,45.64812421798706,335.2187194824219
1784805857254499328,45.65804433822632,335.1589660644531
1784805857264418304,45.66796326637268,335.1142578125
1784805857274338560,45.67788338661194,335.08245849609375
1784805857284257536,45.6878023147583,335.0431823730469
1784805857294177536,45.69772243499756,334.958984375
1784805857304097536,45.70764231681824,334.8644104003906
1784805857314016256,45.7175612449646,334.8058776855469
1784805857323936512,45.72748136520386,334.81103515625
1784805857333855488,45.73740029335022,334.8997802734375
1784805857343775488,45.74732041358948,335.0439453125
1784805857353694464,45.75723934173584,335.177978515625
1784805857363614208,45.76715922355652,335.2446594238281
1784805857373534464,45.777079343795776,335.2314453125
1784805857383453440,45.78699827194214,335.1539001464844
1784805857393373440,45.7969183921814,335.044921875
1784805857403292416,45.80683732032776,334.9497375488281
1784805857413212416,45.81675720214844,334.8869323730469
1784805857423132416,45.826677322387695,334.8627624511719
1784805857433051392,45.83659625053406,334.8577880859375
1784805857442971392,45.846516370773315,334.8471984863281
1784805857452890368,45.85643529891968,334.8155517578125
1784805857462810624,45.866355419158936,334.7595520019531
1784805857472729344,45.8762743473053,334.66595458984375
1784805857482649344,45.88619422912598,334.5562438964844
1784805857492569344,45.896114349365234,334.4496154785156
1784805857502488320,45.9060332775116,334.3620910644531
1784805857512408576,45.915953397750854,334.2798156738281
1784805857522327296,45.92587232589722,334.1934814453125
1784805857532247296,45.935792207717896,334.1064758300781
1784805857542166528,45.94571137428284,334.0291748046875
1784805857552086272,45.955631256103516,333.97509765625
1784805857562006528,45.96555137634277,333.9512023925781
1784805857571925760,45.975470542907715,333.9598693847656
1784805857581845504,45.985390424728394,333.9648132324219
1784805857591764480,45.995309352874756,333.9097595214844
1784805857601684480,46.005229473114014,333.8240051269531
1784805857611604480,46.01514935493469,333.80078125
1784805857621523712,46.025068521499634,333.8857116699219
1784805857631443456,46.03498840332031,333.9513854980469
1784805857641362432,46.044907331466675,334.0067138671875
1784805857651282432,46.05482745170593,334.1053771972656
1784805857661202432,46.06474733352661,334.2312316894531
1784805857671121664,46.07466650009155,334.34765625
1784805857681041408,46.08458638191223,334.436279296875
1784805857690960640,46.09450554847717,334.471923828125
1784805857700880640,46.10442543029785,334.447509765625
1784805857710799360,46.114344358444214,334.3785095214844
1784805857720719616,46.12426447868347,334.25341796875
1784805857730639360,46.13418436050415,334.0777587890625
1784805857740558592,46.14410352706909,333.8954162597656
